traj,s1,s2,s3,s4,s5,s6,s7,s8,s9,s10,s11,s12,s13,s14,s15,s16,s17,s18,s19,s20
0,1.52621531,-3.29055119,-2.23262453,-0.794974327,-1.34282029,0.411157638,5.43902254,-2.46487355,2.12330985,3.19088888,6.00221157,-1.56475067,-1.0126313,1.64748156,5.77584791,-1.59298408,0.281735599,1.17579293,2.85428929,4.08822107
1,1.47976673,-3.30667496,-2.21521354,-0.802640617,-1.33986425,0.431031853,5.43367195,-2.47948194,2.13536572,3.25229645,5.99068022,-1.62322438,-0.985606194,1.65650225,5.78387403,-1.60805655,0.29784891,1.18901598,2.88081193,4.10585785
2,1.43288338,-3.32214236,-2.1980679,-0.810210168,-1.33692718,0.450993121,5.4279933,-2.49438763,2.14693642,3.31365728,5.97814417,-1.68178606,-0.958253264,1.66594493,5.79168558,-1.62315226,0.314051479,1.20241427,2.90741777,4.1230545
3,1.38548899,-3.33696198,-2.18113613,-0.817704737,-1.33399475,0.471126288,5.42192554,-2.50968432,2.15801167,3.3749826,5.9645896,-1.74040484,-0.930587828,1.67583656,5.79926014,-1.63827717,0.330335289,1.21598852,2.93414044,4.13984251
4,1.33759177,-3.35109639,-2.16445971,-0.825116813,-1.33109426,0.491309315,5.41555023,-2.52525854,2.16859937,3.43617797,5.95004702,-1.79903376,-0.90267992,1.68611526,5.80663395,-1.65343535,0.346694261,1.22973406,2.96099329,4.15620899
5,1.28930783,-3.36456776,-2.14805651,-0.832424581,-1.32819426,0.511693776,5.40877008,-2.54126382,2.17864895,3.49735975,5.93448973,-1.85771585,-0.874406517,1.69698822,5.81371164,-1.6686461,0.363171339,1.24370384,2.98794079,4.17210627
6,1.24051261,-3.37736964,-2.13188362,-0.83965975,-1.32531559,0.532179773,5.40163755,-2.55760837,2.18819642,3.55840516,5.91792345,-1.9163872,-0.84591043,1.70827234,5.82057333,-1.68391097,0.379723579,1.25784564,3.01501918,4.18758392
7,1.19132531,-3.38950753,-2.11599231,-0.846794188,-1.3224473,0.552812815,5.39411974,-2.57434273,2.19721484,3.61933565,5.90035295,-1.97504115,-0.81717509,1.72003293,5.8271966,-1.69919932,0.396336257,1.27216542,3.04218197,4.20259428
8,1.14168823,-3.40096641,-2.10036922,-0.853840947,-1.31960154,0.573542655,5.3862524,-2.59141922,2.20571041,3.68010807,5.88178921,-2.0336442,-0.78823626,1.73226726,5.83357191,-1.71455824,0.413041353,1.28668284,3.06946707,4.21714354
9,1.09163177,-3.41173387,-2.08502722,-0.860791266,-1.31677115,0.594414711,5.3780036,-2.6088922,2.21365929,3.74073362,5.86222553,-2.0922091,-0.759063363,1.74502218,5.83968592,-1.72997642,0.429832071,1.30141163,3.09688067,4.2312212
10,1.04119217,-3.42183733,-2.06997538,-0.867643714,-1.31395888,0.615391314,5.36938381,-2.62672496,2.2210784,3.8011713,5.84167814,-2.1506691,-0.729762673,1.75823236,5.8455615,-1.74543321,0.4466919,1.31633353,3.12438273,4.24480295
11,0.990394294,-3.43126416,-2.05523133,-0.874391735,-1.31116426,0.636490285,5.36039114,-2.64493752,2.22793007,3.86142612,5.82012653,-2.20908928,-0.700237334,1.77197754,5.851161,-1.76097095,0.463626862,1.33145034,3.15197635,4.25788546
12,0.939162612,-3.44001245,-2.04074502,-0.881055593,-1.30838764,0.657714486,5.35100126,-2.66354322,2.23423433,3.92147565,5.79759407,-2.26738214,-0.670614064,1.78619087,5.85651636,-1.77654684,0.480618507,1.34676683,3.17969513,4.2704792
13,0.887576282,-3.44807053,-2.02657461,-0.887614846,-1.30563021,0.679064155,5.3412261,-2.68254662,2.23996949,3.98130155,5.77408457,-2.32555556,-0.64084971,1.80094111,5.86158371,-1.79223657,0.497706801,1.36229777,3.20752454,4.28256321
14,0.835669875,-3.45545125,-2.01271844,-0.894065797,-1.30288434,0.700559378,5.33104181,-2.70197034,2.24512076,4.04091644,5.74958897,-2.38361907,-0.610951245,1.81624687,5.86636305,-1.80798554,0.514869094,1.37805867,3.23544931,4.29410315
15,0.783392727,-3.46217179,-1.99914384,-0.900428236,-1.30016136,0.722155929,5.32047415,-2.72177005,2.24970579,4.10025263,5.72413683,-2.44150448,-0.581020474,1.83200312,5.87089348,-1.82380283,0.532069564,1.39398801,3.26346064,4.30513811
16,0.730815411,-3.46819639,-1.98590815,-0.906677902,-1.29745734,0.743888795,5.30949068,-2.74199414,2.25369,4.1593399,5.69771814,-2.49925375,-0.55098629,1.84833169,5.87512207,-1.83972454,0.54936707,1.41016686,3.29158878,4.31561565
17,0.677888572,-3.47352839,-1.97297502,-0.912830055,-1.29477489,0.765736818,5.29810953,-2.76262069,2.25707912,4.21813726,5.67035103,-2.55682755,-0.520913899,1.86516869,5.87907314,-1.85571754,0.566712141,1.42655492,3.31983042,4.3255558
18,0.624704719,-3.47820234,-1.96036673,-0.918876231,-1.29211187,0.787707508,5.28632593,-2.78365946,2.25986576,4.27662992,5.64204741,-2.61420012,-0.490818888,1.88254333,5.88273096,-1.87181854,0.584118724,1.44314706,3.34814024,4.334939
19,0.571198702,-3.48218608,-1.94806063,-0.924822628,-1.28945851,0.809849381,5.27407789,-2.8051672,2.26203156,4.3348341,5.61280727,-2.6713624,-0.460730076,1.90046537,5.88607216,-1.88800085,0.601596355,1.45998943,3.3765738,4.34374952
20,0.517451644,-3.48549914,-1.93610764,-0.93065685,-1.28683484,0.832059622,5.26145887,-2.82703686,2.26358509,4.39268064,5.58265829,-2.72830415,-0.430662364,1.91890073,5.88913631,-1.90427589,0.619126797,1.4770509,3.40508747,4.35197306
21,0.463401496,-3.48814702,-1.92445004,-0.93639797,-1.28422749,0.854429483,5.24837685,-2.84937239,2.26449943,4.45022345,5.55155611,-2.78505874,-0.400599092,1.93788946,5.89187002,-1.9206953,0.636719346,1.49431646,3.43368721,4.35963631
22,0.409145057,-3.4901011,-1.91314459,-0.942024827,-1.28164315,0.876893938,5.23489904,-2.87209964,2.2647934,4.50734568,5.51961517,-2.84150815,-0.370654702,1.95735765,5.89433622,-1.93716502,0.654342532,1.51182234,3.46239042,4.36669064
23,0.354665995,-3.49139738,-1.90216899,-0.947545648,-1.27908206,0.899488151,5.22098589,-2.89526963,2.26442909,4.56412506,5.486763,-2.89773107,-0.340745687,1.97742581,5.89644861,-1.9537878,0.672042251,1.52956772,3.49117184,4.37314367
24,0.299927443,-3.49202323,-1.89149904,-0.952970684,-1.27653706,0.922236979,5.20660114,-2.9189086,2.26340961,4.62053156,5.45305061,-2.95367432,-0.310966969,1.99801385,5.89823532,-1.9705056,0.68977946,1.54754186,3.52004957,4.37899494
25,0.244975626,-3.49195313,-1.88119113,-0.958283007,-1.27402091,0.945055723,5.19181538,-2.94291973,2.26174307,4.67649031,5.4184804,-3.00933218,-0.281308562,2.01911283,5.89970589,-1.98735869,0.707583189,1.56576955,3.54902983,4.38420677
26,0.189893872,-3.49125004,-1.87120962,-0.963488281,-1.27151966,0.968032241,5.17656374,-2.96741009,2.25939751,4.73204422,5.38309669,-3.0646708,-0.251816392,2.04075933,5.90085554,-2.00429511,0.725401878,1.58422554,3.57806802,4.38879585
27,0.134582922,-3.48986936,-1.86155105,-0.968593657,-1.26904142,0.991138041,5.16084194,-2.99234772,2.25636888,4.78716469,5.34686899,-3.11973739,-0.222460672,2.06294441,5.90165186,-2.02139401,0.743287325,1.60293007,3.60720634,4.39275312
28,0.0791237801,-3.48780966,-1.85223663,-0.973590076,-1.26659143,1.01434338,5.14469814,-3.01770377,2.25266647,4.84181309,5.30986452,-3.17445064,-0.193324715,2.08563852,5.90212393,-2.03859878,0.761195958,1.62187779,3.63643479,4.39606524
29,0.0235398319,-3.48512268,-1.84325564,-0.978480697,-1.26415575,1.03769851,5.1280632,-3.04353166,2.24825597,4.89601278,5.27206993,-3.22883129,-0.164386675,2.10890698,5.90221119,-2.05596209,0.779167652,1.64108944,3.66571712,4.39870787
30,-0.0321858227,-3.48177767,-1.83459663,-0.983270466,-1.26174974,1.06113696,5.11100149,-3.06975484,2.24317098,4.949687,5.23353815,-3.28286529,-0.135719836,2.1325841,5.90202665,-2.07340407,0.797125518,1.6605041,3.69507289,4.40071487
31,-0.0880387574,-3.4777863,-1.82628429,-0.987953007,-1.25936651,1.08471406,5.09344196,-3.09644747,2.23735023,5.00291681,5.1942091,-3.33658481,-0.10725572,2.15687466,5.90141773,-2.09103179,0.815159917,1.68021441,3.72450757,4.40202332
32,-0.144003049,-3.4731245,-1.81830049,-0.992528915,-1.25700378,1.10844052,5.07538795,-3.12362146,2.23080564,5.05563498,5.15416193,-3.38993549,-0.079075709,2.1816659,5.90046263,-2.10878825,0.833211243,1.7001822,3.75403571,4.4026556
33,-0.20004274,-3.46783257,-1.81064713,-0.997001767,-1.25466716,1.13226974,5.05686903,-3.15121865,2.22354388,5.1077981,5.1134243,-3.44291258,-0.0511956997,2.20692492,5.89916754,-2.12667727,0.851270795,1.72037423,3.78361225,4.40261745
34,-0.256156385,-3.46191716,-1.80331683,-1.00137246,-1.25235164,1.15622437,5.03787374,-3.17926478,2.21554422,5.15942335,5.07203388,-3.49546504,-0.0236447919,2.2327435,5.89745474,-2.14473319,0.869380355,1.74085891,3.81325221,4.40186691
35,-0.312304288,-3.45536208,-1.7963326,-1.00563312,-1.2500658,1.18026829,5.01840878,-3.20771861,2.20681095,5.21048784,5.02996969,-3.54765654,0.00357883144,2.25902295,5.895401,-2.16290832,0.887500763,1.76161075,3.8429606,4.40039968
36,-0.368523926,-3.44817495,-1.78965366,-1.00979495,-1.24779618,1.20449495,4.99839449,-3.23669672,2.19729757,5.26099825,4.98724794,-3.59946322,0.030474456,2.28582573,5.89294529,-2.18126631,0.905634046,1.78260517,3.87272692,4.39824343
37,-0.424734503,-3.44038773,-1.78331494,-1.01385105,-1.24555683,1.22880161,4.97791624,-3.26607323,2.18704414,5.31092215,4.94392824,-3.65085721,0.0569662973,2.31306434,5.89013863,-2.19973493,0.92377001,1.8038702,3.90253711,4.39535189
38,-0.481031001,-3.43192887,-1.77728748,-1.01780546,-1.24334252,1.25323772,4.95692444,-3.29590178,2.17601919,5.36022997,4.90002823,-3.70182252,0.0830683112,2.34078979,5.88692284,-2.21837735,0.941928983,1.82542193,3.93244815,4.39173079
39,-0.537224174,-3.42291784,-1.77159977,-1.0216527,-1.24115562,1.27776122,4.9354701,-3.32613373,2.1642313,5.40892744,4.85558081,-3.75235963,0.108763926,2.36901236,5.88330555,-2.23719096,0.960106313,1.84724927,3.96236181,4.38737154
40,-0.59346652,-3.41328192,-1.76619613,-1.02540386,-1.23898709,1.30246055,4.91343164,-3.35687828,2.15163398,5.45700073,4.81057692,-3.80248499,0.134028211,2.39764047,5.8793273,-2.25613642,0.978248715,1.86930132,3.99233103,4.38229561
41,-0.649670184,-3.40304422,-1.7611208,-1.02905178,-1.23684776,1.32725513,4.89090347,-3.38802981,2.13825583,5.50443268,4.76506758,-3.85216618,0.158845708,2.42674232,5.87492561,-2.2752521,0.996414006,1.89166772,4.02235889,4.37644291
42,-0.705782235,-3.39222884,-1.75635433,-1.0325954,-1.23473406,1.35215998,4.86787176,-3.41960979,2.12408376,5.55120564,4.71911335,-3.90139008,0.183189288,2.45629168,5.87012196,-2.29451561,1.01456821,1.91431367,4.0524168,4.36983585
43,-0.761914313,-3.38081384,-1.75187206,-1.03604579,-1.2326442,1.37721217,4.84425831,-3.4516623,2.10907149,5.59732389,4.67262936,-3.95020938,0.207084715,2.48627806,5.8648901,-2.3139658,1.03271866,1.93722141,4.08251619,4.3624692
44,-0.817895114,-3.36883974,-1.74771023,-1.0393889,-1.23057961,1.40235925,4.82016134,-3.48411059,2.09327364,5.64274454,4.62578535,-3.99853492,0.230453342,2.5166707,5.85926676,-2.33354998,1.05084693,1.9604224,4.11264181,4.35432291
45,-0.873777032,-3.35626101,-1.74387026,-1.04262352,-1.22854745,1.42758274,4.79556942,-3.51693225,2.07667446,5.6874485,4.57854843,-4.04640198,0.253313333,2.5474577,5.85323477,-2.35331035,1.06897449,1.98392868,4.1428237,4.34538507
46,-0.929587841,-3.34314442,-1.7402817,-1.04576945,-1.22653019,1.45301175,4.7703414,-3.55029416,2.05918765,5.73147202,4.53092384,-4.09381533,0.27565977,2.57869935,5.84674549,-2.37324739,1.08707285,2.00770712,4.17302036,4.33567476
47,-0.985240519,-3.32947683,-1.7370038,-1.04881036,-1.22454679,1.47850752,4.74461699,-3.58401132,2.04088378,5.77477217,4.48293686,-4.14078093,0.297478646,2.61032677,5.8398428,-2.39335585,1.10515022,2.031775,4.2032299,4.32516813
48,-1.04081619,-3.31524491,-1.73398805,-1.05175853,-1.22258568,1.50415552,4.71829271,-3.61819172,2.02170515,5.81734324,4.43461704,-4.18728018,0.318747282,2.64234781,5.83248711,-2.41363811,1.12320161,2.0561347,4.23347092,4.3138504
49,-1.09613979,-3.30053544,-1.73125851,-1.05460334,-1.220644,1.52991283,4.69143867,-3.65276265,2.00169349,5.85915279,4.38605118,-4.23329926,0.339432716,2.67468095,5.82476425,-2.43404102,1.14118671,2.08074498,4.2636776,4.30175829
50,-1.15135968,-3.28520608,-1.7288264,-1.0573442,-1.2187407,1.55573428,4.66408253,-3.68767333,1.98086512,5.90018034,4.33729267,-4.27880859,0.359506696,2.70733118,5.81660795,-2.45459986,1.15914989,2.10570312,4.29397392,4.28881025
51,-1.20637894,-3.26941895,-1.72663581,-1.05999589,-1.21686184,1.58169746,4.63613033,-3.72302341,1.95912206,5.94046164,4.28824902,-4.32386303,0.379039824,2.74046731,5.80791378,-2.47542071,1.17710686,2.13095689,4.324224,4.2750597
52,-1.261168,-3.25311947,-1.72471154,-1.06254494,-1.21499813,1.60780585,4.60758018,-3.75878739,1.93651819,5.97992945,4.23906088,-4.36843348,0.397936732,2.77378464,5.79891348,-2.49629521,1.19494677,2.15645075,4.35447645,4.26051044
53,-1.31579411,-3.23629165,-1.72304022,-1.06499791,-1.21316242,1.63402855,4.57845306,-3.79494405,1.9130162,6.01860619,4.18969631,-4.41252184,0.416237921,2.807513,5.78937531,-2.5174067,1.21277821,2.18228841,4.38474464,4.24509573
54,-1.37018394,-3.21897483,-1.72162795,-1.06735408,-1.2113589,1.66035354,4.54875422,-3.83146787,1.88862562,6.05647087,4.14018106,-4.45614386,0.433925867,2.84153271,5.77941656,-2.53868937,1.23054421,2.20840144,4.41499758,4.22886229
55,-1.42428148,-3.2012043,-1.72045732,-1.06961119,-1.2095772,1.68678141,4.51849365,-3.86834168,1.86335802,6.09350729,4.09058762,-4.49927187,0.450969875,2.87582278,5.76903677,-2.56008959,1.2482245,2.23481226,4.44522572,4.21179056
56,-1.47814655,-3.18295121,-1.71952009,-1.07177389,-1.20781612,1.71335173,4.48762846,-3.90560746,1.83718598,6.12969875,4.04099131,-4.54190063,0.46736303,2.91038728,5.75820684,-2.58165288,1.26583612,2.26152611,4.47544575,4.19386482
57,-1.53172314,-3.16422963,-1.71882105,-1.07383597,-1.20608449,1.74002504,4.45616913,-3.9432199,1.81009972,6.16504192,3.9913218,-4.58405733,0.483121037,2.9452529,5.74690056,-2.60339975,1.28338623,2.28856444,4.50565386,4.17507887
58,-1.58500874,-3.14507914,-1.71834219,-1.07580662,-1.20437264,1.76682627,4.4241066,-3.9811902,1.78209841,6.19951391,3.94168019,-4.62571812,0.498220742,2.98037291,5.73513889,-2.62532353,1.30085492,2.31588173,4.53580999,4.15545607
59,-1.63799787,-3.12548327,-1.71808612,-1.07768154,-1.2026906,1.79370868,4.39149141,-4.01944733,1.75321245,6.23310471,3.89207339,-4.66689014,0.51265651,3.01571441,5.72293758,-2.64740133,1.3182317,2.34349513,4.56593561,4.13496685
60,-1.69065857,-3.1054616,-1.71804488,-1.07945907,-1.20103049,1.82071459,4.35825682,-4.05804968,1.72339308,6.26581335,3.84252429,-4.70759487,0.526431203,3.05129123,5.7102828,-2.66963124,1.33551466,2.37141466,4.59602165,4.11361504
61,-1.74300742,-3.08500338,-1.71821201,-1.08114064,-1.19939566,1.8478452,4.32439661,-4.09698057,1.69263756,6.29761171,3.79309678,-4.74780798,0.539528787,3.08708596,5.69715357,-2.69203138,1.35270679,2.39965463,4.6260829,4.09138012
62,-1.79498816,-3.06417847,-1.71856952,-1.08273232,-1.19778478,1.87507093,4.28995466,-4.1361928,1.66096449,6.32849884,3.74381113,-4.78754187,0.55195415,3.12310982,5.6835494,-2.71458483,1.36979377,2.42820072,4.65606928,4.06827211
63,-1.84661281,-3.04294634,-1.71911871,-1.08422625,-1.1961925,1.90244079,4.25486708,-4.17572594,1.62835193,6.35844088,3.69472003,-4.82678986,0.56369561,3.15925622,5.66955519,-2.73727322,1.38674438,2.45699573,4.68600273,4.04432821
64,-1.89782071,-3.02135181,-1.71986425,-1.08562326,-1.19462204,1.92990553,4.21917915,-4.21551991,1.59479749,6.38746452,3.64581227,-4.86556911,0.574755311,3.19565749,5.65502453,-2.76013279,1.40360236,2.48616815,4.71588039,4.0194521
65,-1.94871938,-2.99934864,-1.72077703,-1.0869292,-1.19307923,1.95747638,4.18286467,-4.25557852,1.56030941,6.41552639,3.59711647,-4.90388966,0.585135877,3.2321682,5.64006948,-2.78314924,1.42033386,2.5156002,4.74569464,3.99370766
66,-1.99916232,-2.97700286,-1.72188032,-1.08813763,-1.19156027,1.98513174,4.14598036,-4.29584885,1.52491939,6.44262314,3.54873896,-4.94171047,0.59481287,3.26881838,5.62466192,-2.80629253,1.43693101,2.54535842,4.7754426,3.96706629
67,-2.04916883,-2.9543705,-1.72313356,-1.08925891,-1.19005859,2.01290965,4.10845661,-4.33636999,1.48857105,6.46874762,3.50064898,-4.97908211,0.603811324,3.30560398,5.6088047,-2.82958102,1.45338213,2.57537794,4.80506039,3.93957949
68,-2.09878087,-2.93138504,-1.72453976,-1.09028769,-1.18857932,2.04082775,4.07024193,-4.37716389,1.45123005,6.49387884,3.45286775,-5.01600552,0.612128139,3.34252357,5.59247684,-2.85301971,1.46968865,2.60570073,4.83460808,3.9111824
69,-2.14792585,-2.90807247,-1.72610307,-1.09121656,-1.1871165,2.06885672,4.03140879,-4.41815519,1.41294968,6.51799631,3.40548539,-5.05245352,0.619759619,3.37959409,5.57564402,-2.87661862,1.48585594,2.63636374,4.864079,3.88187361
70,-2.19662118,-2.88445544,-1.72780824,-1.09205317,-1.18566954,2.09702039,3.99191308,-4.45937204,1.37370515,6.54109573,3.35854626,-5.08844376,0.626704752,3.41675735,5.5583539,-2.90036178,1.50186801,2.66732764,4.89345837,3.85167766
71,-2.24483705,-2.86054826,-1.72966766,-1.0927974,-1.18425894,2.12520337,3.95190692,-4.5006547,1.3335979,6.56318378,3.31199718,-5.12397718,0.632956386,3.45396805,5.54062366,-2.92423463,1.51771808,2.69858408,4.92272091,3.82057953
72,-2.29261279,-2.83638072,-1.73163044,-1.09345591,-1.18285692,2.15355301,3.91116405,-4.54216576,1.29248285,6.58421803,3.26589823,-5.15909386,0.638541043,3.49120259,5.52249479,-2.94821858,1.53337753,2.73006463,4.95184135,3.78862834
73,-2.33981562,-2.81194711,-1.73373234,-1.09401059,-1.18146741,2.18202949,3.86976504,-4.58384562,1.25038898,6.60420752,3.22033572,-5.19375515,0.643438578,3.52861929,5.50378895,-2.9723587,1.5488764,2.76196575,4.98088646,3.75569701
74,-2.38656807,-2.78727841,-1.73593771,-1.09448421,-1.18010557,2.21056724,3.82778478,-4.62559223,1.20739532,6.62313843,3.17527747,-5.2279892,0.647665441,3.56602097,5.4846611,-2.99662471,1.56418884,2.79409313,5.00976419,3.72190523
75,-2.43273187,-2.76239562,-1.73826349,-1.09486079,-1.17875552,2.23921227,3.78518796,-4.66742945,1.16348803,6.6409936,3.13083506,-5.26177454,0.651215613,3.6034379,5.46511698,-3.0209837,1.57929409,2.82652283,5.03851557,3.68722463
76,-2.47843194,-2.73728561,-1.74068046,-1.09515285,-1.17742753,2.26799512,3.74185443,-4.70941591,1.11854565,6.65774727,3.08687544,-5.29518509,0.654119432,3.64093161,5.44506407,-3.04552674,1.59421098,2.85920787,5.06709909,3.65165591
77,-2.52352381,-2.71197677,-1.74320066,-1.09534597,-1.17610943,2.29685521,3.69794846,-4.75141335,1.07273102,6.67341614,3.0436008,-5.32814789,0.656348646,3.67841315,5.42456961,-3.07014346,1.60891783,2.892241,5.09556293,3.61514235
78,-2.56807947,-2.68645096,-1.74581039,-1.09544587,-1.17480218,2.32586622,3.65333652,-4.79350805,1.02594316,6.68794298,3.0010221,-5.36070108,0.657938719,3.71589875,5.40363312,-3.09488392,1.62340009,2.92553973,5.12388659,3.57774806
79,-2.61211491,-2.66074705,-1.74848938,-1.09546101,-1.17351615,2.35492826,3.60813832,-4.83556223,0.978265762,6.70136833,2.95907807,-5.39285755,0.658872783,3.75333691,5.38224268,-3.11972594,1.63766706,2.95910692,5.15202093,3.53943777
80,-2.65551138,-2.63494563,-1.75125146,-1.09539056,-1.17224646,2.38409829,3.56229568,-4.8776288,0.929657102,6.71365929,2.91780782,-5.42464209,0.659178793,3.79073834,5.3604722,-3.14466143,1.65168869,2.99290299,5.17994928,3.5003016
81,-2.69830942,-2.60895348,-1.75409031,-1.0952208,-1.1709888,2.41336417,3.5158205,-4.91966677,0.880126178,6.72480536,2.87732339,-5.45600367,0.658838272,3.82820463,5.33808947,-3.16976643,1.66550517,3.02710009,5.20774508,3.4601655
82,-2.74051404,-2.5828464,-1.75698054,-1.09496439,-1.16973746,2.44277477,3.46862984,-4.96170568,0.829634607,6.73476458,2.83760285,-5.48700905,0.657890022,3.86557937,5.31535959,-3.19492245,1.67904294,3.06149769,5.23534107,3.41918397
83,-2.78216219,-2.55656719,-1.75992489,-1.09461617,-1.16850007,2.4723134,3.4207201,-5.00372458,0.77815485,6.74352932,2.79863381,-5.51765537,0.656326771,3.90296841,5.29207468,-3.22024179,1.69235098,3.09620786,5.26275396,3.37724686
84,-2.82312274,-2.53026128,-1.76290905,-1.09418285,-1.16726351,2.50193024,3.37226057,-5.0455904,0.725877643,6.75112724,2.7605598,-5.54791355,0.654169917,3.9402287,5.26846075,-3.24558997,1.70537043,3.13113141,5.28994131,3.33449769
85,-2.86344194,-2.50388193,-1.76595271,-1.09366632,-1.16605318,2.53158569,3.32321191,-5.08729744,0.67272222,6.75756836,2.72322774,-5.57783842,0.651397884,3.97741222,5.24437761,-3.27103901,1.71813834,3.1663332,5.31689167,3.29084373
86,-2.90313172,-2.47739196,-1.7690208,-1.09305346,-1.16484523,2.56139636,3.27344728,-5.1289196,0.618623555,6.76275778,2.68684316,-5.60739756,0.64805156,4.01458597,5.21977997,-3.29661393,1.73062646,3.20183039,5.34365702,3.24627113
87,-2.94212914,-2.45087862,-1.77213228,-1.09235585,-1.16364717,2.59128022,3.22307372,-5.17034626,0.563677311,6.76675606,2.65130353,-5.63663149,0.644124687,4.05160856,5.19481993,-3.32221794,1.7428205,3.23756981,5.37017918,3.20081663
88,-2.98047805,-2.42432547,-1.77525365,-1.09157038,-1.16244566,2.62130666,3.17199755,-5.21162224,0.50780803,6.76948261,2.61670136,-5.66553116,0.639646292,4.08859777,5.16936445,-3.34795117,1.75472176,3.27353978,5.39645386,3.15452123
89,-3.01818275,-2.39771032,-1.77840042,-1.09069729,-1.16125524,2.65144038,3.12025738,-5.25269175,0.451064229,6.77095366,2.58305192,-5.69411469,0.63461858,4.12546349,5.14348412,-3.37375402,1.76632416,3.30977678,5.4225111,3.10729718
90,-3.05519724,-2.37113547,-1.78154147,-1.08974791,-1.1600697,2.68164802,3.06793118,-5.29348135,0.393514484,6.77119875,2.55037618,-5.72238445,0.629053056,4.16217375,5.11723042,-3.39957237,1.77759838,3.34619856,5.44827271,3.05925798
91,-3.0914607,-2.34454727,-1.78472805,-1.08870375,-1.15889978,2.71185827,3.01512432,-5.33390284,0.335239828,6.77023697,2.51858759,-5.75033426,0.622932255,4.19880533,5.09046125,-3.42551398,1.78858662,3.38295937,5.47379875,3.01027513
92,-3.12703657,-2.31799173,-1.78789711,-1.08757651,-1.1577214,2.74225593,2.9615407,-5.37411213,0.276038229,6.76793242,2.48787785,-5.7779994,0.616322756,4.23530817,5.06331682,-3.45149636,1.79922402,3.41988969,5.49905205,2.96048117
93,-3.16188169,-2.29148555,-1.79106593,-1.08636665,-1.15655136,2.77272892,2.90734959,-5.41398096,0.216022894,6.76435041,2.45814562,-5.80537701,0.609192789,4.2717185,5.03567171,-3.47757411,1.80953813,3.45707297,5.52400827,2.90982103
94,-3.19604707,-2.26500249,-1.79422033,-1.08507133,-1.1553762,2.80331826,2.8525064,-5.45349884,0.155208662,6.75945854,2.42948651,-5.83247709,0.601589322,4.30794144,5.00767088,-3.50367165,1.81949866,3.49443793,5.54869032,2.8583138
95,-3.22951531,-2.2385695,-1.79735684,-1.08369541,-1.15420341,2.8340137,2.79700017,-5.49264717,0.0935679078,6.75324011,2.40187049,-5.85932398,0.593507111,4.34403563,4.97922993,-3.5298295,1.82910931,3.53201509,5.57307196,2.80593824
96,-3.26217985,-2.21224689,-1.80048168,-1.08223403,-1.15302742,2.8647809,2.74094844,-5.53133869,0.0312291235,6.74572468,2.37534833,-5.8858881,0.584964573,4.37999487,4.95036173,-3.55603385,1.83835697,3.56982017,5.59715462,2.75274467
97,-3.2940805,-2.18602085,-1.80359221,-1.0806911,-1.15185428,2.8956244,2.68430305,-5.56957769,-0.0318582393,6.73689413,2.34989595,-5.91219902,0.575955451,4.41582441,4.92101908,-3.58230591,1.84724593,3.60787439,5.62092781,2.69867516
98,-3.32522821,-2.15992308,-1.80667496,-1.07907116,-1.15067863,2.92653656,2.62709069,-5.60730791,-0.0956371725,6.72675228,2.32552934,-5.93827391,0.566516817,4.45143557,4.89135218,-3.60856843,1.85575521,3.64607334,5.64435863,2.64382148
99,-3.35565424,-2.13390541,-1.80971503,-1.07736719,-1.1494956,2.95760727,2.56915021,-5.64459133,-0.160246298,6.71517944,2.30230904,-5.96410704,0.556652367,4.48699188,4.86112595,-3.63494086,1.86387348,3.68450189,5.66748285,2.58808494
100,-3.38528347,-2.10804796,-1.81272876,-1.0755856,-1.14830899,2.98872638,2.51070166,-5.68128681,-0.225468248,6.70230436,2.28021741,-5.98970985,0.546381712,4.52232742,4.83054972,-3.66132092,1.87160957,3.72309637,5.6902585,2.53158236
101,-3.4141264,-2.08238101,-1.81570435,-1.07373345,-1.14712286,3.01988482,2.45176101,-5.71736288,-0.291281909,6.68812037,2.25921464,-6.01509285,0.535719752,4.55742836,4.79967928,-3.68766069,1.87893176,3.76179338,5.71265793,2.47433257
102,-3.44221973,-2.05680847,-1.81863236,-1.07179368,-1.14592361,3.0511806,2.39213371,-5.75287247,-0.35784018,6.6725111,2.23941112,-6.04026413,0.524671197,4.59240818,4.76827812,-3.7140801,1.88585639,3.80075002,5.73474169,2.41616035
103,-3.46951699,-2.03145313,-1.821504,-1.06978142,-1.14470994,3.08260942,2.33185387,-5.78777456,-0.425085545,6.65546036,2.22081637,-6.06523943,0.513285398,4.62721682,4.73653126,-3.74050069,1.89234996,3.83977771,5.7564435,2.35731387
104,-3.49598241,-2.00632668,-1.82433653,-1.06769931,-1.14349592,3.11406827,2.2711091,-5.82195997,-0.492870599,6.63708878,2.20333242,-6.09000778,0.501520395,4.66185856,4.70433378,-3.76695824,1.89843392,3.87900543,5.7777524,2.29767513
105,-3.52161694,-1.98139501,-1.82711685,-1.06553781,-1.14226735,3.14562297,2.20979166,-5.85544729,-0.561260998,6.61731958,2.18706012,-6.11458111,0.489414722,4.69634295,4.67169333,-3.79341125,1.90406549,3.91842628,5.79871035,2.23719072
106,-3.54651546,-1.95665598,-1.82983232,-1.06330538,-1.14103186,3.17725015,2.14793801,-5.88818455,-0.630191505,6.59615231,2.171947,-6.13898277,0.477004915,4.73058462,4.63874817,-3.81985784,1.90926838,3.95788217,5.81926107,2.17602801
107,-3.57052612,-1.932163,-1.83250594,-1.06099546,-1.13978374,3.2089324,2.08559799,-5.92012739,-0.699626207,6.57361269,2.15799046,-6.16319084,0.464260966,4.76467943,4.60533428,-3.8463335,1.91402125,3.99754691,5.83943272,2.11405993
108,-3.59373498,-1.90794837,-1.83510864,-1.05862546,-1.13852358,3.240731,2.02266026,-5.95129251,-0.769637406,6.54962492,2.14528322,-6.18724155,0.451234818,4.79861021,4.57150269,-3.8728013,1.91830683,4.03729486,5.85917425,2.05139732
109,-3.61609888,-1.88397408,-1.83764374,-1.05617714,-1.13724542,3.27257967,1.95926547,-5.98158503,-0.840069413,6.52427578,2.13375735,-6.21111822,0.43793425,4.8322978,4.53734589,-3.8992238,1.9221338,4.07716846,5.8785224,1.98796844
110,-3.63768053,-1.86024868,-1.84011102,-1.05366361,-1.13595307,3.30451345,1.89534569,-6.01101255,-0.910969973,6.49749756,2.12343645,-6.23483419,0.424377024,4.86579323,4.50281286,-3.92564344,1.92549264,4.1171031,5.8974452,1.9238472
111,-3.65838552,-1.836815,-1.84251392,-1.05107939,-1.13464415,3.33654857,1.83086574,-6.03954554,-0.982370675,6.46925116,2.11433101,-6.25839901,0.410552412,4.89916468,4.46777105,-3.95209098,1.9283582,4.15718222,5.91594791,1.85897541
112,-3.6782887,-1.81366682,-1.84482872,-1.04842997,-1.13331246,3.36867261,1.76587272,-6.0671382,-1.05418658,6.43957376,2.10644937,-6.28181887,0.396510571,4.93231487,4.4324131,-3.97849417,1.93074596,4.19728613,5.93399763,1.7934581
113,-3.69729471,-1.79084265,-1.84708917,-1.04571605,-1.13196969,3.40080428,1.70055068,-6.09371662,-1.1262641,6.40856934,2.09971547,-6.30507946,0.382224649,4.96529293,4.39661646,-4.00488424,1.93262947,4.23751068,5.95161629,1.72723055
114,-3.71547532,-1.76834202,-1.84926093,-1.04294181,-1.130602,3.43305731,1.63465226,-6.11931133,-1.19877696,6.37608099,2.09424043,-6.32820988,0.367761612,4.99802876,4.36053324,-4.03118992,1.93401277,4.27773809,5.96877432,1.66036689
115,-3.73281455,-1.74614954,-1.85136807,-1.04010534,-1.12922537,3.46532631,1.56841218,-6.14383984,-1.2715323,6.34223652,2.08987188,-6.35119009,0.353064507,5.0306077,4.32397556,-4.05752611,1.93489408,4.31804323,5.98546743,1.5928421
116,-3.7492547,-1.72428906,-1.85339022,-1.03719962,-1.1278137,3.49769402,1.50168061,-6.1672945,-1.34460676,6.30694294,2.08677387,-6.37404442,0.338216156,5.06299591,4.28706789,-4.08377743,1.93524015,4.35841703,6.00172615,1.52460444
117,-3.76488233,-1.70279551,-1.85533094,-1.03424573,-1.12638628,3.53014112,1.43447626,-6.18965149,-1.41798842,6.27019739,2.08483076,-6.39676428,0.323184878,5.09519434,4.24974966,-4.11002541,1.93507969,4.39877319,6.01746559,1.45582724
118,-3.77960324,-1.68164492,-1.8571918,-1.03122497,-1.12492919,3.56264853,1.36689997,-6.21085882,-1.49155438,6.23206043,2.08412242,-6.41934729,0.308016866,5.12723398,4.21203566,-4.13621092,1.93436563,4.4391942,6.03277016,1.38635683
119,-3.79346395,-1.66089237,-1.8589704,-1.02815604,-1.12345445,3.59517765,1.29901576,-6.23087072,-1.56524718,6.19259167,2.08451676,-6.4418149,0.292713255,5.15902519,4.17405987,-4.16229868,1.9331305,4.47955418,6.04756498,1.31637943
120,-3.80647182,-1.64047337,-1.86066401,-1.02502525,-1.12194812,3.62781429,1.23064005,-6.24969053,-1.63918793,6.15162992,2.08615184,-6.46414518,0.277283639,5.19067287,4.135602,-4.18836546,1.93133807,4.51996183,6.06187963,1.2457248
121,-3.8185463,-1.6205157,-1.86228061,-1.02185071,-1.12042117,3.66046953,1.16198051,-6.26726151,-1.71321023,6.10933781,2.08887458,-6.48635387,0.261711627,5.22214174,4.09677935,-4.21436214,1.92899132,4.56035614,6.07567644,1.1745621
122,-3.82982135,-1.60086906,-1.86380744,-1.0186162,-1.11886668,3.69320798,1.09291363,-6.28356314,-1.78736782,6.06560326,2.09278488,-6.50843716,0.24606286,5.25341797,4.05758238,-4.24030161,1.92609036,4.60070133,6.08898306,1.10278499
123,-3.84021521,-1.58165705,-1.86524069,-1.01533628,-1.11727536,3.72601128,1.02354312,-6.29856253,-1.86153948,6.02052689,2.09790373,-6.53038311,0.230370685,5.2845068,4.01806593,-4.26613379,1.9226265,4.64097166,6.10178614,1.03055263
124,-3.84967256,-1.56280982,-1.86660111,-1.01199079,-1.11565506,3.75883842,0.953871429,-6.31221151,-1.93574655,5.97407961,2.10406351,-6.55220175,0.214546308,5.31543159,3.97808051,-4.29192877,1.9185735,4.68129349,6.11408758,0.957633793
125,-3.85828185,-1.54444647,-1.86786842,-1.00861812,-1.11401343,3.79171896,0.883905649,-6.32450962,-2.00995493,5.92628765,2.11136818,-6.57390976,0.198694214,5.34614658,3.93785429,-4.31758165,1.91396344,4.72145557,6.12584114,0.884357214
126,-3.86595178,-1.52647185,-1.86905336,-1.00518322,-1.1123265,3.8246789,0.813615978,-6.33541012,-2.0841434,5.87709951,2.11982703,-6.59546423,0.182781592,5.3767643,3.89710307,-4.34320021,1.90873051,4.76163054,6.13710737,0.810475767
127,-3.87282753,-1.50891817,-1.87015045,-1.00171638,-1.11061954,3.85765028,0.743111432,-6.34488058,-2.15822792,5.82662678,2.12929654,-6.61690283,0.16683656,5.40712643,3.8561244,-4.36868668,1.90295517,4.80163813,6.14780331,0.736191809
128,-3.87878013,-1.49177706,-1.87116086,-0.998194993,-1.10886967,3.8906908,0.672322571,-6.35289717,-2.23222637,5.77478886,2.13989639,-6.63819599,0.150869146,5.43736792,3.8146832,-4.39410496,1.89655399,4.84158659,6.15799236,0.661388874
129,-3.88383865,-1.47516859,-1.87209475,-0.994656622,-1.1071049,3.92370415,0.601465225,-6.35945177,-2.30598307,5.72179079,2.15146518,-6.65935135,0.134863898,5.46741819,3.77295327,-4.41937828,1.88956797,4.88139582,6.16761446,0.58626157
130,-3.88800168,-1.45894158,-1.87292814,-0.991059542,-1.10528421,3.95681667,0.530277491,-6.36448765,-2.37963629,5.66739702,2.16418052,-6.68036318,0.11889267,5.49732351,3.7308104,-4.44454432,1.88195252,4.92111206,6.17672348,0.510576487
131,-3.89134097,-1.44315076,-1.87367785,-0.98742944,-1.10343659,3.98997521,0.458885849,-6.36798477,-2.45309305,5.61170912,2.17793226,-6.70122862,0.10294015,5.52705908,3.68834329,-4.46959877,1.87374699,4.96064186,6.18527699,0.434550166
132,-3.89372563,-1.42782891,-1.8743434,-0.983756602,-1.10154092,4.02314901,0.387374073,-6.3699317,-2.52626061,5.55482149,2.19267917,-6.72193813,0.0870066881,5.55664062,3.64551353,-4.49451971,1.86491561,5.00006723,6.19329262,0.358093441
133,-3.89522982,-1.41298687,-1.87493742,-0.980060577,-1.09962785,4.05633211,0.315734029,-6.37029409,-2.59916759,5.49669456,2.20835066,-6.74250031,0.0710536093,5.58606911,3.60227919,-4.51932907,1.85545433,5.03934479,6.20073366,0.281240821
134,-3.89587235,-1.39856768,-1.87543213,-0.976319194,-1.09765851,4.08956575,0.24396573,-6.36905336,-2.67172861,5.4373765,2.22506166,-6.76288652,0.0551973507,5.61533737,3.55873871,-4.54397774,1.84537613,5.07841015,6.20765114,0.204063997
135,-3.89561772,-1.38462329,-1.87585068,-0.972552299,-1.09565818,4.12283373,0.172069311,-6.36617994,-2.74397779,5.37683344,2.24272084,-6.7831049,0.0393601358,5.64448643,3.51476336,-4.56851625,1.83464742,5.11732006,6.21399164,0.126490444
136,-3.89448404,-1.37115991,-1.87618279,-0.968756437,-1.09361696,4.15611744,0.100101821,-6.3616581,-2.81583881,5.31513071,2.2613163,-6.80315351,0.0235855859,5.67349339,3.47043967,-4.59289408,1.82328522,5.15601492,6.2197752,0.0486444049
137,-3.89244938,-1.35817444,-1.87643111,-0.964933753,-1.09153187,4.18943357,0.028068576,-6.35546112,-2.88727617,5.25228548,2.28087139,-6.82301283,0.00790503155,5.70236635,3.42577147,-4.61710072,1.81127667,5.19449949,6.22500706,-0.029534867
138,-3.88952756,-1.34565485,-1.87660527,-0.961082935,-1.08940744,4.22272635,-0.0439011902,-6.34759569,-2.95818377,5.18843317,2.30124116,-6.84267855,-0.00770861981,5.73106527,3.38080788,-4.64113712,1.79864335,5.23276806,6.22968054,-0.107981093
139,-3.88575673,-1.33357155,-1.87669277,-0.957202375,-1.0872401,4.25607491,-0.115989149,-6.33799791,-3.02869463,5.12337542,2.32255101,-6.86214399,-0.0232338104,5.75967073,3.33539033,-4.66504049,1.78533626,5.27079201,6.2337923,-0.186753199
140,-3.8810854,-1.32200015,-1.87669623,-0.953304291,-1.08501613,4.28949356,-0.188167736,-6.32663727,-3.09873796,5.05716467,2.3448298,-6.88140106,-0.0386116132,5.78817749,3.28964901,-4.68874884,1.77138126,5.30854559,6.2373476,-0.265707344
141,-3.87552452,-1.31088841,-1.87662923,-0.949379683,-1.08276272,4.3228426,-0.26015386,-6.31358099,-3.16813397,4.99008274,2.36779881,-6.90044641,-0.0539283678,5.81650829,3.24359155,-4.71226597,1.75678086,5.34605885,6.24033403,-0.344935894
142,-3.86914062,-1.30023408,-1.87648869,-0.945438445,-1.08047175,4.35614395,-0.331964612,-6.29880714,-3.23686504,4.92213678,2.39149785,-6.91926718,-0.0691317469,5.84466314,3.19727135,-4.73556995,1.74155724,5.38326693,6.24275064,-0.424342036
143,-3.86182404,-1.29008234,-1.87626445,-0.941478133,-1.07812095,4.38954449,-0.40389958,-6.28219175,-3.30512524,4.8529911,2.4161458,-6.93784571,-0.0842013881,5.8727951,3.15046048,-4.75870943,1.72561705,5.42021227,6.24461412,-0.503976643
144,-3.8536768,-1.28035212,-1.87595499,-0.937490344,-1.07572055,4.42295074,-0.47573182,-6.26378632,-3.37273288,4.78292322,2.44156647,-6.9561882,-0.099116452,5.9007926,3.10333419,-4.78164053,1.70902944,5.45684004,6.24591827,-0.5838359
145,-3.8446815,-1.27114499,-1.87558961,-0.933507085,-1.07329774,4.45627832,-0.547274172,-6.24364758,-3.4395752,4.712111,2.46761227,-6.9742713,-0.113942966,5.92864704,3.05589318,-4.80435085,1.6917938,5.49313545,6.24664021,-0.663738489
146,-3.83477497,-1.26239491,-1.87514174,-0.929499745,-1.07081139,4.48965025,-0.618758082,-6.22166824,-3.50577092,4.64033222,2.49444199,-6.99208546,-0.128623307,5.95644188,3.00803971,-4.82685328,1.67385137,5.52912474,6.24682379,-0.743868291
147,-3.82402062,-1.25407887,-1.87460637,-0.925468624,-1.06826258,4.52307367,-0.690190613,-6.19781208,-3.57129717,4.56758785,2.5221312,-7.00962734,-0.143065706,5.98415613,2.95984316,-4.84910965,1.65524077,5.56475878,6.24646187,-0.824150383
148,-3.81243491,-1.24627936,-1.87403059,-0.921449125,-1.06570113,4.55632925,-0.76110065,-6.17227316,-3.6358788,4.49438953,2.55018067,-7.02689219,-0.15745835,6.01166201,2.91148758,-4.87112045,1.63603365,5.60002089,6.24551868,-0.904388964
149,-3.79995203,-1.23888934,-1.87335265,-0.917395532,-1.06305361,4.58971405,-0.832074344,-6.1447649,-3.69983673,4.42011738,2.57915616,-7.04384756,-0.171608433,6.03918171,2.86260247,-4.89290476,1.6160717,5.63494539,6.24405146,-0.984884799
150,-3.78664207,-1.23194742,-1.87261903,-0.913336098,-1.0603739,4.62303829,-0.902718067,-6.11546087,-3.76294875,4.345191,2.60868454,-7.06049395,-0.185633048,6.06658792,2.81334901,-4.91446018,1.59543371,5.66948938,6.24201345,-1.06542957
151,-3.77249312,-1.22551882,-1.87181866,-0.909287512,-1.05764568,4.65631771,-0.973014951,-6.08435202,-3.82516313,4.2696681,2.63880849,-7.07682705,-0.199456736,6.0938859,2.76388168,-4.93570518,1.57416534,5.70361328,6.2394352,-1.14590657
152,-3.75753021,-1.21949649,-1.87094629,-0.905222952,-1.05486023,4.6896143,-1.04308081,-6.05136013,-3.88654542,4.19342613,2.66957664,-7.0928278,-0.213079229,6.12113142,2.71403074,-4.95671082,1.55220926,5.73732185,6.23633432,-1.22644615
153,-3.74169707,-1.21393836,-1.87000108,-0.901155233,-1.05202031,4.72287273,-1.11281765,-6.01652479,-3.94704247,4.11657381,2.70091248,-7.10848761,-0.226515546,6.14828682,2.66386175,-4.97741556,1.5295788,5.77063036,6.23267508,-1.30703151
154,-3.72505045,-1.20880949,-1.86901236,-0.897087157,-1.04915261,4.75600815,-1.18201959,-5.97995567,-4.00654364,4.03935623,2.73258233,-7.12381983,-0.239850089,6.17529726,2.61343431,-4.9978385,1.50630128,5.80349922,6.22847795,-1.38755953
155,-3.7075386,-1.20415592,-1.86794043,-0.893019795,-1.04621208,4.78919506,-1.25099599,-5.94145727,-4.0651722,3.9614439,2.76497006,-7.13877106,-0.252909362,6.20231628,2.56262302,-5.01795912,1.48232269,5.83593941,6.2237668,-1.46806884
156,-3.68924713,-1.19988,-1.86680555,-0.888944566,-1.04322338,4.82232952,-1.31954587,-5.90112734,-4.12283182,3.88307452,2.79782104,-7.15334702,-0.265773118,6.2292366,2.51148987,-5.03777456,1.45767868,5.86790466,6.21852541,-1.5485698
157,-3.67012548,-1.19603395,-1.86560011,-0.884867787,-1.04017174,4.85548925,-1.38778913,-5.85887527,-4.17958355,3.80410314,2.8312521,-7.16752958,-0.278431326,6.25616884,2.45990014,-5.0573101,1.43230879,5.89940071,6.21278572,-1.62901437
158,-3.65017796,-1.19263506,-1.86433721,-0.880802214,-1.03707206,4.88855982,-1.45548975,-5.81485128,-4.23527718,3.72483611,2.86509514,-7.18131065,-0.29088217,6.28301048,2.40804839,-5.07648659,1.40628564,5.93042564,6.20651722,-1.70936072
159,-3.62947631,-1.1896137,-1.86301363,-0.876735151,-1.03392386,4.92155123,-1.52265847,-5.76904726,-4.28993559,3.64528322,2.89928699,-7.19470739,-0.303136259,6.30973816,2.35598588,-5.0953331,1.37964964,5.96094799,6.19974136,-1.78958154
160,-3.6079154,-1.18702745,-1.86162829,-0.872674167,-1.03071594,4.95450926,-1.5893352,-5.72141457,-4.34355259,3.56539559,2.93393183,-7.20767784,-0.315170228,6.33645153,2.30354857,-5.11383057,1.35231042,5.99098921,6.19246769,-1.86970794
161,-3.5856111,-1.1848073,-1.8601855,-0.868617535,-1.02746117,4.98739195,-1.6554507,-5.67200232,-4.3961072,3.48527098,2.96892309,-7.2202301,-0.327002376,6.36308384,2.25081801,-5.13197947,1.32432461,6.02049732,6.18469954,-1.94968438
162,-3.56243706,-1.18302369,-1.85868371,-0.864572406,-1.02414656,5.02025938,-1.72109628,-5.62072754,-4.44765043,3.40479422,3.00436354,-7.23232889,-0.338630915,6.38973141,2.19766784,-5.14976549,1.29560697,6.0495019,6.17644835,-2.02955222
163,-3.53856492,-1.1815697,-1.85710764,-0.860525548,-1.02076375,5.05307388,-1.78616858,-5.56765556,-4.49807453,3.32414579,3.04020476,-7.24397421,-0.349947184,6.4163208,2.14430022,-5.16717196,1.26629746,6.07794905,6.16772509,-2.10922575
164,-3.51393461,-1.18051231,-1.85548604,-0.856498837,-1.01734853,5.08576965,-1.85053599,-5.51290751,-4.54738188,3.24346256,3.07623386,-7.25518799,-0.361125439,6.44281769,2.09070373,-5.18418694,1.23636079,6.10583496,6.15852404,-2.18864918
165,-3.48841715,-1.17982984,-1.8538022,-0.852470756,-1.01385498,5.11843824,-1.91434681,-5.4563446,-4.59559774,3.16259098,3.11268139,-7.26591301,-0.372049153,6.46934175,2.03666759,-5.20081139,1.20568538,6.13321972,6.14887238,-2.26798725
166,-3.46229911,-1.17946649,-1.85205829,-0.848459899,-1.01031768,5.15103483,-1.97750401,-5.39802933,-4.64269114,3.08165789,3.14938545,-7.27616167,-0.38274616,6.49580288,1.98240483,-5.21704292,1.17443168,6.15996313,6.13876343,-2.34698963
167,-3.43530774,-1.17949247,-1.85026765,-0.844461679,-1.00672853,5.18349457,-2.03986359,-5.33812141,-4.6886034,3.00086331,3.18626022,-7.28595161,-0.393269956,6.52220535,1.92786932,-5.23283434,1.14250922,6.18618965,6.12820816,-2.42580271
168,-3.40758872,-1.17982984,-1.84840357,-0.840468228,-1.00306666,5.21594286,-2.10164666,-5.27638483,-4.73341608,2.91993427,3.22352219,-7.29521656,-0.403508365,6.54863262,1.87294996,-5.24820566,1.10991311,6.21181345,6.11721325,-2.50442338
169,-3.37911272,-1.18051004,-1.84648454,-0.836490333,-0.999347568,5.24831533,-2.16272283,-5.21293879,-4.77708149,2.83904719,3.26103067,-7.30397987,-0.413512528,6.57503462,1.81777894,-5.26314926,1.07669771,6.23685694,6.1057992,-2.58274674
170,-3.34995055,-1.18149972,-1.84451294,-0.832530558,-0.995580196,5.28059912,-2.22304988,-5.14781141,-4.81959534,2.75825572,3.29872465,-7.31223488,-0.42331323,6.60139561,1.76229978,-5.27763414,1.04285002,6.26125669,6.09395647,-2.66075993
171,-3.32000589,-1.18281043,-1.84248018,-0.828580439,-0.991748452,5.31275129,-2.28251433,-5.08117008,-4.86088943,2.67776084,3.33656955,-7.31999207,-0.432880282,6.62772751,1.7066288,-5.29164505,1.00840366,6.28509092,6.08170986,-2.73850083
172,-3.28942943,-1.18439436,-1.84039032,-0.824648142,-0.987866104,5.34482527,-2.34120679,-5.01287556,-4.90101862,2.59742689,3.3745904,-7.32721424,-0.442218244,6.65402412,1.65069151,-5.30519629,0.973364472,6.30826378,6.06906366,-2.81589675
173,-3.25803947,-1.18631983,-1.83824873,-0.820740521,-0.98392415,5.37682486,-2.39912391,-4.94293785,-4.939991,2.51724958,3.41283774,-7.33390379,-0.45134154,6.68036127,1.59435987,-5.31824875,0.937628806,6.33083391,6.05603218,-2.89300108
174,-3.22603798,-1.18847418,-1.83604801,-0.81684041,-0.979922891,5.40867662,-2.45610881,-4.87155962,-4.9777236,2.43750763,3.45114207,-7.34007263,-0.460202873,6.70660925,1.53796756,-5.33080626,0.901413202,6.35275745,6.04262829,-2.96969032
175,-3.19331002,-1.19091201,-1.83378303,-0.812960267,-0.975856841,5.44048548,-2.51234221,-4.79848957,-5.01431751,2.35791111,3.48967052,-7.34567404,-0.468861133,6.73292112,1.4811219,-5.34287024,0.864493966,6.37401962,6.02886915,-3.04607654
176,-3.15988708,-1.19360077,-1.83145916,-0.809093773,-0.971733451,5.47216702,-2.56766605,-4.72393608,-5.04971409,2.27870369,3.52827907,-7.35073709,-0.477290154,6.75918579,1.42410207,-5.35440302,0.827025115,6.39464188,6.01472998,-3.12210274
177,-3.12578249,-1.19653988,-1.8290813,-0.805249333,-0.967554152,5.50371695,-2.62204361,-4.64796209,-5.0838995,2.19995475,3.56695223,-7.35525656,-0.48551026,6.78543615,1.36681199,-5.36540699,0.788957715,6.41461372,6.000247,-3.19774389
178,-3.09097004,-1.19973123,-1.82664466,-0.801425695,-0.96331197,5.53519392,-2.67555642,-4.57043934,-5.11689758,2.12154436,3.60579824,-7.35919237,-0.49346894,6.81172085,1.30923426,-5.37585592,0.750291884,6.43392086,5.98543787,-3.27299857
179,-3.05550361,-1.2031343,-1.82414794,-0.797618032,-0.959005833,5.56650877,-2.72804785,-4.49162626,-5.14867544,2.04374433,3.64462399,-7.36260653,-0.501220882,6.83796406,1.25152886,-5.38574457,0.711115718,6.4525733,5.97030878,-3.34782267
180,-3.01942611,-1.20675194,-1.8215934,-0.793836713,-0.95464927,5.59775686,-2.77966547,-4.41125536,-5.1792922,1.96628833,3.68359017,-7.36542225,-0.508728981,6.86423206,1.19354975,-5.39507818,0.671378195,6.47051716,5.95486975,-3.42220116
181,-2.98270655,-1.21057212,-1.81897509,-0.790075183,-0.95022887,5.62885666,-2.83025908,-4.3295908,-5.20870161,1.88943923,3.72256613,-7.36768723,-0.516029835,6.89049196,1.13536048,-5.40381861,0.631099164,6.48778057,5.93913126,-3.49613738
182,-2.94532418,-1.21458805,-1.81631291,-0.786337316,-0.945768356,5.65976334,-2.87974739,-4.24677658,-5.23691368,1.81331623,3.76142192,-7.36943102,-0.523205042,6.91668081,1.07696366,-5.41197634,0.590265155,6.50438309,5.92307949,-3.56964684
183,-2.90728593,-1.21875036,-1.81356025,-0.782602966,-0.941201806,5.69065857,-2.92839694,-4.16234732,-5.26393747,1.73756158,3.80053902,-7.37051153,-0.530002773,6.94298124,1.01833093,-5.4195261,0.548915803,6.52027988,5.9067812,-3.64273953
184,-2.86862588,-1.22311819,-1.81076539,-0.778905034,-0.936609983,5.72131872,-2.97585773,-4.07693815,-5.28977823,1.66266406,3.83945203,-7.37111568,-0.536722243,6.96918917,0.959539473,-5.42645645,0.507048368,6.53551579,5.89018011,-3.7153399
185,-2.82940555,-1.22762334,-1.80789876,-0.775229275,-0.93194598,5.75193882,-3.02240229,-3.99002433,-5.31445789,1.58820939,3.87855124,-7.37106085,-0.543134093,6.99549532,0.9004336,-5.43274307,0.464644641,6.54997873,5.87336874,-3.7874341
186,-2.78960252,-1.23224843,-1.80497587,-0.771569729,-0.92723155,5.78236151,-3.06778359,-3.90209222,-5.33794117,1.51462507,3.91748977,-7.37049246,-0.549386144,7.0217247,0.841260552,-5.43842125,0.421806365,6.56378412,5.85628796,-3.85904288
187,-2.74914074,-1.23703456,-1.80197525,-0.767933726,-0.922430754,5.81269407,-3.11215377,-3.8128736,-5.36026049,1.44167161,3.95653391,-7.36929989,-0.555368066,7.0480442,0.781825185,-5.44340849,0.378440708,6.57687616,5.83900738,-3.93014979
188,-2.70805764,-1.24193776,-1.79891574,-0.764316797,-0.917585194,5.84282827,-3.15535426,-3.72264838,-5.38142443,1.36956716,3.99541354,-7.36759615,-0.561234772,7.07430506,0.722218871,-5.44773197,0.334578305,6.58927393,5.82147074,-4.0008049
189,-2.66647243,-1.24693298,-1.79578698,-0.76072377,-0.912672102,5.87284708,-3.19747186,-3.63127732,-5.40142584,1.29822493,4.03430367,-7.36528921,-0.56682539,7.10058784,0.662540913,-5.45138359,0.290343881,6.60095215,5.80373859,-4.07087946
190,-2.6242609,-1.25204682,-1.79260111,-0.757159054,-0.907713413,5.9027009,-3.23844147,-3.53887057,-5.42029333,1.22769415,4.07309628,-7.36242867,-0.572285771,7.12686968,0.602598548,-5.45434237,0.24557431,6.61192036,5.78581429,-4.14043951
191,-2.58162832,-1.25720727,-1.7893424,-0.753615618,-0.902692378,5.93239737,-3.27825499,-3.4454875,-5.43800116,1.1580528,4.11182976,-7.35900164,-0.57747972,7.15314484,0.542633414,-5.4566083,0.200492352,6.6221652,5.76770639,-4.20941019
192,-2.53820372,-1.26247942,-1.7860105,-0.750086248,-0.897598743,5.96191692,-3.31688976,-3.35119605,-5.45460367,1.08931756,4.1504097,-7.35506344,-0.582599998,7.17941952,0.482445955,-5.45813608,0.15485853,6.63174009,5.74940252,-4.27795649
193,-2.4944191,-1.26776791,-1.78260112,-0.746578872,-0.89243573,5.99132395,-3.35441279,-3.2558248,-5.47006321,1.02139223,4.18902779,-7.35049486,-0.587396264,7.2057476,0.422120541,-5.45894241,0.108890682,6.64055729,5.73096561,-4.34587622
194,-2.45013261,-1.2731216,-1.77913702,-0.74310708,-0.887236893,6.02054405,-3.39070749,-3.15966702,-5.48442364,0.954451382,4.22746515,-7.34541321,-0.59206152,7.23203945,0.361783683,-5.45902777,0.0625893399,6.64866781,5.71239328,-4.41315985
195,-2.40517735,-1.27853334,-1.77559328,-0.739651561,-0.881962597,6.04959059,-3.42579651,-3.06271672,-5.49769402,0.888490498,4.26578617,-7.33980703,-0.596594572,7.25835466,0.301199675,-5.45831251,0.0157825164,6.65607786,5.69367981,-4.47997618
196,-2.35981989,-1.28392982,-1.77196538,-0.736212552,-0.876612186,6.0785284,-3.4597621,-2.96467876,-5.5098424,0.823333979,4.30413723,-7.33356476,-0.600802839,7.28472281,0.240560234,-5.45686769,-0.0312937088,6.66276217,5.6748271,-4.54617453
197,-2.31392574,-1.2893436,-1.76826501,-0.732795775,-0.871204913,6.10725498,-3.49245524,-2.86606264,-5.52093506,0.759293139,4.34224033,-7.32685995,-0.604934275,7.31104422,0.179877251,-5.45465326,-0.078722924,6.66875553,5.65587234,-4.61178875
198,-2.26755428,-1.29474247,-1.7644937,-0.72939682,-0.865746617,6.13580132,-3.52392197,-2.76667953,-5.5309701,0.696220934,4.38020229,-7.31962299,-0.608900607,7.33734322,0.119122617,-5.45166302,-0.126478165,6.67403316,5.63677883,-4.67684603
199,-2.22062755,-1.30018973,-1.76064563,-0.72603935,-0.860230088,6.16420603,-3.55417681,-2.66652656,-5.53993416,0.634106636,4.41813755,-7.31181908,-0.612665474,7.3637352,0.0581487231,-5.44780111,-0.174640387,6.6785903,5.61761951,-4.74128246
200,-2.17326856,-1.30554485,-1.75671685,-0.722679973,-0.854637682,6.19239807,-3.58315778,-2.56587839,-5.54787302,0.573157609,4.4558115,-7.30355453,-0.616289496,7.39004993,-0.00269463868,-5.44320107,-0.222991288,6.68247986,5.5983901,-4.80511856
201,-2.12547851,-1.31090188,-1.75271559,-0.719360888,-0.849005818,6.22042227,-3.61088729,-2.4645505,-5.55478382,0.513215125,4.49335527,-7.29478025,-0.619781673,7.41638517,-0.0636837259,-5.43774557,-0.271678746,6.68563032,5.57907963,-4.86832619
202,-2.07718372,-1.31619465,-1.74861956,-0.716049373,-0.84329015,6.24827766,-3.63738513,-2.3625989,-5.56066179,0.454308122,4.5308013,-7.28546381,-0.623055339,7.44274569,-0.12470638,-5.43146658,-0.320631236,6.68811083,5.55970526,-4.93095589
203,-2.02845097,-1.32141602,-1.74444616,-0.712757111,-0.837515175,6.2759614,-3.66262412,-2.26008606,-5.56554842,0.396475405,4.56807995,-7.27565956,-0.626185298,7.46910238,-0.185732111,-5.42434835,-0.369816422,6.68989277,5.54027987,-4.99296856
204,-1.97929668,-1.32657444,-1.7401917,-0.709489942,-0.831679523,6.30343962,-3.68658495,-2.15713882,-5.56944561,0.33975938,4.60520315,-7.26536608,-0.629134476,7.49546099,-0.246752352,-5.41637611,-0.419214517,6.69100904,5.52081537,-5.0543313
205,-1.92970252,-1.33163714,-1.73584831,-0.706234992,-0.825779617,6.33073044,-3.70925832,-2.05376768,-5.57237768,0.284191966,4.64208508,-7.25464535,-0.632024288,7.52178907,-0.307809561,-5.407547,-0.468874782,6.6914134,5.50133419,-5.11510229
206,-1.87964213,-1.33664298,-1.73142302,-0.703013718,-0.819825411,6.35785055,-3.73067141,-1.94989812,-5.57433844,0.229657799,4.67889881,-7.24339485,-0.634692609,7.54817915,-0.368887722,-5.39779377,-0.518735945,6.69115162,5.48182297,-5.17522526
207,-1.82919109,-1.34149754,-1.72690892,-0.699792922,-0.813807786,6.3847537,-3.75078106,-1.84574997,-5.57538176,0.176318049,4.7154212,-7.23176098,-0.637309134,7.57448912,-0.429915994,-5.38720274,-0.568789542,6.69021225,5.46231079,-5.23474455
208,-1.77841175,-1.3462435,-1.72230184,-0.696598768,-0.807708144,6.41150188,-3.76964188,-1.74113464,-5.57545662,0.124074645,4.75186205,-7.21960402,-0.639678299,7.6008544,-0.490876466,-5.37573338,-0.618932366,6.6886301,5.44280434,-5.29357719
209,-1.72713161,-1.35087109,-1.71760714,-0.693417788,-0.801566899,6.43803358,-3.78718734,-1.63625956,-5.57463884,0.0729424208,4.78808165,-7.20704079,-0.641982257,7.62718964,-0.551845789,-5.36331892,-0.669296384,6.68637753,5.42326069,-5.35183287
210,-1.67559397,-1.35535812,-1.71282959,-0.690264702,-0.795363367,6.46437025,-3.80344534,-1.53120089,-5.57291508,0.023016477,4.82411861,-7.19405603,-0.644111693,7.65352774,-0.612686276,-5.35002995,-0.719703317,6.68349409,5.40378523,-5.40936089
211,-1.62358224,-1.35967577,-1.70794547,-0.687110484,-0.789076567,6.4905262,-3.81842518,-1.42583013,-5.57030773,-0.0257869195,4.85996962,-7.18064356,-0.646144271,7.67986155,-0.673530281,-5.33579397,-0.770295739,6.67994642,5.38432312,-5.46633768
212,-1.57119215,-1.36386383,-1.70297718,-0.683986127,-0.782747149,6.51646519,-3.83209825,-1.32034647,-5.5668416,-0.073436521,4.8956151,-7.16685438,-0.648083985,7.70618916,-0.734297872,-5.32059908,-0.820988297,6.67575741,5.36488724,-5.52263737
213,-1.51851714,-1.36784887,-1.69791102,-0.680868626,-0.77633369,6.54222059,-3.8445003,-1.21465278,-5.56250095,-0.119922347,4.93109655,-7.15262461,-0.649819434,7.73250771,-0.794878602,-5.30453396,-0.871661246,6.67099762,5.34549093,-5.57827377
214,-1.46552384,-1.37166488,-1.69276452,-0.677773654,-0.769886196,6.56776285,-3.85558772,-1.10894549,-5.55735636,-0.165218517,4.96631241,-7.13807869,-0.651536644,7.75879002,-0.855388939,-5.2875061,-0.922429562,6.6655755,5.32616997,-5.6332531
215,-1.41210747,-1.37527752,-1.68750179,-0.674680114,-0.763353348,6.59311581,-3.8653996,-1.00305247,-5.55136395,-0.209417582,5.00139809,-7.123106,-0.653079569,7.78508949,-0.915812969,-5.26950121,-0.973254383,6.65955687,5.30687046,-5.68762589
216,-1.35833907,-1.37870431,-1.68214345,-0.671610653,-0.756742835,6.61829233,-3.87393999,-0.897075295,-5.54454184,-0.252439946,5.03633785,-7.10773802,-0.654475927,7.81142855,-0.976130247,-5.25051022,-1.02409816,6.65295124,5.28768301,-5.74132586
217,-1.30439532,-1.38189709,-1.67671561,-0.668550432,-0.750120878,6.64317608,-3.88115001,-0.791467667,-5.53702211,-0.294182807,5.07084894,-7.09220266,-0.655902624,7.83758545,-1.03606904,-5.23068905,-1.07481909,6.6458149,5.268507,-5.7943306
218,-1.25001693,-1.38489246,-1.67116427,-0.665507972,-0.74339956,6.66796207,-3.88710117,-0.6854406,-5.52863026,-0.334917605,5.10537624,-7.07614899,-0.657153487,7.86390209,-1.09619582,-5.20969772,-1.12571478,6.6379571,5.24950218,-5.84673214
219,-1.1953758,-1.38762927,-1.66551769,-0.662467301,-0.736611068,6.69249249,-3.89178252,-0.579686165,-5.51952362,-0.374420226,5.13962221,-7.05983591,-0.658284307,7.89012432,-1.15593302,-5.18784666,-1.17643428,6.62965441,5.23052597,-5.89846563
220,-1.14049172,-1.39011288,-1.65977585,-0.659433365,-0.729765415,6.71680403,-3.89517927,-0.474112302,-5.50967789,-0.412733287,5.17363405,-7.04324627,-0.659323454,7.91630888,-1.2154547,-5.16503859,-1.2270627,6.62080002,5.21161747,-5.9495554
221,-1.08527005,-1.3923744,-1.65393639,-0.656421661,-0.722866893,6.74092436,-3.89729929,-0.368614137,-5.49910307,-0.44992438,5.20745182,-7.02634811,-0.660306275,7.94249201,-1.27483022,-5.14118958,-1.27766418,6.6113863,5.19281912,-5.99999332
222,-1.02980375,-1.39434195,-1.6479882,-0.653403699,-0.715889275,6.76482964,-3.8981607,-0.26332581,-5.48782778,-0.48593691,5.24104023,-7.00918722,-0.661196828,7.96863508,-1.33394814,-5.11638546,-1.3281306,6.60145044,5.17413139,-6.04978609
223,-0.974057794,-1.39605153,-1.64193904,-0.650399506,-0.708847463,6.78855038,-3.89775062,-0.158093274,-5.47582245,-0.520851314,5.27445793,-6.99170446,-0.661996782,7.9947772,-1.39290667,-5.09054613,-1.37852144,6.59096479,5.15554619,-6.09893465
224,-0.918034852,-1.39746141,-1.63577223,-0.647390485,-0.70171386,6.81205225,-3.89611244,-0.0531777143,-5.46314478,-0.554599822,5.30769777,-6.97395182,-0.662647724,8.02091599,-1.45158243,-5.06371307,-1.42872632,6.58002853,5.13706255,-6.14744663
225,-0.861867309,-1.39861524,-1.62954247,-0.644409776,-0.694581449,6.83530474,-3.89320111,0.0512162261,-5.44988394,-0.587157249,5.34058523,-6.95610142,-0.663361013,8.04693413,-1.50990319,-5.0359292,-1.47873807,6.5685997,5.11872339,-6.19523382
226,-0.805448592,-1.39945447,-1.62319183,-0.64142698,-0.687345922,6.8584137,-3.8890481,0.155650914,-5.43587923,-0.618673146,5.37342024,-6.93784666,-0.663868129,8.07302666,-1.56807566,-5.00706816,-1.52859497,6.55665684,5.10051489,-6.24240971
227,-0.748754919,-1.39998698,-1.61673439,-0.638444066,-0.680047631,6.88127279,-3.88367867,0.2595236,-5.42131042,-0.648983181,5.40593672,-6.9195075,-0.664398134,8.09902668,-1.62587357,-4.97724485,-1.57824492,6.54428673,5.08241653,-6.28895187
228,-0.691783369,-1.4002099,-1.61017561,-0.635466695,-0.672692776,6.9039135,-3.87708139,0.363039166,-5.40613413,-0.678217769,5.43825006,-6.90094995,-0.664864957,8.1249876,-1.68339694,-4.94637012,-1.62771177,6.53146267,5.06443071,-6.33485842
229,-0.634644747,-1.40011442,-1.60351276,-0.632497072,-0.665269613,6.92639399,-3.86923814,0.466359288,-5.3902998,-0.706382453,5.47043085,-6.88212395,-0.665225506,8.15097523,-1.74069488,-4.91443443,-1.67695808,6.51815081,5.04659986,-6.38012362
230,-0.577328563,-1.39965045,-1.5967418,-0.629510522,-0.657759249,6.94862604,-3.8602159,0.569135189,-5.37390375,-0.733407855,5.50235319,-6.86316061,-0.66550523,8.17687988,-1.79755306,-4.88157797,-1.72587717,6.50448608,5.02887249,-6.42476559
231,-0.519900084,-1.39888382,-1.5898937,-0.626547039,-0.650227726,6.9706378,-3.84998918,0.671327949,-5.35699224,-0.759312868,5.53399372,-6.84412432,-0.665800929,8.20270634,-1.85397577,-4.84775972,-1.77447248,6.49044991,5.01128912,-6.46870089
232,-0.462232649,-1.39776683,-1.58293021,-0.623579085,-0.642614543,6.99246502,-3.83856249,0.773171186,-5.33948374,-0.784189939,5.56551409,-6.82484436,-0.665981174,8.22855568,-1.91016519,-4.81282711,-1.82282674,6.47596645,4.99386501,-6.51202583
233,-0.404403269,-1.39627099,-1.57586336,-0.620598733,-0.634927094,7.01405382,-3.82599545,0.874340773,-5.3215003,-0.807931721,5.59672213,-6.80554485,-0.66618824,8.2542944,-1.96586001,-4.77696848,-1.87082398,6.46115351,4.9765892,-6.55472517
234,-0.346307814,-1.39443624,-1.5686754,-0.617628753,-0.627149165,7.03551579,-3.8121891,0.975433946,-5.30284262,-0.830724359,5.62795353,-6.78586245,-0.666178584,8.28015614,-2.02144146,-4.73987055,-1.91859186,6.44587898,4.95946074,-6.59683609
235,-0.288250536,-1.39221871,-1.56141698,-0.614648879,-0.61933887,7.05667782,-3.7973032,1.07546628,-5.28383875,-0.852361977,5.65874863,-6.76633263,-0.666252851,8.30580711,-2.07626843,-4.70206881,-1.96582055,6.43043327,4.94244242,-6.63823938
236,-0.229955867,-1.38962984,-1.55404878,-0.611667395,-0.611463487,7.07766342,-3.78123808,1.17505085,-5.26431036,-0.872999489,5.68938589,-6.74665928,-0.666297078,8.33144665,-2.13083935,-4.66309404,-2.01278615,6.41453981,4.92560959,-6.67906141
237,-0.171537831,-1.38664222,-1.54658258,-0.608676195,-0.603516281,7.09842491,-3.76404929,1.27400529,-5.24431324,-0.892598748,5.71978951,-6.72692394,-0.666301906,8.35701275,-2.18489647,-4.62320614,-2.05931664,6.39840078,4.90887451,-6.71926785
238,-0.112975389,-1.38327754,-1.53900743,-0.605684459,-0.595486462,7.1190114,-3.74571323,1.37246728,-5.22380018,-0.911190033,5.75005341,-6.7070508,-0.666225493,8.38258743,-2.23859334,-4.58222151,-2.10546088,6.38192415,4.89232492,-6.75884771
239,-0.0543483458,-1.37954164,-1.53135514,-0.602699578,-0.587428391,7.13937235,-3.7262888,1.47011209,-5.20290852,-0.928807914,5.78009081,-6.68716431,-0.666137874,8.40810013,-2.29175735,-4.540277,-2.15112162,6.36520958,4.87594318,-6.79775906
240,0.00441394281,-1.37538075,-1.52359366,-0.599697769,-0.579279065,7.1595459,-3.70574403,1.56720388,-5.18153429,-0.945416451,5.809937,-6.66720533,-0.666004121,8.43356323,-2.34448624,-4.49731684,-2.19635963,6.34820843,4.85968781,-6.8361063
241,0.0632859617,-1.37078679,-1.51573157,-0.596673667,-0.571053684,7.17948008,-3.68415666,1.66347182,-5.15979338,-0.961022913,5.8395071,-6.64731646,-0.665900886,8.45891571,-2.39665532,-4.45343494,-2.24112916,6.33099222,4.84355259,-6.87386274
242,0.122113146,-1.36580765,-1.5077939,-0.593653619,-0.562780023,7.19922495,-3.66147399,1.7590543,-5.13762522,-0.975679278,5.86890697,-6.62735653,-0.665718555,8.48422909,-2.44833326,-4.40859079,-2.28536677,6.31354475,4.82759047,-6.91098309
243,0.181237638,-1.36038446,-1.49973869,-0.59061867,-0.554421604,7.21877432,-3.63773966,1.85392308,-5.1150775,-0.98938483,5.89810991,-6.60742998,-0.665583014,8.50950527,-2.49952579,-4.36264181,-2.32917881,6.29584789,4.81180477,-6.94751692
244,0.240337342,-1.35455799,-1.4916029,-0.587581336,-0.546005368,7.23812389,-3.61294937,1.94805908,-5.09213161,-1.00217021,5.92713881,-6.58746386,-0.665367484,8.53473568,-2.55015635,-4.31579494,-2.37241578,6.27801323,4.79613352,-6.983428
245,0.29941678,-1.34831703,-1.4833895,-0.584536672,-0.537540913,7.257267,-3.58713841,2.04133964,-5.06885004,-1.01404834,5.95597219,-6.5675168,-0.665105879,8.55991173,-2.60024095,-4.26798487,-2.41508198,6.26000452,4.78060913,-7.01874876
246,0.358589739,-1.34158981,-1.4750725,-0.581457794,-0.528974354,7.27620411,-3.56031966,2.13387132,-5.04521799,-1.02497983,5.98455906,-6.54766369,-0.664898157,8.58497524,-2.64974117,-4.2192378,-2.45722604,6.24181223,4.76521921,-7.05351114
247,0.417835772,-1.33444273,-1.46666646,-0.578377187,-0.520338774,7.29496384,-3.53247452,2.22565556,-5.02120543,-1.03500724,6.01299381,-6.52781725,-0.664649248,8.61002827,-2.69870615,-4.16949368,-2.49880075,6.22346354,4.75001431,-7.08767128
248,0.477064222,-1.32685792,-1.45818746,-0.575285256,-0.511654496,7.31351042,-3.50366831,2.31651592,-4.99691391,-1.04418194,6.04122305,-6.50804281,-0.664375842,8.63500309,-2.74702978,-4.11887312,-2.53974867,6.20505571,4.73489428,-7.12123537
249,0.536317468,-1.31882322,-1.4496249,-0.572180748,-0.502897501,7.33186245,-3.4738996,2.40652752,-4.97231531,-1.05248201,6.06926441,-6.48834324,-0.664090157,8.65992069,-2.79473996,-4.06732655,-2.58008075,6.18654823,4.7199378,-7.15421772
250,0.595754325,-1.31029761,-1.44093919,-0.569044888,-0.4940148,7.35003281,-3.44314337,2.4958508,-4.94734097,-1.05990434,6.09715891,-6.46866798,-0.663797379,8.68481255,-2.84194064,-4.01467943,-2.61987066,6.16787434,4.70512342,-7.1866684
251,0.654921889,-1.30136502,-1.43224466,-0.565908253,-0.485174835,7.36797094,-3.41148996,2.58395982,-4.92224979,-1.06652999,6.12469482,-6.44929314,-0.663624585,8.70949078,-2.88829184,-3.96143079,-2.65892315,6.14921379,4.69040394,-7.21849632
252,0.714200437,-1.29194987,-1.42344892,-0.562752604,-0.476221472,7.38573074,-3.37890959,2.67129803,-4.89682245,-1.07231843,6.15212011,-6.42993975,-0.663392723,8.73416996,-2.93409896,-3.90713859,-2.69736457,6.13046265,4.67581606,-7.24979877
253,0.773491502,-1.28206849,-1.41456509,-0.559578478,-0.467171013,7.40332508,-3.34538484,2.75785565,-4.87106895,-1.07726538,6.1794095,-6.41065311,-0.663128614,8.75883675,-2.97929263,-3.85190225,-2.73513889,6.11166525,4.66142035,-7.28052378
254,0.832704604,-1.27170968,-1.40562499,-0.556381583,-0.458076894,7.42071056,-3.31100321,2.84336638,-4.84513855,-1.08143556,6.20644474,-6.39158297,-0.662913859,8.78336716,-3.02372432,-3.79591274,-2.77220058,6.09289217,4.64709902,-7.31068754
255,0.891911089,-1.26086783,-1.39660358,-0.553161204,-0.448881149,7.43791485,-3.27573133,2.92804694,-4.81891394,-1.08480358,6.23333406,-6.37259197,-0.66266799,8.80785751,-3.06755137,-3.73897529,-2.80859995,6.0740695,4.63294077,-7.34031868
256,0.951067984,-1.24955893,-1.38752496,-0.549923897,-0.439645261,7.45492506,-3.23958874,3.01173615,-4.7925024,-1.0874337,6.26000834,-6.35379267,-0.662470937,8.8322525,-3.1106317,-3.68121529,-2.84427071,6.05528259,4.6188426,-7.36940432
257,1.01023829,-1.23776841,-1.37837374,-0.546669841,-0.430335343,7.47175932,-3.20261216,3.09446073,-4.76587582,-1.08929169,6.28649282,-6.3351984,-0.662322938,8.85658455,-3.15299344,-3.62258291,-2.87922907,6.03652287,4.60489368,-7.39793348
258,1.06932032,-1.22548079,-1.36915922,-0.543387294,-0.420927852,7.48841524,-3.1647861,3.17632031,-4.7390008,-1.09039843,6.3128233,-6.31672382,-0.662141323,8.88085747,-3.19466615,-3.56314135,-2.91345143,6.01780796,4.59106112,-7.42593479
259,1.12821805,-1.21274066,-1.35991538,-0.540088892,-0.41149798,7.50487232,-3.12621641,3.25700736,-4.71203327,-1.09080136,6.33889675,-6.2985487,-0.662034035,8.90499115,-3.23550129,-3.50302029,-2.94686818,5.99919796,4.57730722,-7.45340776
260,1.18719482,-1.19948041,-1.35058546,-0.536762953,-0.401959032,7.5211668,-3.08679295,3.3368752,-4.68479919,-1.09048843,6.36486149,-6.28048468,-0.661912084,8.9291153,-3.27568054,-3.44194984,-2.97957921,5.98063898,4.5636692,-7.48035717
261,1.24600339,-1.18575168,-1.34121919,-0.533418775,-0.392371476,7.53728724,-3.04656315,3.41575599,-4.65739679,-1.08947361,6.39061451,-6.26265764,-0.661851168,8.95314121,-3.31508899,-3.38011813,-3.0114994,5.96214247,4.55014753,-7.50677013
262,1.30465472,-1.171543,-1.33181405,-0.530052185,-0.382707328,7.55321598,-3.00566936,3.49352622,-4.62988091,-1.08777225,6.4161725,-6.24508715,-0.661790907,8.97707653,-3.35366678,-3.31765318,-3.04259729,5.94384527,4.53671312,-7.53266621
263,1.36321354,-1.15683126,-1.32237208,-0.526656926,-0.372999668,7.56897497,-2.96401262,3.57025957,-4.60225105,-1.0854274,6.4415102,-6.22781277,-0.661840498,9.00089455,-3.39144611,-3.25441194,-3.07291675,5.92561913,4.52336931,-7.55805969
264,1.42165697,-1.14161873,-1.31287527,-0.523232579,-0.363189787,7.58457375,-2.92155337,3.64612174,-4.57437229,-1.08238494,6.46671057,-6.21069098,-0.661853969,9.02466869,-3.42850208,-3.19039822,-3.10244131,5.90752459,4.51007509,-7.58297014
265,1.48010969,-1.12586391,-1.30331969,-0.519772828,-0.353282124,7.59999037,-2.8784132,3.72097325,-4.54637575,-1.07870162,6.49172878,-6.1938529,-0.661941767,9.04835987,-3.46475315,-3.12558341,-3.131181,5.88956404,4.49688625,-7.60739279
266,1.53834295,-1.10965252,-1.29374647,-0.516300678,-0.343323082,7.61526108,-2.83454704,3.79482102,-4.51822996,-1.07440543,6.51661396,-6.17721558,-0.662007451,9.07201481,-3.50019956,-3.06010866,-3.15904188,5.87181902,4.48377037,-7.6312952
267,1.59639752,-1.09294629,-1.28415501,-0.512801826,-0.333308041,7.63034868,-2.79007578,3.86753654,-4.49004269,-1.06949973,6.54125452,-6.16094828,-0.662176132,9.09553432,-3.53473449,-2.99408078,-3.18605685,5.85430241,4.47072172,-7.65469885
268,1.65436709,-1.07572055,-1.27451742,-0.509269536,-0.323190957,7.64529181,-2.74485564,3.93935299,-4.46164656,-1.06395376,6.56576538,-6.14489317,-0.662359893,9.11901379,-3.56854057,-2.9272027,-3.21225715,5.83689547,4.45778084,-7.67764425
269,1.71217382,-1.05797327,-1.26486278,-0.505701721,-0.313007355,7.66005182,-2.69906378,4.01004601,-4.43322229,-1.05783558,6.59003496,-6.12922716,-0.662658691,9.14234924,-3.60141492,-2.85979342,-3.23760986,5.81973505,4.44486475,-7.70011044
270,1.76973033,-1.03977704,-1.25520277,-0.502120316,-0.302777112,7.67466593,-2.6526432,4.07967377,-4.40470934,-1.05116415,6.6141572,-6.11381769,-0.662950158,9.16563034,-3.63343263,-2.79183292,-3.26205325,5.80286694,4.4319787,-7.72209597
271,1.8271805,-1.02103829,-1.24552047,-0.498501211,-0.292464167,7.68911552,-2.60558558,4.1482935,-4.3760972,-1.04390895,6.63806868,-6.09877443,-0.663361311,9.18879223,-3.66458011,-2.72321844,-3.28567243,5.78618526,4.41915512,-7.74362326
272,1.88443983,-1.00180912,-1.23582685,-0.494858503,-0.282069266,7.70343113,-2.55791187,4.21591949,-4.3473773,-1.03610027,6.66185808,-6.08397198,-0.663769662,9.211936,-3.69490004,-2.65393066,-3.30837655,5.76975584,4.40641499,-7.76469088
273,1.9414686,-0.982066929,-1.22612965,-0.491175234,-0.271598399,7.71756887,-2.50970602,4.28244114,-4.31861258,-1.02774215,6.68539953,-6.06960344,-0.664303124,9.23492336,-3.72427917,-2.58420539,-3.33022666,5.75360441,4.39365244,-7.78532505
274,1.99831259,-0.9618451,-1.21644068,-0.487476438,-0.261096388,7.73158407,-2.46088076,4.34791279,-4.28979254,-1.01886106,6.70875502,-6.05560493,-0.664949894,9.25782394,-3.75274444,-2.51388216,-3.35117269,5.73769951,4.38100147,-7.80546999
275,2.05488348,-0.941123426,-1.20675397,-0.483739346,-0.250496835,7.74543428,-2.41158414,4.41231251,-4.26093626,-1.00950003,6.73195601,-6.04190159,-0.665595293,9.28065872,-3.78031445,-2.44311857,-3.37119937,5.72215462,4.36832285,-7.82519197
276,2.1113739,-0.91983676,-1.19703877,-0.479960442,-0.239761606,7.75914049,-2.36170363,4.47580671,-4.23190975,-0.9995628,6.75502682,-6.02850103,-0.666265905,9.30345058,-3.80704451,-2.37169862,-3.39035392,5.70688629,4.35566807,-7.84449244
277,2.16753364,-0.898105145,-1.18736982,-0.476164609,-0.229027107,7.77270985,-2.31131482,4.53814554,-4.20292902,-0.9891994,6.77786446,-6.01552343,-0.667079091,9.32610416,-3.83280325,-2.29987454,-3.40859318,5.69191313,4.34304428,-7.86335325
278,2.22351742,-0.875824451,-1.17769301,-0.472324163,-0.218161896,7.78614378,-2.26040268,4.59954023,-4.17382002,-0.978283286,6.80054474,-6.00289345,-0.667925656,9.34868717,-3.85767341,-2.22754073,-3.42593503,5.67726803,4.3304081,-7.8818059
279,2.27913499,-0.853122234,-1.16806948,-0.468470424,-0.207285449,7.79943323,-2.20907068,4.65975571,-4.14478302,-0.966976821,6.82301426,-5.99069786,-0.668896139,9.37116432,-3.88154984,-2.15489841,-3.44232917,5.66299105,4.31779146,-7.89981937
280,2.33465767,-0.829845488,-1.15844488,-0.464572161,-0.196308672,7.81258631,-2.15726495,4.71896553,-4.11569071,-0.955173016,6.84527588,-5.97895432,-0.670011699,9.39353085,-3.90446806,-2.08171535,-3.45784497,5.64900875,4.30521107,-7.91741753
281,2.38982844,-0.806083024,-1.14884758,-0.460635781,-0.185210526,7.82561541,-2.1049459,4.77724648,-4.08645678,-0.942871451,6.86743355,-5.96747684,-0.67107904,9.41587925,-3.92651582,-2.00816274,-3.4723928,5.6354351,4.29257774,-7.93463707
282,2.44473815,-0.781849325,-1.13929987,-0.456678629,-0.174096823,7.8385129,-2.05225611,4.83436728,-4.05731535,-0.930181801,6.88932228,-5.95655584,-0.672375321,9.43806553,-3.94752574,-1.93426371,-3.4860487,5.62217999,4.27998114,-7.95143127
283,2.49938202,-0.757112205,-1.12978554,-0.452687025,-0.162898034,7.85128212,-1.99914455,4.89047527,-4.0281415,-0.917090476,6.91107702,-5.94595718,-0.673689723,9.46020222,-3.9676106,-1.85995936,-3.49874878,5.60933065,4.26732969,-7.96783781
284,2.55374384,-0.731863081,-1.12031174,-0.448655277,-0.151615024,7.86391592,-1.94559646,4.94557667,-3.99893475,-0.903566539,6.93262291,-5.93579912,-0.67511791,9.48222065,-3.98671627,-1.78535831,-3.51054883,5.5968585,4.25462008,-7.98386049
285,2.60779548,-0.706137359,-1.11088347,-0.444594145,-0.140235767,7.8764472,-1.89165795,4.9996767,-3.96966147,-0.889553189,6.95397663,-5.92614508,-0.676686645,9.50417042,-4.00484562,-1.71042073,-3.52139425,5.58474398,4.24197054,-7.99951363
286,2.66150045,-0.679932058,-1.10152698,-0.440499455,-0.128813565,7.88882399,-1.83746099,5.05264378,-3.94049478,-0.875244856,6.97510815,-5.91693115,-0.678357124,9.52598476,-4.02196217,-1.63536954,-3.53134918,5.57307816,4.22922611,-8.01477528
287,2.7149415,-0.653230131,-1.09221482,-0.436371773,-0.117310986,7.90112543,-1.78272951,5.10470009,-3.91122437,-0.860494554,6.99609232,-5.90810108,-0.680115163,9.54774475,-4.03813362,-1.55984914,-3.54033589,5.56177235,4.21643066,-8.02968216
288,2.76813674,-0.626002729,-1.08295715,-0.432206333,-0.105713934,7.91330004,-1.72775865,5.15570498,-3.88198137,-0.845357955,7.01686144,-5.89979553,-0.68202281,9.56941128,-4.05326653,-1.48412454,-3.54840112,5.55089331,4.20362949,-8.04421234
289,2.82084584,-0.598349214,-1.07378471,-0.428006321,-0.0940332562,7.92535114,-1.67245197,5.20571184,-3.8527081,-0.829847753,7.0374527,-5.89189053,-0.683965385,9.59097481,-4.06747532,-1.40827525,-3.55553913,5.5404439,4.19074965,-8.05841923
290,2.87331653,-0.570215583,-1.06467831,-0.423787951,-0.0823201314,7.93729973,-1.61681652,5.25466728,-3.8234899,-0.814022303,7.05783606,-5.88448763,-0.686100483,9.6124506,-4.08061123,-1.33217251,-3.56173992,5.53043652,4.17779064,-8.07222557
291,2.92544246,-0.541571021,-1.05564141,-0.419519097,-0.0704855621,7.9491415,-1.56085408,5.30268574,-3.79421854,-0.797773719,7.07801056,-5.87760448,-0.688379645,9.63383579,-4.09274197,-1.25587571,-3.56700349,5.52081966,4.16480064,-8.08571148
292,2.97715712,-0.512503982,-1.0467087,-0.415230215,-0.0586201511,7.96088219,-1.50470865,5.3496151,-3.76504779,-0.781269193,7.09799194,-5.87117052,-0.690741718,9.65512085,-4.10387897,-1.1795361,-3.57135725,5.51168585,4.15172672,-8.09886169
293,3.0286212,-0.482890755,-1.03784347,-0.410891682,-0.0466398038,7.97250509,-1.44822633,5.39561558,-3.73581791,-0.764358997,7.11773968,-5.8652997,-0.693312883,9.67629051,-4.1139636,-1.10296333,-3.5747993,5.5029192,4.13861132,-8.11166954
294,3.0796504,-0.45286119,-1.02908313,-0.406531543,-0.0346107446,7.98404455,-1.39148271,5.4406085,-3.70660901,-0.74712646,7.13728476,-5.85991478,-0.695996046,9.69737434,-4.12303686,-1.02635515,-3.57730603,5.49463272,4.12537479,-8.12415981
295,3.13031411,-0.422345847,-1.02040315,-0.402128607,-0.0224451348,7.99548054,-1.33447433,5.48471451,-3.67731524,-0.729533315,7.15668726,-5.85491896,-0.69871527,9.71841621,-4.13116598,-0.949561715,-3.57886529,5.48681021,4.11204481,-8.13635159
296,3.18058133,-0.391397566,-1.01184475,-0.397700042,-0.0102630937,8.0068264,-1.27725184,5.52775478,-3.6481266,-0.711665034,7.17580318,-5.85057497,-0.701703727,9.73929977,-4.13818693,-0.872833788,-3.57955408,5.47940397,4.09865093,-8.1482048
297,3.23048234,-0.359952748,-1.00338805,-0.393226713,0.00201587798,8.01806641,-1.21991718,5.56981897,-3.61898899,-0.69352597,7.19471502,-5.84671259,-0.704797328,9.76008606,-4.14419413,-0.796091855,-3.57934141,5.4724884,4.08510828,-8.15977764
298,3.27999139,-0.328100413,-0.99503839,-0.388735801,0.0143743902,8.02924633,-1.16220117,5.61100006,-3.58973694,-0.674974144,7.21342039,-5.84341478,-0.708083868,9.78081703,-4.14915228,-0.719197512,-3.57815385,5.46597385,4.07154179,-8.17102337
299,3.32911396,-0.295753092,-0.986804724,-0.384198129,0.0268148221,8.04030609,-1.10442829,5.6511941,-3.56059766,-0.656250596,7.23192549,-5.84055996,-0.711470306,9.80144215,-4.15310383,-0.642421544,-3.57612896,5.45999193,4.05778265,-8.18196678
300,3.37786865,-0.262945712,-0.978687167,-0.379627168,0.039342463,8.051301,-1.04638219,5.69048119,-3.53139281,-0.637132883,7.25017166,-5.83837128,-0.715111256,9.82195854,-4.15595007,-0.565583825,-3.57315969,5.45439863,4.04396582,-8.192626
301,3.42612052,-0.229750261,-0.970726371,-0.37502858,0.0518908054,8.06221199,-0.98832345,5.72871542,-3.50235248,-0.617856383,7.26816416,-5.83672047,-0.718907535,9.84234047,-4.15777493,-0.488983184,-3.56935048,5.44928932,4.03003216,-8.20301342
302,3.47394228,-0.196117193,-0.962876678,-0.370393962,0.0645638779,8.0730505,-0.929994822,5.766119,-3.47318864,-0.59820807,7.28595686,-5.83559084,-0.722837746,9.86265945,-4.15858793,-0.412397832,-3.56463337,5.44465542,4.01590824,-8.21313667
303,3.52133679,-0.162059516,-0.955171525,-0.365730524,0.0772985741,8.08379555,-0.871581435,5.80257273,-3.44408154,-0.578348219,7.30352879,-5.83496523,-0.726913631,9.88288307,-4.15838051,-0.335918516,-3.55904937,5.44049692,4.00167513,-8.22298336
304,3.56833148,-0.127571687,-0.94760555,-0.361036956,0.0900814161,8.094491,-0.813008308,5.83809566,-3.41503811,-0.558249533,7.32084036,-5.83497429,-0.731244922,9.90298748,-4.15705442,-0.259565145,-3.55258155,5.43678236,3.98731589,-8.23254013
305,3.61487532,-0.0926385596,-0.940187275,-0.35630095,0.102977514,8.10508728,-0.75441134,5.87272835,-3.38597488,-0.537862837,7.33789301,-5.83558607,-0.735763311,9.92298508,-4.15470219,-0.183383301,-3.54527497,5.43351984,3.97282743,-8.24186039
306,3.66094542,-0.0572997332,-0.932909727,-0.351533443,0.115974836,8.11563969,-0.695580482,5.90653801,-3.35682106,-0.517167926,7.35475683,-5.83667898,-0.740384638,9.94292927,-4.15135098,-0.107286811,-3.53705072,5.43075275,3.95814395,-8.25094128
307,3.70667672,-0.0214709602,-0.925781846,-0.346725672,0.129050627,8.12610531,-0.636741996,5.93943119,-3.3277185,-0.496230066,7.37130833,-5.83850241,-0.745328426,9.96272564,-4.14685345,-0.0314086564,-3.52802491,5.42840147,3.94336677,-8.25973606
308,3.75180173,0.0146745862,-0.918832302,-0.341892987,0.142164767,8.13651657,-0.577782094,5.97142029,-3.29867387,-0.475129724,7.38763571,-5.84076929,-0.750377357,9.98242664,-4.14139605,0.0442061834,-3.51815939,5.42653275,3.92834616,-8.26833057
309,3.79651666,0.051251892,-0.912036419,-0.337028056,0.155381352,8.14685917,-0.518803239,6.00255728,-3.26960135,-0.453754425,7.40370464,-5.84369326,-0.755660713,10.0020418,-4.13485336,0.119586915,-3.50745535,5.42514467,3.91319561,-8.27667141
310,3.84077716,0.088251017,-0.905408919,-0.332122862,0.168690383,8.15714645,-0.459756851,6.03286982,-3.24051261,-0.432127684,7.41949701,-5.84723091,-0.761163473,10.0215292,-4.12726068,0.194762602,-3.49592161,5.42416334,3.89791059,-8.28479481
311,3.88458395,0.125648007,-0.898950219,-0.32719335,0.182059318,8.16738701,-0.400556296,6.06232405,-3.21140122,-0.410261095,7.4350338,-5.85137033,-0.766899824,10.0409355,-4.1185751,0.269712508,-3.48353171,5.42365837,3.88240981,-8.29265976
312,3.92774677,0.163321793,-0.89268899,-0.322236091,0.195484996,8.17756367,-0.341483384,6.09089422,-3.18238568,-0.388243169,7.4502697,-5.85615015,-0.772862196,10.0602016,-4.10889626,0.344106674,-3.47043538,5.42361641,3.86673117,-8.300354
313,3.97056842,0.201497987,-0.886598945,-0.317233384,0.208997369,8.1876812,-0.282356143,6.11863804,-3.15337467,-0.366001725,7.46520138,-5.86160421,-0.779120505,10.0793285,-4.09806871,0.418311298,-3.45651221,5.42398024,3.85088587,-8.3078022
314,4.01283932,0.239992559,-0.880688488,-0.312214375,0.222617835,8.19777107,-0.223098084,6.14563608,-3.12419271,-0.343450129,7.47992611,-5.8675437,-0.785467923,10.0984335,-4.086308,0.492260873,-3.44174695,5.4248414,3.83481598,-8.3150692
315,4.05456781,0.27885288,-0.874987304,-0.307152361,0.236266062,8.20779896,-0.163976476,6.17172623,-3.09519649,-0.320795864,7.49425507,-5.87430716,-0.792233825,10.1173162,-4.07339334,0.565610051,-3.42632914,5.42608404,3.81857872,-8.32212448
316,4.09587336,0.318119884,-0.86945641,-0.302062005,0.250048012,8.21779823,-0.104712114,6.19711876,-3.06601095,-0.297826737,7.50837374,-5.88158274,-0.799133241,10.1361847,-4.05946541,0.638823807,-3.41001868,5.42779779,3.80214596,-8.32897758
317,4.13662815,0.357753366,-0.864128053,-0.296934247,0.263902903,8.22773552,-0.0455735847,6.22170019,-3.0368917,-0.274755299,7.52222204,-5.88938665,-0.806212187,10.154933,-4.04452848,0.711607397,-3.39296699,5.43000603,3.78543758,-8.33564186
318,4.17681074,0.397681504,-0.859027445,-0.291778237,0.277786613,8.23763561,0.0134984478,6.24543095,-3.00784278,-0.251480222,7.5356288,-5.89809608,-0.813742697,10.1734467,-4.02848387,0.783710063,-3.37532401,5.43249941,3.76861572,-8.34215164
319,4.21647072,0.43796429,-0.854117632,-0.286589324,0.291790366,8.2474966,0.0725917071,6.26846266,-2.9786756,-0.227961197,7.54877567,-5.90737581,-0.821470082,10.1919012,-4.01141453,0.855494916,-3.35687637,5.43545437,3.7515521,-8.34847546
320,4.2556262,0.478568077,-0.849414825,-0.281385481,0.305840015,8.25734234,0.131686628,6.2907095,-2.94950366,-0.204266891,7.56162834,-5.91729498,-0.829470336,10.2102633,-3.99326539,0.926815033,-3.33768058,5.43888903,3.73425698,-8.35459423
321,4.29430771,0.519607484,-0.844916999,-0.276131451,0.319999099,8.2671423,0.190688342,6.31224298,-2.92032409,-0.180436745,7.5741992,-5.92774916,-0.837661028,10.2285185,-3.97409773,0.997789204,-3.31775022,5.44275618,3.71667385,-8.36054516
322,4.33235312,0.560893953,-0.840651751,-0.270849228,0.334234804,8.27690601,0.249649689,6.33302784,-2.89106417,-0.15634124,7.58635569,-5.93903112,-0.846229076,10.2465897,-3.95390606,1.06806493,-3.29723239,5.44693851,3.69894361,-8.36636734
323,4.36983824,0.602504849,-0.836601436,-0.265532911,0.348561466,8.28664017,0.30851537,6.35309839,-2.86176562,-0.132075056,7.59818983,-5.95093346,-0.85504663,10.2645426,-3.93268943,1.13784873,-3.27601385,5.45154762,3.68093681,-8.37203789
324,4.40678883,0.644401014,-0.832784772,-0.26019904,0.362912327,8.29636002,0.367250085,6.37240458,-2.83252931,-0.107680626,7.60964918,-5.96363354,-0.864265025,10.2823343,-3.91037154,1.20696712,-3.25419283,5.45654297,3.66274643,-8.3775301
325,4.44324255,0.686714888,-0.829173446,-0.254813343,0.377440512,8.3060379,0.426000923,6.39111519,-2.80307841,-0.0830244496,7.62082338,-5.97685814,-0.873660743,10.3000622,-3.88704062,1.27580416,-3.23158121,5.46195555,3.64425397,-8.38288498
326,4.47908497,0.729250789,-0.825822294,-0.249406695,0.391925812,8.31571293,0.484559119,6.40898991,-2.77384448,-0.0583305843,7.63153267,-5.99097204,-0.883559763,10.3175249,-3.86259222,1.34373772,-3.20850706,5.4676671,3.62557554,-8.38808441
327,4.51436138,0.772107184,-0.822677612,-0.243970826,0.406576335,8.32535458,0.54309243,6.42629385,-2.74435616,-0.0333806612,7.64199686,-6.00552464,-0.893554926,10.3349838,-3.83723545,1.41131318,-3.18467641,5.47388792,3.60654664,-8.39315701
328,4.54904985,0.815221429,-0.81978631,-0.238504663,0.421273679,8.33498287,0.601431489,6.44288683,-2.71488929,-0.00828501955,7.65201807,-6.020926,-0.903984725,10.3522234,-3.81081486,1.47810638,-3.16033459,5.4803977,3.5873518,-8.3981142
329,4.58314228,0.858603299,-0.817129731,-0.233011246,0.436035633,8.34459686,0.659678817,6.45881796,-2.68539977,0.0169351771,7.66168308,-6.03694105,-0.914709628,10.3693361,-3.78338933,1.54426479,-3.13540363,5.48730564,3.56784558,-8.40292358
330,4.61673641,0.902387083,-0.814702392,-0.227464721,0.450974107,8.35417938,0.717893839,6.47418928,-2.65564251,0.0424847528,7.67092609,-6.05376768,-0.925816894,10.3862982,-3.75485086,1.60994053,-3.10979676,5.49453831,3.54808283,-8.4076128
331,4.64959574,0.946212769,-0.812546074,-0.221924379,0.465826333,8.36379337,0.775844514,6.48877192,-2.62616086,0.0679433495,7.6797905,-6.07120752,-0.937255859,10.4030657,-3.72541547,1.67464447,-3.0838089,5.50210857,3.52808261,-8.41220284
332,4.6820426,0.990525663,-0.810622096,-0.216317907,0.480880588,8.37336159,0.833711028,6.50283146,-2.59638715,0.0937431827,7.68819857,-6.08955097,-0.949152112,10.4196606,-3.69477296,1.73886895,-3.05715227,5.5099802,3.50785303,-8.41664314
333,4.71381521,1.03499711,-0.808942199,-0.210702822,0.495981157,8.38294411,0.891556263,6.51625395,-2.56651306,0.11969234,7.69625235,-6.10843182,-0.961288512,10.4361506,-3.66320848,1.80244946,-3.02991319,5.51825714,3.48726749,-8.42097759
334,4.7449646,1.07971036,-0.807523429,-0.205046564,0.511152029,8.3925066,0.949095368,6.52907038,-2.53669333,0.145692647,7.70387602,-6.12804556,-0.973822355,10.4524355,-3.63068414,1.8651439,-3.00229931,5.52682877,3.46643782,-8.42523289
335,4.7754941,1.12463534,-0.806356311,-0.199366122,0.526407719,8.40206814,1.00647056,6.54131317,-2.50673747,0.171892539,7.71104765,-6.14842749,-0.986747146,10.4685411,-3.59714055,1.92708814,-2.9741776,5.53571749,3.44533539,-8.42938519
336,4.80542374,1.16984403,-0.805438697,-0.193644494,0.541775286,8.41161537,1.06376457,6.55299425,-2.47663164,0.19826524,7.71781445,-6.16944456,-0.999993682,10.4844933,-3.56259894,1.98841453,-2.94549561,5.5449419,3.42388248,-8.43345642
337,4.83479309,1.21530461,-0.80479008,-0.18788898,0.55720681,8.42117119,1.12087905,6.56407785,-2.44645476,0.224816218,7.72404003,-6.19140863,-1.01379585,10.500185,-3.52696204,2.04885483,-2.9164443,5.55436087,3.4022572,-8.43740273
338,4.86350679,1.26090705,-0.804396689,-0.182116061,0.572676122,8.4307518,1.17778623,6.57458162,-2.41628933,0.251425505,7.72986698,-6.21401072,-1.02795482,10.5157213,-3.49034071,2.10850501,-2.88689089,5.56413889,3.38031125,-8.44126892
339,4.89155293,1.30669999,-0.804264486,-0.176310569,0.588248432,8.44031239,1.23445714,6.58457804,-2.38596797,0.278205186,7.73520899,-6.23732996,-1.04248035,10.5310411,-3.45285511,2.16725779,-2.85703897,5.57419872,3.35806584,-8.44508266
340,4.91906548,1.35282755,-0.804390192,-0.170454949,0.603939593,8.44986629,1.29103971,6.59404707,-2.35547853,0.305157125,7.74008608,-6.26140738,-1.05746448,10.5461779,-3.41422415,2.22539568,-2.82662702,5.58453083,3.33549213,-8.44877052
341,4.94592381,1.39909351,-0.804787457,-0.164579257,0.61967802,8.45946026,1.3474462,6.60296154,-2.32491994,0.332251191,7.74445629,-6.28628492,-1.07290459,10.5610781,-3.37462425,2.28260899,-2.79586482,5.59511042,3.31266546,-8.45239639
342,4.97218943,1.44557238,-0.805447638,-0.158671826,0.635497808,8.46905231,1.4036305,6.61137819,-2.29424667,0.359494984,7.7482934,-6.31199694,-1.08886802,10.5757456,-3.33395767,2.33893251,-2.76473212,5.60595322,3.2895484,-8.45592213
343,4.99775791,1.49221361,-0.806384146,-0.152722731,0.65139097,8.47864628,1.45952332,6.61929321,-2.26354122,0.386782646,7.75166273,-6.3383317,-1.10518456,10.590169,-3.29246855,2.3943634,-2.73334599,5.61701059,3.2661376,-8.45942688
344,5.02267599,1.53897595,-0.807563663,-0.146758139,0.667392731,8.48825359,1.51526904,6.62676001,-2.23257565,0.414295077,7.75453186,-6.3654151,-1.12192714,10.6044188,-3.24998045,2.44898295,-2.70149565,5.6283946,3.24236417,-8.46286201
345,5.04698229,1.58594203,-0.809034467,-0.140753865,0.683425486,8.4978838,1.57081354,6.63368225,-2.20162702,0.441843688,7.75686884,-6.39324331,-1.13917494,10.618372,-3.20650101,2.50269341,-2.66938543,5.63993788,3.21835113,-8.46621799
346,5.07062674,1.63309801,-0.810768306,-0.134704992,0.699583471,8.50752258,1.62607777,6.64019966,-2.17050815,0.469547361,7.75866032,-6.42186117,-1.15690172,10.6320753,-3.16207314,2.55546951,-2.63699389,5.65172577,3.19399548,-8.46953964
347,5.09358692,1.680323,-0.812759578,-0.128640547,0.715815544,8.517169,1.68117929,6.64626265,-2.13917685,0.497416317,7.75990629,-6.45120049,-1.17507708,10.6455383,-3.11674786,2.60734534,-2.60431647,5.66373539,3.16933298,-8.4728117
348,5.11598063,1.72778523,-0.815038681,-0.122535951,0.732077122,8.52686119,1.73603737,6.65181732,-2.10788488,0.525319815,7.76058817,-6.48139524,-1.19386852,10.6586885,-3.07030559,2.65821695,-2.57139516,5.67596006,3.14437485,-8.47597599
349,5.13766432,1.77530479,-0.817581296,-0.116401754,0.748427331,8.53657055,1.79068506,6.65694571,-2.07639766,0.553377569,7.76068592,-6.51234579,-1.21313751,10.6715422,-3.02297783,2.70817685,-2.53821445,5.68831062,3.11914611,-8.47913742
350,5.15873289,1.82309246,-0.820388615,-0.110214554,0.764962137,8.54627132,1.84510195,6.66176605,-2.04456496,0.581657052,7.76021719,-6.54403877,-1.23287642,10.6841717,-2.97467327,2.75730586,-2.504704,5.70095587,3.09350967,-8.48225021
351,5.17909145,1.87085247,-0.823467016,-0.104013957,0.781462848,8.55602074,1.89924741,6.66607428,-2.01284289,0.609899938,7.75916433,-6.57650042,-1.25319052,10.6964273,-2.92548943,2.80526471,-2.47115946,5.71371031,3.06765127,-8.48530674
352,5.19885683,1.91890562,-0.826821804,-0.0977547467,0.798162639,8.56578064,1.95322967,6.67007208,-1.98066902,0.638450503,7.75745392,-6.6098299,-1.27407587,10.7084131,-2.87521648,2.85243869,-2.4372313,5.72667265,3.04142261,-8.48832035
353,5.21789217,1.96687651,-0.830435276,-0.0914910212,0.814834833,8.5755949,2.00695062,6.67359257,-1.94855392,0.666980028,7.7551651,-6.64385748,-1.29548252,10.720048,-2.82416224,2.89846325,-2.40328336,5.7397666,3.01494193,-8.49131584
354,5.23629761,2.0150485,-0.83433038,-0.0851744935,0.83161658,8.58542347,2.06037736,6.67677736,-1.91627359,0.695610642,7.75223637,-6.67870045,-1.31748331,10.7313099,-2.77212524,2.94349551,-2.3691988,5.75299788,2.98813939,-8.4942646
355,5.25400972,2.06335211,-0.838488996,-0.0788122937,0.848521531,8.59524727,2.11349463,6.67965412,-1.88381386,0.724304736,7.74877167,-6.71412945,-1.33992863,10.7423067,-2.71921587,2.98759079,-2.33490038,5.76649094,2.96093106,-8.49718666
356,5.27107525,2.11169195,-0.84291786,-0.0724258497,0.865464747,8.60513592,2.16644192,6.68211222,-1.85117829,0.753167272,7.7445364,-6.75058079,-1.36313367,10.7528439,-2.66530228,3.03054166,-2.3005693,5.78001308,2.93352151,-8.50006485
357,5.28743505,2.16007447,-0.847609043,-0.0660080165,0.882472515,8.61505985,2.21910667,6.6842308,-1.8184464,0.782054424,7.73971272,-6.78766012,-1.38683879,10.7630358,-2.6105485,3.07250524,-2.26612043,5.79368925,2.90575671,-8.50294209
358,5.30314636,2.20861292,-0.852567315,-0.0595392287,0.899639308,8.62500858,2.27160573,6.68605947,-1.78533506,0.811167121,7.73417902,-6.82555866,-1.41115785,10.7728634,-2.55479956,3.11353803,-2.2314589,5.8074975,2.87765789,-8.50579166
359,5.31819916,2.25719881,-0.857798994,-0.0530367456,0.916855872,8.63497829,2.32371354,6.68758011,-1.75211072,0.840353966,7.72788048,-6.86443377,-1.43624163,10.7821913,-2.49816346,3.15329337,-2.19696879,5.82136154,2.84935212,-8.50860023
360,5.33251381,2.30582595,-0.863289237,-0.0464948788,0.934119701,8.64499569,2.37561893,6.68872976,-1.7188915,0.869457424,7.72107935,-6.90368414,-1.46171188,10.7911959,-2.44074082,3.1921351,-2.16231942,5.83543062,2.82060289,-8.51140213
361,5.3461647,2.35451436,-0.869040489,-0.0399093628,0.951502681,8.65504074,2.4272337,6.68962479,-1.68534029,0.898780942,7.71340084,-6.94403553,-1.48803294,10.7996521,-2.38233089,3.22976136,-2.12775683,5.84950018,2.79161978,-8.51419449
362,5.35917568,2.40331578,-0.875054717,-0.0332863256,0.9689973,8.66512775,2.47858191,6.69029093,-1.65154159,0.928190768,7.70508432,-6.98503065,-1.51491058,10.8077497,-2.32300544,3.26640105,-2.09305406,5.86380625,2.76225662,-8.51693058
363,5.37145853,2.45201993,-0.881316304,-0.0266444385,0.986496329,8.67527199,2.52971864,6.69057751,-1.61768341,0.957609594,7.6960578,-7.02675056,-1.54243553,10.8153534,-2.26287246,3.30192757,-2.05840898,5.87811089,2.73263383,-8.51969051
364,5.38305473,2.50087047,-0.887849331,-0.0199341252,1.0041517,8.68543148,2.5805192,6.69067717,-1.58354807,0.987137139,7.68625402,-7.06928921,-1.57066727,10.8224421,-2.20184207,3.33632779,-2.0238421,5.89251041,2.70267081,-8.52243996
365,5.39400578,2.54973817,-0.894631207,-0.013193165,1.02188504,8.6956377,2.63106394,6.69053316,-1.54917276,1.01676929,7.67567539,-7.11265945,-1.59962893,10.8290272,-2.13988519,3.36959267,-1.98929894,5.90700102,2.67243099,-8.52513123
366,5.40422726,2.5985117,-0.901657164,-0.00643107109,1.03961837,8.7059164,2.68138719,6.69004917,-1.51480174,1.04632175,7.66445494,-7.15651989,-1.62912107,10.8351316,-2.07722259,3.40181541,-1.95481408,5.92154169,2.64187598,-8.52786064
367,5.41375208,2.64740896,-0.908937693,0.000402384059,1.05754817,8.71618462,2.7312994,6.6894908,-1.48003435,1.07604158,7.65235949,-7.20133829,-1.65944028,10.8406467,-2.01362777,3.43280315,-1.92047584,5.93618202,2.61098814,-8.53057003
368,5.4225893,2.69628,-0.916469395,0.00727352686,1.07555139,8.726511,2.7810185,6.68865871,-1.44503033,1.10584533,7.63943958,-7.24692678,-1.69049025,10.8455734,-1.94921505,3.46271181,-1.88626182,5.95077133,2.57986832,-8.53329468
369,5.43075275,2.74517155,-0.924254,0.0141828386,1.09359884,8.73689842,2.8304522,6.68758583,-1.40993905,1.13562763,7.62576914,-7.29324722,-1.72228312,10.8499155,-1.88390434,3.49140763,-1.85217381,5.96548414,2.54840279,-8.53597832
370,5.43820906,2.79404306,-0.932275593,0.0211331304,1.11172473,8.74733829,2.87963533,6.68628788,-1.37464786,1.1654495,7.61129665,-7.34028816,-1.75480247,10.853651,-1.81775463,3.51896524,-1.8181982,5.98025513,2.51660848,-8.53866196
371,5.44502306,2.84288144,-0.940539837,0.02811905,1.12991762,8.75782967,2.92850113,6.68482447,-1.33917081,1.1952976,7.59600353,-7.38809681,-1.78809869,10.8567505,-1.75078595,3.54530454,-1.78441989,5.99504375,2.4846015,-8.54131508
372,5.45108128,2.89170694,-0.949029744,0.0351562947,1.14826035,8.76834774,2.97714949,6.68320227,-1.30330658,1.2252599,7.57984114,-7.4365983,-1.8221159,10.8592329,-1.6829865,3.57061768,-1.75070238,6.00987434,2.4522109,-8.54400921
373,5.45643139,2.94054747,-0.957757175,0.0422509983,1.16672075,8.77889156,3.02537465,6.68151426,-1.26724422,1.25520623,7.56285667,-7.48582792,-1.85691464,10.8610296,-1.61442864,3.59467125,-1.71728992,6.02477598,2.41950583,-8.54669952
374,5.46108913,2.98930478,-0.96671629,0.0493829064,1.1852113,8.78952312,3.0734663,6.67953444,-1.23105609,1.28514791,7.54502106,-7.53570271,-1.8924607,10.862112,-1.5451107,3.61758733,-1.68409097,6.039608,2.38657284,-8.54939556
375,5.46506405,3.03803563,-0.975907087,0.0565663651,1.20378542,8.80018616,3.12111044,6.67746925,-1.19473982,1.31504023,7.5263319,-7.58638811,-1.92888093,10.8624249,-1.4749918,3.63916016,-1.65124404,6.05448341,2.35338044,-8.5520792
376,5.46835279,3.08666182,-0.985307455,0.0637748018,1.22241688,8.8109293,3.1686306,6.67519855,-1.15815127,1.34498,7.50677156,-7.63768959,-1.96603811,10.8620386,-1.40410078,3.65964866,-1.61853778,6.06937599,2.31989694,-8.55475521
377,5.47092915,3.13526106,-0.99493736,0.0710397139,1.2411325,8.8217144,3.2157743,6.67282009,-1.12146187,1.3748312,7.48638821,-7.6896348,-2.00399041,10.8608637,-1.33244896,3.67890716,-1.58613241,6.08429623,2.28610611,-8.55744171
378,5.47279072,3.18384099,-1.0047735,0.0783609226,1.26003945,8.83252525,3.26266241,6.67042398,-1.08421528,1.40486026,7.46494675,-7.74243832,-2.04287148,10.8588762,-1.25993299,3.69698977,-1.55392694,6.09923124,2.25199556,-8.56013584
379,5.47399426,3.23235488,-1.01484215,0.0857335627,1.27894938,8.84339714,3.30922174,6.66783762,-1.04709649,1.43465793,7.44277287,-7.79569149,-2.08244777,10.8560505,-1.18679392,3.71386719,-1.52213156,6.11409521,2.21771431,-8.56280899
380,5.47448826,3.28076625,-1.02510464,0.0931450278,1.297997,8.85433006,3.3555572,6.66518068,-1.00945032,1.46463692,7.41943598,-7.84993505,-2.123101,10.8522854,-1.11279452,3.72945023,-1.49066079,6.12892342,2.18317533,-8.56551743
381,5.47426891,3.32915807,-1.03557909,0.100614026,1.31715679,8.86530304,3.40154672,6.66251135,-0.971622527,1.49451506,7.39529657,-7.90465307,-2.16448522,10.847724,-1.03806293,3.74386454,-1.4594233,6.14387751,2.14825368,-8.5681963
382,5.47335863,3.37737703,-1.04623926,0.108120859,1.33632505,8.87636089,3.4472816,6.65964603,-0.933797002,1.52424562,7.3702879,-7.95996094,-2.20669818,10.842206,-0.962712705,3.75701499,-1.4286449,6.15873146,2.11315751,-8.57089996
383,5.47172928,3.4256525,-1.057127,0.115716189,1.35569835,8.88741016,3.49264002,6.65684891,-0.895581126,1.55397832,7.34425831,-8.0159502,-2.24982738,10.835701,-0.886599898,3.76895881,-1.3982383,6.17356205,2.07778883,-8.57359886
384,5.46946287,3.47362208,-1.06816828,0.123304293,1.37498415,8.89861202,3.53785396,6.65378332,-0.857402027,1.5835681,7.31736422,-8.07250881,-2.2938025,10.8282347,-0.809844732,3.77962923,-1.36821151,6.18835163,2.042243,-8.57629108
385,5.46643353,3.52164292,-1.07940936,0.130980998,1.39453495,8.90979767,3.58269191,6.65089273,-0.818637848,1.61322558,7.28936529,-8.12975502,-2.33873153,10.8197613,-0.732317328,3.78910375,-1.33851159,6.20320463,2.00631618,-8.57899952
386,5.46269703,3.56951237,-1.09082651,0.138703614,1.41414094,8.92104912,3.62725663,6.64790678,-0.779762685,1.64273691,7.26047421,-8.18748665,-2.38446903,10.8102627,-0.654199541,3.79738712,-1.30922914,6.21800041,1.97016573,-8.58171749
387,5.45837164,3.61730099,-1.10244346,0.146473736,1.43380833,8.93237877,3.67159581,6.64482594,-0.740672231,1.67220557,7.23044777,-8.24608803,-2.43136454,10.7995129,-0.575212061,3.80426741,-1.28044701,6.23267746,1.9339112,-8.58438206
388,5.45323086,3.66495132,-1.11421049,0.154308856,1.45361161,8.94372082,3.71553159,6.64182568,-0.701418877,1.70145369,7.1996789,-8.30479813,-2.47879481,10.7878647,-0.495862573,3.81013727,-1.25198555,6.24744225,1.89726615,-8.58710575
389,5.44744444,3.71238494,-1.1261301,0.162165105,1.47339666,8.95519066,3.75927401,6.63866758,-0.662098825,1.73057294,7.16787434,-8.36423302,-2.52729893,10.7749662,-0.415809363,3.81459069,-1.22408867,6.26213646,1.86044812,-8.5898304
390,5.44100332,3.7597909,-1.13824487,0.170100123,1.49334657,8.96668243,3.80269551,6.63558483,-0.62245208,1.75960755,7.13499355,-8.42426682,-2.57677722,10.7608261,-0.335098088,3.81780744,-1.19668555,6.27674341,1.82349849,-8.59251595
391,5.4337759,3.80709696,-1.15051043,0.178099453,1.51345325,8.9782095,3.84583902,6.63256502,-0.582441151,1.78855121,7.10105944,-8.4847765,-2.62717271,10.745492,-0.253706902,3.81986403,-1.16961956,6.29137135,1.78616214,-8.5952425
392,5.42592573,3.85418892,-1.16291308,0.186134815,1.53358662,8.98981857,3.88865852,6.6295352,-0.542402565,1.81724906,7.06625986,-8.54564571,-2.67837691,10.7289639,-0.171883017,3.82067728,-1.14310038,6.3059721,1.74870801,-8.59794044
393,5.4173584,3.90114999,-1.17546391,0.194230765,1.55385256,9.00147247,3.93126917,6.62651539,-0.502033353,1.84584093,7.030334,-8.60703278,-2.73057199,10.711092,-0.0894577429,3.82028651,-1.11708999,6.32047224,1.71105289,-8.60065651
394,5.40816402,3.94803619,-1.18818223,0.202390835,1.57422984,9.01319885,3.97353435,6.62356901,-0.461370349,1.87434173,6.99317455,-8.66929054,-2.78404617,10.6916523,-0.00622073654,3.81836152,-1.0916816,6.33492756,1.67324626,-8.60332966
395,5.39818859,3.99463463,-1.20099151,0.210585475,1.59461582,9.02499485,4.01558304,6.62054634,-0.420871586,1.9024179,6.95545578,-8.73130226,-2.83788562,10.6711874,0.0771711692,3.81558466,-1.06663525,6.34940147,1.63510859,-8.60604286
396,5.38755655,4.04118872,-1.21395898,0.218865097,1.61523676,9.03680134,4.05725002,6.6177659,-0.379774481,1.9304682,6.91636753,-8.79408646,-2.89298081,10.649106,0.161275834,3.81144214,-1.04218876,6.36376333,1.59687412,-8.60875416
397,5.3762598,4.08753109,-1.22704554,0.22718066,1.63585317,9.04871273,4.09869957,6.61489201,-0.338717282,1.95822418,6.87635136,-8.85723495,-2.94899845,10.6255722,0.245869815,3.80597186,-1.01832128,6.37813663,1.55842316,-8.61143303
398,5.36430311,4.13368082,-1.24024487,0.235546783,1.65656829,9.06068897,4.13989115,6.61209631,-0.297446162,1.9857415,6.83533287,-8.9206686,-3.00588083,10.6005888,0.330901474,3.79937315,-0.994953036,6.39243841,1.51983178,-8.61410046
399,5.35165215,4.17967606,-1.25355351,0.243979111,1.67743456,9.07268906,4.18076229,6.60945606,-0.255876809,2.01304007,6.79319811,-8.98448277,-3.06375241,10.5740194,0.416400969,3.79156613,-0.972172558,6.40664911,1.48108578,-8.61678982
400,5.33825779,4.22546244,-1.26695788,0.252463162,1.6983453,9.08477879,4.22138977,6.60679626,-0.21433644,2.03998208,6.75022888,-9.04843616,-3.1223886,10.5459785,0.502268434,3.7825737,-0.949902713,6.42091942,1.44203758,-8.6194582
401,5.32432508,4.27110147,-1.2804904,0.26100409,1.71937692,9.09692287,4.26174641,6.60425663,-0.172419339,2.06675982,6.70592499,-9.11303425,-3.18228006,10.5160656,0.58873105,3.77222204,-0.928326309,6.43497801,1.40307081,-8.62209511
402,5.30961466,4.31657696,-1.2941066,0.269615233,1.74055243,9.10911179,4.30175304,6.6018939,-0.130364165,2.09317565,6.66077185,-9.17764473,-3.24287057,10.4846725,0.675459146,3.76079607,-0.907240391,6.44912338,1.36377096,-8.62474251
403,5.2942338,4.36179113,-1.30778956,0.278265834,1.76176691,9.12137032,4.34155083,6.59954119,-0.0882894993,2.11922431,6.61469221,-9.2424202,-3.30431223,10.4515982,0.762565911,3.74819398,-0.886694729,6.46322203,1.32429278,-8.6273756
404,5.27820444,4.40683508,-1.32156599,0.286985457,1.78312266,9.13366985,4.38103437,6.59735346,-0.0459295958,2.1449883,6.56745768,-9.30748463,-3.36674309,10.416708,0.849930167,3.73440099,-0.866886556,6.47719145,1.28480422,-8.63000107
405,5.26150274,4.45176458,-1.3354435,0.295771986,1.80463266,9.14603043,4.42025852,6.59534168,-0.00322079845,2.17049074,6.51900196,-9.37295532,-3.43031287,10.3798656,0.937907338,3.71928883,-0.847596526,6.49117231,1.2450887,-8.63257885
406,5.24413729,4.49640179,-1.34936321,0.304604203,1.82616866,9.15846062,4.45917273,6.5933919,0.0393300317,2.19548273,6.46987343,-9.4382515,-3.4944303,10.3414221,1.02590108,3.70318246,-0.828895092,6.50511169,1.20526123,-8.63516808
407,5.22609186,4.54085064,-1.36335218,0.313499093,1.84782588,9.1709547,4.49788332,6.59153414,0.0820778534,2.22011399,6.4196763,-9.50365925,-3.55944467,10.3010798,1.1141907,3.68598437,-0.810796797,6.51897669,1.16530812,-8.6377306
408,5.20744038,4.58512402,-1.37741232,0.322454363,1.86962128,9.18348312,4.53627348,6.58990288,0.12510094,2.24440479,6.36828709,-9.56941223,-3.62557054,10.2586117,1.20289493,3.66745973,-0.793354511,6.5327692,1.12529647,-8.64025402
409,5.18811035,4.62915087,-1.39150691,0.331458837,1.89151549,9.19609165,4.57445431,6.58838701,0.168282181,2.26827288,6.31596088,-9.63506889,-3.69243145,10.2143269,1.29175127,3.64796209,-0.776429355,6.54655218,1.08511329,-8.64276409
410,5.16806793,4.67290735,-1.40561521,0.340514302,1.91348696,9.20874405,4.61230946,6.58702087,0.211476937,2.29165483,6.26272583,-9.70074081,-3.76010108,10.1680298,1.38071465,3.6272831,-0.760199904,6.56034184,1.04476488,-8.64527321
411,5.14740658,4.71645832,-1.41978216,0.349632919,1.93553913,9.22147369,4.64994144,6.58573723,0.254648924,2.31453347,6.20864344,-9.76627922,-3.8284564,10.119772,1.46977544,3.60562706,-0.744555533,6.57402563,1.00438046,-8.64774323
412,5.12615204,4.75981188,-1.4339931,0.358814389,1.95772529,9.23425293,4.68728542,6.58466816,0.298023522,2.33696699,6.15349293,-9.83189106,-3.89772177,10.0693235,1.55902565,3.58282304,-0.729561627,6.58763409,0.963981867,-8.65017128
413,5.10431862,4.80295134,-1.44824672,0.368055224,1.97998714,9.2470932,4.72438622,6.58369875,0.3414087,2.35889125,6.09737587,-9.89749813,-3.96782899,10.0166483,1.64838064,3.55890775,-0.715284765,6.60114431,0.923611999,-8.65253448
414,5.08173656,4.84585953,-1.46248984,0.3773489,2.00243855,9.25998688,4.76123571,6.58303308,0.385242343,2.3804121,6.04002094,-9.96318913,-4.03896427,9.96164703,1.73799908,3.53383327,-0.701546371,6.61472178,0.882959127,-8.65489101
415,5.05840826,4.88851738,-1.47672892,0.386706501,2.02500415,9.27289867,4.79779196,6.58255911,0.429014921,2.40129066,5.9820962,-10.028306,-4.11040831,9.90482712,1.82744455,3.50808287,-0.688239098,6.62829924,0.842088997,-8.65725327
416,5.03467607,4.93095398,-1.49101853,0.396117538,2.0475843,9.28591442,4.834095,6.58213711,0.472596288,2.4215796,5.92329931,-10.093441,-4.18267345,9.84555912,1.91687226,3.48111606,-0.675788045,6.64173079,0.801484466,-8.65949821
417,5.01020336,4.97308397,-1.50526011,0.405575037,2.0702827,9.29899406,4.87015724,6.58191204,0.516318023,2.4413147,5.86358023,-10.1583014,-4.25559616,9.78406525,2.00622702,3.45325804,-0.663858831,6.65515518,0.760667086,-8.66176605
418,4.98511219,5.01497316,-1.51948297,0.415082246,2.09315205,9.31209373,4.9059515,6.58201265,0.560375512,2.46051049,5.80278587,-10.22299,-4.32934904,9.72016811,2.09558773,3.42442226,-0.652537227,6.66856098,0.719792008,-8.66399479
419,4.95936918,5.05667019,-1.5337162,0.424666256,2.11613393,9.32525349,4.9414916,6.58226395,0.604330182,2.47904205,5.74128246,-10.2873201,-4.40361071,9.65394878,2.18485641,3.39470267,-0.641760051,6.68193626,0.678826511,-8.66614532
420,4.93309307,5.09810305,-1.54793584,0.434301794,2.13918328,9.33847237,4.97676706,6.58266735,0.648233294,2.49692464,5.67891884,-10.351429,-4.47855139,9.58521557,2.27388287,3.3639977,-0.631792068,6.6951828,0.638018012,-8.66825962
421,4.90614223,5.13929939,-1.56211531,0.443995923,2.16241622,9.35171223,5.01175499,6.58341122,0.692358911,2.51416945,5.61567211,-10.4151545,-4.55409622,9.51406765,2.36280966,3.33244467,-0.622301102,6.70848513,0.597033203,-8.6703186
422,4.87860298,5.18014622,-1.57623088,0.453712523,2.1856513,9.36506844,5.04659367,6.58419991,0.736308217,2.53072143,5.55177355,-10.4784136,-4.63006115,9.44056702,2.4514761,3.30012584,-0.613311172,6.72174311,0.555979669,-8.67234325
423,4.85037422,5.22078133,-1.59029865,0.463512778,2.20910454,9.37839508,5.08103371,6.58539391,0.780349314,2.54651809,5.48726797,-10.540988,-4.70630598,9.36484528,2.53971076,3.26719284,-0.604874253,6.73499393,0.514870703,-8.67434311
424,4.82170534,5.26122761,-1.6043961,0.473368526,2.23258066,9.39185619,5.11537266,6.58656979,0.824265122,2.56166053,5.42169714,-10.6035948,-4.78347349,9.28593922,2.62788129,3.23302674,-0.597296536,6.74812412,0.473969162,-8.67619133
425,4.79240227,5.30129433,-1.61836147,0.483252019,2.25617957,9.40534401,5.149405,6.58806801,0.868218601,2.5760355,5.35557842,-10.6654587,-4.8608532,9.20481682,2.71553016,3.19833064,-0.590173721,6.7612586,0.43298015,-8.6780405
426,4.76240158,5.34121609,-1.63230813,0.493218899,2.27998781,9.41885757,5.18322086,6.58988667,0.912386954,2.58968616,5.2884984,-10.7269306,-4.93886805,9.12081146,2.80309153,3.16280484,-0.583518028,6.77439594,0.391833425,-8.67981148
427,4.73188114,5.38083744,-1.64617288,0.503239334,2.3038764,9.4323988,5.21667528,6.59192657,0.95625186,2.60246634,5.22113609,-10.7876148,-5.01689386,9.03454113,2.88986778,3.12674403,-0.577556312,6.7874732,0.350854069,-8.68152714
428,4.70072889,5.42010212,-1.65991557,0.513277054,2.3278501,9.4460268,5.24998856,6.59417009,1.00020802,2.61449385,5.15297031,-10.8477325,-5.09536886,8.94554615,2.97627139,3.09000993,-0.572050154,6.80057478,0.309739888,-8.68319416
429,4.66912222,5.45915556,-1.67362905,0.523386836,2.35190892,9.45970249,5.28305387,6.59653807,1.04385316,2.62565899,5.08437729,-10.9072075,-5.17398834,8.85389042,3.06210828,3.05267334,-0.567168057,6.81353092,0.268854231,-8.68476009
430,4.63684654,5.49794245,-1.68724084,0.533545494,2.37611961,9.47341537,5.31585217,6.59924364,1.08757496,2.63599324,5.01512909,-10.9660101,-5.25289822,8.75951099,3.14743829,3.01470828,-0.562760949,6.82656288,0.227820799,-8.68625927
431,4.6040597,5.53642893,-1.70074534,0.543748081,2.40043616,9.48718166,5.34841871,6.60216093,1.13116288,2.64545274,4.94537067,-11.0240974,-5.33196306,8.6624403,3.23209405,2.97623301,-0.558950245,6.83949709,0.186926559,-8.68768406
432,4.57063341,5.57462025,-1.71413696,0.553993881,2.42486286,9.50098324,5.38074589,6.60533857,1.17466569,2.65402246,4.87518406,-11.0813503,-5.41107082,8.56278038,3.31607628,2.9372983,-0.555577397,6.85249853,0.145921022,-8.68903351
433,4.53669548,5.61256456,-1.72743785,0.564297318,2.44940782,9.51483345,5.41282511,6.60872507,1.21799576,2.66168928,4.80450583,-11.1379013,-5.49029112,8.46024036,3.39939094,2.89784932,-0.55273807,6.86540413,0.105034925,-8.69029713
434,4.50222826,5.65016699,-1.74059403,0.574623823,2.47404814,9.52874851,5.44472885,6.61234188,1.26126206,2.668437,4.73335981,-11.1935749,-5.56957245,8.35502625,3.48193789,2.85803485,-0.550403178,6.87826729,0.0642204881,-8.69150257
435,4.46721268,5.68756342,-1.75367153,0.585025847,2.4988203,9.54268265,5.47633028,6.61620522,1.30422461,2.6742115,4.66204786,-11.2483702,-5.64862728,8.2471838,3.56362724,2.81786346,-0.548542917,6.89114237,0.0234487262,-8.69257545
436,4.43155146,5.72460079,-1.76655388,0.595452964,2.52374268,9.55662632,5.50763655,6.6204586,1.34720707,2.67901516,4.59033442,-11.302227,-5.72763538,8.13667583,3.64442754,2.77739382,-0.547124803,6.90406132,-0.0174043737,-8.6936121
437,4.39551497,5.76141691,-1.77936745,0.605932057,2.54875517,9.57065868,5.53881788,6.62482929,1.38999104,2.68286037,4.51810026,-11.3553438,-5.80671883,8.02300453,3.72441602,2.73648214,-0.54633379,6.91681719,-0.0579403229,-8.69451809
438,4.35894632,5.79796219,-1.79205024,0.616459846,2.57389665,9.58472252,5.5697484,6.62946558,1.43258989,2.6856997,4.44558048,-11.4075575,-5.88563299,7.90645695,3.80351329,2.69525027,-0.545973599,6.92954874,-0.0984342992,-8.69531155
439,4.32181883,5.83411646,-1.8045187,0.627004385,2.59912252,9.59880638,5.60038567,6.63437748,1.47487998,2.68749642,4.37324905,-11.4584799,-5.9638834,7.78791428,3.88135076,2.65418196,-0.545935571,6.94230604,-0.138919592,-8.69606781
440,4.28405905,5.87009859,-1.81688154,0.637622416,2.62453985,9.61290169,5.63077354,6.63963223,1.51714039,2.68825769,4.30037355,-11.5087023,-6.04220247,7.66590214,3.95843959,2.61256719,-0.546376169,6.95513725,-0.179496348,-8.69666195
441,4.24588823,5.90570784,-1.82904661,0.64826113,2.65004706,9.62704086,5.66093588,6.64509439,1.55903339,2.68794179,4.22764254,-11.5576639,-6.11986113,7.54166603,4.03416014,2.57114148,-0.547266304,6.96780682,-0.219777524,-8.69721603
442,4.20709896,5.94102383,-1.84104884,0.658928633,2.67562819,9.6412487,5.69092464,6.65074635,1.60066605,2.68658781,4.15481329,-11.6055965,-6.19710827,7.41463757,4.10891628,2.52956295,-0.548392475,6.98060942,-0.2602669,-8.69762135
443,4.16790581,5.9760766,-1.85290182,0.669654489,2.70133281,9.65548611,5.72065115,6.65657616,1.64185691,2.6841476,4.08212805,-11.6524353,-6.27369642,7.28504944,4.18234444,2.48804879,-0.549998164,6.99327087,-0.300446182,-8.69792175
444,4.12819576,6.01081276,-1.86454415,0.680409551,2.72720957,9.66968155,5.75004101,6.66285896,1.68290913,2.68055654,4.0095377,-11.6980343,-6.34964466,7.15307808,4.25441217,2.44669843,-0.552004397,7.00592184,-0.340517312,-8.69815063
445,4.08812571,6.0452733,-1.87604868,0.69118917,2.75314116,9.68400097,5.7793498,6.66922522,1.72370923,2.67589879,3.93655038,-11.7428436,-6.42542171,7.01755571,4.32537508,2.40503359,-0.554533899,7.01851416,-0.38037324,-8.69819641
446,4.04731321,6.0794239,-1.88729906,0.702017426,2.77928305,9.69825459,5.80826187,6.67605591,1.76427555,2.67005157,3.86392593,-11.7863045,-6.50026274,6.87989473,4.39489937,2.36368704,-0.55729121,7.03120518,-0.420407027,-8.69818878
447,4.00619411,6.11326742,-1.89839172,0.712864101,2.805439,9.71261883,5.83709908,6.68288326,1.80424571,2.66312265,3.79163718,-11.8285666,-6.57419586,6.73979855,4.46306229,2.32260919,-0.560302854,7.04378176,-0.460205644,-8.69802666
448,3.96452022,6.14686918,-1.9092803,0.723760605,2.8318491,9.7269249,5.86556864,6.69026184,1.84429252,2.65493584,3.71913433,-11.8697529,-6.64770269,6.59653425,4.52982426,2.28153348,-0.563838661,7.05635262,-0.499871373,-8.69775295
449,3.92254114,6.1800971,-1.91996694,0.734660983,2.85820222,9.7413435,5.89393187,6.69751692,1.88344848,2.64570498,3.64745402,-11.9096298,-6.71984577,6.45150042,4.59494209,2.240978,-0.567570388,7.06886196,-0.539333344,-8.69734859
450,3.87987399,6.21303368,-1.93040466,0.745599926,2.88474011,9.75576973,5.92202806,6.70514011,1.92237306,2.63526082,3.57599616,-11.9482975,-6.79112387,6.30383062,4.65862989,2.2006588,-0.57153374,7.08149529,-0.578976154,-8.69680405
451,3.83700132,6.24570131,-1.94066942,0.756564438,2.91139388,9.77020359,5.94988441,6.71302319,1.9609865,2.62360692,3.50466657,-11.9858503,-6.86161041,6.1532836,4.72067308,2.16058397,-0.576005101,7.09391785,-0.618105233,-8.69614601
452,3.79349875,6.27799749,-1.95064926,0.767539978,2.93814087,9.7846489,5.97750235,6.72112131,1.99904943,2.61078048,3.43417192,-12.021966,-6.9306612,6.00110054,4.78107452,2.12118435,-0.580510497,7.1064496,-0.657421589,-8.69536591
453,3.74949241,6.31005526,-1.96041596,0.778566658,2.96507835,9.79907608,6.00481844,6.7295723,2.03680849,2.5967021,3.36403203,-12.056879,-6.99869061,5.84630537,4.83984804,2.08213353,-0.585338652,7.11897182,-0.696623504,-8.69443321
454,3.70528078,6.34181166,-1.96997821,0.789606571,2.99209237,9.81355381,6.03192854,6.73819351,2.07406473,2.58142519,3.29428935,-12.0906734,-7.06564379,5.68888712,4.89677572,2.04344487,-0.590649486,7.13135099,-0.735363185,-8.69337273
455,3.66043329,6.3732686,-1.97925985,0.800670624,3.01931,9.82797623,6.05876064,6.74724483,2.11108708,2.56482744,3.22511005,-12.1230764,-7.13135386,5.52929974,4.95209217,2.00539303,-0.596023023,7.14377832,-0.774240553,-8.69217968
456,3.61529398,6.40440083,-1.98831356,0.811752677,3.04653645,9.84247494,6.08539104,6.75626373,2.14723492,2.54714632,3.15694904,-12.1542177,-7.19540882,5.36809587,5.00543594,1.96805334,-0.601664245,7.15614271,-0.812820554,-8.69085979
457,3.56971908,6.43525648,-1.99714017,0.822856188,3.07387829,9.8570013,6.11183882,6.76549292,2.18296552,2.52821541,3.08923864,-12.1842031,-7.25826979,5.20423794,5.05703688,1.93114626,-0.607538283,7.16853523,-0.851333141,-8.68932438
458,3.52356887,6.46578217,-2.0056417,0.833977818,3.10143948,9.87144089,6.13788748,6.77522516,2.21837759,2.50794888,3.02240062,-12.2127838,-7.31960583,5.03869009,5.10675859,1.8950603,-0.613538086,7.18093634,-0.889850438,-8.68771172
459,3.47713232,6.49596214,-2.01388526,0.845085979,3.12902617,9.88594818,6.16380882,6.78502464,2.25317001,2.48649716,2.95635414,-12.2401133,-7.37946033,4.87117386,5.1545434,1.85968292,-0.619760871,7.19329214,-0.928139508,-8.68594646
460,3.43045449,6.525949,-2.02195239,0.856248438,3.15675831,9.90046215,6.18947268,6.79500437,2.28734708,2.46379828,2.89103222,-12.2663488,-7.43780613,4.70124054,5.20028639,1.82487357,-0.626360357,7.2055254,-0.965992332,-8.68397808
461,3.38317871,6.55551195,-2.02965569,0.8673926,3.18452287,9.91502857,6.21497917,6.80500507,2.32072973,2.43998361,2.82702327,-12.2911997,-7.49419594,4.5303216,5.24410582,1.79110062,-0.632891953,7.21784163,-1.00403845,-8.68188286
462,3.33552289,6.58483648,-2.03709698,0.878564715,3.21254086,9.92945957,6.24004269,6.81562853,2.35394096,2.41471696,2.76368594,-12.314805,-7.54919195,4.35712862,5.28587008,1.75800347,-0.639732599,7.23013639,-1.04183388,-8.67963791
463,3.28763986,6.61388636,-2.04432487,0.889754176,3.24056911,9.94400883,6.26503468,6.82610035,2.38623905,2.38835287,2.70136189,-12.3373108,-7.60236263,4.18203402,5.32554674,1.72568238,-0.646777987,7.24233198,-1.07932031,-8.67718792
464,3.2392118,6.64251041,-2.05114675,0.900916278,3.26870084,9.95850563,6.28969145,6.83687592,2.41790891,2.36079049,2.64047217,-12.3584633,-7.65351248,4.00625372,5.36314821,1.69447637,-0.653802276,7.2546072,-1.116907,-8.67464066
465,3.19061804,6.67099428,-2.05779934,0.912126482,3.29707265,9.97291279,6.31400442,6.84810972,2.44926357,2.3317678,2.58031011,-12.3784523,-7.70311737,3.82802105,5.39859056,1.66398394,-0.661185145,7.26671267,-1.15396643,-8.67191315
466,3.14144158,6.69901514,-2.06403232,0.923300564,3.32545066,9.98738861,6.33816433,6.85930538,2.47971392,2.30169916,2.52166438,-12.3971977,-7.75056219,3.64917493,5.4319768,1.634619,-0.668460369,7.27894402,-1.19125366,-8.66901875
467,3.09193301,6.72681618,-2.07001233,0.934508145,3.35401368,10.0018082,6.36202717,6.87079573,2.50961208,2.27029037,2.46407604,-12.4148102,-7.79616594,3.46847939,5.46313572,1.60609388,-0.676002979,7.29111528,-1.22824526,-8.66594219
468,3.04211879,6.75435066,-2.07572675,0.945729554,3.38267684,10.0162315,6.38563871,6.88240767,2.53876901,2.23769212,2.40773034,-12.4313526,-7.83974695,3.28631806,5.49208498,1.57850206,-0.683686733,7.30323601,-1.26501393,-8.66267014
469,2.99213934,6.78152084,-2.08112788,0.956917584,3.41136384,10.0306711,6.40904188,6.89409685,2.56712651,2.20396209,2.3527832,-12.4467468,-7.88122845,3.10328579,5.51872635,1.55198145,-0.691518962,7.31528997,-1.30145502,-8.65926266
470,2.94167137,6.80838537,-2.08618736,0.968112469,3.44018698,10.0450764,6.43215942,6.90597677,2.59476304,2.1690495,2.29936647,-12.4609823,-7.92050982,2.91950202,5.54326868,1.52658379,-0.699297309,7.32738018,-1.33792937,-8.65567303
471,2.89102674,6.8349762,-2.09096766,0.979309797,3.46912479,10.0594587,6.45500803,6.91802406,2.62168074,2.13291073,2.24725008,-12.4741812,-7.9577055,2.73442149,5.5654211,1.50217485,-0.707330406,7.33934641,-1.37397039,-8.65192413
472,2.83980656,6.86123657,-2.09536695,0.990498483,3.49822259,10.0737505,6.47752523,6.93040752,2.6480093,2.09549069,2.19668174,-12.4862318,-7.99271488,2.54862642,5.58546019,1.47888923,-0.715286136,7.35143852,-1.41018283,-8.6479702
473,2.78840446,6.88724947,-2.09949565,1.00170779,3.52742052,10.0880423,6.49977922,6.9428153,2.67342019,2.05700779,2.14767241,-12.4973354,-8.02538776,2.36206698,5.60313463,1.45666111,-0.72340399,7.36341667,-1.4459976,-8.64383125
474,2.73661971,6.91284943,-2.10322189,1.01286185,3.55665898,10.1023235,6.52181005,6.95535326,2.69805002,2.0173986,2.10030437,-12.5074081,-8.05579376,2.17509103,5.61861038,1.43558276,-0.731475592,7.37546396,-1.48183978,-8.6395216
475,2.68467498,6.93821526,-2.10665751,1.02402282,3.58607769,10.1164742,6.54343367,6.96823597,2.72204995,1.97650528,2.05447125,-12.5164747,-8.08395004,1.98730481,5.63166904,1.41559267,-0.739754796,7.38735771,-1.51722062,-8.63507462
476,2.63247824,6.96333981,-2.10982704,1.03519452,3.61556673,10.1306725,6.56488609,6.98107624,2.74514914,1.93452144,2.01011038,-12.5246811,-8.10979366,1.79849267,5.64232922,1.3965708,-0.748197198,7.39924383,-1.55234194,-8.63039875
477,2.57968545,6.98803329,-2.11251116,1.04632473,3.64516973,10.1447868,6.58600998,6.99413443,2.7674334,1.89147031,1.9677422,-12.531909,-8.13310528,1.61003351,5.65093231,1.37884557,-0.756391287,7.4112463,-1.58774054,-8.62552166
478,2.5269177,7.01245403,-2.11494327,1.05743659,3.67475438,10.158967,6.60697699,7.00699759,2.78865075,1.84753859,1.92704725,-12.538372,-8.15398979,1.4212898,5.65708256,1.36218309,-0.764801502,7.42311621,-1.62259173,-8.6204834
479,2.47377634,7.03668642,-2.11705613,1.0685761,3.70464659,10.1729126,6.62743378,7.02046204,2.80942225,1.80212283,1.8880477,-12.543828,-8.17253017,1.23186409,5.66092777,1.3466475,-0.773273766,7.43490458,-1.65720594,-8.61526012
480,2.42049932,7.06051111,-2.11880946,1.07965565,3.7344017,10.1870241,6.64785051,7.03348064,2.82888436,1.75612199,1.85091245,-12.5486422,-8.18845367,1.04281902,5.6624608,1.3322227,-0.781749189,7.44672155,-1.69165301,-8.60983467
481,2.36667609,7.08409023,-2.12016153,1.09074581,3.76447964,10.2008657,6.66771555,7.04717016,2.84796429,1.70858014,1.81549656,-12.552557,-8.20203209,0.852993846,5.66166925,1.31881952,-0.790272415,7.45862913,-1.72612429,-8.60416508
482,2.31267715,7.10733128,-2.12113953,1.1018002,3.79462767,10.2146454,6.68724823,7.06095028,2.86609626,1.66014779,1.78220809,-12.5557013,-8.21298218,0.664093375,5.65870953,1.30667734,-0.798739195,7.47044849,-1.76032233,-8.59836197
483,2.25865841,7.13028383,-2.12183809,1.11282587,3.82471371,10.2285137,6.70667458,7.07438993,2.88302231,1.61104286,1.75075293,-12.5582781,-8.22131443,0.475407004,5.65341234,1.29560232,-0.807269275,7.48216677,-1.79412878,-8.59237099
484,2.20418334,7.15293455,-2.12212515,1.12383235,3.85500216,10.242239,6.72572327,7.08817911,2.89928102,1.56066024,1.72120214,-12.5600624,-8.2271347,0.28658098,5.64586687,1.28559816,-0.815784514,7.49393606,-1.82793355,-8.58615017
485,2.14950466,7.175313,-2.12206221,1.13482213,3.88540626,10.2558632,6.74440622,7.10210609,2.9146893,1.50925756,1.69355011,-12.5612116,-8.23038673,0.0978806913,5.63595533,1.27662027,-0.824395657,7.50566578,-1.86145127,-8.57974052
486,2.09467196,7.19735956,-2.12162638,1.14577723,3.91584444,10.2694197,6.76276016,7.1160183,2.9290452,1.45718741,1.66814184,-12.5618448,-8.23090935,-0.0894499868,5.62400007,1.2687993,-0.832902014,7.51738405,-1.89476204,-8.57314301
487,2.03952432,7.21916437,-2.12082362,1.15672517,3.94645596,10.2828493,6.78072643,7.13014412,2.94261217,1.40397584,1.64460456,-12.5618649,-8.22884083,-0.276930273,5.60964251,1.26193321,-0.841522872,7.52906227,-1.92785394,-8.56635571
488,1.98431969,7.24061155,-2.11967039,1.16760755,3.97702622,10.2963142,6.7985425,7.14406538,2.95509958,1.3500644,1.62309098,-12.5613585,-8.22414494,-0.463579744,5.59315825,1.25612259,-0.85008961,7.54070568,-1.96069086,-8.55935764
489,1.9288249,7.26183844,-2.11816454,1.17849886,4.00778532,10.3095989,6.81588364,7.15824509,2.9667654,1.29514229,1.60364437,-12.5603619,-8.21673298,-0.649795234,5.5744071,1.25126946,-0.858703554,7.55234098,-1.99331272,-8.55213547
490,1.87297726,7.28268623,-2.1161871,1.18932867,4.03864527,10.3227625,6.83288908,7.17256308,2.97754741,1.23930454,1.58643138,-12.5588484,-8.20666504,-0.834946632,5.55364227,1.24746633,-0.867218018,7.56401157,-2.02591801,-8.54471111
491,1.81704867,7.30322742,-2.1138463,1.20010591,4.06955242,10.3358335,6.84952736,7.18694448,2.98741865,1.18266976,1.57128787,-12.5569134,-8.19396114,-1.01921761,5.53070974,1.24458408,-0.875746191,7.57566404,-2.05824733,-8.53710747
492,1.76085246,7.32354546,-2.11116242,1.21090591,4.10054874,10.3488483,6.86585474,7.20113182,2.99609947,1.12561357,1.55845845,-12.5547295,-8.17835331,-1.20178998,5.50597191,1.24276233,-0.884109557,7.58726597,-2.09040141,-8.52926636
493,1.70466852,7.34356356,-2.10814142,1.22163916,4.13158464,10.3617706,6.88186073,7.21540785,3.00391936,1.06759357,1.54757023,-12.5520935,-8.1601696,-1.38397813,5.47883558,1.24168479,-0.892677784,7.59883022,-2.12212396,-8.521245
494,1.64818537,7.36324501,-2.10466695,1.23232341,4.16273642,10.3744936,6.89742041,7.22985554,3.01085258,1.00883257,1.53903687,-12.5491428,-8.13925552,-1.5646013,5.44992352,1.2415942,-0.901060641,7.61038399,-2.15379977,-8.51303101
495,1.59161937,7.38270521,-2.10086417,1.2429899,4.19400835,10.3870735,6.91256189,7.24442005,3.01690102,0.949226975,1.53264427,-12.5458441,-8.11565018,-1.74428523,5.41888046,1.24228013,-0.909550607,7.62188721,-2.18507886,-8.50462532
496,1.53452134,7.4017787,-2.09654045,1.25360692,4.22536945,10.3995724,6.9273982,7.2589221,3.02192616,0.888972163,1.52850831,-12.5422812,-8.08920193,-1.92269015,5.38604832,1.24387848,-0.917792797,7.63350201,-2.21659827,-8.49591351
497,1.47779763,7.42064333,-2.09201717,1.26418209,4.25664663,10.4120655,6.94196796,7.27313519,3.02578831,0.828475952,1.52641189,-12.5386219,-8.06009865,-2.09938669,5.35121775,1.24615431,-0.926179469,7.64495182,-2.24737573,-8.48710251
498,1.42072117,7.43919945,-2.08701158,1.27471328,4.28815508,10.4242544,6.95598698,7.28776503,3.02893996,0.766875267,1.52670956,-12.5346069,-8.02823639,-2.27504492,5.31446743,1.24919069,-0.934537828,7.65642071,-2.27806091,-8.47804546
499,1.36354148,7.45745897,-2.0816617,1.28520596,4.31958675,10.4364748,6.96978951,7.30198097,3.03087211,0.705227613,1.52914393,-12.5305567,-7.99364948,-2.44852352,5.27617025,1.25301468,-0.942706883,7.66789579,-2.3086071,-8.46877193
500,1.30603456,7.47539568,-2.07581377,1.29563892,4.35123587,10.4483604,6.98300695,7.31664515,3.03211355,0.642467082,1.53397393,-12.5261993,-7.95629406,-2.62097883,5.23592758,1.25748432,-0.95090121,7.67937183,-2.33901596,-8.45928574
501,1.24851573,7.4930563,-2.0696311,1.30603445,4.38285446,10.460227,6.99595213,7.33101273,3.03220177,0.579608917,1.54100585,-12.5218344,-7.91624117,-2.79114914,5.19422626,1.26265943,-0.958943605,7.6908288,-2.36917877,-8.44958782
502,1.19081211,7.51041412,-2.06300735,1.31637454,4.41459465,10.4718313,7.00836897,7.34557724,3.03145623,0.516045868,1.55036116,-12.5173254,-7.87345839,-2.9597435,5.15075588,1.26837873,-0.967037439,7.70227528,-2.39909673,-8.43970585
503,1.13302004,7.5275526,-2.05604124,1.3266902,4.44642973,10.4832973,7.02040386,7.36011267,3.02973866,0.451856911,1.56191742,-12.5126543,-7.8278451,-3.12707663,5.10549259,1.27467644,-0.975105882,7.71365547,-2.42871189,-8.4295845
504,1.07518339,7.54441738,-2.04872322,1.33696258,4.47825098,10.4946938,7.03212833,7.37440681,3.02693415,0.387439489,1.57558262,-12.5079641,-7.77947474,-3.29257011,5.05861759,1.28147447,-0.983136475,7.72501993,-2.45805931,-8.41924667
505,1.01716912,7.5608983,-2.0409143,1.34714592,4.51012182,10.5058479,7.04335546,7.38881779,3.02326941,0.322772771,1.59176111,-12.5033102,-7.72860146,-3.45509791,5.01080942,1.28888083,-0.990924776,7.73643208,-2.48736572,-8.40873337
506,0.959214687,7.57718182,-2.03280497,1.35730159,4.54205513,10.5168648,7.0541873,7.40314198,3.01861954,0.25761795,1.6100632,-12.498559,-7.67489147,-3.61623454,4.96125317,1.29671025,-0.998750091,7.74772167,-2.51622152,-8.39802265
507,0.900824606,7.59309673,-2.02414942,1.36739171,4.57412243,10.5275803,7.06447792,7.41767597,3.01315427,0.191799358,1.63079095,-12.4937181,-7.61837435,-3.77564788,4.91027212,1.30494463,-1.00647259,7.75916147,-2.54519463,-8.38699436
508,0.842632949,7.6087718,-2.01518631,1.37742758,4.60616589,10.5381775,7.07440186,7.43201113,3.00664449,0.125988454,1.65368962,-12.4889765,-7.55930996,-3.93242884,4.85811663,1.31355488,-1.014184,7.7704339,-2.57362652,-8.37589931
509,0.784295142,7.62422609,-2.00585413,1.38744092,4.63831234,10.5485592,7.08383608,7.44634533,2.99923944,0.0597280785,1.67883205,-12.48417,-7.49740553,-4.08750725,4.80456066,1.32253063,-1.02182162,7.78169823,-2.60185194,-8.36452675
510,0.725696862,7.63924122,-1.99599683,1.39735472,4.67041111,10.5588408,7.0929656,7.46043444,2.99081612,-0.00641501369,1.70625103,-12.4794893,-7.43298054,-4.23961878,4.75035858,1.33193564,-1.02914393,7.79307461,-2.63022327,-8.35288429
511,0.667208612,7.6541481,-1.98584008,1.40724957,4.70275021,10.5685921,7.10125208,7.47512388,2.98180032,-0.0736446232,1.73614347,-12.4746284,-7.36568832,-4.39052057,4.69430733,1.34139657,-1.0367918,7.8043108,-2.65788698,-8.34113407
512,0.608572841,7.66865349,-1.97521412,1.41705501,4.73499584,10.5783195,7.10932064,7.48937464,2.97167134,-0.140519291,1.76811957,-12.4699287,-7.29586792,-4.53848124,4.63769722,1.35125339,-1.04407012,7.81556177,-2.68561292,-8.32914639
513,0.549755692,7.68295336,-1.96417463,1.42685211,4.76741791,10.5876913,7.116714,7.50383234,2.96076798,-0.207878992,1.80241466,-12.4652157,-7.2232089,-4.68456507,4.5798111,1.36121058,-1.05143225,7.82685471,-2.71305752,-8.31688499
514,0.4911744,7.69693422,-1.95282841,1.43654287,4.79967308,10.5970793,7.12395525,7.51780796,2.94875526,-0.275015265,1.83866251,-12.4605436,-7.14804697,-4.82815933,4.52107477,1.37134683,-1.0586561,7.83805275,-2.74017763,-8.30447197
515,0.432580829,7.71066523,-1.94108844,1.4461863,4.83199358,10.6061859,7.13066435,7.53176737,2.93590832,-0.342167705,1.87723529,-12.4559603,-7.07039976,-4.96881247,4.46181011,1.38169193,-1.0657779,7.84912586,-2.76694179,-8.29194546
516,0.37331596,7.72394133,-1.92867148,1.45575571,4.86443996,10.6149006,7.13668394,7.54598284,2.92238116,-0.40970847,1.9181031,-12.451376,-6.98997545,-5.10742807,4.40168905,1.39209318,-1.07269764,7.8605876,-2.79419351,-8.27891445
517,0.314677715,7.7371726,-1.91616333,1.46528924,4.8968997,10.6233616,7.14224577,7.56014347,2.90795445,-0.477434874,1.96121383,-12.446723,-6.90694237,-5.24367332,4.34068441,1.4025948,-1.0796771,7.8715663,-2.82042742,-8.2659874
518,0.256100297,7.75016165,-1.90331709,1.4747833,4.92932034,10.631773,7.14750671,7.57387495,2.89247513,-0.545083463,2.0061295,-12.4419909,-6.82124805,-5.37801886,4.27851343,1.41288626,-1.08685493,7.88257074,-2.84623313,-8.25282669
519,0.197016969,7.76271582,-1.88981581,1.48418391,4.96188879,10.6395884,7.15192413,7.58814001,2.87651992,-0.612869561,2.05372524,-12.437438,-6.73312712,-5.5088563,4.21664095,1.42338812,-1.09358084,7.89377785,-2.87244225,-8.2393198
520,0.137984067,7.77493811,-1.87590981,1.49349403,4.99436426,10.6473331,7.15606642,7.602005,2.85955191,-0.680479646,2.10321975,-12.4328394,-6.64243698,-5.63741398,4.15404797,1.43381035,-1.10030127,7.90491533,-2.89835095,-8.22563934
521,0.078860417,7.78691721,-1.86162889,1.50277448,5.02686501,10.6548557,7.15973425,7.61570644,2.8417685,-0.747881114,2.15471125,-12.4282417,-6.54924679,-5.76329899,4.09122181,1.44427407,-1.10678947,7.91608191,-2.9241724,-8.21166325
522,0.0201183669,7.7987833,-1.84709859,1.5119952,5.05951881,10.661747,7.16249752,7.62997103,2.8234632,-0.816097319,2.20874763,-12.4233446,-6.45334053,-5.88729334,4.02735043,1.45443797,-1.11355221,7.92693996,-2.94910932,-8.19775963
523,-0.0386929289,7.81037664,-1.83219039,1.52119541,5.0920682,10.6686831,7.16510439,7.64354038,2.80409861,-0.883311033,2.26434636,-12.4186649,-6.35513592,-6.00796747,3.96375823,1.46458244,-1.12006807,7.93786764,-2.97398376,-8.18354225
524,-0.0977271274,7.8215394,-1.81670678,1.53026116,5.12467957,10.6750994,7.16695404,7.6574769,2.78416824,-0.951136649,2.32240653,-12.4136553,-6.25423861,-6.12666035,3.89950442,1.47444022,-1.12661278,7.94889402,-2.99884272,-8.16904831
525,-0.156787515,7.83239985,-1.80078948,1.53926528,5.15726137,10.6812792,7.16835117,7.6712327,2.76349735,-1.01834965,2.38238835,-12.4087696,-6.15124559,-6.24185228,3.83577442,1.48425424,-1.13292992,7.95989466,-3.02354956,-8.15437984
526,-0.215596169,7.84315157,-1.78464389,1.54825532,5.18988037,10.6871071,7.1691432,7.68495941,2.74211454,-1.08549809,2.44429135,-12.4036942,-6.04570055,-6.3546834,3.77165604,1.4938072,-1.13929915,7.97068882,-3.04765606,-8.13964081
527,-0.27474308,7.85342979,-1.76789415,1.5571239,5.22248602,10.6925745,7.16936636,7.69875717,2.72009516,-1.15272546,2.50835657,-12.3983536,-5.93769598,-6.46506166,3.70753217,1.50310576,-1.14551938,7.98177624,-3.07203913,-8.12444115
528,-0.333604455,7.86353493,-1.75091565,1.56594825,5.25500584,10.6979141,7.16929054,7.71216106,2.69723296,-1.21935833,2.57416797,-12.3929348,-5.82748318,-6.57239962,3.643749,1.5123086,-1.15156925,7.99262524,-3.0959568,-8.10919857
529,-0.392746568,7.87338829,-1.73340201,1.57474875,5.28774786,10.7025051,7.1681695,7.7261467,2.67401123,-1.28630602,2.64234376,-12.3872375,-5.71464825,-6.67722082,3.57997942,1.52118254,-1.15760314,8.00352764,-3.1197536,-8.09367275
530,-0.451788098,7.88289833,-1.71545589,1.5834372,5.32044077,10.706728,7.16650963,7.74011946,2.65013909,-1.35311306,2.71262646,-12.3812876,-5.59952211,-6.77922106,3.51644897,1.52971983,-1.16366398,8.01434135,-3.14321876,-8.07802296
531,-0.510431945,7.89223766,-1.69732916,1.59207499,5.35298824,10.7109051,7.16460419,7.75357008,2.62543344,-1.41936409,2.7843399,-12.3749838,-5.48222065,-6.87874603,3.45297527,1.53786504,-1.16975987,8.02502823,-3.16614962,-8.06226826
532,-0.569086313,7.90133572,-1.67878532,1.60066473,5.38560247,10.7145376,7.16191578,7.76726341,2.60026765,-1.48550856,2.85806227,-12.3683615,-5.36264372,-6.97548628,3.38986182,1.5456568,-1.17584562,8.03562641,-3.18877244,-8.0463953
533,-0.628174663,7.90997314,-1.65961957,1.60915411,5.41821814,10.7176962,7.15859032,7.78108549,2.57462788,-1.55149007,2.93388414,-12.3613892,-5.24073982,-7.06939745,3.32751632,1.55332279,-1.18155885,8.04652596,-3.21186996,-8.02997303
534,-0.686852813,7.91837835,-1.64021051,1.61756396,5.45066833,10.7207651,7.15498018,7.79442978,2.54821277,-1.61690724,3.01106119,-12.3539467,-5.11677217,-7.16081429,3.26529598,1.56042862,-1.18745518,8.0572176,-3.23431969,-8.01355171
535,-0.745356619,7.92674732,-1.62052453,1.62599432,5.4833436,10.7230167,7.15030527,7.80838633,2.52150536,-1.68253648,3.09061146,-12.3460283,-4.9903512,-7.24949837,3.20354915,1.56716383,-1.19340861,8.06766033,-3.25613022,-7.99712801
536,-0.803883851,7.93463564,-1.60031188,1.63426936,5.51583719,10.724966,7.14517975,7.82218218,2.4943428,-1.74758744,3.17172837,-12.3377056,-4.86221457,-7.33513689,3.14269972,1.57343304,-1.19936395,8.07821751,-3.2779243,-7.98047304
537,-0.862472236,7.94230127,-1.57973123,1.64253247,5.54833269,10.7266054,7.13957119,7.83582211,2.46663404,-1.81198108,3.25437689,-12.3289757,-4.73200941,-7.41779566,3.0828979,1.57961237,-1.20496953,8.08877087,-3.29970407,-7.96350336
538,-0.921207547,7.94957781,-1.55862129,1.65068471,5.58083534,10.7276306,7.13316059,7.84976244,2.43853045,-1.87664878,3.33924866,-12.3193941,-4.59934807,-7.49823761,3.02339888,1.58524096,-1.21066129,8.09940815,-3.3214097,-7.94623613
539,-0.979529738,7.95676517,-1.53732491,1.65883863,5.61327744,10.7284365,7.12633133,7.8633132,2.40983009,-1.94049335,3.42521977,-12.3092766,-4.4648366,-7.57593346,2.96456432,1.59033108,-1.21653271,8.10978127,-3.34236217,-7.92901182
540,-1.03813696,7.96350431,-1.51540315,1.66686034,5.64579058,10.7283077,7.11839962,7.87766981,2.38108921,-2.00476527,3.51375461,-12.2983141,-4.3281045,-7.65096712,2.9066515,1.59501493,-1.22231281,8.12032795,-3.36348486,-7.91143703
541,-1.09597433,7.97025728,-1.49353015,1.6748929,5.67808676,10.7283525,7.11051369,7.89109516,2.35153604,-2.06768632,3.60284591,-12.2868032,-4.18990803,-7.72307301,2.8497045,1.5992595,-1.22819889,8.13046551,-3.38365149,-7.89402914
542,-1.15398145,7.9766016,-1.47111225,1.68282318,5.71035814,10.7277241,7.10178757,7.90486908,2.32186007,-2.1303947,3.69372916,-12.2745104,-4.04991484,-7.79238176,2.79391527,1.6031338,-1.23398113,8.14071465,-3.40389657,-7.87632847
543,-1.21239817,7.9824667,-1.44801617,1.69064879,5.74264956,10.7264671,7.09226894,7.91892576,2.29191327,-2.19305396,3.78658175,-12.2612619,-3.90770006,-7.8592,2.73907375,1.60662401,-1.23964655,8.15118027,-3.42442751,-7.85814905
544,-1.27063632,7.98805857,-1.424577,1.69840419,5.77486324,10.7246685,7.0820899,7.9330945,2.26175237,-2.25523782,3.88096213,-12.2472019,-3.76379204,-7.92315388,2.68549967,1.60969865,-1.2453078,8.16161919,-3.44469404,-7.83979034
545,-1.3284142,7.99364185,-1.40101385,1.70615375,5.80711412,10.7222223,7.07110071,7.94747114,2.23126459,-2.31746054,3.97722983,-12.2318983,-3.61776352,-7.98482561,2.63250017,1.6121546,-1.25125504,8.17164421,-3.46404052,-7.82163239
546,-1.38618672,7.99897766,-1.37702417,1.71388566,5.83937931,10.7192602,7.05943394,7.961905,2.20056295,-2.37904429,4.07477427,-12.2156963,-3.47008443,-8.04365063,2.58084416,1.61419928,-1.25720966,8.18163776,-3.48314381,-7.80326653
547,-1.44357789,8.00399113,-1.35277975,1.72149825,5.87136555,10.7161293,7.04754114,7.97600079,2.16959739,-2.4395895,4.17307568,-12.1986971,-3.32154155,-8.09947968,2.53081656,1.61588275,-1.26312315,8.19159412,-3.5019958,-7.78482628
548,-1.5015502,8.00848293,-1.32775533,1.72900534,5.90344763,10.7118988,7.03440475,7.99091959,2.13874459,-2.50052547,4.27383566,-12.1802883,-3.17071986,-8.15287876,2.4819622,1.61716986,-1.26897085,8.20182323,-3.52122259,-7.76584339
549,-1.55901849,8.01287079,-1.30262434,1.73649859,5.93535328,10.7075968,7.0210681,8.00531101,2.10747147,-2.56041193,4.37506866,-12.1608067,-3.01878381,-8.20372772,2.43430662,1.61797178,-1.27493656,8.21182251,-3.53981185,-7.7469039
550,-1.61641169,8.01690197,-1.2770834,1.74390209,5.96713495,10.702858,7.00722122,8.0196619,2.07600856,-2.61971045,4.47754908,-12.140131,-2.86543918,-8.25191307,2.388134,1.61842668,-1.28087258,8.22184277,-3.5582962,-7.72771931
551,-1.67349768,8.02088547,-1.25128138,1.75130868,5.99905968,10.6969633,6.99206829,8.03483009,2.04470801,-2.67928672,4.58215427,-12.117877,-2.71010828,-8.29772377,2.34293127,1.61814916,-1.28722513,8.23153114,-3.57592297,-7.70870543
552,-1.73021841,8.02471256,-1.2252841,1.75867379,6.03087091,10.6906195,6.97638464,8.04991436,2.01320338,-2.73833013,4.68790531,-12.094182,-2.55342913,-8.34108162,2.29899025,1.61737394,-1.2937479,8.24101448,-3.59298706,-7.6897192
553,-1.78771162,8.02778912,-1.19837737,1.76590359,6.06253767,10.683795,6.96016645,8.06509876,1.98183441,-2.79646111,4.79454803,-12.0693979,-2.3957994,-8.38150787,2.25730085,1.6167047,-1.29972804,8.2511282,-3.61114216,-7.66978836
554,-1.84426367,8.03097916,-1.17161679,1.77312422,6.0941124,10.6764069,6.94329691,8.08029652,1.95026171,-2.85435438,4.90251684,-12.0428333,-2.23675251,-8.41975021,2.21648574,1.61533237,-1.30614197,8.26057148,-3.62797427,-7.65040684
555,-1.90141308,8.03350449,-1.14400554,1.78022158,6.1256175,10.6682243,6.9255867,8.0959301,1.9189862,-2.91171384,5.0117631,-12.0149078,-2.07662654,-8.45522594,2.17771363,1.613747,-1.31240678,8.27052212,-3.64545703,-7.63027048
556,-1.95803535,8.03592873,-1.11627126,1.78727508,6.15702724,10.6593122,6.90709877,8.11183262,1.8878088,-2.96874809,5.12233114,-11.9852734,-1.91539407,-8.48826408,2.14033866,1.61167419,-1.31890929,8.28012085,-3.66218495,-7.61035395
557,-2.01436305,8.0383358,-1.08833385,1.79438365,6.18848562,10.6496916,6.88778734,8.12790489,1.8566587,-3.02535295,5.2339263,-11.9538269,-1.75281787,-8.51908302,2.10415292,1.60903478,-1.32573974,8.28943253,-3.67813492,-7.59052753
558,-2.07060146,8.04019737,-1.05994356,1.80131733,6.21961689,10.6397429,6.86816931,8.14384937,1.82557034,-3.08112264,5.34618139,-11.9208422,-1.58983016,-8.54738903,2.0698595,1.60612941,-1.33252287,8.29892635,-3.69425845,-7.5703783
559,-2.12694097,8.04182339,-1.03111267,1.80826831,6.25077343,10.6290874,6.84776688,8.15999603,1.79461253,-3.13637424,5.4594264,-11.8860044,-1.42559743,-8.57339001,2.0371325,1.60298395,-1.33926845,8.30847549,-3.71030092,-7.54986191
560,-2.18273878,8.0432415,-1.00213933,1.81513345,6.2817049,10.6179008,6.82684898,8.17619133,1.76384366,-3.19093084,5.57340765,-11.8494806,-1.26107299,-8.59692383,2.00607729,1.59935343,-1.34636676,8.3177042,-3.72560239,-7.52964735
561,-2.23877835,8.04424667,-0.972592711,1.8219322,6.3126235,10.6057177,6.80488443,8.1929388,1.73336041,-3.24547291,5.68899441,-11.8106441,-1.09502244,-8.61842155,1.97647834,1.59547067,-1.35334218,8.32714367,-3.7411654,-7.50886822
562,-2.29412603,8.04535389,-0.943054676,1.82877696,6.34354401,10.5925484,6.78191185,8.21017265,1.70330238,-3.29966331,5.80561399,-11.7697706,-0.928402603,-8.63763618,1.94830251,1.59092855,-1.36089957,8.3360157,-3.75545883,-7.48865747
563,-2.34985685,8.0456934,-0.912776172,1.83544362,6.37411356,10.5792246,6.75883722,8.22710705,1.67342734,-3.3526082,5.92226362,-11.7273874,-0.76184845,-8.65434933,1.92238951,1.58645427,-1.3681742,8.34546471,-3.77055264,-7.46761036
564,-2.40551901,8.04589748,-0.882112205,1.84212744,6.40483093,10.5643044,6.73415613,8.24517918,1.6443001,-3.40583658,6.04098225,-11.6824436,-0.593906999,-8.66887569,1.89794302,1.58157849,-1.37568986,8.35462666,-3.78507829,-7.44663382
565,-2.46058154,8.04588604,-0.851387203,1.8487395,6.43519306,10.5495262,6.70964241,8.2625246,1.61498547,-3.45779181,6.15932465,-11.6356735,-0.426196814,-8.68136597,1.87510407,1.57635248,-1.38341951,8.36360741,-3.7990787,-7.42574549
566,-2.51550364,8.0457058,-0.820380628,1.85536039,6.46551371,10.5338678,6.68422365,8.28024006,1.58614993,-3.50935006,6.27846622,-11.5865593,-0.257997274,-8.69191074,1.85374141,1.57083321,-1.39126718,8.37249947,-3.81274152,-7.40475321
567,-2.57040143,8.04515171,-0.788873136,1.86191368,6.4957757,10.5169621,6.65766525,8.29876804,1.55813038,-3.56054807,6.39891815,-11.5352774,-0.0893169194,-8.70001221,1.8344239,1.56511152,-1.39928937,8.3813982,-3.82620263,-7.38361025
568,-2.62512136,8.04425144,-0.757060766,1.8683964,6.52579498,10.4996643,6.6306901,8.31711197,1.53026807,-3.61111736,6.51960325,-11.4815025,0.0794372633,-8.70652008,1.81636763,1.55892551,-1.4075532,8.39030743,-3.83944273,-7.36228228
569,-2.67937231,8.04330063,-0.725130677,1.87488925,6.5557642,10.4813261,6.60276937,8.33600044,1.50313485,-3.66113544,6.64112949,-11.4255152,0.248221055,-8.71078968,1.80016398,1.55259132,-1.41599298,8.39883041,-3.85195255,-7.34125853
570,-2.73378015,8.04188633,-0.692661285,1.88132465,6.58557081,10.4623299,6.57422686,8.35503101,1.47649324,-3.71045494,6.76304102,-11.3671646,0.417063683,-8.71316051,1.78569651,1.54612339,-1.42444718,8.40761852,-3.86465454,-7.31971312
571,-2.78816032,8.04001236,-0.659722507,1.88766146,6.61516857,10.4424868,6.54492712,8.37439442,1.45047283,-3.75923252,6.8854661,-11.3063631,0.585788488,-8.71375561,1.7727927,1.53936982,-1.43307257,8.41644573,-3.87727928,-7.2979641
572,-2.84165287,8.03830147,-0.626980126,1.89403939,6.64466953,10.4217434,6.51481962,8.39407158,1.42508507,-3.80744839,7.00859261,-11.2430439,0.754407883,-8.71238041,1.76150668,1.53229797,-1.4420979,8.42465305,-3.888695,-7.27685642
573,-2.89527893,8.03617477,-0.593727052,1.90037549,6.67403126,10.4000893,6.48387384,8.41414547,1.4004997,-3.85506725,7.13209248,-11.1772356,0.922632456,-8.7092905,1.75186813,1.52510309,-1.4511888,8.43302441,-3.90017772,-7.25538492
574,-2.94911814,8.03343773,-0.559815466,1.90661907,6.70318794,10.3777943,6.45240116,8.4343605,1.3765738,-3.90175176,7.25563717,-11.10921,1.09048939,-8.70431805,1.74411738,1.51790428,-1.46026242,8.4417429,-3.91198611,-7.23331165
575,-3.00242424,8.03070259,-0.525889039,1.9128865,6.73223162,10.3545198,6.4200449,8.45493984,1.35337555,-3.94797444,7.37970972,-11.038393,1.25800157,-8.69779205,1.73770654,1.51036298,-1.46969712,8.4500351,-3.92294264,-7.21161747
576,-3.05531836,8.02779675,-0.491804719,1.91912615,6.76112556,10.3302088,6.38675737,8.47595978,1.33105826,-3.99375582,7.50446463,-10.964736,1.42506123,-8.68969536,1.73280525,1.50251877,-1.47946179,8.45806885,-3.93328667,-7.19013357
577,-3.10849547,8.02427292,-0.457049757,1.92529094,6.78981066,10.3052063,6.35290956,8.49712086,1.30948424,-4.0386157,7.62915373,-10.8886795,1.59156764,-8.67993546,1.7296412,1.49475145,-1.48914802,8.46642494,-3.94399476,-7.16799831
578,-3.16127181,8.0206356,-0.422147393,1.93144584,6.81839371,10.2786283,6.31766033,8.51920319,1.28923035,-4.08329582,7.75497723,-10.8094826,1.75770485,-8.6686573,1.72796047,1.48670924,-1.49914873,8.47450542,-3.95407438,-7.14609432
579,-3.21415496,8.01640511,-0.386666507,1.93751001,6.84672642,10.251379,6.28187656,8.54142761,1.26988614,-4.12700987,7.88054371,-10.7279749,1.92273629,-8.6558876,1.72798312,1.47862911,-1.50924993,8.4828701,-3.9643383,-7.12372732
580,-3.26579952,8.01265335,-0.351767659,1.94370329,6.87490797,10.2238274,6.24584675,8.56326962,1.25086784,-4.16979456,8.00551224,-10.6438131,2.08650684,-8.64208317,1.72892582,1.47003579,-1.51999259,8.49027252,-3.97284961,-7.10253
581,-3.31865597,8.00761318,-0.315396696,1.94968498,6.90288687,10.194437,6.20825911,8.58638954,1.23375893,-4.21217155,8.13162613,-10.5567913,2.24991918,-8.62650967,1.73205137,1.46190226,-1.53024828,8.498806,-3.98302841,-7.07958889
582,-3.37011576,8.00323582,-0.279737532,1.95585585,6.93082476,10.1644669,6.17013311,8.6092968,1.21713948,-4.25379705,8.25738907,-10.4667807,2.41209745,-8.61007786,1.73593402,1.45304763,-1.54139483,8.5061245,-3.99100304,-7.05817366
583,-3.42194581,7.99794006,-0.243316352,1.96182203,6.95832109,10.1337595,6.13153219,8.63243008,1.20170701,-4.29440117,8.38303947,-10.3744831,2.57294369,-8.5921793,1.74170148,1.44458973,-1.55221212,8.5140543,-3.99989486,-7.03580093
584,-3.47353888,7.99240303,-0.206595063,1.96780217,6.98568344,10.102005,6.0920558,8.65595245,1.18750632,-4.33420515,8.50854588,-10.279562,2.73245168,-8.57315922,1.7488271,1.43591607,-1.56338882,8.52188587,-4.0082984,-7.0134902
585,-3.52472615,7.98684978,-0.169768289,1.97384071,7.01300669,10.0684423,6.05097961,8.68042088,1.17504573,-4.37368107,8.63489056,-10.181262,2.89106536,-8.55307865,1.75719941,1.42700708,-1.57491875,8.52931499,-4.01590538,-6.99154902
586,-3.57545877,7.98108196,-0.132892296,1.97986197,7.03999186,10.0350084,6.01016617,8.7042284,1.16300654,-4.41172981,8.75990677,-10.0809908,3.04766989,-8.53205776,1.76684427,1.41809058,-1.58663476,8.5365963,-4.02307558,-6.96975231
587,-3.62679172,7.97433138,-0.0950259119,1.9857204,7.06670141,9.99988079,5.967906,8.72892857,1.15285611,-4.44933653,8.88569069,-9.97740555,3.20335245,-8.51010036,1.77797031,1.40929937,-1.59818447,8.54456997,-4.03116131,-6.9467659
588,-3.67714906,7.96796417,-0.0575210676,1.99171829,7.09335756,9.96359253,5.92469215,8.75396252,1.14404023,-4.48611021,9.0112915,-9.87108135,3.35731936,-8.48725128,1.79014838,1.40006554,-1.61047161,8.55162048,-4.03756571,-6.92501831
589,-3.72762179,7.96099663,-0.0195047073,1.99764514,7.11968327,9.92680073,5.88118362,8.77891636,1.13638794,-4.52163363,9.13598537,-9.76267815,3.5092504,-8.4635601,1.80369818,1.39122522,-1.62247062,8.55900383,-4.04442024,-6.90266562
590,-3.77764177,7.95394421,0.0186258685,2.00360608,7.14589977,9.88817787,5.83605146,8.80462456,1.13055897,-4.55682755,9.26148129,-9.65050316,3.65999532,-8.43934441,1.81820011,1.381724,-1.63526332,8.56599808,-4.05025959,-6.88074732
591,-3.82762265,7.94644499,0.0571292229,2.00954223,7.17182827,9.84908676,5.7907176,8.83025265,1.12603235,-4.59051561,9.38575363,-9.53674316,3.80851603,-8.41417027,1.83416247,1.37278306,-1.64770997,8.57318687,-4.05636597,-6.85845232
592,-3.87740612,7.93854761,0.0959160626,2.01542544,7.19745731,9.80880642,5.7444315,8.85621071,1.12319243,-4.62337399,9.5099535,-9.42016983,3.95505571,-8.38846684,1.85121071,1.36375737,-1.66036785,8.58036804,-4.06227064,-6.83606863
593,-3.9268105,7.93056679,0.134825155,2.02137256,7.22297621,9.76710129,5.69691944,8.88255596,1.12206674,-4.65548563,9.63411713,-9.3004303,4.09987926,-8.36245918,1.86912298,1.35440016,-1.67348254,8.58720303,-4.06740236,-6.81402111
594,-3.97610927,7.92207575,0.174130946,2.02725267,7.24818516,9.7241888,5.64850807,8.9092226,1.12280118,-4.68649387,9.75817871,-9.17818356,4.24279404,-8.33564854,1.88838673,1.34513748,-1.68676054,8.59407616,-4.07241011,-6.7918334
595,-4.02526045,7.91331959,0.213743359,2.03318048,7.27323103,9.68006802,5.59911013,8.93615055,1.12530971,-4.7164979,9.88164997,-9.05334473,4.38356113,-8.30864811,1.90850759,1.33584881,-1.70015693,8.60094261,-4.0771842,-6.76952171
596,-4.07372761,7.90452671,0.253192395,2.0391233,7.29797173,9.63517952,5.54917479,8.96296501,1.12928665,-4.74534607,10.0042858,-8.92625999,4.52175331,-8.28147984,1.9294337,1.3262924,-1.71406364,8.60734558,-4.08102798,-6.74787378
597,-4.12247944,7.89507246,0.293333948,2.04502821,7.32248449,9.58875465,5.49802685,8.99029732,1.13562715,-4.77301836,10.1268444,-8.79673004,4.65800619,-8.25367069,1.95168114,1.31713474,-1.72775412,8.61407566,-4.08527946,-6.72556925
598,-4.17062902,7.88554955,0.333372533,2.05095816,7.34670258,9.54166603,5.44642067,9.01735497,1.14332807,-4.79949188,10.2484264,-8.66488647,4.79173851,-8.22591591,1.97459209,1.30773151,-1.74185336,8.62047195,-4.08877993,-6.70369959
599,-4.21892738,7.87529993,0.374053687,2.05680227,7.37060595,9.49242783,5.39301729,9.04524517,1.15401685,-4.82508659,10.3703861,-8.53015041,4.9231658,-8.19807529,1.99850738,1.29831541,-1.75609982,8.62718487,-4.09250402,-6.68129539
600,-4.26645994,7.86534977,0.414418489,2.06281185,7.39439917,9.44276714,5.33938837,9.07268333,1.16592896,-4.84914351,10.490839,-8.39378452,5.05197763,-8.17011261,2.02309418,1.28878593,-1.77075684,8.63309002,-4.09492731,-6.65996552
601,-4.31406546,7.85472345,0.455289036,2.06874156,7.41780519,9.39228439,5.28518963,9.09996319,1.17964804,-4.87186241,10.6104918,-8.25529861,5.17833328,-8.14216614,2.0485754,1.27947295,-1.78529572,8.63942242,-4.09777117,-6.63790226
602,-4.36133385,7.84396982,0.496282369,2.07474041,7.44102669,9.3399601,5.22951031,9.12775326,1.19621897,-4.89332438,10.7298727,-8.11470604,5.30206347,-8.11412525,2.07490706,1.2701664,-1.80010986,8.6454258,-4.09997034,-6.61628437
603,-4.40848112,7.8326683,0.53761059,2.08067489,7.4638629,9.2865839,5.17304707,9.15546608,1.21496475,-4.91340065,10.8485117,-7.97214699,5.42319489,-8.08622456,2.10201263,1.26098776,-1.81490648,8.65160179,-4.10229254,-6.59431171
604,-4.45554399,7.8209362,0.579352677,2.08663416,7.48647547,9.2315197,5.11517096,9.18334675,1.23625743,-4.93228674,10.966898,-7.82688856,5.54182911,-8.05868626,2.12973642,1.25146902,-1.8302238,8.6577177,-4.10415411,-6.57231903
605,-4.50206852,7.80909681,0.620974064,2.0926125,7.5087533,9.17573547,5.0568614,9.21090984,1.25954556,-4.94950247,11.0840998,-7.6803689,5.65761805,-8.03118134,2.15820861,1.24220204,-1.84550369,8.66353607,-4.10560036,-6.55069065
606,-4.54848623,7.79692507,0.662928224,2.09866047,7.53082895,9.11871052,4.99756765,9.23834705,1.28508615,-4.96531153,11.2003794,-7.53192663,5.77060843,-8.00418377,2.18715835,1.23279536,-1.8610853,8.66928864,-4.1066618,-6.5290637
607,-4.59435272,7.78468943,0.704784811,2.10473895,7.55260706,9.05978966,4.9367528,9.2660675,1.31398475,-4.97955132,11.3164196,-7.38181829,5.88081646,-7.97727013,2.2168889,1.22341585,-1.8769381,8.67460251,-4.10700369,-6.50810575
608,-4.64045525,7.77180243,0.747315288,2.11084604,7.57414579,8.99934006,4.87469721,9.29370689,1.34554708,-4.99227953,11.4317856,-7.22959185,5.98845053,-7.95086908,2.24716997,1.21407127,-1.89283097,8.68021202,-4.10752439,-6.48649549
609,-4.68602753,7.75854492,0.789808452,2.11688495,7.5952158,8.93847847,4.81244707,9.32064533,1.37893152,-5.00327539,11.5457478,-7.07637501,6.09293795,-7.92501163,2.27795625,1.20459843,-1.90906,8.68570423,-4.10765076,-6.4651022
610,-4.73135138,7.74516296,0.832424819,2.12302017,7.61607361,8.87578011,4.74870157,9.34763527,1.41562223,-5.01259232,11.6591806,-6.9215827,6.19460964,-7.89959764,2.30926299,1.19523621,-1.92536163,8.69093704,-4.10733175,-6.44399023
611,-4.77668095,7.73114395,0.875559032,2.12915492,7.63661051,8.8113308,4.68358707,9.37458515,1.45566988,-5.02002573,11.7719603,-6.76561642,6.29354572,-7.87437916,2.34130001,1.18595064,-1.94186163,8.69626617,-4.10689926,-6.42267942
612,-4.82116985,7.71749592,0.918152869,2.13541532,7.65691328,8.74603558,4.61782885,9.40086746,1.4979136,-5.02575827,11.8834715,-6.60853195,6.38920307,-7.85012054,2.37344074,1.17641377,-1.95875216,8.70074844,-4.10527802,-6.40259552
613,-4.86594391,7.70287037,0.96152699,2.14161086,7.67678404,8.68009186,4.55170441,9.42645741,1.54238069,-5.02948618,11.9935408,-6.45073605,6.4822135,-7.82625341,2.40622449,1.16729271,-1.97532511,8.70602131,-4.10447788,-6.38118267
614,-4.91008282,7.68836451,1.00463057,2.14790392,7.6964097,8.6124897,4.48424339,9.45175457,1.59020245,-5.03129482,12.1028652,-6.29206419,6.5721283,-7.80301285,2.43933082,1.15797782,-1.99234426,8.71050835,-4.10257435,-6.36094713
615,-4.95421219,7.67311573,1.04823804,2.15414572,7.71560001,8.54313278,4.41535616,9.4767313,1.64169133,-5.03107738,12.2115393,-6.13243914,6.65916014,-7.78042412,2.47297263,1.14865386,-2.00956774,8.71533012,-4.10078478,-6.34020853
616,-4.99820471,7.6575613,1.09208882,2.16046381,7.73451185,8.47170544,4.34474516,9.50138569,1.69714034,-5.02874565,12.3197155,-5.97167301,6.74335098,-7.75856829,2.50699759,1.13939583,-2.02685905,8.72001171,-4.0987215,-6.31953096
617,-5.0418067,7.641747,1.13596284,2.16683078,7.7530961,8.40000057,4.27410936,9.52499962,1.75450909,-5.02423811,12.4259796,-5.81120682,6.82461691,-7.73721218,2.54137516,1.1301918,-2.04433513,8.72449398,-4.09620619,-6.29915953
618,-5.08511829,7.62566996,1.17990851,2.17324185,7.77133846,8.32705116,4.20249224,9.54784775,1.81497574,-5.01761246,12.5310631,-5.65042305,6.90278339,-7.71680307,2.57589579,1.12099338,-2.06189084,8.72884178,-4.09341717,-6.27892017
619,-5.12835646,7.60898638,1.22426152,2.17965555,7.78919315,8.25181007,4.12896013,9.57022285,1.87996709,-5.00854063,12.6358833,-5.48872948,6.97830534,-7.69695711,2.61097336,1.1117537,-2.07971644,8.7331562,-4.0904026,-6.25861788
620,-5.17117882,7.59208632,1.26857138,2.18611026,7.80667973,8.17561913,4.05474949,9.5916338,1.94797122,-4.99710941,12.7392168,-5.32748127,7.05085802,-7.67786121,2.64629817,1.10258484,-2.09763598,8.73734856,-4.08706617,-6.23853827
621,-5.21391439,7.57486916,1.31317258,2.19267559,7.82390118,8.09729004,3.97876072,9.61231804,2.02021813,-4.98320341,12.8417778,-5.16582918,7.12058449,-7.65965271,2.68180847,1.09334946,-2.11575532,8.74130344,-4.08331156,-6.21867228
622,-5.25617027,7.55745792,1.35769236,2.19929218,7.84076118,8.0179739,3.9020431,9.63182354,2.09552169,-4.96682978,12.9429035,-5.00460672,7.18737841,-7.64229202,2.71751475,1.0839901,-2.13419962,8.74497223,-4.07896233,-6.19924116
623,-5.29849958,7.53934193,1.40271246,2.20591855,7.85721636,7.93715954,3.82415605,9.65029049,2.17462564,-4.94776583,13.0429468,-4.84364653,7.25158453,-7.62559032,2.75355268,1.0748986,-2.15245581,8.74893284,-4.07492399,-6.17921925
624,-5.34019423,7.52135849,1.44736743,2.21265006,7.87336111,7.85526514,3.74550104,9.66755199,2.25715613,-4.92598867,13.1414433,-4.68402338,7.3130374,-7.60942554,2.78978896,1.06584024,-2.170928,8.75224686,-4.07003069,-6.1602664
625,-5.38177872,7.50264549,1.49239504,2.21934676,7.88901663,7.77197456,3.66571474,9.68349934,2.34343743,-4.90148115,13.2388077,-4.52477312,7.3716979,-7.59424162,2.8262465,1.05660725,-2.18971324,8.75579453,-4.06511593,-6.14092541
626,-5.42329311,7.48351765,1.53771353,2.22614336,7.90438175,7.68780899,3.58537364,9.69805336,2.43271041,-4.87420416,13.3344126,-4.3667345,7.42803764,-7.57956934,2.86291575,1.04769421,-2.20828986,8.75940609,-4.06021738,-6.1213665
627,-5.46428871,7.464293,1.5828563,2.23300171,7.9193325,7.60083103,3.50258279,9.71138,2.52782273,-4.84369802,13.4295759,-4.20923996,7.48150969,-7.56594133,2.89966559,1.03840315,-2.22741723,8.76232529,-4.05438089,-6.10282755
628,-5.50523758,7.44454527,1.62834382,2.23993111,7.93393707,7.5131526,3.41941524,9.72311687,2.62593055,-4.81023884,13.5228281,-4.0535388,7.53280354,-7.55269289,2.93668818,1.02945185,-2.24635935,8.76551628,-4.04870176,-6.0838685
629,-5.54600048,7.42431068,1.67402816,2.24689603,7.94810247,7.42360449,3.33469486,9.73320389,2.72861791,-4.77352285,13.6150398,-3.89868498,7.58160782,-7.54034662,2.97386265,1.02037859,-2.26552248,8.76860046,-4.0427742,-6.06493282
630,-5.58616352,7.40411234,1.71939504,2.25395775,7.9619422,7.33310318,3.24927902,9.74145603,2.83460498,-4.73382139,13.7055206,-3.74566054,7.62778521,-7.5288887,3.01099467,1.01102602,-2.2851336,8.77098942,-4.03589725,-6.0470767
631,-5.62637806,7.38315344,1.76527834,2.26105905,7.97533989,7.24087667,3.16252589,9.74794674,2.94516993,-4.69062996,13.7945471,-3.5944171,7.67200184,-7.51791286,3.04839921,1.00187004,-2.30467653,8.7737608,-4.02927303,-6.02857447
632,-5.66619968,7.36212969,1.81096137,2.26824713,7.98837948,7.14784908,3.0752728,9.75246716,3.05913806,-4.64412403,13.881752,-3.44554782,7.71417427,-7.50731373,3.08588743,0.993028581,-2.32398725,8.77618885,-4.02237225,-6.01053762
633,-5.70588398,7.3404212,1.85700965,2.27545929,8.00092793,7.05245399,2.98604131,9.7549839,3.17868924,-4.5937829,13.9677496,-3.29864621,7.75423908,-7.49745941,3.12355518,0.983910382,-2.34375191,8.77866936,-4.01521301,-5.99243402
634,-5.74532461,7.318326,1.90316236,2.28275967,8.01311874,6.95648193,2.89652514,9.75527287,3.3010447,-4.54021835,14.051692,-3.15393472,7.79232168,-7.48825312,3.16130233,0.974758506,-2.36366987,8.78106308,-4.00776291,-5.97439003
635,-5.78425598,7.29631519,1.9489733,2.29016066,8.02493095,6.85837793,2.8052969,9.75331879,3.42890882,-4.48248291,14.1342058,-3.01207614,7.82872391,-7.47921419,3.19915223,0.965651751,-2.38368249,8.78259945,-3.99952579,-5.95760822
636,-5.82306051,7.27362347,1.9951148,2.29760146,8.03630352,6.75977945,2.71386027,9.74895763,3.55949354,-4.42146111,14.2145138,-2.87264967,7.86326218,-7.47095776,3.2371006,0.956438661,-2.40390658,8.78453064,-3.99135041,-5.94021416
637,-5.86188364,7.25029802,2.04167867,2.30513811,8.04721546,6.65813732,2.61988592,9.74201107,3.69692349,-4.35570431,14.2935114,-2.73611188,7.8963356,-7.46309042,3.27517605,0.947230697,-2.42422724,8.78637028,-3.98301911,-5.92282915
638,-5.90013885,7.22704124,2.08783269,2.31275749,8.05776882,6.55625772,2.52599812,9.73252296,3.83699584,-4.28638983,14.3700418,-2.60306525,7.92810011,-7.4553194,3.31332994,0.938203275,-2.44445491,8.78774166,-3.97423434,-5.90618515
639,-5.93814611,7.20340109,2.13405871,2.32046366,8.06788254,6.45235538,2.4304812,9.72013378,3.98226142,-4.21273184,14.4447575,-2.47310638,7.95818329,-7.44828844,3.35140252,0.928807557,-2.46514177,8.78872585,-3.96486807,-5.89005899
640,-5.97607803,7.17900944,2.1806581,2.32820892,8.07754612,6.34813404,2.33503222,9.70506382,4.13019419,-4.13534832,14.5168705,-2.34659195,7.98740721,-7.4412179,3.38976979,0.919690967,-2.48566198,8.79022121,-3.95584631,-5.87312794
641,-6.01355267,7.15464115,2.22695088,2.33606696,8.08680439,6.24173307,2.2378788,9.68684769,4.28379774,-4.05312872,14.5869722,-2.22399116,8.01557636,-7.4343009,3.42815018,0.910432935,-2.50641775,8.7908802,-3.94602036,-5.85742235
642,-6.05081272,7.12970161,2.27338147,2.34396553,8.09563255,6.13545513,2.14119482,9.66584873,4.43933487,-3.96740746,14.6542215,-2.10523963,8.04291439,-7.42745161,3.46664548,0.901335239,-2.52708364,8.7918396,-3.93635321,-5.84129047
643,-6.0880146,7.10431385,2.32007885,2.35200477,8.10400391,6.02611303,2.04205847,9.64122295,4.6018014,-3.87607098,14.7194338,-1.99038219,8.06958199,-7.42073584,3.505234,0.892149985,-2.54788518,8.79246235,-3.92631888,-5.82545567
644,-6.12478447,7.07863474,2.36662149,2.36010051,8.1119585,5.91654158,1.94308734,9.61350918,4.76669693,-3.780931,14.7816544,-1.87990022,8.09556293,-7.4140954,3.54387951,0.882845998,-2.56891561,8.79294682,-3.91594791,-5.80995846
645,-6.16140223,7.05247736,2.41334796,2.36830616,8.11935234,5.80316687,1.84099543,9.58150768,4.93992996,-3.67928982,14.8416576,-1.77409673,8.12126541,-7.40753174,3.5826354,0.87322098,-2.59035969,8.79290009,-3.90497112,-5.79509735
646,-6.19778633,7.02579784,2.46014261,2.37655759,8.12641048,5.69166613,1.74112213,9.54692745,5.11205912,-3.57499838,14.8979597,-1.67246819,8.14685059,-7.400383,3.62161493,0.864108443,-2.61132288,8.79338932,-3.89447713,-5.77944613
647,-6.23397732,6.99871778,2.50703144,2.3849194,8.13297462,5.57777166,1.63947713,9.50823307,5.29012871,-3.46508431,14.9513512,-1.57594085,8.17237377,-7.39325047,3.66059732,0.85485369,-2.6324544,8.79365826,-3.88367701,-5.7640934
648,-6.2698164,6.97127914,2.55385184,2.39336777,8.13900375,5.46119213,1.53582728,9.46502495,5.47450018,-3.3490696,15.0017443,-1.48442912,8.19791985,-7.38604498,3.69972277,0.845071554,-2.65420914,8.79318523,-3.87203121,-5.74973583
649,-6.30529976,6.94366693,2.60045123,2.40189505,8.14471626,5.34582472,1.43381906,9.41886902,5.65869999,-3.22993374,15.0482674,-1.39779305,8.22363186,-7.37829351,3.73887348,0.835636139,-2.67559886,8.7927227,-3.8604598,-5.73539352
650,-6.3405652,6.91571093,2.64711547,2.41057587,8.14997196,5.22803593,1.33020043,9.36816597,5.84854078,-3.10485315,15.0911884,-1.31683195,8.25008106,-7.37000513,3.77821398,0.825915575,-2.69739962,8.79171753,-3.84821391,-5.72186852
651,-6.37594604,6.88665009,2.69440913,2.4193027,8.15455914,5.10786247,1.22494996,9.31256008,6.04436922,-2.9733727,15.1303291,-1.24168468,8.2773838,-7.36130619,3.81766653,0.816409588,-2.71887279,8.79151726,-3.83670068,-5.7069149
652,-6.4104147,6.85846853,2.74056029,2.42819262,8.15899467,4.98820257,1.12079203,9.25341892,6.24043226,-2.83830929,15.1653786,-1.17144263,8.30474186,-7.35232687,3.85708261,0.806228638,-2.74112201,8.78928757,-3.82327366,-5.69506645
653,-6.44527674,6.82849121,2.78790593,2.43710518,8.16261482,4.86563873,1.01467752,9.18885612,6.44351768,-2.69596887,15.1959743,-1.10794604,8.33423519,-7.34199762,3.89702725,0.796566308,-2.76287079,8.78872299,-3.81123304,-5.68059969
654,-6.47943258,6.79891586,2.83442187,2.44610262,8.16598797,4.74426126,0.910273552,9.12099171,6.6456995,-2.55062175,15.2221279,-1.04954839,8.364007,-7.33141422,3.93682694,0.786534011,-2.78495359,8.78707314,-3.79822183,-5.66782761
655,-6.51347542,6.76898575,2.88111281,2.45530272,8.16900635,4.62189293,0.805830777,9.04872036,6.85029173,-2.4002769,15.2435598,-0.996589124,8.39492893,-7.3200922,3.97676492,0.776431262,-2.80709577,8.78515053,-3.78486991,-5.65529156
656,-6.54749393,6.73792887,2.92823172,2.46451044,8.17129326,4.49749041,0.700284958,8.97104073,7.06013823,-2.24335837,15.2597523,-0.95110029,8.42817688,-7.3073554,4.01696062,0.766567886,-2.82895827,8.78400993,-3.77221537,-5.64162683
657,-6.5810647,6.7070446,2.97494078,2.47389436,8.17320728,4.37137508,0.594073772,8.88803291,7.27350998,-2.08052492,15.2706518,-0.912007511,8.46282959,-7.29395056,4.05721664,0.756105542,-2.85140848,8.78157902,-3.75834799,-5.62976074
658,-6.61429501,6.67568302,3.02154088,2.48331332,8.174716,4.24639273,0.489710599,8.80159378,7.48596287,-1.91430306,15.2762842,-0.878293991,8.4990778,-7.27925777,4.09777737,0.745835304,-2.87366343,8.77939129,-3.74466228,-5.61757851
659,-6.64734459,6.64391565,3.06818366,2.49289298,8.17570972,4.11924553,0.384413779,8.70935535,7.7025013,-1.74170482,15.275939,-0.851736009,8.53736305,-7.26355314,4.13837767,0.735159218,-2.89625263,8.77662373,-3.73042417,-5.6061306
660,-6.68023682,6.61169624,3.11492848,2.50260639,8.17619133,3.99058676,0.278791279,8.61152363,7.92217922,-1.56299555,15.2692804,-0.832136214,8.57800293,-7.24655724,4.17914724,0.724485338,-2.91871285,8.7738266,-3.7161777,-5.59456873
661,-6.71257544,6.57938766,3.16111898,2.51235938,8.17622089,3.86152792,0.173770264,8.50882912,8.14292908,-1.37950826,15.2563534,-0.819419086,8.62057114,-7.2283783,4.22003365,0.713181376,-2.94181585,8.77001381,-3.70099163,-5.5846014
662,-6.7450161,6.54600716,3.2079494,2.52225733,8.17569637,3.73175883,0.0693196952,8.40112591,8.36501789,-1.19083309,15.2366428,-0.813194513,8.66589355,-7.20846319,4.2612462,0.702273726,-2.96440125,8.76719952,-3.68660784,-5.57297325
663,-6.77699089,6.51281738,3.25423241,2.53229213,8.17483807,3.60155129,-0.0343136676,8.28862095,8.58748722,-0.997704685,15.210103,-0.813809633,8.71348763,-7.18707323,4.30247641,0.690971792,-2.98728442,8.76320744,-3.67131042,-5.56310844
664,-6.808846,6.47872496,3.3008306,2.54241776,8.17333508,3.46989751,-0.137975767,8.1700964,8.81229782,-0.798464954,15.1758938,-0.821835816,8.76404572,-7.16400385,4.34403563,0.679497421,-3.0102675,8.7596035,-3.65617704,-5.55255508
665,-6.84056044,6.44403696,3.3474915,2.55265665,8.17134476,3.33789563,-0.240643233,8.04662418,9.03713131,-0.594804108,15.1341667,-0.836800814,8.8172226,-7.13934755,4.38559103,0.667981565,-3.03308892,8.75609684,-3.64121199,-5.5417738
666,-6.87183714,6.40932894,3.39376426,2.56301904,8.16902065,3.20617032,-0.341713965,7.91883087,9.26049709,-0.387519568,15.0851221,-0.85767436,8.87252522,-7.11313868,4.42730045,0.656111836,-3.05614567,8.75176811,-3.62556577,-5.53208685
667,-6.90270376,6.37432766,3.43972039,2.57342076,8.16628361,3.07537413,-0.440698683,7.78737974,9.48163033,-0.177464351,15.0287209,-0.884604037,8.93038464,-7.08496475,4.46926355,0.644206643,-3.07918477,8.74744892,-3.60988045,-5.52254963
668,-6.93363619,6.33858156,3.48611116,2.58407998,8.16286278,2.94089937,-0.541021824,7.64752817,9.70716763,0.0407246687,14.9620295,-0.921116352,8.99223709,-7.05462885,4.51120996,0.631830633,-3.10243082,8.7426796,-3.59383655,-5.51336527
669,-6.96411324,6.30261898,3.53208542,2.59477329,8.15904045,2.8073163,-0.639182985,7.50375128,9.92991543,0.261648089,14.8874063,-0.963527381,9.05625725,-7.02265453,4.55324316,0.619162321,-3.12578678,8.73757458,-3.5775578,-5.50463295
670,-6.99436522,6.26583195,3.57818484,2.60554004,8.15485191,2.67591381,-0.734024405,7.35791588,10.1475878,0.483225644,14.8055935,-1.01025295,9.1224823,-6.98849297,4.59563971,0.606829941,-3.14876175,8.73341179,-3.56193042,-5.494596
671,-7.02438402,6.22896719,3.62404203,2.61652899,8.14993954,2.53969574,-0.830840528,7.20174694,10.3704433,0.714370608,14.7113018,-1.06820941,9.19278812,-6.9522543,4.63777637,0.593103647,-3.17276025,8.72707367,-3.54464149,-5.48731089
672,-7.05414963,6.19179153,3.66975498,2.62761545,8.14474773,2.40563226,-0.924199343,7.04358006,10.5876408,0.945628464,14.6093006,-1.13073933,9.26527309,-6.91383886,4.67991638,0.579828918,-3.19607353,8.72132397,-3.52796412,-5.47928238
673,-7.08365202,6.15380335,3.71554327,2.63881755,8.1388731,2.26988459,-1.01698244,6.87851381,10.804863,1.18230438,14.4961338,-1.20162714,9.34106636,-6.87305069,4.72221422,0.565743148,-3.22004867,8.71519566,-3.51078105,-5.47164536
674,-7.11289406,6.11587906,3.76098657,2.65017962,8.13281822,2.1359477,-1.1063807,6.71144056,11.0161219,1.4188112,14.374979,-1.27679431,9.41870403,-6.83011246,4.76434708,0.551848173,-3.24351716,8.7087431,-3.4936018,-5.46448708
675,-7.14187813,6.07716942,3.80646467,2.6616509,8.12608719,2.00060654,-1.19483161,6.53776693,11.2264233,1.66005373,14.2422075,-1.36008167,9.49942684,-6.78474283,4.80651188,0.537184596,-3.2675395,8.70193195,-3.47600126,-5.45763731
676,-7.17069244,6.03789806,3.85198879,2.67325473,8.11888218,1.8655715,-1.28092372,6.36000061,11.4328327,1.90308118,14.099247,-1.44948184,9.58275414,-6.73679781,4.84852505,0.522617757,-3.29110742,8.6955204,-3.45885229,-5.45012617
677,-7.19918823,5.99830198,3.89728475,2.68500185,8.11128235,1.73101461,-1.36449492,6.17847967,11.6344099,2.14720154,13.9466228,-1.54434669,9.66742802,-6.68728638,4.89023209,0.507295251,-3.31516242,8.68842316,-3.44108868,-5.44344568
678,-7.22731352,5.95857,3.94213152,2.69682288,8.10326195,1.59687781,-1.44554114,5.99307823,11.8317175,2.39274573,13.7833395,-1.64533877,9.75478649,-6.6345253,4.93196201,0.491822928,-3.33907318,8.68071651,-3.42309332,-5.43766022
679,-7.25532722,5.91796446,3.98726726,2.70884562,8.09470654,1.4626261,-1.52424979,5.80333376,12.0246058,2.63963056,13.6091194,-1.75240052,9.8440361,-6.57951689,4.97337151,0.475992888,-3.36305022,8.67341137,-3.40524912,-5.43117714
680,-7.28311396,5.87695503,4.03225803,2.72100902,8.08561134,1.32786036,-1.60084677,5.60850906,12.2134409,2.8884716,13.4230309,-1.86618793,9.9351902,-6.52219772,5.01433516,0.459584296,-3.38716078,8.66556549,-3.38712215,-5.42520142
681,-7.31044626,5.83589458,4.07670021,2.73324585,8.07620144,1.19429612,-1.67419827,5.41128922,12.3957558,3.13643932,13.2273302,-1.98448682,10.0272207,-6.4626956,5.0549469,0.442633629,-3.41148043,8.65687561,-3.36849141,-5.42039824
682,-7.33759356,5.79405117,4.12128925,2.74564648,8.06616211,1.0602051,-1.7452414,5.20909929,12.5735836,3.38580179,13.0191298,-2.10951376,10.1210985,-6.40047693,5.09513235,0.425254583,-3.43586874,8.64840984,-3.34994698,-5.41513014
683,-7.36452818,5.75199318,4.16563845,2.75822687,8.05586147,0.927593052,-1.81262231,5.00552654,12.7438011,3.63301134,12.8019934,-2.23778772,10.2150736,-6.33630753,5.13481283,0.407541811,-3.46022582,8.63937092,-3.33111167,-5.41054726
684,-7.39101362,5.70973015,4.20952606,2.77087069,8.04520988,0.796198905,-1.87660754,4.79998779,12.9070807,3.8785975,12.5751009,-2.37006307,10.3094339,-6.26976252,5.1741147,0.389387876,-3.48466778,8.62974072,-3.31198096,-5.40671301
685,-7.41747475,5.66634417,4.25380516,2.783741,8.03377056,0.663439631,-1.93845356,4.58838987,13.0658941,4.12579441,12.3339081,-2.50997281,10.4051962,-6.20058966,5.21260309,0.37062183,-3.50924921,8.62047005,-3.29303408,-5.40208244
686,-7.44344139,5.62337685,4.29726839,2.79668212,8.02235126,0.533926845,-1.99563777,4.3788681,13.2147951,4.36724138,12.0872707,-2.65015554,10.4992867,-6.13000631,5.25054073,0.351560235,-3.53382683,8.61008072,-3.2735076,-5.39914608
687,-7.46922112,5.57946825,4.34084177,2.80976129,8.01021385,0.403772533,-2.05022526,4.16445398,13.3583326,4.6091094,11.8270311,-2.79691529,10.594121,-6.05664301,5.28777266,0.331975043,-3.55845428,8.59993649,-3.25418496,-5.39557743
688,-7.4947834,5.53527021,4.38429546,2.82306719,7.9977479,0.274580598,-2.10113287,3.94876289,13.4938231,4.847785,11.5576525,-2.94664621,10.6875477,-5.98200035,5.32398891,0.311837822,-3.58319569,8.589221,-3.23450661,-5.3926158
689,-7.52009344,5.49018574,4.42773628,2.83649707,7.98459148,0.145120025,-2.14903712,3.72897744,13.6230907,5.08568525,11.2749596,-3.10235858,10.7810507,-5.9044385,5.35948849,0.291173041,-3.60804272,8.57860756,-3.21492434,-5.38930893
690,-7.54507399,5.44491434,4.47082615,2.85006261,7.97125483,0.0181275979,-2.19260216,3.51068163,13.7429476,5.31781483,10.9862146,-3.25861645,10.8719358,-5.82606792,5.39400959,0.270206451,-3.63283396,8.56777096,-3.19527459,-5.38629675
691,-7.56970978,5.39969444,4.51338387,2.86373544,7.95757818,-0.107979432,-2.23249769,3.29105687,13.8548765,5.54660082,10.6878176,-3.41798902,10.9608297,-5.74624538,5.42750502,0.248497218,-3.657866,8.55560589,-3.17493796,-5.38488102
692,-7.5942173,5.3533659,4.55623436,2.87765145,7.94324207,-0.234052762,-2.26891923,3.06873989,13.9595127,5.77270651,10.3776722,-3.58186412,11.0483046,-5.66436958,5.4598608,0.226483315,-3.68278027,8.54409027,-3.1550262,-5.38237906
693,-7.61827803,5.30725813,4.59837866,2.89163685,7.92874813,-0.358059585,-2.30115652,2.84761691,14.05509,5.99321795,10.0611544,-3.74645853,11.1323023,-5.58194923,5.49120188,0.203735203,-3.70804024,8.53117943,-3.13433075,-5.38167191
694,-7.64213896,5.2605691,4.64042711,2.90581226,7.91386652,-0.4806723,-2.32937956,2.6267395,14.1422844,6.20871925,9.73673725,-3.91270471,11.2133875,-5.49828815,5.52146292,0.180710793,-3.73321009,8.51821709,-3.11370397,-5.38091564
695,-7.66574478,5.21294785,4.6825366,2.92016196,7.89836597,-0.60272032,-2.35387993,2.40438986,14.2216043,6.42015696,9.4022007,-4.0822506,11.2915058,-5.41361904,5.55035591,0.157277346,-3.75838661,8.50580883,-3.0934329,-5.37919044
696,-7.68895054,5.16531134,4.72410059,2.93460965,7.88265705,-0.722790539,-2.37420177,2.18359089,14.2921371,6.62563705,9.06176949,-4.25205135,11.3654232,-5.32868004,5.57813263,0.133279726,-3.78375793,8.4924202,-3.07266378,-5.37862492
697,-7.71192884,5.11722612,4.76551056,2.94926953,7.86647558,-0.842258215,-2.39058948,1.96209562,14.3544226,6.82641315,8.71247578,-4.42419434,11.435174,-5.2435503,5.6044383,0.108541459,-3.8094573,8.47821712,-3.0514226,-5.3788867
698,-7.73474789,5.06827688,4.80698776,2.96413445,7.84977436,-0.96055609,-2.40290499,1.74083841,14.4085913,7.02176762,8.35504246,-4.59793329,11.5010185,-5.15760422,5.62936401,0.0838565677,-3.83472061,8.4648056,-3.0308435,-5.37789154
699,-7.75706005,5.01965141,4.84762573,2.97905612,7.83303833,-1.07626927,-2.41093993,1.52311468,14.453743,7.20961094,7.99543476,-4.76991272,11.5609598,-5.07316017,5.65304089,0.0582235605,-3.86065984,8.4494257,-3.00913715,-5.37942314
700,-7.77919817,4.97018862,4.88834286,2.99419141,7.81577349,-1.19081736,-2.41490078,1.3059715,14.4911041,7.39174891,7.6281476,-4.9431057,11.6166582,-4.98793221,5.67543173,0.032826107,-3.88606596,8.43498325,-2.98814678,-5.37959146
701,-7.80111408,4.92010021,4.92893744,3.00957251,7.79791832,-1.30528843,-2.4147718,1.08772206,14.5202866,7.56906843,7.25157213,-5.11891031,11.666646,-4.90368843,5.69596004,0.00641247211,-3.91209722,8.41935253,-2.96645713,-5.38094234
702,-7.82262564,4.86999893,4.96900845,3.02503276,7.78004837,-1.41627038,-2.41042137,0.875044942,14.5411758,7.73792648,6.87588406,-5.29077387,11.7105055,-4.82120848,5.71544313,-0.0199670065,-3.93793368,8.40365028,-2.94486332,-5.38229084
703,-7.84384537,4.81899595,5.00900984,3.0407064,7.76155424,-1.52672839,-2.40194869,0.662151754,14.5544147,7.90125322,6.49171543,-5.46455574,11.7488327,-4.7389946,5.73342514,-0.0467232428,-3.96394348,8.38790226,-2.92328167,-5.38354254
704,-7.86471558,4.76850367,5.0482502,3.05646276,7.7433033,-1.63319564,-2.38941789,0.456730604,14.5598545,8.05544853,6.11246872,-5.63227701,11.7804441,-4.6597867,5.75042439,-0.0736199692,-3.98993826,8.37079716,-2.90113997,-5.38648939
705,-7.88541603,4.71661234,5.08775949,3.07250237,7.72393322,-1.74135959,-2.37262869,0.24650535,14.5575924,8.20632458,5.71751976,-5.80630541,11.805542,-4.58160543,5.76494789,-0.101245828,-4.01630116,8.35394573,-2.87916112,-5.3886261
706,-7.90569067,4.66481495,5.12668324,3.08863187,7.70477629,-1.84499168,-2.35200739,0.0448902585,14.5484495,8.34770489,5.32927752,-5.97304678,11.8243599,-4.50597143,5.77898073,-0.128421515,-4.04227686,8.33713818,-2.85736442,-5.3907299
707,-7.92577505,4.61221457,5.16559887,3.10505915,7.6849699,-1.94852996,-2.32707429,-0.156932443,14.5317774,8.48357964,4.9335537,-6.1412282,11.835783,-4.43327141,5.79093218,-0.156288087,-4.06875944,8.31958389,-2.8351531,-5.39343548
708,-7.94538021,4.55972052,5.2037549,3.12151432,7.66509342,-2.04928541,-2.2983253,-0.353760839,14.5085087,8.61192894,4.53895664,-6.30562735,11.8403835,-4.36336327,5.80196524,-0.184400991,-4.09544516,8.30080795,-2.81243825,-5.39759111
709,-7.96483946,4.50657558,5.24194193,3.13825178,7.64480591,-2.14841223,-2.26554155,-0.547479689,14.4786615,8.73347664,4.14249563,-6.46800756,11.837862,-4.29675865,5.81137419,-0.212300003,-4.12189198,8.28250694,-2.79009557,-5.40090752
710,-7.98386574,4.45308399,5.27968025,3.15512729,7.62428474,-2.24532175,-2.22897196,-0.736950099,14.4426575,8.84790611,3.74659657,-6.62713194,11.8282356,-4.23384619,5.81959009,-0.24038963,-4.14860868,8.2637043,-2.76754069,-5.40472317
711,-8.00264454,4.39907885,5.31716824,3.17222047,7.60340595,-2.34055567,-2.18847418,-0.923082769,14.4004822,8.95580959,3.34974957,-6.78372478,11.8110828,-4.17509604,5.82633448,-0.268682986,-4.17555141,8.24428749,-2.74474382,-5.40899181
712,-8.02105999,4.34490585,5.3541832,3.18944931,7.58226633,-2.43398285,-2.14414477,-1.10559297,14.3524923,9.05711269,2.95258045,-6.93750668,11.7864628,-4.12056971,5.83174181,-0.297128946,-4.20269346,8.22391796,-2.72160339,-5.41428137
713,-8.03919601,4.29018354,5.39096451,3.20689178,7.56067324,-2.52612925,-2.09574914,-1.2854476,14.2985144,9.15218639,2.55349684,-7.08919525,11.7537766,-4.07108212,5.83546495,-0.325777471,-4.2301259,8.20298767,-2.69825912,-5.41993427
714,-8.05695248,4.23511362,5.42739534,3.22449708,7.53907776,-2.61468267,-2.0444622,-1.45787764,14.2406912,9.23969078,2.16144776,-7.23406219,11.7153711,-4.02550459,5.83866358,-0.35358867,-4.25706434,8.18314266,-2.67560744,-5.42425728
715,-8.0744648,4.17926645,5.4637599,3.242419,7.51692295,-2.70226812,-1.98902297,-1.62793767,14.1772766,9.32139683,1.76710582,-7.37677765,11.6687832,-3.98532844,5.84022999,-0.381616533,-4.28440952,8.1626358,-2.65261173,-5.42900229
716,-8.09153461,4.12380409,5.49924612,3.26034594,7.49492598,-2.78681755,-1.93073213,-1.79140449,14.1101418,9.39648056,1.37944996,-7.51321936,11.615716,-3.95069218,5.8410635,-0.409789383,-4.31206465,8.14029312,-2.62889791,-5.43593121
717,-8.10839653,4.06729698,5.53481579,3.27862453,7.47221899,-2.87063146,-1.86819065,-1.95306492,14.0376749,9.4659605,0.98865509,-7.64776182,11.5541601,-3.9223392,5.83998966,-0.437866598,-4.33994484,8.11825752,-2.6053524,-5.44206429
718,-8.12472439,4.01065254,5.56978226,3.29699731,7.44959211,-2.95104623,-1.80327821,-2.1074388,13.9626455,9.52896118,0.606238902,-7.77503824,11.4871759,-3.89919615,5.83851671,-0.465545088,-4.36786509,8.0963068,-2.58191133,-5.44803333
719,-8.14092159,3.95351958,5.6046176,3.31566167,7.42646599,-3.03043699,-1.73434711,-2.25897765,13.8831224,9.58646297,0.223022565,-7.89915371,11.412118,-3.88280439,5.83524227,-0.493087053,-4.39588213,8.07358932,-2.55828547,-5.45459986
720,-8.15668774,3.89599156,5.63899517,3.3345089,7.4031229,-3.10762072,-1.66233337,-2.40541625,13.800519,9.63817692,-0.156099364,-8.01785278,11.3305016,-3.8724525,5.83104897,-0.520497501,-4.42422819,8.0501585,-2.53434443,-5.46189451
721,-8.17211723,3.83861566,5.67277431,3.35343242,7.37984705,-3.18196893,-1.58801246,-2.54555488,13.7157545,9.68453598,-0.527649283,-8.12964535,11.2432652,-3.86890125,5.82596493,-0.547680199,-4.45263052,8.02604103,-2.51028705,-5.46975899
722,-8.18722343,3.78028893,5.70644236,3.37270904,7.35605621,-3.25484276,-1.51014638,-2.68189001,13.627821,9.72555637,-0.897748768,-8.23690987,11.1489592,-3.87199402,5.81958008,-0.574597239,-4.48133755,8.00182438,-2.48617029,-5.47747087
723,-8.20192337,3.72183824,5.73965454,3.3921237,7.33213615,-3.3254106,-1.42970026,-2.81298208,13.5377712,9.76157761,-1.26222563,-8.33797741,11.0486994,-3.88237715,5.81205463,-0.601215363,-4.51020575,7.97742319,-2.46206379,-5.48515177
724,-8.21631527,3.66306734,5.7723937,3.41172171,7.30801058,-3.39393687,-1.34646499,-2.9390986,13.4457808,9.79255962,-1.62195063,-8.43317032,10.9425201,-3.89963913,5.80336428,-0.627558649,-4.53923988,7.95210648,-2.4377327,-5.49376059
725,-8.23030949,3.6037364,5.80485249,3.43158913,7.28353548,-3.46072316,-1.2601862,-3.06088996,13.3514261,9.81909847,-1.9778235,-8.52249908,10.8296499,-3.92534781,5.79322195,-0.653966725,-4.56889248,7.92608976,-2.41302156,-5.50271845
726,-8.24392509,3.54440975,5.83677053,3.45158553,7.25922775,-3.52425194,-1.17285013,-3.17535949,13.2575407,9.84102249,-2.32316327,-8.60365677,10.714325,-3.95570397,5.78292179,-0.679494739,-4.59816313,7.90055847,-2.38872147,-5.51113701
727,-8.25722218,3.48410082,5.86857843,3.47195125,7.2341342,-3.58736062,-1.08094358,-3.28802586,13.1598864,9.85860157,-2.67013454,-8.68076611,10.5894737,-3.99746704,5.76978016,-0.705376923,-4.62840986,7.87380505,-2.36385036,-5.52032852
728,-8.27011967,3.42432237,5.89958239,3.49231505,7.20955181,-3.6465981,-0.989234388,-3.39213562,13.0643997,9.872159,-3.00311494,-8.74859619,10.4646997,-4.04197264,5.75723076,-0.730266094,-4.65802336,7.8470645,-2.33929181,-5.52973747
729,-8.28267765,3.36353445,5.93045044,3.51304889,7.18421316,-3.70520806,-0.893252134,-3.49400926,12.9658594,9.8815937,-3.33649278,-8.81159019,10.3310337,-4.09795856,5.74184418,-0.755474269,-4.68866873,7.81927824,-2.31419969,-5.53973293
730,-8.29482079,3.30255008,5.96086168,3.53397775,7.15877199,-3.76160145,-0.795406342,-3.59042931,12.8672619,9.88734341,-3.66227555,-8.8671875,10.1932936,-4.16169977,5.72506237,-0.780498505,-4.71965408,7.79087639,-2.28892684,-5.55015612
731,-8.30659008,3.24146318,5.99072361,3.5550518,7.13343716,-3.81508994,-0.696949005,-3.68048263,12.7699804,9.88969612,-3.97858596,-8.91485596,10.0540819,-4.22980118,5.70798731,-0.804730356,-4.75031328,7.76292753,-2.2640574,-5.55995703
732,-8.31813812,3.18034482,6.02017641,3.57631254,7.10784054,-3.86727929,-0.595466435,-3.76640987,12.6716995,9.88870716,-4.29018879,-8.95576191,9.90872192,-4.30826187,5.6883173,-0.829421341,-4.78173304,7.73221397,-2.23817444,-5.57249403
733,-8.32903671,3.11845684,6.0492487,3.5978775,7.08208752,-3.91690421,-0.493215472,-3.84682965,12.574585,9.88467598,-4.59325361,-8.98900986,9.7613306,-4.39255953,5.66780233,-0.853608072,-4.8135128,7.70319748,-2.21284628,-5.58276606
734,-8.33973217,3.05596519,6.0780921,3.61979198,7.05596972,-3.96489477,-0.388605446,-3.9227221,12.4775667,9.87725925,-4.89109945,-9.01518726,9.60953331,-4.48486471,5.64518642,-0.87753588,-4.84549999,7.67346478,-2.18739605,-5.59350538
735,-8.35002613,2.99366188,6.10626936,3.64174342,7.02976751,-4.01116514,-0.281929612,-3.99432898,12.3806229,9.86701965,-5.18277979,-9.03403187,9.45301533,-4.58674431,5.61994076,-0.901752234,-4.87811375,7.64205313,-2.16146255,-5.6057806
736,-8.35982323,2.93122768,6.13382435,3.66384268,7.00368214,-4.05483294,-0.175109327,-4.06018877,12.2857323,9.85440731,-5.46506357,-9.04501438,9.29591465,-4.69279003,5.59401321,-0.92566973,-4.91082144,7.61043739,-2.13554835,-5.61806154
737,-8.3692646,2.86777115,6.16136789,3.68646955,6.97708559,-4.0968914,-0.0663250759,-4.12150908,12.1916265,9.83903503,-5.74099684,-9.04842854,9.1351347,-4.80734873,5.56545448,-0.949534595,-4.94418383,7.57949018,-2.10977817,-5.6290679
738,-8.37841415,2.80501914,6.18806934,3.70898485,6.95076799,-4.13674879,0.0430313163,-4.17765427,12.0993462,9.82146549,-6.00857306,-9.04428482,8.97295952,-4.92700672,5.53533459,-0.973436952,-4.97746563,7.54610682,-2.08349442,-5.6427145
739,-8.38702679,2.74087858,6.21467113,3.73206878,6.92379713,-4.17516327,0.154670581,-4.23000526,12.0074501,9.80126667,-6.27105427,-9.03238392,8.80591297,-5.05675507,5.50175571,-0.997610629,-5.01193476,7.51392317,-2.0574131,-5.6542697
740,-8.39520645,2.67687392,6.24060965,3.7552228,6.89684439,-4.21161079,0.267228931,-4.27766323,11.9171543,9.77907181,-6.52587461,-9.01263428,8.63655186,-5.19324493,5.46571493,-1.02215338,-5.04685926,7.48014784,-2.03092074,-5.66719341
741,-8.40312195,2.61316156,6.26601934,3.77848935,6.8700881,-4.24589539,0.379701525,-4.31987238,11.8296108,9.75532436,-6.77115726,-8.9852953,8.46743774,-5.33318233,5.42814112,-1.04684472,-5.08180714,7.44477034,-2.00407386,-5.68172216
742,-8.4105444,2.54855967,6.29112673,3.80215979,6.842834,-4.27867079,0.494057,-4.3582983,11.7430496,9.72920609,-7.01090336,-8.94993591,8.29395676,-5.48243904,5.38655281,-1.07190681,-5.11767435,7.41005039,-1.97745442,-5.6948328
743,-8.41755104,2.48403978,6.31564951,3.82595634,6.81567621,-4.30942345,0.608430266,-4.39189243,11.658988,9.70170593,-7.24196625,-8.90696621,8.11995888,-5.63593102,5.3427949,-1.0974375,-5.15398312,7.37406874,-1.95048511,-5.70900345
744,-8.42408371,2.41882324,6.33982515,3.85013366,6.78817415,-4.33854342,0.724017382,-4.42138815,11.5765533,9.67234135,-7.4664669,-8.85589981,7.94290447,-5.79681444,5.29524088,-1.1235168,-5.19113493,7.33833742,-1.92361248,-5.72220755
745,-8.43034554,2.35392857,6.36341858,3.87436938,6.76077604,-4.36585951,0.839967787,-4.44619799,11.4966679,9.64147091,-7.68301344,-8.79723835,7.7647686,-5.96200132,5.24478102,-1.15019393,-5.22846842,7.30039597,-1.89628327,-5.73755312
746,-8.43600368,2.28852248,6.38648462,3.89889312,6.73319483,-4.39142799,0.956390381,-4.46695995,11.4188356,9.60930252,-7.89209175,-8.73057938,7.58443069,-6.13322306,5.19068956,-1.17781019,-5.26692438,7.26234055,-1.86884058,-5.752316
747,-8.44137859,2.22296667,6.40916681,3.92367887,6.70554686,-4.41523123,1.0728209,-4.4832077,11.3438587,9.57573795,-8.0931797,-8.65653419,7.40356302,-6.30778408,5.13346291,-1.20588803,-5.30562544,7.22399902,-1.84150052,-5.76703024
748,-8.44611168,2.15702939,6.43126059,3.94870424,6.67773581,-4.43739796,1.18985748,-4.49563026,11.2707815,9.54114342,-8.28713799,-8.57417965,7.21970797,-6.48873425,5.07176638,-1.23539209,-5.34563065,7.18469381,-1.81379867,-5.78187895
749,-8.450634,2.09107447,6.45294046,3.97392893,6.64987898,-4.45795059,1.30713642,-4.50358486,11.2005796,9.50514317,-8.47355175,-8.48436642,7.03475142,-6.6727829,5.00641584,-1.2657342,-5.38590193,7.14381123,-1.78585804,-5.79808283
750,-8.45461845,2.02489758,6.4741044,3.9994123,6.62195301,-4.4767971,1.42408502,-4.50759029,11.1331272,9.46822548,-8.65216827,-8.38715649,6.84882259,-6.85985708,4.93731737,-1.29705358,-5.42697144,7.10322714,-1.7580657,-5.81335592
751,-8.4581871,1.95799637,6.49492598,4.02532387,6.59364271,-4.49421597,1.54197896,-4.50770617,11.0678501,9.42987347,-8.82418346,-8.28139687,6.65927315,-7.05276012,4.86265326,-1.32986677,-5.46925879,7.06225443,-1.73016334,-5.8281889
752,-8.46127892,1.8918438,6.51493216,4.05109596,6.56577349,-4.50987864,1.65858865,-4.50378609,11.0058193,9.39139938,-8.9873867,-8.16917038,6.47020817,-7.24568892,4.78502083,-1.36413062,-5.51200199,7.01855421,-1.70165431,-5.8455162
753,-8.46410465,1.8250916,6.534688,4.07727432,6.53745079,-4.52420521,1.77661049,-4.49609232,10.9458427,9.35113525,-9.14483833,-8.04779911,6.27631617,-7.44476652,4.70064211,-1.39996982,-5.55578756,6.97482824,-1.67331457,-5.8619957
754,-8.46630669,1.75769353,6.55396461,4.10389471,6.50895786,-4.53698063,1.89369535,-4.48437595,10.8891792,9.31038094,-9.29397011,-7.91970158,6.08211565,-7.64403486,4.61242437,-1.43740964,-5.60079288,6.93086052,-1.64480269,-5.8779788
755,-8.46795368,1.69071269,6.57247639,4.13050079,6.48072147,-4.54809809,2.00975585,-4.46933985,10.8350992,9.2693634,-9.43586063,-7.78472805,5.88697052,-7.84329748,4.52029037,-1.47632575,-5.64644718,6.88600588,-1.61624134,-5.89419365
756,-8.46931458,1.62312949,6.59072447,4.1575017,6.45201874,-4.55805922,2.12750578,-4.45016241,10.7834911,9.22661209,-9.57126904,-7.63998318,5.68559313,-8.04860973,4.41976309,-1.51791668,-5.69372272,6.83908081,-1.58716965,-5.9116044
757,-8.47025204,1.55599535,6.60835171,4.18453884,6.42362356,-4.56644106,2.24334288,-4.42746544,10.7352152,9.18396282,-9.69857311,-7.48979425,5.48510599,-8.25056648,4.31615543,-1.56091571,-5.74138498,6.79114342,-1.55804789,-5.92955971
758,-8.47056389,1.4880867,6.62548447,4.21203899,6.39485073,-4.57347822,2.35948801,-4.40121269,10.6894436,9.14018059,-9.81940842,-7.33105564,5.28039074,-8.45458794,4.20584822,-1.60620832,-5.79077625,6.74319077,-1.52887547,-5.94642925
759,-8.47062206,1.4205687,6.6421237,4.2396102,6.36627436,-4.57916784,2.47427368,-4.37144899,10.6469717,9.09625912,-9.9324522,-7.16649437,5.07501459,-8.65595245,4.09100819,-1.65331149,-5.84071493,6.69385862,-1.49962533,-5.96421099
760,-8.47011662,1.35252762,6.65823221,4.26756668,6.33742905,-4.58352375,2.58898187,-4.33824682,10.607132,9.05125332,-10.0391302,-6.99395514,4.86581516,-8.85733032,3.96966791,-1.70260286,-5.89211941,6.64452982,-1.47045255,-5.98101139
761,-8.46926403,1.2846458,6.67387295,4.29563904,6.30865192,-4.58663177,2.70309687,-4.30138493,10.5702887,9.00584984,-10.1385794,-6.81440449,4.65370941,-9.05684376,3.84229517,-1.75441885,-5.94457626,6.59258652,-1.44075382,-5.99968004
762,-8.46781731,1.21677887,6.68887854,4.32387972,6.27989769,-4.58844233,2.81634021,-4.26145077,10.5360775,8.96018124,-10.2311125,-6.62783432,4.43845558,-9.25409508,3.70879889,-1.80865479,-5.9984622,6.53982067,-1.41095853,-6.01819801
763,-8.46586895,1.14844155,6.70337009,4.35256004,6.25095129,-4.5890274,2.92830682,-4.21844673,10.5047531,8.91410446,-10.3169832,-6.43524837,4.22136545,-9.44710636,3.57019043,-1.86474133,-6.05366755,6.4877491,-1.38140881,-6.03513288
764,-8.46356297,1.07988405,6.71748018,4.38151264,6.22176361,-4.5884676,3.04084754,-4.17158508,10.4762106,8.86684704,-10.3961649,-6.23346281,3.99755669,-9.63960457,3.42221737,-1.92414653,-6.11069965,6.43360424,-1.35148513,-6.05302668
765,-8.46075726,1.0112958,6.73101044,4.41065454,6.19257069,-4.58668184,3.15263414,-4.12154293,10.4502792,8.81918049,-10.4687777,-6.02443838,3.76965737,-9.82792568,3.26747799,-1.98610699,-6.16914129,6.37805176,-1.32137859,-6.07129717
766,-8.45754719,0.942989945,6.74399614,4.43987036,6.16350746,-4.58378839,3.26329422,-4.06829929,10.427434,8.77103996,-10.5345564,-5.80948782,3.53872943,-10.0104303,3.10659075,-2.05035019,-6.22870588,6.32087326,-1.29112351,-6.09053659
767,-8.45387936,0.874352396,6.75645781,4.46951389,6.13430357,-4.57986069,3.37199569,-4.01232243,10.4076128,8.72253799,-10.5941753,-5.59051466,3.30725336,-10.1845522,2.94182706,-2.11576819,-6.28927326,6.26482773,-1.26129401,-6.10803366
768,-8.44971561,0.805805922,6.76839495,4.49924135,6.10511112,-4.57474852,3.48081303,-3.9529016,10.3900213,8.67361641,-10.6472378,-5.36227751,3.06815434,-10.3546839,2.76738834,-2.18477535,-6.3518362,6.20542908,-1.23079336,-6.12744188
769,-8.44505215,0.737065732,6.7797327,4.52929401,6.07581568,-4.56860733,3.5882659,-3.89072657,10.3751793,8.62414932,-10.6941719,-5.12855291,2.82598639,-10.5168238,2.58703375,-2.25549865,-6.41585827,6.14643908,-1.20057094,-6.14563274
770,-8.43997955,0.66818738,6.79064846,4.55963421,6.04635191,-4.56146669,3.6953032,-3.82516146,10.3631077,8.57410145,-10.7343817,-4.88707161,2.57736492,-10.6722078,2.39754891,-2.32911658,-6.48194361,6.0860405,-1.17014694,-6.16405582
771,-8.43451405,0.599894106,6.80094719,4.58990049,6.01727057,-4.55336428,3.80018115,-3.75720763,10.3536587,8.52399635,-10.7690754,-4.64266825,2.32826471,-10.8160963,2.205024,-2.40348005,-6.54825592,6.02402735,-1.13973093,-6.18375444
772,-8.42863083,0.530908883,6.81079721,4.62072706,5.98770142,-4.54427052,3.90505338,-3.68569326,10.3469534,8.47262669,-10.79739,-4.38956976,2.07135201,-10.9524059,2.00213289,-2.48049927,-6.61710358,5.96231556,-1.1095084,-6.20186567
773,-8.4222765,0.462394446,6.82007122,4.65154552,5.95841694,-4.53431225,4.00788355,-3.61193466,10.3426399,8.42152882,-10.8199844,-4.13307047,1.81260884,-11.0766363,1.7950561,-2.55841923,-6.68674231,5.89889908,-1.07912934,-6.22109461
774,-8.41531086,0.393345356,6.82877922,4.68289661,5.92875338,-4.52340269,4.11003828,-3.5351212,10.340765,8.36953831,-10.8368053,-3.86952591,1.54793382,-11.1903629,1.57980728,-2.63795304,-6.75873089,5.83613586,-1.04891145,-6.23852062
775,-8.4081049,0.324698716,6.83704185,4.71420383,5.89928293,-4.5115695,4.21141863,-3.45518517,10.3414059,8.3171196,-10.8473721,-3.59955859,1.2770834,-11.2922068,1.35618985,-2.71915054,-6.83190536,5.77060127,-1.01848042,-6.25789642
776,-8.40041161,0.256135255,6.84465837,4.74576521,5.8698597,-4.49905014,4.3104229,-3.37339735,10.3443909,8.2644062,-10.8533888,-3.32818985,1.00664413,-11.3795853,1.13070214,-2.79944515,-6.905653,5.70614529,-0.988533854,-6.27604389
777,-8.3923502,0.187429681,6.85185242,4.77758598,5.84027147,-4.48561668,4.40910482,-3.28809118,10.3499613,8.21074772,-10.8532162,-3.04926014,0.728536487,-11.4540329,0.895492911,-2.88113475,-6.9812808,5.64004183,-0.9584589,-6.29482698
778,-8.38369942,0.11823424,6.8585124,4.80988073,5.81031942,-4.47129774,4.50732994,-3.19934535,10.358057,8.15596485,-10.8471489,-2.76311564,0.443392247,-11.5142536,0.651393294,-2.96352673,-7.05913019,5.57348871,-0.92834568,-6.31304312
779,-8.37480354,0.0497146957,6.86454153,4.84215117,5.78073835,-4.45640898,4.60281229,-3.10950994,10.3679047,8.10168648,-10.8367672,-2.47676182,0.159287781,-11.5580168,0.406114608,-3.04390693,-7.13699818,5.50795507,-0.8988415,-6.33038902
780,-8.36550999,-0.0186878033,6.87012577,4.8745532,5.75115347,-4.44067383,4.69752836,-3.01650667,10.3801107,8.04639626,-10.8211164,-2.18493915,-0.130005494,-11.5856686,0.154075861,-3.12370396,-7.2157979,5.44090843,-0.86931771,-6.3487525
781,-8.35576725,-0.0873477831,6.87520885,4.90729618,5.72134209,-4.42417717,4.79157019,-2.92013264,10.3949194,7.98995733,-10.7996778,-1.88724482,-0.425440133,-11.5962257,-0.105880521,-3.20268059,-7.29611254,5.37328959,-0.839872181,-6.36717415
782,-8.34549332,-0.156043634,6.87958527,4.94040537,5.69146442,-4.40714645,4.88342857,-2.82230639,10.4112949,7.93361473,-10.7742033,-1.58822703,-0.720972598,-11.5889969,-0.367617339,-3.27870893,-7.37713337,5.30754089,-0.810915768,-6.38366175
783,-8.33508205,-0.22460106,6.8836031,4.97364807,5.66155291,-4.38935232,4.97451878,-2.72123647,10.4300432,7.87606478,-10.7435179,-1.28430426,-1.02131057,-11.5630264,-0.635764778,-3.35251713,-7.45852184,5.24124575,-0.782270074,-6.40070772
784,-8.32417107,-0.292879224,6.887012,5.00699282,5.63177347,-4.37096548,5.06390762,-2.61813378,10.4505863,7.8181529,-10.7085581,-0.978514373,-1.32275999,-11.5180349,-0.906245947,-3.42282438,-7.53995419,5.17490101,-0.753849864,-6.41797495
785,-8.3129797,-0.360734314,6.88989115,5.04033041,5.60219669,-4.35196543,5.15174389,-2.51291704,10.4728918,7.7596736,-10.6694317,-0.670810163,-1.62524831,-11.4536333,-1.17892325,-3.48909974,-7.6209054,5.10865784,-0.725848019,-6.43560553
786,-8.30135632,-0.429147333,6.89230633,5.07428217,5.57211494,-4.33234358,5.2389102,-2.40425968,10.4975863,7.69992304,-10.6249886,-0.358050168,-1.9327029,-11.3680506,-1.45784318,-3.55144477,-7.70291042,5.0438447,-0.698164046,-6.45187235
787,-8.28942394,-0.497056663,6.89413214,5.10817385,5.54230499,-4.31211042,5.32449198,-2.29362726,10.523839,7.63959742,-10.576601,-0.0438560992,-2.24039316,-11.2618732,-1.73772013,-3.60849857,-7.78391552,4.97933435,-0.670946836,-6.46858072
788,-8.27715683,-0.564773262,6.89537954,5.14227724,5.512537,-4.29156399,5.40792227,-2.18157268,10.5515223,7.57885361,-10.5253601,0.268769085,-2.54457188,-11.1362972,-2.01493096,-3.65907454,-7.86344671,4.91677141,-0.644368649,-6.48450899
789,-8.26454735,-0.632720292,6.89618444,5.17672443,5.48247576,-4.27024937,5.49098492,-2.065696,10.5815458,7.51631975,-10.4687691,0.586742461,-2.85353899,-10.9871778,-2.29745674,-3.70391893,-7.94288731,4.85500908,-0.618112683,-6.50028324
790,-8.25163555,-0.700562298,6.8963685,5.21145296,5.45236921,-4.24859381,5.57222414,-1.94821203,10.6128922,7.45331526,-10.4090214,0.904235125,-3.15996575,-10.8174238,-2.57775164,-3.74132538,-8.02074814,4.79590034,-0.592591763,-6.51476288
791,-8.23852253,-0.767751575,6.89612103,5.24599266,5.42266321,-4.22639275,5.65194511,-1.82869434,10.6456165,7.38970613,-10.3458424,1.22166669,-3.46449471,-10.6263428,-2.85585427,-3.77125001,-8.09589863,4.73684788,-0.567568541,-6.53062057
792,-8.22511292,-0.835141957,6.89526749,5.28102493,5.39260817,-4.20389223,5.73013163,-1.70709896,10.6798859,7.32508373,-10.2793245,1.53898573,-3.76661587,-10.4140301,-3.13161039,-3.79273653,-8.16948986,4.68168259,-0.543346405,-6.54429245
793,-8.21144962,-0.902291358,6.89392996,5.31615686,5.36263704,-4.18091774,5.80696058,-1.5832665,10.7155218,7.25949049,-10.2095861,1.85623777,-4.06606627,-10.1803045,-3.40390706,-3.80558109,-8.24020767,4.62806225,-0.519707024,-6.55819988
794,-8.19733715,-0.96963644,6.89199877,5.35163498,5.33241463,-4.15729284,5.88314962,-1.45589781,10.7531443,7.1919651,-10.1353025,2.17639446,-4.36613607,-9.92201996,-3.6755352,-3.80919051,-8.30875301,4.5765686,-0.496598899,-6.57174015
795,-8.18319416,-1.0362258,6.8896389,5.38699579,5.30255413,-4.13358164,5.95695591,-1.3279922,10.7914295,7.12412691,-10.0599232,2.49093652,-4.65667391,-9.64746761,-3.93660688,-3.80327559,-8.37266922,4.52787924,-0.474425763,-6.58510733
796,-8.16880703,-1.10292006,6.8866353,5.42273283,5.27250004,-4.10953474,6.02933931,-1.19819093,10.8307114,7.05550766,-9.98160744,2.80469918,-4.94290924,-9.3523035,-4.19162893,-3.78739333,-8.43322945,4.48284101,-0.45306614,-6.59704304
797,-8.15411472,-1.16920388,6.8832159,5.4584341,5.24261045,-4.08500671,6.10058022,-1.06577587,10.871439,6.98525286,-9.90033054,3.11747813,-5.22446156,-9.03671837,-4.43944263,-3.7615211,-8.48932552,4.43944502,-0.432318926,-6.60985041
798,-8.13919163,-1.23577368,6.87921476,5.49461508,5.21234035,-4.06003714,6.1709919,-0.93012917,10.9138689,6.91326237,-9.81500435,3.4312346,-5.50359678,-8.69768429,-4.68187094,-3.72460246,-8.54165936,4.40006351,-0.412400693,-6.62128687
799,-8.12414455,-1.30182087,6.87458467,5.53083658,5.18229723,-4.03506804,6.23902512,-0.794465363,10.9562969,6.84093618,-9.7296381,3.73806167,-5.77010584,-8.34699535,-4.90924692,-3.67807198,-8.58851433,4.36463118,-0.393499106,-6.63165855
800,-8.10880756,-1.36799264,6.86952066,5.56731033,5.15203619,-4.00948668,6.3066144,-0.65461427,11.000844,6.76593304,-9.63986683,4.0463748,-6.03423786,-7.97235966,-5.12979698,-3.62020445,-8.63035679,4.33176279,-0.375289947,-6.64244461
801,-8.09346581,-1.43388319,6.86391306,5.60396624,5.12178946,-3.9839704,6.37209511,-0.514219046,11.0456038,6.69026041,-9.54976273,4.34803629,-6.28607321,-7.58673954,-5.3347187,-3.55287647,-8.66638565,4.30320454,-0.358140051,-6.65199137
802,-8.07789421,-1.49927688,6.85768604,5.64065886,5.09174824,-3.9579308,6.43648386,-0.371966183,11.0908365,6.61388779,-9.45676136,4.64878178,-6.53156662,-7.18267202,-5.52774715,-3.47503495,-8.69680214,4.27826834,-0.341898978,-6.66070127
803,-8.06213951,-1.56432092,6.85095549,5.67739439,5.06180429,-3.93197417,6.4988656,-0.228924364,11.1364374,6.53623581,-9.36376667,4.94207811,-6.76376247,-6.77074432,-5.70339012,-3.38892817,-8.72095394,4.25626135,-0.326510131,-6.66947222
804,-8.046381,-1.62978077,6.84376526,5.71464348,5.03135443,-3.90559697,6.56062603,-0.0817829147,11.1838789,6.45542765,-9.26732254,5.23473358,-6.98980379,-6.33967161,-5.86684227,-3.29201341,-8.73907948,4.23891449,-0.312165082,-6.67707729
805,-8.03043365,-1.69469011,6.83605909,5.75182199,5.00118446,-3.87892842,6.62103319,0.0669544712,11.2317133,6.37359953,-9.16914749,5.52339745,-7.20598841,-5.89659309,-6.01356936,-3.18652058,-8.750494,4.22427225,-0.298750013,-6.68482304
806,-8.01437569,-1.75918341,6.82782459,5.78899956,4.97121334,-3.85223699,6.67959261,0.21619527,11.279357,6.29068375,-9.07117271,5.80499506,-7.40836382,-5.44891977,-6.14109182,-3.07456398,-8.75549698,4.21243286,-0.286247432,-6.69240808
807,-7.99818516,-1.82321763,6.81897926,5.82628107,4.94130468,-3.82548571,6.7366004,0.36639151,11.3270454,6.2067523,-8.9724102,6.08112431,-7.59897089,-4.99465322,-6.25031185,-2.95598221,-8.75460529,4.20449734,-0.274754882,-6.69866419
808,-7.98196459,-1.88738811,6.80968237,5.86385965,4.91117764,-3.79842329,6.79270983,0.519694626,11.3757305,6.1202445,-8.87143421,6.3541832,-7.78013515,-4.52910805,-6.34211588,-2.83001304,-8.74701405,4.19975662,-0.264274448,-6.70461416
809,-7.9656682,-1.95140529,6.79991531,5.90156221,4.88103437,-3.7711494,6.84759665,0.675230265,11.4249029,6.03142214,-8.76931667,6.62222958,-7.94967842,-4.05736637,-6.41473722,-2.69857693,-8.73291492,4.19763279,-0.254778355,-6.7104764
810,-7.94927311,-2.01542735,6.7893157,5.93973112,4.85052967,-3.74378967,6.90126228,0.832737684,11.4743948,5.94046736,-8.66578293,6.88596773,-8.10789776,-3.57947016,-6.46816015,-2.56166482,-8.71350861,4.20073795,-0.246424794,-6.71359587
811,-7.93273163,-2.0790751,6.77825642,5.97787189,4.82019329,-3.71650624,6.9532752,0.990880609,11.5235405,5.84831476,-8.56266403,7.14215565,-8.25239468,-3.10352349,-6.50069237,-2.42309642,-8.68831825,4.20489597,-0.238901243,-6.71717787
812,-7.91630888,-2.14183688,6.76675749,6.01581049,4.79030323,-3.68927431,7.00353622,1.148651,11.5717659,5.75570345,-8.46034145,7.39062262,-8.38290882,-2.63192821,-6.51294899,-2.28409338,-8.65817642,4.21107578,-0.232340813,-6.72007513
813,-7.89975977,-2.20478392,6.75484324,6.05396414,4.76023293,-3.66163397,7.05309343,1.3102262,11.6208944,5.65931034,-8.3560009,7.63557673,-8.5031023,-2.15504098,-6.50531292,-2.14257169,-8.62182236,4.21852493,-0.226761162,-6.72358036
814,-7.88318968,-2.26787257,6.74216175,6.09258795,4.72976446,-3.63385963,7.10172176,1.47453654,11.6703997,5.56036901,-8.2497797,7.87663412,-8.61280251,-1.67476463,-6.47717857,-1.99941766,-8.58049393,4.22951984,-0.222379789,-6.7250247
815,-7.86663103,-2.3298521,6.72911835,6.13081312,4.69993496,-3.60652351,7.14807177,1.63639748,11.7179556,5.46178055,-8.14692974,8.10654926,-8.70624256,-1.21128356,-6.43004799,-1.86189604,-8.53645515,4.24010372,-0.218598068,-6.72663879
816,-7.8499198,-2.39200854,6.71551132,6.16932058,4.66988707,-3.57871222,7.19386292,1.80234611,11.7662182,5.35907316,-8.04168606,8.33358479,-8.78983498,-0.744235635,-6.36269903,-1.72449958,-8.48734474,4.25191784,-0.2158411,-6.72813129
817,-7.83314276,-2.45411539,6.70117044,6.20817471,4.63956356,-3.55090094,7.23850679,1.97006845,11.8142004,5.25421333,-7.93570995,8.55529118,-8.86214828,-0.281006306,-6.27558708,-1.59014189,-8.43490028,4.26557302,-0.214105353,-6.72791433
818,-7.81657171,-2.51562786,6.68640804,6.24692488,4.60951328,-3.52323794,7.28165054,2.13776231,11.8610878,5.1481061,-7.830791,8.76931286,-8.92180824,0.171309263,-6.17066622,-1.4617666,-8.37999249,4.27940369,-0.213230893,-6.72719145
819,-7.79990339,-2.57691193,6.67120743,6.2857337,4.57948542,-3.49557781,7.32357931,2.30686426,11.9073811,5.03951979,-7.72610283,8.97688866,-8.9698801,0.614976108,-6.04800034,-1.33954465,-8.32258701,4.29256344,-0.213074625,-6.72656631
820,-7.78314447,-2.63784885,6.65530491,6.32467031,4.54942036,-3.4681828,7.36401558,2.4759326,11.9524412,4.92938852,-7.62277126,9.17702866,-9.00591373,1.0456605,-5.90982437,-1.22502959,-8.2643919,4.30574894,-0.213590607,-6.72476196
821,-7.76644754,-2.69887471,6.63871241,6.36393738,4.51911402,-3.44041109,7.40386343,2.64872575,11.9975605,4.81514025,-7.51731443,9.37390041,-9.03242397,1.47443318,-5.7527647,-1.11612833,-8.20339775,4.31969976,-0.215232477,-6.72176456
822,-7.74973011,-2.75929666,6.62202406,6.4028759,4.48930407,-3.41253424,7.44252491,2.82234097,12.0415993,4.69893885,-7.41247702,9.56401253,-9.04840755,1.89077115,-5.58017254,-1.01732039,-8.14069176,4.33015585,-0.21749115,-6.72043753
823,-7.7329483,-2.81963968,6.60450745,6.44215584,4.45917368,-3.38493395,7.47988129,2.99666309,12.0844173,4.58031654,-7.30849409,9.74755478,-9.05361652,2.29434705,-5.39425516,-0.927791834,-8.07840347,4.34084463,-0.220362067,-6.71724224
824,-7.7162652,-2.87965918,6.58624363,6.48161507,4.42900991,-3.35739326,7.5161376,3.17174935,12.1259346,4.45991421,-7.20461512,9.92560577,-9.04926491,2.68648839,-5.19441271,-0.848587692,-8.01608944,4.35101557,-0.224077985,-6.71235895
825,-7.69961405,-2.9393332,6.56775856,6.52093363,4.39902306,-3.32995272,7.55120325,3.34777284,12.1662369,4.33665466,-7.10173798,10.0967655,-9.03523636,3.06450844,-4.98342991,-0.780655503,-7.95370579,4.35827017,-0.228251293,-6.7083683
826,-7.68286705,-2.99861503,6.54866552,6.56028271,4.36917496,-3.30249763,7.58521891,3.52455521,12.2050409,4.2113924,-6.99923611,10.2624359,-9.01237488,3.42964578,-4.76091433,-0.724666834,-7.89178276,4.36313391,-0.233028084,-6.70389509
827,-7.666049,-3.05788231,6.52892637,6.59984922,4.33912802,-3.27501726,7.61831188,3.70339131,12.2426329,4.08228922,-6.89670277,10.4229679,-8.98054409,3.78349233,-4.52753782,-0.680065274,-7.83025599,4.36627626,-0.238398418,-6.69881153
828,-7.64933109,-3.11666155,6.50861788,6.63942862,4.30915833,-3.24784756,7.6501441,3.88186073,12.2783432,3.951792,-6.79546833,10.5770226,-8.94068909,4.12157393,-4.28683996,-0.648141265,-7.77034092,4.36737919,-0.244225666,-6.69270754
829,-7.63262272,-3.1750102,6.48781443,6.67894602,4.27934504,-3.22091484,7.68078899,4.06003952,12.3120527,3.81964517,-6.69562101,10.7248449,-8.89313221,4.44386959,-4.04024267,-0.62905848,-7.71187305,4.36555862,-0.250411391,-6.68640995
830,-7.61598396,-3.23307443,6.46648407,6.71851826,4.24958277,-3.19389391,7.71057129,4.23963499,12.3440752,3.68440843,-6.59586334,10.8679657,-8.83806801,4.75408888,-3.78603458,-0.622695386,-7.65411186,4.36120701,-0.257180125,-6.67955494
831,-7.59914017,-3.29112935,6.44445562,6.75831223,4.21962643,-3.16683221,7.73954582,4.42155457,12.3746233,3.54522204,-6.49564219,11.0065823,-8.77611446,5.05302382,-3.52373505,-0.629809201,-7.59696913,4.35367775,-0.264490277,-6.67234087
832,-7.58249807,-3.34875894,6.42199373,6.79804754,4.18981647,-3.13999319,7.76739311,4.6030302,12.4027796,3.4042778,-6.39699936,11.1393776,-8.70739365,5.3362956,-3.25922847,-0.649737835,-7.54130745,4.34337902,-0.272148222,-6.66464853
833,-7.56575203,-3.40627337,6.39887571,6.8379178,4.1598897,-3.1130991,7.79450893,4.78696632,12.4292812,3.25900769,-6.29764223,11.2679644,-8.63253117,5.6087079,-2.98805761,-0.683608294,-7.48608398,4.32976055,-0.280415177,-6.65657473
834,-7.54901648,-3.46313548,6.37545872,6.87753057,4.13035631,-3.08662248,7.82033968,4.96854925,12.4527512,3.113657,-6.20127583,11.3900623,-8.55204487,5.86288071,-2.72006154,-0.72960633,-7.43280649,4.31236458,-0.288625211,-6.64888334
835,-7.53234863,-3.519871,6.35125399,6.9173522,4.10067892,-3.06010079,7.84543848,5.15206051,12.4741173,2.96444178,-6.10447645,11.5083494,-8.46582603,6.10616112,-2.44792032,-0.789098263,-7.37990904,4.29234457,-0.297527522,-6.63997126
836,-7.51573563,-3.57622766,6.32642221,6.95724249,4.07089806,-3.03405428,7.86939669,5.33455849,12.4926901,2.81380963,-6.0095787,11.6212091,-8.37464809,6.33448505,-2.17837358,-0.859986484,-7.32863665,4.27006006,-0.306588084,-6.62996721
837,-7.49919176,-3.63228774,6.30115604,6.99706841,4.04132366,-3.00793791,7.89263439,5.51805115,12.5087461,2.66024804,-5.91486835,11.7300291,-8.27877522,6.55084658,-1.90770972,-0.944235504,-7.27702475,4.24364185,-0.316178977,-6.6201539
838,-7.48243237,-3.68818116,6.27535343,7.0369215,4.01176786,-2.98172021,7.91515303,5.70352459,12.5222626,2.50229883,-5.81996822,11.8349209,-8.17800236,6.75627661,-1.63583994,-1.04174006,-7.22480106,4.2129488,-0.326208055,-6.61066008
839,-7.46598148,-3.74369216,6.2489295,7.07680893,3.98218846,-2.95582867,7.93673849,5.88841629,12.5327282,2.34252429,-5.72643661,11.9353485,-8.07301426,6.94872093,-1.36749089,-1.1501509,-7.17289972,4.18027258,-0.336686134,-6.59984732
840,-7.44940758,-3.79865456,6.22205257,7.11651564,3.95295429,-2.9301877,7.95737457,6.07174778,12.5399303,2.18207717,-5.63481951,12.0312052,-7.9647131,7.12747049,-1.10461009,-1.26905417,-7.12094927,4.14368439,-0.347266048,-6.58932447
841,-7.43288803,-3.85340571,6.19448757,7.15633345,3.92352462,-2.90488052,7.97714663,6.2552619,12.5440502,2.01887822,-5.5441494,12.1229439,-7.85277319,7.29487181,-0.84549731,-1.39815104,-7.06851864,4.1047678,-0.358240366,-6.57786226
842,-7.41660738,-3.9081378,6.16620064,7.1963377,3.89394855,-2.87943196,7.99634981,6.44116163,12.5450268,1.85073185,-5.45284367,12.2117443,-7.73621607,7.45345545,-0.586525917,-1.53942001,-7.01396704,4.06311798,-0.370102048,-6.56543875
843,-7.40009642,-3.96238732,6.13778639,7.23601627,3.86488223,-2.854002,8.01478863,6.62640905,12.5425253,1.68089283,-5.36292601,12.2964783,-7.61714315,7.59999847,-0.333211809,-1.69085503,-6.95717192,4.01634884,-0.382138968,-6.55465174
844,-7.3838315,-4.01608896,6.10854197,7.27573919,3.83570743,-2.82913661,8.03231621,6.80995369,12.5364418,1.51022065,-5.27486658,12.3773718,-7.49541235,7.73537779,-0.0874508098,-1.84950066,-6.90000677,3.96886301,-0.394533306,-6.54187012
845,-7.36760569,-4.06962967,6.0786314,7.31554699,3.80647659,-2.80439258,8.04912663,6.99378586,12.5267401,1.33689857,-5.1874299,12.4550428,-7.37072706,7.86104774,0.153763786,-2.01757169,-6.84025097,3.91852379,-0.407500565,-6.5285697
846,-7.3515358,-4.12291241,6.04835463,7.35525179,3.7773428,-2.77980781,8.06523323,7.17786932,12.5132198,1.16030169,-5.10102797,12.52917,-7.2431469,7.9773941,0.38895461,-2.19318104,-6.77753639,3.8658185,-0.420976251,-6.51542521
847,-7.33553743,-4.1759243,6.01741743,7.39496422,3.74827099,-2.75536537,8.0806675,7.3616004,12.4957724,0.981713772,-5.01555061,12.6002645,-7.11300898,8.08450222,0.618255734,-2.37665391,-6.71171045,3.81070662,-0.434997439,-6.5017767
848,-7.31962967,-4.22840261,5.98603487,7.43450928,3.7193985,-2.73120475,8.09538174,7.54420853,12.4743843,0.801643968,-4.9315691,12.6681309,-6.98101234,8.18232727,0.840019822,-2.56617188,-6.64284801,3.75366592,-0.449460715,-6.48787212
849,-7.30385399,-4.28077984,5.95376778,7.47424173,3.69026899,-2.70725203,8.10944939,7.72719955,12.4486856,0.618444204,-4.84827042,12.7333336,-6.8459692,8.27232456,1.05603087,-2.76242733,-6.57049417,3.69548154,-0.464614868,-6.47268438
850,-7.28809595,-4.33241892,5.92145967,7.51348686,3.66197801,-2.68308091,8.12307072,7.90922499,12.4187908,0.433965951,-4.76598978,12.7959719,-6.7092557,8.35366631,1.265553,-2.96553612,-6.49281931,3.63372397,-0.480314791,-6.45881176
851,-7.27258587,-4.3839612,5.88821507,7.55295944,3.63321877,-2.65950727,8.13587856,8.09040546,12.384532,0.247506216,-4.68534708,12.8555899,-6.57046461,8.42740631,1.46688485,-3.17187405,-6.4121418,3.57254672,-0.496579647,-6.44313717
852,-7.25705433,-4.43516159,5.8547287,7.59220266,3.60479355,-2.63603449,8.14811516,8.27068901,12.3457994,0.0593255088,-4.60611916,12.9124107,-6.43005419,8.49356461,1.66063905,-3.38216472,-6.32643747,3.50947738,-0.513233066,-6.42833328
853,-7.24203348,-4.48601389,5.82027626,7.63157034,3.57616615,-2.61286926,8.15976238,8.45038509,12.3024483,-0.130731702,-4.52791691,12.9671698,-6.28721952,8.55298615,1.84782398,-3.59668231,-6.23649979,3.44714499,-0.530881345,-6.41123295
854,-7.22678232,-4.53641653,5.78551435,7.67066956,3.54785204,-2.58989167,8.170825,8.6287756,12.2543612,-0.322358578,-4.45147657,13.019269,-6.14270258,8.6057806,2.02664137,-3.8130219,-6.14184713,3.3837297,-0.5487203,-6.39503098
855,-7.21191263,-4.58671141,5.74983358,7.70996571,3.51928329,-2.56697392,8.18141747,8.80817795,12.2009735,-0.517772496,-4.37525463,13.0696239,-5.99518299,8.65234566,2.20077109,-4.03519773,-6.04087639,3.3201952,-0.567765713,-6.37715816
856,-7.1973691,-4.63654137,5.71372843,7.74904633,3.491045,-2.5443368,8.1914463,8.98506355,12.1429987,-0.712839842,-4.30133963,13.11765,-5.84661818,8.69256115,2.3658216,-4.25702477,-5.93530607,3.2575531,-0.587292433,-6.35901546
857,-7.18287086,-4.68633652,5.67733431,7.78802776,3.46288443,-2.5216608,8.20102882,9.1629467,12.0792322,-0.912300229,-4.22801256,13.1633825,-5.695467,8.72702885,2.52550101,-4.48255253,-5.82219076,3.19419217,-0.607618451,-6.34165955
858,-7.16851616,-4.7352252,5.64028215,7.82672882,3.43504572,-2.49950528,8.21005058,9.33646011,12.0113316,-1.10891879,-4.15787363,13.207304,-5.54370642,8.75602913,2.67467785,-4.7047286,-5.70656586,3.13317347,-0.628100872,-6.3231144
859,-7.1543169,-4.78388786,5.60263777,7.86541319,3.40719414,-2.4774332,8.21860981,9.51019478,11.9376497,-1.30877054,-4.08867359,13.2493505,-5.38952208,8.7797184,2.81817532,-4.9293108,-5.58420181,3.07279563,-0.649461448,-6.30411053
860,-7.14047909,-4.8322587,5.5644474,7.90396643,3.37948537,-2.45559978,8.2267313,9.68232822,11.8585739,-1.50960541,-4.02151489,13.2895756,-5.23323441,8.79876614,2.95399785,-5.15239334,-5.45676565,3.01472998,-0.671495795,-6.28461409
861,-7.12699842,-4.88018179,5.52562571,7.94243383,3.35183239,-2.43401718,8.23438931,9.85304451,11.7741966,-1.71126914,-3.95609641,13.3281698,-5.07541656,8.81274319,3.08313632,-5.3753953,-5.32372379,2.95872355,-0.69435513,-6.26400185
862,-7.11369371,-4.92796183,5.4863205,7.98079586,3.32438707,-2.41235805,8.24171829,10.0233688,11.6834869,-1.91549206,-3.8921876,13.3651733,-4.9145155,8.822258,3.20616937,-5.59826469,-5.18370104,2.90452194,-0.718047619,-6.24353075
863,-7.1006031,-4.97516441,5.44638109,8.01900387,3.29693604,-2.39120865,8.24853039,10.1909456,11.5877419,-2.11903667,-3.83101559,13.4005108,-4.75239277,8.82779026,3.32103634,-5.81738186,-5.04035521,2.85373926,-0.74216795,-6.22195292
864,-7.08798027,-5.02186155,5.4058485,8.05703068,3.26972818,-2.37036419,8.25495243,10.3558264,11.4869137,-2.3217721,-3.77252364,13.4343634,-4.58885622,8.82950211,3.42829061,-6.03260565,-4.89321184,2.80670023,-0.76694721,-6.19937038
865,-7.07540369,-5.06819677,5.36477423,8.09492397,3.24261355,-2.34959221,8.26103687,10.5199318,11.3796883,-2.52648687,-3.71583843,13.4668589,-4.42246819,8.82714558,3.52977085,-6.24699068,-4.73979759,2.76211905,-0.792524397,-6.17653036
866,-7.06326771,-5.11426878,5.32329273,8.13266182,3.21564031,-2.32895613,8.26678562,10.6829662,11.2662258,-2.73267174,-3.66115546,13.4978333,-4.2539506,8.82052708,3.62566113,-6.45966911,-4.57997036,2.7209053,-0.819121063,-6.15329933
867,-7.05143499,-5.16006994,5.28104782,8.17032719,3.18874121,-2.30846214,8.27220154,10.8443232,11.1462526,-2.93976188,-3.60910082,13.5275536,-4.08201504,8.81088924,3.71479893,-6.66854334,-4.41601467,2.68397617,-0.846524894,-6.12917185
868,-7.03986788,-5.20523167,5.23848724,8.20767212,3.16220522,-2.28830886,8.27728939,11.0020924,11.0216398,-3.14454603,-3.56039071,13.5558443,-3.90948915,8.798069,3.79659605,-6.87140656,-4.24938297,2.65135813,-0.874342084,-6.10468292
869,-7.02883196,-5.24995089,5.19514608,8.24494743,3.13556147,-2.26846433,8.28201962,11.1583958,10.8905172,-3.35033965,-3.51425767,13.582901,-3.73392081,8.78203106,3.87254739,-7.07114744,-4.07883406,2.62350893,-0.9033131,-6.07847452
870,-7.01788473,-5.2943368,5.15168238,8.28188992,3.10945225,-2.24852657,8.28659534,11.3126879,10.7530575,-3.55631042,-3.4709785,13.6086159,-3.55582213,8.76266861,3.94270897,-7.26671982,-3.90301156,2.5994637,-0.932960093,-6.05309105
871,-7.007689,-5.33817434,5.10714865,8.31883335,3.08312035,-2.22903204,8.29077148,11.4648228,10.6093731,-3.76217985,-3.43081069,13.6332369,-3.37471604,8.74049091,4.00673008,-7.45796871,-3.72520781,2.58117557,-0.963927329,-6.02488899
872,-6.99779415,-5.38168859,5.06203604,8.35560799,3.05688357,-2.20968485,8.29467964,11.6152096,10.458746,-3.96871471,-3.3937223,13.656517,-3.19011617,8.71539974,4.06506538,-7.64503431,-3.54362106,2.56770086,-0.995949447,-5.99606037
873,-6.98825598,-5.42454576,5.016922,8.39194393,3.03134155,-2.19047165,8.29847908,11.7615433,10.3038492,-4.17186403,-3.36058688,13.6784458,-3.00505805,8.68783665,4.11698771,-7.82449055,-3.36079645,2.55920076,-1.02847683,-5.9674077
874,-6.97915602,-5.46715879,4.97080088,8.4282999,3.00544024,-2.17156267,8.30189991,11.9068222,10.1408386,-4.3769474,-3.33065438,13.699049,-2.81501365,8.65763092,4.16345119,-8.00046349,-3.17510653,2.55611706,-1.06247103,-5.93691254
875,-6.97052193,-5.50904942,4.92471313,8.46417999,2.98028755,-2.15273738,8.30527592,12.0481968,9.97359753,-4.57864332,-3.30465317,13.7183247,-2.62456656,8.62449169,4.20445108,-8.16957855,-2.98770285,2.55812216,-1.0973171,-5.90640163
876,-6.96224976,-5.55077553,4.87774611,8.50004101,2.95497179,-2.13406229,8.30836391,12.1883326,9.79798985,-4.78194714,-3.28226686,13.7361307,-2.42887592,8.58876896,4.24008083,-8.33460426,-2.79766464,2.5655756,-1.13364542,-5.87462616
877,-6.95477247,-5.59176016,4.83014727,8.53563881,2.92979956,-2.1157341,8.31124592,12.3253336,9.61659527,-4.98351431,-3.2640295,13.7526302,-2.23030305,8.55074215,4.26997757,-8.49371815,-2.60795021,2.57885313,-1.1714108,-5.84076309
878,-6.94786453,-5.63238907,4.78205061,8.57106686,2.90483689,-2.09745121,8.31399059,12.4599619,9.42849255,-5.18425894,-3.24983382,13.7676058,-2.02840328,8.50964355,4.29502535,-8.64768314,-2.4160049,2.59773445,-1.21077764,-5.80588341
879,-6.94155455,-5.67240334,4.73361063,8.606143,2.8802762,-2.0793786,8.31663704,12.5910044,9.23496437,-5.38245678,-3.2402544,13.7809401,-1.82388151,8.46698761,4.31409454,-8.79430008,-2.2261107,2.62195015,-1.25118816,-5.77002621
880,-6.9355979,-5.71195221,4.68445587,8.64104939,2.85559821,-2.06166911,8.31899738,12.7194462,9.03480244,-5.57959843,-3.23513055,13.792511,-1.61597192,8.42156506,4.32804537,-8.93568611,-2.03592992,2.65137148,-1.29312742,-5.73275995
881,-6.93019247,-5.75092459,4.63497829,8.67564297,2.83134437,-2.0440135,8.32130432,12.8447752,8.82848263,-5.77480221,-3.23466539,13.8022118,-1.40481853,8.37380123,4.33678722,-9.07095718,-1.84635651,2.68598604,-1.33651376,-5.69459105
882,-6.92575502,-5.78928471,4.5848918,8.7100153,2.8072207,-2.02654743,8.32350159,12.9672232,8.61575794,-5.96827841,-3.23895955,13.8101263,-1.18991268,8.32317066,4.34065008,-9.2009058,-1.65746188,2.7263329,-1.38195217,-5.65416622
883,-6.92205906,-5.82709551,4.53389311,8.74424934,2.7829833,-2.0093708,8.32546139,13.0870895,8.3954258,-6.16089249,-3.24838495,13.8159084,-0.969918728,8.27014923,4.33886623,-9.32571411,-1.47038853,2.77197552,-1.42933381,-5.61133862
884,-6.91868877,-5.86439466,4.48320532,8.77796841,2.75969124,-1.99209154,8.32761669,13.2026501,8.17156696,-6.3487587,-3.26273227,13.8194294,-0.749446273,8.21479893,4.33280897,-9.44273758,-1.28505743,2.82200885,-1.47776639,-5.56926966
885,-6.91620064,-5.90085983,4.43166256,8.81143951,2.73621416,-1.97538555,8.32947159,13.3147039,7.94219398,-6.53380919,-3.2823844,13.8206396,-0.525596738,8.15775108,4.3210063,-9.55399609,-1.10489142,2.8765161,-1.52782393,-5.52422857
886,-6.91446781,-5.93682051,4.3797698,8.84465313,2.71323061,-1.95849693,8.33144093,13.4239635,7.70573854,-6.71707249,-3.30736303,13.8192921,-0.29715246,8.09722805,4.30476952,-9.66024876,-0.924906433,2.93614697,-1.58015132,-5.47789526
887,-6.91322136,-5.97223377,4.32716703,8.87765026,2.69000649,-1.9421016,8.33310318,13.529932,7.46295929,-6.89782143,-3.33800936,13.8149529,-0.0650445893,8.03479576,4.2828784,-9.76071739,-0.749887049,2.99957991,-1.63391018,-5.42967796
888,-6.91350317,-6.00680113,4.27384043,8.91038227,2.66699028,-1.92583001,8.33474827,13.6328669,7.21330118,-7.07641459,-3.37435007,13.8077421,0.171959922,7.96862555,4.25638342,-9.85692596,-0.577136576,3.06831288,-1.69057262,-5.37789106
889,-6.91388416,-6.04081106,4.2207427,8.94263649,2.64488602,-1.90941465,8.33667183,13.7314053,6.96041155,-7.24960709,-3.41603708,13.7974367,0.409958065,7.90055037,4.22550774,-9.9459486,-0.408786416,3.13990593,-1.7480706,-5.32675934
890,-6.91500568,-6.07419157,4.16700935,8.97463417,2.62270331,-1.89342833,8.33835983,13.8265333,6.70214891,-7.41942501,-3.46331,13.7835255,0.650571942,7.82957935,4.19018126,-10.0299482,-0.24471952,3.21511507,-1.80745304,-5.27341413
891,-6.91753292,-6.10669184,4.11247349,9.00640297,2.60060239,-1.8774879,8.34005356,13.9186888,6.43574858,-7.58728504,-3.51708603,13.7658653,0.897841036,7.75492001,4.14932871,-10.1100578,-0.0846744403,3.29471612,-1.86962676,-5.21628523
892,-6.92050695,-6.13867283,4.05769587,9.03780079,2.57878613,-1.86180198,8.34170914,14.0069122,6.16478539,-7.75069714,-3.57664347,13.7441244,1.14731467,7.67783642,4.10386801,-10.1845369,0.0697735995,3.37676549,-1.93303311,-5.15830231
893,-6.92419767,-6.16978025,4.00274181,9.06879807,2.55753016,-1.84620953,8.34350395,14.0908375,5.8913269,-7.90816021,-3.64144945,13.7185297,1.39740407,7.59841728,4.05451488,-10.2534657,0.217937216,3.46098709,-1.99765944,-5.09871292
894,-6.92915773,-6.20006752,3.94684267,9.0996027,2.53602314,-1.83091819,8.34510326,14.1717911,5.60971785,-8.06333828,-3.71300292,13.687993,1.6536454,7.51465082,3.99994397,-10.3192301,0.361757159,3.54885173,-2.06503367,-5.03519917
895,-6.93525457,-6.22943544,3.89053059,9.13005257,2.51491809,-1.81562173,8.346838,14.2490492,5.32209587,-8.21448517,-3.79095364,13.6524181,1.91405237,7.42696667,3.94080257,-10.3808308,0.500361383,3.63958287,-2.13459945,-4.96888733
896,-6.94108438,-6.25814915,3.83455658,9.15997505,2.49450207,-1.80052459,8.34872341,14.321456,5.035285,-8.35757732,-3.87314343,13.6125364,2.17177939,7.33838081,3.87845302,-10.4364281,0.630849183,3.72992325,-2.20368052,-4.90347242
897,-6.94829035,-6.28607941,3.77760458,9.18969536,2.47386169,-1.78573704,8.35044384,14.3906603,4.74041557,-8.4976759,-3.96241879,13.5666351,2.43527818,7.24531794,3.81093836,-10.4890842,0.755287468,3.82283068,-2.27510691,-4.83402109
898,-6.95646524,-6.31288433,3.72059941,9.21896458,2.45389724,-1.77088428,8.35244751,14.4556885,4.44280291,-8.63162518,-4.05696678,13.5153561,2.70014715,7.14882278,3.74000597,-10.5377636,0.873570144,3.91724753,-2.34799576,-4.76225567
899,-6.96513462,-6.33896303,3.66307378,9.24793816,2.4339931,-1.75631678,8.35437775,14.5168638,4.14111519,-8.76002502,-4.15722227,13.4580278,2.96685481,7.04923868,3.66494441,-10.5828381,0.984517515,4.01219511,-2.42166328,-4.68855762
900,-6.97462845,-6.3640604,3.6054244,9.27647305,2.41445136,-1.74186182,8.35641289,14.5740786,3.83553553,-8.8828249,-4.26308346,13.3942766,3.2356739,6.94579506,3.58623099,-10.624671,1.08916152,4.10818958,-2.4966135,-4.61265612
901,-6.98487043,-6.38838482,3.54747915,9.30468655,2.39524603,-1.72744346,8.35861969,14.6273842,3.52590013,-8.99969578,-4.37458277,13.3237982,3.50633717,6.83869123,3.50396347,-10.6631594,1.18683946,4.20474815,-2.57249379,-4.5347085
902,-6.99579144,-6.41156578,3.48908019,9.33249474,2.37619424,-1.71336186,8.36077595,14.6766624,3.21367025,-9.11010838,-4.49112129,13.2465858,3.77785826,6.72823811,3.41816425,-10.699111,1.27665401,4.30114555,-2.64889097,-4.45409632
903,-7.00763178,-6.43391371,3.43030119,9.36003017,2.35734177,-1.69923282,8.36305904,14.7221746,2.8952992,-9.21512413,-4.61395741,13.1611385,4.05299282,6.61285162,3.32851791,-10.7324581,1.36016297,4.39857149,-2.72670412,-4.37073851
904,-7.02033234,-6.45519972,3.3710227,9.38719845,2.33858681,-1.68542492,8.36531925,14.7636499,2.57418418,-9.31329727,-4.74180174,13.068162,4.32865667,6.49399042,3.23575258,-10.7634983,1.4351685,4.49539185,-2.80474353,-4.28448725
905,-7.03240871,-6.4755125,3.31248999,9.41376686,2.32097626,-1.67154801,8.36806297,14.8006191,2.25823879,-9.4017067,-4.87084579,12.9702415,4.59790182,6.37487364,3.14250112,-10.7911482,1.50222254,4.58934021,-2.88080931,-4.19973087
906,-7.04610872,-6.4948411,3.25294709,9.44015312,2.30279541,-1.65793848,8.37057877,14.8340378,1.93125463,-9.4860487,-5.00823879,12.8609781,4.87499142,6.248384,3.04393864,-10.817956,1.56232369,4.68493986,-2.9590323,-4.10973501
907,-7.05989265,-6.5130558,3.19361901,9.46603394,2.28542113,-1.64440489,8.37340641,14.8632364,1.60736358,-9.56134987,-5.14740038,12.7455149,5.14722204,6.12061787,2.9447577,-10.8423471,1.61417854,4.77815914,-3.03583097,-4.019207
908,-7.07444668,-6.53018761,3.13357306,9.49166775,2.26785755,-1.6310513,8.37617683,14.8885794,1.27717006,-9.63026142,-5.29254198,12.6196671,5.42270041,5.98745537,2.8418808,-10.8657827,1.65830731,4.87115479,-3.11305046,-3.92519569
909,-7.08899546,-6.54650593,3.07399869,9.51680756,2.25099564,-1.61767817,8.37930202,14.9097509,0.947650135,-9.69079494,-5.44018602,12.4859629,5.69524193,5.85199404,2.73799753,-10.8871889,1.69491434,4.96209908,-3.18899131,-3.8313179
910,-7.10400248,-6.56151819,3.01397729,9.54159355,2.23418164,-1.60462773,8.3823719,14.9270439,0.617591918,-9.74317455,-5.59075689,12.3439093,5.96575212,5.71373034,2.63260293,-10.9077873,1.72275734,5.05096436,-3.26366973,-3.73483491
911,-7.11926508,-6.57539082,2.95393562,9.56594181,2.21769094,-1.59176338,8.38555431,14.9404144,0.287765503,-9.78724861,-5.74359846,12.1935444,6.23345375,5.57297754,2.52633858,-10.9273939,1.74258053,5.13765669,-3.33688402,-3.63694119
912,-7.13520288,-6.58833981,2.89373159,9.58999348,2.20148301,-1.57876015,8.38903427,14.9496756,-0.0470243134,-9.8237772,-5.90094566,12.0315447,6.50268841,5.42694283,2.4179821,-10.9461317,1.75534892,5.22390699,-3.41007137,-3.53674078
913,-7.15058231,-6.60021591,2.83356047,9.61359596,2.18553376,-1.56608307,8.39252281,14.9551163,-0.379188478,-9.85127258,-6.05897808,11.8621531,6.76682281,5.27999687,2.30935025,-10.9643583,1.75960994,5.3065443,-3.48033237,-3.43665004
914,-7.16624784,-6.61102009,2.77332807,9.63685226,2.16999388,-1.55337846,8.39629745,14.9566336,-0.711731553,-9.87007523,-6.21887589,11.6835127,7.02824688,5.13045645,2.20037508,-10.9819679,1.75594938,5.38695002,-3.54883885,-3.33516622
915,-7.18183231,-6.62088346,2.71303797,9.65973473,2.15452862,-1.54090941,8.40008068,14.9542389,-1.04516208,-9.88034821,-6.38058662,11.4948311,7.28710032,4.97813797,2.09085846,-10.9993553,1.74454999,5.46504927,-3.6154027,-3.23286796
916,-7.19771194,-6.62925673,2.65287209,9.68218231,2.13956118,-1.52853346,8.40412331,14.9482031,-1.37557447,-9.88158798,-6.54197216,11.2987356,7.54044628,4.82485199,1.98239374,-11.0167856,1.72507453,5.54009533,-3.67928076,-3.12906241
917,-7.21280861,-6.63738775,2.59294701,9.70429134,2.12501788,-1.5161643,8.40840149,14.9384136,-1.70483208,-9.87384605,-6.70347738,11.0940371,7.78904676,4.67066002,1.87459183,-11.0333948,1.69883382,5.61211443,-3.74038172,-3.02713108
918,-7.22853899,-6.64376497,2.53264308,9.72604179,2.11044192,-1.50399995,8.4127264,14.9246511,-2.03596377,-9.85730743,-6.86671638,10.8780899,8.03582287,4.51302242,1.76642525,-11.0510473,1.66376054,5.68187094,-3.79934001,-2.9218874
919,-7.24329567,-6.64965487,2.47260594,9.74744415,2.09609413,-1.49197042,8.41715717,14.9072552,-2.36508083,-9.83161068,-7.02913284,10.6538134,8.27708435,4.35495663,1.65926158,-11.0685825,1.62172711,5.74822044,-3.85494971,-2.81847024
920,-7.25829554,-6.65410948,2.41245365,9.76842785,2.08196545,-1.48016119,8.42168331,14.8862295,-2.69245076,-9.79685307,-7.19088888,10.4209709,8.51328468,4.19605827,1.55342662,-11.0868158,1.57144713,5.81122637,-3.90728498,-2.7136097
921,-7.27252436,-6.65808296,2.35240078,9.78912067,2.06801152,-1.46847117,8.42629719,14.8616753,-3.01790571,-9.75287342,-7.3513093,10.1799145,8.7435894,4.03720236,1.44917619,-11.1051226,1.51430869,5.87080383,-3.95610356,-2.6102314
922,-7.28629827,-6.66130114,2.29289484,9.80940342,2.05504775,-1.4565711,8.43154049,14.8338814,-3.33768582,-9.70012474,-7.50832653,9.93369579,8.96603584,3.87985206,1.34797955,-11.1233406,1.45128441,5.92682886,-4.00135231,-2.50851989
923,-7.29979086,-6.66328478,2.23317742,9.8293705,2.0417521,-1.44499815,8.43662167,14.8021612,-3.65904522,-9.6380167,-7.66547108,9.6760397,9.18529034,3.72062707,1.24706745,-11.1429548,1.37961948,5.9795332,-4.04302883,-2.40600395
924,-7.31246662,-6.66492748,2.1736877,9.84899902,2.02896214,-1.43346012,8.4419651,14.7673788,-3.9754076,-9.56711388,-7.81900311,9.41323185,9.39646626,3.56362224,1.14932966,-11.1624899,1.30230832,6.02840614,-4.08075476,-2.30590796
925,-7.32505608,-6.66534662,2.11429715,9.86829472,2.01631665,-1.42197394,8.44752121,14.7286539,-4.29176855,-9.48695469,-7.97127056,9.13997078,9.60352516,3.40548015,1.05281091,-11.1833305,1.21692133,6.07395935,-4.11485815,-2.20541477
926,-7.33676147,-6.66521406,2.05481386,9.88727093,2.00365615,-1.41077995,8.45299244,14.6867123,-4.60510159,-9.39773655,-8.12046909,8.85993195,9.80353832,3.24905872,0.958855748,-11.2047768,1.12503994,6.1154418,-4.14467764,-2.10673761
927,-7.34696817,-6.66540813,1.99601269,9.90595627,1.99197257,-1.3993355,8.45910931,14.6421032,-4.91104555,-9.30040169,-8.26437187,8.5780592,9.99411774,3.09701276,0.868758202,-11.2257385,1.02912605,6.1523428,-4.16996479,-2.01338267
928,-7.35737658,-6.663692,1.93699789,9.92419243,1.97995496,-1.38851285,8.46482468,14.5946531,-5.21346092,-9.19496346,-8.4046402,8.29003525,10.1777554,2.94649506,0.781587601,-11.2485914,0.925810337,6.18519354,-4.19078207,-1.91837585
929,-7.36638927,-6.66251993,1.87827981,9.94225693,1.96848238,-1.37735987,8.47111607,14.5433989,-5.51450825,-9.08019638,-8.54185486,7.99396706,10.3557425,2.79733586,0.696397066,-11.2713966,0.816901743,6.21419001,-4.2077508,-1.82798326
930,-7.37512541,-6.66020966,1.81922483,9.95995903,1.95691216,-1.36662889,8.47722816,14.4892302,-5.81159782,-8.957057,-8.67510605,7.69293022,10.5264168,2.65106058,0.614630401,-11.2952709,0.701674998,6.23852301,-4.21989202,-1.738065
931,-7.38260746,-6.65817738,1.76053739,9.97740936,1.94568551,-1.35583508,8.48367405,14.4316912,-6.10580873,-8.82537937,-8.80414963,7.38564968,10.6903648,2.5072453,0.535336137,-11.3195267,0.581093192,6.25857687,-4.22786093,-1.65247834
932,-7.38943338,-6.65546751,1.70203948,9.99452877,1.93512678,-1.34501207,8.49044514,14.371953,-6.39295053,-8.68680859,-8.9270134,7.07772636,10.8454227,2.36798763,0.46008262,-11.3441887,0.456468523,6.27421188,-4.23147345,-1.56930947
933,-7.39493704,-6.65304279,1.64359069,10.0113668,1.92444313,-1.33453441,8.49708557,14.3094177,-6.67595053,-8.54037285,-9.04538345,6.76612663,10.9930477,2.23284316,0.387935996,-11.3691196,0.327373087,6.28480339,-4.23040628,-1.49058533
934,-7.39958477,-6.65020323,1.58547854,10.0279131,1.91448438,-1.32394004,8.50413704,14.2448988,-6.95193243,-8.38776112,-9.15727997,6.45484686,11.1320219,2.10245442,0.319613218,-11.3944006,0.19503206,6.29108477,-4.22528505,-1.41503894
935,-7.40328884,-6.64699221,1.52695811,10.0441437,1.90397036,-1.31384861,8.51085758,14.1765881,-7.22719288,-8.22600174,-9.26597881,6.13539934,11.2657642,1.97429025,0.253362596,-11.420907,0.0557433404,6.29155493,-4.21490765,-1.34219491
936,-7.40575123,-6.64499426,1.4689374,10.0602503,1.89487135,-1.30308604,8.51864719,14.1060734,-7.49524307,-8.05838394,-9.36784458,5.81753969,11.390892,1.85186636,0.191066623,-11.4461756,-0.0844979137,6.28817511,-4.20151949,-1.27563584
937,-7.40748549,-6.64220428,1.41084802,10.0759535,1.88540423,-1.29292715,8.52602673,14.0332565,-7.75849771,-7.88424969,-9.46452999,5.49770737,11.5088224,1.73383677,0.131972268,-11.4725399,-0.22930041,6.27908373,-4.18317461,-1.21139717
938,-7.40788794,-6.63965082,1.35233998,10.0914154,1.87576818,-1.2830199,8.53327656,13.9573345,-8.01902771,-7.70212507,-9.55645561,5.17370701,11.6203556,1.61969256,0.0753293037,-11.4993248,-0.378677309,6.26430082,-4.16025972,-1.15139091
939,-7.4071846,-6.63797998,1.29407096,10.106698,1.86704302,-1.27282047,8.54117775,13.8793983,-8.27295113,-7.51484394,-9.64177036,4.85154009,11.7239523,1.51120985,0.0221620239,-11.5253906,-0.529289067,6.24497366,-4.1341176,-1.09686089
940,-7.4053545,-6.63596153,1.23582864,10.1215734,1.85830832,-1.26308465,8.54881287,13.7999716,-8.51986885,-7.32285929,-9.72128391,4.53183174,11.8200026,1.40864801,-0.0275139529,-11.5517378,-0.68161124,6.21981382,-4.10362768,-1.04616261
941,-7.40212107,-6.63506269,1.1776135,10.1362734,1.85009515,-1.25331056,8.55671215,13.7189522,-8.7603817,-7.12635565,-9.79445457,4.2150631,11.908433,1.31198943,-0.0741200447,-11.5772533,-0.834293127,6.19005489,-4.07021379,-1.00131547
942,-7.3975029,-6.6351161,1.11912251,10.1507883,1.84237003,-1.24337459,8.56507301,13.6348553,-8.99728584,-6.92331791,-9.86247635,3.89642119,11.9909811,1.21979916,-0.118373439,-11.6023493,-0.989521444,6.15449381,-4.03313303,-0.962083578
943,-7.39185476,-6.63513708,1.06023204,10.1650267,1.83442354,-1.23366857,8.57334137,13.547368,-9.23214149,-6.7128644,-9.92538357,3.57361722,12.0677986,1.13144517,-0.160548314,-11.6280174,-1.14932036,6.11210775,-3.99154615,-0.926526845
944,-7.38528204,-6.63555861,1.00160098,10.1789312,1.8270756,-1.22418547,8.58167267,13.4599209,-9.45730114,-6.50138855,-9.98164749,3.25974727,12.1367531,1.05043638,-0.198946401,-11.6527128,-1.30648506,6.06532574,-3.94770217,-0.89548111
945,-7.37689257,-6.6370163,0.942748368,10.1926069,1.81983113,-1.21485615,8.58999729,13.3704338,-9.67763901,-6.28515959,-10.0323524,2.94734001,12.1995096,0.974569678,-0.235286146,-11.676918,-1.46447659,6.01255751,-3.90068889,-0.870523512
946,-7.36721754,-6.63953876,0.883385777,10.2060537,1.81297004,-1.20552981,8.59858608,13.2785034,-9.89359093,-6.06393528,-10.0777817,2.63574886,12.2564812,0.904065311,-0.269313127,-11.7002287,-1.62291944,5.95393562,-3.85083747,-0.850894809
947,-7.35601854,-6.64290285,0.82399267,10.2192564,1.80646968,-1.19628882,8.60726643,13.1853886,-10.1031094,-5.83998156,-10.1174831,2.3290832,12.3072338,0.839282393,-0.300952613,-11.7226963,-1.78013027,5.88998652,-3.79867125,-0.836629748
948,-7.34350395,-6.64674902,0.764564216,10.2321339,1.80005741,-1.18733478,8.61587429,13.0906668,-10.3074245,-5.61288595,-10.1515923,2.025105,12.3522158,0.779557943,-0.330601394,-11.7449026,-1.93757379,5.81967211,-3.74367952,-0.827158511
949,-7.32943487,-6.65214586,0.704308391,10.2448778,1.79415631,-1.1781764,8.62491703,12.9930439,-10.5082188,-5.38045263,-10.1806107,1.72167611,12.3919859,0.725107074,-0.358448744,-11.765686,-2.09470725,5.74339247,-3.68645263,-0.823486328
950,-7.31403923,-6.65801048,0.64443785,10.2572899,1.78891313,-1.16912675,8.63408566,12.895668,-10.7006454,-5.14886999,-10.2038488,1.42764533,12.425909,0.676245451,-0.383955866,-11.7855568,-2.24839187,5.66251612,-3.62799072,-0.824397862
951,-7.29676867,-6.66571426,0.58404237,10.2695427,1.78402555,-1.16002166,8.64354992,12.7960663,-10.8888712,-4.91351032,-10.2221546,1.13591886,12.4548855,0.632628322,-0.408055842,-11.8039589,-2.40053773,5.57598305,-3.56795144,-0.83170253
952,-7.27807045,-6.67373753,0.523142338,10.2814207,1.77904713,-1.15135753,8.65264702,12.6951113,-11.0722637,-4.67555809,-10.2354584,0.847759247,12.4788523,0.594044566,-0.430565625,-11.8217268,-2.55146813,5.48297358,-3.50575066,-0.842980802
953,-7.25753689,-6.68321705,0.46210742,10.2930536,1.7745049,-1.14277017,8.66185188,12.5936623,-11.2491579,-4.43712473,-10.2440548,0.566856444,12.4980125,0.560920775,-0.451536685,-11.8378992,-2.6981349,5.38571453,-3.44312263,-0.859803796
954,-7.23546219,-6.69360161,0.400750339,10.3044062,1.77029991,-1.13425577,8.67121029,12.4905863,-11.4214163,-4.19668055,-10.2477465,0.289631844,12.5127363,0.532476783,-0.471169859,-11.8529873,-2.84279346,5.28248215,-3.37909126,-0.881285846
955,-7.21134806,-6.70531225,0.339115024,10.315527,1.76649141,-1.12575746,8.68072891,12.3862009,-11.5886021,-3.95469999,-10.2469912,0.0173868947,12.5231752,0.508971334,-0.489759773,-11.8666325,-2.98400497,5.17403221,-3.31433296,-0.908207059
956,-7.1857233,-6.71814108,0.277310759,10.3263836,1.76325166,-1.11730886,8.69039631,12.2815237,-11.7498035,-3.71342564,-10.2416029,-0.247303516,12.5294905,0.489896417,-0.507088184,-11.8787718,-3.1210556,5.06148767,-3.24950075,-0.939428449
957,-7.15769434,-6.73244667,0.2147751,10.3369789,1.760167,-1.10889888,8.7002306,12.1739082,-11.9082479,-3.46810818,-10.2316113,-0.511501491,12.5318556,0.475330234,-0.523985684,-11.8895788,-3.25652313,4.94152498,-3.1830709,-0.976623654
958,-7.12829208,-6.74729919,0.152403355,10.3472824,1.75756049,-1.10064721,8.71002579,12.0670071,-12.059823,-3.22520828,-10.2177629,-0.765857697,12.5306015,0.46519649,-0.539602339,-11.8989534,-3.38609409,4.81875896,-3.11734009,-1.0167948
959,-7.09695911,-6.76329088,0.0896645188,10.3572712,1.75519443,-1.09255779,8.71981812,11.9590569,-12.2068176,-2.98179555,-10.1998405,-1.01526976,12.5258799,0.45933041,-0.554555058,-11.9068651,-3.51167607,4.69101954,-3.05139995,-1.06137049
960,-7.0631032,-6.78106785,0.0261869375,10.3670244,1.75311387,-1.08448195,8.72978592,11.8488703,-12.3505669,-2.73603106,-10.1775732,-1.26204932,12.5176039,0.457718551,-0.569436014,-11.912921,-3.63405991,4.55732965,-2.98494792,-1.11162639
961,-7.02740812,-6.79934359,-0.0370403491,10.3764553,1.75132847,-1.07661557,8.73963356,11.7392874,-12.4881325,-2.49256134,-10.1521683,-1.49999964,12.5064812,0.460012585,-0.583466411,-11.9176569,-3.75015402,4.4208827,-2.91936851,-1.16487336
962,-6.99001455,-6.81850386,-0.100324921,10.3856125,1.75010264,-1.06874669,8.74968433,11.6292076,-12.6208792,-2.25045586,-10.1230249,-1.73136258,12.4925098,0.465814561,-0.596990347,-11.9208374,-3.86142683,4.28068447,-2.85427046,-1.22149038
963,-6.94982672,-6.83908701,-0.16423431,10.3944817,1.7488656,-1.06106305,8.75966263,11.5171366,-12.7505922,-2.00641632,-10.089921,-1.96009493,12.4754438,0.475542575,-0.610648751,-11.9223299,-3.96889901,4.13447809,-2.78875375,-1.28316522
964,-6.90770245,-6.86057329,-0.227974042,10.4030743,1.74811089,-1.05341101,8.76976013,11.4051647,-12.875083,-1.76461339,-10.0538292,-2.18116355,12.4560394,0.488639921,-0.624031365,-11.922101,-4.07030916,3.98594952,-2.72439456,-1.3479507
965,-6.86368752,-6.88273716,-0.291792512,10.4113512,1.74783325,-1.04579639,8.78000832,11.292757,-12.9949617,-1.52425325,-10.0148029,-2.39606166,12.4344025,0.505280852,-0.63721019,-11.920269,-4.16594362,3.83464861,-2.66090679,-1.41542494
966,-6.81747675,-6.90591717,-0.355412424,10.4194212,1.74815035,-1.03810787,8.79050255,11.1802902,-13.110281,-1.28631735,-9.97280025,-2.60358119,12.4107504,0.524463177,-0.650200427,-11.9166956,-4.25588703,3.6809938,-2.59844327,-1.4862138
967,-6.76812363,-6.93058443,-0.419451267,10.4271975,1.74839389,-1.03061068,8.80089474,11.066103,-13.2226639,-1.04745376,-9.9272337,-2.80814362,12.3846207,0.547028124,-0.663724124,-11.9112558,-4.34128618,3.5222342,-2.53593087,-1.56181526
968,-6.71651316,-6.95575762,-0.483531803,10.4346437,1.74862421,-1.02338493,8.81106567,10.9514236,-13.3312664,-0.809654117,-9.87870502,-3.00747156,12.3564262,0.572685838,-0.677489161,-11.9043264,-4.42132378,3.35999489,-2.4738965,-1.63990557
969,-6.66338396,-6.98077393,-0.547257781,10.4417496,1.74918759,-1.01631224,8.82118797,10.8371458,-13.435236,-0.574578047,-9.82813072,-3.1998291,12.3267508,0.601257861,-0.691264153,-11.8960361,-4.4949789,3.19657278,-2.41310787,-1.71876073
970,-6.60739946,-7.00708199,-0.610856056,10.4486456,1.75012112,-1.00916731,8.83154964,10.7219839,-13.5357666,-0.341014475,-9.77461815,-3.3870523,12.2953835,0.632221818,-0.705444157,-11.8857794,-4.563241,3.03030729,-2.35294724,-1.8014425
971,-6.5496645,-7.03390408,-0.673959851,10.4553709,1.75204623,-1.00173283,8.84246159,10.6073685,-13.6316671,-0.111586377,-9.719491,-3.56603622,12.2631683,0.664996326,-0.719535291,-11.8737783,-4.62491226,2.86492372,-2.29450989,-1.88551748
972,-6.48863554,-7.06134558,-0.736878991,10.4617052,1.75295675,-0.994998515,8.85255432,10.4916267,-13.7250519,0.118365891,-9.66112804,-3.74294662,12.2288494,0.701019228,-0.734772801,-11.8602991,-4.6817894,2.69406557,-2.23561406,-1.97308433
973,-6.42586279,-7.08912325,-0.799633503,10.4678268,1.75486279,-0.987990677,8.86314297,10.3760948,-13.814395,0.34482199,-9.60110092,-3.91253924,12.1937981,0.738727868,-0.750078738,-11.8450251,-4.73255205,2.52392817,-2.17814755,-2.06156731
974,-6.36043692,-7.11712027,-0.861927629,10.4736586,1.75640404,-0.981323957,8.87340736,10.2598209,-13.9009275,0.570094168,-9.53834438,-4.07850838,12.1572409,0.778981864,-0.76618582,-11.8282776,-4.77811241,2.35014868,-2.12063742,-2.15221596
975,-6.29249001,-7.14565849,-0.923497915,10.4793396,1.75832653,-0.974557579,8.88389301,10.1438684,-13.983634,0.792113245,-9.474226,-4.23797846,12.1200705,0.820849359,-0.782702804,-11.8098345,-4.81746006,2.17718244,-2.06425858,-2.24466062
976,-6.22219467,-7.17450476,-0.984784663,10.4847555,1.7603941,-0.967906356,8.89435482,10.0274916,-14.0634422,1.01214814,-9.40792465,-4.3927846,12.0818958,0.864682496,-0.800024569,-11.7895632,-4.85158396,2.0028255,-2.00825953,-2.33860469
977,-6.15000343,-7.20308685,-1.04495478,10.4900007,1.76284015,-0.961171567,8.90507507,9.91144276,-14.1396875,1.22829938,-9.34030724,-4.54173803,12.0433235,0.909964859,-0.817636967,-11.7680912,-4.87989855,1.82871652,-1.95299971,-2.43308425
978,-6.07366848,-7.23258114,-1.10513663,10.4950151,1.76463354,-0.954841912,8.91528606,9.79380989,-14.2142019,1.44486654,-9.26935101,-4.68846178,12.0031719,0.957473576,-0.836605966,-11.7443733,-4.90338516,1.6499691,-1.89680207,-2.53134441
979,-5.99678135,-7.26132679,-1.16377199,10.4999075,1.7671932,-0.948269546,8.92597008,9.67795372,-14.2844152,1.65539932,-9.1987133,-4.82727242,11.963521,1.00575078,-0.855691254,-11.7197151,-4.92096806,1.4759593,-1.84235764,-2.62789059
980,-5.91663313,-7.29032946,-1.2218622,10.5046206,1.76955307,-0.941852391,8.93655205,9.56103706,-14.3524675,1.86465538,-9.12559986,-4.96305656,11.9229021,1.05591404,-0.875891745,-11.6931639,-4.93355227,1.29936802,-1.78732038,-2.72664022
981,-5.83461761,-7.3187952,-1.27891243,10.5091562,1.77168,-0.935658038,8.94685364,9.44480419,-14.4175005,2.07089543,-9.05151844,-5.09371614,11.881999,1.10739625,-0.896873653,-11.6653748,-4.94098949,1.12387395,-1.73264933,-2.82509708
982,-5.7507019,-7.34684372,-1.33515072,10.5134602,1.77363276,-0.92973417,8.95686722,9.3289814,-14.4799099,2.27403998,-8.97607803,-5.21994543,11.8407841,1.16017389,-0.918756366,-11.6361542,-4.94361925,0.948574603,-1.67799675,-2.92350793
983,-5.66315699,-7.37528324,-1.39006925,10.5178471,1.77584851,-0.923486054,8.96751308,9.21170902,-14.5402756,2.47481537,-8.89844227,-5.34293413,11.7991419,1.21415126,-0.941548586,-11.6048918,-4.94131184,0.771629274,-1.62246525,-3.02463627
984,-5.57419395,-7.40301943,-1.44368172,10.5221548,1.77823412,-0.917237401,8.97819614,9.09549904,-14.5976877,2.67131805,-8.82055664,-5.46023464,11.757823,1.2686367,-0.964767992,-11.5725622,-4.93427229,0.597575307,-1.56728685,-3.12478757
985,-5.48285246,-7.43018961,-1.49663734,10.5262461,1.78007853,-0.911319077,8.98845196,8.97883701,-14.6529922,2.86662626,-8.74087906,-5.57478285,11.7158041,1.32510221,-0.989637733,-11.5384426,-4.92289877,0.422992229,-1.51146793,-3.22491097
986,-5.3875308,-7.45756769,-1.54783845,10.530427,1.78128207,-0.905573249,8.9985323,8.8619709,-14.706255,3.05917239,-8.65952969,-5.68597078,11.6735516,1.38240337,-1.01562142,-11.5024986,-4.90668726,0.247571647,-1.45436108,-3.32756948
987,-5.29284763,-7.48312378,-1.59756351,10.5345459,1.78314674,-0.899633586,9.00898457,8.74664688,-14.7565231,3.24631119,-8.57884121,-5.79131651,11.6321459,1.43991983,-1.04173684,-11.4662457,-4.88664293,0.0768086016,-1.39805031,-3.42634559
988,-5.19458914,-7.50877285,-1.64576221,10.5388136,1.78487706,-0.893571377,9.01966572,8.63072777,-14.8050308,3.43072104,-8.49666119,-5.89311504,11.5907936,1.49788582,-1.06862366,-11.428051,-4.86234808,-0.0938612446,-1.34041166,-3.52700138
989,-5.09518337,-7.53284645,-1.69302189,10.5427361,1.78545463,-0.888288856,9.02930069,8.51541233,-14.8514576,3.61329031,-8.41299152,-5.99284506,11.5488615,1.55794179,-1.09765983,-11.3884993,-4.83437586,-0.265066922,-1.28199804,-3.62554049
990,-4.992733,-7.55682325,-1.73821187,10.5470886,1.78664207,-0.882350862,9.03989506,8.39973831,-14.8960085,3.79154515,-8.32888317,-6.08764744,11.5077848,1.6173358,-1.12641931,-11.347578,-4.80234528,-0.433808178,-1.22245514,-3.72528505
991,-4.88890266,-7.57991409,-1.78203523,10.5514145,1.78736746,-0.876661003,9.0501852,8.28489494,-14.9383402,3.96666479,-8.24447823,-6.17914581,11.4667797,1.67769468,-1.15676868,-11.305335,-4.76733494,-0.599663436,-1.16237736,-3.82366037
992,-4.7830863,-7.60137701,-1.824404,10.5556316,1.78696835,-0.871532083,9.05965805,8.17026138,-14.9789534,4.14013052,-8.15852928,-6.26859426,11.4253807,1.73956954,-1.18880177,-11.2617817,-4.72846651,-0.766526997,-1.10081029,-3.9206903
993,-4.67523241,-7.62231874,-1.86447191,10.5603189,1.78732169,-0.865679383,9.07030678,8.0553503,-15.0177965,4.30849123,-8.07250881,-6.35370874,11.3850689,1.80080783,-1.22070777,-11.2170115,-4.68647194,-0.930263877,-1.03815222,-4.01772499
994,-4.56569672,-7.64199209,-1.90305102,10.5649958,1.78664696,-0.860361278,9.08012486,7.94163179,-15.0548401,4.47430897,-7.98596334,-6.43574858,11.3448601,1.86261749,-1.25393331,-11.1711159,-4.64152765,-1.09234548,-0.974330068,-4.11327076
995,-4.45330381,-7.660779,-1.93961477,10.5699492,1.7853514,-0.855051339,9.0900116,7.82723808,-15.0904303,4.63751507,-7.89797354,-6.51590109,11.304636,1.92548895,-1.28875589,-11.1233482,-4.59331942,-1.25447679,-0.90843606,-4.20893097
996,-4.339077,-7.67819357,-1.97456527,10.5750275,1.7834959,-0.849880576,9.09972382,7.71273088,-15.1245546,4.79812956,-7.80880976,-6.5936923,11.2645407,1.98915148,-1.32494748,-11.0739822,-4.54220009,-1.41614842,-0.840870798,-4.30323315
997,-4.22472239,-7.69427872,-2.00752354,10.5803509,1.78167021,-0.84458369,9.10961151,7.59991217,-15.1566133,4.95418215,-7.72093248,-6.6673665,11.225379,2.05229759,-1.36156523,-11.0243711,-4.4895606,-1.57214844,-0.773045301,-4.39484978
998,-4.10821533,-7.70883179,-2.03844738,10.5859776,1.77935684,-0.839288116,9.11952782,7.48682308,-15.1875191,5.10714674,-7.63186026,-6.73854303,11.1867409,2.11565876,-1.39873946,-10.973424,-4.4336648,-1.72841322,-0.703078866,-4.48540831
999,-3.99055815,-7.72223711,-2.06735659,10.5919256,1.77664125,-0.833975852,9.12945271,7.37460327,-15.2167931,5.25659418,-7.54315138,-6.80672073,11.1486111,2.17899513,-1.43692839,-10.9215527,-4.37623262,-1.88087463,-0.631990671,-4.57425261
1000,-3.86993146,-7.73437977,-2.09452224,10.5980787,1.77246237,-0.829133153,9.13869476,7.26187038,-15.2449045,5.40463686,-7.45237875,-6.87418032,11.1100149,2.24397111,-1.47778594,-10.8672371,-4.31624222,-2.0345571,-0.558195055,-4.66251612
1001,-3.74940205,-7.74466133,-2.11979866,10.6044798,1.76823783,-0.824198306,9.14806461,7.15025759,-15.2715702,5.54857635,-7.36215162,-6.93823719,11.0724487,2.30835176,-1.51863837,-10.8126421,-4.25461054,-2.18489766,-0.483602017,-4.74756002
1002,-3.62699366,-7.75383282,-2.14266372,10.611393,1.76324749,-0.819262624,9.15739059,7.03935623,-15.2967463,5.68931866,-7.2721262,-6.99994373,11.0352659,2.37280703,-1.56075227,-10.7569609,-4.19171143,-2.3319087,-0.407292038,-4.83150244
1003,-3.50435519,-7.76113605,-2.16369748,10.6185923,1.75815868,-0.814229786,9.16693306,6.92871571,-15.3209724,5.82614326,-7.18176794,-7.0590601,10.9990273,2.4369266,-1.6031158,-10.7003965,-4.12704325,-2.47768426,-0.329590261,-4.9125309
1004,-3.37925625,-7.76710844,-2.18277216,10.6261806,1.75210094,-0.809314549,9.17624855,6.81778622,-15.3439646,5.9610219,-7.09042025,-7.11695862,10.962676,2.50202751,-1.64754069,-10.6419287,-4.0608182,-2.62228251,-0.249504969,-4.99245071
1005,-3.25297475,-7.77146101,-2.19946527,10.6342411,1.74507439,-0.804521382,9.18537426,6.70749378,-15.365756,6.0927844,-6.99890661,-7.17303181,10.9266949,2.56733918,-1.69330561,-10.5823107,-3.99343872,-2.76486206,-0.167648628,-5.07028723
1006,-3.1271224,-7.77406454,-2.21424627,10.6427011,1.73785949,-0.799632251,9.19456863,6.59862661,-15.3863859,6.22056723,-6.90838432,-7.22588921,10.8918743,2.63158679,-1.73870468,-10.5228167,-3.92531037,-2.90363169,-0.085048452,-5.14476109
1007,-2.99933934,-7.77501297,-2.22697401,10.6515474,1.7294935,-0.794976532,9.20339489,6.48967171,-15.406004,6.34618521,-6.81671572,-7.277812,10.8570471,2.69670892,-1.78616214,-10.4613037,-3.85589027,-3.04201627,-5.55293445e-05,-5.2174716
1008,-2.87034702,-7.77437735,-2.23787713,10.6607399,1.71988356,-0.790626884,9.21172428,6.38110447,-15.4246101,6.46948576,-6.72414732,-7.32853556,10.822341,2.76243711,-1.83564043,-10.3979311,-3.78576493,-3.17953253,0.0869164243,-5.28780699
1009,-2.74211645,-7.77199125,-2.24654531,10.6705675,1.71098542,-0.785596907,9.22107315,6.27305508,-15.4422388,6.58805275,-6.63325453,-7.37623739,10.788991,2.82688665,-1.88410175,-10.3352165,-3.71531034,-3.31219864,0.174412042,-5.35488892
1010,-2.61383986,-7.76791859,-2.25362873,10.680644,1.70113111,-0.780876279,9.2299118,6.16617584,-15.4588575,6.70392895,-6.54227686,-7.42229319,10.7560902,2.89130616,-1.9337765,-10.2714577,-3.64466643,-3.44293547,0.263071954,-5.41880608
1011,-2.48213005,-7.76228857,-2.25784755,10.6915131,1.68951654,-0.776332617,9.23836613,6.05893326,-15.4745998,6.81803799,-6.44998217,-7.46769476,10.723052,2.95650983,-1.98572719,-10.2052708,-3.57296228,-3.57347488,0.355122566,-5.48197269
1012,-2.35217476,-7.7546277,-2.26092315,10.7024832,1.67745423,-0.771993518,9.24648476,5.95300674,-15.4894695,6.92891455,-6.35795927,-7.51126671,10.6907673,3.02148247,-2.03824139,-10.1386871,-3.50112915,-3.70193863,0.447436541,-5.54048157
1013,-2.22131157,-7.74565315,-2.26138425,10.7143049,1.66516984,-0.767145872,9.2553587,5.84705687,-15.5033493,7.03629112,-6.26690054,-7.55328655,10.6589508,3.08607507,-2.09154654,-10.0715313,-3.42994523,-3.82643652,0.541173935,-5.59713078
1014,-2.09023213,-7.73463535,-2.26076102,10.7261629,1.65111363,-0.763059437,9.26289749,5.74207592,-15.5164728,7.14235163,-6.17420769,-7.59441948,10.6271973,3.15139508,-2.14694715,-10.0021467,-3.35808039,-3.95173788,0.636593997,-5.64994287
1015,-1.95752513,-7.72214174,-2.25673294,10.7391939,1.63683069,-0.758304715,9.27148056,5.63702583,-15.5289526,7.24399948,-6.0826993,-7.63370848,10.5965643,3.21561337,-2.20197415,-9.93250561,-3.28629494,-4.07348776,0.734094739,-5.70148754
1016,-1.82597578,-7.70781326,-2.2519412,10.7522049,1.62138224,-0.754028618,9.279212,5.53287935,-15.5404234,7.34410381,-5.99047518,-7.67241287,10.5656395,3.28077292,-2.25949764,-9.86119461,-3.21514297,-4.19419003,0.832081378,-5.7485919
1017,-1.69617355,-7.69185972,-2.24590015,10.7655363,1.60613835,-0.749536097,9.28720093,5.4298892,-15.5512705,7.44073057,-5.89957905,-7.70882225,10.5358343,3.34468722,-2.31623316,-9.790452,-3.14451241,-4.31132746,0.929941833,-5.7917304
1018,-1.56476235,-7.67414761,-2.23744249,10.7795019,1.58885884,-0.745438516,9.29443836,5.32752037,-15.5613184,7.53531981,-5.80756187,-7.74482822,10.5061035,3.40918374,-2.37520003,-9.71730804,-3.07386661,-4.42850876,1.03022814,-5.83248615
1019,-1.43318951,-7.65500307,-2.22684669,10.7941923,1.5712719,-0.740957618,9.30222607,5.22512054,-15.570673,7.62685204,-5.7162714,-7.77963448,10.4767647,3.47330117,-2.43492413,-9.6434927,-3.00434065,-4.5425849,1.13149822,-5.87067747
1020,-1.30446291,-7.63443756,-2.2157321,10.8089027,1.55374217,-0.736501396,9.30987453,5.12440109,-15.5793781,7.71548033,-5.6262989,-7.81256151,10.4482002,3.53646684,-2.49434853,-9.57026482,-2.93599105,-4.65316105,1.23173881,-5.90432978
1021,-1.17340004,-7.61190891,-2.20184922,10.8244448,1.53427994,-0.732210875,9.31715298,5.0232296,-15.5874968,7.80198812,-5.53471661,-7.84541225,10.4197178,3.60041523,-2.55609703,-9.49395466,-2.86741447,-4.76472092,1.3350544,-5.93581152
1022,-1.04326153,-7.58803988,-2.18655467,10.8404093,1.51431537,-0.727811277,9.3244915,4.9228096,-15.5949202,7.8858757,-5.44381332,-7.87712336,10.3916311,3.66396594,-2.61856627,-9.41713524,-2.80026603,-4.87349463,1.43853962,-5.96398306
1023,-0.914417803,-7.56255913,-2.1699605,10.8566532,1.4932611,-0.723687112,9.33115959,4.82409191,-15.6016483,7.96773291,-5.3533659,-7.90751076,10.3639498,3.72703147,-2.68152523,-9.33999443,-2.73379564,-4.98020506,1.54217577,-5.98830843
