dt,traj,s1,s2,s3,converged
0.5,0,0.00615139306,-1.61734562e-07,2.42392773e-10,1
0.5,1,0.00615917891,6.73709883e-06,1.0121812e-07,1
0.5,2,0.00616689026,1.34737111e-05,2.07803453e-07,1
0.5,3,0.00617459416,2.02105803e-05,3.15968578e-07,1
0.5,4,0.00618231297,2.6957292e-05,4.15766635e-07,1
0.5,5,0.00619003177,3.36994563e-05,5.24507186e-07,1
0.5,6,0.00619774312,4.04513739e-05,6.1704668e-07,1
0.5,7,0.00620545447,4.71955864e-05,7.27111001e-07,1
0.5,8,0.00621318072,5.39511711e-05,8.25798452e-07,1
0.5,9,0.00622089952,6.06990761e-05,9.36262495e-07,1
0.5,10,0.00622861087,6.74503826e-05,1.04428091e-06,1
0.5,11,0.00623634458,7.42087213e-05,1.1421198e-06,1
0.5,12,0.00624407083,8.09647681e-05,1.24343433e-06,1
0.5,13,0.00625179708,8.77295388e-05,1.33963567e-06,1
0.5,14,0.00625952333,9.44881394e-05,1.44808519e-06,1
0.5,15,0.00626725703,0.000101255042,1.55185171e-06,1
0.5,16,0.00627499819,0.000108017281,1.65904248e-06,1
0.5,17,0.00628272444,0.000114785129,1.76165941e-06,1
0.5,18,0.00629045814,0.000121550998,1.86922171e-06,1
0.5,19,0.00629818439,0.000128321495,1.97067311e-06,1
0.5,20,0.00630594045,0.000135097536,2.07428729e-06,1
0.5,21,0.0063136816,0.000141867349,2.18418336e-06,1
0.5,22,0.00632142276,0.000148645908,2.28348381e-06,1
0.5,23,0.00632915646,0.000155423782,2.38781558e-06,1
0.5,24,0.00633691996,0.000162207216,2.48897322e-06,1
0.5,25,0.00634466857,0.000168985905,2.5952595e-06,1
0.5,26,0.00635241717,0.000175772977,2.6977832e-06,1
0.5,27,0.00636016577,0.000182555377,2.80776931e-06,1
0.5,28,0.00636790693,0.000189336628,2.91571178e-06,1
0.5,29,0.00637567788,0.000196132227,3.0140518e-06,1
0.5,30,0.00638342649,0.000202917145,3.12521934e-06,1
0.5,31,0.00639118999,0.000209713413,3.22894994e-06,1
0.5,32,0.0063989386,0.000216507731,3.3321312e-06,1
0.5,33,0.00640670955,0.00022330803,3.43549709e-06,1
0.5,34,0.00641448051,0.000230100195,3.54472377e-06,1
0.5,35,0.00642224401,0.000236906941,3.64575499e-06,1
0.5,36,0.00643001497,0.000243708608,3.74855699e-06,1
0.5,37,0.00643776357,0.000250506273,3.86024658e-06,1
0.5,38,0.00644555688,0.000257318432,3.96114228e-06,1
0.5,39,0.00645332783,0.000264125643,4.06463187e-06,1
0.5,40,0.00646110624,0.000270938443,4.16990952e-06,1
0.5,41,0.00646886975,0.000277743588,4.28064777e-06,1
0.5,42,0.0064766556,0.000284563372,4.3841319e-06,1
0.5,43,0.00648444146,0.000291371893,4.49338586e-06,1
0.5,44,0.00649221987,0.000298197789,4.58775139e-06,1
0.5,45,0.00649999827,0.000305013353,4.69938641e-06,1
0.5,46,0.00650777668,0.000311830809,4.80723247e-06,1
0.5,47,0.00651557744,0.00031865653,4.91299397e-06,1
0.5,48,0.00652335584,0.000325480243,5.01755494e-06,1
0.5,49,0.0065311566,0.000332306809,5.12323277e-06,1
0.5,50,0.00653894246,0.000339137157,5.23023664e-06,1
0.5,51,0.00654674321,0.000345967506,5.33639832e-06,1
0.5,52,0.00655454397,0.000352795789,5.44678551e-06,1
0.5,53,0.00656232983,0.000359628815,5.55066799e-06,1
0.5,54,0.00657014549,0.000366467313,5.65602932e-06,1
0.5,55,0.00657793134,0.000373304123,5.76239836e-06,1
0.5,56,0.006585747,0.000380143698,5.86952592e-06,1
0.5,57,0.00659353286,0.000386984058,5.97633698e-06,1
0.5,58,0.00660135597,0.000393832568,6.07679613e-06,1
0.5,59,0.00660916418,0.000400673889,6.1891169e-06,1
0.5,60,0.00661697984,0.000407523679,6.29186798e-06,1
0.5,61,0.00662477314,0.000414368871,6.40182589e-06,1
0.5,62,0.00663258135,0.000421218312,6.50623406e-06,1
0.5,63,0.00664040446,0.000428073661,6.61490776e-06,1
0.5,64,0.00664822012,0.000434926915,6.71924863e-06,1
0.5,65,0.00665605068,0.00044178564,6.82811515e-06,1
0.5,66,0.00666386634,0.000448642764,6.93676157e-06,1
0.5,67,0.00667168945,0.000455502683,7.04525519e-06,1
0.5,68,0.00667952001,0.00046236589,7.14614362e-06,1
0.5,69,0.00668733567,0.000469229824,7.25662721e-06,1
0.5,70,0.00669516623,0.000476096786,7.36118818e-06,1
0.5,71,0.00670299679,0.000482960138,7.47382364e-06,1
0.5,72,0.0067108348,0.000489832019,7.57483576e-06,1
0.5,73,0.00671865046,0.000496699475,7.69122562e-06,1
0.5,74,0.00672648847,0.000503577525,7.79167385e-06,1
0.5,75,0.00673433393,0.000510448357,7.90276317e-06,1
0.5,76,0.00674217939,0.000517333392,8.00559792e-06,1
0.5,77,0.0067500174,0.00052421086,8.11449354e-06,1
0.5,78,0.00675784796,0.000531091122,8.22110815e-06,1
0.5,79,0.00676570088,0.000537972024,8.32902515e-06,1
0.5,80,0.00677353889,0.000544855022,8.43877569e-06,1
0.5,81,0.0067813918,0.000551746227,8.54108657e-06,1
0.5,82,0.00678924471,0.000558628235,8.6569089e-06,1
0.5,83,0.00679709017,0.000565522118,8.75799378e-06,1
0.5,84,0.00680493563,0.000572412508,8.86710768e-06,1
0.5,85,0.00681280345,0.000579308486,8.97575592e-06,1
0.5,86,0.00682065636,0.000586202485,9.08762013e-06,1
0.5,87,0.00682850182,0.000593096833,9.19808735e-06,1
0.5,88,0.00683636218,0.000599998457,9.30713213e-06,1
0.5,89,0.00684423,0.000606897753,9.41603139e-06,1
0.5,90,0.00685209781,0.000613805489,9.51850598e-06,1
0.5,91,0.00685995817,0.000620707637,9.62778722e-06,1
0.5,92,0.00686782598,0.000627622532,9.73121496e-06,1
0.5,93,0.0068756938,0.000634522119,9.84915096e-06,1
0.5,94,0.00688356161,0.00064144074,9.95444498e-06,1
0.5,95,0.00689143687,0.000648351095,1.00627331e-05,1
0.5,96,0.00689930469,0.000655258133,1.01772166e-05,1
0.5,97,0.0069071874,0.000662181992,1.02792947e-05,1
0.5,98,0.00691507012,0.000669097994,1.03894999e-05,1
0.5,99,0.00692293793,0.000676020281,1.04973878e-05,1
0.5,100,0.00693082809,0.000682940066,1.06100633e-05,1
0.5,101,0.00693871081,0.000689865556,1.07160886e-05,1
0.5,102,0.00694659352,0.000696792034,1.08217282e-05,1
0.5,103,0.00695447624,0.000703722995,1.09256216e-05,1
0.5,104,0.0069623664,0.000710649008,1.10439069e-05,1
0.5,105,0.00697024912,0.000717578339,1.11550362e-05,1
0.5,106,0.00697814673,0.000724516285,1.12607304e-05,1
0.5,107,0.0069860369,0.000731451961,1.13705355e-05,1
0.5,108,0.00699392706,0.000738387986,1.14820832e-05,1
0.5,109,0.00700182468,0.000745324534,1.15943185e-05,1
0.5,110,0.00700973719,0.000752269407,1.1698492e-05,1
0.5,111,0.00701762736,0.000759210321,1.18097596e-05,1
0.5,112,0.00702553988,0.000766158919,1.19149045e-05,1
0.5,113,0.00703343004,0.000773100473,1.20277145e-05,1
0.5,114,0.00704135001,0.000780047383,1.21411977e-05,1
0.5,115,0.00704924762,0.000787000812,1.22452038e-05,1
0.5,116,0.00705716014,0.000793950458,1.23572463e-05,1
0.5,117,0.00706508756,0.00080091157,1.24639919e-05,1
0.5,118,0.00707297772,0.000807859527,1.25814659e-05,1
0.5,119,0.00708089769,0.000814824365,1.26882151e-05,1
0.5,120,0.00708881766,0.000821779715,1.28017709e-05,1
0.5,121,0.00709674507,0.000828747114,1.29069995e-05,1
0.5,122,0.00710465759,0.000835706305,1.30201661e-05,1
0.5,123,0.00711257011,0.000842669106,1.31332636e-05,1
0.5,124,0.00712049752,0.000849640463,1.32382083e-05,1
0.5,125,0.00712841749,0.000856604311,1.33534013e-05,1
0.5,126,0.00713635981,0.000863578985,1.34611109e-05,1
0.5,127,0.00714427233,0.000870549295,1.35733135e-05,1
0.5,128,0.00715221465,0.000877531304,1.36796698e-05,1
0.5,129,0.00716014951,0.000884505105,1.37923744e-05,1
0.5,130,0.00716807693,0.000891480828,1.39039475e-05,1
0.5,131,0.0071760118,0.00089846499,1.40138654e-05,1
0.5,132,0.00718396157,0.000905444671,1.41274286e-05,1
0.5,133,0.00719188899,0.000912432675,1.42352146e-05,1
0.5,134,0.00719983131,0.000919416081,1.43491379e-05,1
0.5,135,0.00720777363,0.000926407811,1.44562146e-05,1
0.5,136,0.00721571594,0.000933394651,1.45708473e-05,1
0.5,137,0.00722368807,0.000940393074,1.46732273e-05,1
0.5,138,0.00723161548,0.00094738265,1.47936335e-05,1
0.5,139,0.00723956525,0.000954375137,1.49058178e-05,1
0.5,140,0.00724751502,0.000961375248,1.50157357e-05,1
0.5,141,0.00725547224,0.000968372507,1.51306158e-05,1
0.5,142,0.00726343691,0.000975379022,1.52339126e-05,1
0.5,143,0.00727137923,0.000982377795,1.53528817e-05,1
0.5,144,0.0072793588,0.00098938914,1.54582667e-05,1
0.5,145,0.00728731602,0.00099639548,1.55703965e-05,1
0.5,146,0.00729527324,0.00100340531,1.56817769e-05,1
0.5,147,0.00730323792,0.00101041328,1.57952818e-05,1
0.5,148,0.00731120259,0.00101742242,1.59113843e-05,1
0.5,149,0.00731918216,0.00102444296,1.60168856e-05,1
0.5,150,0.00732713193,0.00103145372,1.61351709e-05,1
0.5,151,0.0073351115,0.00103847799,1.62402503e-05,1
0.5,152,0.00734308362,0.00104549504,1.63555815e-05,1
0.5,153,0.00735106319,0.00105252361,1.64630983e-05,1
0.5,154,0.00735904276,0.00105954427,1.65796373e-05,1
0.5,155,0.00736702234,0.00106657343,1.66905738e-05,1
0.5,156,0.00737500936,0.0010735963,1.68099359e-05,1
0.5,157,0.00738297403,0.00108062266,1.69216801e-05,1
0.5,158,0.0073909685,0.00108765927,1.70284693e-05,1
0.5,159,0.00739895552,0.00109469006,1.71442152e-05,1
0.5,160,0.00740694255,0.00110173097,1.72541259e-05,1
0.5,161,0.00741492212,0.00110876583,1.73691806e-05,1
0.5,162,0.00742292404,0.0011158085,1.74774104e-05,1
0.5,163,0.00743092597,0.00112284836,1.75913301e-05,1
0.5,164,0.00743891299,0.00112988765,1.7706494e-05,1
0.5,165,0.00744690746,0.00113693601,1.7821636e-05,1
0.5,166,0.00745490193,0.00114397891,1.79368217e-05,1
0.5,167,0.00746291131,0.00115103414,1.80448915e-05,1
0.5,168,0.00747091323,0.00115808193,1.81603536e-05,1
0.5,169,0.00747892261,0.00116513867,1.82699659e-05,1
0.5,170,0.00748690963,0.00117219018,1.83833108e-05,1
0.5,171,0.00749494135,0.00117924879,1.84960663e-05,1
0.5,172,0.00750293583,0.00118630356,1.86106845e-05,1
0.5,173,0.00751093775,0.00119336112,1.87305341e-05,1
0.5,174,0.00751897693,0.00120043149,1.88357881e-05,1
0.5,175,0.00752697885,0.00120749173,1.89528801e-05,1
0.5,176,0.00753499568,0.00121456047,1.9065119e-05,1
0.5,177,0.00754300505,0.00122162455,1.91817162e-05,1
0.5,178,0.00755103678,0.00122869923,1.92884036e-05,1
0.5,179,0.00755906105,0.00123577018,1.94075983e-05,1
0.5,180,0.00756707788,0.00124284648,1.95195244e-05,1
0.5,181,0.0075751096,0.0012499179,1.96325636e-05,1
0.5,182,0.00758311898,0.00125699223,1.97534682e-05,1
0.5,183,0.00759115815,0.00126407552,1.98596317e-05,1
0.5,184,0.00759919733,0.00127115368,1.99781352e-05,1
0.5,185,0.00760722905,0.00127824268,2.00906798e-05,1
0.5,186,0.00761526078,0.00128532585,2.02037627e-05,1
0.5,187,0.00762329996,0.00129241555,2.03182935e-05,1
0.5,188,0.00763133168,0.0012995,2.04377939e-05,1
0.5,189,0.00763937831,0.00130659598,2.05433753e-05,1
0.5,190,0.00764740258,0.00131368462,2.06634504e-05,1
0.5,191,0.00765544921,0.00132077455,2.07834455e-05,1
0.5,192,0.00766351074,0.00132787891,2.08899146e-05,1
0.5,193,0.00767155737,0.00133497582,2.10040307e-05,1
0.5,194,0.00767961144,0.00134207821,2.11167862e-05,1
0.5,195,0.00768764317,0.00134917221,2.12438172e-05,1
0.5,196,0.00769571215,0.00135628285,2.13518579e-05,1
0.5,197,0.00770376623,0.00136338535,2.14729298e-05,1
0.5,198,0.00771181285,0.00137049833,2.15815235e-05,1
0.5,199,0.00771986693,0.00137760385,2.17007691e-05,1
0.5,200,0.00772792101,0.00138471148,2.1820546e-05,1
0.5,201,0.00773599744,0.00139182922,2.19310386e-05,1
0.5,202,0.00774405152,0.00139894057,2.20513102e-05,1
0.5,203,0.00775212795,0.001406066,2.21576702e-05,1
0.5,204,0.00776018947,0.00141318317,2.22741801e-05,1
0.5,205,0.00776825845,0.00142030627,2.23894313e-05,1
0.5,206,0.00777632743,0.00142742833,2.25042313e-05,1
0.5,207,0.00778439641,0.00143454678,2.26288103e-05,1
0.5,208,0.00779247284,0.00144168013,2.27402415e-05,1
0.5,209,0.00780054927,0.00144880603,2.28582503e-05,1
0.5,210,0.0078086257,0.00145593879,2.29720099e-05,1
0.5,211,0.00781670958,0.00146307226,2.30872465e-05,1
0.5,212,0.00782477856,0.00147020596,2.32039893e-05,1
0.5,213,0.00783286244,0.00147734699,2.33180181e-05,1
0.5,214,0.00784095377,0.00148448709,2.34356921e-05,1
0.5,215,0.00784903765,0.00149162265,2.35503321e-05,1
0.5,216,0.00785712153,0.0014987638,2.36703854e-05,1
0.5,217,0.00786523521,0.00150591694,2.37747518e-05,1
0.5,218,0.00787331909,0.00151305646,2.38990469e-05,1
0.5,219,0.00788141042,0.0015202096,2.40131412e-05,1
0.5,220,0.00788950175,0.00152735435,2.41346788e-05,1
0.5,221,0.00789760798,0.00153451413,2.42441747e-05,1
0.5,222,0.00790569931,0.00154166284,2.43662216e-05,1
0.5,223,0.00791380554,0.00154882215,2.44775947e-05,1
0.5,224,0.00792190433,0.00155597832,2.45990304e-05,1
0.5,225,0.00793001056,0.00156313356,2.47173593e-05,1
0.5,226,0.00793812424,0.00157030148,2.48271972e-05,1
0.5,227,0.00794623047,0.00157746358,2.49450968e-05,1
0.5,228,0.00795434415,0.00158462941,2.50620506e-05,1
0.5,229,0.00796244293,0.00159179547,2.51802849e-05,1
0.5,230,0.00797057152,0.00159897178,2.52931495e-05,1
0.5,231,0.00797867775,0.00160613796,2.54163533e-05,1
0.5,232,0.00798680633,0.00161331461,2.55277773e-05,1
0.5,233,0.00799492002,0.00162048487,2.56532439e-05,1
0.5,234,0.00800304115,0.00162766036,2.57726933e-05,1
0.5,235,0.00801116228,0.00163484621,2.58835717e-05,1
0.5,236,0.00801928341,0.00164202147,2.60067172e-05,1
0.5,237,0.008027412,0.00164921058,2.61127861e-05,1
0.5,238,0.00803554058,0.00165638991,2.62385292e-05,1
0.5,239,0.00804367661,0.00166358217,2.63473703e-05,1
0.5,240,0.0080518052,0.00167076685,2.64732735e-05,1
0.5,241,0.00805993378,0.00167795434,2.65902345e-05,1
0.5,242,0.00806807727,0.00168515067,2.6705311e-05,1
0.5,243,0.00807619095,0.00169233955,2.68290532e-05,1
0.5,244,0.00808434933,0.00169954204,2.69419834e-05,1
0.5,245,0.00809248537,0.00170673861,2.70633027e-05,1
0.5,246,0.00810062885,0.00171394274,2.71789977e-05,1
0.5,247,0.00810877979,0.00172113872,2.73013502e-05,1
0.5,248,0.00811692327,0.00172835123,2.74084887e-05,1
0.5,249,0.00812508166,0.00173555245,2.75351122e-05,1
0.5,250,0.00813322514,0.00174275693,2.76515639e-05,1
0.5,251,0.00814136863,0.00174997037,2.77672589e-05,1
0.5,252,0.00814952701,0.0017571823,2.78848165e-05,1
0.5,253,0.0081576854,0.00176439632,2.80048189e-05,1
0.5,254,0.00816584378,0.00177161023,2.81280663e-05,1
0.5,255,0.00817400217,0.00177883136,2.82444234e-05,1
0.5,256,0.00818215311,0.00178605015,2.83625341e-05,1
0.5,257,0.00819033384,0.00179327524,2.84763519e-05,1
0.5,258,0.00819849968,0.00180049206,2.8602466e-05,1
0.5,259,0.00820665061,0.00180771516,2.87250587e-05,1
0.5,260,0.00821483135,0.00181495002,2.88310912e-05,1
0.5,261,0.00822298974,0.00182217429,2.89564268e-05,1
0.5,262,0.00823116302,0.00182940776,2.90720563e-05,1
0.5,263,0.00823934376,0.00183664088,2.91909018e-05,1
0.5,264,0.0082475245,0.00184387935,2.9310344e-05,1
0.5,265,0.00825569034,0.00185111293,2.94314377e-05,1
0.5,266,0.00826387107,0.00185835431,2.95478385e-05,1
0.5,267,0.00827204436,0.00186559511,2.96721919e-05,1
0.5,268,0.00828023255,0.00187283254,2.97944571e-05,1
0.5,269,0.00828842819,0.00188008149,2.99089879e-05,1
0.5,270,0.00829660147,0.00188732333,3.00316242e-05,1
0.5,271,0.00830480456,0.0018945802,3.014291e-05,1
0.5,272,0.0083129853,0.00190182391,3.0269417e-05,1
0.5,273,0.00832118839,0.00190907903,3.03894703e-05,1
0.5,274,0.00832936913,0.00191633613,3.05084104e-05,1
0.5,275,0.00833757222,0.00192358845,3.06287329e-05,1
0.5,276,0.00834576786,0.00193084928,3.07446971e-05,1
0.5,277,0.00835397094,0.00193810347,3.0870382e-05,1
0.5,278,0.00836216658,0.00194537209,3.09860698e-05,1
0.5,279,0.00837036967,0.00195263489,3.11072654e-05,1
0.5,280,0.00837858021,0.00195990317,3.1223899e-05,1
0.5,281,0.00838677585,0.00196716422,3.13523487e-05,1
0.5,282,0.00839500874,0.00197444251,3.1463831e-05,1
0.5,283,0.00840320438,0.00198171032,3.15871876e-05,1
0.5,284,0.00841140747,0.00198897999,3.1709671e-05,1
0.5,285,0.00841963291,0.00199626153,3.18282255e-05,1
0.5,286,0.00842784345,0.00200353586,3.19519313e-05,1
0.5,287,0.00843605399,0.00201081834,3.20676772e-05,1
0.5,288,0.00844427943,0.00201809499,3.21939151e-05,1
0.5,289,0.00845248997,0.00202538422,3.23081622e-05,1
0.5,290,0.00846072286,0.0020326667,3.24353314e-05,1
0.5,291,0.00846895576,0.00203995756,3.25499714e-05,1
0.5,292,0.0084771663,0.00204724446,3.26754962e-05,1
0.5,293,0.00848540664,0.00205453392,3.27939342e-05,1
0.5,294,0.00849363953,0.00206182897,3.29142058e-05,1
0.5,295,0.00850186497,0.00206912286,3.30355688e-05,1
0.5,296,0.00851009041,0.00207642303,3.31572373e-05,1
0.5,297,0.00851834565,0.00208371971,3.32774507e-05,1
0.5,298,0.008526586,0.00209102617,3.33968346e-05,1
0.5,299,0.00853480399,0.00209832285,3.3523509e-05,1
0.5,300,0.00854305923,0.00210563093,3.36408557e-05,1
0.5,301,0.00855129957,0.00211293437,3.37663223e-05,1
0.5,302,0.00855953246,0.00212024245,3.38932732e-05,1
0.5,303,0.00856778026,0.00212755473,3.40076222e-05,1
0.5,304,0.0085760355,0.00213486329,3.41350824e-05,1
0.5,305,0.00858428329,0.00214218488,3.42501007e-05,1
0.5,306,0.00859253854,0.00214949809,3.4375902e-05,1
0.5,307,0.00860079378,0.00215681852,3.44957807e-05,1
0.5,308,0.00860904157,0.00216413732,3.46194283e-05,1
0.5,309,0.00861729681,0.00217146473,3.47361492e-05,1
0.5,310,0.00862556696,0.00217878586,3.48586909e-05,1
0.5,311,0.0086338222,0.00218610931,3.49866314e-05,1
0.5,312,0.0086420849,0.00219343929,3.51082854e-05,1
0.5,313,0.00865034759,0.0022007674,3.52326897e-05,1
0.5,314,0.00865862519,0.00220810389,3.53523646e-05,1
0.5,315,0.00866688788,0.0022154334,3.54775548e-05,1
0.5,316,0.00867517292,0.00222277362,3.55919037e-05,1
0.5,317,0.00868344307,0.00223010965,3.5717967e-05,1
0.5,318,0.00869170576,0.00223744614,3.5844816e-05,1
0.5,319,0.00869999081,0.00224479195,3.59640981e-05,1
0.5,320,0.00870826095,0.0022521303,3.60872946e-05,1
0.5,321,0.008716546,0.00225948077,3.62087158e-05,1
0.5,322,0.00872482359,0.00226682704,3.63347935e-05,1
0.5,323,0.00873311609,0.00227418379,3.6452635e-05,1
0.5,324,0.00874138623,0.00228152843,3.65809683e-05,1
0.5,325,0.00874967873,0.00228888355,3.67049943e-05,1
0.5,326,0.00875796378,0.00229623658,3.68281326e-05,1
0.5,327,0.00876625627,0.00230359519,3.69484042e-05,1
0.5,328,0.00877455622,0.00231095543,3.70720518e-05,1
0.5,329,0.00878284127,0.00231831777,3.71913193e-05,1
0.5,330,0.00879113376,0.00232568197,3.73144139e-05,1
0.5,331,0.00879944116,0.00233304314,3.74441734e-05,1
0.5,332,0.00880774111,0.00234041782,3.75587551e-05,1
0.5,333,0.00881604105,0.00234778062,3.76890821e-05,1
0.5,334,0.0088243559,0.00235515693,3.78093391e-05,1
0.5,335,0.0088326484,0.00236252742,3.79381236e-05,1
0.5,336,0.00884094834,0.0023699007,3.80623824e-05,1
0.5,337,0.00884926319,0.00237727864,3.81869031e-05,1
0.5,338,0.00885757804,0.00238465867,3.83063889e-05,1
0.5,339,0.00886588544,0.00239204033,3.84313025e-05,1
0.5,340,0.00887420028,0.00239942013,3.85553722e-05,1
0.5,341,0.00888251513,0.00240680948,3.86772008e-05,1
0.5,342,0.00889082998,0.00241419207,3.88079643e-05,1
0.5,343,0.00889916718,0.00242158747,3.89261986e-05,1
0.5,344,0.00890746713,0.00242897263,3.90547357e-05,1
0.5,345,0.00891580433,0.00243636151,3.9181803e-05,1
0.5,346,0.00892413408,0.00244376366,3.92992079e-05,1
0.5,347,0.00893245637,0.00245115533,3.94273666e-05,1
0.5,348,0.00894077867,0.00245855469,3.95521638e-05,1
0.5,349,0.00894912332,0.00246595521,3.96766991e-05,1
0.5,350,0.00895745307,0.00247336109,3.97964031e-05,1
0.5,351,0.00896577537,0.00248075975,3.99282144e-05,1
0.5,352,0.00897412002,0.00248816656,4.00520803e-05,1
0.5,353,0.00898245722,0.00249557639,4.01773723e-05,1
0.5,354,0.00899079442,0.00250298111,4.0308194e-05,1
0.5,355,0.00899914652,0.00251040212,4.04263701e-05,1
0.5,356,0.00900747627,0.00251781079,4.05546452e-05,1
0.5,357,0.00901583582,0.00252523297,4.06738109e-05,1
0.5,358,0.00902418047,0.00253264559,4.08040796e-05,1
0.5,359,0.00903252512,0.00254006963,4.09276108e-05,1
0.5,360,0.00904086977,0.00254748832,4.10539506e-05,1
0.5,361,0.00904923677,0.00255490909,4.11805668e-05,1
0.5,362,0.00905758888,0.00256234221,4.12996742e-05,1
0.5,363,0.00906594098,0.00256976602,4.14284586e-05,1
0.5,364,0.00907430798,0.00257719913,4.15491086e-05,1
0.5,365,0.00908266008,0.00258462946,4.16798139e-05,1
0.5,366,0.00909102708,0.00259206607,4.18028503e-05,1
0.5,367,0.00909939408,0.00259949593,4.19357675e-05,1
0.5,368,0.00910776109,0.00260694348,4.20522265e-05,1
0.5,369,0.00911611319,0.00261437474,4.2186366e-05,1
0.5,370,0.00912448764,0.00262181484,4.23117599e-05,1
0.5,371,0.00913286209,0.0026292624,4.2439875e-05,1
0.5,372,0.00914122909,0.00263670692,4.25600883e-05,1
0.5,373,0.009149611,0.00264415843,4.26856132e-05,1
0.5,374,0.0091579929,0.00265160552,4.28146595e-05,1
0.5,375,0.00916636735,0.00265906006,4.2942047e-05,1
0.5,376,0.00917474926,0.00266650948,4.30681248e-05,1
0.5,377,0.00918314606,0.00267397123,4.31885564e-05,1
0.5,378,0.00919151306,0.00268142484,4.33185487e-05,1
0.5,379,0.00919990242,0.00268887868,4.34544345e-05,1
0.5,380,0.00920829177,0.00269634603,4.35755501e-05,1
0.5,381,0.00921667367,0.00270380522,4.37013805e-05,1
0.5,382,0.00922507048,0.0027112707,4.38315474e-05,1
0.5,383,0.00923346728,0.00271873991,4.39526921e-05,1
0.5,384,0.00924186409,0.00272621214,4.40790463e-05,1
0.5,385,0.00925026834,0.00273368019,4.42090386e-05,1
0.5,386,0.0092586726,0.00274115824,4.4330518e-05,1
0.5,387,0.0092670545,0.00274862791,4.44635371e-05,1
0.5,388,0.0092754662,0.0027561048,4.45913756e-05,1
0.5,389,0.00928387791,0.00276358845,4.47143539e-05,1
0.5,390,0.00929227471,0.00277106441,4.48503124e-05,1
0.5,391,0.00930068642,0.00277855317,4.49723448e-05,1
0.5,392,0.00930909812,0.00278602983,4.51069791e-05,1
0.5,393,0.00931750238,0.00279352278,4.52278618e-05,1
0.5,394,0.00932592154,0.00280100852,4.5359775e-05,1
0.5,395,0.00933433324,0.00280849892,4.54879919e-05,1
0.5,396,0.0093427524,0.00281599467,4.56123526e-05,1
0.5,397,0.00935117155,0.00282349088,4.57339629e-05,1
0.5,398,0.00935959071,0.00283098686,4.58655995e-05,1
0.5,399,0.00936800987,0.00283848238,4.59955918e-05,1
0.5,400,0.00937644392,0.00284598954,4.61212767e-05,1
0.5,401,0.00938487053,0.00285348785,4.62517055e-05,1
0.5,402,0.00939329714,0.00286099548,4.63787001e-05,1
0.5,403,0.00940173119,0.00286849961,4.65082558e-05,1
0.5,404,0.0094101578,0.00287600537,4.66396887e-05,1
0.5,405,0.00941859931,0.00288352184,4.67639184e-05,1
0.5,406,0.00942702591,0.0028910304,4.6894027e-05,1
0.5,407,0.00943546742,0.00289854943,4.70190571e-05,1
0.5,408,0.00944392383,0.00290606357,4.7147274e-05,1
0.5,409,0.00945235044,0.00291358586,4.72759275e-05,1
0.5,410,0.00946079195,0.0029211021,4.74095577e-05,1
0.5,411,0.00946924835,0.00292863045,4.75339184e-05,1
0.5,412,0.00947769731,0.00293615274,4.76633722e-05,1
0.5,413,0.00948612392,0.00294366968,4.78019647e-05,1
0.5,414,0.00949459523,0.00295120338,4.79281007e-05,1
0.5,415,0.00950303674,0.00295873242,4.80573071e-05,1
0.5,416,0.00951149315,0.00296626915,4.81809984e-05,1
0.5,417,0.00951994956,0.00297380239,4.83077893e-05,1
0.5,418,0.00952841341,0.00298134377,4.84333577e-05,1
0.5,419,0.00952646136,0.00296442909,4.75217676e-05,1
0.5,420,0.00953491032,0.00297191716,4.76447894e-05,1
0.5,421,0.00954334438,0.00297940127,4.77728609e-05,1
0.5,422,0.00955177844,0.00298688584,4.79039736e-05,1
0.5,423,0.00956023484,0.00299438112,4.80272865e-05,1
0.5,424,0.00956867635,0.00300187129,4.81557217e-05,1
0.5,425,0.00957712531,0.00300937076,4.82792675e-05,1
0.5,426,0.00958557427,0.00301685883,4.84142947e-05,1
0.5,427,0.00959402323,0.00302436342,4.85396886e-05,1
0.5,428,0.00960247219,0.00303186174,4.86646895e-05,1
0.5,429,0.00961093605,0.00303936144,4.87934158e-05,1
0.5,430,0.009619385,0.00304686977,4.89176018e-05,1
0.5,431,0.00962785631,0.00305437436,4.904659e-05,1
0.5,432,0.00963631272,0.00306188548,4.91740066e-05,1
0.5,433,0.00964476913,0.00306939404,4.93031839e-05,1
0.5,434,0.00965324044,0.00307690771,4.94291016e-05,1
0.5,435,0.0096616894,0.0030844165,4.95637796e-05,1
0.5,436,0.00967018306,0.00309193903,4.96833236e-05,1
0.5,437,0.00967864692,0.00309945084,4.98211739e-05,1
0.5,438,0.00968710333,0.0031069722,4.99495509e-05,1
0.5,439,0.00969559699,0.00311449496,5.00761089e-05,1
0.5,440,0.0097040683,0.00312201749,5.02037001e-05,1
0.5,441,0.00971253961,0.00312954816,5.03275514e-05,1
0.5,442,0.00972101837,0.00313707418,5.04592754e-05,1
0.5,443,0.00972950459,0.00314460672,5.05861972e-05,1
0.5,444,0.00973798335,0.00315213972,5.07152581e-05,1
0.5,445,0.00974646956,0.00315967482,5.08423836e-05,1
0.5,446,0.00975496322,0.00316720945,5.09745587e-05,1
0.5,447,0.00976344943,0.00317474408,5.11053368e-05,1
0.5,448,0.00977194309,0.00318228989,5.12313563e-05,1
0.5,449,0.0097804293,0.00318982685,5.13653358e-05,1
0.5,450,0.00978893787,0.00319737522,5.14914282e-05,1
0.5,451,0.00979742408,0.00320491917,5.1618932e-05,1
0.5,452,0.00980592519,0.00321247079,5.17452863e-05,1
0.5,453,0.0098144263,0.00322001567,5.18796442e-05,1
0.5,454,0.00982291996,0.00322757545,5.20033209e-05,1
0.5,455,0.00983142108,0.00323512522,5.21379698e-05,1
0.5,456,0.00983993709,0.00324267452,5.22725895e-05,1
0.5,457,0.0098484531,0.00325024244,5.23915369e-05,1
0.5,458,0.00985694677,0.00325779733,5.25263604e-05,1
0.5,459,0.00986547023,0.00326536456,5.26535587e-05,1
0.5,460,0.00987397879,0.00327292224,5.27885859e-05,1
0.5,461,0.00988249481,0.00328049669,5.29131066e-05,1
0.5,462,0.00989101082,0.00328806252,5.30430843e-05,1
0.5,463,0.00989953429,0.00329563348,5.31721889e-05,1
0.5,464,0.00990805775,0.00330320303,5.33048587e-05,1
0.5,465,0.00991655141,0.00331077399,5.34388673e-05,1
0.5,466,0.00992509723,0.00331835635,5.35616418e-05,1
0.5,467,0.00993362814,0.0033259315,5.36946027e-05,1
0.5,468,0.00994215161,0.00333351688,5.38227177e-05,1
0.5,469,0.00995067507,0.00334109413,5.39588509e-05,1
0.5,470,0.00995922089,0.00334868091,5.40870387e-05,1
0.5,471,0.0099677369,0.00335626467,5.42204361e-05,1
0.5,472,0.00997627527,0.00336385076,5.43517672e-05,1
0.5,473,0.00998482108,0.00337144616,5.44736249e-05,1
0.5,474,0.0099933669,0.00337903644,5.46087977e-05,1
0.5,475,0.0100019053,0.00338663044,5.47389936e-05,1
0.5,476,0.0100104362,0.00339422701,5.48714743e-05,1
0.5,477,0.0100189969,0.00340182823,5.49968536e-05,1
0.5,478,0.0100275353,0.00340942666,5.51323756e-05,1
0.5,479,0.0100360811,0.00341703021,5.52631973e-05,1
0.5,480,0.0100446418,0.00342463399,5.53960126e-05,1
0.5,481,0.0100531802,0.00343223428,5.55333536e-05,1
0.5,482,0.0100617334,0.00343985017,5.5657918e-05,1
0.5,483,0.0100703016,0.00344745629,5.57925232e-05,1
0.5,484,0.0100788623,0.00345507124,5.59222681e-05,1
0.5,485,0.0100874081,0.00346268364,5.60533808e-05,1
0.5,486,0.0100959837,0.00347030628,5.61797933e-05,1
0.5,487,0.0101045445,0.00347792078,5.63149079e-05,1
0.5,488,0.0101131201,0.00348554365,5.64450311e-05,1
0.5,489,0.0101216808,0.00349316397,5.65781811e-05,1
0.5,490,0.0101302415,0.00350078591,5.67134121e-05,1
0.5,491,0.0101388246,0.00350841414,5.68440737e-05,1
0.5,492,0.0101473927,0.00351604377,5.69761032e-05,1
0.5,493,0.0101559758,0.00352367712,5.71068522e-05,1
0.5,494,0.010164544,0.00353130535,5.72425924e-05,1
0.5,495,0.0101731271,0.00353894732,5.73685538e-05,1
0.5,496,0.0101817027,0.00354657788,5.75006707e-05,1
0.5,497,0.0101902932,0.00355422031,5.76319289e-05,1
0.5,498,0.0101988763,0.00356185809,5.77659666e-05,1
0.5,499,0.0102074593,0.00356949982,5.79008483e-05,1
0.5,500,0.0102160349,0.00357714482,5.80338237e-05,1
0.5,501,0.0102246329,0.00358479051,5.81667118e-05,1
0.5,502,0.0102332383,0.00359244156,5.82985522e-05,1
0.5,503,0.010241814,0.00360008935,5.84352674e-05,1
0.5,504,0.0102504268,0.00360774947,5.85606904e-05,1
0.5,505,0.0102590099,0.00361539656,5.87019458e-05,1
0.5,506,0.0102676079,0.00362305157,5.88339608e-05,1
0.5,507,0.0102762207,0.00363071589,5.89610427e-05,1
0.5,508,0.0102848262,0.00363837369,5.90998388e-05,1
0.5,509,0.010293439,0.00364603801,5.92287251e-05,1
0.5,510,0.0103020296,0.00365370233,5.93646837e-05,1
0.5,511,0.0103106424,0.00366137153,5.94937737e-05,1
0.5,512,0.0103192553,0.00366903725,5.96329337e-05,1
0.5,513,0.0103278682,0.00367671368,5.97607432e-05,1
0.5,514,0.010336481,0.00368438219,5.98987099e-05,1
0.5,515,0.0103450939,0.00369205675,6.00331259e-05,1
0.5,516,0.0103537142,0.0036997369,6.01665815e-05,1
0.5,517,0.010362342,0.00370741286,6.02994842e-05,1
0.5,518,0.0103709623,0.00371509604,6.04292727e-05,1
0.5,519,0.0103795826,0.00372277619,6.05692767e-05,1
0.5,520,0.0103882104,0.00373046892,6.06949034e-05,1
0.5,521,0.0103968382,0.00373814953,6.08365372e-05,1
0.5,522,0.0104054809,0.00374584342,6.0965278e-05,1
0.5,523,0.0104141086,0.00375353033,6.11019932e-05,1
0.5,524,0.0104227364,0.00376122259,6.12396107e-05,1
0.5,525,0.0104313716,0.00376892323,6.13688899e-05,1
0.5,526,0.0104400069,0.00377661362,6.15108584e-05,1
0.5,527,0.0104486495,0.00378431706,6.16403267e-05,1
0.5,528,0.0104572773,0.0037920184,6.17783808e-05,1
0.5,529,0.0104659349,0.00379972602,6.19078783e-05,1
0.5,530,0.0104745775,0.0038074255,6.20437495e-05,1
0.5,531,0.0104832277,0.00381513941,6.21750514e-05,1
0.5,532,0.0104918703,0.00382284378,6.23111991e-05,1
0.5,533,0.010500513,0.00383055187,6.24526292e-05,1
0.5,534,0.0105091855,0.00383827183,6.25813263e-05,1
0.5,535,0.0105178356,0.00384598249,6.27216068e-05,1
0.5,536,0.0105264932,0.00385370618,6.28519192e-05,1
0.5,537,0.0105351433,0.00386142125,6.29902206e-05,1
0.5,538,0.0105438083,0.00386914378,6.31256844e-05,1
0.5,539,0.0105524585,0.00387686561,6.32613082e-05,1
0.5,540,0.0105611384,0.00388459582,6.33919844e-05,1
0.5,541,0.0105698034,0.00389232161,6.35291799e-05,1
0.5,542,0.0105784684,0.00390004925,6.36650802e-05,1
0.5,543,0.010587126,0.00390778342,6.3801228e-05,1
0.5,544,0.010595791,0.00391551387,6.39403152e-05,1
0.5,545,0.0106044859,0.00392325269,6.40714425e-05,1
0.5,546,0.0106131509,0.003930985,6.42129307e-05,1
0.5,547,0.0106218308,0.00393873034,6.43443927e-05,1
0.5,548,0.0106305107,0.00394646917,6.44822576e-05,1
0.5,549,0.0106391832,0.00395420846,6.46240806e-05,1
0.5,550,0.0106478781,0.00396195939,6.47575071e-05,1
0.5,551,0.0106565431,0.0039697052,6.48942805e-05,1
0.5,552,0.0106652454,0.00397746079,6.5022643e-05,1
0.5,553,0.0106739327,0.00398520939,6.5163229e-05,1
0.5,554,0.0106826276,0.0039929701,6.52941817e-05,1
0.5,555,0.0106913149,0.0040007229,6.54344331e-05,1
0.5,556,0.0107000247,0.004008485,6.55668846e-05,1
0.5,557,0.0107087046,0.0040162364,6.57123746e-05,1
0.5,558,0.0107173994,0.00402400084,6.58485806e-05,1
0.5,559,0.0107261091,0.00403176527,6.59827492e-05,1
0.5,560,0.010734804,0.00403952971,6.61220402e-05,1
0.5,561,0.0107435063,0.00404730253,6.62572857e-05,1
0.5,562,0.0107522085,0.00405506697,6.63981773e-05,1
0.5,563,0.0107609257,0.0040628463,6.65262924e-05,1
0.5,564,0.0107696354,0.00407062052,6.66630513e-05,1
0.5,565,0.0107783526,0.00407839939,6.67996646e-05,1
0.5,566,0.0107870474,0.00408617314,6.69430592e-05,1
0.5,567,0.0107957646,0.00409394782,6.70845329e-05,1
0.5,568,0.0108044893,0.00410173787,6.72169845e-05,1
0.5,569,0.0108132139,0.0041095214,6.73543254e-05,1
0.5,570,0.0108219162,0.00411731005,6.7489862e-05,1
0.5,571,0.0108306557,0.00412509404,6.76354102e-05,1
0.5,572,0.0108393729,0.00413288455,6.7771005e-05,1
0.5,573,0.0108481124,0.00414067786,6.79088407e-05,1
0.5,574,0.010856837,0.00414847676,6.80448429e-05,1
0.5,575,0.0108655617,0.00415627379,6.81789825e-05,1
0.5,576,0.0108742937,0.00416407082,6.83186518e-05,1
0.5,577,0.0108830333,0.00417187531,6.84550323e-05,1
0.5,578,0.0108917505,0.00417966954,6.86011917e-05,1
0.5,579,0.0109004974,0.00418748148,6.87349529e-05,1
0.5,580,0.0109092444,0.00419528503,6.88761938e-05,1
0.5,581,0.0109179914,0.00420309603,6.90100424e-05,1
0.5,582,0.0109267309,0.00421090564,6.91517489e-05,1
0.5,583,0.010935463,0.00421871338,6.9294998e-05,1
0.5,584,0.0109442249,0.00422653649,6.94292539e-05,1
0.5,585,0.0109529719,0.00423435401,6.9568312e-05,1
0.5,586,0.0109617263,0.00424217526,6.97001815e-05,1
0.5,587,0.0109704733,0.00424999138,6.98439835e-05,1
0.5,588,0.0109792352,0.00425782055,6.99784723e-05,1
0.5,589,0.0109879822,0.00426563621,7.01259414e-05,1
0.5,590,0.010996744,0.00427347049,7.02608668e-05,1
0.5,591,0.0110055134,0.00428129826,7.04034755e-05,1
0.5,592,0.0110142678,0.00428912509,7.0544862e-05,1
0.5,593,0.0110230297,0.00429696264,7.06813007e-05,1
0.5,594,0.0110317916,0.00430479273,7.08258303e-05,1
0.5,595,0.0110405609,0.00431263726,7.09612505e-05,1
0.5,596,0.0110493377,0.00432047341,7.11044413e-05,1
0.5,597,0.0110581145,0.00432832073,7.12362526e-05,1
0.5,598,0.0110668838,0.00433616247,7.13783666e-05,1
0.5,599,0.0110756755,0.00434400933,7.15153874e-05,1
0.5,600,0.0110844374,0.00435185526,7.1659073e-05,1
0.5,601,0.0110932216,0.00435970211,7.1801478e-05,1
0.5,602,0.0111019984,0.00436755829,7.19389645e-05,1
0.5,603,0.0111107826,0.00437540468,7.20843382e-05,1
0.5,604,0.0111195818,0.0043832669,7.22207769e-05,1
0.5,605,0.0111283511,0.00439112447,7.23620469e-05,1
0.5,606,0.0111371428,0.0043989839,7.25014252e-05,1
0.5,607,0.0111459196,0.0044068452,7.26459257e-05,1
0.5,608,0.011154741,0.00441471394,7.27789593e-05,1
0.5,609,0.0111635253,0.0044225771,7.29220919e-05,1
0.5,610,0.011172317,0.00443044258,7.30669708e-05,1
0.5,611,0.0111811236,0.00443832204,7.31990149e-05,1
0.5,612,0.0111899152,0.00444618845,7.33454654e-05,1
0.5,613,0.0111987293,0.00445406511,7.34841451e-05,1
0.5,614,0.011207521,0.00446194131,7.36264628e-05,1
0.5,615,0.011216335,0.00446982449,7.37670634e-05,1
0.5,616,0.0112251416,0.00447769929,7.39109819e-05,1
0.5,617,0.0112339631,0.00448558945,7.40450341e-05,1
0.5,618,0.0112427697,0.00449346937,7.41906406e-05,1
0.5,619,0.0112515688,0.00450135209,7.43350247e-05,1
0.5,620,0.0112603977,0.00450924598,7.44692516e-05,1
0.5,621,0.0112692192,0.00451713521,7.46153528e-05,1
0.5,622,0.0112780333,0.00452503003,7.47552549e-05,1
0.5,623,0.0112868547,0.00453292485,7.48984748e-05,1
0.5,624,0.0112956762,0.00454082713,7.50332547e-05,1
0.5,625,0.0113045126,0.00454871822,7.51811313e-05,1
0.5,626,0.0113133341,0.00455661817,7.53247587e-05,1
0.5,627,0.011322163,0.00456452649,7.5466698e-05,1
0.5,628,0.011330992,0.00457242969,7.5606833e-05,1
0.5,629,0.0113398209,0.00458033849,7.57473463e-05,1
0.5,630,0.0113486648,0.00458824355,7.58942624e-05,1
0.5,631,0.0113575011,0.00459616305,7.60300027e-05,1
0.5,632,0.0113663375,0.00460407138,7.61757547e-05,1
0.5,633,0.0113751814,0.00461199461,7.63101852e-05,1
0.5,634,0.0113840327,0.00461991038,7.64576835e-05,1
0.5,635,0.0113928542,0.00462782336,7.6606666e-05,1
0.5,636,0.0114017203,0.00463574892,7.67427555e-05,1
0.5,637,0.0114105642,0.00464367121,7.6887547e-05,1
0.5,638,0.011419408,0.00465160003,7.70293118e-05,1
0.5,639,0.0114282668,0.00465952326,7.71773048e-05,1
0.5,640,0.0114371106,0.00466746045,7.73139182e-05,1
0.5,641,0.0114459619,0.00467538601,7.74606306e-05,1
0.5,642,0.011454843,0.00468332553,7.75974768e-05,1
0.5,643,0.0114636943,0.00469126133,7.7740784e-05,1
0.5,644,0.011472553,0.00469919853,7.78863905e-05,1
0.5,645,0.0114814192,0.00470713666,7.80316477e-05,1
0.5,646,0.0114902928,0.00471507991,7.8172452e-05,1
0.5,647,0.0114991516,0.00472302968,7.83136056e-05,1
0.5,648,0.0115080252,0.00473096874,7.84640142e-05,1
0.5,649,0.0115168989,0.00473892223,7.86016462e-05,1
0.5,650,0.0115257651,0.0047468706,7.87509198e-05,1
0.5,651,0.0115346536,0.00475482922,7.88874167e-05,1
0.5,652,0.0115435198,0.00476277992,7.90354097e-05,1
0.5,653,0.0115524009,0.00477073295,7.91811617e-05,1
0.5,654,0.0115612894,0.00477870088,7.93180079e-05,1
0.5,655,0.0115701705,0.00478665764,7.94648367e-05,1
0.5,656,0.0115790665,0.00479462696,7.96048553e-05,1
0.5,657,0.0115879402,0.00480258651,7.97534303e-05,1
0.5,658,0.0115968287,0.00481055863,7.98919646e-05,1
0.5,659,0.0116057172,0.00481852284,8.00421985e-05,1
0.5,660,0.0116146207,0.00482648797,8.01910937e-05,1
0.5,661,0.0116235092,0.00483447174,8.03288131e-05,1
0.5,662,0.0116323978,0.00484244199,8.0479309e-05,1
0.5,663,0.0116413087,0.00485042669,8.06172029e-05,1
0.5,664,0.0116502047,0.00485839881,8.07693577e-05,1
0.5,665,0.0116591156,0.00486638723,8.09036428e-05,1
0.5,666,0.0116680115,0.00487436727,8.10517231e-05,1
0.5,667,0.011676915,0.00488235801,8.11913051e-05,1
0.5,668,0.0116858184,0.00489033945,8.13441002e-05,1
0.5,669,0.0116947293,0.00489832647,8.14925297e-05,1
0.5,670,0.0117036477,0.00490632467,8.16340616e-05,1
0.5,671,0.0117125586,0.00491431542,8.17790569e-05,1
0.5,672,0.0117214844,0.00492231501,8.19230336e-05,1
0.5,673,0.0117303953,0.00493031228,8.20697169e-05,1
0.5,674,0.0117393211,0.00493831467,8.22152069e-05,1
0.5,675,0.0117482319,0.00494631426,8.23607261e-05,1
0.5,676,0.0117571577,0.00495432224,8.25012976e-05,1
0.5,677,0.011766091,0.00496232696,8.26485048e-05,1
0.5,678,0.0117750093,0.00497033307,8.27994663e-05,1
0.5,679,0.01178395,0.00497834804,8.29405035e-05,1
0.5,680,0.0117928758,0.00498635555,8.30916688e-05,1
0.5,681,0.0118018091,0.0049943747,8.32343358e-05,1
0.5,682,0.0118107498,0.00500239246,8.33793019e-05,1
0.5,683,0.011819683,0.00501041394,8.35243845e-05,1
0.5,684,0.0118286237,0.0050184303,8.36737454e-05,1
0.5,685,0.011837557,0.00502645783,8.38154519e-05,1
0.5,686,0.0118465051,0.00503448024,8.3965715e-05,1
0.5,687,0.0118554607,0.00504250731,8.4108935e-05,1
0.5,688,0.0118643939,0.00505053811,8.42562295e-05,1
0.5,689,0.0118733421,0.00505856704,8.4404659e-05,1
0.5,690,0.0118822977,0.00506660482,8.45468603e-05,1
0.5,691,0.0118912458,0.00507463794,8.46977346e-05,1
0.5,692,0.0119002089,0.00508267991,8.48418276e-05,1
0.5,693,0.0119091645,0.00509071536,8.49893258e-05,1
0.5,694,0.0119181275,0.00509876432,8.51307414e-05,1
0.5,695,0.0119270757,0.0051068035,8.52849917e-05,1
0.5,696,0.0119360387,0.005114845,8.54327518e-05,1
0.5,697,0.0119450167,0.00512289768,8.55773687e-05,1
0.5,698,0.0119539723,0.00513094617,8.57253908e-05,1
0.5,699,0.0119629428,0.00513900444,8.58672429e-05,1
0.5,700,0.0119719058,0.00514705339,8.6021988e-05,1
0.5,701,0.0119808838,0.00515511306,8.61657318e-05,1
0.5,702,0.0119898617,0.00516316853,8.63156456e-05,1
0.5,703,0.0119988248,0.0051712282,8.64626782e-05,1
0.5,704,0.0120078102,0.00517929113,8.66116316e-05,1
0.5,705,0.0120167881,0.00518735265,8.67621275e-05,1
0.5,706,0.0120257735,0.0051954235,8.69061041e-05,1
0.5,707,0.0120347664,0.00520349015,8.70536896e-05,1
0.5,708,0.0120437369,0.00521156751,8.71996453e-05,1
0.5,709,0.0120527297,0.00521963555,8.73524987e-05,1
0.5,710,0.0120617226,0.00522771617,8.74918478e-05,1
0.5,711,0.012070708,0.00523578934,8.76443228e-05,1
0.5,712,0.0120797083,0.00524386344,8.77991552e-05,1
0.5,713,0.0120886937,0.00525195012,8.79441213e-05,1
0.5,714,0.012097694,0.00526003214,8.80924345e-05,1
0.5,715,0.0121067017,0.00526812486,8.82362947e-05,1
0.5,716,0.0121156946,0.00527620502,8.8389148e-05,1
0.5,717,0.0121247098,0.00528430007,8.8533212e-05,1
0.5,718,0.0121337026,0.00529239001,8.86849593e-05,1
0.5,719,0.0121427178,0.00530049019,8.88291688e-05,1
0.5,720,0.012151733,0.00530857639,8.89877265e-05,1
0.5,721,0.0121607333,0.00531667378,8.91331001e-05,1
0.5,722,0.0121697485,0.00532477954,8.92776879e-05,1
0.5,723,0.0121787563,0.00533288065,8.94300465e-05,1
0.5,724,0.0121877789,0.00534099014,8.9574809e-05,1
0.5,725,0.0121967867,0.00534908706,8.97308928e-05,1
0.5,726,0.0122058317,0.0053572054,8.98722792e-05,1
0.5,727,0.012214832,0.00536530837,9.00287123e-05,1
0.5,728,0.0122238547,0.00537342625,9.0176909e-05,1
0.5,729,0.0122328848,0.00538154179,9.0327143e-05,1
0.5,730,0.0122419074,0.00538965361,9.04801709e-05,1
0.5,731,0.012250945,0.00539777521,9.06272617e-05,1
0.5,732,0.0122599825,0.00540589495,9.07738286e-05,1
0.5,733,0.0122690126,0.00541402306,9.09196388e-05,1
0.5,734,0.0122780427,0.00542214513,9.10732488e-05,1
0.5,735,0.0122870877,0.00543027697,9.12192627e-05,1
0.5,736,0.0122961253,0.00543840555,9.13731637e-05,1
0.5,737,0.0123051703,0.00544653041,9.15256387e-05,1
0.5,738,0.0123142079,0.00545466831,9.16748832e-05,1
0.5,739,0.0123232529,0.00546280295,9.18261649e-05,1
0.5,740,0.0123323128,0.00547094457,9.19726444e-05,1
0.5,741,0.0123413578,0.00547908107,9.21271276e-05,1
0.5,742,0.0123504177,0.00548722874,9.22739855e-05,1
0.5,743,0.0123594478,0.00549536524,9.24284104e-05,1
0.5,744,0.0123685226,0.00550351758,9.25733184e-05,1
0.5,745,0.012377575,0.00551166246,9.27251531e-05,1
0.5,746,0.0123866349,0.00551980687,9.28852533e-05,1
0.5,747,0.0123957023,0.00552796992,9.30277165e-05,1
0.5,748,0.0124047548,0.00553611945,9.31828399e-05,1
0.5,749,0.0124138221,0.00554427831,9.33319097e-05,1
0.5,750,0.0124228895,0.00555243436,9.34844138e-05,1
0.5,751,0.0124319717,0.00556059694,9.36351134e-05,1
0.5,752,0.0124410242,0.00556875905,9.37878795e-05,1
0.5,753,0.0124501064,0.00557692815,9.39389865e-05,1
0.5,754,0.0124591812,0.00558509352,9.40918981e-05,1
0.5,755,0.0124682486,0.00559325749,9.42443148e-05,1
0.5,756,0.0124773383,0.00560143171,9.4394054e-05,1
0.5,757,0.0124864057,0.0056096036,9.45489737e-05,1
0.5,758,0.0124954879,0.00561778247,9.46959772e-05,1
0.5,759,0.0125045776,0.00562596042,9.4851217e-05,1
0.5,760,0.0125136748,0.00563414302,9.49962123e-05,1
0.5,761,0.0125227571,0.00564232608,9.51516849e-05,1
0.5,762,0.0125318542,0.00565050729,9.53035778e-05,1
0.5,763,0.0125409439,0.00565868989,9.54605057e-05,1
0.5,764,0.0125500262,0.00566687528,9.56161821e-05,1
0.5,765,0.0125591382,0.00567507278,9.57590237e-05,1
0.5,766,0.0125682205,0.0056832619,9.59162135e-05,1
0.5,767,0.01257734,0.00569146173,9.60608013e-05,1
0.5,768,0.0125864297,0.00569965504,9.62183112e-05,1
0.5,769,0.0125955343,0.00570785813,9.63682833e-05,1
0.5,770,0.0126046389,0.00571605144,9.65275103e-05,1
0.5,771,0.012613751,0.00572425174,9.66824009e-05,1
0.5,772,0.0126228631,0.0057324646,9.68275999e-05,1
0.5,773,0.0126319751,0.00574066676,9.69856337e-05,1
0.5,774,0.0126410872,0.00574887916,9.71361296e-05,1
0.5,775,0.0126501918,0.00575708458,9.7295997e-05,1
0.5,776,0.0126593187,0.00576530769,9.74401191e-05,1
0.5,777,0.0126684457,0.0057735201,9.75935254e-05,1
0.5,778,0.0126775578,0.00578173669,9.7747281e-05,1
0.5,779,0.0126866773,0.00578995608,9.79048782e-05,1
0.5,780,0.0126958042,0.00579817547,9.80607292e-05,1
0.5,781,0.0127049387,0.00580640556,9.82069469e-05,1
0.5,782,0.0127140656,0.00581462728,9.83660575e-05,1
0.5,783,0.0127232,0.00582285924,9.85176594e-05,1
0.5,784,0.0127323419,0.00583108654,9.86717932e-05,1
0.5,785,0.0127414763,0.00583932037,9.88251413e-05,1
0.5,786,0.0127506033,0.00584754953,9.89847176e-05,1
0.5,787,0.0127597451,0.005855795,9.91318084e-05,1
0.5,788,0.012768887,0.00586402928,9.92848072e-05,1
0.5,789,0.0127780288,0.00587226776,9.94433649e-05,1
0.5,790,0.0127871856,0.00588051556,9.95957525e-05,1
0.5,791,0.01279632,0.00588876009,9.97509051e-05,1
0.5,792,0.0128054768,0.00589700975,9.99034964e-05,1
0.5,793,0.0128146112,0.00590525055,0.000100065256,1
0.5,794,0.0128237829,0.00591351278,0.00010021159,1
0.5,795,0.0128329247,0.00592175778,0.000100370584,1
0.5,796,0.0128420964,0.00593001908,0.000100521691,1
0.5,797,0.0128512383,0.00593827385,0.000100679492,1
0.5,798,0.0128604025,0.00594652817,0.000100840465,1
0.5,799,0.0128695741,0.00595479785,0.000100988982,1
0.5,800,0.0128787383,0.00596305961,0.000101145037,1
0.5,801,0.01288791,0.00597132975,0.000101298705,1
0.5,802,0.0128970817,0.00597959617,0.000101452053,1
0.5,803,0.0129062459,0.00598786911,0.000101608952,1
0.5,804,0.012915425,0.00599614065,0.000101762533,1
0.5,805,0.0129245967,0.00600441312,0.000101921003,1
0.5,806,0.0129337609,0.00601269025,0.000102074904,1
0.5,807,0.01294294,0.00602096319,0.00010223678,1
0.5,808,0.0129521191,0.00602924591,0.000102391321,1
0.5,809,0.0129612982,0.00603753049,0.0001025456,1
0.5,810,0.0129704922,0.006045816,0.00010270311,1
0.5,811,0.0129796788,0.0060541057,0.000102852588,1
0.5,812,0.0129888728,0.0060623968,0.000103010447,1
0.5,813,0.0129980594,0.00607068744,0.000103165134,1
0.5,814,0.0130072385,0.00607897248,0.000103329541,1
0.5,815,0.0130164474,0.00608727802,0.000103478233,1
0.5,816,0.0130256265,0.00609557005,0.000103641476,1
0.5,817,0.013034828,0.00610387232,0.000103793136,1
0.5,818,0.0130440369,0.00611217087,0.000103955099,1
0.5,819,0.0130532458,0.00612047873,0.000104107021,1
0.5,820,0.0130624399,0.00612878473,0.000104266393,1
0.5,821,0.0130716488,0.00613709679,0.000104420178,1
0.5,822,0.0130808502,0.00614540512,0.000104577397,1
0.5,823,0.0130900592,0.00615371717,0.000104734761,1
0.5,824,0.0130992904,0.00616203435,0.000104891107,1
0.5,825,0.0131084919,0.00617034873,0.000105050189,1
0.5,826,0.0131177157,0.00617867336,0.000105201645,1
0.5,827,0.0131269172,0.006186991,0.00010536614,1
0.5,828,0.0131361485,0.00619531889,0.000105517771,1
0.5,829,0.0131453797,0.00620363606,0.00010568084,1
0.5,830,0.0131545961,0.00621196581,0.000105835672,1
0.5,831,0.0131638125,0.00622029509,0.000105992513,1
0.5,832,0.0131730437,0.00622862298,0.000106156076,1
0.5,833,0.013182275,0.00623696391,0.000106304622,1
0.5,834,0.0131914988,0.00624529552,0.000106469815,1
0.5,835,0.0132007375,0.00625363877,0.000106622407,1
0.5,836,0.0132099763,0.00626197457,0.000106784952,1
0.5,837,0.013219215,0.00627032015,0.000106940657,1
0.5,838,0.0132284611,0.0062786648,0.000107099942,1
0.5,839,0.0132376924,0.0062870183,0.000107252941,1
0.5,840,0.0132469311,0.00629536156,0.000107415777,1
0.5,841,0.0132561848,0.00630370947,0.00010757675,1
0.5,842,0.0132654309,0.00631206622,0.000107730128,1
0.5,843,0.013274692,0.0063204146,0.000107896252,1
0.5,844,0.0132839382,0.00632877834,0.000108050008,1
0.5,845,0.0132931918,0.00633713463,0.000108211243,1
0.5,846,0.013302438,0.00634550257,0.000108365173,1
0.5,847,0.0133116916,0.00635386258,0.000108523789,1
0.5,848,0.0133209676,0.00636223238,0.000108680804,1
0.5,849,0.0133302137,0.00637059286,0.000108847918,1
0.5,850,0.0133394748,0.00637896173,0.000109006971,1
0.5,851,0.0133487508,0.00638733944,0.000109161454,1
0.5,852,0.0133580118,0.00639571203,0.000109323737,1
0.5,853,0.0133672804,0.006404093,0.000109478366,1
0.5,854,0.0133765563,0.00641246233,0.000109645829,1
0.5,855,0.0133858249,0.00642084982,0.00010980072,1
0.5,856,0.0133951083,0.00642923033,0.000109958259,1
0.5,857,0.0134043768,0.0064376099,0.000110123277,1
0.5,858,0.0134136528,0.00644600298,0.00011027843,1
0.5,859,0.0134229288,0.0064543928,0.000110440276,1
0.5,860,0.0134322345,0.00646278681,0.000110598747,1
0.5,861,0.0134415105,0.00647117849,0.000110759138,1
0.5,862,0.0134508088,0.00647957763,0.000110914756,1
0.5,863,0.0134600848,0.00648796745,0.000111083296,1
0.5,864,0.0134693831,0.00649637263,0.000111239322,1
0.5,865,0.0134786665,0.00650477363,0.000111401634,1
0.5,866,0.0134879574,0.00651317462,0.000111565489,1
0.5,867,0.0134972632,0.00652158633,0.000111718051,1
0.5,868,0.0135065615,0.00652998965,0.000111886009,1
0.5,869,0.0135158598,0.00653840462,0.0001120409,1
0.5,870,0.0135251582,0.00654681539,0.000112203939,1
0.5,871,0.0135344639,0.00655523315,0.000112363574,1
0.5,872,0.0135437697,0.00656364905,0.000112525391,1
0.5,873,0.0135530829,0.00657207146,0.000112682319,1
0.5,874,0.0135623962,0.00658048876,0.000112847163,1
0.5,875,0.0135717019,0.00658891117,0.000113010756,1
0.5,876,0.0135810226,0.00659733964,0.00011316812,1
0.5,877,0.0135903358,0.00660576299,0.000113333372,1
0.5,878,0.013599664,0.00661419937,0.000113490998,1
0.5,879,0.0136089697,0.00662262598,0.000113656366,1
0.5,880,0.0136182979,0.00663106609,0.000113814429,1
0.5,881,0.0136276186,0.00663949829,0.000113976916,1
0.5,882,0.0136369541,0.00664793607,0.000114137918,1
0.5,883,0.0136462823,0.00665637664,0.000114302471,1
0.5,884,0.0136556104,0.00666481769,0.000114465744,1
0.5,885,0.0136649385,0.00667326897,0.000114624243,1
0.5,886,0.0136742741,0.00668170955,0.000114790368,1
0.5,887,0.0136836097,0.0066901627,0.000114949042,1
0.5,888,0.0136929527,0.00669861119,0.000115114235,1
0.5,889,0.0137022957,0.00670706853,0.000115273171,1
0.5,890,0.0137116313,0.00671551889,0.000115435978,1
0.5,891,0.0137209818,0.00672397716,0.000115598756,1
0.5,892,0.0137303174,0.00673244055,0.000115760951,1
0.5,893,0.0137396604,0.00674089929,0.000115925155,1
0.5,894,0.0137490183,0.00674936408,0.000116087438,1
0.5,895,0.0137583688,0.00675783027,0.000116250594,1
0.5,896,0.0137677267,0.00676630205,0.000116413372,1
0.5,897,0.0137770921,0.0067747687,0.000116577983,1
0.5,898,0.01378645,0.00678324513,0.000116735726,1
0.5,899,0.0137958005,0.00679171691,0.000116905809,1
0.5,900,0.0138051584,0.00680019008,0.000117072312,1
0.5,901,0.0138145313,0.00680867303,0.000117228919,1
0.5,902,0.0138238817,0.00681715226,0.000117395713,1
0.5,903,0.0138332695,0.00682564173,0.000117551361,1
0.5,904,0.0138426349,0.00683412142,0.000117719697,1
0.5,905,0.0138520151,0.00684261043,0.000117880438,1
0.5,906,0.0138613805,0.0068510971,0.000118049007,1
0.5,907,0.0138707533,0.00685959309,0.000118210213,1
0.5,908,0.0138801411,0.00686808443,0.000118377735,1
0.5,909,0.0138895065,0.00687657995,0.000118543918,1
0.5,910,0.0138989016,0.00688508293,0.000118703203,1
0.5,911,0.0139082745,0.00689358031,0.000118868134,1
0.5,912,0.0139176771,0.00690209307,0.0001190248,1
0.5,913,0.0139270574,0.00691059045,0.00011919433,1
0.5,914,0.0139364451,0.00691910181,0.000119357603,1
0.5,915,0.0139458254,0.00692760572,0.000119525939,1
0.5,916,0.0139552429,0.00693612592,0.000119681412,1
0.5,917,0.0139646232,0.00694463402,0.000119851436,1
0.5,918,0.0139740258,0.00695314677,0.00012002018,1
0.5,919,0.0139834285,0.00696166651,0.000120182754,1
0.5,920,0.0139928311,0.0069701802,0.000120353041,1
0.5,921,0.0140022337,0.00697870972,0.000120510726,1
0.5,922,0.0140116364,0.00698723039,0.000120679848,1
0.5,923,0.0140210465,0.00699576223,0.00012083922,1
0.5,924,0.0140304565,0.00700428756,0.000121008808,1
0.5,925,0.0140398517,0.00701281242,0.000121176592,1
0.5,926,0.0140492842,0.00702135218,0.000121335033,1
0.5,927,0.0140587017,0.00702988449,0.000121504796,1
0.5,928,0.0140681267,0.00703842239,0.000121671357,1
0.5,929,0.0140775293,0.00704695936,0.000121839897,1
0.5,930,0.0140869617,0.00705550751,0.000121998688,1
0.5,931,0.0140963793,0.00706404774,0.000122169033,1
0.5,932,0.0141058043,0.00707259681,0.000122330879,1
0.5,933,0.0141152367,0.00708114076,0.000122499827,1
0.5,934,0.0141246617,0.00708968705,0.00012267055,1
0.5,935,0.014134109,0.00709824497,0.000122829777,1
0.5,936,0.0141435191,0.00710679218,0.000123002043,1
0.5,937,0.0141529664,0.00711535942,0.000123160309,1
0.5,938,0.0141623989,0.00712391315,0.00012333272,1
0.5,939,0.0141718462,0.00713247666,0.000123492558,1
0.5,940,0.0141812861,0.00714103924,0.000123664155,1
0.5,941,0.0141907409,0.00714960601,0.000123829261,1
0.5,942,0.0142001733,0.00715817139,0.000123997132,1
0.5,943,0.0142096281,0.00716673443,0.000124168815,1
0.5,944,0.0142190829,0.00717531424,0.000124329439,1
0.5,945,0.0142285228,0.00718388287,0.000124499697,1
0.5,946,0.0142379776,0.00719246455,0.00012466358,1
0.5,947,0.0142474174,0.00720103597,0.000124833954,1
0.5,948,0.014256902,0.00720962277,0.000124996353,1
0.5,949,0.0142663568,0.00721820444,0.000125165941,1
0.5,950,0.0142758191,0.0072267917,0.000125330058,1
0.5,951,0.0142852813,0.00723537384,0.000125501218,1
0.5,952,0.014294751,0.00724396203,0.00012566903,1
0.5,953,0.0143042207,0.00725255627,0.000125835679,1
0.5,954,0.0143136829,0.00726114633,0.000126005092,1
0.5,955,0.0143231452,0.00726974709,0.000126172061,1
0.5,956,0.0143326297,0.00727833947,0.000126340077,1
0.5,957,0.0143421143,0.0072869421,0.000126503524,1
0.5,958,0.014351584,0.007295541,0.000126677071,1
0.5,959,0.0143610761,0.00730415387,0.000126838073,1
0.5,960,0.0143705383,0.0073127551,0.000127013307,1
0.5,961,0.0143800378,0.00732136099,0.000127181964,1
0.5,962,0.0143895149,0.007329972,0.000127349485,1
0.5,963,0.0143989995,0.00733858207,0.000127520063,1
0.5,964,0.0144084916,0.007347201,0.000127686799,1
0.5,965,0.014417991,0.00735581573,0.000127857493,1
0.5,966,0.0144274756,0.00736444071,0.000128020591,1
0.5,967,0.0144369826,0.00737305684,0.000128195272,1
0.5,968,0.0144464672,0.00738167576,0.000128366257,1
0.5,969,0.0144559667,0.00739030959,0.000128528336,1
0.5,970,0.0144654661,0.00739892898,0.00012870846,1
0.5,971,0.0144749731,0.0074075642,0.000128873624,1
0.5,972,0.01448448,0.0074161957,0.00012904394,1
0.5,973,0.014493987,0.00742483186,0.000129212887,1
0.5,974,0.0145034939,0.00743346335,0.000129381544,1
0.5,975,0.0145130083,0.00744210696,0.000129548833,1
0.5,976,0.0145225227,0.00745074404,0.000129724649,1
0.5,977,0.0145320371,0.00745938392,0.00012989383,1
0.5,978,0.0145415589,0.00746803079,0.000130063505,1
0.5,979,0.0145510733,0.00747667719,0.000130234635,1
0.5,980,0.0145606026,0.00748533057,0.000130399159,1
0.5,981,0.0145701244,0.00749398395,0.000130570756,1
0.5,982,0.0145796537,0.00750264153,0.000130735803,1
0.5,983,0.0145891756,0.00751129305,0.000130912435,1
0.5,984,0.0145987123,0.00751995482,0.000131080713,1
0.5,985,0.0146082416,0.00752861099,0.000131250825,1
0.5,986,0.0146177784,0.00753726996,0.000131427834,1
0.5,987,0.0146273151,0.00754593918,0.000131593581,1
0.5,988,0.0146368518,0.00755460421,0.000131765788,1
0.5,989,0.014646396,0.00756327994,0.000131930108,1
0.5,990,0.0146559253,0.00757194683,0.000132109126,1
0.5,991,0.014665477,0.00758062676,0.000132270157,1
0.5,992,0.0146750212,0.00758929411,0.000132449146,1
0.5,993,0.0146845728,0.00759797543,0.000132615707,1
0.5,994,0.014694117,0.00760665396,0.000132788671,1
0.5,995,0.0147036612,0.00761533156,0.000132966641,1
0.5,996,0.0147132352,0.00762402359,0.000133132038,1
0.5,997,0.0147227868,0.00763270585,0.000133306661,1
0.5,998,0.0147323385,0.00764139602,0.000133473601,1
0.5,999,0.014741905,0.00765008619,0.000133647147,1
0.5,1000,0.0147514641,0.00765878381,0.000133814465,1
0.5,1001,0.0147610232,0.00766747491,0.000133993366,1
0.5,1002,0.0147705898,0.00767616974,0.000134163391,1
0.5,1003,0.0147801712,0.00768487575,0.000134329603,1
0.5,1004,0.0147897229,0.0076935729,0.000134507281,1
0.5,1005,0.0147993118,0.00770227611,0.000134678034,1
0.5,1006,0.0148088709,0.00771098444,0.000134852511,1
0.5,1007,0.0148184597,0.00771969603,0.00013502076,1
0.5,1008,0.0148280263,0.00772840343,0.000135195412,1
0.5,1009,0.0148376226,0.0077371248,0.000135362352,1
0.5,1010,0.0148471966,0.00774583593,0.000135542417,1
0.5,1011,0.0148567706,0.00775454519,0.000135718496,1
0.5,1012,0.0148663595,0.00776326843,0.000135887327,1
0.5,1013,0.0148759484,0.00777199073,0.000136055984,1
0.5,1014,0.0148855522,0.00778071396,0.000136227813,1
0.5,1015,0.0148951337,0.00778943673,0.00013640846,1
0.5,1016,0.0149047449,0.0077981716,0.000136576302,1
0.5,1017,0.0149143338,0.0078068967,0.000136751914,1
0.5,1018,0.0149239376,0.00781563483,0.000136921677,1
0.5,1019,0.014933534,0.00782436598,0.000137097581,1
0.5,1020,0.0149431303,0.00783310086,0.000137272058,1
0.5,1021,0.0149527267,0.00784183946,0.000137444847,1
0.5,1022,0.0149623379,0.00785058178,0.000137619645,1
0.5,1023,0.0149719492,0.00785933062,0.000137790106,1
0.25,0,4.08014603e-06,0,0,1
0.25,1,1.14170762e-05,6.60505748e-06,-1.07251893e-07,1
0.25,2,1.86876641e-05,1.31506013e-05,1.49999195e-07,1
0.25,3,2.5994108e-05,1.97286245e-05,2.25087504e-07,1
0.25,4,3.33026328e-05,2.63084676e-05,3.0023503e-07,1
0.25,5,4.06125109e-05,3.28901297e-05,3.75441573e-07,1
0.25,6,4.79238806e-05,3.94736126e-05,4.50707489e-07,1
0.25,7,5.5237324e-05,4.60589144e-05,5.26032238e-07,1
0.25,8,6.25525645e-05,5.26460244e-05,6.01416446e-07,1
0.25,9,6.98693184e-05,5.92349752e-05,6.76860395e-07,1
0.25,10,7.71880004e-05,6.58257341e-05,7.52363178e-07,1
0.25,11,8.45079994e-05,7.24183046e-05,8.27925021e-07,1
0.25,12,9.18301303e-05,7.90127015e-05,9.03546152e-07,1
0.25,13,9.91538182e-05,8.56089173e-05,9.79227252e-07,1
0.25,14,0.000106479274,9.22069812e-05,1.05496736e-06,1
0.25,15,0.000113806658,9.88068205e-05,1.1307668e-06,1
0.25,16,0.000121135607,0.000105408515,1.20662628e-06,1
0.25,17,0.000128466228,0.000112012021,1.28254464e-06,1
0.25,18,0.000135798779,0.000118617347,1.35852235e-06,1
0.25,19,0.0001431329,0.000125224498,1.434561e-06,1
0.25,20,0.000150468666,0.000131833469,1.51065683e-06,1
0.25,21,0.000157806498,0.000138444288,1.58681473e-06,1
0.25,22,0.000165145713,0.000145056911,1.6630288e-06,1
0.25,23,0.000172486602,0.000151671338,1.73930619e-06,1
0.25,24,0.000179829542,0.000158287585,1.81564042e-06,1
0.25,25,0.000187174141,0.000164905679,1.89203547e-06,1
0.25,26,0.0001945205,0.000171525578,1.96849078e-06,1
0.25,27,0.000201868854,0.000178147369,2.04500407e-06,1
0.25,28,0.00020921824,0.000184770921,2.12157738e-06,1
0.25,29,0.000216570217,0.000191396321,2.19821163e-06,1
0.25,30,0.000223923489,0.000198023539,2.27490477e-06,1
0.25,31,0.000231278391,0.000204652519,2.35165749e-06,1
0.25,32,0.000238634806,0.00021128339,2.42846977e-06,1
0.25,33,0.000245993549,0.000217916124,2.5053439e-06,1
0.25,34,0.000253353617,0.000224550633,2.58227692e-06,1
0.25,35,0.000260715897,0.000231187063,2.65927201e-06,1
0.25,36,0.000268079282,0.000237825181,2.73632236e-06,1
0.25,37,0.000275432394,0.000244453462,2.93357266e-06,1
0.25,38,0.000282799359,0.000251094985,3.01396631e-06,1
0.25,39,0.000290167809,0.000257738342,3.09441793e-06,1
0.25,40,0.000297538238,0.000264383474,3.174928e-06,1
0.25,41,0.000304910616,0.000271030614,3.25549672e-06,1
0.25,42,0.000312284334,0.000277679443,3.33612547e-06,1
0.25,43,0.000319659739,0.000284330075,3.41680993e-06,1
0.25,44,0.000327037065,0.000290982629,3.49755555e-06,1
0.25,45,0.000334416109,0.000297636929,3.57835779e-06,1
0.25,46,0.000341796782,0.00030429312,3.65922074e-06,1
0.25,47,0.000349179434,0.000310951058,3.7401403e-06,1
0.25,48,0.000356563658,0.000317610829,3.82111921e-06,1
0.25,49,0.000363949599,0.000324272492,3.9021561e-06,1
0.25,50,0.000371337228,0.000330936047,3.98325528e-06,1
0.25,51,0.000378726865,0.000337601261,4.06440813e-06,1
0.25,52,0.000386118016,0.000344268396,4.1456251e-06,1
0.25,53,0.000393511233,0.000350937451,4.22689845e-06,1
0.25,54,0.000400905934,0.000357608194,4.30823047e-06,1
0.25,55,0.000408302294,0.000364280888,4.38962388e-06,1
0.25,56,0.000415700604,0.000370955415,4.47107368e-06,1
0.25,57,0.000423100486,0.000377631572,4.55258123e-06,1
0.25,58,0.00043050223,0.000384309882,4.63415154e-06,1
0.25,59,0.000437905488,0.000390989619,4.71577732e-06,1
0.25,60,0.000445310929,0.000397671683,4.79746859e-06,1
0.25,61,0.000452717853,0.000404355291,4.87921079e-06,1
0.25,62,0.000460126495,0.000411040703,4.96101666e-06,1
0.25,63,0.000467536913,0.000417728123,5.04287891e-06,1
0.25,64,0.000474949018,0.000424417143,5.1248021e-06,1
0.25,65,0.000482363277,0.000431108172,5.20678395e-06,1
0.25,66,0.000489778991,0.000437801064,5.28882993e-06,1
0.25,67,0.000497196219,0.00044449573,5.37092774e-06,1
0.25,68,0.000504615193,0.000451192202,5.45308603e-06,1
0.25,69,0.00051203632,0.000457890623,5.5353089e-06,1
0.25,70,0.000519458787,0.000464590732,5.61758543e-06,1
0.25,71,0.000526883116,0.000471292733,5.6999238e-06,1
0.25,72,0.00053430954,0.000477996597,5.78231766e-06,1
0.25,73,0.000541737303,0.000484702265,5.86477654e-06,1
0.25,74,0.000549167045,0.000491409795,5.94729227e-06,1
0.25,75,0.000556598417,0.000498119218,6.02986711e-06,1
0.25,76,0.000564031594,0.000504830386,6.11250653e-06,1
0.25,77,0.0005714664,0.000511543534,6.19519915e-06,1
0.25,78,0.000578903186,0.000518258428,6.27795271e-06,1
0.25,79,0.000586341601,0.000524975127,6.36076766e-06,1
0.25,80,0.000593781704,0.000531693629,6.44363945e-06,1
0.25,81,0.000601223554,0.000538414053,6.52657081e-06,1
0.25,82,0.000608667033,0.000545136281,6.60956039e-06,1
0.25,83,0.00061611284,0.000551860488,6.69261135e-06,1
0.25,84,0.000623559812,0.000558586384,6.77572962e-06,1
0.25,85,0.000631008821,0.000565314142,6.85889381e-06,1
0.25,86,0.00063845946,0.000572043762,6.9421244e-06,1
0.25,87,0.000645911903,0.000578775187,7.02541774e-06,1
0.25,88,0.000653366151,0.000585508591,7.10877157e-06,1
0.25,89,0.000660821912,0.000592243625,7.19217451e-06,1
0.25,90,0.000668279768,0.000598980812,7.2756502e-06,1
0.25,91,0.000675739197,0.000605719571,7.35917774e-06,1
0.25,92,0.000683200196,0.000612460077,7.44276531e-06,1
0.25,93,0.00069066335,0.000619202852,7.5264179e-06,1
0.25,94,0.000698128249,0.000625947258,7.61012734e-06,1
0.25,95,0.000705594197,0.000632693409,7.69389317e-06,1
0.25,96,0.000713062589,0.000639441423,7.77772311e-06,1
0.25,97,0.000720532378,0.000646191183,7.86161127e-06,1
0.25,98,0.000728004146,0.000652943039,7.94555672e-06,1
0.25,99,0.000735477661,0.000659696758,8.0295722e-06,1
0.25,100,0.000742953038,0.000666452223,8.11364043e-06,1
0.25,101,0.000750429928,0.00067320955,8.19777233e-06,1
0.25,102,0.000757908798,0.000679968682,8.28196153e-06,1
0.25,103,0.000765389123,0.000686729618,8.36620438e-06,1
0.25,104,0.00077287131,0.000693492359,8.45051636e-06,1
0.25,105,0.000780355535,0.000700257311,8.534892e-06,1
0.25,106,0.000787841156,0.000707023719,8.61931767e-06,1
0.25,107,0.000795328757,0.000713792047,8.70380427e-06,1
0.25,108,0.000802818104,0.000720562239,8.78835363e-06,1
0.25,109,0.000810308731,0.000727334293,8.87296119e-06,1
0.25,110,0.000817801862,0.000734108384,8.95763969e-06,1
0.25,111,0.000825296564,0.000740884163,9.0423664e-06,1
0.25,112,0.000832792779,0.000747661863,9.12716041e-06,1
0.25,113,0.000840290566,0.000754441251,9.21201536e-06,1
0.25,114,0.00084779039,0.00076122256,9.29692214e-06,1
0.25,115,0.000855291844,0.000768005615,9.38189169e-06,1
0.25,116,0.000862795161,0.000774790766,9.46692762e-06,1
0.25,117,0.000870300632,0.000781577779,9.55201722e-06,1
0.25,118,0.000877807382,0.000788366422,9.63717321e-06,1
0.25,119,0.000885315705,0.00079515687,9.72238195e-06,1
0.25,120,0.000892826472,0.000801949413,9.80765799e-06,1
0.25,121,0.000900338404,0.000808743644,9.89299224e-06,1
0.25,122,0.000907852489,0.00081553997,9.97839652e-06,1
0.25,123,0.000915367913,0.000822337868,1.00638454e-05,1
0.25,124,0.000922885316,0.000829137629,1.0149367e-05,1
0.25,125,0.000930404698,0.00083593966,1.02349504e-05,1
0.25,126,0.000937925768,0.000842743204,1.03205839e-05,1
0.25,127,0.000945448235,0.000849548436,1.04062783e-05,1
0.25,128,0.000952972798,0.000856355822,1.04920409e-05,1
0.25,129,0.000960499165,0.000863165013,1.05778572e-05,1
0.25,130,0.000968026929,0.000869975775,1.06637372e-05,1
0.25,131,0.000975556555,0.000876788748,1.07496789e-05,1
0.25,132,0.000983088277,0.000883603585,1.08356899e-05,1
0.25,133,0.000990621746,0.000890420168,1.09217553e-05,1
0.25,134,0.000998156727,0.000897238613,1.10078763e-05,1
0.25,135,0.00100569334,0.000904058688,1.10940582e-05,1
0.25,136,0.00101323193,0.000910880975,1.11803074e-05,1
0.25,137,0.00102077215,0.000917704776,1.12666139e-05,1
0.25,138,0.00102831458,0.000924530905,1.13529841e-05,1
0.25,139,0.00103585841,0.000931358547,1.14394134e-05,1
0.25,140,0.00104340434,0.000938188168,1.15259063e-05,1
0.25,141,0.00105095154,0.000945019419,1.16124547e-05,1
0.25,142,0.00105850038,0.000951852708,1.1699065e-05,1
0.25,143,0.00106605154,0.000958687975,1.1785738e-05,1
0.25,144,0.00107360422,0.000965524931,1.18724774e-05,1
0.25,145,0.00108115887,0.000972363981,1.1959276e-05,1
0.25,146,0.00108871539,0.000979204662,1.204613e-05,1
0.25,147,0.00109627272,0.000986046973,1.21330413e-05,1
0.25,148,0.00110383274,0.000992891495,1.22200208e-05,1
0.25,149,0.00111139403,0.00099973788,1.23070604e-05,1
0.25,150,0.0011189573,0.00100658601,1.23941691e-05,1
0.25,151,0.00112652231,0.00101343566,1.24813187e-05,1
0.25,152,0.00113408931,0.00102028786,1.25685583e-05,1
0.25,153,0.00114165782,0.00102714158,1.26558361e-05,1
0.25,154,0.00114922831,0.00103399728,1.27431831e-05,1
0.25,155,0.00115680089,0.00104085507,1.28305956e-05,1
0.25,156,0.00116437429,0.00104771403,1.29180626e-05,1
0.25,157,0.00117195048,0.00105457543,1.30055942e-05,1
0.25,158,0.00117952772,0.00106143847,1.30931867e-05,1
0.25,159,0.00118710694,0.00106830359,1.31808429e-05,1
0.25,160,0.00119468803,0.00107517012,1.32685609e-05,1
0.25,161,0.00120227051,0.00108203886,1.33563308e-05,1
0.25,162,0.0012098552,0.00108890957,1.34441752e-05,1
0.25,163,0.00121744175,0.00109578192,1.35320688e-05,1
0.25,164,0.00122502958,0.00110265613,1.36200306e-05,1
0.25,165,0.0012326194,0.00110953231,1.37080506e-05,1
0.25,166,0.00124021072,0.00111641013,1.37961397e-05,1
0.25,167,0.00124780426,0.00112329004,1.38842788e-05,1
0.25,168,0.00125539931,0.00113017182,1.3972498e-05,1
0.25,169,0.00126299681,0.00113705569,1.40607663e-05,1
0.25,170,0.00127059536,0.00114394096,1.41491037e-05,1
0.25,171,0.00127819576,0.00115082855,1.42375002e-05,1
0.25,172,0.00128579803,0.00115771755,1.43259449e-05,1
0.25,173,0.00129340182,0.00116460852,1.44144587e-05,1
0.25,174,0.00130100758,0.00117150135,1.45030381e-05,1
0.25,175,0.00130861579,0.00117839663,1.45916883e-05,1
0.25,176,0.00131622481,0.00118529331,1.46803904e-05,1
0.25,177,0.00132383581,0.00119219162,1.47691553e-05,1
0.25,178,0.00133144902,0.00119909225,1.48579857e-05,1
0.25,179,0.00133906351,0.0012059944,1.49468651e-05,1
0.25,180,0.00134667987,0.00121289853,1.50358146e-05,1
0.25,181,0.00135429809,0.00121980452,1.51248205e-05,1
0.25,182,0.00136191817,0.0012267126,1.52139073e-05,1
0.25,183,0.00136953988,0.0012336222,1.53030378e-05,1
0.25,184,0.00137716369,0.00124053401,1.53922447e-05,1
0.25,185,0.00138478866,0.00124744745,1.54814952e-05,1
0.25,186,0.00139241607,0.00125436322,1.55708367e-05,1
0.25,187,0.00140004489,0.00126128003,1.56602036e-05,1
0.25,188,0.00140767545,0.00126819918,1.57496579e-05,1
0.25,189,0.00141530798,0.00127512042,1.58391704e-05,1
0.25,190,0.00142294227,0.00128204329,1.5928732e-05,1
0.25,191,0.00143057853,0.00128896825,1.60183808e-05,1
0.25,192,0.00143821607,0.00129589462,1.61080698e-05,1
0.25,193,0.0014458556,0.00130282308,1.61978387e-05,1
0.25,194,0.00145349652,0.00130975316,1.62876458e-05,1
0.25,195,0.00146114011,0.00131668593,1.63775294e-05,1
0.25,196,0.00146878522,0.00132362021,1.64674893e-05,1
0.25,197,0.00147643173,0.00133055623,1.65574893e-05,1
0.25,198,0.00148407975,0.00133749377,1.66475511e-05,1
0.25,199,0.00149172998,0.00134443352,1.67376929e-05,1
0.25,200,0.00149938231,0.00135137537,1.68278893e-05,1
0.25,201,0.00150703557,0.00135831872,1.6918144e-05,1
0.25,202,0.00151469104,0.00136526395,1.70084641e-05,1
0.25,203,0.0015223485,0.0013722115,1.7098846e-05,1
0.25,204,0.00153000792,0.00137916056,1.71892916e-05,1
0.25,205,0.00153766887,0.00138611137,1.72798009e-05,1
0.25,206,0.00154533167,0.00139306474,1.73703775e-05,1
0.25,207,0.00155299576,0.00140001928,1.74610032e-05,1
0.25,208,0.00156066217,0.00140697602,1.7551698e-05,1
0.25,209,0.00156833045,0.00141393486,1.76424637e-05,1
0.25,210,0.00157600024,0.00142089522,1.77332877e-05,1
0.25,211,0.00158367166,0.00142785744,1.78241644e-05,1
0.25,212,0.00159134518,0.00143482164,1.79151175e-05,1
0.25,213,0.00159902056,0.00144178793,1.80061234e-05,1
0.25,214,0.00160669698,0.00144875539,1.80971929e-05,1
0.25,215,0.00161437597,0.0014557254,1.81883352e-05,1
0.25,216,0.0016220567,0.00146269728,1.82795411e-05,1
0.25,217,0.00162973907,0.00146967091,1.83708144e-05,1
0.25,218,0.00163742295,0.0014766464,1.84621167e-05,1
0.25,219,0.00164510892,0.00148362387,1.85535137e-05,1
0.25,220,0.00165279652,0.00149060308,1.86449724e-05,1
0.25,221,0.00166048575,0.00149758405,1.87364749e-05,1
0.25,222,0.00166817755,0.00150456734,1.88280665e-05,1
0.25,223,0.00167587039,0.00151155225,1.89197053e-05,1
0.25,224,0.00168356556,0.00151853927,1.90114042e-05,1
0.25,225,0.00169126177,0.00152552756,1.91031631e-05,1
0.25,226,0.00169896008,0.00153251807,1.91950003e-05,1
0.25,227,0.00170665979,0.00153951044,1.92868793e-05,1
0.25,228,0.0017143623,0.00154650502,1.9378851e-05,1
0.25,229,0.0017220662,0.00155350147,1.94708591e-05,1
0.25,230,0.00172977149,0.00156049919,1.95629436e-05,1
0.25,231,0.00173747912,0.00156749936,1.96551009e-05,1
0.25,232,0.00174518791,0.00157450116,1.97472855e-05,1
0.25,233,0.00175289903,0.00158150506,1.98395774e-05,1
0.25,234,0.00176061131,0.00158851035,1.99318929e-05,1
0.25,235,0.00176832592,0.00159551809,2.00242994e-05,1
0.25,236,0.00177604181,0.00160252722,2.01167586e-05,1
0.25,237,0.00178376026,0.00160953891,2.02092979e-05,1
0.25,238,0.00179148046,0.00161655224,2.0301879e-05,1
0.25,239,0.00179920183,0.00162356708,2.03945328e-05,1
0.25,240,0.00180692528,0.00163058401,2.0487254e-05,1
0.25,241,0.00181465037,0.00163760304,2.05800316e-05,1
0.25,242,0.00182237767,0.00164462382,2.06728691e-05,1
0.25,243,0.00183010602,0.00165164634,2.07657722e-05,1
0.25,244,0.00183783658,0.00165867084,2.08587517e-05,1
0.25,245,0.00184556958,0.00166569755,2.09517875e-05,1
0.25,246,0.00185330375,0.00167272612,2.10448852e-05,1
0.25,247,0.00186103943,0.0016797561,2.11380466e-05,1
0.25,248,0.00186877733,0.00168678816,2.12312625e-05,1
0.25,249,0.0018765165,0.00169382198,2.13245603e-05,1
0.25,250,0.00188425789,0.001700858,2.14178999e-05,1
0.25,251,0.0018920009,0.00170789554,2.15113232e-05,1
0.25,252,0.00189974648,0.00171493553,2.16048156e-05,1
0.25,253,0.00190749275,0.00172197702,2.16983535e-05,1
0.25,254,0.00191524113,0.00172902015,2.17919533e-05,1
0.25,255,0.00192299229,0.00173606654,2.18856421e-05,1
0.25,256,0.00193074369,0.00174311292,2.19793601e-05,1
0.25,257,0.00193849741,0.00175016199,2.20731654e-05,1
0.25,258,0.00194625324,0.00175721326,2.21670252e-05,1
0.25,259,0.00195401069,0.00176426629,2.22609542e-05,1
0.25,260,0.0019617707,0.00177132152,2.23549687e-05,1
0.25,261,0.00196953164,0.00177837815,2.24490232e-05,1
0.25,262,0.00197729352,0.00178543606,2.25431122e-05,1
0.25,263,0.00198505912,0.00179249712,2.26373249e-05,1
0.25,264,0.00199282519,0.00179955922,2.27315431e-05,1
0.25,265,0.00200059311,0.00180662342,2.2825865e-05,1
0.25,266,0.00200836291,0.00181368948,2.29202396e-05,1
0.25,267,0.00201613503,0.00182075799,2.3014667e-05,1
0.25,268,0.00202390854,0.00182782754,2.31091744e-05,1
0.25,269,0.00203168439,0.00183489989,2.32037528e-05,1
0.25,270,0.00203946093,0.00184197328,2.32983657e-05,1
0.25,271,0.00204724073,0.00184904924,2.33930732e-05,1
0.25,272,0.00205502147,0.00185612659,2.34878353e-05,1
0.25,273,0.00206280407,0.0018632065,2.35826774e-05,1
0.25,274,0.00207058829,0.00187028747,2.36775431e-05,1
0.25,275,0.00207837531,0.00187737145,2.37725199e-05,1
0.25,276,0.0020861635,0.00188445672,2.38675402e-05,1
0.25,277,0.00209395308,0.00189154362,2.39626243e-05,1
0.25,278,0.00210174406,0.00189863192,2.40577556e-05,1
0.25,279,0.00210953783,0.00190572336,2.41529724e-05,1
0.25,280,0.00211733347,0.00191281643,2.42482492e-05,1
0.25,281,0.00212513003,0.00191991078,2.43435934e-05,1
0.25,282,0.00213292893,0.00192700746,2.44389921e-05,1
0.25,283,0.00214073015,0.00193410646,2.45344818e-05,1
0.25,284,0.00214853231,0.00194120675,2.46300169e-05,1
0.25,285,0.00215633679,0.00194830913,2.47256157e-05,1
0.25,286,0.00216414221,0.00195541303,2.48212691e-05,1
0.25,287,0.00217194995,0.00196251879,2.49169952e-05,1
0.25,288,0.00217976002,0.0019696271,2.50128123e-05,1
0.25,289,0.00218757149,0.00197673682,2.51086494e-05,1
0.25,290,0.00219538482,0.0019838491,2.52045738e-05,1
0.25,291,0.00220319955,0.00199096254,2.53005692e-05,1
0.25,292,0.00221101684,0.00199807854,2.53966355e-05,1
0.25,293,0.00221883552,0.00200519594,2.54927436e-05,1
0.25,294,0.00222665537,0.00201231521,2.55889172e-05,1
0.25,295,0.00223447802,0.00201943656,2.56851672e-05,1
0.25,296,0.00224230159,0.00202655979,2.57814681e-05,1
0.25,297,0.00225012796,0.00203368487,2.58778491e-05,1
0.25,298,0.00225795596,0.00204081251,2.59742974e-05,1
0.25,299,0.00226578512,0.00204794109,2.60708039e-05,1
0.25,300,0.00227361685,0.00205507246,2.61673922e-05,1
0.25,301,0.0022814495,0.00206220476,2.62640169e-05,1
0.25,302,0.00228928449,0.00206933962,2.63607108e-05,1
0.25,303,0.00229712087,0.00207647588,2.64574683e-05,1
0.25,304,0.00230496004,0.00208361493,2.65543404e-05,1
0.25,305,0.00231279945,0.00209075492,2.66512088e-05,1
0.25,306,0.00232064212,0.00209789746,2.67481919e-05,1
0.25,307,0.00232848641,0.00210504187,2.68452059e-05,1
0.25,308,0.00233633211,0.00211218814,2.69423072e-05,1
0.25,309,0.00234417943,0.00211933604,2.70394667e-05,1
0.25,310,0.00235202862,0.00212648604,2.71366916e-05,1
0.25,311,0.00235988013,0.0021336379,2.72339803e-05,1
0.25,312,0.00236773235,0.00214079116,2.73313217e-05,1
0.25,313,0.00237558805,0.00214794767,2.74287631e-05,1
0.25,314,0.00238344423,0.00215510512,2.75262355e-05,1
0.25,315,0.00239130203,0.00216226419,2.76237824e-05,1
0.25,316,0.00239916285,0.00216942606,2.77213967e-05,1
0.25,317,0.00240702555,0.0021765898,2.78190964e-05,1
0.25,318,0.00241488917,0.00218375493,2.79168362e-05,1
0.25,319,0.00242275465,0.00219092215,2.80146633e-05,1
0.25,320,0.00243062223,0.00219809101,2.81125394e-05,1
0.25,321,0.00243849098,0.00220526196,2.82104756e-05,1
0.25,322,0.00244636252,0.00221243524,2.83084973e-05,1
0.25,323,0.00245423522,0.00221960992,2.84065554e-05,1
0.25,324,0.00246211002,0.00222678669,2.85047136e-05,1
0.25,325,0.00246998691,0.00223396579,2.86029208e-05,1
0.25,326,0.00247786427,0.00224114582,2.87011699e-05,1
0.25,327,0.00248574442,0.00224832818,2.87995044e-05,1
0.25,328,0.0024936269,0.00225551287,2.88979118e-05,1
0.25,329,0.00250151055,0.00226269918,2.89963991e-05,1
0.25,330,0.00250939606,0.0022698876,2.90949283e-05,1
0.25,331,0.00251728389,0.00227707811,2.91935448e-05,1
0.25,332,0.0025251722,0.00228426955,2.92921995e-05,1
0.25,333,0.00253306353,0.00229146355,2.93909252e-05,1
0.25,334,0.00254095648,0.00229865988,2.94897236e-05,1
0.25,335,0.00254885177,0.00230585807,2.95886202e-05,1
0.25,336,0.00255674729,0.00231305719,2.96875332e-05,1
0.25,337,0.0025646463,0.00232025934,2.97865354e-05,1
0.25,338,0.00257254625,0.00232746289,2.98855921e-05,1
0.25,339,0.00258044829,0.00233466877,2.99847306e-05,1
0.25,340,0.00258835196,0.00234187581,3.00838947e-05,1
0.25,341,0.00259625702,0.00234908494,3.01831733e-05,1
0.25,342,0.00260416418,0.00235629641,3.02824938e-05,1
0.25,343,0.00261207391,0.00236350996,3.03818942e-05,1
0.25,344,0.00261998503,0.00237072492,3.0481353e-05,1
0.25,345,0.00262789754,0.00237794174,3.0580879e-05,1
0.25,346,0.00263581239,0.00238516112,3.06804795e-05,1
0.25,347,0.00264372909,0.0023923819,3.07801347e-05,1
0.25,348,0.00265164673,0.0023996043,3.08798481e-05,1
0.25,349,0.00265956717,0.00240682974,3.09796451e-05,1
0.25,350,0.00266748876,0.0024140561,3.10794931e-05,1
0.25,351,0.00267541222,0.00242128456,3.1179432e-05,1
0.25,352,0.00268333848,0.00242851535,3.127944e-05,1
0.25,353,0.0026912652,0.00243574753,3.13794735e-05,1
0.25,354,0.00269919471,0.00244298228,3.14796052e-05,1
0.25,355,0.00270712585,0.00245021842,3.15798097e-05,1
0.25,356,0.00271505746,0.00245745596,3.16800179e-05,1
0.25,357,0.00272299303,0.00246469676,3.17803679e-05,1
0.25,358,0.00273092953,0.00247193896,3.18807506e-05,1
0.25,359,0.00273886835,0.00247918302,3.19812025e-05,1
0.25,360,0.00274680764,0.00248642871,3.20817198e-05,1
0.25,361,0.0027547495,0.00249367626,3.218231e-05,1
0.25,362,0.00276269345,0.00250092638,3.22829655e-05,1
0.25,363,0.00277063926,0.00250817789,3.23836866e-05,1
0.25,364,0.00277858647,0.00251543173,3.2484495e-05,1
0.25,365,0.00278653554,0.00252268719,3.25853543e-05,1
0.25,366,0.00279448647,0.00252994476,3.26862646e-05,1
0.25,367,0.0028024395,0.00253720442,3.27872622e-05,1
0.25,368,0.00281039393,0.00254446547,3.2888307e-05,1
0.25,369,0.00281835091,0.00255172886,3.29894465e-05,1
0.25,370,0.00282630906,0.00255899387,3.30906223e-05,1
0.25,371,0.00283426931,0.00256626122,3.31918927e-05,1
0.25,372,0.00284223049,0.00257352972,3.32931959e-05,1
0.25,373,0.00285019446,0.00258080079,3.33945936e-05,1
0.25,374,0.0028581596,0.00258807372,3.34960205e-05,1
0.25,375,0.00286612823,0.00259534921,3.35975856e-05,1
0.25,376,0.00287409709,0.00260262564,3.36991616e-05,1
0.25,377,0.00288206851,0.00260990439,3.38008322e-05,1
0.25,378,0.0028900404,0.00261718454,3.39025391e-05,1
0.25,379,0.00289801531,0.00262446748,3.40043334e-05,1
0.25,380,0.00290599186,0.00263175182,3.41062005e-05,1
0.25,381,0.00291397097,0.00263903872,3.4208133e-05,1
0.25,382,0.00292195054,0.00264632655,3.43101383e-05,1
0.25,383,0.0029299329,0.00265361741,3.441218e-05,1
0.25,384,0.00293791713,0.00266090967,3.45143126e-05,1
0.25,385,0.00294590229,0.00266820379,3.46165034e-05,1
0.25,386,0.00295388978,0.00267549977,3.47187597e-05,1
0.25,387,0.00296187913,0.00268279761,3.48210851e-05,1
0.25,388,0.00296987034,0.00269009778,3.49234979e-05,1
0.25,389,0.00297786365,0.00269739982,3.50259616e-05,1
0.25,390,0.00298585766,0.00270470325,3.51284834e-05,1
0.25,391,0.00299385563,0.00271200994,3.52311035e-05,1
0.25,392,0.00300185336,0.00271931733,3.53337746e-05,1
0.25,393,0.00300985295,0.00272662612,3.5436482e-05,1
0.25,394,0.00301785558,0.00273393816,3.55392913e-05,1
0.25,395,0.00302586006,0.00274125184,3.5642166e-05,1
0.25,396,0.00303386571,0.00274856761,3.57450917e-05,1
0.25,397,0.00304187252,0.00275588408,3.58480902e-05,1
0.25,398,0.00304988259,0.00276320404,3.5951176e-05,1
0.25,399,0.00305789337,0.00277052494,3.60543236e-05,1
0.25,400,0.00306590716,0.00277784886,3.61575294e-05,1
0.25,401,0.00307392143,0.00278517348,3.62607934e-05,1
0.25,402,0.00308193848,0.00279250089,3.63641484e-05,1
0.25,403,0.00308995717,0.00279982993,3.64675543e-05,1
0.25,404,0.00309797749,0.00280716061,3.65710439e-05,1
0.25,405,0.00310599944,0.00281449361,3.66745553e-05,1
0.25,406,0.00311402441,0.00282182894,3.6778205e-05,1
0.25,407,0.00312205032,0.00282916543,3.68818692e-05,1
0.25,408,0.00313007785,0.00283650425,3.69856134e-05,1
0.25,409,0.00313810771,0.00284384494,3.70894377e-05,1
0.25,410,0.00314613897,0.00285118772,3.71933311e-05,1
0.25,411,0.0031541721,0.00285853189,3.72972863e-05,1
0.25,412,0.00316220708,0.0028658784,3.74012998e-05,1
0.25,413,0.00317024393,0.00287322677,3.75054078e-05,1
0.25,414,0.00317828334,0.0028805777,3.76095559e-05,1
0.25,415,0.00318632345,0.00288792932,3.77137767e-05,1
0.25,416,0.00319436612,0.00289528398,3.7818063e-05,1
0.25,417,0.00320241065,0.00290264073,3.79224293e-05,1
0.25,418,0.00321045634,0.00290999841,3.80268539e-05,1
0.25,419,0.00321850483,0.00291735888,3.81313657e-05,1
0.25,420,0.00322655449,0.00292472076,3.82359249e-05,1
0.25,421,0.00323460624,0.00293208519,3.83405677e-05,1
0.25,422,0.00324265938,0.00293945055,3.84452505e-05,1
0.25,423,0.00325071486,0.00294681871,3.85500389e-05,1
0.25,424,0.0032587715,0.00295418827,3.86548636e-05,1
0.25,425,0.00326683023,0.00296156015,3.8759772e-05,1
0.25,426,0.00327489106,0.00296893343,3.88647386e-05,1
0.25,427,0.00328295422,0.00297630974,3.89697852e-05,1
0.25,428,0.00329101784,0.00298368628,3.90748901e-05,1
0.25,429,0.00329908403,0.00299106631,3.91800822e-05,1
0.25,430,0.00330715301,0.00299844844,3.92853581e-05,1
0.25,431,0.00331522292,0.00300583174,3.93906557e-05,1
0.25,432,0.00332329399,0.00301321642,3.94960298e-05,1
0.25,433,0.00333136762,0.00302060368,3.96014766e-05,1
0.25,434,0.00333944429,0.00302799372,3.97070071e-05,1
0.25,435,0.00334752118,0.00303538539,3.98126249e-05,1
0.25,436,0.00335560087,0.0030427787,3.99182827e-05,1
0.25,437,0.00336368172,0.00305017387,4.00240024e-05,1
0.25,438,0.00337176467,0.0030575709,4.01298166e-05,1
0.25,439,0.00337984902,0.00306496955,4.02356563e-05,1
0.25,440,0.00338793569,0.00307237078,4.03416052e-05,1
0.25,441,0.00339602376,0.00307977339,4.0447605e-05,1
0.25,442,0.00340411346,0.00308717834,4.05536666e-05,1
0.25,443,0.00341220619,0.00309458538,4.06598192e-05,1
0.25,444,0.00342030032,0.00310199428,4.07660482e-05,1
0.25,445,0.00342839654,0.00310940528,4.08723208e-05,1
0.25,446,0.00343649322,0.00311681745,4.09786444e-05,1
0.25,447,0.00344459293,0.00312423287,4.10850735e-05,1
0.25,448,0.00345269404,0.00313164899,4.11915717e-05,1
0.25,449,0.00346079748,0.00313906791,4.12981353e-05,1
0.25,450,0.00346890278,0.00314648845,4.14047245e-05,1
0.25,451,0.00347700994,0.00315391133,4.15114409e-05,1
0.25,452,0.00348511734,0.00316133467,4.16181829e-05,1
0.25,453,0.00349322846,0.00316876196,4.17250085e-05,1
0.25,454,0.00350134028,0.00317618996,4.18319214e-05,1
0.25,455,0.00350945513,0.00318362052,4.19388925e-05,1
0.25,456,0.00351757114,0.0031910527,4.20459364e-05,1
0.25,457,0.00352568855,0.00319848675,4.21530276e-05,1
0.25,458,0.00353380851,0.0032059229,4.22602025e-05,1
0.25,459,0.00354193011,0.00321336114,4.23674719e-05,1
0.25,460,0.00355005311,0.00322080078,4.24747705e-05,1
0.25,461,0.0035581789,0.00322824367,4.25821599e-05,1
0.25,462,0.00356630585,0.00323568704,4.2689604e-05,1
0.25,463,0.00357443467,0.00324313319,4.27971427e-05,1
0.25,464,0.00358256605,0.00325058168,4.29047395e-05,1
0.25,465,0.00359069789,0.00325803086,4.30123873e-05,1
0.25,466,0.00359883392,0.00326548377,4.31201661e-05,1
0.25,467,0.00360696902,0.00327293715,4.32279267e-05,1
0.25,468,0.00361510739,0.00328039285,4.33357782e-05,1
0.25,469,0.00362324761,0.00328785041,4.3443757e-05,1
0.25,470,0.00363138923,0.00329531031,4.35517541e-05,1
0.25,471,0.00363953318,0.00330277183,4.36598239e-05,1
0.25,472,0.00364767946,0.00331023615,4.37679846e-05,1
0.25,473,0.00365582714,0.0033177021,4.38762399e-05,1
0.25,474,0.00366397528,0.00332516851,4.3984488e-05,1
0.25,475,0.00367212645,0.00333263772,4.40928488e-05,1
0.25,476,0.00368027901,0.00334010902,4.42012606e-05,1
0.25,477,0.00368843437,0.00334758288,4.43097852e-05,1
0.25,478,0.00369659066,0.00335505791,4.4418317e-05,1
0.25,479,0.00370475044,0.0033625362,4.45269907e-05,1
0.25,480,0.00371291023,0.00337001542,4.46356935e-05,1
0.25,481,0.00372107234,0.00337749626,4.47444399e-05,1
0.25,482,0.00372923631,0.00338497944,4.48533101e-05,1
0.25,483,0.00373740215,0.00339246448,4.49622094e-05,1
0.25,484,0.00374556938,0.00339995138,4.50711741e-05,1
0.25,485,0.00375374034,0.00340744155,4.51802553e-05,1
0.25,486,0.00376191153,0.00341493264,4.52894055e-05,1
0.25,487,0.00377008482,0.00342242559,4.53985813e-05,1
0.25,488,0.0037782602,0.00342992088,4.55078516e-05,1
0.25,489,0.00378643721,0.00343741756,4.56171911e-05,1
0.25,490,0.00379461539,0.0034449161,4.57265851e-05,1
0.25,491,0.00380279683,0.00345241744,4.58360773e-05,1
0.25,492,0.00381097989,0.00345992041,4.5945606e-05,1
0.25,493,0.00381916482,0.0034674257,4.6055251e-05,1
0.25,494,0.00382734998,0.00347493193,4.61649215e-05,1
0.25,495,0.00383553887,0.00348244119,4.62746793e-05,1
0.25,496,0.00384372845,0.0034899516,4.63844954e-05,1
0.25,497,0.00385192176,0.00349746575,4.64944205e-05,1
0.25,498,0.00386011461,0.00350497966,4.66043894e-05,1
0.25,499,0.00386830978,0.00351249566,4.67143946e-05,1
0.25,500,0.00387650775,0.0035200147,4.6824498e-05,1
0.25,501,0.00388470758,0.00352753559,4.69347142e-05,1
0.25,502,0.00389290741,0.00353505742,4.70449413e-05,1
0.25,503,0.0039011105,0.00354258181,4.71552376e-05,1
0.25,504,0.00390931591,0.00355010899,4.72656611e-05,1
0.25,505,0.0039175218,0.00355763664,4.73760774e-05,1
0.25,506,0.00392573141,0.00356516801,4.74866574e-05,1
0.25,507,0.00393394055,0.00357269961,4.75972192e-05,1
0.25,508,0.00394215388,0.00358023494,4.77078975e-05,1
0.25,509,0.00395036861,0.00358777121,4.78186412e-05,1
0.25,510,0.00395858428,0.00359530933,4.79294649e-05,1
0.25,511,0.00396680273,0.00360285072,4.80403469e-05,1
0.25,512,0.00397502258,0.0036103928,4.81513307e-05,1
0.25,513,0.00398324244,0.00361793581,4.82623036e-05,1
0.25,514,0.00399146741,0.00362548302,4.83734511e-05,1
0.25,515,0.00399969239,0.00363303116,4.84845805e-05,1
0.25,516,0.00400791969,0.00364058185,4.85958299e-05,1
0.25,517,0.00401614886,0.00364813325,4.87071338e-05,1
0.25,518,0.00402438035,0.00365568814,4.88185142e-05,1
0.25,519,0.00403261324,0.00366324442,4.89299782e-05,1
0.25,520,0.00404084707,0.00367080187,4.90414932e-05,1
0.25,521,0.00404908322,0.00367836142,4.91530627e-05,1
0.25,522,0.00405732263,0.00368592469,4.92647778e-05,1
0.25,523,0.00406556204,0.00369348819,4.93765001e-05,1
0.25,524,0.00407380518,0.00370105496,4.94882843e-05,1
0.25,525,0.00408204831,0.00370862195,4.96001594e-05,1
0.25,526,0.00409029424,0.00371619221,4.97120927e-05,1
0.25,527,0.0040985411,0.00372376386,4.98240952e-05,1
0.25,528,0.00410679076,0.00373133738,4.99362068e-05,1
0.25,529,0.00411504321,0.00373891438,5.00483875e-05,1
0.25,530,0.00412329612,0.00374649232,5.01606191e-05,1
0.25,531,0.00413155183,0.00375407259,5.02729381e-05,1
0.25,532,0.00413980801,0.00376165356,5.03852607e-05,1
0.25,533,0.00414806651,0.00376923685,5.04977215e-05,1
0.25,534,0.00415632688,0.0037768227,5.06102151e-05,1
0.25,535,0.0041645905,0.00378441112,5.07228106e-05,1
0.25,536,0.00417285506,0.0037920014,5.08354933e-05,1
0.25,537,0.00418112054,0.00379959238,5.09482015e-05,1
0.25,538,0.00418938929,0.00380718615,5.10610298e-05,1
0.25,539,0.00419765897,0.00381478202,5.11738908e-05,1
0.25,540,0.00420593191,0.00382238021,5.12868064e-05,1
0.25,541,0.00421420624,0.00382998073,5.1399893e-05,1
0.25,542,0.00422248058,0.00383758126,5.15129177e-05,1
0.25,543,0.00423075911,0.00384518551,5.16260989e-05,1
0.25,544,0.00423903763,0.00385279069,5.17393237e-05,1
0.25,545,0.00424731849,0.00386039773,5.18526176e-05,1
0.25,546,0.0042556026,0.00386800803,5.19660171e-05,1
0.25,547,0.00426388811,0.00387561996,5.20794492e-05,1
0.25,548,0.00427217595,0.00388323469,5.21929978e-05,1
0.25,549,0.00428046193,0.00389084779,5.23065282e-05,1
0.25,550,0.00428875256,0.00389846554,5.24201896e-05,1
0.25,551,0.00429704646,0.00390608632,5.25339492e-05,1
0.25,552,0.00430534082,0.0039137071,5.26477488e-05,1
0.25,553,0.00431363657,0.00392133091,5.2761603e-05,1
0.25,554,0.00432193559,0.00392895751,5.28756063e-05,1
0.25,555,0.00433023553,0.00393658504,5.2989617e-05,1
0.25,556,0.00433853781,0.00394421443,5.31037003e-05,1
0.25,557,0.00434684008,0.00395184476,5.32178419e-05,1
0.25,558,0.00435514655,0.00395947881,5.33321181e-05,1
0.25,559,0.00436345395,0.00396711426,5.34463907e-05,1
0.25,560,0.00437176228,0.0039747511,5.35607651e-05,1
0.25,561,0.00438007386,0.00398239074,5.36752304e-05,1
0.25,562,0.00438838638,0.00399003178,5.37897395e-05,1
0.25,563,0.00439670216,0.00399767561,5.39043431e-05,1
0.25,564,0.00440501887,0.0040053213,5.40190158e-05,1
0.25,565,0.00441333838,0.00401296932,5.41337758e-05,1
0.25,566,0.00442165975,0.00402061921,5.42485977e-05,1
0.25,567,0.00442998065,0.00402826909,5.43634487e-05,1
0.25,568,0.00443830527,0.0040359227,5.44784125e-05,1
0.25,569,0.0044466313,0.0040435777,5.45934308e-05,1
0.25,570,0.00445495918,0.00405123504,5.47085219e-05,1
0.25,571,0.00446328893,0.0040588947,5.48237113e-05,1
0.25,572,0.00447162054,0.00406655576,5.49389442e-05,1
0.25,573,0.00447995495,0.00407421961,5.50542827e-05,1
0.25,574,0.00448828982,0.0040818844,5.51696648e-05,1
0.25,575,0.00449662842,0.00408955198,5.5285127e-05,1
0.25,576,0.00450496748,0.00409722142,5.54006765e-05,1
0.25,577,0.00451330747,0.00410489179,5.55162478e-05,1
0.25,578,0.00452165119,0.00411256589,5.56319719e-05,1
0.25,579,0.00452999631,0.00412024138,5.57477069e-05,1
0.25,580,0.00453834236,0.00412791781,5.5863522e-05,1
0.25,581,0.00454669259,0.00413559796,5.59794316e-05,1
0.25,582,0.0045550419,0.00414327858,5.60954031e-05,1
0.25,583,0.004563394,0.00415096153,5.62114255e-05,1
0.25,584,0.00457174797,0.0041586468,5.63275498e-05,1
0.25,585,0.00458010472,0.0041663344,5.64437287e-05,1
0.25,586,0.00458846334,0.00417402387,5.65600021e-05,1
0.25,587,0.00459682336,0.00418171519,5.66763483e-05,1
0.25,588,0.00460518524,0.00418940885,5.67927273e-05,1
0.25,589,0.00461354805,0.00419710344,5.6909219e-05,1
0.25,590,0.00462191412,0.00420480082,5.70257871e-05,1
0.25,591,0.00463028252,0.00421250053,5.71424098e-05,1
0.25,592,0.00463865232,0.00422020163,5.7259138e-05,1
0.25,593,0.00464702304,0.0042279046,5.73758844e-05,1
0.25,594,0.00465539657,0.00423561037,5.74927326e-05,1
0.25,595,0.00466377148,0.00424331799,5.76096609e-05,1
0.25,596,0.00467214687,0.00425102608,5.77266255e-05,1
0.25,597,0.00468052691,0.00425873837,5.78437212e-05,1
0.25,598,0.00468890602,0.00426645018,5.7960835e-05,1
0.25,599,0.00469728932,0.00427416619,5.80780506e-05,1
0.25,600,0.00470567401,0.00428188359,5.81953427e-05,1
0.25,601,0.00471406011,0.0042896024,5.83126566e-05,1
0.25,602,0.004722449,0.00429732446,5.84301197e-05,1
0.25,603,0.00473083835,0.00430504745,5.85476118e-05,1
0.25,604,0.00473923003,0.0043127723,5.86651549e-05,1
0.25,605,0.00474762358,0.00432049949,5.87828545e-05,1
0.25,606,0.00475601992,0.00432822853,5.89005394e-05,1
0.25,607,0.00476441765,0.00433596037,5.90183627e-05,1
0.25,608,0.00477281678,0.00434369361,5.91362441e-05,1
0.25,609,0.00478121731,0.00435142824,5.92541364e-05,1
0.25,610,0.00478962157,0.00435916614,5.93721998e-05,1
0.25,611,0.00479802676,0.00436690496,5.94902558e-05,1
0.25,612,0.0048064338,0.00437464658,5.96084355e-05,1
0.25,613,0.00481484272,0.00438239053,5.97266662e-05,1
0.25,614,0.00482325349,0.00439013541,5.98449806e-05,1
0.25,615,0.00483166613,0.00439788308,5.99633604e-05,1
0.25,616,0.00484008063,0.00440563215,6.00818312e-05,1
0.25,617,0.00484849699,0.00441338308,6.02003456e-05,1
0.25,618,0.00485691614,0.00442113681,6.03189546e-05,1
0.25,619,0.00486533623,0.0044288924,6.04376182e-05,1
0.25,620,0.00487375772,0.00443664938,6.05563655e-05,1
0.25,621,0.00488218246,0.00444440916,6.06752219e-05,1
0.25,622,0.00489060907,0.0044521708,6.0794122e-05,1
0.25,623,0.00489903521,0.00445993338,6.09130511e-05,1
0.25,624,0.00490746507,0.00446769921,6.10321404e-05,1
0.25,625,0.00491589587,0.00447546598,6.11512514e-05,1
0.25,626,0.00492432946,0.00448323553,6.12704462e-05,1
0.25,627,0.00493276631,0.00449100789,6.13897428e-05,1
0.25,628,0.00494120317,0.00449878071,6.15090394e-05,1
0.25,629,0.00494964141,0.00450655585,6.16284888e-05,1
0.25,630,0.00495808339,0.00451433379,6.17479527e-05,1
0.25,631,0.00496652676,0.0045221136,6.18675258e-05,1
0.25,632,0.00497497153,0.00452989526,6.19871716e-05,1
0.25,633,0.00498341676,0.00453767739,6.2106832e-05,1
0.25,634,0.00499186572,0.00454546325,6.22266671e-05,1
0.25,635,0.00500031654,0.00455325143,6.23465166e-05,1
0.25,636,0.00500876876,0.00456104055,6.24664317e-05,1
0.25,637,0.0050172233,0.00456883246,6.25864777e-05,1
0.25,638,0.00502567831,0.00457662484,6.27065165e-05,1
0.25,639,0.00503413705,0.0045844214,6.28266716e-05,1
0.25,640,0.00504259672,0.00459221844,6.29469287e-05,1
0.25,641,0.00505105732,0.00460001733,6.30672002e-05,1
0.25,642,0.00505952165,0.00460781995,6.31876173e-05,1
0.25,643,0.00506798737,0.00461562304,6.33080708e-05,1
0.25,644,0.00507645635,0.00462342985,6.34286116e-05,1
0.25,645,0.00508492487,0.0046312362,6.35491888e-05,1
0.25,646,0.00509339757,0.00463904766,6.36699115e-05,1
0.25,647,0.00510186935,0.0046468582,6.37906269e-05,1
0.25,648,0.00511034392,0.00465467107,6.39114587e-05,1
0.25,649,0.00511882128,0.00466248766,6.40323851e-05,1
0.25,650,0.00512730097,0.00467030611,6.41533406e-05,1
0.25,651,0.0051357816,0.00467812549,6.42743762e-05,1
0.25,652,0.00514426315,0.00468594674,6.43954845e-05,1
0.25,653,0.0051527489,0.00469377171,6.45167165e-05,1
0.25,654,0.00516123511,0.00470159762,6.46379776e-05,1
0.25,655,0.00516972225,0.00470942352,6.47593188e-05,1
0.25,656,0.00517821312,0.00471725361,6.48807327e-05,1
0.25,657,0.00518670492,0.00472508604,6.50022266e-05,1
0.25,658,0.00519519998,0.00473292079,6.51238515e-05,1
0.25,659,0.00520369411,0.00474075461,6.52454619e-05,1
0.25,660,0.00521219335,0.00474859402,6.5367145e-05,1
0.25,661,0.005220694,0.00475643482,6.54890246e-05,1
0.25,662,0.00522919558,0.00476427656,6.5610875e-05,1
0.25,663,0.00523769809,0.00477211969,6.57327837e-05,1
0.25,664,0.00524620386,0.00477996608,6.58547942e-05,1
0.25,665,0.00525471056,0.00478781387,6.59769285e-05,1
0.25,666,0.00526322052,0.00479566399,6.60990918e-05,1
0.25,667,0.00527173141,0.0048035169,6.62213642e-05,1
0.25,668,0.00528024463,0.00481137075,6.63436804e-05,1
0.25,669,0.00528875971,0.00481922692,6.6466062e-05,1
0.25,670,0.00529727573,0.00482708449,6.65885673e-05,1
0.25,671,0.005305795,0.00483494485,6.67110799e-05,1
0.25,672,0.00531431567,0.00484280707,6.68337379e-05,1
0.25,673,0.0053228382,0.0048506707,6.69564033e-05,1
0.25,674,0.00533136167,0.00485853758,6.70791851e-05,1
0.25,675,0.00533988979,0.00486640679,6.72020469e-05,1
0.25,676,0.00534841744,0.00487427646,6.73249597e-05,1
0.25,677,0.00535694789,0.0048821494,6.74479816e-05,1
0.25,678,0.00536547927,0.0048900228,6.7571018e-05,1
0.25,679,0.00537401251,0.00489789899,6.76941709e-05,1
0.25,680,0.00538254902,0.00490577798,6.7817411e-05,1
0.25,681,0.00539108645,0.00491365883,6.79407094e-05,1
0.25,682,0.00539962761,0.00492154155,6.80641097e-05,1
0.25,683,0.00540816784,0.00492942519,6.81874953e-05,1
0.25,684,0.00541671133,0.0049373121,6.83110629e-05,1
0.25,685,0.00542525668,0.0049452004,6.84346742e-05,1
0.25,686,0.00543380389,0.00495309103,6.85583145e-05,1
0.25,687,0.00544235203,0.00496098259,6.86820858e-05,1
0.25,688,0.00545090484,0.00496887881,6.88059517e-05,1
0.25,689,0.00545945624,0.00497677363,6.89298031e-05,1
0.25,690,0.00546801137,0.00498467265,6.90538145e-05,1
0.25,691,0.00547656836,0.00499257445,6.91778696e-05,1
0.25,692,0.00548512721,0.00500047673,6.93019829e-05,1
0.25,693,0.0054936884,0.00500838179,6.94262053e-05,1
0.25,694,0.00550225144,0.00501628919,6.95505005e-05,1
0.25,695,0.00551081495,0.00502419751,6.96748612e-05,1
0.25,696,0.00551938126,0.00503210817,6.97992946e-05,1
0.25,697,0.00552794989,0.00504002115,6.99237717e-05,1
0.25,698,0.00553652039,0.00504793692,7.00483943e-05,1
0.25,699,0.00554509228,0.0050558541,7.01730387e-05,1
0.25,700,0.0055536665,0.00506377267,7.02977995e-05,1
0.25,701,0.00556224072,0.00507169263,7.0422604e-05,1
0.25,702,0.00557081914,0.00507961679,7.05474959e-05,1
0.25,703,0.00557939801,0.00508754095,7.06724168e-05,1
0.25,704,0.00558798108,0.0050954693,7.0797556e-05,1
0.25,705,0.00559656369,0.00510339765,7.09226006e-05,1
0.25,706,0.00560515001,0.00511133019,7.1047878e-05,1
0.25,707,0.00561373634,0.00511926226,7.117309e-05,1
0.25,708,0.0056223264,0.00512719806,7.1298462e-05,1
0.25,709,0.00563091738,0.00513513526,7.14238849e-05,1
0.25,710,0.00563951023,0.00514307478,7.15493952e-05,1
0.25,711,0.00564810634,0.0051510171,7.16749782e-05,1
0.25,712,0.00565670151,0.00515895942,7.18006195e-05,1
0.25,713,0.00566530041,0.00516690454,7.19263335e-05,1
0.25,714,0.00567390211,0.00517485291,7.20521712e-05,1
0.25,715,0.0056825038,0.00518280221,7.21780161e-05,1
0.25,716,0.00569110923,0.00519075384,7.23039702e-05,1
0.25,717,0.00569971465,0.0051987078,7.2430048e-05,1
0.25,718,0.00570832286,0.0052066627,7.25561404e-05,1
0.25,719,0.0057169334,0.00521462038,7.26823055e-05,1
0.25,720,0.00572554627,0.00522258086,7.2808587e-05,1
0.25,721,0.00573416054,0.00523054227,7.29349704e-05,1
0.25,722,0.00574277714,0.00523850694,7.30613974e-05,1
0.25,723,0.00575139374,0.00524647208,7.31878681e-05,1
0.25,724,0.00576001359,0.00525444001,7.3314397e-05,1
0.25,725,0.00576863578,0.00526241027,7.34410714e-05,1
0.25,726,0.00577725889,0.00527038146,7.35677459e-05,1
0.25,727,0.00578588434,0.00527835637,7.36946022e-05,1
0.25,728,0.00579451304,0.00528633315,7.38214876e-05,1
0.25,729,0.00580314081,0.00529430993,7.39483803e-05,1
0.25,730,0.00581177277,0.0053022909,7.40754622e-05,1
0.25,731,0.005820408,0.00531027466,7.42026168e-05,1
0.25,732,0.00582904276,0.00531825889,7.43298078e-05,1
0.25,733,0.00583767891,0.00532624405,7.44570643e-05,1
0.25,734,0.00584631739,0.00533423154,7.45843863e-05,1
0.25,735,0.00585495774,0.00534222228,7.47117592e-05,1
0.25,736,0.00586360181,0.00535021536,7.48393068e-05,1
0.25,737,0.00587224541,0.0053582089,7.49668397e-05,1
0.25,738,0.00588089274,0.0053662057,7.50945183e-05,1
0.25,739,0.00588954194,0.00537420437,7.52222331e-05,1
0.25,740,0.00589819159,0.00538220489,7.53500281e-05,1
0.25,741,0.00590684358,0.00539020728,7.54778739e-05,1
0.25,742,0.00591549836,0.00539821293,7.56058798e-05,1
0.25,743,0.005924155,0.00540621998,7.57338858e-05,1
0.25,744,0.00593281351,0.00541422935,7.58620736e-05,1
0.25,745,0.00594147295,0.00542223919,7.59902323e-05,1
0.25,746,0.00595013518,0.00543025183,7.61184783e-05,1
0.25,747,0.00595879927,0.00543826725,7.62468117e-05,1
0.25,748,0.00596746523,0.00544628454,7.63752323e-05,1
0.25,749,0.00597613165,0.0054543023,7.65037257e-05,1
0.25,750,0.00598480273,0.00546232471,7.66323137e-05,1
0.25,751,0.00599347427,0.00547034759,7.67609818e-05,1
0.25,752,0.00600214675,0.00547837187,7.68897007e-05,1
0.25,753,0.00601082342,0.0054864008,7.70185507e-05,1
0.25,754,0.00601950008,0.0054944288,7.71473715e-05,1
0.25,755,0.00602818001,0.00550246099,7.72763742e-05,1
0.25,756,0.00603686087,0.00551049504,7.74053915e-05,1
0.25,757,0.00604554499,0.0055185305,7.75345543e-05,1
0.25,758,0.00605422864,0.00552656641,7.76637171e-05,1
0.25,759,0.00606291601,0.00553460699,7.77929672e-05,1
0.25,760,0.00607160619,0.00554264896,7.79223774e-05,1
0.25,761,0.00608029682,0.00555069279,7.8051773e-05,1
0.25,762,0.00608898932,0.00555873848,7.81812851e-05,1
0.25,763,0.00609768368,0.00556678558,7.83108699e-05,1
0.25,764,0.00610637944,0.005574835,7.84405129e-05,1
0.25,765,0.00611508079,0.00558288861,7.85703014e-05,1
0.25,766,0.00612377934,0.00559094176,7.87001482e-05,1
0.25,767,0.00613248255,0.00559899863,7.8830024e-05,1
0.25,768,0.00614118669,0.00560705597,7.8960009e-05,1
0.25,769,0.00614989176,0.00561511517,7.90900085e-05,1
0.25,770,0.00615860056,0.00562317763,7.92201463e-05,1
0.25,771,0.00616731169,0.00563124288,7.93503714e-05,1
0.25,772,0.00617602374,0.00563930906,7.94807056e-05,1
0.25,773,0.0061847372,0.00564737711,7.96110107e-05,1
0.25,774,0.00619345251,0.00565544795,7.97414978e-05,1
0.25,775,0.00620217109,0.00566352019,7.98719775e-05,1
0.25,776,0.00621089106,0.00567159522,8.00026319e-05,1
0.25,777,0.0062196115,0.00567967072,8.01332499e-05,1
0.25,778,0.00622833567,0.00568774994,8.02640498e-05,1
0.25,779,0.00623706216,0.00569583103,8.03948715e-05,1
0.25,780,0.00624578958,0.00570391398,8.05257587e-05,1
0.25,781,0.0062545184,0.00571199832,8.06567987e-05,1
0.25,782,0.00626324862,0.00572008453,8.07878241e-05,1
0.25,783,0.00627198303,0.005728174,8.09190315e-05,1
0.25,784,0.0062807193,0.00573626626,8.10502825e-05,1
0.25,785,0.00628945371,0.00574435666,8.11815044e-05,1
0.25,786,0.00629819371,0.00575245311,8.13129154e-05,1
0.25,787,0.00630693603,0.00576055143,8.14443993e-05,1
0.25,788,0.00631567882,0.00576864975,8.15759049e-05,1
0.25,789,0.00632442348,0.00577675132,8.17075488e-05,1
0.25,790,0.00633316906,0.00578485336,8.18391927e-05,1
0.25,791,0.00634191884,0.00579296052,8.19710185e-05,1
0.25,792,0.00635066815,0.00580106676,8.21028443e-05,1
0.25,793,0.00635942072,0.00580917671,8.22348084e-05,1
0.25,794,0.00636817608,0.00581728853,8.23668452e-05,1
0.25,795,0.00637693284,0.00582540268,8.24989183e-05,1
0.25,796,0.006385691,0.00583351823,8.26311298e-05,1
0.25,797,0.00639445009,0.00584163517,8.27633266e-05,1
0.25,798,0.00640321337,0.00584975537,8.28957054e-05,1
0.25,799,0.00641197851,0.00585787836,8.30281278e-05,1
0.25,800,0.00642074458,0.00586600276,8.31606085e-05,1
0.25,801,0.00642951299,0.00587412948,8.32931837e-05,1
0.25,802,0.00643828139,0.0058822562,8.34257953e-05,1
0.25,803,0.00644705491,0.00589038711,8.35585161e-05,1
0.25,804,0.00645582844,0.00589851942,8.36913387e-05,1
0.25,805,0.00646460429,0.00590665359,8.38242486e-05,1
0.25,806,0.00647338107,0.00591479009,8.39571803e-05,1
0.25,807,0.00648216112,0.00592292799,8.40901848e-05,1
0.25,808,0.00649094256,0.00593106868,8.42233421e-05,1
0.25,809,0.00649972539,0.00593921077,8.43564994e-05,1
0.25,810,0.00650851009,0.00594735518,8.44897368e-05,1
0.25,811,0.00651729945,0.00595550332,8.46231851e-05,1
0.25,812,0.00652608927,0.00596365239,8.47565752e-05,1
0.25,813,0.00653487956,0.0059718024,8.48901182e-05,1
0.25,814,0.00654367357,0.00597995613,8.5023712e-05,1
0.25,815,0.00655246899,0.00598811172,8.51574223e-05,1
0.25,816,0.00656126626,0.00599626824,8.52911544e-05,1
0.25,817,0.00657006493,0.00600442756,8.54249593e-05,1
0.25,818,0.00657886546,0.00601258827,8.55588733e-05,1
0.25,819,0.00658766879,0.00602075225,8.56929255e-05,1
0.25,820,0.00659647491,0.00602891855,8.58269777e-05,1
0.25,821,0.00660527917,0.00603708392,8.59610955e-05,1
0.25,822,0.00661408948,0.00604525488,8.60953514e-05,1
0.25,823,0.00662290072,0.00605342677,8.62296511e-05,1
0.25,824,0.00663171243,0.00606160006,8.63640744e-05,1
0.25,825,0.0066405274,0.0060697766,8.64985268e-05,1
0.25,826,0.00664934516,0.00607795501,8.66331029e-05,1
0.25,827,0.00665816199,0.00608613342,8.67676863e-05,1
0.25,828,0.00666698255,0.00609431602,8.69024298e-05,1
0.25,829,0.00667580497,0.00610250002,8.70372023e-05,1
0.25,830,0.00668462878,0.00611068541,8.71720622e-05,1
0.25,831,0.00669345679,0.00611887546,8.73070458e-05,1
0.25,832,0.00670228433,0.00612706505,8.74420803e-05,1
0.25,833,0.00671111373,0.00613525696,8.75771657e-05,1
0.25,834,0.00671994686,0.00614345213,8.77123675e-05,1
0.25,835,0.00672877952,0.00615164777,8.7847613e-05,1
0.25,836,0.00673761591,0.00615984714,8.79829677e-05,1
0.25,837,0.00674645463,0.00616804836,8.81184314e-05,1
0.25,838,0.00675529242,0.00617624959,8.82539025e-05,1
0.25,839,0.00676413579,0.00618445501,8.83894754e-05,1
0.25,840,0.00677298056,0.00619266322,8.85252157e-05,1
0.25,841,0.00678182486,0.00620087143,8.86609268e-05,1
0.25,842,0.00679067243,0.00620908197,8.87967108e-05,1
0.25,843,0.00679952186,0.00621729577,8.89326693e-05,1
0.25,844,0.00680837268,0.00622550957,8.90686424e-05,1
0.25,845,0.0068172263,0.00623372803,8.92047537e-05,1
0.25,846,0.00682608224,0.00624194741,8.93408942e-05,1
0.25,847,0.00683493959,0.00625016866,8.94771292e-05,1
0.25,848,0.00684379926,0.00625839271,8.96134297e-05,1
0.25,849,0.00685266079,0.00626661908,8.97498176e-05,1
0.25,850,0.00686152373,0.00627484638,8.98863e-05,1
0.25,851,0.00687038898,0.00628307648,9.00228479e-05,1
0.25,852,0.00687925611,0.00629130891,9.01595049e-05,1
0.25,853,0.00688812602,0.00629954226,9.0296191e-05,1
0.25,854,0.00689699501,0.00630777748,9.04329936e-05,1
0.25,855,0.00690586958,0.00631601689,9.05698835e-05,1
0.25,856,0.00691474322,0.00632425584,9.07068388e-05,1
0.25,857,0.00692362105,0.00633249944,9.08439179e-05,1
0.25,858,0.00693249889,0.00634074258,9.0980946e-05,1
0.25,859,0.00694137951,0.00634898897,9.11181778e-05,1
0.25,860,0.00695026433,0.00635723956,9.12554897e-05,1
0.25,861,0.00695914822,0.00636548921,9.13928016e-05,1
0.25,862,0.0069680349,0.00637374306,9.1530288e-05,1
0.25,863,0.00697692297,0.00638199737,9.16677527e-05,1
0.25,864,0.00698581245,0.00639025355,9.18053483e-05,1
0.25,865,0.00699470472,0.00639851252,9.19430386e-05,1
0.25,866,0.00700359978,0.00640677381,9.20808307e-05,1
0.25,867,0.00701249531,0.00641503604,9.22186518e-05,1
0.25,868,0.00702139642,0.00642330386,9.23566549e-05,1
0.25,869,0.00703029521,0.00643156935,9.24946216e-05,1
0.25,870,0.00703919632,0.00643983856,9.26327048e-05,1
0.25,871,0.0070481021,0.0064481115,9.2770897e-05,1
0.25,872,0.00705700694,0.00645638444,9.29091329e-05,1
0.25,873,0.0070659169,0.0064646611,9.30474562e-05,1
0.25,874,0.0070748264,0.00647293869,9.31858885e-05,1
0.25,875,0.00708373683,0.00648121722,9.33243718e-05,1
0.25,876,0.00709265145,0.00648949994,9.34629352e-05,1
0.25,877,0.00710156839,0.00649778498,9.36016368e-05,1
0.25,878,0.00711048674,0.00650607143,9.37403602e-05,1
0.25,879,0.00711940415,0.00651435787,9.38791127e-05,1
0.25,880,0.00712832669,0.00652264943,9.40180616e-05,1
0.25,881,0.00713725062,0.00653094146,9.41570543e-05,1
0.25,882,0.00714617642,0.00653923582,9.42960978e-05,1
0.25,883,0.00715510268,0.00654753204,9.44352214e-05,1
0.25,884,0.00716403453,0.00655583246,9.45745051e-05,1
0.25,885,0.00717296544,0.00656413287,9.47137887e-05,1
0.25,886,0.00718189869,0.00657243608,9.48532033e-05,1
0.25,887,0.00719083287,0.00658074021,9.49926034e-05,1
0.25,888,0.00719977217,0.00658904808,9.51322436e-05,1
0.25,889,0.00720871147,0.00659735734,9.52718838e-05,1
0.25,890,0.00721765356,0.00660566939,9.54115967e-05,1
0.25,891,0.00722659659,0.00661398238,9.55513606e-05,1
0.25,892,0.00723554008,0.00662229676,9.56911899e-05,1
0.25,893,0.00724448916,0.0066306158,9.5831223e-05,1
0.25,894,0.00725343823,0.0066389353,9.59712634e-05,1
0.25,895,0.00726238871,0.00664725667,9.61113692e-05,1
0.25,896,0.00727134058,0.00665557943,9.62515551e-05,1
0.25,897,0.00728029758,0.00666390732,9.63918355e-05,1
0.25,898,0.00728925364,0.00667223474,9.65322906e-05,1
0.25,899,0.00729821343,0.00668056589,9.66726875e-05,1
0.25,900,0.00730717322,0.0066888975,9.68132154e-05,1
0.25,901,0.00731613766,0.0066972319,9.69538596e-05,1
0.25,902,0.00732510164,0.00670556817,9.70945766e-05,1
0.25,903,0.00733406795,0.0067139063,9.72353228e-05,1
0.25,904,0.00734303659,0.0067222463,9.7376178e-05,1
0.25,905,0.00735200802,0.00673059002,9.75171497e-05,1
0.25,906,0.00736098178,0.00673893606,9.76582087e-05,1
0.25,907,0.007369956,0.00674728258,9.7799275e-05,1
0.25,908,0.00737893069,0.00675563049,9.79404067e-05,1
0.25,909,0.00738791004,0.00676398212,9.80817349e-05,1
0.25,910,0.00739689171,0.00677233655,9.82230995e-05,1
0.25,911,0.00740587432,0.00678069144,9.83645587e-05,1
0.25,912,0.00741485786,0.0067890482,9.85060396e-05,1
0.25,913,0.00742384512,0.00679740869,9.86477025e-05,1
0.25,914,0.00743283425,0.00680577056,9.87893654e-05,1
0.25,915,0.00744182384,0.00681413477,9.89311666e-05,1
0.25,916,0.00745081715,0.00682250038,9.90729968e-05,1
0.25,917,0.00745981093,0.00683086831,9.92149289e-05,1
0.25,918,0.00746880658,0.00683923811,9.9356912e-05,1
0.25,919,0.00747780502,0.00684761023,9.94990332e-05,1
0.25,920,0.00748680532,0.00685598422,9.964122e-05,1
0.25,921,0.00749580702,0.00686436146,9.97834577e-05,1
0.25,922,0.00750481291,0.00687274151,9.992587e-05,1
0.25,923,0.00751381926,0.00688112248,0.000100068268,1
0.25,924,0.00752282515,0.00688950298,0.00010021076,1
0.25,925,0.00753183663,0.00689788861,0.000100353376,1
0.25,926,0.00754084811,0.00690627564,0.000100496021,1
0.25,927,0.00754986284,0.00691466499,0.000100638819,1
0.25,928,0.00755887711,0.00692305481,0.000100781603,1
0.25,929,0.00756789558,0.00693144836,0.000100924546,1
0.25,930,0.00757691637,0.00693984469,0.000101067577,1
0.25,931,0.00758593716,0.00694824103,0.000101210615,1
0.25,932,0.00759496074,0.0069566411,0.000101353828,1
0.25,933,0.00760398852,0.00696504442,0.000101497113,1
0.25,934,0.00761301676,0.00697344868,0.0001016405,1
0.25,935,0.0076220464,0.00698185386,0.00010178388,1
0.25,936,0.00763107697,0.00699026184,0.00010192734,1
0.25,937,0.00764011173,0.00699867215,0.00010207099,1
0.25,938,0.00764914602,0.00700708432,0.000102214632,1
0.25,939,0.00765818404,0.00701549836,0.000102358455,1
0.25,940,0.00766722439,0.00702391518,0.000102502243,1
0.25,941,0.0076762652,0.00703233387,0.000102646169,1
0.25,942,0.00768530834,0.00704075443,0.000102790116,1
0.25,943,0.00769435568,0.0070491787,0.000102934304,1
0.25,944,0.00770340115,0.00705760159,0.000103078426,1
0.25,945,0.00771245267,0.00706603099,0.000103222723,1
0.25,946,0.00772150373,0.00707445946,0.000103367049,1
0.25,947,0.00773055758,0.00708289118,0.00010351144,1
0.25,948,0.00773961237,0.00709132385,0.000103656006,1
0.25,949,0.00774866901,0.00709975883,0.000103800558,1
0.25,950,0.00775773032,0.00710819848,0.000103945276,1
0.25,951,0.00776679162,0.00711663812,0.000104090032,1
0.25,952,0.00777585339,0.00712507823,0.00010423483,1
0.25,953,0.00778491702,0.00713352207,0.000104379724,1
0.25,954,0.00779398624,0.00714196917,0.000104524777,1
0.25,955,0.00780305592,0.00715041766,0.000104669874,1
0.25,956,0.00781212561,0.00715886708,0.000104815001,1
0.25,957,0.00782120228,0.00716732256,0.000104960338,1
0.25,958,0.00783027429,0.00717577431,0.000105105602,1
0.25,959,0.00783935096,0.00718423072,0.000105251049,1
0.25,960,0.00784843229,0.00719269086,0.000105396604,1
0.25,961,0.00785751361,0.00720115192,0.000105542218,1
0.25,962,0.00786659587,0.00720961532,0.000105687875,1
0.25,963,0.00787567999,0.00721807964,0.000105833606,1
0.25,964,0.00788476784,0.00722654723,0.000105979459,1
0.25,965,0.00789385661,0.00723501667,0.000106125401,1
0.25,966,0.00790294632,0.00724348705,0.000106271407,1
0.25,967,0.00791204162,0.00725196209,0.000106417509,1
0.25,968,0.00792113505,0.00726043666,0.000106563661,1
0.25,969,0.00793023128,0.00726891449,0.000106709944,1
0.25,970,0.00793933123,0.00727739511,0.000106856292,1
0.25,971,0.00794843212,0.0072858776,0.000107002721,1
0.25,972,0.0079575358,0.00729436334,0.000107149339,1
0.25,973,0.00796663947,0.00730284769,0.00010729584,1
0.25,974,0.00797574595,0.00731133623,0.000107442538,1
0.25,975,0.00798485614,0.00731982803,0.000107589374,1
0.25,976,0.00799396634,0.00732832029,0.000107736225,1
0.25,977,0.0080030784,0.00733681489,0.000107883126,1
0.25,978,0.00801219419,0.00734531274,0.000108030152,1
0.25,979,0.00802131183,0.00735381246,0.000108177286,1
0.25,980,0.00803042948,0.0073623131,0.000108324493,1
0.25,981,0.00803954992,0.00737081561,0.000108471715,1
0.25,982,0.00804867409,0.00737932231,0.000108619148,1
0.25,983,0.00805779733,0.00738782948,0.00010876653,1
0.25,984,0.00806692615,0.00739634084,0.000108914071,1
0.25,985,0.00807605218,0.00740485033,0.000109061708,1
0.25,986,0.0080851838,0.00741336541,0.000109209446,1
0.25,987,0.00809431635,0.00742188189,0.000109357206,1
0.25,988,0.00810345169,0.0074304007,0.000109505097,1
0.25,989,0.0081125889,0.00743892137,0.000109653018,1
0.25,990,0.00812172517,0.00744744251,0.000109801025,1
0.25,991,0.0081308689,0.00745596923,0.000109949258,1
0.25,992,0.00814000797,0.00746449269,0.000110097375,1
0.25,993,0.00814915355,0.00747302268,0.000110245695,1
0.25,994,0.00815830007,0.00748155406,0.000110394067,1
0.25,995,0.00816744845,0.0074900873,0.000110542533,1
0.25,996,0.00817660056,0.0074986238,0.000110691144,1
0.25,997,0.00818575267,0.0075071617,0.000110839799,1
0.25,998,0.00819490664,0.00751570053,0.000110988462,1
0.25,999,0.00820406247,0.00752424169,0.000111137255,1
0.25,1000,0.00821322203,0.00753278658,0.000111286208,1
0.25,1001,0.00822238252,0.00754133239,0.000111435191,1
0.25,1002,0.00823154394,0.00754988007,0.000111584195,1
0.25,1003,0.00824071001,0.00755843101,0.000111733381,1
0.25,1004,0.00824987516,0.00756698241,0.000111882582,1
0.25,1005,0.00825904496,0.00757553894,0.000112031943,1
0.25,1006,0.00826821476,0.00758409454,0.000112181311,1
0.25,1007,0.00827738736,0.00759265386,0.000112330847,1
0.25,1008,0.00828656182,0.00760121457,0.000112480397,1
0.25,1009,0.00829573721,0.00760977715,0.000112629983,1
0.25,1010,0.00830491539,0.00761834206,0.000112779773,1
0.25,1011,0.00831409544,0.00762690976,0.000112929556,1
0.25,1012,0.00832327735,0.00763547886,0.000113079528,1
0.25,1013,0.00833246298,0.00764405122,0.000113229544,1
0.25,1014,0.00834164768,0.00765262358,0.000113379589,1
0.25,1015,0.00835083798,0.00766120106,0.000113529786,1
0.25,1016,0.00836002734,0.00766977808,0.000113680027,1
0.25,1017,0.00836921949,0.00767835788,0.000113830349,1
0.25,1018,0.00837841537,0.00768694188,0.000113980852,1
0.25,1019,0.00838761125,0.00769552588,0.000114131348,1
0.25,1020,0.00839680992,0.00770411268,0.000114281938,1
0.25,1021,0.00840600953,0.00771270134,0.000114432587,1
0.25,1022,0.00841521192,0.00772129279,0.000114583432,1
0.25,1023,0.00842441432,0.00772988377,0.000114734219,1
0.125,0,3.63024446e-05,0,0,1
0.125,1,4.35647598e-05,6.54253745e-06,7.81184895e-08,1
0.125,2,5.08287558e-05,1.30868184e-05,1.56646593e-07,1
0.125,3,5.80944543e-05,1.9632942e-05,2.35056234e-07,1
0.125,4,6.53616007e-05,2.61806308e-05,3.13860653e-07,1
0.125,5,7.26307917e-05,3.27303205e-05,3.92469872e-07,1
0.125,6,7.99015761e-05,3.92818147e-05,4.71136559e-07,1
0.125,7,8.71741577e-05,4.58351169e-05,5.49860772e-07,1
0.125,8,9.44484127e-05,5.23902308e-05,6.28642738e-07,1
0.125,9,0.000101724443,5.89471601e-05,7.07482457e-07,1
0.125,10,0.000109002191,6.55058975e-05,7.86379928e-07,1
0.125,11,0.000116281655,7.20664539e-05,8.65334755e-07,1
0.125,12,0.000123562873,7.86288074e-05,9.44347789e-07,1
0.125,13,0.000130853383,8.5199863e-05,9.99739882e-07,1
0.125,14,0.000138138654,9.17663856e-05,1.07704727e-06,1
0.125,15,0.000145425627,9.83347272e-05,1.15441276e-06,1
0.125,16,0.000152714274,0.000104904859,1.23183599e-06,1
0.125,17,0.000160004711,0.000111476809,1.30931744e-06,1
0.125,18,0.000167296879,0.000118050601,1.38685687e-06,1
0.125,19,0.000174590765,0.000124626167,1.46445427e-06,1
0.125,20,0.000181886397,0.000131203604,1.54211e-06,1
0.125,21,0.000189183658,0.000137782816,1.61982302e-06,1
0.125,22,0.000196482782,0.000144363832,1.69759448e-06,1
0.125,23,0.000203783551,0.000150946682,1.77542393e-06,1
0.125,24,0.000211086153,0.000157531365,1.85331157e-06,1
0.125,25,0.000218390342,0.000164117853,1.93125788e-06,1
0.125,26,0.000225696378,0.000170706146,2.00926115e-06,1
0.125,27,0.000233004102,0.000177296271,2.08732354e-06,1
0.125,28,0.000240313588,0.000183888216,2.16544413e-06,1
0.125,29,0.000247624703,0.000190481936,2.24362202e-06,1
0.125,30,0.000254937651,0.000197077548,2.32186017e-06,1
0.125,31,0.000262252288,0.000203674921,2.40015424e-06,1
0.125,32,0.000269568642,0.000210274098,2.47850767e-06,1
0.125,33,0.0002768868,0.000216875182,2.55692021e-06,1
0.125,34,0.000284206646,0.000223478026,2.63539005e-06,1
0.125,35,0.000291528297,0.000230082689,2.713919e-06,1
0.125,36,0.000298851577,0.000236689186,2.79250571e-06,1
0.125,37,0.000306176575,0.000243297487,2.8711504e-06,1
0.125,38,0.000313503377,0.000249907578,2.94985443e-06,1
0.125,39,0.000320831838,0.000256519532,3.02861645e-06,1
0.125,40,0.000328162161,0.000263133319,3.10743803e-06,1
0.125,41,0.000335494173,0.000269748911,3.18631646e-06,1
0.125,42,0.000342827872,0.000276366307,3.26525515e-06,1
0.125,43,0.00035016326,0.000282985537,3.34425067e-06,1
0.125,44,0.000357500452,0.000289606542,3.42330554e-06,1
0.125,45,0.00036483939,0.000296229438,3.50241862e-06,1
0.125,46,0.000372180046,0.000302854169,3.5815915e-06,1
0.125,47,0.000379522506,0.000309480733,3.66082259e-06,1
0.125,48,0.000386866566,0.000316109043,3.74011142e-06,1
0.125,49,0.000394212489,0.000322739215,3.81945938e-06,1
0.125,50,0.000401560043,0.000329371222,3.89886736e-06,1
0.125,51,0.0004089094,0.000336005061,3.97833264e-06,1
0.125,52,0.000416260504,0.000342640677,4.05785795e-06,1
0.125,53,0.000423613354,0.000349278213,4.13744146e-06,1
0.125,54,0.000430967862,0.000355917466,4.21708364e-06,1
0.125,55,0.000438324176,0.000362558581,4.29678403e-06,1
0.125,56,0.000445682148,0.000369201472,4.37654444e-06,1
0.125,57,0.000453041954,0.000375846255,4.45636306e-06,1
0.125,58,0.000460403448,0.000382492901,4.53624079e-06,1
0.125,59,0.000467766658,0.000389141263,4.61617674e-06,1
0.125,60,0.000475131703,0.000395791547,4.69617271e-06,1
0.125,61,0.000482498348,0.000402443577,4.77622598e-06,1
0.125,62,0.000489866943,0.000409097556,4.85634155e-06,1
0.125,63,0.000497236964,0.000415753224,4.93651305e-06,1
0.125,64,0.000504608965,0.000422410783,5.01674458e-06,1
0.125,65,0.000511982595,0.000429070147,5.09703568e-06,1
0.125,66,0.000519358087,0.000435731432,5.17738499e-06,1
0.125,67,0.00052673521,0.000442394434,5.25779342e-06,1
0.125,68,0.000534114311,0.000449059356,5.33826369e-06,1
0.125,69,0.000541494926,0.000455726084,5.41879126e-06,1
0.125,70,0.000548877229,0.000462394615,5.49937704e-06,1
0.125,71,0.000556261279,0.000469064864,5.58002193e-06,1
0.125,72,0.000563647249,0.00047573715,5.66072777e-06,1
0.125,73,0.000571034907,0.00048241124,5.74149271e-06,1
0.125,74,0.000578424253,0.000489087077,5.82231542e-06,1
0.125,75,0.000585815287,0.000495764718,5.90319814e-06,1
0.125,76,0.000593208126,0.00050244428,5.98414226e-06,1
0.125,77,0.000600602711,0.000509125588,6.06514322e-06,1
0.125,78,0.000607999042,0.000515808759,6.14620285e-06,1
0.125,79,0.000615397119,0.00052249385,6.22732523e-06,1
0.125,80,0.000622797001,0.000529180688,6.30850491e-06,1
0.125,81,0.000630198454,0.000535869331,6.38974325e-06,1
0.125,82,0.000637601886,0.000542559894,6.47104207e-06,1
0.125,83,0.00064500689,0.000549252203,6.55240092e-06,1
0.125,84,0.000652413641,0.000555946375,6.63381979e-06,1
0.125,85,0.000659822254,0.00056264241,6.71529642e-06,1
0.125,86,0.000667232554,0.000569340307,6.79683399e-06,1
0.125,87,0.000674644485,0.000576039951,6.87842976e-06,1
0.125,88,0.000682058278,0.000582741457,6.9600851e-06,1
0.125,89,0.000689473993,0.000589444942,7.04180275e-06,1
0.125,90,0.000696890987,0.000596149941,7.12357632e-06,1
0.125,91,0.000704310078,0.000602857035,7.20541175e-06,1
0.125,92,0.000711730914,0.000609565934,7.28730811e-06,1
0.125,93,0.000719153555,0.000616276753,7.36926449e-06,1
0.125,94,0.000726577826,0.000622989261,7.45127863e-06,1
0.125,95,0.000734003785,0.000629703631,7.5333528e-06,1
0.125,96,0.00074143149,0.000636419863,7.61548972e-06,1
0.125,97,0.000748860941,0.000643137842,7.69768212e-06,1
0.125,98,0.000756292022,0.000649857684,7.77993228e-06,1
0.125,99,0.000763725198,0.000656579505,7.86224973e-06,1
0.125,100,0.000771160005,0.00066330313,7.9446263e-06,1
0.125,101,0.000778596615,0.000670028618,8.02705745e-06,1
0.125,102,0.000786034623,0.000676755677,8.10955044e-06,1
0.125,103,0.000793474726,0.00068348489,8.19210436e-06,1
0.125,104,0.000800916343,0.000690215733,8.2747174e-06,1
0.125,105,0.000808360055,0.000696948613,8.35739411e-06,1
0.125,106,0.000815805397,0.000703683298,8.44012902e-06,1
0.125,107,0.000823252252,0.00071041967,8.52292214e-06,1
0.125,108,0.000830700854,0.000717157847,8.60577438e-06,1
0.125,109,0.000838151551,0.000723898178,8.68869029e-06,1
0.125,110,0.000845603819,0.00073064008,8.77166349e-06,1
0.125,111,0.000853057951,0.00073738402,8.85470126e-06,1
0.125,112,0.000860513537,0.000744129589,8.93779543e-06,1
0.125,113,0.000867971161,0.000750877138,9.02095053e-06,1
0.125,114,0.000875430182,0.000757626258,9.10416475e-06,1
0.125,115,0.000882891298,0.000764377532,9.1874399e-06,1
0.125,116,0.000890353927,0.000771130493,9.27077417e-06,1
0.125,117,0.000897818769,0.000777885609,9.35417302e-06,1
0.125,118,0.000905284891,0.000784642238,9.43763098e-06,1
0.125,119,0.000912752934,0.000791400787,9.52114442e-06,1
0.125,120,0.000920222839,0.000798161316,9.60472244e-06,1
0.125,121,0.000927694142,0.000804923475,9.68835866e-06,1
0.125,122,0.000935167598,0.000811687671,9.77205855e-06,1
0.125,123,0.000942642626,0.000818453613,9.85581937e-06,1
0.125,124,0.0009501194,0.000825221301,9.9396384e-06,1
0.125,125,0.000957597862,0.000831990968,1.00235175e-05,1
0.125,126,0.000965078303,0.000838762557,1.01074565e-05,1
0.125,127,0.000972560316,0.000845535891,1.01914584e-05,1
0.125,128,0.000980044366,0.000852311146,1.02755221e-05,1
0.125,129,0.000987529755,0.00085908809,1.03596431e-05,1
0.125,130,0.000995015842,0.00086586579,1.04526816e-05,1
0.125,131,0.00100250507,0.000872646749,1.05369927e-05,1
0.125,132,0.00100999582,0.000879429164,1.06213593e-05,1
0.125,133,0.00101748854,0.000886213616,1.07057913e-05,1
0.125,134,0.00102498278,0.000892999873,1.07902852e-05,1
0.125,135,0.00103247887,0.000899787992,1.08748363e-05,1
0.125,136,0.0010399766,0.000906577858,1.09594494e-05,1
0.125,137,0.00104747631,0.000913369644,1.10441242e-05,1
0.125,138,0.00105497788,0.000920163468,1.11288609e-05,1
0.125,139,0.00106248085,0.000926958863,1.1213654e-05,1
0.125,140,0.00106998591,0.000933756353,1.12985126e-05,1
0.125,141,0.00107749249,0.000940555532,1.13834294e-05,1
0.125,142,0.00108500093,0.000947356632,1.14684108e-05,1
0.125,143,0.00109251088,0.000954159361,1.15534458e-05,1
0.125,144,0.00110002316,0.00096096436,1.16385509e-05,1
0.125,145,0.00110753672,0.00096777099,1.17237141e-05,1
0.125,146,0.00111505226,0.000974579365,1.18089356e-05,1
0.125,147,0.00112256943,0.000981389778,1.18942162e-05,1
0.125,148,0.00113008881,0.00098820217,1.19795659e-05,1
0.125,149,0.00113760913,0.000995015958,1.2064962e-05,1
0.125,150,0.00114513165,0.00100183184,1.21504345e-05,1
0.125,151,0.00115265581,0.00100864947,1.22359615e-05,1
0.125,152,0.00116018218,0.00101546943,1.23215559e-05,1
0.125,153,0.00116770982,0.00102229067,1.24072012e-05,1
0.125,154,0.00117523933,0.00102911401,1.24929156e-05,1
0.125,155,0.00118277071,0.0010359392,1.25786883e-05,1
0.125,156,0.00119030359,0.00104276615,1.26645227e-05,1
0.125,157,0.00119783846,0.00104959495,1.27504136e-05,1
0.125,158,0.00120537507,0.00105642574,1.28363681e-05,1
0.125,159,0.00121291354,0.0010632585,1.29223899e-05,1
0.125,160,0.00122045365,0.0010700929,1.30084718e-05,1
0.125,161,0.00122799538,0.00107692915,1.30946119e-05,1
0.125,162,0.00123553909,0.00108376727,1.31808119e-05,1
0.125,163,0.00124308479,0.00109060737,1.32670793e-05,1
0.125,164,0.00125063211,0.00109744957,1.33534077e-05,1
0.125,165,0.00125818083,0.00110429316,1.34397887e-05,1
0.125,166,0.00126573164,0.00111113873,1.35262399e-05,1
0.125,167,0.00127328408,0.00111798604,1.36127474e-05,1
0.125,168,0.00128083816,0.00112483534,1.36993149e-05,1
0.125,169,0.00128839456,0.00113168673,1.37859524e-05,1
0.125,170,0.00129595236,0.00113853975,1.38726436e-05,1
0.125,171,0.00130351167,0.00114539452,1.39594003e-05,1
0.125,172,0.00131107296,0.00115225138,1.40462171e-05,1
0.125,173,0.00131863612,0.00115910999,1.41330984e-05,1
0.125,174,0.00132619601,0.00116596592,1.42379049e-05,1
0.125,175,0.00133376289,0.0011728286,1.43250054e-05,1
0.125,176,0.00134133163,0.00117969303,1.44121732e-05,1
0.125,177,0.00134890154,0.00118655898,1.44993992e-05,1
0.125,178,0.00135647354,0.00119342678,1.45866852e-05,1
0.125,179,0.00136404682,0.00120029622,1.46740294e-05,1
0.125,180,0.00137162255,0.00120716821,1.47614428e-05,1
0.125,181,0.00137919968,0.00121404161,1.48489153e-05,1
0.125,182,0.00138677855,0.00122091686,1.49364514e-05,1
0.125,183,0.00139435951,0.00122779422,1.50240494e-05,1
0.125,184,0.00140194199,0.00123467331,1.51117038e-05,1
0.125,185,0.00140952622,0.00124155427,1.51994227e-05,1
0.125,186,0.0014171123,0.0012484371,1.52872053e-05,1
0.125,187,0.00142470037,0.00125532201,1.53750552e-05,1
0.125,188,0.0014322896,0.00126220821,1.54629543e-05,1
0.125,189,0.00143988105,0.00126909686,1.55509224e-05,1
0.125,190,0.00144747412,0.00127598702,1.56389524e-05,1
0.125,191,0.00145506917,0.00128287915,1.57270497e-05,1
0.125,192,0.00146266585,0.00128977315,1.58151997e-05,1
0.125,193,0.00147026416,0.00129666901,1.59034207e-05,1
0.125,194,0.00147786457,0.00130356685,1.59916963e-05,1
0.125,195,0.00148546672,0.00131046656,1.60800391e-05,1
0.125,196,0.00149307004,0.00131736766,1.61684347e-05,1
0.125,197,0.0015006758,0.0013242712,1.62569013e-05,1
0.125,198,0.00150828296,0.00133117638,1.63454315e-05,1
0.125,199,0.0015158921,0.00133808353,1.64340199e-05,1
0.125,200,0.0015235031,0.00134499255,1.65226738e-05,1
0.125,201,0.00153111585,0.00135190354,1.66113896e-05,1
0.125,202,0.00153872999,0.00135881605,1.67001635e-05,1
0.125,203,0.0015463467,0.001365731,1.67890084e-05,1
0.125,204,0.00155396434,0.00137264712,1.68779079e-05,1
0.125,205,0.00156158418,0.00137956557,1.6966871e-05,1
0.125,206,0.0015692059,0.00138648588,1.70558978e-05,1
0.125,207,0.00157682877,0.00139340758,1.71449865e-05,1
0.125,208,0.00158445374,0.00140033138,1.72341352e-05,1
0.125,209,0.00159208092,0.00140725751,1.73233511e-05,1
0.125,210,0.00159970939,0.00141418504,1.74126289e-05,1
0.125,211,0.00160733983,0.00142111455,1.75019686e-05,1
0.125,212,0.00161497202,0.00142804603,1.75913683e-05,1
0.125,213,0.00162260584,0.00143497915,1.76808317e-05,1
0.125,214,0.00163024175,0.00144191459,1.77703605e-05,1
0.125,215,0.00163787929,0.00144885166,1.78599512e-05,1
0.125,216,0.00164551847,0.00145579048,1.79496019e-05,1
0.125,217,0.0016531595,0.00146273116,1.80393126e-05,1
0.125,218,0.00166080229,0.00146967382,1.81290925e-05,1
0.125,219,0.00166844716,0.00147661858,1.82189378e-05,1
0.125,220,0.00167609344,0.00148356485,1.83088341e-05,1
0.125,221,0.00168374181,0.00149051333,1.83988031e-05,1
0.125,222,0.00169139146,0.00149746321,1.84888322e-05,1
0.125,223,0.00169904297,0.00150441506,1.85789249e-05,1
0.125,224,0.00170669693,0.00151136925,1.86690795e-05,1
0.125,225,0.00171435229,0.00151832507,1.87592996e-05,1
0.125,226,0.00172200915,0.00152528274,1.88495742e-05,1
0.125,227,0.001729668,0.00153224217,1.89399234e-05,1
0.125,228,0.00173732883,0.0015392038,1.90303344e-05,1
0.125,229,0.00174499128,0.00154616707,1.91208001e-05,1
0.125,230,0.00175265491,0.00155313173,1.92113275e-05,1
0.125,231,0.00176032132,0.00156009919,1.93019296e-05,1
0.125,232,0.0017679889,0.00156706793,1.93925862e-05,1
0.125,233,0.00177565869,0.00157403888,1.94833119e-05,1
0.125,234,0.00178333011,0.00158101181,1.9574094e-05,1
0.125,235,0.00179100328,0.00158798636,1.96649435e-05,1
0.125,236,0.00179867772,0.00159496244,1.97558529e-05,1
0.125,237,0.00180635462,0.00160194095,1.98468279e-05,1
0.125,238,0.00181403302,0.0016089211,1.99378628e-05,1
0.125,239,0.00182171329,0.00161590311,2.00289651e-05,1
0.125,240,0.00182939554,0.00162288744,2.01201328e-05,1
0.125,241,0.0018370793,0.00162987318,2.02113624e-05,1
0.125,242,0.00184476469,0.00163686078,2.0302652e-05,1
0.125,243,0.00185245194,0.00164385035,2.03940072e-05,1
0.125,244,0.00186014175,0.00165084237,2.04854259e-05,1
0.125,245,0.00186783227,0.00165783544,2.05769047e-05,1
0.125,246,0.00187552511,0.00166483072,2.06684526e-05,1
0.125,247,0.00188321969,0.0016718281,2.07600642e-05,1
0.125,248,0.00189091614,0.00167882699,2.08517376e-05,1
0.125,249,0.00189861399,0.00168582797,2.09434711e-05,1
0.125,250,0.00190631393,0.00169283082,2.103527e-05,1
0.125,251,0.00191401527,0.00169983518,2.11271254e-05,1
0.125,252,0.00192171917,0.0017068421,2.12190571e-05,1
0.125,253,0.00192942435,0.00171385054,2.1311047e-05,1
0.125,254,0.00193713116,0.00172086083,2.14030988e-05,1
0.125,255,0.00194484007,0.00172787299,2.14952161e-05,1
0.125,256,0.00195255084,0.00173488713,2.15873988e-05,1
0.125,257,0.00196026312,0.00174190314,2.1679647e-05,1
0.125,258,0.00196797727,0.00174892112,2.17719553e-05,1
0.125,259,0.00197569327,0.00175594096,2.18643254e-05,1
0.125,260,0.00198341114,0.00176296255,2.19567573e-05,1
0.125,261,0.00199113088,0.00176998635,2.20492657e-05,1
0.125,262,0.00199885154,0.00177701132,2.21418159e-05,1
0.125,263,0.002006575,0.00178403885,2.22344497e-05,1
0.125,264,0.00201430032,0.00179106835,2.23271418e-05,1
0.125,265,0.00202202681,0.00179809937,2.24199066e-05,1
0.125,266,0.00202975539,0.0018051326,2.25127205e-05,1
0.125,267,0.00203748583,0.00181216747,2.26056036e-05,1
0.125,268,0.00204521744,0.00181920384,2.26985449e-05,1
0.125,269,0.00205295137,0.00182624243,2.27915589e-05,1
0.125,270,0.00206068717,0.00183328323,2.28846366e-05,1
0.125,271,0.0020684246,0.00184032565,2.29777761e-05,1
0.125,272,0.00207616412,0.00184737018,2.30709793e-05,1
0.125,273,0.00208390481,0.00185441622,2.31642516e-05,1
0.125,274,0.00209164782,0.00186146435,2.32575785e-05,1
0.125,275,0.00209939224,0.00186851434,2.33509745e-05,1
0.125,276,0.00210713898,0.00187556655,2.34444415e-05,1
0.125,277,0.00211488688,0.00188262004,2.35379648e-05,1
0.125,278,0.00212263688,0.00188967574,2.36315536e-05,1
0.125,279,0.00213038898,0.00189673353,2.37252116e-05,1
0.125,280,0.00213814224,0.00190379273,2.38189223e-05,1
0.125,281,0.0021458976,0.00191085413,2.39127021e-05,1
0.125,282,0.00215365505,0.00191791763,2.40065547e-05,1
0.125,283,0.0021614139,0.00192498276,2.41004636e-05,1
0.125,284,0.00216917461,0.00193204987,2.41944344e-05,1
0.125,285,0.00217693718,0.00193911884,2.4288478e-05,1
0.125,286,0.00218470162,0.00194618956,2.43825834e-05,1
0.125,287,0.00219246768,0.00195326237,2.44767507e-05,1
0.125,288,0.00220023585,0.00196033693,2.45709834e-05,1
0.125,289,0.0022080054,0.00196741358,2.4665278e-05,1
0.125,290,0.00221577706,0.0019744921,2.47596436e-05,1
0.125,291,0.00222355034,0.00198157248,2.48540709e-05,1
0.125,292,0.00223132549,0.00198865426,2.49485674e-05,1
0.125,293,0.0022391025,0.00199573883,2.50431167e-05,1
0.125,294,0.00224688067,0.00200282433,2.51377278e-05,1
0.125,295,0.00225466164,0.00200991263,2.52324262e-05,1
0.125,296,0.00226244424,0.00201700255,2.53271755e-05,1
0.125,297,0.002270228,0.00202409411,2.54219867e-05,1
0.125,298,0.00227801409,0.00203118799,2.5516867e-05,1
0.125,299,0.00228580181,0.00203828327,2.56118074e-05,1
0.125,300,0.00229359139,0.00204538065,2.57068168e-05,1
0.125,301,0.00230138283,0.00205248035,2.58019063e-05,1
0.125,302,0.00230917591,0.00205958146,2.58970322e-05,1
0.125,303,0.00231697084,0.00206668442,2.59922399e-05,1
0.125,304,0.00232476741,0.00207378948,2.60875058e-05,1
0.125,305,0.00233256584,0.00208089617,2.61828391e-05,1
0.125,306,0.00234036613,0.00208800519,2.62782396e-05,1
0.125,307,0.00234816852,0.00209511607,2.6373702e-05,1
0.125,308,0.00235597207,0.00210222835,2.6469228e-05,1
0.125,309,0.00236377819,0.00210934319,2.6564825e-05,1
0.125,310,0.00237158546,0.00211645942,2.66604839e-05,1
0.125,311,0.0023793946,0.00212357775,2.67562027e-05,1
0.125,312,0.0023872063,0.00213069841,2.68520016e-05,1
0.125,313,0.0023950187,0.00213782024,2.69478478e-05,1
0.125,314,0.00240283413,0.00214494485,2.70437777e-05,1
0.125,315,0.00241065025,0.0021520704,2.71397621e-05,1
0.125,316,0.00241846847,0.00215919828,2.72358066e-05,1
0.125,317,0.00242628856,0.00216632802,2.73319238e-05,1
0.125,318,0.0024341105,0.00217345939,2.7428101e-05,1
0.125,319,0.00244193478,0.00218059355,2.75243583e-05,1
0.125,320,0.00244975975,0.00218772865,2.76206629e-05,1
0.125,321,0.00245758705,0.00219486584,2.77170366e-05,1
0.125,322,0.00246541621,0.00220200513,2.78134794e-05,1
0.125,323,0.00247324724,0.00220914651,2.79099841e-05,1
0.125,324,0.00248108036,0.00221628975,2.80065578e-05,1
0.125,325,0.00248891488,0.00222343486,2.81032062e-05,1
0.125,326,0.00249675103,0.00223058159,2.81999055e-05,1
0.125,327,0.0025045895,0.00223773066,2.82966757e-05,1
0.125,328,0.00251242938,0.00224488135,2.83935115e-05,1
0.125,329,0.00252027111,0.00225203391,2.84904127e-05,1
0.125,330,0.00252811494,0.00225918833,2.85873739e-05,1
0.125,331,0.0025359604,0.00226634508,2.86844042e-05,1
0.125,332,0.0025438075,0.00227350323,2.87815037e-05,1
0.125,333,0.00255165645,0.0022806637,2.88786614e-05,1
0.125,334,0.00255950727,0.00228782557,2.89758918e-05,1
0.125,335,0.00256736018,0.00229499,2.9073195e-05,1
0.125,336,0.00257521449,0.00230215606,2.91705546e-05,1
0.125,337,0.00258307066,0.00230932375,2.92679761e-05,1
0.125,338,0.00259092846,0.00231649354,2.9365463e-05,1
0.125,339,0.00259878836,0.00232366519,2.94630227e-05,1
0.125,340,0.00260665035,0.0023308394,2.95606496e-05,1
0.125,341,0.00261451351,0.00233801478,2.96583385e-05,1
0.125,342,0.0026223606,0.00234517548,2.97811384e-05,1
0.125,343,0.00263022771,0.00235235482,2.98790183e-05,1
0.125,344,0.00263809669,0.00235953624,2.99769672e-05,1
0.125,345,0.0026459666,0.00236671884,3.00749707e-05,1
0.125,346,0.0026538393,0.00237390422,3.01730579e-05,1
0.125,347,0.00266171386,0.00238109124,3.02711978e-05,1
0.125,348,0.00266958983,0.00238828012,3.03694214e-05,1
0.125,349,0.00267746788,0.00239547109,3.0467696e-05,1
0.125,350,0.00268534757,0.00240266393,3.05660433e-05,1
0.125,351,0.00269322889,0.00240985816,3.06644506e-05,1
0.125,352,0.0027011123,0.00241705496,3.07629234e-05,1
0.125,353,0.00270899781,0.00242425362,3.08614763e-05,1
0.125,354,0.00271688448,0.00243145367,3.096008e-05,1
0.125,355,0.00272477372,0.00243865629,3.10587639e-05,1
0.125,356,0.00273266411,0.00244586053,3.11574986e-05,1
0.125,357,0.00274055661,0.00245306687,3.12563207e-05,1
0.125,358,0.0027484512,0.00246027508,3.135519e-05,1
0.125,359,0.00275634648,0.00246748468,3.14541139e-05,1
0.125,360,0.00276424456,0.00247469661,3.15531288e-05,1
0.125,361,0.00277214427,0.00248191063,3.16521982e-05,1
0.125,362,0.00278004585,0.00248912629,3.17513441e-05,1
0.125,363,0.00278794905,0.00249634427,3.18505481e-05,1
0.125,364,0.00279585458,0.00250356388,3.19498249e-05,1
0.125,365,0.00280376151,0.00251078513,3.20491527e-05,1
0.125,366,0.0028116703,0.0025180087,3.21485677e-05,1
0.125,367,0.00281958096,0.00252523413,3.2248041e-05,1
0.125,368,0.00282749371,0.00253246189,3.23475833e-05,1
0.125,369,0.00283540739,0.00253969058,3.24471766e-05,1
0.125,370,0.00284332293,0.00254692161,3.25468463e-05,1
0.125,371,0.00285124104,0.00255415472,3.26465815e-05,1
0.125,372,0.00285916124,0.00256138993,3.27464004e-05,1
0.125,373,0.00286708167,0.00256862608,3.28462556e-05,1
0.125,374,0.00287500583,0.00257586571,3.29462055e-05,1
0.125,375,0.00288293115,0.00258310651,3.30462062e-05,1
0.125,376,0.00289085764,0.00259034894,3.31462725e-05,1
0.125,377,0.00289878645,0.00259759347,3.32464042e-05,1
0.125,378,0.00290671713,0.00260483986,3.3346616e-05,1
0.125,379,0.00291464897,0.00261208811,3.34468859e-05,1
0.125,380,0.00292258384,0.00261933892,3.35472323e-05,1
0.125,381,0.00293051964,0.0026265909,3.36476369e-05,1
0.125,382,0.00293845753,0.00263384543,3.37481069e-05,1
0.125,383,0.00294639706,0.0026411016,3.38486498e-05,1
0.125,384,0.00295433868,0.0026483594,3.39492544e-05,1
0.125,385,0.00296228169,0.00265561929,3.40499282e-05,1
0.125,386,0.00297022704,0.00266288151,3.41506639e-05,1
0.125,387,0.00297817402,0.00267014513,3.42514686e-05,1
0.125,388,0.00298612239,0.00267741061,3.43523352e-05,1
0.125,389,0.00299407355,0.00268467865,3.44532928e-05,1
0.125,390,0.00300202589,0.00269194855,3.45542867e-05,1
0.125,391,0.00300998054,0.00269922032,3.46553752e-05,1
0.125,392,0.00301793637,0.00270649348,3.4756511e-05,1
0.125,393,0.00302589359,0.00271376828,3.48577159e-05,1
0.125,394,0.00303385407,0.00272104633,3.49590046e-05,1
0.125,395,0.00304181548,0.00272832531,3.50603477e-05,1
0.125,396,0.00304977875,0.00273560663,3.51617637e-05,1
0.125,397,0.00305774366,0.00274288957,3.52632342e-05,1
0.125,398,0.00306571112,0.00275017507,3.53647811e-05,1
0.125,399,0.00307367952,0.00275746174,3.54663825e-05,1
0.125,400,0.00308165024,0.00276475097,3.55680786e-05,1
0.125,401,0.00308962259,0.0027720416,3.5669822e-05,1
0.125,402,0.00309759681,0.00277933409,3.57716417e-05,1
0.125,403,0.00310557336,0.00278662913,3.58735306e-05,1
0.125,404,0.00311355083,0.00279392535,3.59754631e-05,1
0.125,405,0.0031215311,0.00280122436,3.60774902e-05,1
0.125,406,0.003129513,0.00280852523,3.61795755e-05,1
0.125,407,0.00313749607,0.00281582726,3.628173e-05,1
0.125,408,0.00314548146,0.00282313186,3.63839499e-05,1
0.125,409,0.00315346848,0.00283043808,3.64862426e-05,1
0.125,410,0.00316145737,0.00283774617,3.65885971e-05,1
0.125,411,0.00316944811,0.00284505682,3.66910281e-05,1
0.125,412,0.00317744096,0.00285236887,3.67935245e-05,1
0.125,413,0.0031854345,0.00285968231,3.68960609e-05,1
0.125,414,0.00319343084,0.00286699831,3.69986919e-05,1
0.125,415,0.00320142903,0.00287431618,3.71013884e-05,1
0.125,416,0.00320942909,0.00288163638,3.72041504e-05,1
0.125,417,0.00321743079,0.0028889582,3.73069815e-05,1
0.125,418,0.00322543504,0.00289628259,3.7409889e-05,1
0.125,419,0.00323343975,0.00290360767,3.75128438e-05,1
0.125,420,0.0032414468,0.00291093532,3.76158787e-05,1
0.125,421,0.00324945594,0.00291826483,3.77189826e-05,1
0.125,422,0.00325746718,0.00292559667,3.78221448e-05,1
0.125,423,0.00326547958,0.00293292967,3.79253834e-05,1
0.125,424,0.00327349408,0.002940265,3.80286911e-05,1
0.125,425,0.00328151067,0.00294760242,3.81320642e-05,1
0.125,426,0.00328952866,0.00295494171,3.82355101e-05,1
0.125,427,0.00329754828,0.00296228239,3.83390106e-05,1
0.125,428,0.00330556999,0.00296962564,3.84425948e-05,1
0.125,429,0.0033135938,0.00297697075,3.85462408e-05,1
0.125,430,0.0033216197,0.00298431818,3.86499596e-05,1
0.125,431,0.00332964701,0.00299166678,3.87537366e-05,1
0.125,432,0.00333767571,0.00299901748,3.885759e-05,1
0.125,433,0.00334570697,0.00300637027,3.89615088e-05,1
0.125,434,0.00335373962,0.00301372493,3.90654895e-05,1
0.125,435,0.00336177414,0.00302108168,3.9169543e-05,1
0.125,436,0.00336981122,0.00302844075,3.92736692e-05,1
0.125,437,0.0033778497,0.00303580146,3.9377861e-05,1
0.125,438,0.00338588958,0.00304316357,3.94821254e-05,1
0.125,439,0.00339393178,0.00305052823,3.95864481e-05,1
0.125,440,0.00340197561,0.00305789453,3.96908472e-05,1
0.125,441,0.00341002038,0.00306526246,3.97953045e-05,1
0.125,442,0.0034180684,0.00307263318,3.98998382e-05,1
0.125,443,0.00342611875,0.00308000646,4.00044555e-05,1
0.125,444,0.00343416934,0.00308737997,4.01091274e-05,1
0.125,445,0.00344222225,0.00309475604,4.02138685e-05,1
0.125,446,0.0034502768,0.00310213375,4.03186641e-05,1
0.125,447,0.00345833297,0.00310951332,4.04235434e-05,1
0.125,448,0.00346639194,0.00311689544,4.05284809e-05,1
0.125,449,0.0034744523,0.00312427967,4.06334948e-05,1
0.125,450,0.00348251406,0.00313166506,4.07385814e-05,1
0.125,451,0.00349057838,0.00313905301,4.08437336e-05,1
0.125,452,0.00349864434,0.00314644305,4.09489512e-05,1
0.125,453,0.00350671215,0.00315383472,4.1054238e-05,1
0.125,454,0.00351478206,0.00316122873,4.11595975e-05,1
0.125,455,0.00352285337,0.00316862389,4.12650261e-05,1
0.125,456,0.003530927,0.00317602186,4.13705275e-05,1
0.125,457,0.00353900134,0.00318342098,4.14760871e-05,1
0.125,458,0.00354707823,0.0031908222,4.15817231e-05,1
0.125,459,0.00355515745,0.00319822598,4.16874173e-05,1
0.125,460,0.00356323738,0.00320563093,4.17931878e-05,1
0.125,461,0.00357131963,0.0032130382,4.18990312e-05,1
0.125,462,0.00357940467,0.0032204478,4.20049437e-05,1
0.125,463,0.00358749041,0.0032278588,4.21109289e-05,1
0.125,464,0.00359557802,0.00323527167,4.22169651e-05,1
0.125,465,0.00360366795,0.00324268686,4.23230849e-05,1
0.125,466,0.00361175998,0.00325010438,4.24292739e-05,1
0.125,467,0.00361985341,0.00325752352,4.25355247e-05,1
0.125,468,0.003627948,0.00326494407,4.2641841e-05,1
0.125,469,0.00363604585,0.00327236694,4.2748241e-05,1
0.125,470,0.00364414486,0.00327979191,4.28547028e-05,1
0.125,471,0.00365224527,0.00328721851,4.29612264e-05,1
0.125,472,0.00366034778,0.00329464697,4.30678374e-05,1
0.125,473,0.00366845308,0.00330207869,4.31745102e-05,1
0.125,474,0.00367655931,0.00330951111,4.32812521e-05,1
0.125,475,0.0036846674,0.0033169454,4.33880523e-05,1
0.125,476,0.00369277736,0.00332438201,4.34949252e-05,1
0.125,477,0.00370088895,0.00333182048,4.36018745e-05,1
0.125,478,0.00370900286,0.00333926105,4.37088893e-05,1
0.125,479,0.00371711841,0.00334670348,4.38159914e-05,1
0.125,480,0.00372523582,0.00335414778,4.39231444e-05,1
0.125,481,0.00373335555,0.0033615944,4.40303702e-05,1
0.125,482,0.00374147645,0.00336904242,4.41376542e-05,1
0.125,483,0.00374959945,0.003376493,4.42450255e-05,1
0.125,484,0.00375772431,0.00338394498,4.4352455e-05,1
0.125,485,0.00376585079,0.00339139928,4.44599646e-05,1
0.125,486,0.00377397984,0.00339885568,4.4567536e-05,1
0.125,487,0.00378211029,0.00340631371,4.46751765e-05,1
0.125,488,0.00379024167,0.00341377337,4.47829007e-05,1
0.125,489,0.00379837654,0.00342123583,4.48906758e-05,1
0.125,490,0.00380651234,0.00342869945,4.49985309e-05,1
0.125,491,0.00381464977,0.0034361654,4.51064479e-05,1
0.125,492,0.00382278906,0.00344363344,4.52144304e-05,1
0.125,493,0.00383093045,0.00345110311,4.53225002e-05,1
0.125,494,0.00383907417,0.00345857511,4.54306428e-05,1
0.125,495,0.00384721882,0.00346604851,4.55388363e-05,1
0.125,496,0.00385536556,0.003473524,4.56471025e-05,1
0.125,497,0.00386351533,0.00348100276,4.57554561e-05,1
0.125,498,0.00387166534,0.00348848198,4.58638533e-05,1
0.125,499,0.0038798186,0.00349596399,4.59723451e-05,1
0.125,500,0.00388797186,0.0035034467,4.60808806e-05,1
0.125,501,0.00389612908,0.00351093314,4.61895179e-05,1
0.125,502,0.00390428677,0.00351841981,4.62982061e-05,1
0.125,503,0.00391244702,0.00352590973,4.64069744e-05,1
0.125,504,0.0039206082,0.00353340083,4.65158009e-05,1
0.125,505,0.00392877217,0.00354089448,4.66247147e-05,1
0.125,506,0.00393693754,0.00354838953,4.67336686e-05,1
0.125,507,0.00394510524,0.00355588738,4.68427133e-05,1
0.125,508,0.00395327341,0.00356338569,4.69518127e-05,1
0.125,509,0.00396144483,0.00357088749,4.70610212e-05,1
0.125,510,0.00396961812,0.00357839093,4.71702733e-05,1
0.125,511,0.00397779327,0.00358589622,4.72795946e-05,1
0.125,512,0.00398596982,0.00359340361,4.73889922e-05,1
0.125,513,0.00399414729,0.00360091194,4.74984445e-05,1
0.125,514,0.00400232803,0.00360842329,4.76079877e-05,1
0.125,515,0.0040105097,0.0036159358,4.77175781e-05,1
0.125,516,0.00401869416,0.00362345157,4.78272632e-05,1
0.125,517,0.00402688002,0.00363096851,4.79370137e-05,1
0.125,518,0.00403506868,0.00363848777,4.80468407e-05,1
0.125,519,0.00404325826,0.00364600914,4.81567258e-05,1
0.125,520,0.00405144924,0.00365353143,4.8266691e-05,1
0.125,521,0.00405964162,0.00366105558,4.83766999e-05,1
0.125,522,0.00406783726,0.00366858277,4.84868033e-05,1
0.125,523,0.0040760343,0.00367611158,4.85969686e-05,1
0.125,524,0.00408423273,0.00368364202,4.87072102e-05,1
0.125,525,0.00409243396,0.00369117525,4.88175247e-05,1
0.125,526,0.00410063704,0.00369871035,4.89279191e-05,1
0.125,527,0.0041088406,0.00370624638,4.90383536e-05,1
0.125,528,0.00411704741,0.00371378497,4.91488827e-05,1
0.125,529,0.00412525516,0.00372132543,4.92594772e-05,1
0.125,530,0.0041334657,0.00372886844,4.93701482e-05,1
0.125,531,0.00414167671,0.00373641239,4.94808846e-05,1
0.125,532,0.00414989097,0.00374395959,4.95916865e-05,1
0.125,533,0.00415810663,0.00375150773,4.97025721e-05,1
0.125,534,0.00416632369,0.00375905796,4.98135123e-05,1
0.125,535,0.00417454308,0.00376661075,4.99245361e-05,1
0.125,536,0.00418276479,0.00377416541,5.00356327e-05,1
0.125,537,0.00419098791,0.00378172193,5.01468021e-05,1
0.125,538,0.00419921288,0.00378928054,5.02580297e-05,1
0.125,539,0.00420743879,0.00379684055,5.03693373e-05,1
0.125,540,0.00421566796,0.00380440289,5.04807103e-05,1
0.125,541,0.00422389852,0.00381196756,5.05921489e-05,1
0.125,542,0.00423213001,0.00381953293,5.07036639e-05,1
0.125,543,0.00424036477,0.00382710178,5.08152661e-05,1
0.125,544,0.00424860045,0.00383467157,5.0926923e-05,1
0.125,545,0.00425683847,0.00384224369,5.1038649e-05,1
0.125,546,0.00426507881,0.0038498186,5.11504622e-05,1
0.125,547,0.00427332055,0.00385739468,5.12623337e-05,1
0.125,548,0.00428156368,0.00386497285,5.1374278e-05,1
0.125,549,0.00428980822,0.00387255242,5.14862841e-05,1
0.125,550,0.00429805601,0.00388013455,5.15983884e-05,1
0.125,551,0.00430630473,0.00388771854,5.17105436e-05,1
0.125,552,0.00431455625,0.0038953051,5.18227716e-05,1
0.125,553,0.00432280917,0.00390289351,5.19350724e-05,1
0.125,554,0.00433106394,0.00391048286,5.20474641e-05,1
0.125,555,0.00433932012,0.003918075,5.21599068e-05,1
0.125,556,0.00434757769,0.00392566808,5.22724076e-05,1
0.125,557,0.00435583852,0.00393326441,5.23850103e-05,1
0.125,558,0.00436410168,0.00394086353,5.24976895e-05,1
0.125,559,0.00437236577,0.00394846313,5.26104159e-05,1
0.125,560,0.00438063079,0.00395606458,5.27232041e-05,1
0.125,561,0.00438889815,0.00396366837,5.28360833e-05,1
0.125,562,0.00439716782,0.00397127448,5.29490353e-05,1
0.125,563,0.0044054389,0.00397888198,5.30620418e-05,1
0.125,564,0.0044137137,0.00398649275,5.31751502e-05,1
0.125,565,0.00442198804,0.00399410352,5.32883132e-05,1
0.125,566,0.00443026517,0.00400171755,5.34015489e-05,1
0.125,567,0.00443854416,0.00400933344,5.35148502e-05,1
0.125,568,0.00444682455,0.00401695073,5.36282241e-05,1
0.125,569,0.00445510726,0.00402457081,5.37416781e-05,1
0.125,570,0.00446339231,0.00403219229,5.38551976e-05,1
0.125,571,0.00447167829,0.00403981609,5.39687971e-05,1
0.125,572,0.00447996659,0.00404744176,5.40824585e-05,1
0.125,573,0.00448825723,0.00405506976,5.41962145e-05,1
0.125,574,0.00449654832,0.00406269915,5.4310025e-05,1
0.125,575,0.00450484315,0.00407033134,5.4423901e-05,1
0.125,576,0.00451313891,0.00407796493,5.45378534e-05,1
0.125,577,0.00452143606,0.00408560038,5.46518786e-05,1
0.125,578,0.004529736,0.00409323815,5.47659874e-05,1
0.125,579,0.00453803688,0.00410087733,5.48801472e-05,1
0.125,580,0.00454634009,0.00410851883,5.49943943e-05,1
0.125,581,0.00455464516,0.00411616219,5.51087069e-05,1
0.125,582,0.00456295209,0.00412380788,5.52230922e-05,1
0.125,583,0.00457126088,0.00413145544,5.53375503e-05,1
0.125,584,0.00457957247,0.00413910579,5.54521102e-05,1
0.125,585,0.00458788406,0.0041467566,5.55666993e-05,1
0.125,586,0.00459619937,0.00415441068,5.56813902e-05,1
0.125,587,0.00460451515,0.00416206568,5.57961321e-05,1
0.125,588,0.0046128328,0.00416972302,5.5910954e-05,1
0.125,589,0.0046211537,0.00417738315,5.60258522e-05,1
0.125,590,0.00462947506,0.00418504374,5.61408087e-05,1
0.125,591,0.00463779969,0.00419270759,5.62558562e-05,1
0.125,592,0.00464612478,0.00420037331,5.63709618e-05,1
0.125,593,0.00465445267,0.00420804042,5.64861621e-05,1
0.125,594,0.00466278102,0.00421570893,5.6601395e-05,1
0.125,595,0.00467111263,0.0042233807,5.67167444e-05,1
0.125,596,0.00467944657,0.00423105527,5.68321666e-05,1
0.125,597,0.00468778238,0.00423873076,5.69476397e-05,1
0.125,598,0.00469611865,0.00424640765,5.70631819e-05,1
0.125,599,0.00470445631,0.00425408594,5.71787969e-05,1
0.125,600,0.00471279724,0.00426176749,5.72944809e-05,1
0.125,601,0.00472113956,0.0042694509,5.74102596e-05,1
0.125,602,0.00472948467,0.00427713711,5.75261038e-05,1
0.125,603,0.00473783165,0.00428482471,5.7642028e-05,1
0.125,604,0.00474617956,0.00429251371,5.77579922e-05,1
0.125,605,0.00475452887,0.00430020457,5.7874051e-05,1
0.125,606,0.00476288144,0.00430789869,5.79901898e-05,1
0.125,607,0.00477123586,0.00431559421,5.81063941e-05,1
0.125,608,0.00477959169,0.00432329159,5.8222693e-05,1
0.125,609,0.00478794891,0.00433099084,5.83390247e-05,1
0.125,610,0.00479630753,0.00433869148,5.84554437e-05,1
0.125,611,0.00480466848,0.00434639398,5.85719317e-05,1
0.125,612,0.00481303129,0.00435409974,5.86884998e-05,1
0.125,613,0.0048213983,0.0043618083,5.88051771e-05,1
0.125,614,0.00482976437,0.00436951732,5.89218798e-05,1
0.125,615,0.0048381337,0.00437722867,5.90386699e-05,1
0.125,616,0.00484650396,0.00438494189,5.9155529e-05,1
0.125,617,0.00485487655,0.00439265696,5.92724573e-05,1
0.125,618,0.00486325053,0.0044003739,5.93894765e-05,1
0.125,619,0.00487162778,0.0044080941,5.95065721e-05,1
0.125,620,0.00488000549,0.00441581476,5.96237114e-05,1
0.125,621,0.00488838647,0.00442353869,5.97409526e-05,1
0.125,622,0.00489676697,0.00443126308,5.98582374e-05,1
0.125,623,0.00490515213,0.00443899166,5.99756313e-05,1
0.125,624,0.00491353823,0.0044467207,6.00930798e-05,1
0.125,625,0.00492192619,0.00445445254,6.02106156e-05,1
0.125,626,0.00493031461,0.00446218485,6.03282024e-05,1
0.125,627,0.00493870676,0.00446992088,6.04458837e-05,1
0.125,628,0.00494709983,0.00447765784,6.0563616e-05,1
0.125,629,0.00495549431,0.00448539667,6.06814283e-05,1
0.125,630,0.00496389112,0.00449313736,6.07993134e-05,1
0.125,631,0.00497229211,0.0045008827,6.09173221e-05,1
0.125,632,0.00498069217,0.00450862758,6.10353454e-05,1
0.125,633,0.00498909457,0.00451637479,6.11534488e-05,1
0.125,634,0.00499749929,0.00452412432,6.12716394e-05,1
0.125,635,0.00500590587,0.00453187572,6.13899101e-05,1
0.125,636,0.00501431385,0.00453962851,6.15082317e-05,1
0.125,637,0.00502272462,0.00454738457,6.16266334e-05,1
0.125,638,0.00503113633,0.00455514155,6.17451078e-05,1
0.125,639,0.00503955036,0.0045629004,6.18636768e-05,1
0.125,640,0.00504796626,0.00457066204,6.19823113e-05,1
0.125,641,0.00505638495,0.00457842601,6.21010258e-05,1
0.125,642,0.00506480411,0.00458619092,6.22197986e-05,1
0.125,643,0.00507322606,0.00459395908,6.23386441e-05,1
0.125,644,0.00508165034,0.00460172864,6.24575769e-05,1
0.125,645,0.00509007461,0.00460949913,6.25765751e-05,1
0.125,646,0.00509850215,0.00461727334,6.26956462e-05,1
0.125,647,0.00510693109,0.00462504849,6.28147827e-05,1
0.125,648,0.00511536142,0.0046328255,6.29340066e-05,1
0.125,649,0.00512379501,0.00464060577,6.3053325e-05,1
0.125,650,0.00513223,0.0046483865,6.31726871e-05,1
0.125,651,0.00514066685,0.00465617049,6.32921365e-05,1
0.125,652,0.0051491051,0.00466395589,6.34116586e-05,1
0.125,653,0.00515754567,0.00467174314,6.35312317e-05,1
0.125,654,0.00516598811,0.00467953319,6.36509285e-05,1
0.125,655,0.00517443242,0.00468732463,6.37706617e-05,1
0.125,656,0.00518287765,0.00469511747,6.38904676e-05,1
0.125,657,0.00519132661,0.00470291357,6.40103681e-05,1
0.125,658,0.00519977696,0.004710712,6.41303486e-05,1
0.125,659,0.00520822918,0.00471851183,6.42503728e-05,1
0.125,660,0.00521668233,0.00472631212,6.43704989e-05,1
0.125,661,0.00522513781,0.00473411614,6.44906904e-05,1
0.125,662,0.00523359515,0.00474192156,6.46109402e-05,1
0.125,663,0.00524205435,0.0047497293,6.47312627e-05,1
0.125,664,0.00525051588,0.0047575389,6.48517016e-05,1
0.125,665,0.00525897928,0.00476535084,6.49721842e-05,1
0.125,666,0.00526744314,0.0047731637,6.50927395e-05,1
0.125,667,0.00527591165,0.00478098029,6.52133895e-05,1
0.125,668,0.0052843811,0.00478879875,6.53340976e-05,1
0.125,669,0.00529285148,0.00479661813,6.5454893e-05,1
0.125,670,0.00530132279,0.00480443891,6.55757322e-05,1
0.125,671,0.00530979829,0.00481226342,6.56966877e-05,1
0.125,672,0.00531827379,0.00482008839,6.58176868e-05,1
0.125,673,0.00532675209,0.00482791616,6.59387733e-05,1
0.125,674,0.00533523364,0.00483574718,6.60599471e-05,1
0.125,675,0.00534371473,0.00484357774,6.61811791e-05,1
0.125,676,0.00535219908,0.00485141249,6.63024766e-05,1
0.125,677,0.00536068575,0.00485924864,6.6423876e-05,1
0.125,678,0.00536917243,0.00486708526,6.65453408e-05,1
0.125,679,0.00537766283,0.00487492606,6.66668639e-05,1
0.125,680,0.00538615417,0.0048827678,6.67884742e-05,1
0.125,681,0.00539464829,0.00489061233,6.69101719e-05,1
0.125,682,0.00540314382,0.00489845825,6.70319423e-05,1
0.125,683,0.00541164028,0.00490630604,6.71537637e-05,1
0.125,684,0.00542013953,0.00491415616,6.72756723e-05,1
0.125,685,0.00542864064,0.00492200768,6.7397661e-05,1
0.125,686,0.00543714361,0.00492986199,6.75197225e-05,1
0.125,687,0.00544564892,0.00493771816,6.76418713e-05,1
0.125,688,0.00545415422,0.00494557526,6.77640637e-05,1
0.125,689,0.00546266371,0.00495343609,6.78863726e-05,1
0.125,690,0.00547117414,0.00496129785,6.80087251e-05,1
0.125,691,0.00547968643,0.00496916147,6.81311649e-05,1
0.125,692,0.00548820104,0.00497702835,6.82536629e-05,1
0.125,693,0.00549671799,0.0049848971,6.83762773e-05,1
0.125,694,0.0055052368,0.0049927677,6.84989354e-05,1
0.125,695,0.00551375607,0.00500063971,6.86216808e-05,1
0.125,696,0.00552227767,0.00500851311,6.87444845e-05,1
0.125,697,0.0055308016,0.00501638977,6.88673754e-05,1
0.125,698,0.00553932693,0.00502426736,6.89903391e-05,1
0.125,699,0.00554785552,0.00503214868,6.91134046e-05,1
0.125,700,0.00555638596,0.00504003186,6.92365211e-05,1
0.125,701,0.00556491734,0.00504791597,6.93597249e-05,1
0.125,702,0.00557344873,0.00505580101,6.94829723e-05,1
0.125,703,0.00558198569,0.00506369025,6.96063362e-05,1
0.125,704,0.00559052313,0.00507158134,6.97297655e-05,1
0.125,705,0.00559906289,0.0050794743,6.98532604e-05,1
0.125,706,0.00560760219,0.00508736772,6.99768061e-05,1
0.125,707,0.00561614567,0.00509526441,7.01004683e-05,1
0.125,708,0.00562469056,0.00510316342,7.02241887e-05,1
0.125,709,0.00563323731,0.00511106383,7.03479818e-05,1
0.125,710,0.00564178452,0.00511896517,7.04718404e-05,1
0.125,711,0.00565033639,0.00512687117,7.05958155e-05,1
0.125,712,0.00565888872,0.00513477763,7.07198487e-05,1
0.125,713,0.00566744385,0.00514268735,7.0843962e-05,1
0.125,714,0.00567599898,0.00515059708,7.09681335e-05,1
0.125,715,0.0056845583,0.00515851099,7.10924069e-05,1
0.125,716,0.00569311716,0.00516642444,7.12167239e-05,1
0.125,717,0.0057016802,0.00517434254,7.134115e-05,1
0.125,718,0.00571024325,0.00518226065,7.14656053e-05,1
0.125,719,0.00571880955,0.00519018155,7.15901842e-05,1
0.125,720,0.00572737725,0.00519810524,7.17148214e-05,1
0.125,721,0.00573594589,0.00520602893,7.18395313e-05,1
0.125,722,0.00574451778,0.00521395635,7.19643213e-05,1
0.125,723,0.005753092,0.00522188656,7.20892058e-05,1
0.125,724,0.00576166715,0.00522981724,7.2214134e-05,1
0.125,725,0.00577024464,0.00523775071,7.2339164e-05,1
0.125,726,0.00577882258,0.00524568465,7.2464245e-05,1
0.125,727,0.00578740379,0.00525362231,7.25894206e-05,1
0.125,728,0.00579598686,0.00526156137,7.27146762e-05,1
0.125,729,0.00580457319,0.00526950369,7.28400119e-05,1
0.125,730,0.00581315858,0.00527744647,7.29653984e-05,1
0.125,731,0.00582174724,0.00528539158,7.30908869e-05,1
0.125,732,0.00583033822,0.00529333949,7.32164408e-05,1
0.125,733,0.00583893154,0.00530128879,7.3342082e-05,1
0.125,734,0.00584752345,0.00530923856,7.34677524e-05,1
0.125,735,0.00585612236,0.00531719439,7.3593561e-05,1
0.125,736,0.00586471893,0.00532514881,7.37194277e-05,1
0.125,737,0.00587331969,0.00533310603,7.38453455e-05,1
0.125,738,0.00588192279,0.00534106698,7.39713869e-05,1
0.125,739,0.00589052588,0.00534902792,7.40974647e-05,1
0.125,740,0.00589913176,0.0053569912,7.42236298e-05,1
0.125,741,0.00590774091,0.00536495773,7.43499113e-05,1
0.125,742,0.00591635052,0.00537292613,7.44762292e-05,1
0.125,743,0.00592496106,0.00538089452,7.4602598e-05,1
0.125,744,0.00593357533,0.00538886711,7.4729076e-05,1
0.125,745,0.005942191,0.00539684109,7.48556558e-05,1
0.125,746,0.00595080713,0.00540481601,7.49822357e-05,1
0.125,747,0.00595942605,0.00541279418,7.5108961e-05,1
0.125,748,0.00596804777,0.00542077422,7.52357519e-05,1
0.125,749,0.00597667135,0.00542875659,7.536263e-05,1
0.125,750,0.0059852968,0.00543674082,7.54895591e-05,1
0.125,751,0.00599392271,0.00544472644,7.56165609e-05,1
0.125,752,0.00600255281,0.00545271533,7.57436719e-05,1
0.125,753,0.00601118337,0.00546070561,7.58708557e-05,1
0.125,754,0.00601981487,0.00546869729,7.59980976e-05,1
0.125,755,0.00602844916,0.00547669083,7.61253905e-05,1
0.125,756,0.00603708625,0.00548468763,7.6252807e-05,1
0.125,757,0.0060457252,0.00549268629,7.63802818e-05,1
0.125,758,0.00605436414,0.00550068589,7.65078221e-05,1
0.125,759,0.00606300728,0.00550868921,7.66354788e-05,1
0.125,760,0.00607165322,0.00551669486,7.67632082e-05,1
0.125,761,0.00608029822,0.00552470051,7.68909813e-05,1
0.125,762,0.00608894601,0.00553270895,7.70188417e-05,1
0.125,763,0.00609759614,0.00554071972,7.71467894e-05,1
0.125,764,0.00610624813,0.00554873282,7.72748026e-05,1
0.125,765,0.00611490244,0.00555674778,7.74029177e-05,1
0.125,766,0.00612355676,0.00556476368,7.75310909e-05,1
0.125,767,0.00613221619,0.0055727833,7.7659337e-05,1
0.125,768,0.0061408747,0.00558080385,7.77876776e-05,1
0.125,769,0.00614953646,0.00558882719,7.79160837e-05,1
0.125,770,0.00615820056,0.00559685286,7.80445844e-05,1
0.125,771,0.00616686419,0.00560487853,7.81731287e-05,1
0.125,772,0.00617553201,0.00561290793,7.83017749e-05,1
0.125,773,0.00618420169,0.00562093966,7.84305012e-05,1
0.125,774,0.00619287323,0.00562897325,7.85592929e-05,1
0.125,775,0.00620154617,0.00563700823,7.86881646e-05,1
0.125,776,0.00621022005,0.00564504461,7.88171164e-05,1
0.125,777,0.00621889578,0.00565308286,7.89461337e-05,1
0.125,778,0.00622757617,0.00566112576,7.90752674e-05,1
0.125,779,0.0062362561,0.00566916866,7.92044448e-05,1
0.125,780,0.00624493929,0.00567721482,7.93337167e-05,1
0.125,781,0.00625362294,0.00568526145,7.94630469e-05,1
0.125,782,0.00626231171,0.0056933132,7.95924934e-05,1
0.125,783,0.00627099909,0.00570136355,7.97219764e-05,1
0.125,784,0.00627968786,0.00570941623,7.98515393e-05,1
0.125,785,0.00628838036,0.00571747217,7.99812115e-05,1
0.125,786,0.00629707612,0.00572553137,8.01109491e-05,1
0.125,787,0.00630577141,0.00573359057,8.02407521e-05,1
0.125,788,0.0063144695,0.00574165257,8.03706498e-05,1
0.125,789,0.00632316945,0.00574971642,8.05006275e-05,1
0.125,790,0.00633187126,0.00575778261,8.06306489e-05,1
0.125,791,0.0063405754,0.00576585066,8.07608158e-05,1
0.125,792,0.00634928094,0.00577392103,8.08910117e-05,1
0.125,793,0.00635798834,0.0057819928,8.10212732e-05,1
0.125,794,0.00636669714,0.00579006644,8.11516366e-05,1
0.125,795,0.00637540966,0.00579814333,8.12820726e-05,1
0.125,796,0.00638412125,0.0058062207,8.14125742e-05,1
0.125,797,0.0063928375,0.00581430178,8.15432068e-05,1
0.125,798,0.00640155468,0.00582238426,8.16738539e-05,1
0.125,799,0.00641027419,0.00583046908,8.18046028e-05,1
0.125,800,0.00641899556,0.00583855622,8.19354609e-05,1
0.125,801,0.00642771879,0.00584664475,8.20663627e-05,1
0.125,802,0.00643644435,0.00585473562,8.21973372e-05,1
0.125,803,0.00644517038,0.00586282788,8.23284063e-05,1
0.125,804,0.0064539006,0.00587092387,8.24595845e-05,1
0.125,805,0.00646263082,0.00587902032,8.25907919e-05,1
0.125,806,0.00647136383,0.00588711957,8.27221083e-05,1
0.125,807,0.0064800987,0.00589522067,8.28534976e-05,1
0.125,808,0.00648883451,0.00590332318,8.29849523e-05,1
0.125,809,0.00649757218,0.00591142755,8.31164798e-05,1
0.125,810,0.00650631357,0.00591953564,8.32481019e-05,1
0.125,811,0.00651505543,0.00592764467,8.33798113e-05,1
0.125,812,0.00652380148,0.00593575696,8.35115861e-05,1
0.125,813,0.00653254753,0.00594387017,8.36434483e-05,1
0.125,814,0.00654129544,0.00595198572,8.37753832e-05,1
0.125,815,0.00655004522,0.00596010312,8.39074055e-05,1
0.125,816,0.00655879732,0.00596822239,8.4039486e-05,1
0.125,817,0.00656755082,0.00597634353,8.41716464e-05,1
0.125,818,0.00657630665,0.00598446745,8.43039088e-05,1
0.125,819,0.00658506481,0.00599259371,8.44362439e-05,1
0.125,820,0.0065938253,0.00600072183,8.45686445e-05,1
0.125,821,0.00660258671,0.00600885181,8.4701147e-05,1
0.125,822,0.00661134999,0.00601698318,8.48337077e-05,1
0.125,823,0.00662011653,0.00602511782,8.49663702e-05,1
0.125,824,0.00662888261,0.00603325292,8.50990764e-05,1
0.125,825,0.00663765334,0.00604139268,8.52318917e-05,1
0.125,826,0.00664642453,0.00604953244,8.53647944e-05,1
0.125,827,0.00665519852,0.006057675,8.54977552e-05,1
0.125,828,0.00666397205,0.00606581848,8.56307815e-05,1
0.125,829,0.0066727493,0.00607396476,8.57638879e-05,1
0.125,830,0.00668152794,0.0060821129,8.58971034e-05,1
0.125,831,0.00669031078,0.00609026477,8.6030399e-05,1
0.125,832,0.00669909269,0.0060984171,8.616376e-05,1
0.125,833,0.00670787832,0.00610657223,8.62972011e-05,1
0.125,834,0.00671666441,0.00611472782,8.64307367e-05,1
0.125,835,0.00672545237,0.00612288667,8.6564316e-05,1
0.125,836,0.00673424499,0.00613104878,8.66980117e-05,1
0.125,837,0.00674303761,0.00613921182,8.68317657e-05,1
0.125,838,0.00675183302,0.00614737766,8.6965636e-05,1
0.125,839,0.00676062889,0.00615554396,8.70995427e-05,1
0.125,840,0.0067694271,0.00616371306,8.7233544e-05,1
0.125,841,0.0067782281,0.00617188495,8.73676327e-05,1
0.125,842,0.00678703003,0.00618005777,8.75017795e-05,1
0.125,843,0.00679583335,0.00618823245,8.76360136e-05,1
0.125,844,0.00680463994,0.0061964104,8.77703424e-05,1
0.125,845,0.00681344792,0.00620458974,8.7904722e-05,1
0.125,846,0.0068222587,0.00621277187,8.80392108e-05,1
0.125,847,0.00683106994,0.00622095494,8.81737651e-05,1
0.125,848,0.00683988445,0.00622914126,8.83084067e-05,1
0.125,849,0.00684870081,0.00623732898,8.84431356e-05,1
0.125,850,0.00685751857,0.00624551857,8.85779227e-05,1
0.125,851,0.0068663382,0.00625371095,8.87127899e-05,1
0.125,852,0.00687515968,0.00626190426,8.88477516e-05,1
0.125,853,0.00688398303,0.00627010083,8.89828079e-05,1
0.125,854,0.00689280918,0.0062782988,8.91179006e-05,1
0.125,855,0.00690163672,0.00628649909,8.9253117e-05,1
0.125,856,0.00691046659,0.00629470218,8.93884135e-05,1
0.125,857,0.00691929739,0.0063029062,8.95237463e-05,1
0.125,858,0.00692813145,0.00631111301,8.96592173e-05,1
0.125,859,0.00693696644,0.00631932123,8.97947248e-05,1
0.125,860,0.00694580516,0.00632753363,8.99303486e-05,1
0.125,861,0.00695464388,0.0063357451,9.00660234e-05,1
0.125,862,0.00696348445,0.00634395983,9.02017855e-05,1
0.125,863,0.00697232783,0.00635217689,9.03376203e-05,1
0.125,864,0.006981174,0.00636039721,9.04735498e-05,1
0.125,865,0.0069900197,0.0063686166,9.06095447e-05,1
0.125,866,0.00699886959,0.00637684111,9.07456415e-05,1
0.125,867,0.00700772041,0.00638506562,9.08817965e-05,1
0.125,868,0.00701657217,0.00639329245,9.10180534e-05,1
0.125,869,0.00702542718,0.00640152209,9.11543611e-05,1
0.125,870,0.00703428406,0.00640975358,9.12907635e-05,1
0.125,871,0.00704314373,0.00641798787,9.14272896e-05,1
0.125,872,0.0070520048,0.00642622355,9.15638666e-05,1
0.125,873,0.0070608668,0.0064344611,9.17004945e-05,1
0.125,874,0.0070697316,0.00644270051,9.1837217e-05,1
0.125,875,0.00707859639,0.00645094132,9.19740196e-05,1
0.125,876,0.00708746631,0.00645918632,9.21109313e-05,1
0.125,877,0.00709633715,0.00646743318,9.22479012e-05,1
0.125,878,0.0071052094,0.00647568097,9.23849584e-05,1
0.125,879,0.00711408351,0.00648393109,9.25221029e-05,1
0.125,880,0.00712296041,0.00649218401,9.26593129e-05,1
0.125,881,0.00713183731,0.00650043739,9.27965957e-05,1
0.125,882,0.0071407184,0.0065086945,9.29339949e-05,1
0.125,883,0.00714960089,0.00651695393,9.30714523e-05,1
0.125,884,0.00715848478,0.00652521383,9.32089824e-05,1
0.125,885,0.00716737052,0.00653347652,9.33465926e-05,1
0.125,886,0.00717625907,0.00654174155,9.34843119e-05,1
0.125,887,0.00718514994,0.00655000983,9.36221113e-05,1
0.125,888,0.00719403988,0.00655827718,9.3759947e-05,1
0.125,889,0.00720293401,0.00656654825,9.38979065e-05,1
0.125,890,0.00721182907,0.00657482073,9.40359314e-05,1
0.125,891,0.00722072879,0.00658309832,9.41740582e-05,1
0.125,892,0.00722962664,0.00659137312,9.43122286e-05,1
0.125,893,0.00723853009,0.00659965444,9.44505155e-05,1
0.125,894,0.00724743214,0.00660793483,9.45888605e-05,1
0.125,895,0.00725633884,0.00661621895,9.47272929e-05,1
0.125,896,0.00726524508,0.00662450446,9.48658198e-05,1
0.125,897,0.00727415644,0.00663279276,9.50044268e-05,1
0.125,898,0.00728306733,0.00664108293,9.5143092e-05,1
0.125,899,0.00729198009,0.0066493745,9.52818591e-05,1
0.125,900,0.00730089657,0.00665766932,9.54207135e-05,1
0.125,901,0.00730981352,0.00666596554,9.55596333e-05,1
0.125,902,0.0073187314,0.0066742627,9.56986114e-05,1
0.125,903,0.00732765254,0.00668256357,9.58377059e-05,1
0.125,904,0.00733657507,0.00669086492,9.59768586e-05,1
0.125,905,0.0073455004,0.00669916952,9.61161422e-05,1
0.125,906,0.00735442853,0.00670747738,9.62554695e-05,1
0.125,907,0.00736335665,0.00671578525,9.63948842e-05,1
0.125,908,0.0073722885,0.00672409637,9.65343643e-05,1
0.125,909,0.00738122268,0.00673241075,9.66739608e-05,1
0.125,910,0.00739015685,0.00674072467,9.68136155e-05,1
0.125,911,0.00739909383,0.00674904231,9.69533503e-05,1
0.125,912,0.00740803173,0.00675736088,9.70931869e-05,1
0.125,913,0.00741697382,0.00676568318,9.72331036e-05,1
0.125,914,0.00742591592,0.00677400641,9.73730857e-05,1
0.125,915,0.00743485987,0.00678233104,9.75131552e-05,1
0.125,916,0.00744380802,0.00679065986,9.76533411e-05,1
0.125,917,0.00745275524,0.00679898867,9.77935415e-05,1
0.125,918,0.00746170664,0.00680732075,9.79338511e-05,1
0.125,919,0.00747065991,0.00681565469,9.80742479e-05,1
0.125,920,0.00747961318,0.00682399003,9.82147321e-05,1
0.125,921,0.00748857018,0.00683232863,9.83553036e-05,1
0.125,922,0.00749752764,0.00684066769,9.84959406e-05,1
0.125,923,0.00750648929,0.00684901141,9.8636694e-05,1
0.125,924,0.00751545094,0.00685735513,9.87775056e-05,1
0.125,925,0.00752441585,0.0068657021,9.89184045e-05,1
0.125,926,0.00753338216,0.00687405095,9.90593689e-05,1
0.125,927,0.0075423508,0.00688240211,9.92004352e-05,1
0.125,928,0.00755131897,0.00689075328,9.93415597e-05,1
0.125,929,0.00756029272,0.00689910911,9.94827788e-05,1
0.125,930,0.00756926509,0.00690746494,9.96240851e-05,1
0.125,931,0.00757824257,0.00691582542,9.97654715e-05,1
0.125,932,0.00758722052,0.0069241859,9.99069744e-05,1
0.125,933,0.0075961994,0.00693254825,0.000100048477,1
0.125,934,0.00760518294,0.00694091525,0.000100190133,1
0.125,935,0.00761416601,0.00694928179,0.000100331847,1
0.125,936,0.00762315188,0.00695765205,0.000100473655,1
0.125,937,0.007632141,0.00696602371,0.000100615551,1
0.125,938,0.0076411292,0.00697439676,0.00010075749,1
0.125,939,0.00765012205,0.00698277354,0.000100899568,1
0.125,940,0.0076591149,0.00699115079,0.000101041682,1
0.125,941,0.00766811147,0.00699953176,0.000101183905,1
0.125,942,0.00767710852,0.00700791273,0.000101326208,1
0.125,943,0.00768610928,0.0070162979,0.000101468599,1
0.125,944,0.00769510865,0.00702468259,0.000101611033,1
0.125,945,0.00770411314,0.00703307241,0.000101753583,1
0.125,946,0.00771312136,0.00704146503,0.000101896265,1
0.125,947,0.00772212632,0.00704985578,0.000102038932,1
0.125,948,0.0077311364,0.00705825118,0.000102181744,1
0.125,949,0.00774014788,0.00706664845,0.00010232463,1
0.125,950,0.00774916075,0.00707504712,0.00010246758,1
0.125,951,0.00775817689,0.00708344812,0.000102610633,1
0.125,952,0.00776719395,0.0070918519,0.000102753751,1
0.125,953,0.00777621288,0.00710025616,0.000102896956,1
0.125,954,0.00778523367,0.00710866367,0.000103040278,1
0.125,955,0.00779425679,0.00711707305,0.000103183644,1
0.125,956,0.0078032827,0.00712548569,0.000103327111,1
0.125,957,0.00781230954,0.00713389926,0.000103470644,1
0.125,958,0.00782134105,0.00714231608,0.000103614293,1
0.125,959,0.00783037022,0.00715073384,0.000103757993,1
0.125,960,0.00783940591,0.00715915579,0.000103901824,1
0.125,961,0.00784843974,0.00716757681,0.000104045685,1
0.125,962,0.00785747636,0.00717600062,0.000104189632,1
0.125,963,0.00786651392,0.0071844263,0.000104333682,1
0.125,964,0.00787555613,0.0071928557,0.000104477826,1
0.125,965,0.00788459927,0.00720128603,0.000104622042,1
0.125,966,0.00789364241,0.00720971823,0.000104766325,1
0.125,967,0.00790269021,0.00721815322,0.000104910694,1
0.125,968,0.00791173894,0.00722659007,0.000105055151,1
0.125,969,0.0079207914,0.00723503064,0.000105199724,1
0.125,970,0.00792984478,0.00724347215,0.000105344356,1
0.125,971,0.00793889817,0.00725191506,0.000105489074,1
0.125,972,0.00794795528,0.00726036076,0.000105633859,1
0.125,973,0.00795701332,0.00726880739,0.000105778745,1
0.125,974,0.00796607416,0.00727725727,0.000105923711,1
0.125,975,0.00797513872,0.00728571042,0.000106068801,1
0.125,976,0.00798420422,0.00729416544,0.000106213942,1
0.125,977,0.00799326971,0.00730262045,0.000106359148,1
0.125,978,0.00800233707,0.00731107732,0.00010650442,1
0.125,979,0.00801140722,0.00731953792,0.000106649808,1
0.125,980,0.00802048109,0.00732800178,0.000106795313,1
0.125,981,0.00802955497,0.00733646564,0.000106940861,1
0.125,982,0.00803863257,0.0073449323,0.000107086482,1
0.125,983,0.0080477111,0.00735340128,0.000107232219,1
0.125,984,0.0080567915,0.00736187212,0.000107378044,1
0.125,985,0.00806587469,0.00737034483,0.000107523912,1
0.125,986,0.00807495788,0.00737881986,0.000107669883,1
0.125,987,0.00808404479,0.00738729769,0.000107815977,1
0.125,988,0.00809313264,0.00739577692,0.0001079621,1
0.125,989,0.00810222421,0.00740425847,0.000108108346,1
0.125,990,0.00811131578,0.00741274189,0.000108254659,1
0.125,991,0.00812041108,0.00742122857,0.000108401058,1
0.125,992,0.0081295073,0.00742971664,0.000108547552,1
0.125,993,0.00813860539,0.00743820565,0.000108694119,1
0.125,994,0.00814770721,0.00744669884,0.000108840773,1
0.125,995,0.00815680902,0.00745519251,0.00010898753,1
0.125,996,0.00816591363,0.00746368989,0.000109134358,1
0.125,997,0.00817502011,0.00747218868,0.000109281253,1
0.125,998,0.00818412751,0.00748068793,0.000109428212,1
0.125,999,0.00819323771,0.0074891909,0.00010957531,1
0.125,1000,0.00820234977,0.00749769621,0.000109722445,1
0.125,1001,0.00821146555,0.0075062043,0.000109869725,1
0.125,1002,0.00822057854,0.007514711,0.000110017034,1
0.125,1003,0.00822969899,0.00752322376,0.000110164496,1
0.125,1004,0.00823881663,0.00753173511,0.000110311943,1
0.125,1005,0.0082479408,0.00754025206,0.000110459543,1
0.125,1006,0.0082570659,0.00754877133,0.00011060723,1
0.125,1007,0.00826619193,0.00755729061,0.000110755012,1
0.125,1008,0.00827531982,0.00756581174,0.000110902838,1
0.125,1009,0.00828445144,0.007574338,0.000111050766,1
0.125,1010,0.00829358026,0.00758286146,0.000111198751,1
0.125,1011,0.00830271561,0.00759139005,0.000111346853,1
0.125,1012,0.00831185095,0.00759992097,0.000111495021,1
0.125,1013,0.00832098909,0.00760845281,0.000111643269,1
0.125,1014,0.00833012909,0.00761698792,0.000111791654,1
0.125,1015,0.00833927095,0.00762552442,0.000111940055,1
0.125,1016,0.00834841374,0.00763406232,0.000112088572,1
0.125,1017,0.00835756119,0.00764260441,0.00011223719,1
0.125,1018,0.00836671051,0.00765114836,0.000112385926,1
0.125,1019,0.00837586075,0.00765969511,0.000112534704,1
0.125,1020,0.00838501193,0.00766824093,0.000112683534,1
0.125,1021,0.00839416496,0.00767679,0.000112832495,1
0.125,1022,0.0084033208,0.0076853428,0.00011298155,1
0.125,1023,0.00841247942,0.00769389607,0.000113130649,1
0.0625,0,4.40738768e-05,0,0,1
0.0625,1,5.13329724e-05,6.54045289e-06,7.77189371e-08,1
0.0625,2,5.85937923e-05,1.30827111e-05,1.55495258e-07,1
0.0625,3,6.5856344e-05,1.96267847e-05,2.33328976e-07,1
0.0625,4,7.31206019e-05,2.61726564e-05,3.11219992e-07,1
0.0625,5,8.0386606e-05,3.27203525e-05,3.89168662e-07,1
0.0625,6,8.76543345e-05,3.9269853e-05,4.67174686e-07,1
0.0625,7,9.49237947e-05,4.5821158e-05,5.45238265e-07,1
0.0625,8,0.000102194972,5.23742892e-05,6.23087374e-07,1
0.0625,9,0.000109467888,5.89292322e-05,7.01232125e-07,1
0.0625,10,0.000116742514,6.54859759e-05,7.79434288e-07,1
0.0625,11,0.000124018901,7.20445387e-05,8.5769409e-07,1
0.0625,12,0.000131296983,7.86049131e-05,9.36011418e-07,1
0.0625,13,0.000138576783,8.51670848e-05,1.01438616e-06,1
0.0625,14,0.000145858328,9.17310972e-05,1.09281905e-06,1
0.0625,15,0.000153141562,9.82968777e-05,1.17130958e-06,1
0.0625,16,0.000160426571,0.000104864492,1.24985741e-06,1
0.0625,17,0.000167713268,0.00011143391,1.32846276e-06,1
0.0625,18,0.000175001769,0.000118005191,1.40712666e-06,1
0.0625,19,0.000182291944,0.000124578233,1.48584775e-06,1
0.0625,20,0.000189583836,0.000131153123,1.56462715e-06,1
0.0625,21,0.000196877474,0.000137729803,1.64346386e-06,1
0.0625,22,0.000204172873,0.000144308346,1.72235855e-06,1
0.0625,23,0.000211469945,0.000150888649,1.80131053e-06,1
0.0625,24,0.000218768721,0.000157470728,1.88032084e-06,1
0.0625,25,0.0002260693,0.000164054727,1.95938992e-06,1
0.0625,26,0.000233371567,0.000170640458,2.03851619e-06,1
0.0625,27,0.000240675625,0.000177228081,2.11770021e-06,1
0.0625,28,0.000247981341,0.00018381745,2.19694266e-06,1
0.0625,29,0.000255288818,0.000190408682,2.27624264e-06,1
0.0625,30,0.000262598041,0.000197001733,2.35560083e-06,1
0.0625,31,0.000269908982,0.000203596544,2.43501677e-06,1
0.0625,32,0.000277221698,0.000210193233,2.51449183e-06,1
0.0625,33,0.000284536043,0.000216791683,2.59402464e-06,1
0.0625,34,0.000291852135,0.000223391966,2.67361406e-06,1
0.0625,35,0.000299170031,0.000229994126,2.75326283e-06,1
0.0625,36,0.000306489703,0.000236598135,2.83297027e-06,1
0.0625,37,0.000313811033,0.000243203875,2.91273545e-06,1
0.0625,38,0.000321134081,0.000249811448,2.9925593e-06,1
0.0625,39,0.000328458846,0.000256420812,3.0724409e-06,1
0.0625,40,0.000335785415,0.000263032067,3.15237958e-06,1
0.0625,41,0.000343113701,0.000269645156,3.23237941e-06,1
0.0625,42,0.000350443675,0.000276259962,3.31243473e-06,1
0.0625,43,0.000357775425,0.00028287663,3.39254893e-06,1
0.0625,44,0.000365108921,0.00028949519,3.47272294e-06,1
0.0625,45,0.000372444105,0.000296115555,3.55295469e-06,1
0.0625,46,0.000379781006,0.000302737666,3.63324398e-06,1
0.0625,47,0.000387119711,0.000309361611,3.7135926e-06,1
0.0625,48,0.000394459174,0.000315986603,3.78863842e-06,1
0.0625,49,0.000401801226,0.000322614127,3.86899092e-06,1
0.0625,50,0.000409145199,0.00032924363,3.9494048e-06,1
0.0625,51,0.000416490715,0.000335874793,4.02987462e-06,1
0.0625,52,0.000423838064,0.000342507876,4.1104031e-06,1
0.0625,53,0.00043118716,0.000349142792,4.19099115e-06,1
0.0625,54,0.000438538031,0.000355779543,4.27163695e-06,1
0.0625,55,0.000445890444,0.00036241801,4.35234188e-06,1
0.0625,56,0.000453244837,0.000369058456,4.43310682e-06,1
0.0625,57,0.00046060083,0.000375700649,4.51392907e-06,1
0.0625,58,0.000467958569,0.000382344646,4.59480816e-06,1
0.0625,59,0.000475318113,0.000388990535,4.67574864e-06,1
0.0625,60,0.000482679345,0.00039563817,4.75674688e-06,1
0.0625,61,0.000490042265,0.000402287696,4.83780468e-06,1
0.0625,62,0.000497407047,0.000408939028,4.91892024e-06,1
0.0625,63,0.000504773459,0.000415592134,5.00009628e-06,1
0.0625,64,0.000512141734,0.00042224722,5.08132962e-06,1
0.0625,65,0.000519511639,0.000428903935,5.16262071e-06,1
0.0625,66,0.00052688329,0.000435562542,5.24397274e-06,1
0.0625,67,0.000534256687,0.000442223041,5.32538206e-06,1
0.0625,68,0.000541631831,0.000448885286,5.40685187e-06,1
0.0625,69,0.000549008837,0.00045554954,5.48838034e-06,1
0.0625,70,0.000556387415,0.000462215452,5.56996747e-06,1
0.0625,71,0.000563767739,0.000468883198,5.65161099e-06,1
0.0625,72,0.000571149867,0.000475552777,5.73331727e-06,1
0.0625,73,0.000578533683,0.000482224219,5.81508175e-06,1
0.0625,74,0.000585919421,0.000488897553,5.8969058e-06,1
0.0625,75,0.000593306613,0.000495572574,5.97878716e-06,1
0.0625,76,0.000600695785,0.000502249575,6.06072808e-06,1
0.0625,77,0.000608086702,0.000508928322,6.14272903e-06,1
0.0625,78,0.000615479308,0.00051560899,6.22478865e-06,1
0.0625,79,0.000622873544,0.000522291346,6.30690693e-06,1
0.0625,80,0.000630269526,0.000528975565,6.38908523e-06,1
0.0625,81,0.00063766737,0.000535661646,6.47132219e-06,1
0.0625,82,0.000645067077,0.000542349706,6.55361964e-06,1
0.0625,83,0.000652468123,0.000549039338,6.63597484e-06,1
0.0625,84,0.000659871206,0.00055573089,6.71839189e-06,1
0.0625,85,0.000667276094,0.00056242448,6.80086532e-06,1
0.0625,86,0.000674682611,0.000569119758,6.8834006e-06,1
0.0625,87,0.000682090933,0.000575816783,6.96599363e-06,1
0.0625,88,0.000689500943,0.000582515728,7.04864669e-06,1
0.0625,89,0.000696912699,0.000589216477,7.13135887e-06,1
0.0625,90,0.000704326201,0.000595919089,7.21412925e-06,1
0.0625,91,0.000711741508,0.000602623564,7.29696103e-06,1
0.0625,92,0.000719158503,0.000609329843,7.37985192e-06,1
0.0625,93,0.000726577186,0.000616037869,7.46280102e-06,1
0.0625,94,0.000733997556,0.000622747699,7.54581151e-06,1
0.0625,95,0.000741419964,0.000629459624,7.62888067e-06,1
0.0625,96,0.000748843944,0.000636173238,7.71200939e-06,1
0.0625,97,0.000756269787,0.000642888772,7.79519723e-06,1
0.0625,98,0.000763697026,0.000649605878,7.87844419e-06,1
0.0625,99,0.000771126244,0.000656324963,7.96175209e-06,1
0.0625,100,0.000778557383,0.000663046085,8.04512183e-06,1
0.0625,101,0.000785990094,0.000669768895,8.12854978e-06,1
0.0625,102,0.00079342461,0.00067649351,8.21203503e-06,1
0.0625,103,0.000800860813,0.000683219987,8.29558212e-06,1
0.0625,104,0.000808298821,0.000689948327,8.3791856e-06,1
0.0625,105,0.000815738516,0.000696678529,8.46285457e-06,1
0.0625,106,0.000823180191,0.000703410653,8.54658174e-06,1
0.0625,107,0.000830623088,0.000710144232,8.63036439e-06,1
0.0625,108,0.000838068256,0.000716880022,8.7142098e-06,1
0.0625,109,0.000845514995,0.000723617559,8.79811887e-06,1
0.0625,110,0.000852963538,0.000730357016,8.88208342e-06,1
0.0625,111,0.000860413769,0.00073709822,8.96611073e-06,1
0.0625,112,0.000867865747,0.000743841229,9.05019533e-06,1
0.0625,113,0.000875319471,0.000750586099,9.13434087e-06,1
0.0625,114,0.000882774882,0.000757332833,9.21854462e-06,1
0.0625,115,0.000890231924,0.000764081196,9.30281021e-06,1
0.0625,116,0.000897691352,0.000770831946,9.38714038e-06,1
0.0625,117,0.000905152003,0.00077758421,9.4715233e-06,1
0.0625,118,0.0009126144,0.000784338219,9.55596897e-06,1
0.0625,119,0.000920078426,0.000791093975,9.64047558e-06,1
0.0625,120,0.000927544548,0.000797851826,9.72504131e-06,1
0.0625,121,0.0009350123,0.00080461154,9.80966706e-06,1
0.0625,122,0.000942481915,0.000811373058,9.89435648e-06,1
0.0625,123,0.000949953217,0.000818136497,9.97910411e-06,1
0.0625,124,0.000957426149,0.000824901566,1.00639118e-05,1
0.0625,125,0.000964900944,0.000831668614,1.01487767e-05,1
0.0625,126,0.000972377544,0.000838437525,1.02337071e-05,1
0.0625,127,0.000979855773,0.000845208182,1.03186931e-05,1
0.0625,128,0.000987335807,0.00085198076,1.04037445e-05,1
0.0625,129,0.000994817819,0.000858755433,1.04888541e-05,1
0.0625,130,0.001002301,0.000865531329,1.05740182e-05,1
0.0625,131,0.0010097865,0.000872309553,1.06592497e-05,1
0.0625,132,0.00101727352,0.000879089523,1.07445421e-05,1
0.0625,133,0.00102476228,0.000885871297,1.08298927e-05,1
0.0625,134,0.00103225291,0.000892654993,1.09153052e-05,1
0.0625,135,0.00103974552,0.000899440609,1.10007777e-05,1
0.0625,136,0.00104723929,0.000906227739,1.10863084e-05,1
0.0625,137,0.00105473527,0.000913016964,1.11719028e-05,1
0.0625,138,0.00106223288,0.000919808052,1.1257559e-05,1
0.0625,139,0.00106973236,0.000926600944,1.13432725e-05,1
0.0625,140,0.00107723323,0.000933395466,1.14290469e-05,1
0.0625,141,0.00108473632,0.000940192316,1.15148814e-05,1
0.0625,142,0.00109224115,0.000946990913,1.16007795e-05,1
0.0625,143,0.00109974737,0.000953791023,1.16867368e-05,1
0.0625,144,0.00110725535,0.000960593112,1.17725567e-05,1
0.0625,145,0.0011147653,0.000967397064,1.1858634e-05,1
0.0625,146,0.001122277,0.000974202936,1.19447741e-05,1
0.0625,147,0.00112979056,0.000981010846,1.20309705e-05,1
0.0625,148,0.00113730563,0.000987820327,1.21172325e-05,1
0.0625,149,0.00114482269,0.000994631671,1.22035517e-05,1
0.0625,150,0.00115234137,0.00100144488,1.22899328e-05,1
0.0625,151,0.00115986192,0.00100826018,1.23763784e-05,1
0.0625,152,0.00116738421,0.00101507711,1.24628814e-05,1
0.0625,153,0.00117490801,0.00102189579,1.25494425e-05,1
0.0625,154,0.0011824338,0.00102871645,1.26360692e-05,1
0.0625,155,0.00118996133,0.00103553897,1.27227577e-05,1
0.0625,156,0.00119749084,0.0010423637,1.28095089e-05,1
0.0625,157,0.0012050214,0.00104918948,1.28963093e-05,1
0.0625,158,0.00121255463,0.00105601794,1.29831815e-05,1
0.0625,159,0.00122008903,0.00106284767,1.30701137e-05,1
0.0625,160,0.00122762541,0.00106967951,1.31571069e-05,1
0.0625,161,0.00123516389,0.00107651344,1.32441601e-05,1
0.0625,162,0.00124270353,0.00108334888,1.33312706e-05,1
0.0625,163,0.00125024503,0.00109018607,1.34184484e-05,1
0.0625,164,0.00125778874,0.0010970257,1.3505688e-05,1
0.0625,165,0.00126533373,0.0011038665,1.35929822e-05,1
0.0625,166,0.00127288059,0.00111070951,1.36803437e-05,1
0.0625,167,0.00128042919,0.00111755426,1.37677662e-05,1
0.0625,168,0.00128797977,0.00112440099,1.38552477e-05,1
0.0625,169,0.00129553198,0.00113124948,1.39427921e-05,1
0.0625,170,0.00130308617,0.00113810005,1.40303964e-05,1
0.0625,171,0.00131064188,0.00114495226,1.41180599e-05,1
0.0625,172,0.00131819921,0.00115180621,1.42057852e-05,1
0.0625,173,0.00132575876,0.00115866249,1.42935805e-05,1
0.0625,174,0.00133331981,0.00116552028,1.43814314e-05,1
0.0625,175,0.00134088274,0.00117237994,1.44693449e-05,1
0.0625,176,0.00134844705,0.00117924134,1.45573149e-05,1
0.0625,177,0.00135601335,0.00118610484,1.46453522e-05,1
0.0625,178,0.00136358151,0.00119297008,1.47334495e-05,1
0.0625,179,0.0013711513,0.00119983719,1.48216059e-05,1
0.0625,180,0.0013787233,0.00120670639,1.49098269e-05,1
0.0625,181,0.00138629659,0.00121357723,1.49981079e-05,1
0.0625,182,0.00139387173,0.00122044981,1.50864525e-05,1
0.0625,183,0.00140144897,0.00122732471,1.51748591e-05,1
0.0625,184,0.00140902749,0.0012342009,1.52633274e-05,1
0.0625,185,0.00141660811,0.00124107942,1.5351854e-05,1
0.0625,186,0.00142419012,0.00124795933,1.54404461e-05,1
0.0625,187,0.00143177423,0.00125484134,1.55290945e-05,1
0.0625,188,0.00143936032,0.00126172556,1.56178121e-05,1
0.0625,189,0.00144694757,0.00126861106,1.57065879e-05,1
0.0625,190,0.00145453727,0.001275499,1.57954273e-05,1
0.0625,191,0.00146212813,0.00128238823,1.5884325e-05,1
0.0625,192,0.00146972097,0.00128927955,1.59732863e-05,1
0.0625,193,0.00147731579,0.00129617297,1.60623167e-05,1
0.0625,194,0.00148491235,0.00130306813,1.61513981e-05,1
0.0625,195,0.0014925102,0.00130996481,1.62405431e-05,1
0.0625,196,0.00150011026,0.00131686358,1.63297555e-05,1
0.0625,197,0.00150771218,0.00132376445,1.64190296e-05,1
0.0625,198,0.00151531573,0.00133066706,1.65083638e-05,1
0.0625,199,0.00152292114,0.00133757177,1.65977581e-05,1
0.0625,200,0.00153052842,0.00134447822,1.66872214e-05,1
0.0625,201,0.00153813697,0.00135138608,1.67767375e-05,1
0.0625,202,0.00154574774,0.00135829626,1.68663209e-05,1
0.0625,203,0.00155335991,0.00136520795,1.69559607e-05,1
0.0625,204,0.00156097428,0.00137212197,1.70456733e-05,1
0.0625,205,0.00156859006,0.00137903751,1.71354386e-05,1
0.0625,206,0.00157620769,0.00138595491,1.7225273e-05,1
0.0625,207,0.00158382743,0.00139287452,1.73151711e-05,1
0.0625,208,0.00159144856,0.00139979564,1.74051238e-05,1
0.0625,209,0.0015990719,0.00140671898,1.74951456e-05,1
0.0625,210,0.00160669698,0.00141364418,1.75852256e-05,1
0.0625,211,0.00161432324,0.00142057089,1.76753656e-05,1
0.0625,212,0.00162195135,0.00142749946,1.77655729e-05,1
0.0625,213,0.00162958156,0.00143443025,1.78558421e-05,1
0.0625,214,0.00163721375,0.00144136278,1.79461731e-05,1
0.0625,215,0.00164484745,0.00144829717,1.80365696e-05,1
0.0625,216,0.0016524829,0.00145523343,1.81270225e-05,1
0.0625,217,0.00166011997,0.00146217132,1.8217539e-05,1
0.0625,218,0.00166775903,0.00146911154,1.83081211e-05,1
0.0625,219,0.00167540042,0.00147605373,1.83987686e-05,1
0.0625,220,0.00168304238,0.00148299697,1.84894761e-05,1
0.0625,221,0.00169068726,0.00148994301,1.85802455e-05,1
0.0625,222,0.00169833307,0.00149689021,1.86710713e-05,1
0.0625,223,0.00170598086,0.00150383939,1.87619644e-05,1
0.0625,224,0.00171363086,0.00151079101,1.88529266e-05,1
0.0625,225,0.00172128226,0.00151774404,1.89439452e-05,1
0.0625,226,0.00172893575,0.00152469915,1.90350256e-05,1
0.0625,227,0.00173659064,0.0015316559,1.91261679e-05,1
0.0625,228,0.00174424751,0.00153861486,1.92173829e-05,1
0.0625,229,0.00175190635,0.00154557568,1.93086562e-05,1
0.0625,230,0.00175956637,0.0015525379,1.93999858e-05,1
0.0625,231,0.00176722894,0.00155950256,1.94913846e-05,1
0.0625,232,0.00177489221,0.00156646816,1.95828452e-05,1
0.0625,233,0.00178255863,0.00157343689,1.96743658e-05,1
0.0625,234,0.00179022586,0.00158040668,1.97659519e-05,1
0.0625,235,0.00179789506,0.00158737844,1.98575981e-05,1
0.0625,236,0.00180556613,0.00159435219,1.99493097e-05,1
0.0625,237,0.00181323919,0.00160132814,2.00410886e-05,1
0.0625,238,0.00182091398,0.00160830573,2.01329294e-05,1
0.0625,239,0.00182859018,0.00161528494,2.02248266e-05,1
0.0625,240,0.00183626881,0.0016222666,2.03167911e-05,1
0.0625,241,0.00184394838,0.00162924954,2.04088192e-05,1
0.0625,242,0.0018516304,0.00163623469,2.05009183e-05,1
0.0625,243,0.00185931381,0.00164322148,2.05930628e-05,1
0.0625,244,0.00186699943,0.00165021059,2.06852837e-05,1
0.0625,245,0.00187468634,0.00165720109,2.07775611e-05,1
0.0625,246,0.00188237557,0.00166419393,2.08699057e-05,1
0.0625,247,0.00189006631,0.00167118839,2.09623176e-05,1
0.0625,248,0.00189775857,0.00167818461,2.10547823e-05,1
0.0625,249,0.00190545281,0.0016851828,2.11473161e-05,1
0.0625,250,0.00191314868,0.00169218262,2.12399173e-05,1
0.0625,251,0.00192084664,0.001699185,2.13325729e-05,1
0.0625,252,0.00192854623,0.00170618866,2.14252996e-05,1
0.0625,253,0.00193624804,0.00171319477,2.15180917e-05,1
0.0625,254,0.00194395101,0.00172020239,2.16109365e-05,1
0.0625,255,0.0019516563,0.0017272121,2.17038523e-05,1
0.0625,256,0.00195936346,0.0017342238,2.17968354e-05,1
0.0625,257,0.00196707132,0.00174123654,2.18898731e-05,1
0.0625,258,0.00197478198,0.00174825196,2.19829744e-05,1
0.0625,259,0.00198249379,0.00175526901,2.20761449e-05,1
0.0625,260,0.00199020212,0.0017622828,2.20643287e-05,1
0.0625,261,0.00199791766,0.00176930358,2.21572172e-05,1
0.0625,262,0.00200563553,0.00177632645,2.22501694e-05,1
0.0625,263,0.00201335456,0.00178335106,2.23431871e-05,1
0.0625,264,0.00202107546,0.00179037731,2.24362666e-05,1
0.0625,265,0.00202879845,0.00179740589,2.25294134e-05,1
0.0625,266,0.00203652354,0.00180443656,2.26226275e-05,1
0.0625,267,0.00204424979,0.00181146862,2.27158998e-05,1
0.0625,268,0.00205197791,0.00181850267,2.2809234e-05,1
0.0625,269,0.00205970765,0.00182553823,2.29026336e-05,1
0.0625,270,0.00206743926,0.001832576,2.29961024e-05,1
0.0625,271,0.00207517343,0.0018396161,2.3089633e-05,1
0.0625,272,0.00208290853,0.00184665748,2.318322e-05,1
0.0625,273,0.00209064595,0.00185370131,2.32768834e-05,1
0.0625,274,0.00209838501,0.00186074665,2.3370605e-05,1
0.0625,275,0.0021061257,0.00186779397,2.34643903e-05,1
0.0625,276,0.00211386825,0.00187484315,2.3558232e-05,1
0.0625,277,0.00212161266,0.00188189442,2.36521464e-05,1
0.0625,278,0.00212935871,0.0018889471,2.374613e-05,1
0.0625,279,0.00213710661,0.0018960021,2.38401717e-05,1
0.0625,280,0.00214485615,0.00190305873,2.39342698e-05,1
0.0625,281,0.00215260731,0.00191011711,2.40284353e-05,1
0.0625,282,0.00216036127,0.00191717793,2.41226808e-05,1
0.0625,283,0.00216811639,0.00192424061,2.42169717e-05,1
0.0625,284,0.00217587361,0.00193130504,2.43113391e-05,1
0.0625,285,0.00218363246,0.00193837134,2.44057628e-05,1
0.0625,286,0.0021913927,0.00194543926,2.45002539e-05,1
0.0625,287,0.00219915505,0.0019525094,2.45948104e-05,1
0.0625,288,0.00220691925,0.00195958139,2.46894306e-05,1
0.0625,289,0.00221468508,0.00196665525,2.47841181e-05,1
0.0625,290,0.00222245231,0.00197373051,2.48788529e-05,1
0.0625,291,0.00223022187,0.00198080833,2.49736659e-05,1
0.0625,292,0.00223799376,0.00198788848,2.50685553e-05,1
0.0625,293,0.00224576634,0.00199496932,2.5163492e-05,1
0.0625,294,0.00225354149,0.0020020525,2.52584978e-05,1
0.0625,295,0.0022613178,0.00200913777,2.53535673e-05,1
0.0625,296,0.00226909621,0.00201622467,2.54486986e-05,1
0.0625,297,0.00227687671,0.00202331389,2.55439008e-05,1
0.0625,298,0.00228465931,0.00203040522,2.56391741e-05,1
0.0625,299,0.00229244283,0.0020374977,2.57344909e-05,1
0.0625,300,0.00230022823,0.00204459205,2.58298878e-05,1
0.0625,301,0.00230801618,0.0020516892,2.59253484e-05,1
0.0625,302,0.00231580553,0.00205878774,2.60208762e-05,1
0.0625,303,0.00232359627,0.00206588791,2.61164569e-05,1
0.0625,304,0.00233138911,0.00207299041,2.62121084e-05,1
0.0625,305,0.00233918382,0.0020800943,2.63078273e-05,1
0.0625,306,0.00234697992,0.00208720006,2.64036098e-05,1
0.0625,307,0.00235477905,0.00209430885,2.64994669e-05,1
0.0625,308,0.00236257818,0.0021014181,2.65953659e-05,1
0.0625,309,0.00237038033,0.00210853014,2.66913485e-05,1
0.0625,310,0.00237818435,0.00211564405,2.67873911e-05,1
0.0625,311,0.00238598976,0.00212275959,2.68834992e-05,1
0.0625,312,0.00239379657,0.00212987675,2.69796656e-05,1
0.0625,313,0.00240160595,0.00213699648,2.7075901e-05,1
0.0625,314,0.00240941718,0.00214411807,2.71722074e-05,1
0.0625,315,0.00241722935,0.00215124059,2.72685666e-05,1
0.0625,316,0.00242504384,0.00215836614,2.73650057e-05,1
0.0625,317,0.0024328602,0.00216549309,2.74614977e-05,1
0.0625,318,0.00244067796,0.00217262167,2.75580569e-05,1
0.0625,319,0.0024484985,0.00217975304,2.76546889e-05,1
0.0625,320,0.00245631998,0.00218688557,2.77513827e-05,1
0.0625,321,0.00246414356,0.00219402043,2.78481384e-05,1
0.0625,322,0.00247196853,0.00220115669,2.79449505e-05,1
0.0625,323,0.00247979513,0.00220829481,2.80418426e-05,1
0.0625,324,0.00248762406,0.00221543526,2.81387984e-05,1
0.0625,325,0.00249545556,0.00222257804,2.82358196e-05,1
0.0625,326,0.00250328844,0.00222972245,2.833291e-05,1
0.0625,327,0.00251112226,0.00223686825,2.84300531e-05,1
0.0625,328,0.00251895818,0.00224401616,2.85272672e-05,1
0.0625,329,0.00252679689,0.00225116662,2.86245522e-05,1
0.0625,330,0.00253463583,0.00225831778,2.87218863e-05,1
0.0625,331,0.00254247733,0.0022654715,2.88192969e-05,1
0.0625,332,0.00255032093,0.00227262708,2.89167729e-05,1
0.0625,333,0.0025581657,0.00227978453,2.9014318e-05,1
0.0625,334,0.00256601302,0.00228694431,2.91119213e-05,1
0.0625,335,0.00257386127,0.00229410524,2.92095992e-05,1
0.0625,336,0.00258171186,0.00230126851,2.93073335e-05,1
0.0625,337,0.00258956524,0.00230843434,2.94051442e-05,1
0.0625,338,0.00259741931,0.00231560157,2.95030113e-05,1
0.0625,339,0.00260527525,0.00232277066,2.96009493e-05,1
0.0625,340,0.00261313282,0.00232994114,2.96989474e-05,1
0.0625,341,0.00262099179,0.00233711326,2.97970037e-05,1
0.0625,342,0.00262885354,0.0023442884,2.98951418e-05,1
0.0625,343,0.00263671717,0.0023514654,2.99933436e-05,1
0.0625,344,0.00264458242,0.00235864404,3.00916108e-05,1
0.0625,345,0.00265244837,0.0023658236,3.01899272e-05,1
0.0625,346,0.00266031781,0.00237300666,3.02883345e-05,1
0.0625,347,0.00266818795,0.00238019088,3.03867891e-05,1
0.0625,348,0.00267605996,0.00238737697,3.04853147e-05,1
0.0625,349,0.00268393452,0.00239456538,3.05839094e-05,1
0.0625,350,0.00269181025,0.00240175542,3.0682575e-05,1
0.0625,351,0.00269968738,0.00240894686,3.07812952e-05,1
0.0625,352,0.00270756753,0.0024161411,3.08800845e-05,1
0.0625,353,0.00271544908,0.0024233372,3.0978943e-05,1
0.0625,354,0.00272333226,0.00243053492,3.10778705e-05,1
0.0625,355,0.00273121684,0.00243773405,3.11768526e-05,1
0.0625,356,0.00273910351,0.0024449355,3.12759075e-05,1
0.0625,357,0.00274699251,0.00245213928,3.13750425e-05,1
0.0625,358,0.00275488268,0.00245934469,3.1474221e-05,1
0.0625,359,0.00276277517,0.00246655219,3.1573476e-05,1
0.0625,360,0.00277066953,0.00247376133,3.16727892e-05,1
0.0625,361,0.0027785718,0.00248097838,3.17307786e-05,1
0.0625,362,0.00278646988,0.00248819217,3.18301209e-05,1
0.0625,363,0.00279436959,0.00249540713,3.1929525e-05,1
0.0625,364,0.00280227093,0.00250262395,3.2028991e-05,1
0.0625,365,0.0028101739,0.00250984286,3.21285297e-05,1
0.0625,366,0.00281807897,0.0025170634,3.22281339e-05,1
0.0625,367,0.0028259859,0.00252428628,3.23278109e-05,1
0.0625,368,0.00283389422,0.00253151054,3.24275352e-05,1
0.0625,369,0.00284180511,0.00253873761,3.25273431e-05,1
0.0625,370,0.00284971669,0.00254596537,3.26272093e-05,1
0.0625,371,0.00285763084,0.00255319616,3.27271482e-05,1
0.0625,372,0.00286554615,0.00256042788,3.2827149e-05,1
0.0625,373,0.00287346449,0.00256766286,3.29272152e-05,1
0.0625,374,0.00288138376,0.00257489854,3.30273469e-05,1
0.0625,375,0.00288930512,0.00258213677,3.31275514e-05,1
0.0625,376,0.00289722811,0.00258937664,3.32278178e-05,1
0.0625,377,0.00290515344,0.00259661861,3.33281496e-05,1
0.0625,378,0.00291308016,0.00260386243,3.34285542e-05,1
0.0625,379,0.00292100874,0.00261110812,3.35290242e-05,1
0.0625,380,0.00292893965,0.00261835614,3.3629567e-05,1
0.0625,381,0.00293687102,0.00262560532,3.37301608e-05,1
0.0625,382,0.00294480519,0.00263285683,3.38308237e-05,1
0.0625,383,0.00295274123,0.00264011021,3.39315666e-05,1
0.0625,384,0.00296067842,0.00264736521,3.40323641e-05,1
0.0625,385,0.00296861818,0.00265462277,3.41332307e-05,1
0.0625,386,0.0029765598,0.00266188243,3.42341773e-05,1
0.0625,387,0.00298450282,0.00266914349,3.43351749e-05,1
0.0625,388,0.00299244723,0.00267640594,3.44362415e-05,1
0.0625,389,0.00300039491,0.00268367166,3.45373846e-05,1
0.0625,390,0.00300834305,0.0026909383,3.46385787e-05,1
0.0625,391,0.00301629351,0.00269820704,3.47398491e-05,1
0.0625,392,0.00302424538,0.00270547741,3.48411922e-05,1
0.0625,393,0.00303219911,0.00271275011,3.49425864e-05,1
0.0625,394,0.00304015609,0.00272002537,3.5044075e-05,1
0.0625,395,0.00304811308,0.00272730156,3.51456001e-05,1
0.0625,396,0.0030560731,0.00273458031,3.52472089e-05,1
0.0625,397,0.00306403451,0.00274186069,3.53488867e-05,1
0.0625,398,0.00307199662,0.002749142,3.54506192e-05,1
0.0625,399,0.00307996245,0.00275642704,3.55524353e-05,1
0.0625,400,0.00308792898,0.00276371301,3.56543023e-05,1
0.0625,401,0.00309589761,0.00277100108,3.57562421e-05,1
0.0625,402,0.0031038681,0.00277829124,3.5858262e-05,1
0.0625,403,0.00311183999,0.00278558303,3.59603291e-05,1
0.0625,404,0.00311981444,0.00279287715,3.6062469e-05,1
0.0625,405,0.00312778959,0.00280017243,3.6164678e-05,1
0.0625,406,0.00313576777,0.0028074705,3.62669598e-05,1
0.0625,407,0.00314374804,0.00281477068,3.6369318e-05,1
0.0625,408,0.003151729,0.00282207225,3.64717198e-05,1
0.0625,409,0.0031597123,0.00282937568,3.65742089e-05,1
0.0625,410,0.00316769746,0.00283668097,3.66767526e-05,1
0.0625,411,0.00317568448,0.00284398859,3.67793691e-05,1
0.0625,412,0.00318367337,0.00285129831,3.68820583e-05,1
0.0625,413,0.00319166342,0.00285860943,3.69848094e-05,1
0.0625,414,0.00319965603,0.00286592264,3.7087626e-05,1
0.0625,415,0.00320765004,0.00287323724,3.71905044e-05,1
0.0625,416,0.00321564567,0.00288055465,3.72934701e-05,1
0.0625,417,0.00322364434,0.00288787391,3.73964904e-05,1
0.0625,418,0.0032316437,0.0028951948,3.74995761e-05,1
0.0625,419,0.00323964586,0.00290251826,3.76027419e-05,1
0.0625,420,0.00324764824,0.00290984218,3.77059623e-05,1
0.0625,421,0.00325565436,0.00291717006,3.78092627e-05,1
0.0625,422,0.00326366047,0.00292449794,3.79126141e-05,1
0.0625,423,0.00327166962,0.00293182884,3.80160418e-05,1
0.0625,424,0.00327968062,0.00293916184,3.81195532e-05,1
0.0625,425,0.00328769232,0.00294649554,3.82231046e-05,1
0.0625,426,0.00329570775,0.00295383297,3.83267507e-05,1
0.0625,427,0.00330372341,0.00296117109,3.8430444e-05,1
0.0625,428,0.00331174117,0.00296851108,3.85342064e-05,1
0.0625,429,0.00331976078,0.00297585339,3.86380416e-05,1
0.0625,430,0.00332778296,0.00298319804,3.87419495e-05,1
0.0625,431,0.00333580584,0.00299054384,3.88459193e-05,1
0.0625,432,0.00334383175,0.00299789244,3.89499728e-05,1
0.0625,433,0.00335185858,0.00300524198,3.90540808e-05,1
0.0625,434,0.00335988752,0.00301259407,3.91582435e-05,1
0.0625,435,0.00336791854,0.00301994802,3.9262497e-05,1
0.0625,436,0.0033759519,0.00302730477,3.93668161e-05,1
0.0625,437,0.00338398549,0.00303466176,3.94711969e-05,1
0.0625,438,0.00339202257,0.00304202223,3.95756433e-05,1
0.0625,439,0.00340006081,0.00304938387,3.96801624e-05,1
0.0625,440,0.00340809976,0.00305674667,3.97847471e-05,1
0.0625,441,0.00341614196,0.00306411274,3.98893972e-05,1
0.0625,442,0.00342418603,0.00307148043,3.99941237e-05,1
0.0625,443,0.00343223126,0.00307884975,4.00989193e-05,1
0.0625,444,0.00344027812,0.00308622094,4.02037804e-05,1
0.0625,445,0.0034483273,0.00309359422,4.03086997e-05,1
0.0625,446,0.00345637905,0.00310097029,4.04137099e-05,1
0.0625,447,0.00346443104,0.00310834683,4.05187675e-05,1
0.0625,448,0.00347248628,0.0031157264,4.06239014e-05,1
0.0625,449,0.00348054268,0.0031231076,4.07291118e-05,1
0.0625,450,0.00348860095,0.00313049043,4.08343803e-05,1
0.0625,451,0.00349666178,0.00313787628,4.09397217e-05,1
0.0625,452,0.00350472238,0.0031452619,4.10451248e-05,1
0.0625,453,0.00351278693,0.00315265148,4.11506044e-05,1
0.0625,454,0.00352085219,0.00316004199,4.12561494e-05,1
0.0625,455,0.00352892,0.00316743506,4.13617672e-05,1
0.0625,456,0.00353698991,0.00317483023,4.14674614e-05,1
0.0625,457,0.00354506006,0.00318222609,4.15731956e-05,1
0.0625,458,0.00355313346,0.00318962475,4.16790172e-05,1
0.0625,459,0.00356120826,0.00319702574,4.17849078e-05,1
0.0625,460,0.00356928562,0.00320442906,4.18908639e-05,1
0.0625,461,0.00357736391,0.0032118333,4.19968928e-05,1
0.0625,462,0.00358544453,0.00321923988,4.21029836e-05,1
0.0625,463,0.00359352678,0.00322664808,4.2209158e-05,1
0.0625,464,0.00360161066,0.00323405815,4.23153942e-05,1
0.0625,465,0.0036096964,0.00324147055,4.24216923e-05,1
0.0625,466,0.00361778447,0.00324888504,4.25280559e-05,1
0.0625,467,0.00362587417,0.0032563014,4.26345141e-05,1
0.0625,468,0.00363396527,0.00326371938,4.27410268e-05,1
0.0625,469,0.0036420594,0.00327114016,4.28476123e-05,1
0.0625,470,0.00365015352,0.0032785614,4.29542451e-05,1
0.0625,471,0.00365825067,0.00328598567,4.30609653e-05,1
0.0625,472,0.00366634969,0.00329341181,4.31677545e-05,1
0.0625,473,0.00367444986,0.0033008391,4.32746019e-05,1
0.0625,474,0.0036825533,0.00330826989,4.33815439e-05,1
0.0625,475,0.00369065627,0.00331570092,4.34885187e-05,1
0.0625,476,0.00369876344,0.00332313497,4.35955917e-05,1
0.0625,477,0.0037068706,0.00333057041,4.37027156e-05,1
0.0625,478,0.00371498102,0.00333800865,4.38099269e-05,1
0.0625,479,0.00372309331,0.00334544852,4.39172036e-05,1
0.0625,480,0.00373120536,0.00335288886,4.40245312e-05,1
0.0625,481,0.0037393216,0.00336033315,4.41319607e-05,1
0.0625,482,0.00374743948,0.00336777931,4.42394376e-05,1
0.0625,483,0.00375555735,0.00337522547,4.43469798e-05,1
0.0625,484,0.00376367895,0.00338267558,4.44546022e-05,1
0.0625,485,0.00377180218,0.00339012756,4.45622936e-05,1
0.0625,486,0.00377992634,0.00339758047,4.46700396e-05,1
0.0625,487,0.00378805259,0.00340503547,4.47778693e-05,1
0.0625,488,0.00379618118,0.00341249304,4.48857681e-05,1
0.0625,489,0.00380431139,0.00341995223,4.49937361e-05,1
0.0625,490,0.00381244346,0.00342741329,4.51017695e-05,1
0.0625,491,0.00382057694,0.00343487645,4.52098793e-05,1
0.0625,492,0.0038287132,0.00344234193,4.53180619e-05,1
0.0625,493,0.00383685017,0.00344980857,4.54263063e-05,1
0.0625,494,0.0038449897,0.00345727778,4.55346162e-05,1
0.0625,495,0.00385313109,0.00346474862,4.56429989e-05,1
0.0625,496,0.00386127434,0.00347222178,4.57514579e-05,1
0.0625,497,0.00386941805,0.00347969565,4.58599825e-05,1
0.0625,498,0.0038775662,0.00348717393,4.59685871e-05,1
0.0625,499,0.00388571527,0.00349465269,4.60772535e-05,1
0.0625,500,0.00389386481,0.00350213284,4.61859818e-05,1
0.0625,501,0.00390201737,0.00350961578,4.62947828e-05,1
0.0625,502,0.00391017133,0.00351710035,4.64036675e-05,1
0.0625,503,0.00391832786,0.00352458726,4.65126141e-05,1
0.0625,504,0.00392648578,0.00353207602,4.66216225e-05,1
0.0625,505,0.00393464509,0.00353956618,4.67306963e-05,1
0.0625,506,0.00394280721,0.00354705891,4.68398648e-05,1
0.0625,507,0.00395097025,0.00355455326,4.69490878e-05,1
0.0625,508,0.00395913562,0.00356204971,4.70583836e-05,1
0.0625,509,0.00396730239,0.00356954802,4.71677413e-05,1
0.0625,510,0.00397547102,0.00357704819,4.72771717e-05,1
0.0625,511,0.00398364244,0.00358455093,4.73866894e-05,1
0.0625,512,0.00399181526,0.00359205576,4.74962653e-05,1
0.0625,513,0.00399999134,0.00359956292,4.76013884e-05,1
0.0625,514,0.00400816649,0.00360707007,4.77110989e-05,1
0.0625,515,0.0040163449,0.00361458026,4.78208749e-05,1
0.0625,516,0.00402452564,0.00362209347,4.79307273e-05,1
0.0625,517,0.00403270777,0.00362960761,4.80406452e-05,1
0.0625,518,0.0040408913,0.00363712339,4.81506286e-05,1
0.0625,519,0.0040490767,0.00364464149,4.8260692e-05,1
0.0625,520,0.00405726396,0.00365216122,4.83708209e-05,1
0.0625,521,0.00406545307,0.00365968305,4.84810225e-05,1
0.0625,522,0.00407364499,0.00366720767,4.85913115e-05,1
0.0625,523,0.0040818383,0.00367473369,4.87016368e-05,1
0.0625,524,0.00409003347,0.00368226203,4.88120459e-05,1
0.0625,525,0.00409823051,0.00368979224,4.89225349e-05,1
0.0625,526,0.00410642847,0.00369732315,4.90330858e-05,1
0.0625,527,0.00411462877,0.00370485708,4.91437058e-05,1
0.0625,528,0.00412283139,0.00371239288,4.92544023e-05,1
0.0625,529,0.00413103588,0.003719931,4.93651751e-05,1
0.0625,530,0.00413924223,0.00372747099,4.94760206e-05,1
0.0625,531,0.00414744904,0.00373501168,4.95869135e-05,1
0.0625,532,0.00415565958,0.00374255609,4.96978973e-05,1
0.0625,533,0.00416387105,0.0037501019,4.98089466e-05,1
0.0625,534,0.00417208485,0.00375764957,4.99200687e-05,1
0.0625,535,0.00418030052,0.00376519933,5.00312599e-05,1
0.0625,536,0.00418851711,0.0037727505,5.01425238e-05,1
0.0625,537,0.0041967365,0.00378030399,5.0253846e-05,1
0.0625,538,0.00420495728,0.00378785934,5.03652518e-05,1
0.0625,539,0.00421318039,0.00379541749,5.04767268e-05,1
0.0625,540,0.00422140583,0.00380297727,5.05882745e-05,1
0.0625,541,0.00422963127,0.00381053798,5.0699884e-05,1
0.0625,542,0.00423785951,0.00381810172,5.081157e-05,1
0.0625,543,0.00424609007,0.00382566708,5.09233396e-05,1
0.0625,544,0.00425432157,0.00383323408,5.10351565e-05,1
0.0625,545,0.00426255632,0.00384080387,5.11470644e-05,1
0.0625,546,0.00427079201,0.00384837505,5.12590414e-05,1
0.0625,547,0.00427903049,0.00385594927,5.13710947e-05,1
0.0625,548,0.00428726897,0.00386352348,5.14831954e-05,1
0.0625,549,0.00429551117,0.00387110165,5.1595387e-05,1
0.0625,550,0.00430375431,0.00387868029,5.17076296e-05,1
0.0625,551,0.00431199837,0.00388626102,5.18199631e-05,1
0.0625,552,0.00432024663,0.00389384525,5.19323803e-05,1
0.0625,553,0.00432849536,0.00390143041,5.20448448e-05,1
0.0625,554,0.00433674688,0.00390901836,5.21574038e-05,1
0.0625,555,0.00434499839,0.00391660584,5.22699884e-05,1
0.0625,556,0.00435325317,0.00392419798,5.2382682e-05,1
0.0625,557,0.00436150935,0.00393179059,5.24954485e-05,1
0.0625,558,0.00436976738,0.00393938599,5.26082804e-05,1
0.0625,559,0.00437802868,0.00394698326,5.27211705e-05,1
0.0625,560,0.00438628998,0.00395458192,5.28341479e-05,1
0.0625,561,0.0043945536,0.00396218291,5.29472018e-05,1
0.0625,562,0.00440281956,0.00396978622,5.3060292e-05,1
0.0625,563,0.00441108691,0.00397739094,5.3173484e-05,1
0.0625,564,0.00441935565,0.00398499751,5.32867489e-05,1
0.0625,565,0.00442762766,0.00399260735,5.34000865e-05,1
0.0625,566,0.00443590106,0.00400021812,5.35134786e-05,1
0.0625,567,0.00444417633,0.00400783168,5.36269654e-05,1
0.0625,568,0.00445245299,0.00401544664,5.37405067e-05,1
0.0625,569,0.00446073106,0.00402306253,5.38541171e-05,1
0.0625,570,0.00446901238,0.00403068168,5.39678113e-05,1
0.0625,571,0.00447729416,0.00403830223,5.40815745e-05,1
0.0625,572,0.00448557828,0.0040459251,5.41954032e-05,1
0.0625,573,0.00449386565,0.00405355077,5.43093156e-05,1
0.0625,574,0.00450215209,0.00406117644,5.44232826e-05,1
0.0625,575,0.00451044273,0.0040688049,5.45373223e-05,1
0.0625,576,0.00451873476,0.00407643616,5.46514566e-05,1
0.0625,577,0.00452702865,0.00408406928,5.47656527e-05,1
0.0625,578,0.00453532347,0.00409170333,5.48799035e-05,1
0.0625,579,0.00454362063,0.00409934018,5.49942561e-05,1
0.0625,580,0.00455192057,0.00410697935,5.51086559e-05,1
0.0625,581,0.00456022099,0.00411461946,5.52231359e-05,1
0.0625,582,0.00456852419,0.00412226189,5.53376922e-05,1
0.0625,583,0.00457682973,0.00412990758,5.54523285e-05,1
0.0625,584,0.00458513666,0.00413755467,5.55670194e-05,1
0.0625,585,0.00459344452,0.00414520223,5.56817795e-05,1
0.0625,586,0.00460175565,0.00415285351,5.57966378e-05,1
0.0625,587,0.00461006863,0.00416050665,5.59115651e-05,1
0.0625,588,0.00461838255,0.00416816073,5.60265362e-05,1
0.0625,589,0.00462669739,0.0041758162,5.61415909e-05,1
0.0625,590,0.00463501643,0.00418347586,5.6256722e-05,1
0.0625,591,0.00464333687,0.00419113645,5.63719259e-05,1
0.0625,592,0.00465165824,0.00419879938,5.64872171e-05,1
0.0625,593,0.00465998147,0.00420646323,5.66025701e-05,1
0.0625,594,0.00466830702,0.00421412988,5.67179923e-05,1
0.0625,595,0.00467663491,0.00422179885,5.68334872e-05,1
0.0625,596,0.00468496419,0.00422946969,5.69490585e-05,1
0.0625,597,0.00469329581,0.00423714239,5.70646953e-05,1
0.0625,598,0.00470162835,0.00424481696,5.71804012e-05,1
0.0625,599,0.00470996322,0.00425249338,5.72961981e-05,1
0.0625,600,0.00471829949,0.00426017167,5.74120386e-05,1
0.0625,601,0.00472663855,0.00426785229,5.7527981e-05,1
0.0625,602,0.00473497948,0.00427553523,5.76439852e-05,1
0.0625,603,0.00474332087,0.00428321864,5.77600513e-05,1
0.0625,604,0.00475166598,0.00429090578,5.78762083e-05,1
0.0625,605,0.0047600111,0.00429859338,5.79924344e-05,1
0.0625,606,0.00476836041,0.00430628564,5.81087224e-05,1
0.0625,607,0.00477670971,0.00431397697,5.82251014e-05,1
0.0625,608,0.00478506181,0.00432167202,5.83415313e-05,1
0.0625,609,0.00479341438,0.00432936708,5.84580303e-05,1
0.0625,610,0.00480177021,0.00433706632,5.85746202e-05,1
0.0625,611,0.00481012696,0.00434476603,5.86912756e-05,1
0.0625,612,0.00481848745,0.00435246946,5.88080293e-05,1
0.0625,613,0.0048268484,0.00436017383,5.8924823e-05,1
0.0625,614,0.00483521121,0.00436788006,5.90417112e-05,1
0.0625,615,0.00484357635,0.00437558908,5.91586577e-05,1
0.0625,616,0.00485194335,0.0043832995,5.92756842e-05,1
0.0625,617,0.00486031128,0.00439101132,5.93927689e-05,1
0.0625,618,0.00486868154,0.00439872546,5.95099482e-05,1
0.0625,619,0.0048770546,0.00440644287,5.96272075e-05,1
0.0625,620,0.00488542859,0.00441416074,5.97445105e-05,1
0.0625,621,0.0048938049,0.0044218814,5.98619008e-05,1
0.0625,622,0.00490218308,0.00442960393,5.99793821e-05,1
0.0625,623,0.00491056312,0.00443732832,6.0096907e-05,1
0.0625,624,0.00491894502,0.00444505503,6.02145155e-05,1
0.0625,625,0.00492732925,0.00445278361,6.03322005e-05,1
0.0625,626,0.00493571442,0.00446051452,6.04499728e-05,1
0.0625,627,0.00494410144,0.0044682459,6.05677851e-05,1
0.0625,628,0.00495249126,0.00447598053,6.06857102e-05,1
0.0625,629,0.00496088201,0.00448371703,6.08036789e-05,1
0.0625,630,0.00496927463,0.00449145492,6.09217168e-05,1
0.0625,631,0.00497767096,0.00449919654,6.10398711e-05,1
0.0625,632,0.00498606823,0.00450693956,6.1158069e-05,1
0.0625,633,0.00499446597,0.00451468304,6.12763324e-05,1
0.0625,634,0.00500286743,0.00452242978,6.13946686e-05,1
0.0625,635,0.00501126936,0.00453017792,6.15130921e-05,1
0.0625,636,0.00501967361,0.00453792838,6.16315883e-05,1
0.0625,637,0.00502807973,0.00454568071,6.17501501e-05,1
0.0625,638,0.00503648911,0.00455343584,6.18687991e-05,1
0.0625,639,0.00504489802,0.00456119142,6.19875136e-05,1
0.0625,640,0.00505331066,0.00456895027,6.21063082e-05,1
0.0625,641,0.00506172422,0.00457671098,6.22251537e-05,1
0.0625,642,0.00507014012,0.00458447356,6.23441083e-05,1
0.0625,643,0.00507855788,0.00459223799,6.24631211e-05,1
0.0625,644,0.00508697797,0.00460000522,6.25822067e-05,1
0.0625,645,0.00509539852,0.00460777339,6.27013651e-05,1
0.0625,646,0.00510382233,0.00461554388,6.28205889e-05,1
0.0625,647,0.00511224708,0.00462331623,6.29399001e-05,1
0.0625,648,0.00512067415,0.00463109044,6.30592767e-05,1
0.0625,649,0.00512910262,0.00463886699,6.31787261e-05,1
0.0625,650,0.00513753528,0.00464664726,6.32982774e-05,1
0.0625,651,0.00514596747,0.00465442706,6.34178723e-05,1
0.0625,652,0.00515440106,0.00466220872,6.35375472e-05,1
0.0625,653,0.00516283885,0.00466999458,6.36573022e-05,1
0.0625,654,0.00517127663,0.0046777809,6.37771154e-05,1
0.0625,655,0.00517971674,0.00468556909,6.38970014e-05,1
0.0625,656,0.00518815825,0.00469335914,6.40169892e-05,1
0.0625,657,0.00519660302,0.00470115244,6.41370498e-05,1
0.0625,658,0.00520504918,0.00470894715,6.42571686e-05,1
0.0625,659,0.00521349721,0.00471674372,6.43773674e-05,1
0.0625,660,0.0052219471,0.00472454261,6.44976317e-05,1
0.0625,661,0.00523039792,0.00473234244,6.46179687e-05,1
0.0625,662,0.00523885246,0.00474014645,6.47384077e-05,1
0.0625,663,0.00524730794,0.00474795094,6.48588975e-05,1
0.0625,664,0.00525576482,0.00475575775,6.49794674e-05,1
0.0625,665,0.00526422402,0.00476356642,6.51001101e-05,1
0.0625,666,0.00527268462,0.00477137649,6.52208255e-05,1
0.0625,667,0.00528114755,0.00477918936,6.53416137e-05,1
0.0625,668,0.00528961234,0.00478700409,6.54624746e-05,1
0.0625,669,0.00529808085,0.00479482207,6.55834447e-05,1
0.0625,670,0.00530654844,0.00480264053,6.57044438e-05,1
0.0625,671,0.00531501882,0.00481046084,6.58255522e-05,1
0.0625,672,0.00532349013,0.00481828302,6.59467041e-05,1
0.0625,673,0.00533196563,0.00482610893,6.60679216e-05,1
0.0625,674,0.00534044253,0.00483393669,6.618927e-05,1
0.0625,675,0.00534892129,0.00484176539,6.63106694e-05,1
0.0625,676,0.00535740098,0.00484959595,6.64321269e-05,1
0.0625,677,0.00536588207,0.00485742884,6.65536791e-05,1
0.0625,678,0.00537436642,0.00486526359,6.66752676e-05,1
0.0625,679,0.00538285077,0.00487309974,6.67969434e-05,1
0.0625,680,0.00539134024,0.00488094054,6.6918743e-05,1
0.0625,681,0.00539982831,0.00488877995,6.70405716e-05,1
0.0625,682,0.00540832058,0.00489662401,6.71625021e-05,1
0.0625,683,0.00541681331,0.00490446901,6.7284469e-05,1
0.0625,684,0.00542530883,0.0049123154,6.74065377e-05,1
0.0625,685,0.00543380622,0.00492016505,6.75286792e-05,1
0.0625,686,0.00544230547,0.0049280161,6.76509153e-05,1
0.0625,687,0.00545080658,0.00493586995,6.77732023e-05,1
0.0625,688,0.00545930816,0.00494372426,6.78955548e-05,1
0.0625,689,0.005467813,0.00495158136,6.80180092e-05,1
0.0625,690,0.00547632016,0.00495944079,6.8140529e-05,1
0.0625,691,0.00548482873,0.00496730208,6.82631071e-05,1
0.0625,692,0.00549333869,0.00497516477,6.83857652e-05,1
0.0625,693,0.00550185051,0.00498302979,6.85085179e-05,1
0.0625,694,0.00551036559,0.00499089807,6.86313215e-05,1
0.0625,695,0.0055188816,0.00499876728,6.87542342e-05,1
0.0625,696,0.00552739995,0.00500663882,6.88772125e-05,1
0.0625,697,0.00553591875,0.00501451176,6.90002416e-05,1
0.0625,698,0.00554444129,0.00502238702,6.91233508e-05,1
0.0625,699,0.00555296522,0.00503026461,6.92465546e-05,1
0.0625,700,0.00556149054,0.00503814407,6.93698385e-05,1
0.0625,701,0.00557001866,0.00504602632,6.94931878e-05,1
0.0625,702,0.00557854772,0.0050539095,6.96166098e-05,1
0.0625,703,0.00558707817,0.00506179407,6.97400828e-05,1
0.0625,704,0.00559561234,0.00506968284,6.98636795e-05,1
0.0625,705,0.00560414745,0.00507757254,6.99873272e-05,1
0.0625,706,0.00561268488,0.0050854641,7.01110475e-05,1
0.0625,707,0.00562122371,0.00509335753,7.02348407e-05,1
0.0625,708,0.0056297644,0.00510125281,7.03587211e-05,1
0.0625,709,0.00563830696,0.00510915136,7.04826743e-05,1
0.0625,710,0.00564685185,0.00511705084,7.06067003e-05,1
0.0625,711,0.00565539813,0.00512495218,7.07308063e-05,1
0.0625,712,0.0056639472,0.00513285678,7.08550142e-05,1
0.0625,713,0.00567249674,0.00514076184,7.09792439e-05,1
0.0625,714,0.00568104861,0.00514866924,7.11035609e-05,1
0.0625,715,0.00568960328,0.00515657943,7.12279871e-05,1
0.0625,716,0.00569815934,0.00516449148,7.13524641e-05,1
0.0625,717,0.00570671773,0.00517240586,7.1477014e-05,1
0.0625,718,0.00571527705,0.00518032117,7.16016439e-05,1
0.0625,719,0.00572383963,0.00518823974,7.17263756e-05,1
0.0625,720,0.00573240221,0.00519615924,7.18511656e-05,1
0.0625,721,0.00574096758,0.00520408107,7.19760137e-05,1
0.0625,722,0.00574953668,0.00521200662,7.2100971e-05,1
0.0625,723,0.00575810671,0.00521993265,7.22259865e-05,1
0.0625,724,0.00576667767,0.00522786099,7.23510821e-05,1
0.0625,725,0.00577525003,0.00523579028,7.24762431e-05,1
0.0625,726,0.00578382472,0.00524372188,7.26014841e-05,1
0.0625,727,0.00579240173,0.00525165629,7.27268052e-05,1
0.0625,728,0.00580098061,0.00525959255,7.28522136e-05,1
0.0625,729,0.00580956182,0.00526753115,7.29776875e-05,1
0.0625,730,0.00581814535,0.00527547207,7.31032342e-05,1
0.0625,731,0.00582672982,0.00528341439,7.32288681e-05,1
0.0625,732,0.00583531614,0.00529135903,7.33545749e-05,1
0.0625,733,0.0058439034,0.00529930368,7.34803252e-05,1
0.0625,734,0.00585249485,0.00530725298,7.36061993e-05,1
0.0625,735,0.00586108863,0.00531520508,7.37321534e-05,1
0.0625,736,0.00586968102,0.00532315625,7.38581293e-05,1
0.0625,737,0.00587827712,0.00533111067,7.39842217e-05,1
0.0625,738,0.00588687556,0.00533906743,7.41103941e-05,1
0.0625,739,0.00589547493,0.00534702558,7.42366392e-05,1
0.0625,740,0.00590407848,0.00535498792,7.43629425e-05,1
0.0625,741,0.00591268158,0.0053629498,7.44893405e-05,1
0.0625,742,0.00592128653,0.005370914,7.46158039e-05,1
0.0625,743,0.00592989475,0.00537888147,7.47423546e-05,1
0.0625,744,0.00593850389,0.00538684987,7.48689781e-05,1
0.0625,745,0.00594711537,0.00539482059,7.49956889e-05,1
0.0625,746,0.00595572777,0.00540279318,7.51224434e-05,1
0.0625,747,0.00596434437,0.00541076949,7.52493142e-05,1
0.0625,748,0.00597296236,0.0054187472,7.53762579e-05,1
0.0625,749,0.00598158082,0.00542672584,7.55032524e-05,1
0.0625,750,0.00599020254,0.00543470727,7.56303562e-05,1
0.0625,751,0.00599882379,0.00544268871,7.5757489e-05,1
0.0625,752,0.00600744877,0.00545067433,7.58847382e-05,1
0.0625,753,0.00601607608,0.00545866229,7.60120602e-05,1
0.0625,754,0.00602470525,0.00546665164,7.61394622e-05,1
0.0625,755,0.00603333581,0.00547464332,7.6266937e-05,1
0.0625,756,0.00604196824,0.00548263639,7.63944627e-05,1
0.0625,757,0.00605060207,0.00549063133,7.65220902e-05,1
0.0625,758,0.00605923915,0.00549862906,7.66497978e-05,1
0.0625,759,0.00606787717,0.00550662912,7.67775855e-05,1
0.0625,760,0.00607651751,0.00551463058,7.69054459e-05,1
0.0625,761,0.00608515926,0.00552263344,7.70333645e-05,1
0.0625,762,0.00609380379,0.00553064002,7.71613777e-05,1
0.0625,763,0.00610244879,0.00553864706,7.72894564e-05,1
0.0625,764,0.00611109752,0.0055466569,7.74176515e-05,1
0.0625,765,0.00611974671,0.00555466814,7.75458902e-05,1
0.0625,766,0.00612839824,0.00556268217,7.76741872e-05,1
0.0625,767,0.00613705302,0.005570699,7.78026078e-05,1
0.0625,768,0.0061457078,0.00557871629,7.79310649e-05,1
0.0625,769,0.00615436584,0.00558673684,7.80596383e-05,1
0.0625,770,0.00616302434,0.00559475739,7.81882409e-05,1
0.0625,771,0.00617168564,0.00560278213,7.83169671e-05,1
0.0625,772,0.00618034927,0.00561080826,7.84457443e-05,1
0.0625,773,0.00618901383,0.0056188358,7.85746306e-05,1
0.0625,774,0.00619768165,0.00562686659,7.87035533e-05,1
0.0625,775,0.0062063504,0.00563489925,7.88325706e-05,1
0.0625,776,0.00621502101,0.00564293331,7.89616897e-05,1
0.0625,777,0.00622369442,0.00565097015,7.90908525e-05,1
0.0625,778,0.00623236829,0.00565900793,7.92200954e-05,1
0.0625,779,0.00624104496,0.00566704804,7.93494473e-05,1
0.0625,780,0.00624972349,0.00567509048,7.94788502e-05,1
0.0625,781,0.00625840528,0.00568313617,7.9608355e-05,1
0.0625,782,0.006267088,0.00569118327,7.9737918e-05,1
0.0625,783,0.00627577119,0.00569923082,7.98675464e-05,1
0.0625,784,0.0062844581,0.00570728211,7.99972768e-05,1
0.0625,785,0.00629314547,0.00571533479,8.0127058e-05,1
0.0625,786,0.00630183704,0.00572339073,8.02569557e-05,1
0.0625,787,0.00631052768,0.0057314462,8.0386897e-05,1
0.0625,788,0.00631922251,0.0057395054,8.05169257e-05,1
0.0625,789,0.00632792013,0.00574756786,8.06470562e-05,1
0.0625,790,0.00633661542,0.00575562892,8.07772158e-05,1
0.0625,791,0.00634531584,0.00576369464,8.09074918e-05,1
0.0625,792,0.00635401765,0.00577176176,8.10378551e-05,1
0.0625,793,0.00636272039,0.00577982981,8.11682476e-05,1
0.0625,794,0.0063714264,0.00578790158,8.1298771e-05,1
0.0625,795,0.00638013426,0.00579597615,8.14293526e-05,1
0.0625,796,0.00638884399,0.00580405118,8.15600215e-05,1
0.0625,797,0.00639755465,0.00581212807,8.16907414e-05,1
0.0625,798,0.00640626764,0.0058202073,8.18215631e-05,1
0.0625,799,0.00641498342,0.00582828978,8.19524575e-05,1
0.0625,800,0.00642370107,0.00583637366,8.20834321e-05,1
0.0625,801,0.00643242011,0.0058444594,8.22144793e-05,1
0.0625,802,0.00644114194,0.00585254747,8.23456357e-05,1
0.0625,803,0.00644986378,0.00586063694,8.24768285e-05,1
0.0625,804,0.00645858794,0.00586872781,8.26081159e-05,1
0.0625,805,0.00646731444,0.00587682193,8.27394542e-05,1
0.0625,806,0.00647604279,0.00588491745,8.28709308e-05,1
0.0625,807,0.00648477441,0.00589301623,8.30024219e-05,1
0.0625,808,0.00649350695,0.00590111595,8.31340367e-05,1
0.0625,809,0.0065022409,0.00590921752,8.32657315e-05,1
0.0625,810,0.00651097763,0.00591732282,8.339747e-05,1
0.0625,811,0.00651971577,0.00592542859,8.35293395e-05,1
0.0625,812,0.0065284567,0.00593353715,8.36612526e-05,1
0.0625,813,0.00653719762,0.0059416471,8.37932166e-05,1
0.0625,814,0.00654594321,0.00594976079,8.39253116e-05,1
0.0625,815,0.00655468926,0.00595787494,8.40574721e-05,1
0.0625,816,0.00656343671,0.00596599095,8.41896908e-05,1
0.0625,817,0.00657218695,0.00597410975,8.43220114e-05,1
0.0625,818,0.00658093765,0.00598222949,8.44543756e-05,1
0.0625,819,0.00658969162,0.00599035295,8.45868562e-05,1
0.0625,820,0.00659844792,0.00599847781,8.47194096e-05,1
0.0625,821,0.00660720514,0.00600660499,8.48520576e-05,1
0.0625,822,0.0066159647,0.00601473358,8.49847565e-05,1
0.0625,823,0.00662472611,0.00602286402,8.51175355e-05,1
0.0625,824,0.00663349126,0.00603099912,8.52504236e-05,1
0.0625,825,0.00664225593,0.0060391333,8.53833553e-05,1
0.0625,826,0.00665102201,0.0060472698,8.55163671e-05,1
0.0625,827,0.00665979087,0.00605540862,8.56494589e-05,1
0.0625,828,0.00666856254,0.00606355071,8.57826453e-05,1
0.0625,829,0.00667733606,0.0060716942,8.59159118e-05,1
0.0625,830,0.00668611191,0.00607984047,8.60492728e-05,1
0.0625,831,0.0066948887,0.00608798815,8.61826848e-05,1
0.0625,832,0.00670366641,0.00609613629,8.63161695e-05,1
0.0625,833,0.00671244739,0.00610428816,8.64497342e-05,1
0.0625,834,0.00672123022,0.00611244235,8.65834008e-05,1
0.0625,835,0.00673001539,0.00612059841,8.67171475e-05,1
0.0625,836,0.00673880288,0.0061287568,8.68509815e-05,1
0.0625,837,0.00674759038,0.00613691565,8.69848809e-05,1
0.0625,838,0.0067563816,0.00614507822,8.71188386e-05,1
0.0625,839,0.00676517515,0.00615324313,8.72529054e-05,1
0.0625,840,0.00677396916,0.00616140896,8.73870522e-05,1
0.0625,841,0.00678276457,0.0061695762,8.75212427e-05,1
0.0625,842,0.00679156277,0.00617774669,8.76555496e-05,1
0.0625,843,0.00680036377,0.00618591951,8.77899365e-05,1
0.0625,844,0.00680916477,0.00619409326,8.79243744e-05,1
0.0625,845,0.00681797042,0.00620227074,8.80589214e-05,1
0.0625,846,0.00682677468,0.00621044822,8.81935266e-05,1
0.0625,847,0.00683558313,0.00621862942,8.83282337e-05,1
0.0625,848,0.00684439391,0.00622681295,8.84630063e-05,1
0.0625,849,0.00685320515,0.00623499649,8.85978588e-05,1
0.0625,850,0.00686201919,0.00624318421,8.87327842e-05,1
0.0625,851,0.00687083602,0.00625137426,8.88678042e-05,1
0.0625,852,0.00687965192,0.00625956338,8.90029114e-05,1
0.0625,853,0.00688847294,0.00626775762,8.91380769e-05,1
0.0625,854,0.0068972935,0.00627595186,8.92733515e-05,1
0.0625,855,0.00690611824,0.00628415076,8.9408677e-05,1
0.0625,856,0.00691494299,0.00629234919,8.95440753e-05,1
0.0625,857,0.00692377053,0.00630055042,8.96795682e-05,1
0.0625,858,0.00693259947,0.00630875351,8.98151411e-05,1
0.0625,859,0.0069414326,0.00631696079,8.99508086e-05,1
0.0625,860,0.00695026526,0.00632516807,9.00865416e-05,1
0.0625,861,0.00695910025,0.00633337768,9.02223837e-05,1
0.0625,862,0.00696793757,0.00634158961,9.03582768e-05,1
0.0625,863,0.00697677629,0.00634980341,9.04942281e-05,1
0.0625,864,0.00698561734,0.00635801908,9.06302957e-05,1
0.0625,865,0.00699445978,0.00636623707,9.07664435e-05,1
0.0625,866,0.00700330641,0.00637445832,9.09026639e-05,1
0.0625,867,0.00701215258,0.00638268003,9.10389645e-05,1
0.0625,868,0.00702100014,0.00639090268,9.11753377e-05,1
0.0625,869,0.00702985283,0.00639913138,9.13118056e-05,1
0.0625,870,0.00703870365,0.00640735775,9.14483171e-05,1
0.0625,871,0.00704755774,0.00641558785,9.15849378e-05,1
0.0625,872,0.00705641741,0.00642382307,9.17216821e-05,1
0.0625,873,0.00706527522,0.00643205736,9.18584556e-05,1
0.0625,874,0.00707413536,0.00644029398,9.19953309e-05,1
0.0625,875,0.00708299689,0.00644853152,9.21322498e-05,1
0.0625,876,0.00709186215,0.00645677326,9.22692852e-05,1
0.0625,877,0.00710072787,0.00646501593,9.24063788e-05,1
0.0625,878,0.00710959639,0.0064732614,9.2543567e-05,1
0.0625,879,0.00711846724,0.00648150919,9.26808498e-05,1
0.0625,880,0.00712733949,0.00648975838,9.2818198e-05,1
0.0625,881,0.00713621359,0.00649800943,9.29556045e-05,1
0.0625,882,0.0071450891,0.00650626281,9.30931492e-05,1
0.0625,883,0.00715396833,0.00651451899,9.32307303e-05,1
0.0625,884,0.00716284802,0.00652277609,9.33684059e-05,1
0.0625,885,0.00717172911,0.00653103553,9.35061689e-05,1
0.0625,886,0.00718061347,0.00653929729,9.36439756e-05,1
0.0625,887,0.00718949875,0.00654756092,9.37818986e-05,1
0.0625,888,0.00719838636,0.00655582687,9.39198944e-05,1
0.0625,889,0.00720727583,0.00656409422,9.4057963e-05,1
0.0625,890,0.0072161681,0.0065723653,9.41961262e-05,1
0.0625,891,0.00722506177,0.00658063777,9.43343694e-05,1
0.0625,892,0.00723395869,0.00658891257,9.44726999e-05,1
0.0625,893,0.00724285655,0.0065971897,9.46111031e-05,1
0.0625,894,0.00725175347,0.00660546543,9.47495573e-05,1
0.0625,895,0.00726065459,0.00661374582,9.48881352e-05,1
0.0625,896,0.00726955989,0.0066220304,9.50267859e-05,1
0.0625,897,0.00727846567,0.00663031545,9.51655238e-05,1
0.0625,898,0.0072873719,0.00663860189,9.53043273e-05,1
0.0625,899,0.00729628094,0.00664689019,9.5443218e-05,1
0.0625,900,0.00730519276,0.00665518176,9.55821961e-05,1
0.0625,901,0.00731410552,0.00666347425,9.57212469e-05,1
0.0625,902,0.0073230206,0.00667176908,9.58603705e-05,1
0.0625,903,0.00733193802,0.0066800667,9.59996105e-05,1
0.0625,904,0.00734085776,0.00668836758,9.61389305e-05,1
0.0625,905,0.00734977797,0.00669666752,9.62782797e-05,1
0.0625,906,0.00735870097,0.00670497166,9.64177307e-05,1
0.0625,907,0.00736762676,0.00671327813,9.6557269e-05,1
0.0625,908,0.00737655209,0.00672158366,9.66969019e-05,1
0.0625,909,0.00738548161,0.00672989478,9.68366294e-05,1
0.0625,910,0.00739441253,0.00673820637,9.69764224e-05,1
0.0625,911,0.00740334718,0.00674652262,9.71163026e-05,1
0.0625,912,0.00741228042,0.00675483653,9.72562266e-05,1
0.0625,913,0.00742121739,0.00676315604,9.73962888e-05,1
0.0625,914,0.00743015623,0.00677147647,9.75364019e-05,1
0.0625,915,0.00743909739,0.0067797997,9.76766096e-05,1
0.0625,916,0.00744803902,0.00678812293,9.78168682e-05,1
0.0625,917,0.00745698297,0.00679644896,9.79572142e-05,1
0.0625,918,0.00746592926,0.00680477777,9.80976693e-05,1
0.0625,919,0.0074748802,0.00681311078,9.82382189e-05,1
0.0625,920,0.00748382835,0.00682144146,9.8378805e-05,1
0.0625,921,0.00749278069,0.00682977634,9.85194856e-05,1
0.0625,922,0.00750173535,0.006838114,9.86602754e-05,1
0.0625,923,0.00751069281,0.00684645399,9.88011379e-05,1
0.0625,924,0.00751965027,0.00685479445,9.89420732e-05,1
0.0625,925,0.00752860913,0.00686313724,9.90830886e-05,1
0.0625,926,0.00753757218,0.00687148329,9.92241767e-05,1
0.0625,927,0.00754653709,0.0068798312,9.93653812e-05,1
0.0625,928,0.007555502,0.00688818051,9.95066512e-05,1
0.0625,929,0.0075644739,0.00689653493,9.96480303e-05,1
0.0625,930,0.00757343881,0.00690488424,9.97894022e-05,1
0.0625,931,0.0075824135,0.00691324286,9.99309341e-05,1
0.0625,932,0.00759138633,0.00692160055,0.000100072531,1
0.0625,933,0.00760036334,0.00692996103,0.000100214231,1
0.0625,934,0.00760933897,0.00693832198,0.000100355966,1
0.0625,935,0.00761832111,0.00694668805,0.00010049784,1
0.0625,936,0.00762730092,0.00695505273,0.000100639736,1
0.0625,937,0.00763628632,0.00696342252,0.000100781763,1
0.0625,938,0.00764527125,0.00697179325,0.000100923833,1
0.0625,939,0.00765426084,0.0069801677,0.000101066049,1
0.0625,940,0.00766324904,0.00698854076,0.000101208279,1
0.0625,941,0.00767224049,0.00699691847,0.000101350626,1
0.0625,942,0.00768123381,0.00700529665,0.00010149306,1
0.0625,943,0.00769022899,0.00701367809,0.000101635567,1
0.0625,944,0.00769922696,0.00702206139,0.000101778147,1
0.0625,945,0.00770822773,0.00703044794,0.00010192085,1
0.0625,946,0.00771722943,0.00703883637,0.00010206359,1
0.0625,947,0.00772623252,0.00704722479,0.000102206432,1
0.0625,948,0.00773523748,0.00705561694,0.000102349339,1
0.0625,949,0.00774424477,0.00706401048,0.000102492333,1
0.0625,950,0.00775325485,0.00707240682,0.000102635458,1
0.0625,951,0.00776226446,0.00708080363,0.000102778591,1
0.0625,952,0.00777127827,0.00708920415,0.000102921855,1
0.0625,953,0.0077802944,0.00709760748,0.000103065213,1
0.0625,954,0.00778931333,0.00710601313,0.000103208644,1
0.0625,955,0.00779832946,0.00711441739,0.000103352118,1
0.0625,956,0.00780735118,0.0071228263,0.000103495688,1
0.0625,957,0.00781637337,0.00713123661,0.000103639373,1
0.0625,958,0.00782539882,0.00713964971,0.000103783146,1
0.0625,959,0.0078344252,0.00714806374,0.000103926963,1
0.0625,960,0.00784345716,0.0071564829,0.000104070888,1
0.0625,961,0.00785248633,0.00716490112,0.000104214887,1
0.0625,962,0.00786151923,0.00717332214,0.000104358958,1
0.0625,963,0.00787055586,0.00718174689,0.000104503139,1
0.0625,964,0.00787959062,0.0071901707,0.000104647363,1
0.0625,965,0.00788863003,0.00719859963,0.00010479171,1
0.0625,966,0.00789767131,0.0072070281,0.000104936138,1
0.0625,967,0.00790671352,0.0072154603,0.000105080631,1
0.0625,968,0.00791575853,0.00722389482,0.000105225248,1
0.0625,969,0.00792480353,0.00723232888,0.000105369887,1
0.0625,970,0.00793385319,0.00724076759,0.000105514671,1
0.0625,971,0.00794290565,0.0072492091,0.000105659521,1
0.0625,972,0.00795195904,0.00725765247,0.000105804436,1
0.0625,973,0.00796101242,0.00726609631,0.000105949446,1
0.0625,974,0.0079700686,0.00727454294,0.000106094521,1
0.0625,975,0.00797912758,0.00728299143,0.00010623972,1
0.0625,976,0.00798818748,0.00729144132,0.000106384963,1
0.0625,977,0.00799724925,0.00729989354,0.000106530286,1
0.0625,978,0.00800631661,0.00730835134,0.000106675769,1
0.0625,979,0.00801538024,0.00731680635,0.000106821208,1
0.0625,980,0.00802445039,0.00732526742,0.000106966843,1
0.0625,981,0.00803351961,0.00733372755,0.000107112486,1
0.0625,982,0.00804259442,0.00734219281,0.000107258289,1
0.0625,983,0.00805166829,0.00735065853,0.000107404121,1
0.0625,984,0.00806074496,0.00735912658,0.00010755004,1
0.0625,985,0.0080698235,0.00736759603,0.000107696076,1
0.0625,986,0.00807890296,0.00737606781,0.000107842156,1
0.0625,987,0.00808798522,0.00738454191,0.00010798833,1
0.0625,988,0.00809706934,0.00739301834,0.000108134613,1
0.0625,989,0.00810615532,0.00740149617,0.000108280939,1
0.0625,990,0.00811524503,0.00740997726,0.000108427368,1
0.0625,991,0.00812433381,0.00741845835,0.00010857387,1
0.0625,992,0.00813342631,0.00742694363,0.000108720495,1
0.0625,993,0.0081425216,0.00743543264,0.000108867214,1
0.0625,994,0.0081516169,0.00744392024,0.000109013985,1
0.0625,995,0.00816071499,0.00745241158,0.000109160836,1
0.0625,996,0.00816981494,0.00746090431,0.000109307759,1
0.0625,997,0.00817891862,0.00746940123,0.000109454821,1
0.0625,998,0.00818802137,0.00747789722,0.000109601897,1
0.0625,999,0.00819712877,0.00748639833,0.000109749089,1
0.0625,1000,0.00820623524,0.00749489805,0.000109896369,1
0.0625,1001,0.00821534637,0.00750340289,0.000110043729,1
0.0625,1002,0.00822445937,0.00751190912,0.000110191206,1
0.0625,1003,0.00823357143,0.00752041675,0.000110338711,1
0.0625,1004,0.00824268721,0.00752892625,0.000110486326,1
0.0625,1005,0.00825180486,0.007537439,0.000110634021,1
0.0625,1006,0.00826092623,0.00754595408,0.000110781832,1
0.0625,1007,0.00827004761,0.0075544701,0.000110929708,1
0.0625,1008,0.00827917084,0.00756298844,0.00011107765,1
0.0625,1009,0.0082882978,0.0075715105,0.000111225701,1
0.0625,1010,0.00829742476,0.00758003257,0.000111373804,1
0.0625,1011,0.00830655545,0.00758855836,0.000111522029,1
0.0625,1012,0.00831568707,0.00759708555,0.000111670342,1
0.0625,1013,0.00832482148,0.00760561507,0.000111818743,1
0.0625,1014,0.00833395682,0.00761414599,0.000111967165,1
0.0625,1015,0.00834309496,0.00762268016,0.000112115726,1
0.0625,1016,0.00835223496,0.00763121666,0.000112264395,1
0.0625,1017,0.00836137589,0.0076397527,0.000112413094,1
0.0625,1018,0.00837052055,0.00764829386,0.000112561938,1
0.0625,1019,0.00837966613,0.00765683595,0.000112710783,1
0.0625,1020,0.00838881359,0.00766537944,0.00011285978,1
0.0625,1021,0.00839796476,0.00767392758,0.000113008864,1
0.0625,1022,0.00840711594,0.00768247573,0.000113157985,1
0.0625,1023,0.00841627177,0.00769102853,0.000113307266,1
0.03125,0,4.52218592e-05,0,0,1
0.03125,1,5.24807583e-05,6.54039013e-06,7.70728832e-08,1
0.03125,2,5.97413891e-05,1.3082592e-05,1.54203121e-07,1
0.03125,3,6.70037552e-05,1.96265992e-05,2.31390757e-07,1
0.03125,4,7.42678167e-05,2.61724163e-05,3.08630035e-07,1
0.03125,5,8.15336534e-05,3.27200469e-05,3.8593106e-07,1
0.03125,6,8.88011855e-05,3.92694892e-05,4.63289638e-07,1
0.03125,7,9.60704419e-05,4.58207469e-05,5.40705628e-07,1
0.03125,8,0.000103341416,5.23737872e-05,6.18179058e-07,1
0.03125,9,0.000110614128,5.89286574e-05,6.95710071e-07,1
0.03125,10,0.000117888558,6.54853429e-05,7.73298268e-07,1
0.03125,11,0.000125164748,7.20438475e-05,8.5094473e-07,1
0.03125,12,0.000132442568,7.86041273e-05,9.28648092e-07,1
0.03125,13,0.000139722222,8.51662553e-05,1.00640943e-06,1
0.03125,14,0.000147003608,9.17302168e-05,1.08422876e-06,1
0.03125,15,0.000154286652,9.82959391e-05,1.16210504e-06,1
0.03125,16,0.000161571428,0.00010486348,1.24003896e-06,1
0.03125,17,0.000168858009,0.000111432892,1.31803131e-06,1
0.03125,18,0.000176146263,0.000118004064,1.39608096e-06,1
0.03125,19,0.000183436234,0.000124577055,1.47418848e-06,1
0.03125,20,0.000190727922,0.000131151857,1.55235352e-06,1
0.03125,21,0.000198021342,0.000137728479,1.63057643e-06,1
0.03125,22,0.000205316537,0.000144306934,1.70885755e-06,1
0.03125,23,0.000212613537,0.000150887252,1.78719665e-06,1
0.03125,24,0.000219912123,0.000157469287,1.86559316e-06,1
0.03125,25,0.000227212411,0.000164053141,1.94404765e-06,1
0.03125,26,0.000234514562,0.000170638887,2.02256001e-06,1
0.03125,27,0.000241818329,0.000177226349,2.10113012e-06,1
0.03125,28,0.00024912387,0.00018381569,2.17975867e-06,1
0.03125,29,0.000256431173,0.000190406863,2.25844451e-06,1
0.03125,30,0.000263740163,0.000196999812,2.33718879e-06,1
0.03125,31,0.0002710509,0.000203594565,2.41599082e-06,1
0.03125,32,0.000278363383,0.000210191196,2.49485174e-06,1
0.03125,33,0.000285677583,0.000216789616,2.57377042e-06,1
0.03125,34,0.000292993471,0.000223389841,2.65274707e-06,1
0.03125,35,0.00030031128,0.000229992002,2.73178193e-06,1
0.03125,36,0.00030763066,0.000236595864,2.81087546e-06,1
0.03125,37,0.000314951874,0.000243201619,2.89002696e-06,1
0.03125,38,0.000322274631,0.000249809062,2.96923531e-06,1
0.03125,39,0.000329599279,0.000256418425,3.04840091e-06,1
0.03125,40,0.000336925557,0.000263029506,3.1277234e-06,1
0.03125,41,0.000344253756,0.000269642565,3.20710592e-06,1
0.03125,42,0.000351583527,0.0002762574,3.28654505e-06,1
0.03125,43,0.000358915044,0.000282873982,3.3660433e-06,1
0.03125,44,0.000366248278,0.000289492426,3.44559953e-06,1
0.03125,45,0.000373583316,0.000296112732,3.52521374e-06,1
0.03125,46,0.000380919984,0.000302734697,3.60488752e-06,1
0.03125,47,0.000388258544,0.000309358671,3.68461929e-06,1
0.03125,48,0.000395598763,0.000315984449,3.76440903e-06,1
0.03125,49,0.00040294067,0.000322611973,3.84425675e-06,1
0.03125,50,0.000410284352,0.000329241331,3.92416496e-06,1
0.03125,51,0.000417629752,0.000335872464,4.00412955e-06,1
0.03125,52,0.000424977014,0.000342505606,4.08415463e-06,1
0.03125,53,0.000432325905,0.000349140435,4.16423609e-06,1
0.03125,54,0.00043967666,0.000355777185,4.24437803e-06,1
0.03125,55,0.000447028899,0.000362415594,4.32457682e-06,1
0.03125,56,0.000454383175,0.000369056099,4.40483564e-06,1
0.03125,57,0.000461738964,0.000375698146,4.48515311e-06,1
0.03125,58,0.000469096442,0.000382342027,4.56552834e-06,1
0.03125,59,0.000476455665,0.000388987799,4.64596314e-06,1
0.03125,60,0.00048381681,0.000395635492,4.72645524e-06,1
0.03125,61,0.000491179642,0.000402284932,4.80700737e-06,1
0.03125,62,0.000498544192,0.000408936263,4.88761634e-06,1
0.03125,63,0.000505910546,0.000415589398,4.96828761e-06,1
0.03125,64,0.00051327853,0.000422244309,5.04901664e-06,1
0.03125,65,0.000520648202,0.000428900967,5.12980296e-06,1
0.03125,66,0.000528019795,0.00043555969,5.21065022e-06,1
0.03125,67,0.000535392959,0.000442220015,5.29155386e-06,1
0.03125,68,0.000542768044,0.000448882347,5.37251663e-06,1
0.03125,69,0.000550144643,0.000455546338,5.45353942e-06,1
0.03125,70,0.000557523279,0.000462212367,5.53462178e-06,1
0.03125,71,0.00056490337,0.000468879996,5.61575462e-06,1
0.03125,72,0.000572285266,0.000475549576,5.69696294e-06,1
0.03125,73,0.000579669024,0.000482220988,5.77822175e-06,1
0.03125,74,0.000587054412,0.000488894235,5.85953831e-06,1
0.03125,75,0.000594441663,0.000495569257,5.9409158e-06,1
0.03125,76,0.000601830543,0.000502246199,6.02235241e-06,1
0.03125,77,0.000609221228,0.000508924946,6.10384586e-06,1
0.03125,78,0.000616613543,0.000515605439,6.18540207e-06,1
0.03125,79,0.000624007778,0.000522287912,6.26701512e-06,1
0.03125,80,0.000631403702,0.00052897213,6.3486882e-06,1
0.03125,81,0.000638801197,0.000535658037,6.43041903e-06,1
0.03125,82,0.000646200555,0.000542345922,6.51220944e-06,1
0.03125,83,0.000653601834,0.000549035729,6.59406214e-06,1
0.03125,84,0.000661004509,0.000555727165,6.67596987e-06,1
0.03125,85,0.000668409164,0.000562420581,6.75793945e-06,1
0.03125,86,0.000675815565,0.0005691158,6.83996723e-06,1
0.03125,87,0.000683223596,0.000575812766,6.92205595e-06,1
0.03125,88,0.000690633489,0.000582511711,7.00420469e-06,1
0.03125,89,0.000698045013,0.000589212461,7.08640982e-06,1
0.03125,90,0.000705458515,0.000595915131,7.16867453e-06,1
0.03125,91,0.000712873472,0.000602619373,7.25100244e-06,1
0.03125,92,0.000720290351,0.000609325711,7.33338538e-06,1
0.03125,93,0.000727708975,0.000616033736,7.41583199e-06,1
0.03125,94,0.000735129172,0.000622743566,7.49833544e-06,1
0.03125,95,0.000742551347,0.000629455433,7.58089664e-06,1
0.03125,96,0.000749974977,0.000636168814,7.66352059e-06,1
0.03125,97,0.000757400703,0.000642884348,7.74619002e-06,1
0.03125,98,0.000764828117,0.000649601687,7.82894585e-06,1
0.03125,99,0.000772257044,0.000656320655,7.91174807e-06,1
0.03125,100,0.000779688009,0.000663041661,7.99459849e-06,1
0.03125,101,0.000787120603,0.000669764471,8.07753077e-06,1
0.03125,102,0.000794554711,0.000676488969,8.16051124e-06,1
0.03125,103,0.000801990915,0.000683215505,8.24355538e-06,1
0.03125,104,0.00080942869,0.000689943729,8.32664136e-06,1
0.03125,105,0.000816868036,0.000696673698,8.40981465e-06,1
0.03125,106,0.000824309653,0.00070340588,8.49303433e-06,1
0.03125,107,0.000831752433,0.000710139459,8.57631312e-06,1
0.03125,108,0.000839197251,0.000716875133,8.65965467e-06,1
0.03125,109,0.000846643816,0.000723612553,8.74305624e-06,1
0.03125,110,0.000854092243,0.000730352011,8.82651329e-06,1
0.03125,111,0.000861542416,0.000737093273,8.91003401e-06,1
0.03125,112,0.000868994219,0.000743836223,8.99361748e-06,1
0.03125,113,0.000876447768,0.000750581094,9.07725462e-06,1
0.03125,114,0.000883903238,0.000757327944,9.16095451e-06,1
0.03125,115,0.000891359989,0.000764076249,9.24471351e-06,1
0.03125,116,0.000898818835,0.000770826708,9.32853436e-06,1
0.03125,117,0.000906279311,0.00077757868,9.41241342e-06,1
0.03125,118,0.000913741882,0.000784333039,9.4963525e-06,1
0.03125,119,0.000921206025,0.000791088969,9.58035616e-06,1
0.03125,120,0.000928671681,0.000797846471,9.66441439e-06,1
0.03125,121,0.000936138968,0.000804605894,9.74853629e-06,1
0.03125,122,0.00094360864,0.000811367645,9.83271639e-06,1
0.03125,123,0.000951079943,0.000818131084,9.91695924e-06,1
0.03125,124,0.000958552526,0.000824896037,1.00012567e-05,1
0.03125,125,0.000966027437,0.000831663318,1.00856214e-05,1
0.03125,126,0.000973503513,0.000838431879,1.01700407e-05,1
0.03125,127,0.000980981858,0.000845202652,1.02545273e-05,1
0.03125,128,0.000988461194,0.000851974764,1.03390639e-05,1
0.03125,129,0.00099594309,0.000858749379,1.04236715e-05,1
0.03125,130,0.00100342627,0.00086552545,1.05083345e-05,1
0.03125,131,0.00101091154,0.000872303557,1.05930567e-05,1
0.03125,132,0.00101839856,0.000879083644,1.06778434e-05,1
0.03125,133,0.00102588709,0.00088586536,1.07626884e-05,1
0.03125,134,0.00103337772,0.000892649055,1.08475942e-05,1
0.03125,135,0.00104086963,0.000899434264,1.09325556e-05,1
0.03125,136,0.00104836375,0.000906221801,1.10175833e-05,1
0.03125,137,0.00105585949,0.000913010968,1.1102672e-05,1
0.03125,138,0.00106335711,0.000919802114,1.11878189e-05,1
0.03125,139,0.001070856,0.000926594774,1.12730258e-05,1
0.03125,140,0.00107835687,0.000933389354,1.13582983e-05,1
0.03125,141,0.00108585972,0.000940185972,1.14436216e-05,1
0.03125,142,0.00109336409,0.000946984394,1.1529015e-05,1
0.03125,143,0.00110087043,0.00095378462,1.16144693e-05,1
0.03125,144,0.0011083784,0.000960586651,1.16999781e-05,1
0.03125,145,0.00111588812,0.000967390719,1.17855507e-05,1
0.03125,146,0.00112339971,0.00097419665,1.18711851e-05,1
0.03125,147,0.00113091304,0.000981004327,1.19568767e-05,1
0.03125,148,0.00113842799,0.000987813692,1.20426357e-05,1
0.03125,149,0.00114594458,0.000994625036,1.21284475e-05,1
0.03125,150,0.00115346315,0.00100143824,1.22143274e-05,1
0.03125,151,0.00116098369,0.00100825343,1.23002474e-05,1
0.03125,152,0.00116850575,0.00101507036,1.23862619e-05,1
0.03125,153,0.00117602968,0.00102188927,1.24723219e-05,1
0.03125,154,0.00118355476,0.00102870946,1.2558442e-05,1
0.03125,155,0.00119108241,0.00103553222,1.26446212e-05,1
0.03125,156,0.00119861122,0.00104235625,1.27308649e-05,1
0.03125,157,0.0012061426,0.00104918296,1.28171696e-05,1
0.03125,158,0.00121367513,0.00105601083,1.29035307e-05,1
0.03125,159,0.00122120976,0.00106284092,1.29899472e-05,1
0.03125,160,0.00122874568,0.00106967252,1.30764492e-05,1
0.03125,161,0.00123628392,0.00107650633,1.31629968e-05,1
0.03125,162,0.00124382332,0.00108334166,1.32496043e-05,1
0.03125,163,0.00125136483,0.00109017896,1.33362764e-05,1
0.03125,164,0.00125890796,0.00109701813,1.34230031e-05,1
0.03125,165,0.00126645272,0.00110385893,1.35097798e-05,1
0.03125,166,0.00127399992,0.00111070229,1.35966375e-05,1
0.03125,167,0.00128154864,0.00111754716,1.36835552e-05,1
0.03125,168,0.00128909841,0.00112439343,1.37705438e-05,1
0.03125,169,0.0012966505,0.00113124191,1.38575851e-05,1
0.03125,170,0.00130420469,0.0011380926,1.39446865e-05,1
0.03125,171,0.00131176016,0.00114494469,1.40318443e-05,1
0.03125,172,0.00131931773,0.00115179888,1.41190676e-05,1
0.03125,173,0.00132687646,0.00115865457,1.42063509e-05,1
0.03125,174,0.0013344374,0.00116551237,1.42937006e-05,1
0.03125,175,0.00134199986,0.00117237179,1.43811003e-05,1
0.03125,176,0.00134956441,0.00117923343,1.44685746e-05,1
0.03125,177,0.00135713059,0.00118609681,1.45561016e-05,1
0.03125,178,0.0013646991,0.00119296252,1.46436978e-05,1
0.03125,179,0.00137226854,0.00119982951,1.47313549e-05,1
0.03125,180,0.00137983973,0.00120669813,1.48190647e-05,1
0.03125,181,0.00138741313,0.00121356908,1.49068264e-05,1
0.03125,182,0.00139498827,0.00122044189,1.49946618e-05,1
0.03125,183,0.00140256516,0.00122731645,1.5082559e-05,1
0.03125,184,0.00141014368,0.00123419287,1.51705399e-05,1
0.03125,185,0.00141772395,0.00124107103,1.52585653e-05,1
0.03125,186,0.00142530608,0.0012479513,1.53466535e-05,1
0.03125,187,0.00143288984,0.00125483319,1.54347981e-05,1
0.03125,188,0.00144047558,0.00126171717,1.55230064e-05,1
0.03125,189,0.00144806318,0.00126860302,1.56112583e-05,1
0.03125,190,0.00145565206,0.00127549027,1.5699592e-05,1
0.03125,191,0.00146324304,0.00128237985,1.57879804e-05,1
0.03125,192,0.00147083588,0.00128927117,1.58764615e-05,1
0.03125,193,0.00147843035,0.00129616447,1.59649608e-05,1
0.03125,194,0.00148602657,0.00130305951,1.60535401e-05,1
0.03125,195,0.00149362488,0.00130995654,1.61422049e-05,1
0.03125,196,0.00150122435,0.0013168552,1.62309061e-05,1
0.03125,197,0.00150882627,0.00132375595,1.63196528e-05,1
0.03125,198,0.00151642959,0.00133065844,1.64084795e-05,1
0.03125,199,0.00152403454,0.0013375628,1.6497399e-05,1
0.03125,200,0.00153164193,0.00134446961,1.65863457e-05,1
0.03125,201,0.00153925002,0.00135137711,1.66753598e-05,1
0.03125,202,0.00154686056,0.00135828729,1.67644139e-05,1
0.03125,203,0.00155447307,0.00136519922,1.68535807e-05,1
0.03125,204,0.0015620871,0.00137211289,1.69427603e-05,1
0.03125,205,0.00156970287,0.00137902878,1.70320218e-05,1
0.03125,206,0.00157732039,0.00138594618,1.71213469e-05,1
0.03125,207,0.00158493943,0.00139286509,1.72107357e-05,1
0.03125,208,0.0015925609,0.00139978679,1.73001863e-05,1
0.03125,209,0.00160018378,0.00140671001,1.73897206e-05,1
0.03125,210,0.00160780863,0.00141363509,1.74792767e-05,1
0.03125,211,0.001615435,0.00142056181,1.75689092e-05,1
0.03125,212,0.001623063,0.00142749038,1.76586091e-05,1
0.03125,213,0.00163069298,0.00143442093,1.77483707e-05,1
0.03125,214,0.00163832481,0.00144135347,1.78381943e-05,1
0.03125,215,0.00164595805,0.00144828751,1.79280887e-05,1
0.03125,216,0.00165359327,0.00145522377,1.80180359e-05,1
0.03125,217,0.00166123058,0.00146216189,1.81080504e-05,1
0.03125,218,0.0016688694,0.00146910187,1.81981268e-05,1
0.03125,219,0.0016765102,0.00147604395,1.82882632e-05,1
0.03125,220,0.00168415229,0.00148298731,1.83784596e-05,1
0.03125,221,0.0016917967,0.001489933,1.84687269e-05,1
0.03125,222,0.00169944251,0.0014968802,1.85590525e-05,1
0.03125,223,0.00170709065,0.00150382996,1.86494381e-05,1
0.03125,224,0.00171473983,0.00151078089,1.87398909e-05,1
0.03125,225,0.00172239169,0.00151773437,1.88304093e-05,1
0.03125,226,0.00173004472,0.00152468914,1.89209841e-05,1
0.03125,227,0.00173769903,0.00153164554,1.90116189e-05,1
0.03125,228,0.00174535601,0.00153860461,1.91023209e-05,1
0.03125,229,0.0017530144,0.00154556509,1.91930849e-05,1
0.03125,230,0.00176067441,0.00155252754,1.92839198e-05,1
0.03125,231,0.00176833663,0.00155949197,1.93748092e-05,1
0.03125,232,0.00177600037,0.00156645803,1.94657623e-05,1
0.03125,233,0.00178366608,0.00157342642,1.95567773e-05,1
0.03125,234,0.00179133355,0.00158039643,1.96478577e-05,1
0.03125,235,0.00179900276,0.00158736855,1.97390018e-05,1
0.03125,236,0.00180667383,0.00159434217,1.98302041e-05,1
0.03125,237,0.00181434583,0.0016013172,1.99214755e-05,1
0.03125,238,0.00182202063,0.0016082949,2.00128088e-05,1
0.03125,239,0.0018296967,0.00161527423,2.01042058e-05,1
0.03125,240,0.00183737511,0.00162225589,2.01956591e-05,1
0.03125,241,0.00184505526,0.00162923918,2.0287187e-05,1
0.03125,242,0.00185273681,0.00163622433,2.03787713e-05,1
0.03125,243,0.00186041999,0.00164321077,2.04704193e-05,1
0.03125,244,0.00186810503,0.00165019953,2.05621272e-05,1
0.03125,245,0.00187579158,0.0016571898,2.06538971e-05,1
0.03125,246,0.00188348093,0.00166418287,2.07457415e-05,1
0.03125,247,0.00189117098,0.00167117687,2.08376423e-05,1
0.03125,248,0.00189886359,0.00167817378,2.09296068e-05,1
0.03125,249,0.00190655782,0.00168517185,2.10216367e-05,1
0.03125,250,0.00191425381,0.00169217202,2.11137285e-05,1
0.03125,251,0.00192195131,0.00169917382,2.12058821e-05,1
0.03125,252,0.00192965113,0.00170617807,2.12980958e-05,1
0.03125,253,0.00193735189,0.00171318336,2.13903804e-05,1
0.03125,254,0.00194505567,0.00172019168,2.14827178e-05,1
0.03125,255,0.00195276004,0.00172720058,2.15751243e-05,1
0.03125,256,0.00196046615,0.00173421158,2.16676017e-05,1
0.03125,257,0.00196817494,0.00174122513,2.17601319e-05,1
0.03125,258,0.00197588559,0.0017482409,2.18527384e-05,1
0.03125,259,0.00198359764,0.00175525807,2.19453977e-05,1
0.03125,260,0.00199131086,0.00176227652,2.20381262e-05,1
0.03125,261,0.00199902686,0.00176929752,2.21309183e-05,1
0.03125,262,0.00200674427,0.00177632039,2.22237704e-05,1
0.03125,263,0.0020144633,0.00178334478,2.23166862e-05,1
0.03125,264,0.00202218397,0.00179037114,2.24096657e-05,1
0.03125,265,0.00202990719,0.00179739995,2.25027143e-05,1
0.03125,266,0.00203763088,0.00180442957,2.25958192e-05,1
0.03125,267,0.0020453576,0.00181146222,2.26889933e-05,1
0.03125,268,0.00205308618,0.00181849662,2.27822256e-05,1
0.03125,269,0.00206081546,0.00182553194,2.28755307e-05,1
0.03125,270,0.0020685473,0.00183256972,2.29688922e-05,1
0.03125,271,0.00207628077,0.00183960958,2.30623154e-05,1
0.03125,272,0.00208401564,0.00184665096,2.31558115e-05,1
0.03125,273,0.00209175306,0.00185369502,2.32493676e-05,1
0.03125,274,0.00209949166,0.00186074013,2.33429892e-05,1
0.03125,275,0.00210723211,0.0018677871,2.34366653e-05,1
0.03125,276,0.00211497443,0.00187483628,2.35304105e-05,1
0.03125,277,0.00212271907,0.0018818879,2.36242249e-05,1
0.03125,278,0.00213046512,0.00188894058,2.37181084e-05,1
0.03125,279,0.00213821256,0.00189599523,2.38120483e-05,1
0.03125,280,0.00214596302,0.00190305267,2.39060519e-05,1
0.03125,281,0.00215371372,0.00191011035,2.40001154e-05,1
0.03125,282,0.00216146768,0.00191717176,2.40942536e-05,1
0.03125,283,0.00216922211,0.00192423398,2.418845e-05,1
0.03125,284,0.00217697909,0.00193129852,2.428271e-05,1
0.03125,285,0.00218473701,0.001938364,2.43770392e-05,1
0.03125,286,0.00219249749,0.00194543228,2.44714283e-05,1
0.03125,287,0.00220025983,0.00195250241,2.45658794e-05,1
0.03125,288,0.00220802403,0.00195957441,2.46603959e-05,1
0.03125,289,0.0022157901,0.0019666485,2.47549724e-05,1
0.03125,290,0.00222355733,0.00197372399,2.48496217e-05,1
0.03125,291,0.00223132595,0.00198080111,2.49443292e-05,1
0.03125,292,0.00223909784,0.00198788103,2.50391131e-05,1
0.03125,293,0.00224687066,0.00199496234,2.51339516e-05,1
0.03125,294,0.00225464511,0.00200204551,2.52288592e-05,1
0.03125,295,0.00226242165,0.00200913078,2.53238213e-05,1
0.03125,296,0.00227020029,0.00201621815,2.54188599e-05,1
0.03125,297,0.00227797986,0.00202330644,2.55139512e-05,1
0.03125,298,0.00228576269,0.00203039823,2.56091262e-05,1
0.03125,299,0.00229354575,0.00203749025,2.57043484e-05,1
0.03125,300,0.00230133138,0.00204458507,2.57996398e-05,1
0.03125,301,0.00230911863,0.00205168151,2.58949967e-05,1
0.03125,302,0.00231690751,0.00205878005,2.59904227e-05,1
0.03125,303,0.00232469826,0.00206588022,2.60859015e-05,1
0.03125,304,0.00233249133,0.00207298272,2.61814566e-05,1
0.03125,305,0.00234028627,0.00208008708,2.62770809e-05,1
0.03125,306,0.00234808191,0.00208719261,2.63712955e-05,1
0.03125,307,0.0023558801,0.0020943007,2.6467038e-05,1
0.03125,308,0.00236368016,0.00210141088,2.65628405e-05,1
0.03125,309,0.00237148139,0.00210852223,2.66587122e-05,1
0.03125,310,0.00237928564,0.00211563637,2.67546529e-05,1
0.03125,311,0.00238709059,0.00212275144,2.68506446e-05,1
0.03125,312,0.00239489786,0.0021298693,2.69467128e-05,1
0.03125,313,0.002402707,0.00213698903,2.70428445e-05,1
0.03125,314,0.00241051731,0.00214410969,2.71390454e-05,1
0.03125,315,0.0024183304,0.00215123338,2.72353009e-05,1
0.03125,316,0.00242614443,0.00215835823,2.73316218e-05,1
0.03125,317,0.00243396056,0.00216548517,2.74280173e-05,1
0.03125,318,0.00244177808,0.00217261398,2.75244802e-05,1
0.03125,319,0.0024495977,0.00217974465,2.76209939e-05,1
0.03125,320,0.00245741941,0.00218687742,2.77175786e-05,1
0.03125,321,0.00246524322,0.00219401252,2.78142361e-05,1
0.03125,322,0.00247306773,0.00220114854,2.79109518e-05,1
0.03125,323,0.00248089526,0.00220828759,2.80077256e-05,1
0.03125,324,0.00248872349,0.00221542758,2.81045704e-05,1
0.03125,325,0.00249655405,0.00222256966,2.82014826e-05,1
0.03125,326,0.00250438671,0.00222971383,2.82984656e-05,1
0.03125,327,0.00251222099,0.00223685987,2.83955033e-05,1
0.03125,328,0.00252005737,0.00224400847,2.84926136e-05,1
0.03125,329,0.00252789469,0.002251158,2.85897931e-05,1
0.03125,330,0.00253573433,0.00225830963,2.86870327e-05,1
0.03125,331,0.00254357583,0.00226546358,2.87843286e-05,1
0.03125,332,0.00255141896,0.00227261893,2.88817027e-05,1
0.03125,333,0.00255926372,0.00227977638,2.89791387e-05,1
0.03125,334,0.00256711105,0.00228693616,2.90766311e-05,1
0.03125,335,0.00257495954,0.00229409733,2.91742017e-05,1
0.03125,336,0.00258281012,0.00230126083,2.92718396e-05,1
0.03125,337,0.00259066233,0.00230842596,2.93694084e-05,1
0.03125,338,0.00259851571,0.00231559272,2.9467159e-05,1
0.03125,339,0.00260637188,0.00232276157,2.95649934e-05,1
0.03125,340,0.00261422922,0.00232993206,2.96628896e-05,1
0.03125,341,0.00262208865,0.00233710511,2.97608422e-05,1
0.03125,342,0.00262995018,0.00234428002,2.98588802e-05,1
0.03125,343,0.00263781426,0.00235145749,2.99569729e-05,1
0.03125,344,0.00264567835,0.00235863542,3.00551183e-05,1
0.03125,345,0.00265354547,0.00236581615,3.01533455e-05,1
0.03125,346,0.00266141444,0.00237299874,3.02516364e-05,1
0.03125,347,0.00266928389,0.00238018227,3.03499892e-05,1
0.03125,348,0.00267715566,0.00238736835,3.04484111e-05,1
0.03125,349,0.00268502999,0.00239455677,3.05469002e-05,1
0.03125,350,0.00269290595,0.00240174681,3.06454531e-05,1
0.03125,351,0.00270078308,0.00240893848,3.07440641e-05,1
0.03125,352,0.00270866277,0.00241613248,3.08427516e-05,1
0.03125,353,0.00271654385,0.00242332811,3.09415045e-05,1
0.03125,354,0.00272442773,0.00243052677,3.10403229e-05,1
0.03125,355,0.00273231161,0.00243772543,3.11391959e-05,1
0.03125,356,0.00274019851,0.00244492688,3.12381453e-05,1
0.03125,357,0.00274808658,0.00245213043,3.13371565e-05,1
0.03125,358,0.00275597768,0.00245933631,3.14362514e-05,1
0.03125,359,0.00276386831,0.00246654241,3.153539e-05,1
0.03125,360,0.00277176267,0.00247375178,3.16346013e-05,1
0.03125,361,0.00277965819,0.00248096301,3.17338854e-05,1
0.03125,362,0.00278755534,0.00248817541,3.18332277e-05,1
0.03125,363,0.00279545505,0.00249539083,3.19326427e-05,1
0.03125,364,0.00280335732,0.00250260858,3.20321269e-05,1
0.03125,365,0.00281125936,0.00250982656,3.21316693e-05,1
0.03125,366,0.00281916442,0.0025170478,3.22312771e-05,1
0.03125,367,0.00282707042,0.00252426951,3.23309505e-05,1
0.03125,368,0.00283497991,0.00253149518,3.24306966e-05,1
0.03125,369,0.00284289033,0.00253872201,3.25305118e-05,1
0.03125,370,0.00285080168,0.00254594977,3.26303743e-05,1
0.03125,371,0.00285871583,0.00255318009,3.27303242e-05,1
0.03125,372,0.00286663161,0.00256041228,3.28303358e-05,1
0.03125,373,0.00287454948,0.00256764679,3.29304166e-05,1
0.03125,374,0.00288246782,0.00257488177,3.30305629e-05,1
0.03125,375,0.00289038941,0.00258212048,3.31307638e-05,1
0.03125,376,0.00289831217,0.00258936035,3.32310337e-05,1
0.03125,377,0.00290623726,0.00259660231,3.33313983e-05,1
0.03125,378,0.00291416375,0.0026038459,3.3431792e-05,1
0.03125,379,0.00292209187,0.00261109136,3.35322729e-05,1
0.03125,380,0.00293002278,0.00261833984,3.36328121e-05,1
0.03125,381,0.00293795438,0.00262558926,3.37334241e-05,1
0.03125,382,0.00294588786,0.00263284007,3.38341015e-05,1
0.03125,383,0.00295382389,0.00264009368,3.39348408e-05,1
0.03125,384,0.00296176039,0.00264734798,3.40356492e-05,1
0.03125,385,0.00296970084,0.00265460601,3.41365376e-05,1
0.03125,386,0.00297764153,0.00266186497,3.42374733e-05,1
0.03125,387,0.00298558502,0.00266912649,3.43384891e-05,1
0.03125,388,0.00299352943,0.00267638918,3.44395485e-05,1
0.03125,389,0.00300147617,0.00268365443,3.45407061e-05,1
0.03125,390,0.00300942431,0.00269092084,3.46419183e-05,1
0.03125,391,0.00301737501,0.00269819028,3.47432033e-05,1
0.03125,392,0.00302532665,0.00270546041,3.48445392e-05,1
0.03125,393,0.00303328037,0.00271273288,3.49459551e-05,1
0.03125,394,0.00304123643,0.00272000791,3.50474329e-05,1
0.03125,395,0.00304919388,0.0027272841,3.51489834e-05,1
0.03125,396,0.00305715343,0.00273456285,3.52505958e-05,1
0.03125,397,0.00306511461,0.00274184323,3.53522737e-05,1
0.03125,398,0.00307307742,0.00274912547,3.54540171e-05,1
0.03125,399,0.00308104185,0.00275640911,3.55558368e-05,1
0.03125,400,0.00308900839,0.00276369555,3.5657722e-05,1
0.03125,401,0.00309697771,0.00277098408,3.575968e-05,1
0.03125,402,0.00310494751,0.00277827377,3.5861689e-05,1
0.03125,403,0.00311292009,0.00278556603,3.59637743e-05,1
0.03125,404,0.00312089361,0.00279285945,3.60659287e-05,1
0.03125,405,0.00312886992,0.00280015613,3.61681559e-05,1
0.03125,406,0.00313684694,0.00280745304,3.62704377e-05,1
0.03125,407,0.00314482721,0.00281475345,3.63727922e-05,1
0.03125,408,0.00315280678,0.00282205362,3.64751941e-05,1
0.03125,409,0.00316079031,0.00282935752,3.65777014e-05,1
0.03125,410,0.0031687757,0.00283666351,3.66802487e-05,1
0.03125,411,0.00317676179,0.0028439702,3.67828725e-05,1
0.03125,412,0.00318475137,0.00285128038,3.6885569e-05,1
0.03125,413,0.00319274236,0.00285859243,3.6988331e-05,1
0.03125,414,0.0032007331,0.00286590401,3.70911548e-05,1
0.03125,415,0.00320872758,0.00287322002,3.71940514e-05,1
0.03125,416,0.00321672368,0.00288053695,3.72970171e-05,1
0.03125,417,0.00322472048,0.00288785505,3.74000374e-05,1
0.03125,418,0.00323272101,0.00289517711,3.75031414e-05,1
0.03125,419,0.00324072153,0.0029024994,3.76063072e-05,1
0.03125,420,0.00324872509,0.00290982425,3.77095457e-05,1
0.03125,421,0.0032567298,0.00291715073,3.78128389e-05,1
0.03125,422,0.00326473638,0.00292447931,3.7916212e-05,1
0.03125,423,0.00327274553,0.00293181045,3.80196398e-05,1
0.03125,424,0.0032807556,0.00293914252,3.81231548e-05,1
0.03125,425,0.00328876823,0.00294647738,3.82267317e-05,1
0.03125,426,0.00329678273,0.00295381388,3.83303741e-05,1
0.03125,427,0.00330479816,0.002961152,3.8434071e-05,1
0.03125,428,0.00331281708,0.00296849315,3.85378517e-05,1
0.03125,429,0.00332083623,0.002975835,3.86416941e-05,1
0.03125,430,0.00332885771,0.00298317918,3.87456021e-05,1
0.03125,431,0.00333688036,0.00299052475,3.88495828e-05,1
0.03125,432,0.00334490556,0.00299787265,3.89536253e-05,1
0.03125,433,0.00335293426,0.00300522451,3.90577698e-05,1
0.03125,434,0.00336096203,0.00301257544,3.91619396e-05,1
0.03125,435,0.00336899259,0.00301992917,3.92661896e-05,1
0.03125,436,0.00337702455,0.00302728475,3.9370505e-05,1
0.03125,437,0.00338505977,0.00303464313,3.94748968e-05,1
0.03125,438,0.00339309545,0.00304200244,3.95793686e-05,1
0.03125,439,0.003401133,0.00304936408,3.96838768e-05,1
0.03125,440,0.00340917264,0.00305672712,3.97884905e-05,1
0.03125,441,0.00341721508,0.00306409365,3.98931479e-05,1
0.03125,442,0.00342525844,0.00307146111,3.99978853e-05,1
0.03125,443,0.00343330298,0.00307882973,4.01026628e-05,1
0.03125,444,0.00344134984,0.00308620092,4.02075384e-05,1
0.03125,445,0.00344939972,0.00309357489,4.03124759e-05,1
0.03125,446,0.00345745008,0.00310094981,4.04174898e-05,1
0.03125,447,0.00346550415,0.00310832844,4.05225619e-05,1
0.03125,448,0.00347355753,0.00311570638,4.06277031e-05,1
0.03125,449,0.00348161324,0.00312308688,4.07329026e-05,1
0.03125,450,0.00348967151,0.00313046994,4.08381893e-05,1
0.03125,451,0.00349773234,0.00313785579,4.09435379e-05,1
0.03125,452,0.0035057941,0.00314524258,4.10489556e-05,1
0.03125,453,0.00351385772,0.00315263146,4.11544388e-05,1
0.03125,454,0.00352192204,0.00316002127,4.12599693e-05,1
0.03125,455,0.00352999056,0.00316741527,4.13656198e-05,1
0.03125,456,0.0035380593,0.00317480951,4.14713104e-05,1
0.03125,457,0.00354613014,0.00318220584,4.15770628e-05,1
0.03125,458,0.00355420262,0.00318960426,4.16828807e-05,1
0.03125,459,0.00356227788,0.00319700548,4.17887968e-05,1
0.03125,460,0.00357035431,0.00320440787,4.18947602e-05,1
0.03125,461,0.003578434,0.00321181328,4.20007964e-05,1
0.03125,462,0.00358651369,0.00321921939,4.21069126e-05,1
0.03125,463,0.00359459547,0.00322662736,4.22130652e-05,1
0.03125,464,0.00360267865,0.0032340372,4.23192942e-05,1
0.03125,465,0.0036107637,0.0032414489,4.24256104e-05,1
0.03125,466,0.0036188527,0.00324886409,4.25319922e-05,1
0.03125,467,0.00362694287,0.00325628114,4.2638454e-05,1
0.03125,468,0.00363503397,0.00326369912,4.27449741e-05,1
0.03125,469,0.00364312623,0.00327111827,4.28515596e-05,1
0.03125,470,0.00365122082,0.00327853998,4.29582142e-05,1
0.03125,471,0.00365931774,0.00328596402,4.3064927e-05,1
0.03125,472,0.00366741675,0.00329339062,4.31717308e-05,1
0.03125,473,0.00367551763,0.00330081861,4.32785928e-05,1
0.03125,474,0.00368361967,0.00330824847,4.33855312e-05,1
0.03125,475,0.0036917238,0.00331568019,4.34925314e-05,1
0.03125,476,0.0036998305,0.00332311424,4.3599608e-05,1
0.03125,477,0.00370793696,0.00333054899,4.37067501e-05,1
0.03125,478,0.00371604715,0.00333798723,4.38139614e-05,1
0.03125,479,0.00372415851,0.0033454264,4.39212345e-05,1
0.03125,480,0.00373227149,0.00335286767,4.40285949e-05,1
0.03125,481,0.0037403875,0.00336031197,4.41360098e-05,1
0.03125,482,0.00374850444,0.00336775696,4.42434975e-05,1
0.03125,483,0.00375662302,0.00337520405,4.43510398e-05,1
0.03125,484,0.00376474415,0.00338265393,4.4458684e-05,1
0.03125,485,0.00377286854,0.00339010707,4.45663827e-05,1
0.03125,486,0.00378099107,0.00339755835,4.46741396e-05,1
0.03125,487,0.00378911872,0.00340501475,4.4781973e-05,1
0.03125,488,0.00379724475,0.00341247022,4.48898681e-05,1
0.03125,489,0.00380537612,0.00341993081,4.49978616e-05,1
0.03125,490,0.00381350587,0.00342739001,4.5105895e-05,1
0.03125,491,0.00382164144,0.00343485456,4.52140157e-05,1
0.03125,492,0.00382977678,0.00344231934,4.53222019e-05,1
0.03125,493,0.00383791397,0.00344978669,4.54304609e-05,1
0.03125,494,0.00384605373,0.00345725589,4.55387708e-05,1
0.03125,495,0.00385419396,0.00346472627,4.56471644e-05,1
0.03125,496,0.00386233698,0.00347219897,4.5755638e-05,1
0.03125,497,0.00387048256,0.00347967446,4.58641625e-05,1
0.03125,498,0.0038786286,0.00348715088,4.59727562e-05,1
0.03125,499,0.00388677698,0.0034946301,4.60814335e-05,1
0.03125,500,0.00389492791,0.00350211095,4.61901909e-05,1
0.03125,501,0.00390307931,0.00350959296,4.62989847e-05,1
0.03125,502,0.00391123351,0.0035170773,4.64078621e-05,1
0.03125,503,0.00391939003,0.00352456537,4.65168305e-05,1
0.03125,504,0.00392754655,0.00353205274,4.66258534e-05,1
0.03125,505,0.0039357068,0.00353954383,4.67349455e-05,1
0.03125,506,0.00394386798,0.00354703609,4.6844114e-05,1
0.03125,507,0.00395203242,0.00355453184,4.69533516e-05,1
0.03125,508,0.00396019546,0.00356202596,4.70626255e-05,1
0.03125,509,0.00396836456,0.00356952637,4.71720123e-05,1
0.03125,510,0.00397653272,0.00357702584,4.72814572e-05,1
0.03125,511,0.00398470461,0.00358452927,4.73909822e-05,1
0.03125,512,0.00399287604,0.00359203271,4.75005654e-05,1
0.03125,513,0.00400105026,0.00359953893,4.76102177e-05,1
0.03125,514,0.00400922634,0.00360704656,4.77199319e-05,1
0.03125,515,0.00401740428,0.00361455674,4.78297115e-05,1
0.03125,516,0.00402558502,0.00362206995,4.79396003e-05,1
0.03125,517,0.00403376622,0.0036295834,4.80495328e-05,1
0.03125,518,0.00404195068,0.0036371001,4.81595453e-05,1
0.03125,519,0.00405013561,0.00364461774,4.82696014e-05,1
0.03125,520,0.00405832287,0.0036521377,4.83797667e-05,1
0.03125,521,0.00406651199,0.00365965953,4.84899829e-05,1
0.03125,522,0.00407470297,0.00366718345,4.86002682e-05,1
0.03125,523,0.00408289675,0.00367471017,4.87106299e-05,1
0.03125,524,0.00409109145,0.00368223805,4.88210571e-05,1
0.03125,525,0.00409928802,0.00368976803,4.89315571e-05,1
0.03125,526,0.00410748646,0.00369729893,4.9042108e-05,1
0.03125,527,0.00411568629,0.00370483287,4.91527608e-05,1
0.03125,528,0.00412388891,0.00371236913,4.92634899e-05,1
0.03125,529,0.00413209246,0.00371990632,4.93742627e-05,1
0.03125,530,0.00414029881,0.00372744654,4.9485112e-05,1
0.03125,531,0.00414850516,0.00373498723,4.95960194e-05,1
0.03125,532,0.00415671477,0.00374253071,4.97070214e-05,1
0.03125,533,0.0041649281,0.00375007768,4.98180962e-05,1
0.03125,534,0.00417314097,0.00375762465,4.99292291e-05,1
0.03125,535,0.00418135617,0.00376517442,5.00404276e-05,1
0.03125,536,0.0041895723,0.00377272489,5.0151717e-05,1
0.03125,537,0.00419779168,0.00378027908,5.02630573e-05,1
0.03125,538,0.00420601387,0.00378783583,5.03744814e-05,1
0.03125,539,0.00421423465,0.00379539188,5.04859563e-05,1
0.03125,540,0.00422246009,0.00380295212,5.05975404e-05,1
0.03125,541,0.004230686,0.00381051307,5.07091718e-05,1
0.03125,542,0.00423891516,0.00381807704,5.08208686e-05,1
0.03125,543,0.0042471448,0.0038256424,5.09326528e-05,1
0.03125,544,0.00425537629,0.00383320893,5.10444952e-05,1
0.03125,545,0.00426361104,0.00384077895,5.11564176e-05,1
0.03125,546,0.00427184626,0.00384835014,5.12684092e-05,1
0.03125,547,0.00428008428,0.00385592366,5.13804662e-05,1
0.03125,548,0.00428832322,0.00386349903,5.14926069e-05,1
0.03125,549,0.00429656403,0.00387107581,5.16047949e-05,1
0.03125,550,0.00430480763,0.00387865491,5.17170556e-05,1
0.03125,551,0.00431305217,0.00388623588,5.18294037e-05,1
0.03125,552,0.00432129996,0.0038938201,5.19418318e-05,1
0.03125,553,0.00432954822,0.00390140456,5.2054329e-05,1
0.03125,554,0.00433779927,0.00390899228,5.21668735e-05,1
0.03125,555,0.00434605172,0.00391658116,5.22795162e-05,1
0.03125,556,0.0043543051,0.00392417191,5.23922135e-05,1
0.03125,557,0.00436256127,0.00393176451,5.25049909e-05,1
0.03125,558,0.00437081931,0.00393935945,5.26178264e-05,1
0.03125,559,0.00437907828,0.00394695578,5.27307529e-05,1
0.03125,560,0.00438734097,0.00395455584,5.28437376e-05,1
0.03125,561,0.0043956046,0.00396215683,5.29568024e-05,1
0.03125,562,0.00440387009,0.00396975968,5.30699253e-05,1
0.03125,563,0.0044121379,0.00397736486,5.31831392e-05,1
0.03125,564,0.00442040619,0.00398497097,5.32964077e-05,1
0.03125,565,0.00442867819,0.00399258081,5.34097708e-05,1
0.03125,566,0.00443695066,0.00400019111,5.35231593e-05,1
0.03125,567,0.00444522547,0.00400780328,5.36366642e-05,1
0.03125,568,0.00445350399,0.0040154201,5.37502383e-05,1
0.03125,569,0.00446178066,0.00402303599,5.38638633e-05,1
0.03125,570,0.00447006151,0.00403065514,5.39775647e-05,1
0.03125,571,0.00447834469,0.00403827662,5.40913643e-05,1
0.03125,572,0.00448662741,0.00404589763,5.42051966e-05,1
0.03125,573,0.00449491432,0.0040535233,5.43191236e-05,1
0.03125,574,0.00450320169,0.00406114943,5.44331087e-05,1
0.03125,575,0.00451149233,0.00406877929,5.45471812e-05,1
0.03125,576,0.00451978389,0.00407640962,5.46613228e-05,1
0.03125,577,0.00452807778,0.00408404274,5.47755262e-05,1
0.03125,578,0.00453637261,0.00409167726,5.48898024e-05,1
0.03125,579,0.0045446693,0.00409931317,5.5004155e-05,1
0.03125,580,0.00455296924,0.00410695281,5.51185985e-05,1
0.03125,581,0.00456126919,0.00411459198,5.52330785e-05,1
0.03125,582,0.00456957193,0.00412223442,5.53476348e-05,1
0.03125,583,0.0045778784,0.00412988104,5.54623075e-05,1
0.03125,584,0.004586183,0.00413752627,5.55770093e-05,1
0.03125,585,0.00459449226,0.00414517522,5.56918021e-05,1
0.03125,586,0.00460280292,0.00415282603,5.58066567e-05,1
0.03125,587,0.00461111404,0.00416047731,5.59215841e-05,1
0.03125,588,0.00461942889,0.00416813279,5.60365806e-05,1
0.03125,589,0.00462774513,0.00417579012,5.61516827e-05,1
0.03125,590,0.00463606324,0.00418344839,5.62668138e-05,1
0.03125,591,0.00464438275,0.00419110898,5.63820395e-05,1
0.03125,592,0.00465270365,0.0041987705,5.64973379e-05,1
0.03125,593,0.00466102688,0.00420643529,5.6612691e-05,1
0.03125,594,0.00466935243,0.00421410194,5.67281531e-05,1
0.03125,595,0.00467768079,0.00422177138,5.6843659e-05,1
0.03125,596,0.0046860096,0.00422944175,5.6959223e-05,1
0.03125,597,0.00469434028,0.00423711399,5.70748743e-05,1
0.03125,598,0.00470267236,0.00424478808,5.71905948e-05,1
0.03125,599,0.0047110077,0.00425246498,5.73064208e-05,1
0.03125,600,0.00471934397,0.0042601428,5.74223013e-05,1
0.03125,601,0.00472768256,0.00426782388,5.75382473e-05,1
0.03125,602,0.00473602302,0.0042755059,5.76542516e-05,1
0.03125,603,0.00474436535,0.0042831907,5.7770354e-05,1
0.03125,604,0.00475270953,0.00429087738,5.78865111e-05,1
0.03125,605,0.00476105465,0.00429856498,5.80027554e-05,1
0.03125,606,0.00476940349,0.00430625631,5.81190652e-05,1
0.03125,607,0.00477775279,0.0043139481,5.82354405e-05,1
0.03125,608,0.00478610443,0.00432164315,5.8351914e-05,1
0.03125,609,0.00479445746,0.00432933867,5.84684349e-05,1
0.03125,610,0.00480281329,0.00433703791,5.85850285e-05,1
0.03125,611,0.00481117005,0.00434473809,5.87017312e-05,1
0.03125,612,0.00481952913,0.00435244013,5.88184703e-05,1
0.03125,613,0.00482789055,0.00436014496,5.89352931e-05,1
0.03125,614,0.00483625336,0.00436785165,5.90521813e-05,1
0.03125,615,0.00484461803,0.00437555974,5.91691642e-05,1
0.03125,616,0.00485298363,0.00438326923,5.92861979e-05,1
0.03125,617,0.0048613525,0.00439098198,5.94033118e-05,1
0.03125,618,0.00486972416,0.00439869706,5.95204838e-05,1
0.03125,619,0.00487809628,0.00440641399,5.96377431e-05,1
0.03125,620,0.00488647074,0.00441413233,5.97551079e-05,1
0.03125,621,0.00489484519,0.0044218516,5.98724982e-05,1
0.03125,622,0.00490322383,0.00442957459,5.99899795e-05,1
0.03125,623,0.00491160434,0.00443729945,6.01075371e-05,1
0.03125,624,0.00491998531,0.00444502523,6.02251675e-05,1
0.03125,625,0.00492836954,0.00445275428,6.03428671e-05,1
0.03125,626,0.0049367547,0.00446048426,6.04606284e-05,1
0.03125,627,0.00494514033,0.00446821563,6.05784735e-05,1
0.03125,628,0.00495353062,0.00447595073,6.06964022e-05,1
0.03125,629,0.0049619223,0.00448368769,6.08144073e-05,1
0.03125,630,0.00497031538,0.00449142652,6.09324597e-05,1
0.03125,631,0.00497871079,0.0044991672,6.10506249e-05,1
0.03125,632,0.00498710759,0.00450691022,6.11688447e-05,1
0.03125,633,0.00499550579,0.00451465417,6.12871154e-05,1
0.03125,634,0.00500390539,0.00452239951,6.14054734e-05,1
0.03125,635,0.00501230732,0.00453014765,6.15239114e-05,1
0.03125,636,0.0050207125,0.00453789812,6.16424295e-05,1
0.03125,637,0.00502911722,0.00454564998,6.17610276e-05,1
0.03125,638,0.0050375266,0.0045534051,6.18796694e-05,1
0.03125,639,0.00504593691,0.00456116255,6.19984057e-05,1
0.03125,640,0.00505434722,0.00456891954,6.21172076e-05,1
0.03125,641,0.00506276125,0.00457668025,6.22360894e-05,1
0.03125,642,0.00507117761,0.00458444329,6.23550368e-05,1
0.03125,643,0.00507959351,0.00459220633,6.24740496e-05,1
0.03125,644,0.00508801499,0.00459997496,6.25931716e-05,1
0.03125,645,0.00509643462,0.00460774219,6.27123372e-05,1
0.03125,646,0.00510485983,0.00461551407,6.28316047e-05,1
0.03125,647,0.00511328364,0.00462328549,6.29509232e-05,1
0.03125,648,0.00512171024,0.00463105971,6.30702998e-05,1
0.03125,649,0.00513013825,0.00463883579,6.3189771e-05,1
0.03125,650,0.00513856951,0.00464661513,6.33093077e-05,1
0.03125,651,0.0051470031,0.00465439633,6.34289609e-05,1
0.03125,652,0.00515543763,0.00466217892,6.35486431e-05,1
0.03125,653,0.00516387448,0.00466996338,6.36684053e-05,1
0.03125,654,0.00517231133,0.00467774924,6.37882404e-05,1
0.03125,655,0.00518075144,0.00468553789,6.39081481e-05,1
0.03125,656,0.00518919388,0.00469332887,6.40281578e-05,1
0.03125,657,0.00519763771,0.00470112078,6.41482184e-05,1
0.03125,658,0.00520608341,0.00470891595,6.42683663e-05,1
0.03125,659,0.00521453097,0.00471671205,6.43885651e-05,1
0.03125,660,0.00522298086,0.00472451141,6.45088512e-05,1
0.03125,661,0.00523143308,0.00473231263,6.46292319e-05,1
0.03125,662,0.00523988483,0.00474011386,6.47496636e-05,1
0.03125,663,0.00524834171,0.00474791974,6.48701607e-05,1
0.03125,664,0.00525679952,0.00475572748,6.49907597e-05,1
0.03125,665,0.00526525779,0.00476353569,6.51114315e-05,1
0.03125,666,0.00527371746,0.00477134483,6.52321396e-05,1
0.03125,667,0.00528218085,0.00477915816,6.53529642e-05,1
0.03125,668,0.00529064564,0.00478697242,6.54738542e-05,1
0.03125,669,0.00529911229,0.00479478994,6.55947879e-05,1
0.03125,670,0.00530758034,0.0048026084,6.57158453e-05,1
0.03125,671,0.00531605119,0.00481042964,6.58369463e-05,1
0.03125,672,0.0053245239,0.00481825275,6.59581347e-05,1
0.03125,673,0.0053329966,0.00482607633,6.60793812e-05,1
0.03125,674,0.00534147397,0.00483390363,6.62007224e-05,1
0.03125,675,0.0053499518,0.00484173233,6.6322129e-05,1
0.03125,676,0.00535843242,0.00484956428,6.64436011e-05,1
0.03125,677,0.00536691258,0.00485739578,6.65651678e-05,1
0.03125,678,0.00537539646,0.00486523099,6.66867854e-05,1
0.03125,679,0.0053838836,0.004873069,6.68085049e-05,1
0.03125,680,0.00539236981,0.00488090701,6.69302972e-05,1
0.03125,681,0.00540085975,0.00488874782,6.70521404e-05,1
0.03125,682,0.00540935062,0.00489659142,6.71740927e-05,1
0.03125,683,0.00541784242,0.00490443455,6.72960814e-05,1
0.03125,684,0.00542633841,0.00491228281,6.74181429e-05,1
0.03125,685,0.0054348358,0.00492013153,6.75403062e-05,1
0.03125,686,0.00544333551,0.00492798444,6.76625641e-05,1
0.03125,687,0.00545183616,0.00493583689,6.7784873e-05,1
0.03125,688,0.0054603368,0.00494369026,6.79072327e-05,1
0.03125,689,0.00546884257,0.00495154876,6.80296798e-05,1
0.03125,690,0.00547734927,0.00495940773,6.81522288e-05,1
0.03125,691,0.00548585644,0.00496726856,6.82748287e-05,1
0.03125,692,0.00549436919,0.00497513404,6.83975377e-05,1
0.03125,693,0.00550288055,0.00498299813,6.85202831e-05,1
0.03125,694,0.00551139424,0.00499086501,6.86431085e-05,1
0.03125,695,0.00551990885,0.00499873329,6.8766014e-05,1
0.03125,696,0.00552842766,0.00500660576,6.88890213e-05,1
0.03125,697,0.005536946,0.0050144773,6.90120723e-05,1
0.03125,698,0.005545469,0.00502235442,6.91352252e-05,1
0.03125,699,0.00555399247,0.00503023108,6.92584217e-05,1
0.03125,700,0.00556251686,0.00503810961,6.93816837e-05,1
0.03125,701,0.00557104545,0.00504599232,6.95050694e-05,1
0.03125,702,0.0055795745,0.00505387597,6.96285279e-05,1
0.03125,703,0.00558810588,0.00506176148,6.97520445e-05,1
0.03125,704,0.00559663819,0.00506964792,6.98756121e-05,1
0.03125,705,0.0056051733,0.00507753808,6.99992815e-05,1
0.03125,706,0.00561371073,0.00508543011,7.01230165e-05,1
0.03125,707,0.00562224956,0.00509332353,7.0246846e-05,1
0.03125,708,0.00563079026,0.00510121929,7.03707192e-05,1
0.03125,709,0.00563933188,0.00510911644,7.0494687e-05,1
0.03125,710,0.00564787723,0.00511701684,7.06187493e-05,1
0.03125,711,0.00565642398,0.00512491865,7.0742848e-05,1
0.03125,712,0.00566497212,0.00513282279,7.08670777e-05,1
0.03125,713,0.00567352353,0.00514072878,7.09913293e-05,1
0.03125,714,0.00568207446,0.00514863571,7.11156827e-05,1
0.03125,715,0.0056906268,0.00515654404,7.12401088e-05,1
0.03125,716,0.00569918379,0.00516445702,7.1364615e-05,1
0.03125,717,0.00570773985,0.00517236907,7.14891576e-05,1
0.03125,718,0.00571630104,0.00518028671,7.16138456e-05,1
0.03125,719,0.00572486222,0.00518820435,7.17385701e-05,1
0.03125,720,0.00573342573,0.00519612432,7.18633601e-05,1
0.03125,721,0.0057419911,0.00520404615,7.198823e-05,1
0.03125,722,0.00575055927,0.00521197077,7.21131873e-05,1
0.03125,723,0.00575912884,0.00521989726,7.22382247e-05,1
0.03125,724,0.00576769933,0.00522782467,7.2363342e-05,1
0.03125,725,0.00577627216,0.00523575442,7.24885103e-05,1
0.03125,726,0.00578484777,0.00524368742,7.26137878e-05,1
0.03125,727,0.00579342386,0.0052516209,7.27391161e-05,1
0.03125,728,0.00580200274,0.00525955763,7.28645318e-05,1
0.03125,729,0.00581058348,0.00526749529,7.29900203e-05,1
0.03125,730,0.00581916561,0.00527543528,7.31155887e-05,1
0.03125,731,0.00582775194,0.00528337993,7.324123e-05,1
0.03125,732,0.00583633827,0.00529132364,7.33669585e-05,1
0.03125,733,0.00584492506,0.00529926876,7.34927162e-05,1
0.03125,734,0.00585351745,0.00530721899,7.36186339e-05,1
0.03125,735,0.00586210797,0.0053151683,7.37445662e-05,1
0.03125,736,0.00587070268,0.00532312086,7.38706076e-05,1
0.03125,737,0.00587929925,0.00533107575,7.39967218e-05,1
0.03125,738,0.00588789629,0.00533903204,7.41228723e-05,1
0.03125,739,0.00589649612,0.00534699066,7.42491538e-05,1
0.03125,740,0.00590509735,0.0053549516,7.43754645e-05,1
0.03125,741,0.00591370184,0.00536291441,7.45018624e-05,1
0.03125,742,0.00592230819,0.00537088001,7.46283695e-05,1
0.03125,743,0.00593091501,0.00537884608,7.47549348e-05,1
0.03125,744,0.00593952462,0.00538681494,7.48815582e-05,1
0.03125,745,0.00594813423,0.00539478473,7.50082691e-05,1
0.03125,746,0.0059567485,0.00540275779,7.5135089e-05,1
0.03125,747,0.00596536417,0.0054107341,7.52619599e-05,1
0.03125,748,0.00597397983,0.00541870948,7.53889035e-05,1
0.03125,749,0.00598259876,0.00542668859,7.55159199e-05,1
0.03125,750,0.00599121908,0.00543466909,7.56429945e-05,1
0.03125,751,0.00599984359,0.00544265378,7.57702073e-05,1
0.03125,752,0.00600846857,0.00545063894,7.58974566e-05,1
0.03125,753,0.00601709401,0.0054586255,7.60248004e-05,1
0.03125,754,0.00602572132,0.00546661345,7.61521806e-05,1
0.03125,755,0.00603435282,0.0054746056,7.62796844e-05,1
0.03125,756,0.00604298618,0.00548260007,7.64072392e-05,1
0.03125,757,0.00605162047,0.00549059547,7.65348595e-05,1
0.03125,758,0.00606025523,0.00549859134,7.66626035e-05,1
0.03125,759,0.00606889464,0.00550659234,7.6790413e-05,1
0.03125,760,0.00607753452,0.00551459379,7.69182661e-05,1
0.03125,761,0.00608617673,0.00552259758,7.70462357e-05,1
0.03125,762,0.00609482033,0.00553060276,7.71742634e-05,1
0.03125,763,0.00610346673,0.00553861167,7.73023567e-05,1
0.03125,764,0.00611211406,0.00554662012,7.74305299e-05,1
0.03125,765,0.00612076232,0.00555463089,7.75587832e-05,1
0.03125,766,0.00612941571,0.00556264678,7.76871457e-05,1
0.03125,767,0.00613806862,0.00557066174,7.78155372e-05,1
0.03125,768,0.0061467234,0.00557867857,7.79440234e-05,1
0.03125,769,0.00615538005,0.00558669865,7.80725968e-05,1
0.03125,770,0.00616403949,0.00559472106,7.82012648e-05,1
0.03125,771,0.00617270032,0.00560274441,7.83299765e-05,1
0.03125,772,0.00618136488,0.00561077148,7.84587828e-05,1
0.03125,773,0.0061900299,0.00561879994,7.8587691e-05,1
0.03125,774,0.0061986954,0.00562682888,7.87166209e-05,1
0.03125,775,0.00620736368,0.00563486014,7.88456528e-05,1
0.03125,776,0.00621603476,0.00564289512,7.89747573e-05,1
0.03125,777,0.00622470677,0.00565093011,7.91039638e-05,1
0.03125,778,0.0062333825,0.00565897068,7.92332648e-05,1
0.03125,779,0.00624206057,0.00566701218,7.93625804e-05,1
0.03125,780,0.00625073817,0.00567505416,7.94920052e-05,1
0.03125,781,0.00625941763,0.00568309752,7.96215027e-05,1
0.03125,782,0.00626809988,0.00569114415,7.9751102e-05,1
0.03125,783,0.00627678493,0.00569919357,7.98807596e-05,1
0.03125,784,0.00628546905,0.00570724253,8.00104681e-05,1
0.03125,785,0.00629415782,0.00571529567,8.01403003e-05,1
0.03125,786,0.00630284892,0.00572335161,8.02702052e-05,1
0.03125,787,0.00631154049,0.00573140895,8.04001902e-05,1
0.03125,788,0.00632023485,0.00573946768,8.05302261e-05,1
0.03125,789,0.00632893015,0.00574752828,8.06603639e-05,1
0.03125,790,0.0063376273,0.00575559074,8.07905599e-05,1
0.03125,791,0.00634632725,0.00576365599,8.09208432e-05,1
0.03125,792,0.00635502907,0.00577172311,8.10512065e-05,1
0.03125,793,0.00636373134,0.00577979162,8.11815989e-05,1
0.03125,794,0.00637243735,0.00578786293,8.13121515e-05,1
0.03125,795,0.00638114475,0.00579593703,8.14427403e-05,1
0.03125,796,0.00638985494,0.00580401253,8.15734238e-05,1
0.03125,797,0.0063985642,0.00581208849,8.17041655e-05,1
0.03125,798,0.0064072758,0.00582016679,8.18349945e-05,1
0.03125,799,0.00641599391,0.00582825113,8.19659326e-05,1
0.03125,800,0.00642470922,0.00583633268,8.20968999e-05,1
0.03125,801,0.00643342827,0.00584441889,8.22279762e-05,1
0.03125,802,0.0064421487,0.0058525065,8.23591035e-05,1
0.03125,803,0.00645087333,0.00586059783,8.24903691e-05,1
0.03125,804,0.00645959703,0.00586868916,8.26216419e-05,1
0.03125,805,0.00646832353,0.00587678188,8.27530239e-05,1
0.03125,806,0.00647705141,0.00588487741,8.28844786e-05,1
0.03125,807,0.00648578256,0.00589297619,8.30160134e-05,1
0.03125,808,0.00649451278,0.00590107404,8.31476282e-05,1
0.03125,809,0.00650324952,0.00590917887,8.32793739e-05,1
0.03125,810,0.00651198579,0.00591728324,8.34111124e-05,1
0.03125,811,0.00652072439,0.00592538947,8.35429673e-05,1
0.03125,812,0.00652946299,0.00593349617,8.36749095e-05,1
0.03125,813,0.00653820671,0.00594160846,8.38069245e-05,1
0.03125,814,0.00654695136,0.00594972121,8.39390268e-05,1
0.03125,815,0.00655569648,0.00595783535,8.407118e-05,1
0.03125,816,0.006564443,0.00596595043,8.42034351e-05,1
0.03125,817,0.00657319371,0.0059740697,8.43357411e-05,1
0.03125,818,0.00658194441,0.00598218944,8.44681563e-05,1
0.03125,819,0.00659069791,0.00599031243,8.46006296e-05,1
0.03125,820,0.00659945374,0.00599843776,8.47332049e-05,1
0.03125,821,0.0066082105,0.00600656308,8.4865831e-05,1
0.03125,822,0.00661697239,0.00601469493,8.49986027e-05,1
0.03125,823,0.00662573194,0.00602282397,8.51313744e-05,1
0.03125,824,0.00663449662,0.00603095861,8.52642697e-05,1
0.03125,825,0.00664326083,0.00603909232,8.5397216e-05,1
0.03125,826,0.0066520283,0.00604722975,8.55302642e-05,1
0.03125,827,0.00666079856,0.00605537044,8.56633851e-05,1
0.03125,828,0.00666956883,0.00606351113,8.57965861e-05,1
0.03125,829,0.00667834189,0.00607165415,8.59298671e-05,1
0.03125,830,0.00668711727,0.00607980043,8.60632426e-05,1
0.03125,831,0.00669589266,0.00608794624,8.619664e-05,1
0.03125,832,0.00670467084,0.00609609578,8.63301539e-05,1
0.03125,833,0.00671345135,0.00610424718,8.64637477e-05,1
0.03125,834,0.00672223372,0.00611240044,8.65974362e-05,1
0.03125,835,0.00673101842,0.0061205565,8.67311901e-05,1
0.03125,836,0.00673980592,0.00612871535,8.68650241e-05,1
0.03125,837,0.00674859481,0.0061368756,8.69989453e-05,1
0.03125,838,0.00675738603,0.00614503818,8.71329539e-05,1
0.03125,839,0.00676617865,0.00615320215,8.7267028e-05,1
0.03125,840,0.00677497033,0.00616136659,8.74011312e-05,1
0.03125,841,0.0067837676,0.00616953522,8.75354017e-05,1
0.03125,842,0.00679256534,0.00617770525,8.76697159e-05,1
0.03125,843,0.00680136681,0.006185879,8.78041028e-05,1
0.03125,844,0.0068101692,0.00619405322,8.79385625e-05,1
0.03125,845,0.00681897113,0.00620222837,8.80731022e-05,1
0.03125,846,0.00682777865,0.00621040771,8.82077293e-05,1
0.03125,847,0.0068365857,0.00621858798,8.83424655e-05,1
0.03125,848,0.00684539648,0.00622677151,8.84772526e-05,1
0.03125,849,0.00685420819,0.00623495644,8.86121197e-05,1
0.03125,850,0.00686302083,0.00624314277,8.87470669e-05,1
0.03125,851,0.00687183579,0.00625133049,8.88820869e-05,1
0.03125,852,0.00688065449,0.00625952287,8.90171941e-05,1
0.03125,853,0.00688947365,0.00626771571,8.91524032e-05,1
0.03125,854,0.00689829374,0.00627590949,8.92876633e-05,1
0.03125,855,0.00690711942,0.00628410885,8.94230252e-05,1
0.03125,856,0.0069159423,0.00629230589,8.9558438e-05,1
0.03125,857,0.00692477124,0.00630050898,8.96939673e-05,1
0.03125,858,0.00693360111,0.00630871253,8.98295693e-05,1
0.03125,859,0.00694243098,0.00631691702,8.99652296e-05,1
0.03125,860,0.00695126504,0.00632512616,9.01010062e-05,1
0.03125,861,0.00696010096,0.00633333623,9.02368265e-05,1
0.03125,862,0.00696893502,0.00634154584,9.03727268e-05,1
0.03125,863,0.00697777607,0.00634976104,9.05087218e-05,1
0.03125,864,0.00698661618,0.00635797717,9.0644804e-05,1
0.03125,865,0.00699545955,0.00636619469,9.07809663e-05,1
0.03125,866,0.00700430386,0.00637441454,9.09172013e-05,1
0.03125,867,0.00701315003,0.00638263673,9.10534873e-05,1
0.03125,868,0.00702200038,0.0063908617,9.11898969e-05,1
0.03125,869,0.00703084935,0.00639908668,9.13263575e-05,1
0.03125,870,0.00703970203,0.00640731584,9.14629418e-05,1
0.03125,871,0.00704855658,0.00641554547,9.15995624e-05,1
0.03125,872,0.00705741346,0.00642377883,9.17362922e-05,1
0.03125,873,0.0070662708,0.00643201312,9.18731021e-05,1
0.03125,874,0.00707513141,0.00644024974,9.20099628e-05,1
0.03125,875,0.00708399387,0.00644848822,9.214694e-05,1
0.03125,876,0.00709285913,0.00645673042,9.22839536e-05,1
0.03125,877,0.00710172532,0.00646497356,9.24210835e-05,1
0.03125,878,0.00711059105,0.00647321623,9.25582863e-05,1
0.03125,879,0.00711946189,0.00648146402,9.26955545e-05,1
0.03125,880,0.00712833414,0.00648971368,9.28329537e-05,1
0.03125,881,0.00713720778,0.0064979638,9.29703601e-05,1
0.03125,882,0.00714608375,0.00650621811,9.31078976e-05,1
0.03125,883,0.00715496205,0.00651447382,9.32454859e-05,1
0.03125,884,0.00716384128,0.00652273139,9.33831834e-05,1
0.03125,885,0.0071727233,0.00653099129,9.35209755e-05,1
0.03125,886,0.00718160858,0.00653925445,9.36588258e-05,1
0.03125,887,0.0071904934,0.00654751668,9.37967416e-05,1
0.03125,888,0.00719938241,0.00655578356,9.39347447e-05,1
0.03125,889,0.00720827049,0.00656405045,9.40728642e-05,1
0.03125,890,0.00721716322,0.00657232199,9.42110346e-05,1
0.03125,891,0.00722605409,0.00658059167,9.43492778e-05,1
0.03125,892,0.00723495195,0.00658886833,9.44876228e-05,1
0.03125,893,0.00724384747,0.00659714267,9.46260334e-05,1
0.03125,894,0.00725274812,0.00660542306,9.47645458e-05,1
0.03125,895,0.00726164831,0.00661370158,9.49031164e-05,1
0.03125,896,0.00727055315,0.0066219857,9.50417743e-05,1
0.03125,897,0.00727945892,0.00663027121,9.51805268e-05,1
0.03125,898,0.00728836702,0.00663855858,9.53193812e-05,1
0.03125,899,0.00729727466,0.00664684596,9.5458272e-05,1
0.03125,900,0.00730618509,0.00665513659,9.55972428e-05,1
0.03125,901,0.0073151011,0.00666343281,9.57363591e-05,1
0.03125,902,0.00732401432,0.00667172577,9.58754899e-05,1
0.03125,903,0.00733292988,0.00668002106,9.60147154e-05,1
0.03125,904,0.00734184776,0.00668832101,9.61540136e-05,1
0.03125,905,0.00735077029,0.00669662328,9.62934282e-05,1
0.03125,906,0.0073596919,0.00670492603,9.64328792e-05,1
0.03125,907,0.00736861723,0.00671323156,9.65724612e-05,1
0.03125,908,0.00737754581,0.00672154082,9.67121014e-05,1
0.03125,909,0.00738647394,0.00672985101,9.68518143e-05,1
0.03125,910,0.00739540486,0.0067381626,9.69916509e-05,1
0.03125,911,0.00740433717,0.00674647698,9.71315167e-05,1
0.03125,912,0.00741326949,0.00675479043,9.7271477e-05,1
0.03125,913,0.00742220646,0.00676310901,9.74115101e-05,1
0.03125,914,0.00743114669,0.00677143084,9.75516741e-05,1
0.03125,915,0.00744008506,0.00677975174,9.76918964e-05,1
0.03125,916,0.00744902715,0.00678807497,9.7832155e-05,1
0.03125,917,0.00745797437,0.00679640472,9.79725737e-05,1
0.03125,918,0.00746691925,0.00680473261,9.81130288e-05,1
0.03125,919,0.0074758674,0.00681306282,9.82535639e-05,1
0.03125,920,0.00748481741,0.00682139583,9.83941864e-05,1
0.03125,921,0.00749376975,0.0068297307,9.85348961e-05,1
0.03125,922,0.00750272535,0.00683806883,9.86756932e-05,1
0.03125,923,0.00751168001,0.00684640696,9.88165484e-05,1
0.03125,924,0.00752063841,0.00685474789,9.89575201e-05,1
0.03125,925,0.00752959773,0.00686309068,9.909855e-05,1
0.03125,926,0.00753856124,0.00687143812,9.92396599e-05,1
0.03125,927,0.00754752476,0.00687978556,9.93808499e-05,1
0.03125,928,0.00755649013,0.00688813394,9.95221417e-05,1
0.03125,929,0.00756545691,0.00689648464,9.96635135e-05,1
0.03125,930,0.00757442974,0.0069048414,9.98049727e-05,1
0.03125,931,0.00758339744,0.00691319397,9.9946461e-05,1
0.03125,932,0.00759237353,0.00692155398,0.000100088102,1
0.03125,933,0.00760134961,0.00692991447,0.000100229816,1
0.03125,934,0.00761032663,0.00693827542,0.000100371573,1
0.03125,935,0.00761930784,0.00694664242,0.000100513447,1
0.03125,936,0.00762828905,0.00695500756,0.000100655394,1
0.03125,937,0.00763727259,0.00696337549,0.000100797406,1
0.03125,938,0.00764625799,0.00697174622,0.000100939506,1
0.03125,939,0.00765524432,0.00698011881,0.000101081685,1
0.03125,940,0.00766423251,0.00698849186,0.000101223974,1
0.03125,941,0.0076732263,0.00699687144,0.000101366342,1
0.03125,942,0.00768222148,0.00700525148,0.000101508813,1
0.03125,943,0.0076912134,0.00701363012,0.000101651298,1
0.03125,944,0.00770021323,0.00702201482,0.000101793878,1
0.03125,945,0.00770921167,0.00703039998,0.000101936603,1
0.03125,946,0.00771821523,0.0070387898,0.000102079408,1
0.03125,947,0.00772721553,0.00704717683,0.000102222206,1
0.03125,948,0.00773622002,0.00705556711,0.000102365128,1
0.03125,949,0.00774522824,0.00706396252,0.00010250818,1
0.03125,950,0.00775423599,0.00707235746,0.000102651276,1
0.03125,951,0.00776324701,0.00708075427,0.000102794424,1
0.03125,952,0.00777226267,0.00708915759,0.000102937738,1
0.03125,953,0.00778127788,0.00709755998,0.000103081096,1
0.03125,954,0.00779029215,0.00710596144,0.000103224513,1
0.03125,955,0.00779931154,0.00711436803,0.000103368002,1
0.03125,956,0.0078083328,0.0071227774,0.000103511629,1
0.03125,957,0.00781735778,0.00713119004,0.000103655359,1
0.03125,958,0.00782638229,0.00713960128,0.000103799081,1
0.03125,959,0.00783540867,0.00714801671,0.000103942941,1
0.03125,960,0.00784443971,0.00715643493,0.000104086874,1
0.03125,961,0.00785346981,0.00716485409,0.000104230909,1
0.03125,962,0.00786249898,0.00717327185,0.00010437498,1
0.03125,963,0.00787153561,0.00718169613,0.000104519168,1
0.03125,964,0.00788057223,0.00719012227,0.000104663435,1
0.03125,965,0.00788961072,0.00719854981,0.000104807797,1
0.03125,966,0.0078986492,0.00720697781,0.000104952218,1
0.03125,967,0.00790769514,0.0072154128,0.000105096799,1
0.03125,968,0.00791673735,0.00722384406,0.000105241343,1
0.03125,969,0.00792578608,0.00723228138,0.000105386047,1
0.03125,970,0.00793483481,0.00724072009,0.000105530817,1
0.03125,971,0.00794388354,0.00724915834,0.000105675703,1
0.03125,972,0.00795293692,0.00725760218,0.000105820582,1
0.03125,973,0.00796199404,0.00726604927,0.000105965664,1
0.03125,974,0.00797104742,0.00727449311,0.000106110725,1
0.03125,975,0.00798010733,0.007282943,0.000106255939,1
0.03125,976,0.0079891691,0.00729139429,0.000106401196,1
0.03125,977,0.00799822807,0.00729984511,0.00010654654,1
0.03125,978,0.0080072945,0.00730830058,0.000106691979,1
0.03125,979,0.00801635999,0.00731675699,0.000106837542,1
0.03125,980,0.00802542921,0.00732521759,0.000106983134,1
0.03125,981,0.00803449843,0.00733367866,0.000107128828,1
0.03125,982,0.00804357138,0.00734214252,0.000107274616,1
0.03125,983,0.00805264525,0.00735060778,0.000107420456,1
0.03125,984,0.00806172285,0.00735907629,0.000107566389,1
0.03125,985,0.00807080045,0.0073675462,0.000107712469,1
0.03125,986,0.00807988178,0.00737601938,0.000107858534,1
0.03125,987,0.00808896031,0.00738448929,0.000108004722,1
0.03125,988,0.00809804536,0.00739296712,0.000108151027,1
0.03125,989,0.00810713321,0.00740144681,0.000108297398,1
0.03125,990,0.00811622106,0.00740992697,0.000108443855,1
0.03125,991,0.00812531076,0.00741840992,0.000108590386,1
0.03125,992,0.00813440233,0.0074268938,0.000108736975,1
0.03125,993,0.00814349856,0.00743538188,0.000108883709,1
0.03125,994,0.00815259386,0.00744386995,0.000109030465,1
0.03125,995,0.00816169288,0.00745236222,0.000109177396,1
0.03125,996,0.0081707919,0.00746085495,0.000109324341,1
0.03125,997,0.00817989465,0.00746935047,0.000109471381,1
0.03125,998,0.00818899646,0.00747784646,0.000109618471,1
0.03125,999,0.00819810387,0.00748634757,0.000109765671,1
0.03125,1000,0.00820720941,0.00749484682,0.000109912973,1
0.03125,1001,0.0082163224,0.00750335352,0.000110060391,1
0.03125,1002,0.00822543353,0.00751185883,0.000110207839,1
0.03125,1003,0.00823454652,0.00752036599,0.000110355373,1
0.03125,1004,0.00824366324,0.00752887735,0.000110503039,1
0.03125,1005,0.00825277902,0.00753738778,0.000110650748,1
0.03125,1006,0.00826190133,0.00754590379,0.000110798588,1
0.03125,1007,0.00827102084,0.00755441841,0.000110946428,1
0.03125,1008,0.008280145,0.00756293721,0.000111094399,1
0.03125,1009,0.00828927197,0.00757145975,0.000111242465,1
0.03125,1010,0.00829839893,0.00757998182,0.000111390596,1
0.03125,1011,0.00830752868,0.00758850668,0.000111538822,1
0.03125,1012,0.00831665937,0.00759703247,0.000111687114,1
0.03125,1013,0.00832579378,0.00760556338,0.000111835536,1
0.03125,1014,0.00833492819,0.0076140929,0.000111984031,1
0.03125,1015,0.00834406726,0.00762262894,0.000112132606,1
0.03125,1016,0.00835320819,0.00763116591,0.000112281254,1
0.03125,1017,0.00836235005,0.00763970381,0.000112429982,1
0.03125,1018,0.00837149378,0.00764824403,0.000112578826,1
0.03125,1019,0.0083806375,0.00765678333,0.000112727699,1
0.03125,1020,0.00838978589,0.00766532961,0.000112876747,1
0.03125,1021,0.00839893427,0.00767387403,0.000113025788,1
0.03125,1022,0.00840808637,0.00768242311,0.00011317496,1
0.03125,1023,0.00841724034,0.00769097544,0.000113324226,1
0.015625,0,4.53768371e-05,0,0,1
0.015625,1,5.26357253e-05,6.54039968e-06,7.70068169e-08,1
0.015625,2,5.98963379e-05,1.30826083e-05,1.54070918e-07,1
0.015625,3,6.71586895e-05,1.9626621e-05,2.31192487e-07,1
0.015625,4,7.44227655e-05,2.61724472e-05,3.08371483e-07,1
0.015625,5,8.16885367e-05,3.27200796e-05,3.85607819e-07,1
0.015625,6,8.89560833e-05,3.92695365e-05,4.62901596e-07,1
0.015625,7,9.62253544e-05,4.58208015e-05,5.40253041e-07,1
0.015625,8,0.000103496306,5.23738636e-05,6.17661158e-07,1
0.015625,9,0.000110769019,5.8928752e-05,6.95127483e-07,1
0.015625,10,0.000118043456,6.54854375e-05,7.72651163e-07,1
0.015625,11,0.000125319624,7.20439348e-05,8.50232425e-07,1
0.015625,12,0.000132597459,7.86042292e-05,9.27871611e-07,1
0.015625,13,0.000139877084,8.51663572e-05,1.00556838e-06,1
0.015625,14,0.000147158426,9.17302968e-05,1.08332222e-06,1
0.015625,15,0.00015444147,9.8296041e-05,1.16113426e-06,1
0.015625,16,0.000161726246,0.000104863633,1.23900327e-06,1
0.015625,17,0.000169012812,0.000111433015,1.31693093e-06,1
0.015625,18,0.000176301081,0.000118004216,1.3949159e-06,1
0.015625,19,0.000183590979,0.000124577127,1.47295896e-06,1
0.015625,20,0.000190882653,0.000131151945,1.5510592e-06,1
0.015625,21,0.000198176145,0.000137728624,1.62921776e-06,1
0.015625,22,0.00020547134,0.000144307123,1.70743351e-06,1
0.015625,23,0.000212768151,0.000150887339,1.7857077e-06,1
0.015625,24,0.000220066882,0.000157469462,1.86403975e-06,1
0.015625,25,0.000227367185,0.00016405333,1.94242944e-06,1
0.015625,26,0.000234669205,0.000170639003,2.02087631e-06,1
0.015625,27,0.000241973088,0.000177226582,2.09938298e-06,1
0.015625,28,0.000249278644,0.000183815908,2.17794604e-06,1
0.015625,29,0.000256585859,0.000190407067,2.25656731e-06,1
0.015625,30,0.000263894908,0.000197000059,2.33524793e-06,1
0.015625,31,0.000271205558,0.000203594784,2.41398425e-06,1
0.015625,32,0.00027851807,0.000210191443,2.49278128e-06,1
0.015625,33,0.000285832328,0.000216789922,2.57163492e-06,1
0.015625,34,0.000293148274,0.000223390161,2.65054632e-06,1
0.015625,35,0.000300465821,0.000229992133,2.72951638e-06,1
0.015625,36,0.000307785347,0.000236596141,2.8085451e-06,1
0.015625,37,0.000315106474,0.000243201837,2.88763022e-06,1
0.015625,38,0.000322429318,0.000249809353,2.96677536e-06,1
0.015625,39,0.000329753791,0.000256418629,3.04597779e-06,1
0.015625,40,0.000337080215,0.000263029855,3.12523821e-06,1
0.015625,41,0.000344408414,0.000269642973,3.20455888e-06,1
0.015625,42,0.000351738039,0.000276257604,3.28393571e-06,1
0.015625,43,0.000359069556,0.000282874214,3.36337166e-06,1
0.015625,44,0.000366402848,0.000289492717,3.4428665e-06,1
0.015625,45,0.000373737799,0.000296112936,3.52241818e-06,1
0.015625,46,0.000381074584,0.000302735076,3.60202921e-06,1
0.015625,47,0.000388413173,0.000309359079,3.68169913e-06,1
0.015625,48,0.000395753101,0.000315984595,3.76142657e-06,1
0.015625,49,0.00040309527,0.000322612323,3.84121404e-06,1
0.015625,50,0.000410439039,0.000329241855,3.92105949e-06,1
0.015625,51,0.000417784438,0.000335873017,4.00096178e-06,1
0.015625,52,0.000425131497,0.000342505955,4.08092365e-06,1
0.015625,53,0.000432480359,0.000349140755,4.16094372e-06,1
0.015625,54,0.00043983091,0.000355777447,4.24102109e-06,1
0.015625,55,0.00044718344,0.00036241606,4.32115758e-06,1
0.015625,56,0.000454537512,0.000369056361,4.40135636e-06,1
0.015625,57,0.000461893302,0.000375698495,4.48161245e-06,1
0.015625,58,0.000469250837,0.000382342463,4.56192402e-06,1
0.015625,59,0.00047661009,0.000388988177,4.64229743e-06,1
0.015625,60,0.000483971264,0.0003956359,4.72272768e-06,1
0.015625,61,0.0004913343,0.000402285543,4.80321933e-06,1
0.015625,62,0.0004986985,0.000408936583,4.88376645e-06,1
0.015625,63,0.000506064855,0.000415589835,4.96437315e-06,1
0.015625,64,0.000513432722,0.00042224463,5.04503851e-06,1
0.015625,65,0.000520802801,0.000428901665,5.12576617e-06,1
0.015625,66,0.000528173987,0.000435559952,5.20654839e-06,1
0.015625,67,0.000535547326,0.000442220509,5.28739201e-06,1
0.015625,68,0.000542922295,0.000448882754,5.36829384e-06,1
0.015625,69,0.000550299243,0.000455547037,5.44925524e-06,1
0.015625,70,0.000557677704,0.000462212949,5.53027485e-06,1
0.015625,71,0.00056505762,0.000468880462,5.61135312e-06,1
0.015625,72,0.000572439807,0.000475550274,5.6924905e-06,1
0.015625,73,0.000579823391,0.000482221629,5.77368837e-06,1
0.015625,74,0.000587208953,0.000488894933,5.85493945e-06,1
0.015625,75,0.000594595855,0.00049556978,5.93625873e-06,1
0.015625,76,0.000601984735,0.000502246607,6.01762849e-06,1
0.015625,77,0.000609375478,0.000508925412,6.0990651e-06,1
0.015625,78,0.000616767851,0.00051560608,6.18055492e-06,1
0.015625,79,0.000624162029,0.000522288436,6.26210749e-06,1
0.015625,80,0.000631557952,0.000528972654,6.34371509e-06,1
0.015625,81,0.000638955389,0.000535658502,6.42538589e-06,1
0.015625,82,0.000646354689,0.000542346446,6.50711445e-06,1
0.015625,83,0.000653755909,0.000549036311,6.5889044e-06,1
0.015625,84,0.000661158992,0.00055572798,6.67075255e-06,1
0.015625,85,0.000668563647,0.000562421454,6.75265755e-06,1
0.015625,86,0.000675969874,0.000569116499,6.83462849e-06,1
0.015625,87,0.000683377904,0.000575813581,6.91665036e-06,1
0.015625,88,0.000690787856,0.000582512526,6.99873726e-06,1
0.015625,89,0.000698199205,0.000589213043,7.08087828e-06,1
0.015625,90,0.000705612707,0.000595915772,7.16308568e-06,1
0.015625,91,0.000713027839,0.000602620363,7.24534266e-06,1
0.015625,92,0.000720444426,0.000609326293,7.32766875e-06,1
0.015625,93,0.000727863109,0.000616034376,7.41005397e-06,1
0.015625,94,0.000735283305,0.000622744206,7.49249011e-06,1
0.015625,95,0.000742705481,0.000629456074,7.57499311e-06,1
0.015625,96,0.000750129344,0.000636169745,7.65755522e-06,1
0.015625,97,0.000757554895,0.000642885163,7.74017462e-06,1
0.015625,98,0.000764982076,0.000649602269,7.82285315e-06,1
0.015625,99,0.00077241112,0.000656321296,7.90559352e-06,1
0.015625,100,0.000779842259,0.000663042534,7.98839937e-06,1
0.015625,101,0.000787274446,0.000669764995,8.07125434e-06,1
0.015625,102,0.000794709078,0.000676489959,8.1541757e-06,1
0.015625,103,0.000802145223,0.000683216495,8.23715436e-06,1
0.015625,104,0.000809582823,0.000689944602,8.32019396e-06,1
0.015625,105,0.000817022112,0.000696674455,8.40328903e-06,1
0.015625,106,0.000824463728,0.000703406695,8.48644868e-06,1
0.015625,107,0.000831906626,0.00071014039,8.56966744e-06,1
0.015625,108,0.000839351618,0.00071687618,8.65294533e-06,1
0.015625,109,0.000846797775,0.000723613251,8.7362796e-06,1
0.015625,110,0.000854246377,0.000730352942,8.81968117e-06,1
0.015625,111,0.000861696259,0.000737093971,8.90313549e-06,1
0.015625,112,0.000869148353,0.000743837096,8.9866553e-06,1
0.015625,113,0.000876601436,0.000750581734,9.0702315e-06,1
0.015625,114,0.000884056732,0.000757328293,9.15386863e-06,1
0.015625,115,0.000891513599,0.000764076714,9.23756579e-06,1
0.015625,116,0.000898972852,0.000770827523,9.32131115e-06,1
0.015625,117,0.000906433328,0.000777579553,9.4051311e-06,1
0.015625,118,0.000913895783,0.000784333912,9.48900743e-06,1
0.015625,119,0.000921359751,0.000791089667,9.57294833e-06,1
0.015625,120,0.000928825582,0.00079784746,9.65694653e-06,1
0.015625,121,0.000936293218,0.000804607116,9.74100203e-06,1
0.015625,122,0.000943762716,0.000811368576,9.82512574e-06,1
0.015625,123,0.000951233669,0.000818131841,9.90930221e-06,1
0.015625,124,0.00095870666,0.000824897143,9.99354143e-06,1
0.015625,125,0.000966181164,0.000831663958,1.00778425e-05,1
0.015625,126,0.000973657356,0.000838432694,1.0162199e-05,1
0.015625,127,0.000981135294,0.000845203293,1.02466138e-05,1
0.015625,128,0.00098861556,0.000851976103,1.03310967e-05,1
0.015625,129,0.000996096991,0.000858750427,1.04156416e-05,1
0.015625,130,0.00100358028,0.000865526381,1.050024e-05,1
0.015625,131,0.00101106544,0.000872304547,1.0584904e-05,1
0.015625,132,0.00101855292,0.000879084982,1.0669627e-05,1
0.015625,133,0.00102604099,0.000885866233,1.07544101e-05,1
0.015625,134,0.00103353139,0.00089264987,1.08392496e-05,1
0.015625,135,0.00104102353,0.000899435312,1.09241537e-05,1
0.015625,136,0.00104851765,0.000906222966,1.1009116e-05,1
0.015625,137,0.00105601316,0.000913012016,1.10941446e-05,1
0.015625,138,0.00106351066,0.000919802929,1.1179226e-05,1
0.015625,139,0.0010710099,0.000926595763,1.12643747e-05,1
0.015625,140,0.00107851042,0.000933390227,1.13495807e-05,1
0.015625,141,0.00108601351,0.000940187136,1.14348495e-05,1
0.015625,142,0.00109351787,0.000946985499,1.15201792e-05,1
0.015625,143,0.0011010241,0.000953785726,1.16055662e-05,1
0.015625,144,0.00110853231,0.000960588048,1.1691016e-05,1
0.015625,145,0.00111604214,0.000967391941,1.17765248e-05,1
0.015625,146,0.00112355361,0.000974197814,1.18620965e-05,1
0.015625,147,0.00113106659,0.000981005025,1.19477263e-05,1
0.015625,148,0.00113858166,0.000987814623,1.20334207e-05,1
0.015625,149,0.0011460986,0.000994626316,1.21191724e-05,1
0.015625,150,0.00115361693,0.00100143929,1.22049878e-05,1
0.015625,151,0.00116113713,0.00100825424,1.22908641e-05,1
0.015625,152,0.00116865954,0.00101507164,1.23768014e-05,1
0.015625,153,0.00117618334,0.00102189044,1.24627968e-05,1
0.015625,154,0.00118370878,0.00102871098,1.2548855e-05,1
0.015625,155,0.0011912362,0.0010355335,1.26349678e-05,1
0.015625,156,0.00119876524,0.00104235776,1.27211551e-05,1
0.015625,157,0.00120629603,0.00104918389,1.28073916e-05,1
0.015625,158,0.00121382868,0.00105601212,1.28936981e-05,1
0.015625,159,0.0012213632,0.00106284197,1.29800655e-05,1
0.015625,160,0.00122889911,0.00106967345,1.30664848e-05,1
0.015625,161,0.00123643735,0.0010765075,1.31529678e-05,1
0.015625,162,0.00124397699,0.00108334282,1.32395189e-05,1
0.015625,163,0.00125151826,0.00109018013,1.33261246e-05,1
0.015625,164,0.00125906174,0.00109701941,1.34128004e-05,1
0.015625,165,0.0012666065,0.00110386056,1.34995298e-05,1
0.015625,166,0.00127415359,0.00111070345,1.35863138e-05,1
0.015625,167,0.00128170196,0.00111754821,1.3673176e-05,1
0.015625,168,0.00128925266,0.00112439529,1.37600891e-05,1
0.015625,169,0.00129680452,0.00113124354,1.38470623e-05,1
0.015625,170,0.00130435836,0.001138094,1.39341028e-05,1
0.015625,171,0.00131191371,0.0011449462,1.40211987e-05,1
0.015625,172,0.00131947082,0.00115179981,1.41083556e-05,1
0.015625,173,0.00132703001,0.00115865609,1.41955879e-05,1
0.015625,174,0.00133459095,0.00116551376,1.4282864e-05,1
0.015625,175,0.00134215353,0.00117237342,1.43702091e-05,1
0.015625,176,0.00134971761,0.00117923459,1.44576125e-05,1
0.015625,177,0.00135728403,0.0011860982,1.45450822e-05,1
0.015625,178,0.00136485242,0.0011929638,1.46326083e-05,1
0.015625,179,0.00137242174,0.00119983056,1.47202036e-05,1
0.015625,180,0.00137999328,0.00120669953,1.48078561e-05,1
0.015625,181,0.00138756644,0.00121357036,1.4895576e-05,1
0.015625,182,0.00139514159,0.00122044294,1.4983345e-05,1
0.015625,183,0.00140271848,0.00122731784,1.50711849e-05,1
0.015625,184,0.001410297,0.00123419415,1.51590866e-05,1
0.015625,185,0.00141787704,0.00124107208,1.52470466e-05,1
0.015625,186,0.00142545963,0.00124795281,1.5335072e-05,1
0.015625,187,0.00143304339,0.0012548347,1.54231584e-05,1
0.015625,188,0.0014406289,0.00126171845,1.55113048e-05,1
0.015625,189,0.00144821615,0.00126860419,1.55995021e-05,1
0.015625,190,0.00145580561,0.0012754919,1.56877795e-05,1
0.015625,191,0.00146339624,0.00128238101,1.57761133e-05,1
0.015625,192,0.00147098943,0.00128927291,1.58645089e-05,1
0.015625,193,0.0014785839,0.00129616598,1.59529573e-05,1
0.015625,194,0.00148617988,0.0013030608,1.60414802e-05,1
0.015625,195,0.0014937782,0.00130995805,1.61300595e-05,1
0.015625,196,0.00150137756,0.00131685648,1.62186989e-05,1
0.015625,197,0.00150897948,0.00132375734,1.63074037e-05,1
0.015625,198,0.00151658279,0.00133065996,1.63961668e-05,1
0.015625,199,0.00152418762,0.00133756408,1.64849953e-05,1
0.015625,200,0.0015317949,0.00134447066,1.65738911e-05,1
0.015625,201,0.00153940381,0.00135137909,1.66628452e-05,1
0.015625,202,0.00154701364,0.00135828846,1.67518574e-05,1
0.015625,203,0.00155462616,0.00136520062,1.68409351e-05,1
0.015625,204,0.00156224007,0.00137211441,1.69300729e-05,1
0.015625,205,0.00156985573,0.00137902971,1.70192707e-05,1
0.015625,206,0.00157747406,0.00138594792,1.71085412e-05,1
0.015625,207,0.00158509274,0.00139286672,1.71978627e-05,1
0.015625,208,0.00159271376,0.00139978796,1.72872424e-05,1
0.015625,209,0.00160033698,0.00140671141,1.73767003e-05,1
0.015625,210,0.00160796207,0.00141363672,1.74662182e-05,1
0.015625,211,0.00161558774,0.00142056309,1.75557834e-05,1
0.015625,212,0.00162321585,0.00142749166,1.76454287e-05,1
0.015625,213,0.00163084629,0.00143442268,1.77351285e-05,1
0.015625,214,0.00163847813,0.0014413551,1.7824892e-05,1
0.015625,215,0.00164611172,0.00144828961,1.79147228e-05,1
0.015625,216,0.00165374635,0.00145522517,1.80046027e-05,1
0.015625,217,0.00166138366,0.0014621634,1.80945535e-05,1
0.015625,218,0.00166902202,0.00146910292,1.81845662e-05,1
0.015625,219,0.00167666352,0.0014760457,1.82746462e-05,1
0.015625,220,0.00168430572,0.00148298906,1.83647862e-05,1
0.015625,221,0.0016919506,0.00148993533,1.84549899e-05,1
0.015625,222,0.00169959618,0.00149688241,1.85452445e-05,1
0.015625,223,0.00170724385,0.00150383171,1.86355664e-05,1
0.015625,224,0.0017148928,0.0015107824,1.87259629e-05,1
0.015625,225,0.00172254432,0.00151773565,1.88164158e-05,1
0.015625,226,0.00173019746,0.00152469054,1.89069324e-05,1
0.015625,227,0.00173785305,0.00153164822,1.89975144e-05,1
0.015625,228,0.00174550957,0.00153860683,1.90881565e-05,1
0.015625,229,0.0017531676,0.00154556707,1.91788458e-05,1
0.015625,230,0.00176082749,0.00155252917,1.92696152e-05,1
0.015625,231,0.00176849018,0.0015594943,1.93604446e-05,1
0.015625,232,0.00177615404,0.00156646047,1.94513286e-05,1
0.015625,233,0.00178381964,0.00157342863,1.95422908e-05,1
0.015625,234,0.00179148698,0.00158039853,1.96333094e-05,1
0.015625,235,0.00179915607,0.00158737041,1.97243899e-05,1
0.015625,236,0.00180682633,0.00159434357,1.98155321e-05,1
0.015625,237,0.00181449915,0.00160131929,1.99067399e-05,1
0.015625,238,0.0018221736,0.00160829676,1.99980095e-05,1
0.015625,239,0.00182985025,0.00161527644,2.00893446e-05,1
0.015625,240,0.00183752819,0.00162225787,2.01807397e-05,1
0.015625,241,0.00184520776,0.00162924081,2.02721931e-05,1
0.015625,242,0.00185288943,0.00163622573,2.03637173e-05,1
0.015625,243,0.00186057342,0.00164321321,2.04553089e-05,1
0.015625,244,0.00186825835,0.00165020174,2.0546946e-05,1
0.015625,245,0.00187594502,0.00165719225,2.0638663e-05,1
0.015625,246,0.00188363413,0.0016641852,2.07304402e-05,1
0.015625,247,0.0018913243,0.00167117908,2.08222773e-05,1
0.015625,248,0.00189901656,0.00167817529,2.09141817e-05,1
0.015625,249,0.00190671068,0.00168517372,2.10061444e-05,1
0.015625,250,0.00191440713,0.00169217435,2.10981743e-05,1
0.015625,251,0.00192210393,0.00169917545,2.11902661e-05,1
0.015625,252,0.0019298041,0.00170617993,2.12824179e-05,1
0.015625,253,0.00193750521,0.00171318557,2.13746425e-05,1
0.015625,254,0.00194520806,0.00172019296,2.14669162e-05,1
0.015625,255,0.00195291336,0.00172720279,2.15592736e-05,1
0.015625,256,0.00196061912,0.00173421344,2.16516819e-05,1
0.015625,257,0.00196832861,0.00174122804,2.17441593e-05,1
0.015625,258,0.00197603717,0.0017482416,2.18366877e-05,1
0.015625,259,0.00198375038,0.00175525947,2.1929287e-05,1
0.015625,260,0.00199146406,0.00176227861,2.20219554e-05,1
0.015625,261,0.00199917937,0.00176929927,2.21146784e-05,1
0.015625,262,0.002006897,0.00177632261,2.22074723e-05,1
0.015625,263,0.00201461557,0.00178334641,2.23003244e-05,1
0.015625,264,0.00202233647,0.001790373,2.23932511e-05,1
0.015625,265,0.00203005923,0.00179740135,2.2486227e-05,1
0.015625,266,0.00203778362,0.00180443167,2.25792737e-05,1
0.015625,267,0.0020455108,0.00181146455,2.26723896e-05,1
0.015625,268,0.00205323845,0.00181849813,2.27655582e-05,1
0.015625,269,0.0020609682,0.00182553427,2.28587924e-05,1
0.015625,270,0.0020687005,0.00183257251,2.29520974e-05,1
0.015625,271,0.00207643397,0.00183961214,2.30454571e-05,1
0.015625,272,0.00208416861,0.00184665318,2.31388876e-05,1
0.015625,273,0.00209190557,0.00185369689,2.32323855e-05,1
0.015625,274,0.00209964463,0.00186074211,2.33259434e-05,1
0.015625,275,0.00210738555,0.00186778966,2.34195595e-05,1
0.015625,276,0.00211512786,0.00187483896,2.3513252e-05,1
0.015625,277,0.00212287181,0.00188188965,2.36070009e-05,1
0.015625,278,0.00213061809,0.0018889429,2.37008207e-05,1
0.015625,279,0.00213836622,0.00189599802,2.37946861e-05,1
0.015625,280,0.00214611483,0.00190305396,2.38886259e-05,1
0.015625,281,0.00215386599,0.00191011222,2.39826313e-05,1
0.015625,282,0.00216161925,0.00191717304,2.40767095e-05,1
0.015625,283,0.00216937508,0.00192423642,2.41708349e-05,1
0.015625,284,0.00217713229,0.00193130085,2.42650385e-05,1
0.015625,285,0.00218489021,0.0019383668,2.43593058e-05,1
0.015625,286,0.00219264999,0.0019454346,2.44536277e-05,1
0.015625,287,0.00220041256,0.00195250497,2.45480242e-05,1
0.015625,288,0.00220817653,0.0019595765,2.4642477e-05,1
0.015625,289,0.0022159419,0.00196665013,2.47369953e-05,1
0.015625,290,0.00222370983,0.00197372609,2.483157e-05,1
0.015625,291,0.00223147916,0.00198080391,2.49262321e-05,1
0.015625,292,0.00223924941,0.00198788219,2.50209396e-05,1
0.015625,293,0.0022470234,0.0019949649,2.51157198e-05,1
0.015625,294,0.00225479738,0.00200204737,2.52105547e-05,1
0.015625,295,0.00226257392,0.00200913264,2.5305475e-05,1
0.015625,296,0.00227035303,0.00201622024,2.54004372e-05,1
0.015625,297,0.0022781326,0.00202330877,2.54954703e-05,1
0.015625,298,0.0022859145,0.00203039963,2.55905888e-05,1
0.015625,299,0.00229369826,0.00203749258,2.56857456e-05,1
0.015625,300,0.00230148365,0.00204458693,2.57809679e-05,1
0.015625,301,0.00230927183,0.00205168477,2.5876272e-05,1
0.015625,302,0.00231706025,0.00205878238,2.59716307e-05,1
0.015625,303,0.00232485146,0.00206588325,2.60670513e-05,1
0.015625,304,0.00233264361,0.00207298482,2.61625228e-05,1
0.015625,305,0.00234043854,0.00208008918,2.62580943e-05,1
0.015625,306,0.00234823488,0.00208719517,2.63537077e-05,1
0.015625,307,0.00235603307,0.00209430349,2.64493974e-05,1
0.015625,308,0.0023638329,0.00210141344,2.65451417e-05,1
0.015625,309,0.00237163459,0.00210852502,2.6640957e-05,1
0.015625,310,0.00237943837,0.00211563893,2.67368378e-05,1
0.015625,311,0.00238724309,0.00212275423,2.6832784e-05,1
0.015625,312,0.00239505013,0.00212987163,2.69287884e-05,1
0.015625,313,0.00240285974,0.00213699113,2.70248638e-05,1
0.015625,314,0.00241067028,0.00214411272,2.71209974e-05,1
0.015625,315,0.00241848268,0.00215123594,2.72171965e-05,1
0.015625,316,0.00242629694,0.00215836102,2.73134647e-05,1
0.015625,317,0.0024341133,0.00216548797,2.74097911e-05,1
0.015625,318,0.00244193082,0.00217261631,2.75061884e-05,1
0.015625,319,0.00244975113,0.00217974791,2.76026512e-05,1
0.015625,320,0.00245757191,0.00218687998,2.7699185e-05,1
0.015625,321,0.00246539549,0.00219401484,2.77957752e-05,1
0.015625,322,0.00247322069,0.0022011511,2.78924417e-05,1
0.015625,323,0.00248104753,0.00220828969,2.79891519e-05,1
0.015625,324,0.00248887669,0.00221543061,2.80859531e-05,1
0.015625,325,0.00249670725,0.00222257292,2.81828034e-05,1
0.015625,326,0.00250453944,0.00222971709,2.82797264e-05,1
0.015625,327,0.00251237326,0.00223686267,2.83767076e-05,1
0.015625,328,0.00252020918,0.00224401057,2.84737544e-05,1
0.015625,329,0.00252804742,0.0022511608,2.85708866e-05,1
0.015625,330,0.00253588683,0.00225831242,2.86680606e-05,1
0.015625,331,0.0025437281,0.00226546614,2.87653129e-05,1
0.015625,332,0.00255157216,0.00227262243,2.88626252e-05,1
0.015625,333,0.002559416,0.00227977871,2.89599848e-05,1
0.015625,334,0.00256726332,0.00228693895,2.90574408e-05,1
0.015625,335,0.00257511158,0.00229409966,2.9154955e-05,1
0.015625,336,0.00258296262,0.00230126362,2.92525292e-05,1
0.015625,337,0.00259081414,0.00230842782,2.93501671e-05,1
0.015625,338,0.00259866868,0.00231559551,2.94478668e-05,1
0.015625,339,0.00260652415,0.00232276437,2.9545643e-05,1
0.015625,340,0.00261438172,0.00232993532,2.96434737e-05,1
0.015625,341,0.00262224232,0.0023371086,2.97413899e-05,1
0.015625,342,0.00263010268,0.00234428258,2.98393479e-05,1
0.015625,343,0.00263796514,0.00235145888,2.99373751e-05,1
0.015625,344,0.00264583109,0.00235863822,3.00354859e-05,1
0.015625,345,0.00265369681,0.00236581825,3.0133644e-05,1
0.015625,346,0.00266156625,0.00237300107,3.02318731e-05,1
0.015625,347,0.00266943686,0.00238018576,3.03301786e-05,1
0.015625,348,0.00267730816,0.00238737091,3.04285441e-05,1
0.015625,349,0.00268518226,0.00239455956,3.05269714e-05,1
0.015625,350,0.00269305799,0.00240174937,3.06254697e-05,1
0.015625,351,0.00270093605,0.00240894174,3.07240225e-05,1
0.015625,352,0.00270881527,0.00241613528,3.08226518e-05,1
0.015625,353,0.00271669612,0.00242333114,3.09213356e-05,1
0.015625,354,0.0027245786,0.00243052794,3.10201067e-05,1
0.015625,355,0.00273246365,0.00243772776,3.11189287e-05,1
0.015625,356,0.00274035102,0.00244493037,3.12178236e-05,1
0.015625,357,0.00274823932,0.00245213346,3.13167693e-05,1
0.015625,358,0.00275612925,0.00245933863,3.14157987e-05,1
0.015625,359,0.00276402151,0.00246654591,3.151489e-05,1
0.015625,360,0.00277191517,0.00247375527,3.16140431e-05,1
0.015625,361,0.00277981046,0.00248096557,3.17132617e-05,1
0.015625,362,0.00278770924,0.00248817983,3.1812564e-05,1
0.015625,363,0.00279560708,0.00249539386,3.19119135e-05,1
0.015625,364,0.00280350959,0.00250261184,3.20113286e-05,1
0.015625,365,0.00281141279,0.00250983075,3.211082e-05,1
0.015625,366,0.00281931669,0.00251705083,3.22103806e-05,1
0.015625,367,0.00282722316,0.00252427324,3.23099957e-05,1
0.015625,368,0.00283513148,0.00253149751,3.24096836e-05,1
0.015625,369,0.00284304097,0.00253872317,3.25094334e-05,1
0.015625,370,0.00285095372,0.00254595256,3.2609245e-05,1
0.015625,371,0.00285886857,0.00255318382,3.27091548e-05,1
0.015625,372,0.00286678365,0.00256041507,3.28090937e-05,1
0.015625,373,0.00287470059,0.00256764912,3.2909109e-05,1
0.015625,374,0.00288262055,0.00257488596,3.30091898e-05,1
0.015625,375,0.00289054145,0.0025821235,3.31093579e-05,1
0.015625,376,0.00289846445,0.00258936337,3.32095697e-05,1
0.015625,377,0.0029063893,0.00259660534,3.3309836e-05,1
0.015625,378,0.00291431439,0.00260384777,3.34102042e-05,1
0.015625,379,0.00292224507,0.00261109555,3.35106342e-05,1
0.015625,380,0.00293017528,0.00261834334,3.36111116e-05,1
0.015625,381,0.00293810642,0.00262559182,3.37116689e-05,1
0.015625,382,0.00294604013,0.00263284333,3.38122809e-05,1
0.015625,383,0.00295397546,0.00264009647,3.39129583e-05,1
0.015625,384,0.00296191406,0.00264735264,3.4013734e-05,1
0.015625,385,0.00296985079,0.00265460741,3.41145351e-05,1
0.015625,386,0.00297779404,0.00266186846,3.42154199e-05,1
0.015625,387,0.00298573682,0.00266912952,3.43163774e-05,1
0.015625,388,0.00299368193,0.00267639291,3.44174041e-05,1
0.015625,389,0.00300162821,0.00268365792,3.45184926e-05,1
0.015625,390,0.00300957682,0.00269092433,3.46196357e-05,1
0.015625,391,0.00301752775,0.002698194,3.47208625e-05,1
0.015625,392,0.00302547798,0.00270546274,3.48221438e-05,1
0.015625,393,0.00303343241,0.00271273614,3.49235052e-05,1
0.015625,394,0.00304138893,0.0027200114,3.50249211e-05,1
0.015625,395,0.00304934499,0.00272728666,3.51264171e-05,1
0.015625,396,0.003057305,0.00273456587,3.52279749e-05,1
0.015625,397,0.00306526688,0.00274184672,3.53295982e-05,1
0.015625,398,0.00307322922,0.0027491285,3.5431287e-05,1
0.015625,399,0.00308119366,0.00275641237,3.55330449e-05,1
0.015625,400,0.00308916089,0.00276369881,3.56348864e-05,1
0.015625,401,0.00309712836,0.00277098594,3.57367644e-05,1
0.015625,402,0.00310510001,0.00277827727,3.58387224e-05,1
0.015625,403,0.0031130712,0.00278556836,3.59407422e-05,1
0.015625,404,0.00312104495,0.00279286201,3.60428421e-05,1
0.015625,405,0.00312902033,0.00280015776,3.61450002e-05,1
0.015625,406,0.00313699921,0.00280745653,3.62472383e-05,1
0.015625,407,0.00314497855,0.00281475624,3.63495383e-05,1
0.015625,408,0.00315295928,0.00282205758,3.64519074e-05,1
0.015625,409,0.00316094258,0.00282936101,3.6554331e-05,1
0.015625,410,0.00316892774,0.00283666654,3.66568311e-05,1
0.015625,411,0.00317691406,0.00284397393,3.67594002e-05,1
0.015625,412,0.00318490248,0.00285128318,3.68620349e-05,1
0.015625,413,0.003192893,0.00285859453,3.69647278e-05,1
0.015625,414,0.00320088444,0.00286590704,3.70674934e-05,1
0.015625,415,0.00320887868,0.00287322234,3.71703281e-05,1
0.015625,416,0.00321687595,0.00288054068,3.72732502e-05,1
0.015625,417,0.00322487298,0.00288785878,3.73762268e-05,1
0.015625,418,0.00323287281,0.0028951806,3.74792726e-05,1
0.015625,419,0.00324087427,0.00290250313,3.75823802e-05,1
0.015625,420,0.00324887759,0.00290982821,3.76855496e-05,1
0.015625,421,0.00325688184,0.00291715469,3.77887773e-05,1
0.015625,422,0.00326488796,0.00292448257,3.78920995e-05,1
0.015625,423,0.00327289663,0.00293181301,3.79954654e-05,1
0.015625,424,0.00328090903,0.00293914741,3.80989295e-05,1
0.015625,425,0.00328892097,0.00294648157,3.82024518e-05,1
0.015625,426,0.0032969336,0.00295381667,3.83060251e-05,1
0.015625,427,0.00330495113,0.00296115642,3.84096929e-05,1
0.015625,428,0.00331296865,0.00296849641,3.85133972e-05,1
0.015625,429,0.00332098757,0.00297583803,3.86171741e-05,1
0.015625,430,0.00332901045,0.00298318337,3.87210457e-05,1
0.015625,431,0.00333703239,0.00299052824,3.88249609e-05,1
0.015625,432,0.00334505783,0.00299787684,3.89289562e-05,1
0.015625,433,0.00335308374,0.00300522614,3.90330133e-05,1
0.015625,434,0.00336111314,0.00301257824,3.91371432e-05,1
0.015625,435,0.0033691444,0.00301993266,3.92413313e-05,1
0.015625,436,0.00337717729,0.00302728941,3.93456103e-05,1
0.015625,437,0.00338521157,0.00303464662,3.94499439e-05,1
0.015625,438,0.00339324703,0.00304200593,3.95543211e-05,1
0.015625,439,0.00340128527,0.00304936781,3.96587893e-05,1
0.015625,440,0.00340932398,0.00305673038,3.97633266e-05,1
0.015625,441,0.00341736642,0.00306409691,3.98679294e-05,1
0.015625,442,0.00342540932,0.00307146413,3.99726232e-05,1
0.015625,443,0.00343345455,0.00307883322,4.00773642e-05,1
0.015625,444,0.00344150257,0.00308620534,4.01821671e-05,1
0.015625,445,0.0034495513,0.00309357839,4.02870501e-05,1
0.015625,446,0.00345760188,0.00310095353,4.03919985e-05,1
0.015625,447,0.00346565549,0.003108331,4.04970233e-05,1
0.015625,448,0.00347370957,0.00311570987,4.0602099e-05,1
0.015625,449,0.00348176621,0.00312309177,4.07072584e-05,1
0.015625,450,0.00348982355,0.00313047413,4.08124943e-05,1
0.015625,451,0.00349788368,0.00313785928,4.09177555e-05,1
0.015625,452,0.0035059459,0.00314524653,4.10231296e-05,1
0.015625,453,0.00351400953,0.00315263565,4.11285437e-05,1
0.015625,454,0.00352207478,0.00316002592,4.12340341e-05,1
0.015625,455,0.00353014213,0.003167419,4.13396338e-05,1
0.015625,456,0.00353821134,0.00317481393,4.14452516e-05,1
0.015625,457,0.00354628195,0.0031822098,4.15509421e-05,1
0.015625,458,0.00355435582,0.00318960939,4.16567163e-05,1
0.015625,459,0.00356242922,0.00319700898,4.17625379e-05,1
0.015625,460,0.00357050705,0.00320441229,4.18684649e-05,1
0.015625,461,0.00357858557,0.00321181677,4.19744392e-05,1
0.015625,462,0.00358666456,0.00321922218,4.20804972e-05,1
0.015625,463,0.00359474705,0.00322663155,4.21865952e-05,1
0.015625,464,0.00360283116,0.00323404185,4.22927915e-05,1
0.015625,465,0.00361091853,0.00324145542,4.23990459e-05,1
0.015625,466,0.00361900451,0.00324886828,4.25053768e-05,1
0.015625,467,0.00362709351,0.00325628393,4.26117767e-05,1
0.015625,468,0.00363518414,0.00326370168,4.27182276e-05,1
0.015625,469,0.00364327827,0.0032711227,4.28247404e-05,1
0.015625,470,0.00365137286,0.00327854464,4.29313586e-05,1
0.015625,471,0.00365947047,0.00328596937,4.30380278e-05,1
0.015625,472,0.00366756809,0.00329339411,4.31447588e-05,1
0.015625,473,0.00367566897,0.00330082257,4.32515662e-05,1
0.015625,474,0.00368376938,0.00330825057,4.33584501e-05,1
0.015625,475,0.00369187561,0.00331568392,4.34653775e-05,1
0.015625,476,0.00369998114,0.0033231175,4.35724105e-05,1
0.015625,477,0.00370808993,0.00333055388,4.36794835e-05,1
0.015625,478,0.00371619663,0.0033379891,4.3786622e-05,1
0.015625,479,0.00372431055,0.0033454306,4.38938659e-05,1
0.015625,480,0.00373242283,0.0033528714,4.40011536e-05,1
0.015625,481,0.00374053838,0.00336031546,4.41084994e-05,1
0.015625,482,0.00374865648,0.00336776208,4.42159544e-05,1
0.015625,483,0.00375677506,0.00337520894,4.4323453e-05,1
0.015625,484,0.00376489619,0.00338265812,4.44310099e-05,1
0.015625,485,0.00377301895,0.0033901101,4.45386431e-05,1
0.015625,486,0.00378114311,0.00339756324,4.46463382e-05,1
0.015625,487,0.00378926843,0.00340501755,4.47541388e-05,1
0.015625,488,0.00379739585,0.00341247441,4.48619649e-05,1
0.015625,489,0.003805527,0.00341993431,4.49699037e-05,1
0.015625,490,0.00381365907,0.00342739583,4.50778934e-05,1
0.015625,491,0.00382179278,0.00343485828,4.51859451e-05,1
0.015625,492,0.00382992835,0.00344232377,4.52940658e-05,1
0.015625,493,0.00383806555,0.00344979088,4.54022593e-05,1
0.015625,494,0.00384620461,0.00345725939,4.55105255e-05,1
0.015625,495,0.003854346,0.00346473046,4.56188718e-05,1
0.015625,496,0.00386248901,0.00347220339,4.57272617e-05,1
0.015625,497,0.0038706339,0.00347967865,4.58357499e-05,1
0.015625,498,0.00387878064,0.00348715577,4.59442999e-05,1
0.015625,499,0.00388692692,0.00349463313,4.60529045e-05,1
0.015625,500,0.00389508018,0.00350211561,4.61616037e-05,1
0.015625,501,0.00390323065,0.00350959739,4.62703647e-05,1
0.015625,502,0.00391138438,0.0035170815,4.63791803e-05,1
0.015625,503,0.00391954137,0.00352456956,4.64880977e-05,1
0.015625,504,0.00392769976,0.00353205833,4.6597037e-05,1
0.015625,505,0.00393585768,0.00353954779,4.67060672e-05,1
0.015625,506,0.00394402025,0.00354704075,4.68151884e-05,1
0.015625,507,0.00395218236,0.00355453463,4.69243423e-05,1
0.015625,508,0.00396034773,0.00356203108,4.70335908e-05,1
0.015625,509,0.0039685145,0.00356952869,4.71429121e-05,1
0.015625,510,0.00397668406,0.00357703073,4.72522879e-05,1
0.015625,511,0.00398485502,0.00358453277,4.73617692e-05,1
0.015625,512,0.00399302645,0.00359203643,4.74712833e-05,1
0.015625,513,0.00400120066,0.00359954219,4.75808665e-05,1
0.015625,514,0.00400937721,0.00360705121,4.7690537e-05,1
0.015625,515,0.00401755562,0.0036145614,4.78002985e-05,1
0.015625,516,0.00402573543,0.00362207345,4.79101e-05,1
0.015625,517,0.00403391756,0.00362958759,4.80199669e-05,1
0.015625,518,0.00404210016,0.00363710267,4.81299212e-05,1
0.015625,519,0.00405028742,0.00364462216,4.82399446e-05,1
0.015625,520,0.00405847421,0.00365214236,4.83500226e-05,1
0.015625,521,0.00406666286,0.00365966349,4.84601806e-05,1
0.015625,522,0.00407485431,0.00366718764,4.85704077e-05,1
0.015625,523,0.00408304716,0.00367471343,4.86807257e-05,1
0.015625,524,0.00409124186,0.00368224154,4.8791102e-05,1
0.015625,525,0.00409943843,0.00368977129,4.89015256e-05,1
0.015625,526,0.00410763687,0.00369730289,4.90120474e-05,1
0.015625,527,0.00411583763,0.00370483729,4.9122631e-05,1
0.015625,528,0.00412404025,0.00371237332,4.92332838e-05,1
0.015625,529,0.00413224427,0.00371991121,4.93440239e-05,1
0.015625,530,0.00414044969,0.00372745004,4.94547967e-05,1
0.015625,531,0.00414865883,0.00373499352,4.95656677e-05,1
0.015625,532,0.00415686751,0.00374253583,4.96766261e-05,1
0.015625,533,0.00416507898,0.00375008187,4.97876135e-05,1
0.015625,534,0.00417329278,0.00375763001,4.98987065e-05,1
0.015625,535,0.00418150751,0.00376517908,5.00098613e-05,1
0.015625,536,0.00418972457,0.00377273071,5.01210598e-05,1
0.015625,537,0.00419794302,0.00378028397,5.02323492e-05,1
0.015625,538,0.00420616381,0.00378783932,5.03437259e-05,1
0.015625,539,0.00421438785,0.00379539793,5.04551608e-05,1
0.015625,540,0.0042226119,0.00380295725,5.05666685e-05,1
0.015625,541,0.00423083734,0.00381051749,5.06782526e-05,1
0.015625,542,0.00423906604,0.00381808192,5.07898694e-05,1
0.015625,543,0.00424729614,0.00382564683,5.09016136e-05,1
0.015625,544,0.0042555281,0.00383321429,5.10134014e-05,1
0.015625,545,0.00426376145,0.00384078315,5.1125251e-05,1
0.015625,546,0.00427199667,0.0038483541,5.12371735e-05,1
0.015625,547,0.00428023515,0.00385592808,5.13491868e-05,1
0.015625,548,0.00428847363,0.00386350229,5.1461262e-05,1
0.015625,549,0.00429671584,0.00387108047,5.15734064e-05,1
0.015625,550,0.0043049599,0.00387866143,5.16856308e-05,1
0.015625,551,0.00431320257,0.00388624007,5.17979061e-05,1
0.015625,552,0.0043214499,0.00389382313,5.1910265e-05,1
0.015625,553,0.00432969909,0.00390140922,5.2022704e-05,1
0.015625,554,0.00433794828,0.00390899507,5.21351794e-05,1
0.015625,555,0.00434620166,0.00391658489,5.22477858e-05,1
0.015625,556,0.00435445691,0.00392417703,5.23604285e-05,1
0.015625,557,0.00436271168,0.00393176824,5.24731186e-05,1
0.015625,558,0.00437097112,0.0039393655,5.2585925e-05,1
0.015625,559,0.00437923102,0.0039469623,5.26987897e-05,1
0.015625,560,0.00438749278,0.00395456096,5.28117125e-05,1
0.015625,561,0.00439575547,0.00396216102,5.29247045e-05,1
0.015625,562,0.00440402236,0.00396976527,5.3037802e-05,1
0.015625,563,0.00441228831,0.00397736952,5.31509322e-05,1
0.015625,564,0.00442055892,0.00398497749,5.32641789e-05,1
0.015625,565,0.00442882953,0.00399258547,5.33774401e-05,1
0.015625,566,0.004437102,0.0040001967,5.34908104e-05,1
0.015625,567,0.00444537727,0.00400780886,5.36042353e-05,1
0.015625,568,0.00445365347,0.00401542382,5.37177511e-05,1
0.015625,569,0.00446193293,0.00402304158,5.38313107e-05,1
0.015625,570,0.00447021378,0.00403066026,5.39449793e-05,1
0.015625,571,0.0044784951,0.00403828081,5.40586807e-05,1
0.015625,572,0.00448677875,0.00404590275,5.41724839e-05,1
0.015625,573,0.00449506426,0.00405352702,5.42863272e-05,1
0.015625,574,0.00450335303,0.00406115549,5.44002687e-05,1
0.015625,575,0.00451164367,0.00406878442,5.45143048e-05,1
0.015625,576,0.0045199343,0.00407641474,5.46283591e-05,1
0.015625,577,0.00452822773,0.00408404693,5.47425261e-05,1
0.015625,578,0.00453652255,0.00409168098,5.48567332e-05,1
0.015625,579,0.00454481971,0.00409931829,5.49710421e-05,1
0.015625,580,0.00455312012,0.004106957,5.50854165e-05,1
0.015625,581,0.00456142006,0.00411459664,5.5199831e-05,1
0.015625,582,0.00456972327,0.00412224,5.53143509e-05,1
0.015625,583,0.00457802834,0.00412988523,5.54289545e-05,1
0.015625,584,0.00458633527,0.00413753185,5.55436054e-05,1
0.015625,585,0.00459464313,0.00414518081,5.56583291e-05,1
0.015625,586,0.00460295286,0.00415283022,5.57731582e-05,1
0.015625,587,0.00461126491,0.00416048244,5.58880056e-05,1
0.015625,588,0.0046195793,0.00416813744,5.60029439e-05,1
0.015625,589,0.00462789601,0.00417579571,5.61179768e-05,1
0.015625,590,0.00463621505,0.00418345444,5.62330788e-05,1
0.015625,591,0.00464453362,0.00419111457,5.63482135e-05,1
0.015625,592,0.00465285592,0.00419877749,5.64634793e-05,1
0.015625,593,0.00466117822,0.00420644088,5.65787777e-05,1
0.015625,594,0.00466950331,0.00421410659,5.66941599e-05,1
0.015625,595,0.00467783026,0.00422177557,5.68096111e-05,1
0.015625,596,0.00468615908,0.00422944594,5.69251315e-05,1
0.015625,597,0.00469449069,0.00423711864,5.70407392e-05,1
0.015625,598,0.00470282463,0.0042447946,5.71564342e-05,1
0.015625,599,0.00471115811,0.00425246963,5.72721365e-05,1
0.015625,600,0.00471949391,0.00426014652,5.73879588e-05,1
0.015625,601,0.00472783437,0.00426782947,5.75038757e-05,1
0.015625,602,0.00473617436,0.00427551148,5.76198145e-05,1
0.015625,603,0.00474451529,0.0042831949,5.77358514e-05,1
0.015625,604,0.00475285901,0.00429088203,5.78519575e-05,1
0.015625,605,0.00476120552,0.0042985701,5.79681364e-05,1
0.015625,606,0.00476955483,0.00430626189,5.80844026e-05,1
0.015625,607,0.00477790367,0.00431395369,5.82007233e-05,1
0.015625,608,0.0047862553,0.00432164827,5.8317135e-05,1
0.015625,609,0.0047946074,0.00432934333,5.84336012e-05,1
0.015625,610,0.00480296323,0.00433704164,5.85501257e-05,1
0.015625,611,0.00481132092,0.00434474368,5.86667738e-05,1
0.015625,612,0.00481968001,0.00435244525,5.87834511e-05,1
0.015625,613,0.00482804142,0.00436015008,5.8900212e-05,1
0.015625,614,0.00483640376,0.00436785631,5.90170457e-05,1
0.015625,615,0.00484476984,0.00437556626,5.91339813e-05,1
0.015625,616,0.00485313637,0.00438327622,5.92509459e-05,1
0.015625,617,0.00486150337,0.0043909871,5.93680197e-05,1
0.015625,618,0.0048698741,0.00439870218,5.94851226e-05,1
0.015625,619,0.00487824716,0.00440641865,5.96023601e-05,1
0.015625,620,0.00488662068,0.00441413699,5.97196122e-05,1
0.015625,621,0.00489499746,0.00442185858,5.98369661e-05,1
0.015625,622,0.00490337471,0.00442957971,5.99543855e-05,1
0.015625,623,0.00491175428,0.0044373041,6.00718959e-05,1
0.015625,624,0.00492013479,0.00444502942,6.01894208e-05,1
0.015625,625,0.00492852088,0.00445276033,6.03071057e-05,1
0.015625,626,0.00493690604,0.00446049077,6.04248271e-05,1
0.015625,627,0.00494529167,0.00446822122,6.05426139e-05,1
0.015625,628,0.00495368149,0.00447595585,6.06604626e-05,1
0.015625,629,0.00496207178,0.00448369188,6.07784132e-05,1
0.015625,630,0.00497046486,0.00449143024,6.08964074e-05,1
0.015625,631,0.00497885887,0.00449917046,6.10145034e-05,1
0.015625,632,0.00498725753,0.00450691348,6.11326686e-05,1
0.015625,633,0.0049956548,0.00451465789,6.12508957e-05,1
0.015625,634,0.00500405533,0.0045224037,6.136921e-05,1
0.015625,635,0.00501245912,0.00453015324,6.14875971e-05,1
0.015625,636,0.00502086291,0.0045379037,6.16060352e-05,1
0.015625,637,0.00502926949,0.00454565696,6.17245678e-05,1
0.015625,638,0.00503767841,0.00455341209,6.18431804e-05,1
0.015625,639,0.00504608825,0.00456116861,6.19618368e-05,1
0.015625,640,0.00505449949,0.00456892606,6.20805804e-05,1
0.015625,641,0.00506291213,0.00457668584,6.21993968e-05,1
0.015625,642,0.00507132802,0.00458444841,6.23182859e-05,1
0.015625,643,0.00507974671,0.00459221471,6.24372624e-05,1
0.015625,644,0.0050881654,0.00459998008,6.25562898e-05,1
0.015625,645,0.00509658456,0.00460774684,6.26754118e-05,1
0.015625,646,0.0051050093,0.00461551826,6.27946501e-05,1
0.015625,647,0.00511343358,0.00462329108,6.29138885e-05,1
0.015625,648,0.00512186205,0.00463106669,6.30332434e-05,1
0.015625,649,0.00513029005,0.00463884231,6.31526491e-05,1
0.015625,650,0.00513872085,0.00464662164,6.32721494e-05,1
0.015625,651,0.00514715398,0.00465440191,6.33916861e-05,1
0.015625,652,0.0051555899,0.00466218498,6.35113465e-05,1
0.015625,653,0.00516402535,0.00466996944,6.3631036e-05,1
0.015625,654,0.00517246174,0.0046777539,6.37508201e-05,1
0.015625,655,0.00518090231,0.00468554348,6.3870677e-05,1
0.015625,656,0.00518934615,0.00469333585,6.3990643e-05,1
0.015625,657,0.00519778859,0.0047011273,6.41106235e-05,1
0.015625,658,0.00520623522,0.00470892247,6.42307059e-05,1
0.015625,659,0.00521468278,0.0047167195,6.43508538e-05,1
0.015625,660,0.00522313127,0.00472451653,6.44710817e-05,1
0.015625,661,0.00523158396,0.00473231822,6.45914261e-05,1
0.015625,662,0.00524003664,0.00474012084,6.47117849e-05,1
0.015625,663,0.00524849212,0.00474792533,6.48322166e-05,1
0.015625,664,0.00525694806,0.00475573167,6.49527428e-05,1
0.015625,665,0.0052654068,0.00476353988,6.50733418e-05,1
0.015625,666,0.00527386973,0.00477135135,6.51940281e-05,1
0.015625,667,0.00528233172,0.00477916375,6.53147727e-05,1
0.015625,668,0.00529079512,0.00478697801,6.54356409e-05,1
0.015625,669,0.00529926177,0.00479479413,6.55565236e-05,1
0.015625,670,0.00530773262,0.00480261538,6.56774864e-05,1
0.015625,671,0.00531620346,0.00481043663,6.57985365e-05,1
0.015625,672,0.00532467617,0.0048182602,6.59196958e-05,1
0.015625,673,0.00533314841,0.00482608285,6.60408696e-05,1
0.015625,674,0.00534162484,0.00483390922,6.61621525e-05,1
0.015625,675,0.00535010314,0.00484173978,6.62834937e-05,1
0.015625,676,0.00535858283,0.00484957034,6.64049294e-05,1
0.015625,677,0.00536706392,0.00485740229,6.6526416e-05,1
0.015625,678,0.0053755478,0.00486523751,6.66479973e-05,1
0.015625,679,0.00538403448,0.00487307506,6.6769644e-05,1
0.015625,680,0.00539251976,0.0048809126,6.68913635e-05,1
0.015625,681,0.00540101063,0.0048887548,6.70131558e-05,1
0.015625,682,0.00540950196,0.00489659747,6.71350354e-05,1
0.015625,683,0.00541799376,0.004904442,6.72570022e-05,1
0.015625,684,0.00542648742,0.004912287,6.73790055e-05,1
0.015625,685,0.00543498714,0.00492013898,6.75011179e-05,1
0.015625,686,0.00544348592,0.00492799003,6.76232812e-05,1
0.015625,687,0.00545198796,0.00493584387,6.77455682e-05,1
0.015625,688,0.00546048954,0.00494369771,6.7867848e-05,1
0.015625,689,0.00546899252,0.00495155388,6.79902587e-05,1
0.015625,690,0.00547749829,0.00495941238,6.81127203e-05,1
0.015625,691,0.00548600592,0.00496727321,6.82352766e-05,1
0.015625,692,0.00549451867,0.0049751387,6.8357891e-05,1
0.015625,693,0.00550303143,0.00498300465,6.84806146e-05,1
0.015625,694,0.00551154278,0.00499087013,6.86033818e-05,1
0.015625,695,0.0055200588,0.00499873888,6.87262218e-05,1
0.015625,696,0.00552857947,0.00500661321,6.88491637e-05,1
0.015625,697,0.00553709688,0.00501448428,6.89721783e-05,1
0.015625,698,0.00554561941,0.00502236048,6.90952365e-05,1
0.015625,699,0.00555414241,0.0050302376,6.92183821e-05,1
0.015625,700,0.0055626682,0.00503811706,6.93416441e-05,1
0.015625,701,0.00557119586,0.00504599884,6.94649425e-05,1
0.015625,702,0.00557972444,0.00505388156,6.95883064e-05,1
0.015625,703,0.00558825489,0.00506176613,6.97117648e-05,1
0.015625,704,0.0055967886,0.0050696549,6.98353178e-05,1
0.015625,705,0.0056053251,0.00507754553,6.99589073e-05,1
0.015625,706,0.00561386021,0.0050854357,7.00826131e-05,1
0.015625,707,0.0056224009,0.00509333052,7.02063553e-05,1
0.015625,708,0.0056309402,0.00510122487,7.03302139e-05,1
0.015625,709,0.00563948276,0.00510912295,7.04541089e-05,1
0.015625,710,0.00564802578,0.0051170201,7.05780622e-05,1
0.015625,711,0.00565657439,0.0051249247,7.07021318e-05,1
0.015625,712,0.005665123,0.00513282977,7.08262887e-05,1
0.015625,713,0.005673673,0.00514073437,7.09505111e-05,1
0.015625,714,0.00568222394,0.0051486413,7.10747918e-05,1
0.015625,715,0.00569077721,0.00515655009,7.11991597e-05,1
0.015625,716,0.00569933513,0.00516446447,7.13236004e-05,1
0.015625,717,0.00570789073,0.00517237606,7.14480921e-05,1
0.015625,718,0.00571645191,0.00518029323,7.15727147e-05,1
0.015625,719,0.00572501449,0.0051882118,7.169741e-05,1
0.015625,720,0.00573357847,0.00519613223,7.18221636e-05,1
0.015625,721,0.00574214151,0.00520405266,7.1946939e-05,1
0.015625,722,0.00575070875,0.00521197682,7.20718454e-05,1
0.015625,723,0.00575927971,0.00521990377,7.2196839e-05,1
0.015625,724,0.00576784834,0.00522783026,7.23218545e-05,1
0.015625,725,0.00577642163,0.00523576047,7.24470228e-05,1
0.015625,726,0.00578499632,0.00524369255,7.25722202e-05,1
0.015625,727,0.00579357473,0.00525162788,7.26974758e-05,1
0.015625,728,0.00580215408,0.00525956461,7.28228551e-05,1
0.015625,729,0.00581073575,0.00526750367,7.29482854e-05,1
0.015625,730,0.00581931788,0.00527544413,7.30737956e-05,1
0.015625,731,0.00582790142,0.00528338505,7.31993787e-05,1
0.015625,732,0.00583648821,0.0052913297,7.3325049e-05,1
0.015625,733,0.00584507734,0.00529927667,7.34507776e-05,1
0.015625,734,0.00585366692,0.00530722458,7.35765861e-05,1
0.015625,735,0.00586225744,0.00531517435,7.37024675e-05,1
0.015625,736,0.00587085402,0.00532312831,7.38284725e-05,1
0.015625,737,0.00587944966,0.00533108227,7.39545067e-05,1
0.015625,738,0.0058880467,0.00533903809,7.40806427e-05,1
0.015625,739,0.00589664467,0.00534699578,7.42068005e-05,1
0.015625,740,0.00590525009,0.00535496045,7.43331257e-05,1
0.015625,741,0.00591385318,0.00536292139,7.44594799e-05,1
0.015625,742,0.00592245907,0.00537088746,7.45858706e-05,1
0.015625,743,0.00593106681,0.00537885446,7.47124068e-05,1
0.015625,744,0.00593967317,0.0053868196,7.4838943e-05,1
0.015625,745,0.00594828557,0.00539479218,7.49656319e-05,1
0.015625,746,0.00595689705,0.00540276337,7.50923427e-05,1
0.015625,747,0.00596551411,0.00541074062,7.52191772e-05,1
0.015625,748,0.00597412931,0.00541871553,7.53460408e-05,1
0.015625,749,0.00598274916,0.00542669557,7.54730136e-05,1
0.015625,750,0.00599137042,0.005434677,7.56000736e-05,1
0.015625,751,0.0059999912,0.00544265844,7.57271846e-05,1
0.015625,752,0.00600861758,0.005450645,7.58543611e-05,1
0.015625,753,0.00601724442,0.00545863248,7.59816467e-05,1
0.015625,754,0.00602587312,0.0054666223,7.61090196e-05,1
0.015625,755,0.00603450323,0.00547461305,7.6236458e-05,1
0.015625,756,0.00604313705,0.00548260706,7.63639546e-05,1
0.015625,757,0.00605176995,0.00549060106,7.64915239e-05,1
0.015625,758,0.0060604061,0.0054985988,7.66191952e-05,1
0.015625,759,0.00606904365,0.00550659746,7.67469319e-05,1
0.015625,760,0.00607768307,0.00551459892,7.68747486e-05,1
0.015625,761,0.0060863262,0.00552260363,7.70026454e-05,1
0.015625,762,0.00609497027,0.00553060928,7.7130615e-05,1
0.015625,763,0.00610361807,0.00553861866,7.72586645e-05,1
0.015625,764,0.00611226447,0.0055466271,7.73867869e-05,1
0.015625,765,0.0061209132,0.00555463834,7.75149892e-05,1
0.015625,766,0.00612956705,0.00556265423,7.76432789e-05,1
0.015625,767,0.00613821857,0.00557066826,7.77716195e-05,1
0.015625,768,0.00614687288,0.00557868509,7.79000402e-05,1
0.015625,769,0.00615553046,0.00558670517,7.80285845e-05,1
0.015625,770,0.00616418989,0.00559472758,7.81571871e-05,1
0.015625,771,0.00617285026,0.00560275093,7.82858115e-05,1
0.015625,772,0.00618151668,0.00561078032,7.84145959e-05,1
0.015625,773,0.00619017985,0.005618806,7.85434022e-05,1
0.015625,774,0.0061988458,0.00562683586,7.86723103e-05,1
0.015625,775,0.00620751549,0.00563486898,7.8801284e-05,1
0.015625,776,0.00621618563,0.00564290257,7.89303376e-05,1
0.015625,777,0.00622485997,0.00565094035,7.90594931e-05,1
0.015625,778,0.00623353338,0.00565897813,7.91886923e-05,1
0.015625,779,0.00624220911,0.00566701777,7.93179788e-05,1
0.015625,780,0.00625088811,0.00567506021,7.9447309e-05,1
0.015625,781,0.00625956757,0.00568310451,7.95767555e-05,1
0.015625,782,0.00626825169,0.005691153,7.97062967e-05,1
0.015625,783,0.00627693394,0.00569919916,7.98359251e-05,1
0.015625,784,0.00628561946,0.00570724998,7.99655754e-05,1
0.015625,785,0.00629430776,0.00571530266,8.00953276e-05,1
0.015625,786,0.006302997,0.00572335673,8.02251379e-05,1
0.015625,787,0.00631169183,0.00573141593,8.03550865e-05,1
0.015625,788,0.00632038573,0.00573947513,8.04851079e-05,1
0.015625,789,0.00632908149,0.00574753666,8.06151875e-05,1
0.015625,790,0.00633777771,0.00575559819,8.07452816e-05,1
0.015625,791,0.00634647673,0.00576366251,8.08754994e-05,1
0.015625,792,0.00635517901,0.00577172963,8.10058118e-05,1
0.015625,793,0.00636388315,0.00577980047,8.11362333e-05,1
0.015625,794,0.00637258589,0.00578786898,8.12666476e-05,1
0.015625,795,0.00638129283,0.00579594215,8.13972074e-05,1
0.015625,796,0.00639000442,0.00580401905,8.15278254e-05,1
0.015625,797,0.00639871322,0.00581209501,8.16585016e-05,1
0.015625,798,0.0064074276,0.00582017517,8.17892578e-05,1
0.015625,799,0.00641614199,0.00582825625,8.19201523e-05,1
0.015625,800,0.00642485823,0.0058363392,8.20510613e-05,1
0.015625,801,0.00643358007,0.00584442727,8.21821013e-05,1
0.015625,802,0.00644230051,0.00585251488,8.23131704e-05,1
0.015625,803,0.00645102281,0.00586060388,8.24443341e-05,1
0.015625,804,0.00645974698,0.00586869568,8.25755924e-05,1
0.015625,805,0.00646847347,0.0058767898,8.27068798e-05,1
0.015625,806,0.00647720275,0.00588488579,8.28383127e-05,1
0.015625,807,0.00648593158,0.00589298271,8.29697892e-05,1
0.015625,808,0.00649466645,0.00590108521,8.31013385e-05,1
0.015625,809,0.00650339946,0.00590918632,8.32330188e-05,1
0.015625,810,0.00651213387,0.00591728883,8.33646918e-05,1
0.015625,811,0.0065208748,0.00592539739,8.34965103e-05,1
0.015625,812,0.00652961247,0.00593350362,8.36283725e-05,1
0.015625,813,0.00653835619,0.00594161544,8.37603366e-05,1
0.015625,814,0.00654710038,0.00594972819,8.38923734e-05,1
0.015625,815,0.00655584736,0.00595784327,8.40244975e-05,1
0.015625,816,0.00656459527,0.00596596021,8.41566871e-05,1
0.015625,817,0.00657334132,0.00597407483,8.42889422e-05,1
0.015625,818,0.00658209715,0.00598220015,8.44212918e-05,1
0.015625,819,0.00659084832,0.00599031989,8.4553707e-05,1
0.015625,820,0.00659960229,0.00599844288,8.46862094e-05,1
0.015625,821,0.00660836324,0.00600657333,8.48188138e-05,1
0.015625,822,0.00661712093,0.00601470144,8.49514836e-05,1
0.015625,823,0.00662588282,0.00602283189,8.50842407e-05,1
0.015625,824,0.0066346447,0.0060309642,8.52170779e-05,1
0.015625,825,0.0066434117,0.00603910116,8.53499369e-05,1
0.015625,826,0.00665217917,0.00604723766,8.54829195e-05,1
0.015625,827,0.00666094478,0.00605537416,8.56159677e-05,1
0.015625,828,0.00666971877,0.00606351811,8.57491323e-05,1
0.015625,829,0.0066784909,0.00607166067,8.58823259e-05,1
0.015625,830,0.00668726675,0.00607980741,8.60156579e-05,1
0.015625,831,0.00669604074,0.00608795183,8.61490043e-05,1
0.015625,832,0.00670482172,0.00609610416,8.62825036e-05,1
0.015625,833,0.00671360083,0.00610425416,8.64160102e-05,1
0.015625,834,0.00672238553,0.00611240929,8.65496841e-05,1
0.015625,835,0.0067311679,0.00612056348,8.66833434e-05,1
0.015625,836,0.00673995959,0.00612872653,8.68171628e-05,1
0.015625,837,0.00674874708,0.00613688538,8.69509895e-05,1
0.015625,838,0.00675753504,0.00614504516,8.70849253e-05,1
0.015625,839,0.00676632905,0.00615321053,8.72189266e-05,1
0.015625,840,0.00677512074,0.00616137451,8.73530225e-05,1
0.015625,841,0.00678391755,0.00616954314,8.74871912e-05,1
0.015625,842,0.00679271482,0.0061777127,8.76214472e-05,1
0.015625,843,0.00680151442,0.00618588505,8.77557904e-05,1
0.015625,844,0.00681031821,0.00619406067,8.78901774e-05,1
0.015625,845,0.00681912107,0.00620223582,8.80247026e-05,1
0.015625,846,0.00682792906,0.00621041609,8.81592568e-05,1
0.015625,847,0.00683673704,0.00621859683,8.82939421e-05,1
0.015625,848,0.00684554549,0.00622677896,8.84286492e-05,1
0.015625,849,0.00685435394,0.00623496063,8.85634508e-05,1
0.015625,850,0.00686316891,0.00624314882,8.86983325e-05,1
0.015625,851,0.00687198574,0.00625133887,8.88333234e-05,1
0.015625,852,0.0068808049,0.00625953171,8.89683797e-05,1
0.015625,853,0.00688962266,0.00626772316,8.91035234e-05,1
0.015625,854,0.00689844554,0.00627591973,8.92387179e-05,1
0.015625,855,0.00690726796,0.00628411537,8.93740071e-05,1
0.015625,856,0.00691609457,0.0062923166,8.95093981e-05,1
0.015625,857,0.00692491932,0.0063005155,8.964484e-05,1
0.015625,858,0.00693375012,0.00630871952,8.97803766e-05,1
0.015625,859,0.00694257952,0.006316924,8.99159786e-05,1
0.015625,860,0.00695141545,0.00632513454,9.00516679e-05,1
0.015625,861,0.0069602509,0.00633334462,9.01874519e-05,1
0.015625,862,0.00696908822,0.00634155609,9.03233304e-05,1
0.015625,863,0.00697792368,0.00634976709,9.04592598e-05,1
0.015625,864,0.00698676473,0.00635798369,9.05952693e-05,1
0.015625,865,0.00699560717,0.00636620075,9.07313515e-05,1
0.015625,866,0.00700445287,0.006374422,9.08675211e-05,1
0.015625,867,0.00701330043,0.00638264418,9.10038143e-05,1
0.015625,868,0.0070221494,0.00639086915,9.11401658e-05,1
0.015625,869,0.00703099929,0.00639909506,9.127659e-05,1
0.015625,870,0.00703985291,0.00640732469,9.14130796e-05,1
0.015625,871,0.00704870699,0.00641555432,9.15496057e-05,1
0.015625,872,0.00705756526,0.00642378815,9.16862991e-05,1
0.015625,873,0.00706642354,0.0064320229,9.18231162e-05,1
0.015625,874,0.00707528321,0.00644025952,9.19598606e-05,1
0.015625,875,0.00708414521,0.006448498,9.20967796e-05,1
0.015625,876,0.00709301047,0.0064567402,9.22337495e-05,1
0.015625,877,0.0071018734,0.00646497961,9.23708139e-05,1
0.015625,878,0.00711074332,0.00647322694,9.25079585e-05,1
0.015625,879,0.00711961091,0.00648147101,9.26451685e-05,1
0.015625,880,0.00712848548,0.00648972206,9.27825167e-05,1
0.015625,881,0.00713735912,0.00649797404,9.29198577e-05,1
0.015625,882,0.00714623788,0.00650623022,9.30573733e-05,1
0.015625,883,0.00715511246,0.0065144822,9.31948889e-05,1
0.015625,884,0.00716399215,0.00652273977,9.33325573e-05,1
0.015625,885,0.00717287185,0.00653099781,9.34702184e-05,1
0.015625,886,0.00718175527,0.00653925864,9.36080105e-05,1
0.015625,887,0.00719064567,0.00654752739,9.3745919e-05,1
0.015625,888,0.00719953096,0.00655579055,9.38838712e-05,1
0.015625,889,0.00720842043,0.00656405883,9.40218888e-05,1
0.015625,890,0.00721731363,0.00657233084,9.41600156e-05,1
0.015625,891,0.00722620729,0.00658060284,9.42982151e-05,1
0.015625,892,0.00723510142,0.00658887625,9.44365092e-05,1
0.015625,893,0.00724399928,0.00659715245,9.45748325e-05,1
0.015625,894,0.0072529004,0.00660543283,9.47133231e-05,1
0.015625,895,0.00726180058,0.00661371229,9.48518355e-05,1
0.015625,896,0.0072707017,0.00662199361,9.49904061e-05,1
0.015625,897,0.00727960654,0.00663027726,9.51290931e-05,1
0.015625,898,0.00728851557,0.0066385651,9.52678529e-05,1
0.015625,899,0.00729742413,0.00664685387,9.54067073e-05,1
0.015625,900,0.00730633363,0.00665514357,9.55456562e-05,1
0.015625,901,0.00731524918,0.00666343933,9.56846925e-05,1
0.015625,902,0.0073241666,0.00667173602,9.58238015e-05,1
0.015625,903,0.00733307889,0.00668002944,9.59629324e-05,1
0.015625,904,0.00734200235,0.00668833265,9.61022015e-05,1
0.015625,905,0.00735092163,0.00669663353,9.62415361e-05,1
0.015625,906,0.00735984277,0.0067049358,9.63809653e-05,1
0.015625,907,0.00736876531,0.00671323854,9.65204381e-05,1
0.015625,908,0.00737769343,0.00672154734,9.66600346e-05,1
0.015625,909,0.00738662295,0.006729858,9.67996966e-05,1
0.015625,910,0.00739555387,0.00673817052,9.69394605e-05,1
0.015625,911,0.00740448432,0.00674648304,9.70792971e-05,1
0.015625,912,0.00741342176,0.00675480114,9.72192065e-05,1
0.015625,913,0.00742235733,0.00676311925,9.73592032e-05,1
0.015625,914,0.00743129663,0.00677143922,9.74992654e-05,1
0.015625,915,0.00744023686,0.00677976245,9.76394294e-05,1
0.015625,916,0.00744917849,0.00678808521,9.77796881e-05,1
0.015625,917,0.00745812478,0.00679641403,9.79199831e-05,1
0.015625,918,0.0074670692,0.00680474099,9.80603945e-05,1
0.015625,919,0.00747601641,0.0068130712,9.82008496e-05,1
0.015625,920,0.00748496596,0.00682140281,9.83414138e-05,1
0.015625,921,0.00749391969,0.00682973955,9.8482109e-05,1
0.015625,922,0.00750287529,0.00683807814,9.86228479e-05,1
0.015625,923,0.00751183229,0.00684641814,9.87636377e-05,1
0.015625,924,0.00752078881,0.00685475767,9.89045657e-05,1
0.015625,925,0.00752974767,0.00686309999,9.90455155e-05,1
0.015625,926,0.00753871165,0.0068714479,9.91865672e-05,1
0.015625,927,0.00754767377,0.00687979348,9.93276917e-05,1
0.015625,928,0.00755664101,0.00688814418,9.94689326e-05,1
0.015625,929,0.00756560685,0.00689649489,9.96102317e-05,1
0.015625,930,0.00757457735,0.00690484792,9.97515963e-05,1
0.015625,931,0.00758354738,0.00691320235,9.98930991e-05,1
0.015625,932,0.007592523,0.0069215619,0.000100034667,1
0.015625,933,0.00760150049,0.00692992378,0.00010017633,1
0.015625,934,0.00761047611,0.00693828426,0.000100318044,1
0.015625,935,0.00761945872,0.00694665173,0.000100459853,1
0.015625,936,0.00762843946,0.00695501734,0.000100601705,1
0.015625,937,0.00763742113,0.00696338387,0.00010074368,1
0.015625,938,0.00764640747,0.0069717546,0.000100885714,1
0.015625,939,0.00765539473,0.00698012765,0.000101027857,1
0.015625,940,0.00766438199,0.00698850118,0.000101170073,1
0.015625,941,0.00767337531,0.00699687889,0.000101312355,1
0.015625,942,0.00768236723,0.00700525707,0.000101454745,1
0.015625,943,0.00769136287,0.00701363804,0.000101597194,1
0.015625,944,0.00770036178,0.00702202274,0.000101739788,1
0.015625,945,0.00770936487,0.00703041162,0.000101882433,1
0.015625,946,0.00771836517,0.00703879911,0.000102025122,1
0.015625,947,0.00772736594,0.00704718567,0.000102167913,1
0.015625,948,0.0077363695,0.00705557643,0.000102310791,1
0.015625,949,0.00774538144,0.00706397463,0.000102453771,1
0.015625,950,0.00775438594,0.00707236584,0.000102596765,1
0.015625,951,0.00776339835,0.00708076451,0.000102739927,1
0.015625,952,0.00777241355,0.00708916783,0.00010288311,1
0.015625,953,0.00778142642,0.00709756743,0.00010302641,1
0.015625,954,0.00779044116,0.00710596936,0.000103169819,1
0.015625,955,0.00779946381,0.00711437967,0.000103313228,1
0.015625,956,0.00780847995,0.00712278346,0.000103456747,1
0.015625,957,0.00781750865,0.00713119935,0.000103600425,1
0.015625,958,0.00782653131,0.00713961013,0.000103744133,1
0.015625,959,0.00783555862,0.00714802509,0.000103887927,1
0.015625,960,0.00784458593,0.00715644192,0.000104031802,1
0.015625,961,0.00785361975,0.00716486247,0.000104175771,1
0.015625,962,0.00786265079,0.00717328349,0.000104319792,1
0.015625,963,0.00787168462,0.00718170591,0.000104463921,1
0.015625,964,0.00788071938,0.00719012925,0.000104608152,1
0.015625,965,0.00788975973,0.00719855865,0.000104752471,1
0.015625,966,0.00789880659,0.00720699225,0.00010489687,1
0.015625,967,0.00790784135,0.00721541699,0.000105041239,1
0.015625,968,0.00791688636,0.00722385291,0.000105185813,1
0.015625,969,0.00792593416,0.0072322893,0.000105330459,1
0.015625,970,0.00793498568,0.00724073127,0.000105475148,1
0.015625,971,0.00794403534,0.00724916952,0.000105619991,1
0.015625,972,0.00795308873,0.00725761242,0.000105764877,1
0.015625,973,0.00796214119,0.00726605579,0.000105909821,1
0.015625,974,0.00797119644,0.00727450149,0.000106054911,1
0.015625,975,0.00798025634,0.00728295138,0.000106200016,1
0.015625,976,0.00798931718,0.0072914022,0.000106345171,1
0.015625,977,0.00799837895,0.00729985302,0.000106490545,1
0.015625,978,0.00800744351,0.00730831036,0.000106635904,1
0.015625,979,0.008016509,0.00731676584,0.000106781343,1
0.015625,980,0.00802557729,0.00732522598,0.000106926935,1
0.015625,981,0.00803464931,0.0073336889,0.000107072563,1
0.015625,982,0.00804372225,0.00734215323,0.000107218249,1
0.015625,983,0.00805279426,0.00735061616,0.000107364052,1
0.015625,984,0.00806187466,0.00735908747,0.000107509972,1
0.015625,985,0.00807094853,0.00736755505,0.00010765592,1
0.015625,986,0.00808002986,0.00737602729,0.000107801963,1
0.015625,987,0.00808911212,0.0073845014,0.000107948108,1
0.015625,988,0.00809819438,0.00739297504,0.000108094333,1
0.015625,989,0.00810728222,0.00740145613,0.000108240645,1
0.015625,990,0.008116371,0.00740993675,0.000108387045,1
0.015625,991,0.00812546071,0.00741841784,0.00010853351,1
0.015625,992,0.00813455135,0.00742690219,0.000108680077,1
0.015625,993,0.00814364757,0.00743539073,0.000108826716,1
0.015625,994,0.00815274287,0.00744387927,0.000108973465,1
0.015625,995,0.00816184096,0.0074523706,0.000109120301,1
0.015625,996,0.00817093998,0.00746086333,0.000109267196,1
0.015625,997,0.00818004552,0.00746936165,0.00010941417,1
0.015625,998,0.00818914734,0.00747785624,0.000109561246,1
0.015625,999,0.00819825195,0.00748635503,0.000109708337,1
0.015625,1000,0.00820736028,0.007494858,0.000109855595,1
0.015625,1001,0.00821647048,0.00750336098,0.000110002969,1
0.015625,1002,0.00822558161,0.00751186674,0.000110150322,1
0.015625,1003,0.00823469367,0.00752037345,0.000110297835,1
0.015625,1004,0.00824381225,0.0075288862,0.000110445413,1
0.015625,1005,0.0082529299,0.00753739895,0.000110593086,1
0.015625,1006,0.00826204848,0.00754591124,0.00011074081,1
0.015625,1007,0.00827117357,0.00755443145,0.00011088865,1
0.015625,1008,0.00828029588,0.00756294932,0.000111036577,1
0.015625,1009,0.00828942284,0.00757147046,0.000111184592,1
0.015625,1010,0.00829854701,0.0075799902,0.000111332658,1
0.015625,1011,0.00830767862,0.00758851599,0.000111480833,1
0.015625,1012,0.00831680931,0.00759704271,0.00011162908,1
0.015625,1013,0.00832594372,0.00760557456,0.000111777423,1
0.015625,1014,0.0083350772,0.00761410221,0.000111925852,1
0.015625,1015,0.00834421627,0.00762263779,0.000112074333,1
0.015625,1016,0.00835335534,0.00763117289,0.00011222293,1
0.015625,1017,0.00836250093,0.00763971452,0.000112371657,1
0.015625,1018,0.00837164279,0.00764825288,0.000112520422,1
0.015625,1019,0.00838078745,0.00765679311,0.000112669244,1
0.015625,1020,0.0083899349,0.00766533893,0.000112818205,1
0.015625,1021,0.00839908328,0.00767388288,0.000112967209,1
0.015625,1022,0.00840823818,0.00768243521,0.000113116323,1
0.015625,1023,0.00841738749,0.0076909815,0.000113265487,1
0.0078125,0,4.53969624e-05,0,0,1
0.0078125,1,5.26558943e-05,6.54039923e-06,7.70017081e-08,1
0.0078125,2,5.99165069e-05,1.30826038e-05,1.54060672e-07,1
0.0078125,3,6.71788657e-05,1.96266228e-05,2.31177211e-07,1
0.0078125,4,7.44429417e-05,2.61724526e-05,3.08351048e-07,1
0.0078125,5,8.1708713e-05,3.27201014e-05,3.85582126e-07,1
0.0078125,6,8.89762159e-05,3.92695219e-05,4.62870986e-07,1
0.0078125,7,9.62454651e-05,4.58207833e-05,5.402174e-07,1
0.0078125,8,0.000103516482,5.23738745e-05,6.17620799e-07,1
0.0078125,9,0.000110789195,5.8928752e-05,6.95082178e-07,1
0.0078125,10,0.000118063625,6.54854302e-05,7.72600799e-07,1
0.0078125,11,0.000125339793,7.20439421e-05,8.50177287e-07,1
0.0078125,12,0.000132617686,7.8604302e-05,9.27811357e-07,1
0.0078125,13,0.000139897224,8.51663935e-05,1.00550301e-06,1
0.0078125,14,0.000147178609,9.17303405e-05,1.08325207e-06,1
0.0078125,15,0.000154461624,9.82960846e-05,1.16105832e-06,1
0.0078125,16,0.000161746473,0.000104863684,1.23892289e-06,1
0.0078125,17,0.000169032966,0.000111433066,1.31684521e-06,1
0.0078125,18,0.00017632122,0.000118004231,1.39482574e-06,1
0.0078125,19,0.000183611119,0.0001245772,1.47286323e-06,1
0.0078125,20,0.00019090288,0.000131152032,1.55095847e-06,1
0.0078125,21,0.000198196372,0.000137728712,1.62911238e-06,1
0.0078125,22,0.00020549148,0.000144307152,1.70732324e-06,1
0.0078125,23,0.00021278832,0.000150887325,1.78559162e-06,1
0.0078125,24,0.000220086891,0.000157469432,1.86391867e-06,1
0.0078125,25,0.000227387267,0.00016405333,1.94230392e-06,1
0.0078125,26,0.000234689433,0.000170639061,2.02074648e-06,1
0.0078125,27,0.000241993155,0.000177226582,2.09924679e-06,1
0.0078125,28,0.000249298726,0.000183815937,2.1778053e-06,1
0.0078125,29,0.000256606058,0.000190407154,2.25642157e-06,1
0.0078125,30,0.00026391499,0.000197000103,2.33509513e-06,1
0.0078125,31,0.000271225726,0.000203594842,2.41382895e-06,1
0.0078125,32,0.000278538238,0.000210191531,2.49261848e-06,1
0.0078125,33,0.000285852468,0.000216790024,2.57146803e-06,1
0.0078125,34,0.000293168443,0.000223390234,2.65037738e-06,1
0.0078125,35,0.000300486019,0.000229992249,2.72933949e-06,1
0.0078125,36,0.000307805487,0.000236596199,2.80836366e-06,1
0.0078125,37,0.000315126526,0.000243201823,2.88744468e-06,1
0.0078125,38,0.000322449428,0.000249809353,2.96658209e-06,1
0.0078125,39,0.00032977399,0.000256418658,3.04578089e-06,1
0.0078125,40,0.000337100326,0.000263029855,3.12503585e-06,1
0.0078125,41,0.000344428612,0.000269643002,3.20435242e-06,1
0.0078125,42,0.000351758266,0.000276257808,3.28372471e-06,1
0.0078125,43,0.000359089725,0.000282874331,3.36315611e-06,1
0.0078125,44,0.000366423163,0.000289492891,3.44264481e-06,1
0.0078125,45,0.000373758026,0.00029611311,3.5221924e-06,1
0.0078125,46,0.000381095015,0.000302735425,3.60179911e-06,1
0.0078125,47,0.000388433138,0.000309359049,3.68146425e-06,1
0.0078125,48,0.000395773561,0.000315984973,3.7611876e-06,1
0.0078125,49,0.00040311538,0.00032261241,3.84096529e-06,1
0.0078125,50,0.000410459121,0.000329241884,3.92080483e-06,1
0.0078125,51,0.000417804637,0.000335873163,4.00070667e-06,1
0.0078125,52,0.000425151666,0.000342506042,4.0806608e-06,1
0.0078125,53,0.000432500645,0.000349141017,4.1606786e-06,1
0.0078125,54,0.000439851196,0.000355777593,4.24075233e-06,1
0.0078125,55,0.000447203376,0.000362415973,4.32088518e-06,1
0.0078125,56,0.000454557477,0.000369056273,4.40107533e-06,1
0.0078125,57,0.000461913587,0.000375698699,4.48132459e-06,1
0.0078125,58,0.000469271035,0.00038234258,4.56163434e-06,1
0.0078125,59,0.000476630288,0.000388988323,4.64200002e-06,1
0.0078125,60,0.00048399152,0.000395636103,4.72242618e-06,1
0.0078125,61,0.00049135444,0.000402285688,4.80291146e-06,1
0.0078125,62,0.000498718699,0.000408936728,4.88345404e-06,1
0.0078125,63,0.000506085344,0.000415590068,4.96405755e-06,1
0.0078125,64,0.000513453211,0.000422245008,5.044717e-06,1
0.0078125,65,0.000520822941,0.000428901665,5.12543784e-06,1
0.0078125,66,0.000528194418,0.000435560272,5.20621734e-06,1
0.0078125,67,0.000535567524,0.000442220655,5.28705414e-06,1
0.0078125,68,0.000542942609,0.000448882987,5.36795096e-06,1
0.0078125,69,0.000550319208,0.000455547037,5.4489069e-06,1
0.0078125,70,0.000557697669,0.000462212978,5.52991833e-06,1
0.0078125,71,0.000565077935,0.000468880782,5.61099614e-06,1
0.0078125,72,0.000572459947,0.000475550332,5.69212625e-06,1
0.0078125,73,0.000579843472,0.000482221745,5.77331821e-06,1
0.0078125,74,0.000587228977,0.000488894992,5.85456928e-06,1
0.0078125,75,0.000594615936,0.000495569897,5.93587947e-06,1
0.0078125,76,0.000602004875,0.000502246781,6.01724605e-06,1
0.0078125,77,0.000609395909,0.000508925878,6.09867629e-06,1
0.0078125,78,0.000616788107,0.000515606254,6.18016338e-06,1
0.0078125,79,0.000624182227,0.000522288436,6.26170731e-06,1
0.0078125,80,0.000631578092,0.000528972945,6.34331718e-06,1
0.0078125,81,0.000638975704,0.000535658794,6.42497571e-06,1
0.0078125,82,0.000646375061,0.000542346679,6.50670381e-06,1
0.0078125,83,0.000653776166,0.000549036486,6.58848512e-06,1
0.0078125,84,0.000661179249,0.000555728097,6.67032737e-06,1
0.0078125,85,0.000668583554,0.000562421454,6.75222827e-06,1
0.0078125,86,0.000675990188,0.000569116964,6.83419466e-06,1
0.0078125,87,0.000683397811,0.000575813465,6.91620835e-06,1
0.0078125,88,0.000690807938,0.000582512643,6.99829388e-06,1
0.0078125,89,0.000698219752,0.000589213567,7.08043081e-06,1
0.0078125,90,0.00070563273,0.00059591583,7.16263139e-06,1
0.0078125,91,0.000713047863,0.000602620246,7.24488746e-06,1
0.0078125,92,0.000720464857,0.000609326584,7.32720719e-06,1
0.0078125,93,0.000727883424,0.000616034784,7.40958103e-06,1
0.0078125,94,0.000735303445,0.000622744381,7.49202172e-06,1
0.0078125,95,0.000742725853,0.000629456481,7.57451971e-06,1
0.0078125,96,0.000750149775,0.000636170094,7.65707409e-06,1
0.0078125,97,0.000757574569,0.000642884872,7.73968804e-06,1
0.0078125,98,0.000765002158,0.000649602327,7.82236202e-06,1
0.0078125,99,0.000772431318,0.00065632147,7.90509785e-06,1
0.0078125,100,0.000779862283,0.000663042709,7.98789188e-06,1
0.0078125,101,0.000787294703,0.000669765286,8.07075139e-06,1
0.0078125,102,0.000794728694,0.00067648961,8.15366366e-06,1
0.0078125,103,0.000802165421,0.000683216727,8.23663504e-06,1
0.0078125,104,0.000809602963,0.000689944718,8.31967009e-06,1
0.0078125,105,0.000817042834,0.00069667527,8.40276425e-06,1
0.0078125,106,0.000824484101,0.000703407044,8.48591662e-06,1
0.0078125,107,0.000831926533,0.000710140273,8.56912538e-06,1
0.0078125,108,0.000839371351,0.000716876064,8.65239963e-06,1
0.0078125,109,0.000846818206,0.000723613775,8.73573663e-06,1
0.0078125,110,0.000854266342,0.000730353,8.81912092e-06,1
0.0078125,111,0.000861716224,0.000737094088,8.90257797e-06,1
0.0078125,112,0.000869168201,0.000743837154,8.98609051e-06,1
0.0078125,113,0.00087662146,0.000750581734,9.06966761e-06,1
0.0078125,114,0.000884077454,0.000757329166,9.15329565e-06,1
0.0078125,115,0.000891534437,0.000764077588,9.23698826e-06,1
0.0078125,116,0.000898992934,0.000770827639,9.32074636e-06,1
0.0078125,117,0.000906453526,0.000777579844,9.40455357e-06,1
0.0078125,118,0.000913915923,0.000784334028,9.48842444e-06,1
0.0078125,119,0.000921380357,0.00079109025,9.57236171e-06,1
0.0078125,120,0.000928845955,0.000797847868,9.65635809e-06,1
0.0078125,121,0.000936313416,0.000804607407,9.74040086e-06,1
0.0078125,122,0.00094378239,0.000811368518,9.82452366e-06,1
0.0078125,123,0.000951253809,0.000818131957,9.90869376e-06,1
0.0078125,124,0.0009587268,0.000824897434,9.9929257e-06,1
0.0078125,125,0.000966201245,0.000831664074,1.00772204e-05,1
0.0078125,126,0.000973677728,0.00083843316,1.01615769e-05,1
0.0078125,127,0.000981155783,0.000845203584,1.02459881e-05,1
0.0078125,128,0.000988635584,0.000851976278,1.03304692e-05,1
0.0078125,129,0.000996117131,0.000858750602,1.04150058e-05,1
0.0078125,130,0.00100360066,0.000865526788,1.04995979e-05,1
0.0078125,131,0.00101108593,0.000872305187,1.05842582e-05,1
0.0078125,132,0.00101857272,0.000879084924,1.06689777e-05,1
0.0078125,133,0.00102606113,0.000885866466,1.07537535e-05,1
0.0078125,134,0.00103355234,0.00089265086,1.08385939e-05,1
0.0078125,135,0.00104104343,0.000899435428,1.09234879e-05,1
0.0078125,136,0.00104853755,0.000906222849,1.10084484e-05,1
0.0078125,137,0.0010560333,0.000913011958,1.10934689e-05,1
0.0078125,138,0.00106353115,0.000919803511,1.11785503e-05,1
0.0078125,139,0.00107103004,0.000926596287,1.12636881e-05,1
0.0078125,140,0.00107853103,0.000933390926,1.13488832e-05,1
0.0078125,141,0.00108603353,0.000940187369,1.14341565e-05,1
0.0078125,142,0.0010935379,0.000946985674,1.15194771e-05,1
0.0078125,143,0.00110104389,0.000953785493,1.16048532e-05,1
0.0078125,144,0.0011085521,0.00096058799,1.16903038e-05,1
0.0078125,145,0.00111606217,0.000967392407,1.17758082e-05,1
0.0078125,146,0.00112357375,0.000974198163,1.18613762e-05,1
0.0078125,147,0.00113108708,0.000981006073,1.19470042e-05,1
0.0078125,148,0.00113860215,0.000987815321,1.20326886e-05,1
0.0078125,149,0.00114611862,0.0009946262,1.2118433e-05,1
0.0078125,150,0.00115363742,0.00100143999,1.22042447e-05,1
0.0078125,151,0.00116115704,0.00100825459,1.22901192e-05,1
0.0078125,152,0.00116867945,0.00101507141,1.23760456e-05,1
0.0078125,153,0.00117620372,0.0010218909,1.24620437e-05,1
0.0078125,154,0.00118372892,0.00102871121,1.25480929e-05,1
0.0078125,155,0.0011912561,0.00103553361,1.26342029e-05,1
0.0078125,156,0.00119878538,0.00104235811,1.27203821e-05,1
0.0078125,157,0.00120631629,0.00104918424,1.28066167e-05,1
0.0078125,158,0.00121384917,0.00105601246,1.28929187e-05,1
0.0078125,159,0.00122138357,0.0010628422,1.29792734e-05,1
0.0078125,160,0.0012289196,0.00106967404,1.30656981e-05,1
0.0078125,161,0.00123645738,0.00107650761,1.31521774e-05,1
0.0078125,162,0.00124399748,0.00108334364,1.32387167e-05,1
0.0078125,163,0.0012515384,0.00109018025,1.33253197e-05,1
0.0078125,164,0.00125908141,0.00109701918,1.341199e-05,1
0.0078125,165,0.00126662641,0.00110386044,1.34987122e-05,1
0.0078125,166,0.00127417385,0.0011107038,1.35855016e-05,1
0.0078125,167,0.00128172175,0.00111754832,1.3672342e-05,1
0.0078125,168,0.0012892721,0.00112439482,1.3759256e-05,1
0.0078125,169,0.00129682466,0.00113124389,1.38462219e-05,1
0.0078125,170,0.0013043785,0.00113809446,1.39332624e-05,1
0.0078125,171,0.0013119342,0.00114494644,1.40203638e-05,1
0.0078125,172,0.00131949107,0.00115180039,1.41075097e-05,1
0.0078125,173,0.00132705073,0.0011586569,1.41947376e-05,1
0.0078125,174,0.00133461098,0.001165514,1.42820118e-05,1
0.0078125,175,0.0013421739,0.00117237365,1.43693424e-05,1
0.0078125,176,0.00134973822,0.00117923541,1.4456753e-05,1
0.0078125,177,0.00135730498,0.00118609925,1.45442154e-05,1
0.0078125,178,0.00136487233,0.00119296391,1.46317334e-05,1
0.0078125,179,0.00137244235,0.00119983125,1.47193323e-05,1
0.0078125,180,0.00138001319,0.00120669964,1.4806963e-05,1
0.0078125,181,0.00138758705,0.00121357106,1.48946847e-05,1
0.0078125,182,0.00139516185,0.00122044352,1.498244e-05,1
0.0078125,183,0.0014027385,0.00122731796,1.5070279e-05,1
0.0078125,184,0.00141031703,0.00123419415,1.51581744e-05,1
0.0078125,185,0.00141789741,0.00124107278,1.52461262e-05,1
0.0078125,186,0.00142547942,0.00124795281,1.5334148e-05,1
0.0078125,187,0.00143306341,0.0012548347,1.54222271e-05,1
0.0078125,188,0.00144064927,0.00126171904,1.55103662e-05,1
0.0078125,189,0.0014482371,0.00126860512,1.55985799e-05,1
0.0078125,190,0.00145582564,0.00127549237,1.568685e-05,1
0.0078125,191,0.00146341685,0.00128238194,1.57751656e-05,1
0.0078125,192,0.00147100887,0.00128927256,1.58635594e-05,1
0.0078125,193,0.00147860346,0.00129616586,1.59520059e-05,1
0.0078125,194,0.00148619956,0.00130306056,1.60405179e-05,1
0.0078125,195,0.00149379834,0.00130995829,1.61290973e-05,1
0.0078125,196,0.00150139804,0.00131685717,1.62177257e-05,1
0.0078125,197,0.00150899962,0.00132375769,1.63064324e-05,1
0.0078125,198,0.00151660317,0.00133066042,1.63951954e-05,1
0.0078125,199,0.001524208,0.00133756467,1.64840112e-05,1
0.0078125,200,0.00153181434,0.00134447054,1.65728998e-05,1
0.0078125,201,0.00153942313,0.00135137874,1.66618465e-05,1
0.0078125,202,0.00154703425,0.00135828939,1.67508533e-05,1
0.0078125,203,0.00155464665,0.00136520108,1.68399329e-05,1
0.0078125,204,0.00156226056,0.00137211499,1.69290597e-05,1
0.0078125,205,0.00156987633,0.00137903052,1.70182484e-05,1
0.0078125,206,0.00157749339,0.00138594769,1.71075189e-05,1
0.0078125,207,0.00158511312,0.00139286742,1.71968386e-05,1
0.0078125,208,0.00159273355,0.00139978819,1.72862256e-05,1
0.0078125,209,0.00160035735,0.00140671234,1.73756707e-05,1
0.0078125,210,0.00160798163,0.00141363661,1.74651759e-05,1
0.0078125,211,0.00161560904,0.00142056448,1.7554752e-05,1
0.0078125,212,0.00162323681,0.00142749283,1.76443809e-05,1
0.0078125,213,0.00163086632,0.00143442303,1.77340826e-05,1
0.0078125,214,0.00163849746,0.00144135498,1.78238388e-05,1
0.0078125,215,0.00164613209,0.00144829019,1.79136568e-05,1
0.0078125,216,0.00165376731,0.00145522621,1.80035458e-05,1
0.0078125,217,0.00166140369,0.00146216375,1.80934821e-05,1
0.0078125,218,0.00166904193,0.00146910315,1.81834876e-05,1
0.0078125,219,0.00167668355,0.00147604593,1.82735675e-05,1
0.0078125,220,0.00168432645,0.00148298999,1.83637003e-05,1
0.0078125,221,0.00169197004,0.00148993521,1.84538931e-05,1
0.0078125,222,0.00169961585,0.00149688241,1.85441531e-05,1
0.0078125,223,0.00170726422,0.00150383229,1.86344823e-05,1
0.0078125,224,0.00171491387,0.00151078356,1.87248625e-05,1
0.0078125,225,0.00172256492,0.00151773647,1.88153044e-05,1
0.0078125,226,0.00173021678,0.00152469042,1.89058155e-05,1
0.0078125,227,0.0017378726,0.0015316481,1.89963903e-05,1
0.0078125,228,0.00174552959,0.00153860694,1.90870287e-05,1
0.0078125,229,0.00175318751,0.00154556718,1.91777144e-05,1
0.0078125,230,0.00176084845,0.00155253022,1.92684838e-05,1
0.0078125,231,0.00176851067,0.00155949488,1.93593096e-05,1
0.0078125,232,0.00177617313,0.00156646001,1.9450199e-05,1
0.0078125,233,0.00178383943,0.00157342874,1.95411376e-05,1
0.0078125,234,0.00179150794,0.00158039958,1.9632158e-05,1
0.0078125,235,0.00179917505,0.00158736994,1.97232221e-05,1
0.0078125,236,0.00180684612,0.00159434369,1.98143662e-05,1
0.0078125,237,0.00181451917,0.00160131953,1.99055721e-05,1
0.0078125,238,0.00182219339,0.00160829688,1.99968199e-05,1
0.0078125,239,0.00182986946,0.00161527621,2.00881605e-05,1
0.0078125,240,0.00183754833,0.00162225822,2.01795574e-05,1
0.0078125,241,0.00184522721,0.00162924058,2.02710035e-05,1
0.0078125,242,0.00185291015,0.00163622666,2.03625259e-05,1
0.0078125,243,0.00186059345,0.00164321368,2.04541102e-05,1
0.0078125,244,0.00186827919,0.0016502029,2.05457582e-05,1
0.0078125,245,0.00187596504,0.0016571926,2.06374625e-05,1
0.0078125,246,0.00188365439,0.0016641859,2.0729236e-05,1
0.0078125,247,0.00189134444,0.00167117978,2.08210604e-05,1
0.0078125,248,0.00189903658,0.00167817541,2.09129466e-05,1
0.0078125,249,0.00190673082,0.00168517418,2.10049129e-05,1
0.0078125,250,0.00191442645,0.001692174,2.10969411e-05,1
0.0078125,251,0.0019221243,0.00169917627,2.11890147e-05,1
0.0078125,252,0.00192982412,0.00170618063,2.12811792e-05,1
0.0078125,253,0.0019375257,0.00171318615,2.13734038e-05,1
0.0078125,254,0.00194522797,0.00172019354,2.14656702e-05,1
0.0078125,255,0.00195293326,0.00172720326,2.15580112e-05,1
0.0078125,256,0.00196063961,0.00173421437,2.16504086e-05,1
0.0078125,257,0.00196834817,0.00174122793,2.17428769e-05,1
0.0078125,258,0.00197605812,0.00174824253,2.18354071e-05,1
0.0078125,259,0.0019837697,0.00175525935,2.19280046e-05,1
0.0078125,260,0.00199148338,0.00176227861,2.20206639e-05,1
0.0078125,261,0.00199920009,0.00176930008,2.21133887e-05,1
0.0078125,262,0.00200691749,0.00177632307,2.22061899e-05,1
0.0078125,263,0.00201463629,0.00178334746,2.22990238e-05,1
0.0078125,264,0.00202235673,0.00179037347,2.23919378e-05,1
0.0078125,265,0.00203007995,0.00179740193,2.24849318e-05,1
0.0078125,266,0.00203780388,0.00180443213,2.25779531e-05,1
0.0078125,267,0.00204553083,0.00181146502,2.26710763e-05,1
0.0078125,268,0.00205325894,0.0018184986,2.2764234e-05,1
0.0078125,269,0.00206098869,0.00182553497,2.28574609e-05,1
0.0078125,270,0.00206872099,0.00183257309,2.29507732e-05,1
0.0078125,271,0.00207645376,0.00183961214,2.30441256e-05,1
0.0078125,272,0.00208418816,0.00184665318,2.31375489e-05,1
0.0078125,273,0.00209192582,0.00185369712,2.32310358e-05,1
0.0078125,274,0.00209966488,0.00186074269,2.33245883e-05,1
0.0078125,275,0.00210740534,0.00186779001,2.34182116e-05,1
0.0078125,276,0.00211514765,0.00187483919,2.35118841e-05,1
0.0078125,277,0.00212289183,0.00188189035,2.36056421e-05,1
0.0078125,278,0.00213063834,0.00188894384,2.36994401e-05,1
0.0078125,279,0.00213838578,0.00189599802,2.37933182e-05,1
0.0078125,280,0.00214613555,0.001903055,2.38872562e-05,1
0.0078125,281,0.00215388602,0.00191011245,2.39812525e-05,1
0.0078125,282,0.00216163974,0.00191717374,2.40753179e-05,1
0.0078125,283,0.00216939347,0.00192423502,2.41694415e-05,1
0.0078125,284,0.00217715185,0.00193130085,2.42636415e-05,1
0.0078125,285,0.00218491023,0.00193836738,2.43578979e-05,1
0.0078125,286,0.00219267118,0.00194543554,2.44522216e-05,1
0.0078125,287,0.00220043352,0.0019525059,2.45466017e-05,1
0.0078125,288,0.00220819702,0.00195957767,2.46410618e-05,1
0.0078125,289,0.00221596309,0.00196665153,2.47355692e-05,1
0.0078125,290,0.00222373055,0.00197372679,2.48301512e-05,1
0.0078125,291,0.00223149965,0.00198080437,2.49248023e-05,1
0.0078125,292,0.00223927037,0.00198788359,2.50195008e-05,1
0.0078125,293,0.00224704412,0.0019949663,2.51142756e-05,1
0.0078125,294,0.00225481857,0.00200204877,2.52091122e-05,1
0.0078125,295,0.00226259488,0.00200913358,2.5304018e-05,1
0.0078125,296,0.00227037328,0.00201622094,2.53989838e-05,1
0.0078125,297,0.00227815285,0.00202330947,2.54940041e-05,1
0.0078125,298,0.00228593522,0.00203040056,2.55891046e-05,1
0.0078125,299,0.00229371851,0.00203749328,2.56842704e-05,1
0.0078125,300,0.00230150484,0.00204458833,2.57794964e-05,1
0.0078125,301,0.00230929116,0.00205168407,2.58747787e-05,1
0.0078125,302,0.00231708027,0.00205878261,2.59701428e-05,1
0.0078125,303,0.00232487172,0.00206588348,2.60655597e-05,1
0.0078125,304,0.00233266409,0.00207298528,2.61610439e-05,1
0.0078125,305,0.0023404595,0.00208009081,2.625661e-05,1
0.0078125,306,0.00234825537,0.00208719634,2.63522033e-05,1
0.0078125,307,0.0023560531,0.00209430419,2.64478804e-05,1
0.0078125,308,0.00236385339,0.00210141414,2.65436283e-05,1
0.0078125,309,0.00237165531,0.00210852665,2.663942e-05,1
0.0078125,310,0.00237945816,0.00211563916,2.67353098e-05,1
0.0078125,311,0.00238726381,0.00212275516,2.68312397e-05,1
0.0078125,312,0.00239507109,0.0021298728,2.69272459e-05,1
0.0078125,313,0.00240287837,0.00213699043,2.70233122e-05,1
0.0078125,314,0.00241069077,0.00214411388,2.71194313e-05,1
0.0078125,315,0.0024185027,0.00215123617,2.72156467e-05,1
0.0078125,316,0.0024263165,0.00215836102,2.7311904e-05,1
0.0078125,317,0.00243413402,0.00216548913,2.74082377e-05,1
0.0078125,318,0.00244195038,0.00217261631,2.75046114e-05,1
0.0078125,319,0.00244977069,0.00217974791,2.76010851e-05,1
0.0078125,320,0.00245759217,0.00218688068,2.76976007e-05,1
0.0078125,321,0.00246541575,0.00219401531,2.77941908e-05,1
0.0078125,322,0.00247324095,0.00220115227,2.78908465e-05,1
0.0078125,323,0.00248106732,0.00220828992,2.7987573e-05,1
0.0078125,324,0.00248889602,0.00221543037,2.80843433e-05,1
0.0078125,325,0.00249672798,0.00222257408,2.81812099e-05,1
0.0078125,326,0.00250455993,0.00222971779,2.82781311e-05,1
0.0078125,327,0.00251239305,0.0022368629,2.83750869e-05,1
0.0078125,328,0.00252022897,0.00224401057,2.84721536e-05,1
0.0078125,329,0.00252806791,0.00225116196,2.85692568e-05,1
0.0078125,330,0.00253590569,0.00225831196,2.86664326e-05,1
0.0078125,331,0.00254374836,0.00226546684,2.87636612e-05,1
0.0078125,332,0.00255159126,0.00227262196,2.88609663e-05,1
0.0078125,333,0.00255943695,0.00227978057,2.89583368e-05,1
0.0078125,334,0.00256728334,0.00228693988,2.90558073e-05,1
0.0078125,335,0.0025751316,0.00229410012,2.91532833e-05,1
0.0078125,336,0.00258298288,0.00230126409,2.92508612e-05,1
0.0078125,337,0.0025908337,0.00230842759,2.93484954e-05,1
0.0078125,338,0.00259868894,0.00231559644,2.94461934e-05,1
0.0078125,339,0.00260654488,0.00232276553,2.95439877e-05,1
0.0078125,340,0.00261440151,0.00232993532,2.96418002e-05,1
0.0078125,341,0.00262226234,0.0023371093,2.97397e-05,1
0.0078125,342,0.0026301227,0.00234428328,2.98376599e-05,1
0.0078125,343,0.00263798726,0.00235146144,2.99356889e-05,1
0.0078125,344,0.00264585111,0.00235863891,3.00337651e-05,1
0.0078125,345,0.00265371799,0.00236581941,3.01319469e-05,1
0.0078125,346,0.00266158767,0.0023730027,3.02301542e-05,1
0.0078125,347,0.00266945781,0.00238018692,3.03284523e-05,1
0.0078125,348,0.00267732912,0.00238737231,3.04268269e-05,1
0.0078125,349,0.00268520275,0.00239456049,3.05252433e-05,1
0.0078125,350,0.00269307801,0.00240174984,3.06237307e-05,1
0.0078125,351,0.00270095677,0.00240894267,3.07223017e-05,1
0.0078125,352,0.00270883576,0.00241613644,3.08209128e-05,1
0.0078125,353,0.00271671615,0.00242333137,3.09196075e-05,1
0.0078125,354,0.00272459909,0.0024305291,3.10183459e-05,1
0.0078125,355,0.00273248367,0.00243772846,3.11171716e-05,1
0.0078125,356,0.00274037104,0.00244493084,3.12160628e-05,1
0.0078125,357,0.00274826004,0.00245213439,3.13150267e-05,1
0.0078125,358,0.00275614904,0.0024593391,3.14140307e-05,1
0.0078125,359,0.002764042,0.0024665473,3.15131292e-05,1
0.0078125,360,0.00277193682,0.00247375737,3.16122787e-05,1
0.0078125,361,0.00277983164,0.0024809672,3.17114682e-05,1
0.0078125,362,0.00278772879,0.00248818006,3.18107777e-05,1
0.0078125,363,0.00279562711,0.00249539432,3.19101091e-05,1
0.0078125,364,0.00280352891,0.00250261137,3.20095278e-05,1
0.0078125,365,0.00281143235,0.00250983075,3.21090047e-05,1
0.0078125,366,0.00281933742,0.00251705176,3.22085689e-05,1
0.0078125,367,0.00282724295,0.00252427324,3.23081804e-05,1
0.0078125,368,0.0028351529,0.00253149937,3.24078646e-05,1
0.0078125,369,0.00284306239,0.00253872527,3.2507618e-05,1
0.0078125,370,0.00285097305,0.0025459528,3.2607426e-05,1
0.0078125,371,0.00285888766,0.00255318335,3.27072958e-05,1
0.0078125,372,0.0028668039,0.00256041647,3.28072492e-05,1
0.0078125,373,0.00287472177,0.00256765028,3.29072682e-05,1
0.0078125,374,0.00288264244,0.00257488806,3.3007349e-05,1
0.0078125,375,0.00289056124,0.0025821242,3.3107488e-05,1
0.0078125,376,0.00289848377,0.00258936314,3.32077034e-05,1
0.0078125,377,0.00290640886,0.00259660557,3.33079915e-05,1
0.0078125,378,0.00291433604,0.00260384986,3.34083343e-05,1
0.0078125,379,0.00292226486,0.00261109625,3.35087643e-05,1
0.0078125,380,0.00293019507,0.00261834357,3.36092235e-05,1
0.0078125,381,0.00293812552,0.00262559159,3.37097736e-05,1
0.0078125,382,0.00294606038,0.0026328438,3.38103891e-05,1
0.0078125,383,0.00295399525,0.00264009694,3.39110629e-05,1
0.0078125,384,0.00296193361,0.00264735264,3.40118277e-05,1
0.0078125,385,0.0029698729,0.0026546102,3.41126251e-05,1
0.0078125,386,0.00297781429,0.00266186963,3.42135281e-05,1
0.0078125,387,0.00298575778,0.00266913138,3.43144711e-05,1
0.0078125,388,0.00299370103,0.00267639244,3.44154832e-05,1
0.0078125,389,0.00300164823,0.00268365815,3.45165645e-05,1
0.0078125,390,0.00300959474,0.00269092317,3.46176857e-05,1
0.0078125,391,0.00301754661,0.0026981933,3.47189234e-05,1
0.0078125,392,0.00302549801,0.00270546367,3.48201938e-05,1
0.0078125,393,0.0030334522,0.00271273637,3.49215661e-05,1
0.0078125,394,0.00304140896,0.00272001256,3.50229857e-05,1
0.0078125,395,0.00304936478,0.00272728689,3.51244635e-05,1
0.0078125,396,0.00305732572,0.00273456704,3.52260286e-05,1
0.0078125,397,0.00306528667,0.00274184719,3.53276409e-05,1
0.0078125,398,0.00307324925,0.00274912873,3.54293152e-05,1
0.0078125,399,0.00308121322,0.00275641261,3.55310622e-05,1
0.0078125,400,0.00308918091,0.00276369927,3.56328965e-05,1
0.0078125,401,0.00309714908,0.00277098711,3.57347781e-05,1
0.0078125,402,0.00310511864,0.0027782768,3.5836747e-05,1
0.0078125,403,0.00311309169,0.00278556999,3.59387486e-05,1
0.0078125,404,0.00312106498,0.00279286318,3.60408412e-05,1
0.0078125,405,0.00312904082,0.00280015892,3.61430029e-05,1
0.0078125,406,0.00313702086,0.00280745863,3.62452338e-05,1
0.0078125,407,0.00314499787,0.00281475578,3.63475228e-05,1
0.0078125,408,0.00315298047,0.00282205967,3.6449881e-05,1
0.0078125,409,0.003160964,0.00282936334,3.65523083e-05,1
0.0078125,410,0.00316894799,0.00283666817,3.66548084e-05,1
0.0078125,411,0.00317693385,0.00284397369,3.67573593e-05,1
0.0078125,412,0.00318492297,0.00285128411,3.68599831e-05,1
0.0078125,413,0.00319291395,0.00285859639,3.69626905e-05,1
0.0078125,414,0.00320090493,0.00286590797,3.70654525e-05,1
0.0078125,415,0.00320889917,0.00287322374,3.71682945e-05,1
0.0078125,416,0.00321689481,0.00288054068,3.72711911e-05,1
0.0078125,417,0.00322489324,0.00288786017,3.73741823e-05,1
0.0078125,418,0.00323289284,0.00289518083,3.74771989e-05,1
0.0078125,419,0.00324089429,0.00290250359,3.75803065e-05,1
0.0078125,420,0.00324889645,0.00290982844,3.76834723e-05,1
0.0078125,421,0.0032569028,0.00291715539,3.77867145e-05,1
0.0078125,422,0.00326490845,0.00292448374,3.78900113e-05,1
0.0078125,423,0.00327291829,0.00293181534,3.79933808e-05,1
0.0078125,424,0.00328092766,0.00293914694,3.80968413e-05,1
0.0078125,425,0.00328893983,0.00294648111,3.82003273e-05,1
0.0078125,426,0.00329695409,0.00295381784,3.83039187e-05,1
0.0078125,427,0.00330497068,0.00296115666,3.84075611e-05,1
0.0078125,428,0.00331298867,0.00296849688,3.85112908e-05,1
0.0078125,429,0.00332100736,0.00297583896,3.86150532e-05,1
0.0078125,430,0.00332902931,0.0029831829,3.87189139e-05,1
0.0078125,431,0.00333705288,0.00299052941,3.88228218e-05,1
0.0078125,432,0.00334507832,0.00299787824,3.89268353e-05,1
0.0078125,433,0.00335310516,0.00300522777,3.9030896e-05,1
0.0078125,434,0.00336113363,0.0030125794,3.91350004e-05,1
0.0078125,435,0.00336916419,0.00301993359,3.92391739e-05,1
0.0078125,436,0.00337719498,0.00302728778,3.9343442e-05,1
0.0078125,437,0.00338523369,0.00303464942,3.94478047e-05,1
0.0078125,438,0.00339326705,0.0030420064,3.95521638e-05,1
0.0078125,439,0.00340130529,0.0030493685,3.96566356e-05,1
0.0078125,440,0.00340934657,0.00305673364,3.9761173e-05,1
0.0078125,441,0.00341738737,0.00306409807,3.98657721e-05,1
0.0078125,442,0.00342543004,0.00307146553,3.99704477e-05,1
0.0078125,443,0.0034334762,0.00307883532,4.00751778e-05,1
0.0078125,444,0.00344152213,0.00308620534,4.01799953e-05,1
0.0078125,445,0.00344957109,0.00309357885,4.02848382e-05,1
0.0078125,446,0.00345762167,0.00310095446,4.03898048e-05,1
0.0078125,447,0.00346567389,0.00310833077,4.04947823e-05,1
0.0078125,448,0.00347372983,0.00311571104,4.0599909e-05,1
0.0078125,449,0.00348178553,0.00312309223,4.07050211e-05,1
0.0078125,450,0.0034898438,0.00313047483,4.08102605e-05,1
0.0078125,451,0.00349790324,0.00313785952,4.091554e-05,1
0.0078125,452,0.00350596686,0.0031452484,4.10209068e-05,1
0.0078125,453,0.00351403002,0.00315263681,4.11262954e-05,1
0.0078125,454,0.00352209387,0.00316002616,4.12318041e-05,1
0.0078125,455,0.00353016215,0.00316741946,4.133736e-05,1
0.0078125,456,0.00353823067,0.00317481346,4.14429778e-05,1
0.0078125,457,0.00354630128,0.00318221026,4.1548672e-05,1
0.0078125,458,0.00355437677,0.00318961102,4.1654479e-05,1
0.0078125,459,0.00356244924,0.00319701014,4.17603042e-05,1
0.0078125,460,0.00357052707,0.00320441322,4.18662057e-05,1
0.0078125,461,0.00357860629,0.00321181864,4.19721764e-05,1
0.0078125,462,0.00358668598,0.00321922428,4.20782162e-05,1
0.0078125,463,0.0035947687,0.00322663365,4.21843397e-05,1
0.0078125,464,0.00360284932,0.00323404069,4.22904741e-05,1
0.0078125,465,0.00361093716,0.00324145518,4.23967613e-05,1
0.0078125,466,0.00361902313,0.00324886758,4.25030594e-05,1
0.0078125,467,0.0036271147,0.0032562858,4.2609463e-05,1
0.0078125,468,0.00363520486,0.00326370331,4.27159175e-05,1
0.0078125,469,0.00364329829,0.00327112386,4.28224448e-05,1
0.0078125,470,0.00365139171,0.00327854371,4.29290449e-05,1
0.0078125,471,0.00365948956,0.00328596891,4.30356849e-05,1
0.0078125,472,0.00366758788,0.00329339458,4.31424305e-05,1
0.0078125,473,0.00367568876,0.00330082304,4.32492234e-05,1
0.0078125,474,0.00368379033,0.0033082522,4.33560854e-05,1
0.0078125,475,0.00369189656,0.00331568578,4.34630274e-05,1
0.0078125,476,0.00370000256,0.0033231196,4.35700567e-05,1
0.0078125,477,0.00370810926,0.00333055435,4.36771152e-05,1
0.0078125,478,0.00371621829,0.00333799189,4.37842646e-05,1
0.0078125,479,0.00372432848,0.0033454292,4.38914867e-05,1
0.0078125,480,0.00373244355,0.00335287303,4.39987707e-05,1
0.0078125,481,0.0037405598,0.00336031686,4.41061311e-05,1
0.0078125,482,0.00374867627,0.00336776255,4.42135715e-05,1
0.0078125,483,0.00375679531,0.0033752094,4.4321052e-05,1
0.0078125,484,0.00376491505,0.00338265789,4.44286161e-05,1
0.0078125,485,0.00377304037,0.00339011196,4.45362566e-05,1
0.0078125,486,0.0037811629,0.00339756324,4.46439626e-05,1
0.0078125,487,0.00378928985,0.00340501894,4.47517305e-05,1
0.0078125,488,0.00379741727,0.00341247628,4.48595747e-05,1
0.0078125,489,0.00380554656,0.003419935,4.49674772e-05,1
0.0078125,490,0.00381368003,0.00342739676,4.50754778e-05,1
0.0078125,491,0.00382181187,0.00343485852,4.51835112e-05,1
0.0078125,492,0.00382994628,0.0034423233,4.5291632e-05,1
0.0078125,493,0.0038380858,0.00344979111,4.53998291e-05,1
0.0078125,494,0.00384622533,0.00345726195,4.55081026e-05,1
0.0078125,495,0.00385436532,0.00346473069,4.56164307e-05,1
0.0078125,496,0.0038625102,0.00347220548,4.57248461e-05,1
0.0078125,497,0.00387065299,0.00347967912,4.58332906e-05,1
0.0078125,498,0.00387880066,0.00348715717,4.59418479e-05,1
0.0078125,499,0.00388695044,0.00349463616,4.60504561e-05,1
0.0078125,500,0.00389509974,0.00350211654,4.61591226e-05,1
0.0078125,501,0.00390325114,0.00350959785,4.62679054e-05,1
0.0078125,502,0.0039114044,0.00351708243,4.63766919e-05,1
0.0078125,503,0.00391956093,0.00352456933,4.64855948e-05,1
0.0078125,504,0.00392771931,0.00353205926,4.65945559e-05,1
0.0078125,505,0.00393587723,0.00353954826,4.6703557e-05,1
0.0078125,506,0.00394403934,0.00354704051,4.68126636e-05,1
0.0078125,507,0.00395220285,0.00355453556,4.69218612e-05,1
0.0078125,508,0.00396036869,0.00356203294,4.70310733e-05,1
0.0078125,509,0.00396853825,0.00356953288,4.71404164e-05,1
0.0078125,510,0.00397670362,0.00357703073,4.72497668e-05,1
0.0078125,511,0.00398487551,0.0035845344,4.73592299e-05,1
0.0078125,512,0.00399304787,0.00359203829,4.74687513e-05,1
0.0078125,513,0.00400122162,0.00359954406,4.75783527e-05,1
0.0078125,514,0.00400939677,0.00360705075,4.7688005e-05,1
0.0078125,515,0.00401757658,0.00361456233,4.77977301e-05,1
0.0078125,516,0.00402575685,0.00362207508,4.79075643e-05,1
0.0078125,517,0.00403393712,0.00362958806,4.80174276e-05,1
0.0078125,518,0.00404212158,0.00363710476,4.81273782e-05,1
0.0078125,519,0.00405030698,0.00364462286,4.82373725e-05,1
0.0078125,520,0.00405849516,0.00365214399,4.8347476e-05,1
0.0078125,521,0.00406668289,0.00365966442,4.84576012e-05,1
0.0078125,522,0.0040748748,0.00366718951,4.85678574e-05,1
0.0078125,523,0.00408306951,0.00367471669,4.86781428e-05,1
0.0078125,524,0.00409126235,0.00368224224,4.87884899e-05,1
0.0078125,525,0.00409945939,0.00368977268,4.88989281e-05,1
0.0078125,526,0.00410765689,0.00369730406,4.90094426e-05,1
0.0078125,527,0.00411585579,0.00370483706,4.91200262e-05,1
0.0078125,528,0.0041240612,0.00371237565,4.92306681e-05,1
0.0078125,529,0.0041322629,0.00371991028,4.93414082e-05,1
0.0078125,530,0.00414046878,0.00372745073,4.9452181e-05,1
0.0078125,531,0.00414867839,0.00373499421,4.95630447e-05,1
0.0078125,532,0.00415688846,0.00374253769,4.96739885e-05,1
0.0078125,533,0.00416509947,0.0037500835,4.97849724e-05,1
0.0078125,534,0.00417331234,0.00375763047,4.98960908e-05,1
0.0078125,535,0.00418152614,0.00376517791,5.00072128e-05,1
0.0078125,536,0.00418974413,0.00377273094,5.01184186e-05,1
0.0078125,537,0.00419796351,0.00378028466,5.02296898e-05,1
0.0078125,538,0.0042061843,0.00378784002,5.03410556e-05,1
0.0078125,539,0.00421440694,0.00379539793,5.04524796e-05,1
0.0078125,540,0.00422263192,0.00380295794,5.056398e-05,1
0.0078125,541,0.00423085783,0.00381051912,5.06755714e-05,1
0.0078125,542,0.00423908513,0.00381808192,5.07871628e-05,1
0.0078125,543,0.00424731709,0.00382564776,5.08989251e-05,1
0.0078125,544,0.00425554859,0.00383321592,5.10107056e-05,1
0.0078125,545,0.00426378148,0.00384078478,5.11225699e-05,1
0.0078125,546,0.00427201856,0.00384835689,5.12344886e-05,1
0.0078125,547,0.00428025564,0.00385592994,5.13464947e-05,1
0.0078125,548,0.00428849552,0.00386350462,5.14585408e-05,1
0.0078125,549,0.00429673539,0.00387108186,5.15706815e-05,1
0.0078125,550,0.004304979,0.00387866003,5.16829023e-05,1
0.0078125,551,0.00431322446,0.00388624216,5.17951739e-05,1
0.0078125,552,0.00432147272,0.00389382709,5.19075402e-05,1
0.0078125,553,0.00432972098,0.00390141201,5.20199828e-05,1
0.0078125,554,0.00433797203,0.00390899973,5.21324546e-05,1
0.0078125,555,0.00434622122,0.00391658675,5.22450282e-05,1
0.0078125,556,0.00435447739,0.00392417796,5.23576673e-05,1
0.0078125,557,0.0043627331,0.00393177103,5.24703682e-05,1
0.0078125,558,0.00437099161,0.00393936643,5.2583182e-05,1
0.0078125,559,0.00437925197,0.00394696277,5.26960102e-05,1
0.0078125,560,0.00438751187,0.00395456143,5.28089367e-05,1
0.0078125,561,0.00439577596,0.00396216195,5.29219433e-05,1
0.0078125,562,0.00440404331,0.00396976667,5.30350299e-05,1
0.0078125,563,0.0044123074,0.00397736998,5.31481382e-05,1
0.0078125,564,0.00442057755,0.00398497609,5.32613776e-05,1
0.0078125,565,0.00442885002,0.00399258686,5.33746606e-05,1
0.0078125,566,0.00443712249,0.00400019716,5.34880019e-05,1
0.0078125,567,0.00444539636,0.00400780933,5.36014559e-05,1
0.0078125,568,0.00445367442,0.00401542615,5.3714939e-05,1
0.0078125,569,0.00446195202,0.00402304158,5.38284767e-05,1
0.0078125,570,0.00447023148,0.00403065933,5.39421453e-05,1
0.0078125,571,0.00447851559,0.00403828267,5.40558904e-05,1
0.0078125,572,0.00448679738,0.00404590182,5.4169639e-05,1
0.0078125,573,0.00449508615,0.00405352982,5.42835332e-05,1
0.0078125,574,0.00450337399,0.00406115642,5.43974566e-05,1
0.0078125,575,0.00451166369,0.00406878488,5.45114854e-05,1
0.0078125,576,0.00451995526,0.00407641567,5.46255105e-05,1
0.0078125,577,0.00452824915,0.00408404926,5.47396703e-05,1
0.0078125,578,0.00453654397,0.00409168378,5.48538992e-05,1
0.0078125,579,0.00454484299,0.00409932295,5.49681863e-05,1
0.0078125,580,0.00455314061,0.0041069584,5.50825462e-05,1
0.0078125,581,0.00456143962,0.00411459804,5.51969642e-05,1
0.0078125,582,0.00456974376,0.00412224187,5.53114915e-05,1
0.0078125,583,0.00457804836,0.00412988616,5.54260841e-05,1
0.0078125,584,0.0045863525,0.00413752999,5.55406841e-05,1
0.0078125,585,0.00459466549,0.00414518313,5.56554551e-05,1
0.0078125,586,0.00460297382,0.00415283255,5.57702588e-05,1
0.0078125,587,0.00461128727,0.00416048616,5.5885117e-05,1
0.0078125,588,0.00461960118,0.00416814024,5.60000808e-05,1
0.0078125,589,0.00462791836,0.0041757971,5.61150773e-05,1
0.0078125,590,0.00463623367,0.00418345397,5.62301357e-05,1
0.0078125,591,0.00464455364,0.00419111503,5.63452886e-05,1
0.0078125,592,0.00465287501,0.00419877656,5.64605361e-05,1
0.0078125,593,0.00466119871,0.00420644134,5.65758455e-05,1
0.0078125,594,0.0046695238,0.00421410846,5.66912131e-05,1
0.0078125,595,0.00467784982,0.00422177557,5.68066571e-05,1
0.0078125,596,0.00468617864,0.00422944687,5.69221847e-05,1
0.0078125,597,0.00469451305,0.00423712097,5.70377888e-05,1
0.0078125,598,0.00470284559,0.004244796,5.71534765e-05,1
0.0078125,599,0.00471117906,0.00425247056,5.72691861e-05,1
0.0078125,600,0.00471951719,0.00426015118,5.73850302e-05,1
0.0078125,601,0.00472785532,0.00426783087,5.75008889e-05,1
0.0078125,602,0.00473619392,0.00427551288,5.76168422e-05,1
0.0078125,603,0.00474453717,0.00428319769,5.77328938e-05,1
0.0078125,604,0.00475288089,0.0042908839,5.78489926e-05,1
0.0078125,605,0.00476122601,0.00429857196,5.79651532e-05,1
0.0078125,606,0.00476957485,0.00430626236,5.80814121e-05,1
0.0078125,607,0.00477792369,0.00431395555,5.81977438e-05,1
0.0078125,608,0.00478627626,0.0043216492,5.83141118e-05,1
0.0078125,609,0.00479462976,0.00432934565,5.84305744e-05,1
0.0078125,610,0.00480298465,0.0043370449,5.85471607e-05,1
0.0078125,611,0.00481134094,0.00434474368,5.86637689e-05,1
0.0078125,612,0.00481970049,0.00435244665,5.87804279e-05,1
0.0078125,613,0.00482806237,0.00436015148,5.88971925e-05,1
0.0078125,614,0.00483642332,0.00436785724,5.90140226e-05,1
0.0078125,615,0.00484479126,0.00437556906,5.9130929e-05,1
0.0078125,616,0.004853155,0.00438327575,5.92479264e-05,1
0.0078125,617,0.00486152433,0.00439098896,5.93649638e-05,1
0.0078125,618,0.00486989412,0.00439870311,5.94820958e-05,1
0.0078125,619,0.00487826625,0.00440641958,5.95993115e-05,1
0.0078125,620,0.0048866421,0.00441413932,5.97165817e-05,1
0.0078125,621,0.00489501702,0.00442185812,5.98338956e-05,1
0.0078125,622,0.00490339519,0.00442958158,5.99513114e-05,1
0.0078125,623,0.00491177617,0.00443730643,6.00688254e-05,1
0.0078125,624,0.00492015621,0.00444503175,6.01863612e-05,1
0.0078125,625,0.0049285437,0.00445276359,6.0304028e-05,1
0.0078125,626,0.00493692514,0.00446049077,6.04217457e-05,1
0.0078125,627,0.00494531263,0.00446822308,6.05394926e-05,1
0.0078125,628,0.00495370151,0.00447595678,6.06574031e-05,1
0.0078125,629,0.00496209366,0.00448369374,6.07753318e-05,1
0.0078125,630,0.00497048581,0.00449143257,6.08933369e-05,1
0.0078125,631,0.00497888075,0.00449917279,6.10114148e-05,1
0.0078125,632,0.00498727709,0.00450691488,6.11295327e-05,1
0.0078125,633,0.00499567715,0.00451466069,6.12477525e-05,1
0.0078125,634,0.00500407815,0.00452240836,6.13660886e-05,1
0.0078125,635,0.00501247682,0.00453015277,6.14844321e-05,1
0.0078125,636,0.00502088387,0.0045379065,6.16028774e-05,1
0.0078125,637,0.00502929091,0.00454565929,6.17214246e-05,1
0.0078125,638,0.00503769796,0.00455341209,6.18399863e-05,1
0.0078125,639,0.00504610687,0.00456116814,6.1958679e-05,1
0.0078125,640,0.00505451858,0.00456892559,6.20774299e-05,1
0.0078125,641,0.00506293261,0.00457668677,6.21962245e-05,1
0.0078125,642,0.00507134851,0.00458445027,6.23151573e-05,1
0.0078125,643,0.00507976441,0.00459221378,6.24340755e-05,1
0.0078125,644,0.00508818543,0.00459998054,6.25531538e-05,1
0.0078125,645,0.00509660598,0.0046077501,6.26722322e-05,1
0.0078125,646,0.00510502746,0.00461551826,6.27914342e-05,1
0.0078125,647,0.00511345407,0.00462329201,6.2910658e-05,1
0.0078125,648,0.00512188021,0.00463106576,6.30300274e-05,1
0.0078125,649,0.00513030915,0.00463884277,6.31494404e-05,1
0.0078125,650,0.00513874087,0.00464662164,6.32689262e-05,1
0.0078125,651,0.0051471726,0.00465440191,6.33884702e-05,1
0.0078125,652,0.0051556062,0.00466218311,6.35081233e-05,1
0.0078125,653,0.00516404351,0.0046699685,6.36277764e-05,1
0.0078125,654,0.00517248269,0.00467775716,6.37476041e-05,1
0.0078125,655,0.00518092373,0.00468554581,6.38674537e-05,1
0.0078125,656,0.00518936384,0.00469333399,6.39873906e-05,1
0.0078125,657,0.00519780908,0.00470112823,6.41073711e-05,1
0.0078125,658,0.00520625291,0.00470892107,6.42274754e-05,1
0.0078125,659,0.0052147028,0.00471671997,6.43476305e-05,1
0.0078125,660,0.00522315223,0.00472451793,6.44678075e-05,1
0.0078125,661,0.00523160398,0.00473231962,6.45881228e-05,1
0.0078125,662,0.00524005666,0.00474012271,6.47085326e-05,1
0.0078125,663,0.00524851168,0.00474792626,6.48289642e-05,1
0.0078125,664,0.00525696808,0.00475573167,6.49494832e-05,1
0.0078125,665,0.00526542543,0.00476353941,6.50700458e-05,1
0.0078125,666,0.00527389208,0.00477135601,6.5190754e-05,1
0.0078125,667,0.00528235221,0.00477916515,6.53115058e-05,1
0.0078125,668,0.00529081747,0.00478698034,6.54323376e-05,1
0.0078125,669,0.00529928319,0.00479479646,6.55531985e-05,1
0.0078125,670,0.00530775124,0.00480261445,6.56741759e-05,1
0.0078125,671,0.00531622209,0.00481043663,6.57952187e-05,1
0.0078125,672,0.00532469433,0.00481825927,6.59163707e-05,1
0.0078125,673,0.0053331689,0.00482608471,6.60375445e-05,1
0.0078125,674,0.00534164486,0.00483391155,6.61588056e-05,1
0.0078125,675,0.00535012223,0.00484174071,6.6280154e-05,1
0.0078125,676,0.00535860378,0.0048495722,6.64016043e-05,1
0.0078125,677,0.00536708301,0.00485740323,6.65230546e-05,1
0.0078125,678,0.00537556782,0.00486523798,6.66446722e-05,1
0.0078125,679,0.0053840531,0.00487307506,6.67662825e-05,1
0.0078125,680,0.00539254118,0.0048809154,6.6888002e-05,1
0.0078125,681,0.00540102925,0.00488875527,6.70097579e-05,1
0.0078125,682,0.00540952059,0.00489659794,6.71316375e-05,1
0.0078125,683,0.00541801378,0.00490444293,6.72535898e-05,1
0.0078125,684,0.00542650837,0.00491228979,6.73756076e-05,1
0.0078125,685,0.00543500669,0.00492013991,6.74977055e-05,1
0.0078125,686,0.00544350641,0.00492799236,6.76199052e-05,1
0.0078125,687,0.00545200566,0.00493584387,6.77421704e-05,1
0.0078125,688,0.00546050863,0.00494369911,6.78644356e-05,1
0.0078125,689,0.00546901301,0.00495155528,6.79868535e-05,1
0.0078125,690,0.0054775211,0.00495941704,6.81093443e-05,1
0.0078125,691,0.00548602873,0.00496727694,6.82318932e-05,1
0.0078125,692,0.00549453823,0.00497513963,6.83544713e-05,1
0.0078125,693,0.00550305098,0.00498300605,6.84771585e-05,1
0.0078125,694,0.00551156327,0.00499087153,6.85999403e-05,1
0.0078125,695,0.00552008068,0.00499874167,6.87228094e-05,1
0.0078125,696,0.00552859483,0.00500660995,6.8845693e-05,1
0.0078125,697,0.00553711783,0.00501448568,6.89687222e-05,1
0.0078125,698,0.0055456413,0.00502236281,6.90918314e-05,1
0.0078125,699,0.00555416197,0.00503023807,6.92149551e-05,1
0.0078125,700,0.00556269055,0.00503811985,6.93382317e-05,1
0.0078125,701,0.00557121588,0.00504599931,6.946145e-05,1
0.0078125,702,0.00557974586,0.00505388388,6.95848357e-05,1
0.0078125,703,0.00558827911,0.00506177219,6.97083451e-05,1
0.0078125,704,0.00559680955,0.00506965583,6.98318108e-05,1
0.0078125,705,0.00560534233,0.00507754413,6.99554148e-05,1
0.0078125,706,0.00561388163,0.00508543802,7.00791206e-05,1
0.0078125,707,0.00562241767,0.00509332912,7.02028556e-05,1
0.0078125,708,0.00563096115,0.00510122813,7.03267069e-05,1
0.0078125,709,0.00563950324,0.00510912389,7.04506019e-05,1
0.0078125,710,0.00564804813,0.00511702336,7.0574577e-05,1
0.0078125,711,0.00565659488,0.00512492657,7.0698632e-05,1
0.0078125,712,0.00566513976,0.00513282698,7.08227381e-05,1
0.0078125,713,0.00567369163,0.00514073437,7.09469896e-05,1
0.0078125,714,0.00568224257,0.0051486413,7.10712411e-05,1
0.0078125,715,0.00569079956,0.00515655382,7.11956673e-05,1
0.0078125,716,0.00569935609,0.0051644668,7.13201007e-05,1
0.0078125,717,0.00570791354,0.00517237978,7.14445778e-05,1
0.0078125,718,0.00571647147,0.00518029276,7.15691567e-05,1
0.0078125,719,0.00572503591,0.00518821459,7.16938303e-05,1
0.0078125,720,0.00573359989,0.00519613503,7.18186202e-05,1
0.0078125,721,0.005742162,0.00520405406,7.19434101e-05,1
0.0078125,722,0.0057507311,0.00521198008,7.20683165e-05,1
0.0078125,723,0.00575930206,0.00521990657,7.21932811e-05,1
0.0078125,724,0.00576787256,0.00522783492,7.23183257e-05,1
0.0078125,725,0.00577644305,0.00523576327,7.24434067e-05,1
0.0078125,726,0.00578501495,0.00524369162,7.25686332e-05,1
0.0078125,727,0.0057935915,0.00525162602,7.26938742e-05,1
0.0078125,728,0.00580217596,0.00525956834,7.28192608e-05,1
0.0078125,729,0.00581075298,0.00526750227,7.29446474e-05,1
0.0078125,730,0.00581933698,0.00527544366,7.30701722e-05,1
0.0078125,731,0.00582792144,0.00528338691,7.31958062e-05,1
0.0078125,732,0.00583650777,0.00529133109,7.3321411e-05,1
0.0078125,733,0.00584509643,0.00529927714,7.34471687e-05,1
0.0078125,734,0.00585368695,0.00530722644,7.35729554e-05,1
0.0078125,735,0.0058622798,0.00531517575,7.36988586e-05,1
0.0078125,736,0.00587087357,0.00532312971,7.38248491e-05,1
0.0078125,737,0.00587946968,0.00533108413,7.39508541e-05,1
0.0078125,738,0.00588806579,0.00533903856,7.40769683e-05,1
0.0078125,739,0.00589666655,0.00534699857,7.4203148e-05,1
0.0078125,740,0.00590527011,0.00535496138,7.4329444e-05,1
0.0078125,741,0.00591387227,0.00536292186,7.44557838e-05,1
0.0078125,742,0.00592247583,0.0053708856,7.4582189e-05,1
0.0078125,743,0.0059310873,0.00537885539,7.47087033e-05,1
0.0078125,744,0.00593969505,0.00538682286,7.48353123e-05,1
0.0078125,745,0.0059483028,0.00539479125,7.49619503e-05,1
0.0078125,746,0.00595691893,0.00540276663,7.50886684e-05,1
0.0078125,747,0.00596553273,0.00541074015,7.52154665e-05,1
0.0078125,748,0.00597415026,0.00541871693,7.53423592e-05,1
0.0078125,749,0.00598276965,0.0054266965,7.54693756e-05,1
0.0078125,750,0.00599139137,0.00543467887,7.55963774e-05,1
0.0078125,751,0.00600001216,0.00544266077,7.5723452e-05,1
0.0078125,752,0.00600863667,0.00545064546,7.58506649e-05,1
0.0078125,753,0.00601726584,0.00545863528,7.59779723e-05,1
0.0078125,754,0.00602589501,0.00546662509,7.61053088e-05,1
0.0078125,755,0.00603452511,0.00547461538,7.62327254e-05,1
0.0078125,756,0.00604315801,0.00548260892,7.63602293e-05,1
0.0078125,757,0.00605178904,0.00549060246,7.64877841e-05,1
0.0078125,758,0.00606042938,0.00549860299,7.66154917e-05,1
0.0078125,759,0.00606906833,0.00550660351,7.67432139e-05,1
0.0078125,760,0.00607770449,0.00551460171,7.68710088e-05,1
0.0078125,761,0.00608634716,0.0055226055,7.69988983e-05,1
0.0078125,762,0.0060949903,0.00553061021,7.71268387e-05,1
0.0078125,763,0.0061036353,0.00553861726,7.72548592e-05,1
0.0078125,764,0.00611228216,0.00554662617,7.73829888e-05,1
0.0078125,765,0.00612093182,0.00555463787,7.75111766e-05,1
0.0078125,766,0.00612958288,0.00556265237,7.76394591e-05,1
0.0078125,767,0.00613823952,0.00557066966,7.77678433e-05,1
0.0078125,768,0.00614689616,0.00557868974,7.7896264e-05,1
0.0078125,769,0.00615555327,0.00558670936,7.8024801e-05,1
0.0078125,770,0.00616420992,0.00559472945,7.81533454e-05,1
0.0078125,771,0.00617287308,0.00560275558,7.8282028e-05,1
0.0078125,772,0.00618153811,0.00561078265,7.84107615e-05,1
0.0078125,773,0.0061902008,0.00561880833,7.85395896e-05,1
0.0078125,774,0.00619886536,0.00562683726,7.86684541e-05,1
0.0078125,775,0.00620753272,0.00563486759,7.87974132e-05,1
0.0078125,776,0.00621620566,0.00564290443,7.89264886e-05,1
0.0078125,777,0.00622487813,0.00565094082,7.90556369e-05,1
0.0078125,778,0.00623355573,0.00565898092,7.91848288e-05,1
0.0078125,779,0.0062422296,0.00566701964,7.93140789e-05,1
0.0078125,780,0.0062509086,0.00567506254,7.94435109e-05,1
0.0078125,781,0.00625958992,0.0056831073,7.95729211e-05,1
0.0078125,782,0.00626827171,0.00569115486,7.97025059e-05,1
0.0078125,783,0.00627695583,0.00569920288,7.98320543e-05,1
0.0078125,784,0.00628564041,0.00570725137,7.99616973e-05,1
0.0078125,785,0.00629433058,0.00571530592,8.00914713e-05,1
0.0078125,786,0.00630301889,0.00572336046,8.02212817e-05,1
0.0078125,787,0.00631171092,0.00573141687,8.0351223e-05,1
0.0078125,788,0.00632040435,0.00573947467,8.04812225e-05,1
0.0078125,789,0.00632910198,0.00574753853,8.06112439e-05,1
0.0078125,790,0.0063377996,0.00575560099,8.07413962e-05,1
0.0078125,791,0.00634649815,0.00576366484,8.08715922e-05,1
0.0078125,792,0.00635519857,0.00577173149,8.10018828e-05,1
0.0078125,793,0.00636390084,0.00577979954,8.11322971e-05,1
0.0078125,794,0.00637260964,0.00578787364,8.12627695e-05,1
0.0078125,795,0.00638131425,0.00579594541,8.13932784e-05,1
0.0078125,796,0.00639002444,0.00580402091,8.15239182e-05,1
0.0078125,797,0.00639873464,0.00581209688,8.1654558e-05,1
0.0078125,798,0.00640744762,0.00582017703,8.17853725e-05,1
0.0078125,799,0.00641616527,0.00582826044,8.19162306e-05,1
0.0078125,800,0.00642488152,0.00583634293,8.20471614e-05,1
0.0078125,801,0.00643359916,0.00584442727,8.21781068e-05,1
0.0078125,802,0.00644231867,0.00585251441,8.23091978e-05,1
0.0078125,803,0.00645104423,0.00586060574,8.24403905e-05,1
0.0078125,804,0.006459767,0.00586869614,8.25716488e-05,1
0.0078125,805,0.00646849163,0.0058767898,8.27029362e-05,1
0.0078125,806,0.00647722231,0.00588488765,8.28343327e-05,1
0.0078125,807,0.00648595253,0.0058929855,8.29657874e-05,1
0.0078125,808,0.00649468647,0.00590108614,8.3097344e-05,1
0.0078125,809,0.00650341623,0.00590918399,8.32289443e-05,1
0.0078125,810,0.00651215808,0.00591729349,8.33607046e-05,1
0.0078125,811,0.00652089296,0.00592539739,8.34924867e-05,1
0.0078125,812,0.00652963668,0.00593350921,8.36243853e-05,1
0.0078125,813,0.00653837714,0.00594161777,8.37563421e-05,1
0.0078125,814,0.00654712226,0.00594973098,8.38883789e-05,1
0.0078125,815,0.00655586738,0.00595784513,8.40204666e-05,1
0.0078125,816,0.00656461529,0.00596596068,8.41526416e-05,1
0.0078125,817,0.00657336554,0.00597408041,8.42849331e-05,1
0.0078125,818,0.00658211531,0.00598219922,8.44172391e-05,1
0.0078125,819,0.00659086695,0.00599031989,8.4549647e-05,1
0.0078125,820,0.00659962418,0.00599844567,8.46821858e-05,1
0.0078125,821,0.0066083842,0.00600657472,8.48147392e-05,1
0.0078125,822,0.00661714235,0.00601470284,8.49474163e-05,1
0.0078125,823,0.00662590051,0.00602283189,8.50801443e-05,1
0.0078125,824,0.00663466565,0.00603096606,8.52129961e-05,1
0.0078125,825,0.00664343219,0.00603910256,8.5345855e-05,1
0.0078125,826,0.00665220106,0.00604724139,8.54788814e-05,1
0.0078125,827,0.00666096807,0.00605537882,8.56119223e-05,1
0.0078125,828,0.0066697374,0.00606351951,8.5744985e-05,1
0.0078125,829,0.00667850999,0.0060716616,8.58782369e-05,1
0.0078125,830,0.00668728491,0.00607980695,8.6011547e-05,1
0.0078125,831,0.00669606356,0.00608795602,8.61449225e-05,1
0.0078125,832,0.00670484127,0.00609610416,8.62783272e-05,1
0.0078125,833,0.00671362178,0.00610425649,8.64119065e-05,1
0.0078125,834,0.00672240742,0.00611241255,8.65455368e-05,1
0.0078125,835,0.00673119072,0.00612056721,8.66792179e-05,1
0.0078125,836,0.00673997495,0.00612872327,8.68129937e-05,1
0.0078125,837,0.00674876431,0.00613688398,8.69467985e-05,1
0.0078125,838,0.00675755553,0.00614504702,8.7080778e-05,1
0.0078125,839,0.00676634861,0.00615321193,8.72147939e-05,1
0.0078125,840,0.00677514169,0.0061613759,8.73488607e-05,1
0.0078125,841,0.0067839385,0.00616954593,8.74830439e-05,1
0.0078125,842,0.00679273531,0.00617771456,8.76173071e-05,1
0.0078125,843,0.00680153584,0.00618588738,8.77516068e-05,1
0.0078125,844,0.00681033591,0.00619405881,8.78860155e-05,1
0.0078125,845,0.00681914203,0.00620223815,8.80204971e-05,1
0.0078125,846,0.00682794815,0.00621041656,8.81550877e-05,1
0.0078125,847,0.00683675706,0.00621859822,8.82897439e-05,1
0.0078125,848,0.00684556691,0.00622678129,8.84244946e-05,1
0.0078125,849,0.00685437396,0.00623496249,8.85592308e-05,1
0.0078125,850,0.00686319033,0.00624315068,8.86941634e-05,1
0.0078125,851,0.00687200809,0.00625134306,8.88291252e-05,1
0.0078125,852,0.00688082632,0.00625953451,8.89641815e-05,1
0.0078125,853,0.00688964408,0.00626772549,8.9099296e-05,1
0.0078125,854,0.00689846417,0.00627591973,8.92344906e-05,1
0.0078125,855,0.00690728938,0.00628411956,8.93698088e-05,1
0.0078125,856,0.00691611227,0.00629231567,8.95051198e-05,1
0.0078125,857,0.00692493934,0.00630051643,8.96405982e-05,1
0.0078125,858,0.00693377107,0.00630872371,8.97761493e-05,1
0.0078125,859,0.00694259955,0.00631692586,8.99117513e-05,1
0.0078125,860,0.00695143547,0.0063251364,9.00474261e-05,1
0.0078125,861,0.00696026953,0.00633334368,9.01832027e-05,1
0.0078125,862,0.00696910731,0.00634155702,9.03190521e-05,1
0.0078125,863,0.00697794743,0.00634977175,9.04550252e-05,1
0.0078125,864,0.00698678894,0.00635798881,9.05910274e-05,1
0.0078125,865,0.00699563185,0.00636620633,9.07270878e-05,1
0.0078125,866,0.00700447336,0.00637442386,9.08632501e-05,1
0.0078125,867,0.00701331999,0.00638264557,9.09995142e-05,1
0.0078125,868,0.00702216802,0.00639086962,9.11357929e-05,1
0.0078125,869,0.00703101885,0.00639909646,9.12722826e-05,1
0.0078125,870,0.00703987246,0.00640732562,9.14087796e-05,1
0.0078125,871,0.00704872608,0.00641555525,9.15453493e-05,1
0.0078125,872,0.00705758343,0.00642378815,9.16820063e-05,1
0.0078125,873,0.00706644263,0.00643202383,9.18186925e-05,1
0.0078125,874,0.00707530137,0.00644025952,9.19555678e-05,1
0.0078125,875,0.00708416151,0.00644849567,9.20924067e-05,1
0.0078125,876,0.00709303049,0.0064567402,9.22294275e-05,1
0.0078125,877,0.00710189622,0.0064649838,9.23664484e-05,1
0.0078125,878,0.00711076148,0.00647322694,9.25036293e-05,1
0.0078125,879,0.00711963605,0.00648147846,9.26408538e-05,1
0.0078125,880,0.00712850457,0.00648972346,9.27781221e-05,1
0.0078125,881,0.00713737868,0.00649797451,9.29155358e-05,1
0.0078125,882,0.00714625604,0.00650623022,9.30530077e-05,1
0.0078125,883,0.00715513108,0.00651448267,9.31905452e-05,1
0.0078125,884,0.00716401264,0.0065227421,9.33281408e-05,1
0.0078125,885,0.00717289513,0.00653100247,9.34658674e-05,1
0.0078125,886,0.00718178041,0.00653926516,9.36036522e-05,1
0.0078125,887,0.00719066756,0.00654753065,9.37415462e-05,1
0.0078125,888,0.00719955331,0.00655579474,9.38795056e-05,1
0.0078125,889,0.00720844185,0.00656406116,9.40174723e-05,1
0.0078125,890,0.00721733039,0.00657232851,9.41556136e-05,1
0.0078125,891,0.00722622685,0.00658060331,9.42938568e-05,1
0.0078125,892,0.00723512284,0.00658887951,9.44320782e-05,1
0.0078125,893,0.00724401837,0.00659715431,9.45704378e-05,1
0.0078125,894,0.00725292088,0.0066054347,9.47089138e-05,1
0.0078125,895,0.00726182014,0.00661371369,9.48474117e-05,1
0.0078125,896,0.00727072265,0.00662199594,9.49859823e-05,1
0.0078125,897,0.00727962889,0.00663028145,9.51247057e-05,1
0.0078125,898,0.00728853466,0.0066385651,9.52634509e-05,1
0.0078125,899,0.00729744416,0.00664685667,9.54022544e-05,1
0.0078125,900,0.00730635226,0.00665514497,9.55412033e-05,1
0.0078125,901,0.007315272,0.00666344352,9.56802323e-05,1
0.0078125,902,0.00732418429,0.00667173648,9.58193705e-05,1
0.0078125,903,0.00733309751,0.00668002944,9.59584504e-05,1
0.0078125,904,0.00734201912,0.00668833125,9.60977486e-05,1
0.0078125,905,0.00735093653,0.00669663027,9.6237025e-05,1
0.0078125,906,0.00735986046,0.00670493487,9.63764469e-05,1
0.0078125,907,0.00736878673,0.00671324134,9.65159634e-05,1
0.0078125,908,0.00737771671,0.00672155293,9.66555817e-05,1
0.0078125,909,0.00738664437,0.00672986079,9.6795251e-05,1
0.0078125,910,0.00739557389,0.00673817284,9.69349712e-05,1
0.0078125,911,0.00740450574,0.0067464863,9.70747715e-05,1
0.0078125,912,0.00741343852,0.00675480021,9.72146881e-05,1
0.0078125,913,0.00742237829,0.00676312158,9.7354663e-05,1
0.0078125,914,0.00743131619,0.00677144108,9.74947179e-05,1
0.0078125,915,0.00744025502,0.00677976198,9.76349111e-05,1
0.0078125,916,0.00744919805,0.00678808615,9.77750969e-05,1
0.0078125,917,0.0074581434,0.00679641403,9.79154283e-05,1
0.0078125,918,0.00746708689,0.00680474052,9.80558762e-05,1
0.0078125,919,0.00747603644,0.00681307213,9.8196324e-05,1
0.0078125,920,0.00748498598,0.00682140468,9.83368591e-05,1
0.0078125,921,0.00749394111,0.00682974234,9.84775106e-05,1
0.0078125,922,0.00750289112,0.00683807628,9.86182276e-05,1
0.0078125,923,0.00751185184,0.00684641814,9.87590392e-05,1
0.0078125,924,0.00752080698,0.00685475627,9.889996e-05,1
0.0078125,925,0.00752976909,0.00686310371,9.90409608e-05,1
0.0078125,926,0.00753873028,0.00687144697,9.91819616e-05,1
0.0078125,927,0.00754769379,0.00687979581,9.93231079e-05,1
0.0078125,928,0.00755666196,0.00688814605,9.94643997e-05,1
0.0078125,929,0.00756562874,0.00689649628,9.96056187e-05,1
0.0078125,930,0.00757459784,0.00690485071,9.9747027e-05,1
0.0078125,931,0.00758356834,0.00691320468,9.98884716e-05,1
0.0078125,932,0.00759254675,0.00692156656,0.000100030069,1
0.0078125,933,0.00760152144,0.00692992657,0.000100171717,1
0.0078125,934,0.0076104966,0.00693828752,0.000100313402,1
0.0078125,935,0.00761947874,0.00694665313,0.000100455203,1
0.0078125,936,0.00762846041,0.0069550206,0.000100597077,1
0.0078125,937,0.00763744256,0.00696338713,0.000100739053,1
0.0078125,938,0.00764642702,0.00697175646,0.00010088108,1
0.0078125,939,0.00765541755,0.00698013138,0.000101023252,1
0.0078125,940,0.00766440434,0.00698850444,0.000101165424,1
0.0078125,941,0.00767339393,0.00699688122,0.000101307734,1
0.0078125,942,0.00768239098,0.00700526172,0.000101450118,1
0.0078125,943,0.00769138616,0.00701364456,0.000101592595,1
0.0078125,944,0.00770038413,0.00702202739,0.000101735117,1
0.0078125,945,0.00770938164,0.00703040976,0.000101877704,1
0.0078125,946,0.00771838753,0.00703880191,0.000102020429,1
0.0078125,947,0.00772738643,0.00704718754,0.000102163234,1
0.0078125,948,0.00773639232,0.00705558062,0.000102306076,1
0.0078125,949,0.00774540193,0.00706397602,0.000102449092,1
0.0078125,950,0.00775441015,0.0070723719,0.00010259213,1
0.0078125,951,0.00776342023,0.0070807687,0.000102735205,1
0.0078125,952,0.00777243311,0.0070891683,0.000102878461,1
0.0078125,953,0.00778144319,0.00709756743,0.000103021724,1
0.0078125,954,0.00779046165,0.00710597076,0.000103165075,1
0.0078125,955,0.00779948477,0.00711438246,0.000103308528,1
0.0078125,956,0.00780850695,0.00712279137,0.00010345209,1
0.0078125,957,0.00781752914,0.00713120122,0.000103595732,1
0.0078125,958,0.00782655738,0.00713961851,0.000103739418,1
0.0078125,959,0.00783558004,0.00714802789,0.000103883234,1
0.0078125,960,0.00784460828,0.00715644564,0.000104027058,1
0.0078125,961,0.00785364024,0.00716486573,0.000104171064,1
0.0078125,962,0.00786267128,0.00717328582,0.000104315077,1
0.0078125,963,0.00787170138,0.00718170404,0.00010445917,1
0.0078125,964,0.00788073894,0.00719012925,0.000104603394,1
0.0078125,965,0.00788978394,0.00719856331,0.000104747669,1
0.0078125,966,0.0078988215,0.00720699085,0.000104892039,1
0.0078125,967,0.00790786929,0.00721542677,0.000105036532,1
0.0078125,968,0.00791690685,0.00722385338,0.00010518109,1
0.0078125,969,0.00792595372,0.0072322893,0.000105325656,1
0.0078125,970,0.00793500338,0.00724072848,0.000105470397,1
0.0078125,971,0.00794405863,0.00724917371,0.000105615152,1
0.0078125,972,0.00795310922,0.00725761475,0.000105760104,1
0.0078125,973,0.00796215981,0.00726605626,0.000105904968,1
0.0078125,974,0.00797122065,0.00727450568,0.00010605008,1
0.0078125,975,0.0079802759,0.00728295185,0.000106195177,1
0.0078125,976,0.00798933487,0.00729140174,0.000106340325,1
0.0078125,977,0.00799839571,0.00729985395,0.000106485662,1
0.0078125,978,0.00800746214,0.00730831083,0.000106631087,1
0.0078125,979,0.00801653415,0.00731677236,0.000106776533,1
0.0078125,980,0.00802559964,0.0073252297,0.000106922082,1
0.0078125,981,0.00803466886,0.0073336903,0.000107067681,1
0.0078125,982,0.00804374553,0.00734215742,0.000107213491,1
0.0078125,983,0.00805281661,0.00735062035,0.00010735925,1
0.0078125,984,0.00806189142,0.00735908607,0.000107505119,1
0.0078125,985,0.00807096995,0.00736755505,0.00010765106,1
0.0078125,986,0.00808004756,0.00737602776,0.000107797052,1
0.0078125,987,0.00808913168,0.0073845014,0.000107943284,1
0.0078125,988,0.00809821486,0.00739297736,0.00010808948,1
0.0078125,989,0.00810730271,0.00740145938,0.000108235748,1
0.0078125,990,0.00811639428,0.00740994141,0.000108382163,1
0.0078125,991,0.00812548213,0.00741842389,0.000108528599,1
0.0078125,992,0.00813457184,0.00742690498,0.000108675173,1
0.0078125,993,0.00814366527,0.00743539212,0.000108821798,1
0.0078125,994,0.00815276522,0.00744388392,0.000108968605,1
0.0078125,995,0.00816186424,0.00745237526,0.000109115455,1
0.0078125,996,0.00817096047,0.00746086519,0.000109262277,1
0.0078125,997,0.00818006415,0.00746936304,0.000109409179,1
0.0078125,998,0.00818916596,0.00747785857,0.000109556306,1
0.0078125,999,0.0081982743,0.00748635968,0.000109703433,1
0.0078125,1000,0.00820737891,0.00749485753,0.000109850684,1
0.0078125,1001,0.00821648911,0.00750336144,0.000109997971,1
0.0078125,1002,0.00822560024,0.00751186674,0.000110145374,1
0.0078125,1003,0.00823471695,0.00752037857,0.000110292931,1
0.0078125,1004,0.0082438346,0.00752888899,0.000110440451,1
0.0078125,1005,0.00825295039,0.00753740035,0.000110588138,1
0.0078125,1006,0.00826207455,0.00754591776,0.000110735935,1
0.0078125,1007,0.00827119593,0.00755443424,0.000110883666,1
0.0078125,1008,0.00828032009,0.00756295491,0.000111031601,1
0.0078125,1009,0.0082894396,0.00757146766,0.000111179565,1
0.0078125,1010,0.00829856563,0.00757999253,0.000111327645,1
0.0078125,1011,0.00830769911,0.00758851971,0.000111475907,1
0.0078125,1012,0.00831682794,0.00759704364,0.000111624067,1
0.0078125,1013,0.00832596235,0.00760557316,0.00011177238,1
0.0078125,1014,0.00833509862,0.00761410594,0.000111920803,1
0.0078125,1015,0.00834424049,0.00762264384,0.000112069363,1
0.0078125,1016,0.00835337676,0.00763117569,0.000112217931,1
0.0078125,1017,0.00836251862,0.00763971359,0.000112366644,1
0.0078125,1018,0.00837166514,0.00764825614,0.000112515409,1
0.0078125,1019,0.00838080887,0.00765679684,0.000112664187,1
0.0078125,1020,0.00838995818,0.00766534405,0.000112813192,1
0.0078125,1021,0.00839910842,0.00767388986,0.000112962174,1
0.0078125,1022,0.00840825867,0.00768243801,0.000113111259,1
0.0078125,1023,0.00841741171,0.00769098802,0.000113260525,1
0.00390625,0,4.53995381e-05,0,0,1
0.00390625,1,5.26584408e-05,6.54039695e-06,7.70013244e-08,1
0.00390625,2,5.99190789e-05,1.30826102e-05,1.54059961e-07,1
0.00390625,3,6.71814196e-05,1.96266228e-05,2.31175946e-07,1
0.00390625,4,7.44455028e-05,2.6172449e-05,3.08349399e-07,1
0.00390625,5,8.17112668e-05,3.27200796e-05,3.85580591e-07,1
0.00390625,6,8.89788716e-05,3.92695474e-05,4.62869366e-07,1
0.00390625,7,9.62480844e-05,4.58208124e-05,5.40214842e-07,1
0.00390625,8,0.000103518978,5.23738563e-05,6.17618184e-07,1
0.00390625,9,0.000110791741,5.89287629e-05,6.95079279e-07,1
0.00390625,10,0.000118066164,6.54854302e-05,7.72597616e-07,1
0.00390625,11,0.000125342354,7.20439639e-05,8.50173421e-07,1
0.00390625,12,0.000132620233,7.86042365e-05,9.27806866e-07,1
0.00390625,13,0.000139899872,8.51664372e-05,1.00549823e-06,1
0.00390625,14,0.000147181141,9.17303187e-05,1.08324639e-06,1
0.00390625,15,0.000154464258,9.82961064e-05,1.16105321e-06,1
0.00390625,16,0.000161748918,0.000104863597,1.23891675e-06,1
0.00390625,17,0.000169035557,0.000111433073,1.31683919e-06,1
0.00390625,18,0.00017632368,0.000118004158,1.39481801e-06,1
0.00390625,19,0.000183613854,0.000124577302,1.47285652e-06,1
0.00390625,20,0.000190905412,0.000131152017,1.55094938e-06,1
0.00390625,21,0.000198198817,0.000137728639,1.62910419e-06,1
0.00390625,22,0.000205494085,0.000144307225,1.70731471e-06,1
0.00390625,23,0.000212790954,0.000150887427,1.78558389e-06,1
0.00390625,24,0.00022008954,0.000157469462,1.8639106e-06,1
0.00390625,25,0.000227390003,0.000164053519,1.94229301e-06,1
0.00390625,26,0.000234692052,0.000170639149,2.02073738e-06,1
0.00390625,27,0.000241995833,0.000177226713,2.09923496e-06,1
0.00390625,28,0.000249301374,0.000183815981,2.17779416e-06,1
0.00390625,29,0.000256608502,0.000190407023,2.25641134e-06,1
0.00390625,30,0.00026391758,0.000197000074,2.3350849e-06,1
0.00390625,31,0.000271228346,0.000203594944,2.41381736e-06,1
0.00390625,32,0.000278540916,0.000210191603,2.49260847e-06,1
0.00390625,33,0.000285854971,0.000216789849,2.57145621e-06,1
0.00390625,34,0.000293171004,0.000223390263,2.65036442e-06,1
0.00390625,35,0.000300488609,0.000229992205,2.72932584e-06,1
0.00390625,36,0.000307808194,0.00023659633,2.80835025e-06,1
0.00390625,37,0.000315129088,0.000243201866,2.88743013e-06,1
0.00390625,38,0.000322452106,0.000249809498,2.96656731e-06,1
0.00390625,39,0.000329776754,0.000256418949,3.04576633e-06,1
0.00390625,40,0.000337102829,0.000263029855,3.12502243e-06,1
0.00390625,41,0.00034443094,0.000269642886,3.20433946e-06,1
0.00390625,42,0.000351760595,0.000276257546,3.2837097e-06,1
0.00390625,43,0.000359092286,0.000282874331,3.36313929e-06,1
0.00390625,44,0.000366425636,0.000289492833,3.44263026e-06,1
0.00390625,45,0.000373760558,0.000296113081,3.52217876e-06,1
0.00390625,46,0.000381097168,0.000302734989,3.60178069e-06,1
0.00390625,47,0.00038843567,0.000309358991,3.68144492e-06,1
0.00390625,48,0.000395776093,0.000315984857,3.76116827e-06,1
0.00390625,49,0.000403117912,0.000322612323,3.84094892e-06,1
0.00390625,50,0.000410461827,0.000329242001,3.92078891e-06,1
0.00390625,51,0.000417806878,0.000335872814,4.00068711e-06,1
0.00390625,52,0.000425154285,0.0003425061,4.08064125e-06,1
0.00390625,53,0.000432503031,0.000349140988,4.16065541e-06,1
0.00390625,54,0.000439853844,0.000355777564,4.24073187e-06,1
0.00390625,55,0.000447206141,0.000362416118,4.32086154e-06,1
0.00390625,56,0.000454560184,0.00036905639,4.40105578e-06,1
0.00390625,57,0.000461916061,0.000375698641,4.48130322e-06,1
0.00390625,58,0.000469273742,0.000382342696,4.56161297e-06,1
0.00390625,59,0.000476633053,0.000388988439,4.6419791e-06,1
0.00390625,60,0.000483994139,0.000395636132,4.72240708e-06,1
0.00390625,61,0.000491356768,0.000402285543,4.80288872e-06,1
0.00390625,62,0.000498721143,0.000408936699,4.88343176e-06,1
0.00390625,63,0.000506087556,0.000415589864,4.96403209e-06,1
0.00390625,64,0.000513456005,0.000422245153,5.04469517e-06,1
0.00390625,65,0.000520825211,0.000428901432,5.12541328e-06,1
0.00390625,66,0.000528196921,0.000435560301,5.20619233e-06,1
0.00390625,67,0.000535570434,0.000442221004,5.28702822e-06,1
0.00390625,68,0.000542945054,0.000448882842,5.36792504e-06,1
0.00390625,69,0.000550321827,0.000455547037,5.44887871e-06,1
0.00390625,70,0.000557700288,0.000462212978,5.52989513e-06,1
0.00390625,71,0.000565080612,0.000468880869,5.61096931e-06,1
0.00390625,72,0.00057246245,0.000475550332,5.69210351e-06,1
0.00390625,73,0.000579846266,0.000482221832,5.77329092e-06,1
0.00390625,74,0.000587231538,0.000488894875,5.85454154e-06,1
0.00390625,75,0.000594618614,0.000495569897,5.93584946e-06,1
0.00390625,76,0.000602007669,0.000502246956,6.01722195e-06,1
0.00390625,77,0.000609398296,0.000508925703,6.09864765e-06,1
0.00390625,78,0.000616790669,0.000515606254,6.18013382e-06,1
0.00390625,79,0.000624184555,0.000522288436,6.26167821e-06,1
0.00390625,80,0.000631580479,0.000528972712,6.34328353e-06,1
0.00390625,81,0.000638978148,0.000535658677,6.42494751e-06,1
0.00390625,82,0.000646377623,0.000542346679,6.50667471e-06,1
0.00390625,83,0.000653778785,0.000549036602,6.58845966e-06,1
0.00390625,84,0.000661181868,0.000555728388,6.67029508e-06,1
0.00390625,85,0.00066858629,0.000562421628,6.75220463e-06,1
0.00390625,86,0.0006759924,0.000569116557,6.83415874e-06,1
0.00390625,87,0.000683400664,0.000575813639,6.91617879e-06,1
0.00390625,88,0.000690810557,0.000582512701,6.99826069e-06,1
0.00390625,89,0.000698222138,0.000589213392,7.08039852e-06,1
0.00390625,90,0.000705635408,0.000595915946,7.16259501e-06,1
0.00390625,91,0.000713050249,0.000602620014,7.24485562e-06,1
0.00390625,92,0.000720466953,0.000609326351,7.32717081e-06,1
0.00390625,93,0.000727885636,0.000616034435,7.40955011e-06,1
0.00390625,94,0.000735306006,0.000622744323,7.49198853e-06,1
0.00390625,95,0.000742728356,0.000629456481,7.57448333e-06,1
0.00390625,96,0.000750152045,0.000636169978,7.65703862e-06,1
0.00390625,97,0.00075757748,0.000642885105,7.73965257e-06,1
0.00390625,98,0.000765004894,0.000649602327,7.82232746e-06,1
0.00390625,99,0.000772433705,0.00065632147,7.90506238e-06,1
0.00390625,100,0.000779864728,0.000663042476,7.98785732e-06,1
0.00390625,101,0.000787296914,0.000669764879,8.07071228e-06,1
0.00390625,102,0.00079473143,0.000676489843,8.15362091e-06,1
0.00390625,103,0.000802167517,0.000683216203,8.23659775e-06,1
0.00390625,104,0.000809604942,0.000689944194,8.31962461e-06,1
0.00390625,105,0.000817045104,0.000696674921,8.4027206e-06,1
0.00390625,106,0.000824486604,0.000703407044,8.48587388e-06,1
0.00390625,107,0.000831929268,0.000710140564,8.5690881e-06,1
0.00390625,108,0.000839374203,0.000716876355,8.65235961e-06,1
0.00390625,109,0.000846820709,0.000723613775,8.73569024e-06,1
0.00390625,110,0.000854268961,0.000730353117,8.81908363e-06,1
0.00390625,111,0.000861719134,0.000737094495,8.9025325e-06,1
0.00390625,112,0.00086917117,0.000743837503,8.98605413e-06,1
0.00390625,113,0.000876624952,0.000750582549,9.06962214e-06,1
0.00390625,114,0.000884079782,0.000757328817,9.15325563e-06,1
0.00390625,115,0.000891536765,0.000764077646,9.23694643e-06,1
0.00390625,116,0.000898995611,0.000770827755,9.32069452e-06,1
0.00390625,117,0.000906455971,0.00077757996,9.40451355e-06,1
0.00390625,118,0.000913918309,0.000784334028,9.48838351e-06,1
0.00390625,119,0.000921382278,0.000791089667,9.57231896e-06,1
0.00390625,120,0.000928847876,0.000797847286,9.65630443e-06,1
0.00390625,121,0.000936315919,0.000804607291,9.74035811e-06,1
0.00390625,122,0.000943785708,0.000811369217,9.82447455e-06,1
0.00390625,123,0.000951256661,0.000818132306,9.9086501e-06,1
0.00390625,124,0.000958729477,0.000824897434,9.99288113e-06,1
0.00390625,125,0.000966203806,0.000831664307,1.00771804e-05,1
0.00390625,126,0.000973681104,0.000838433625,1.01615378e-05,1
0.00390625,127,0.000981158111,0.000845203584,1.02459444e-05,1
0.00390625,128,0.000988638029,0.000851976161,1.03304183e-05,1
0.00390625,129,0.000996119925,0.000858750776,1.04149485e-05,1
0.00390625,130,0.00100360252,0.000865526497,1.04995543e-05,1
0.00390625,131,0.00101108756,0.000872304488,1.05842064e-05,1
0.00390625,132,0.00101857539,0.000879084982,1.06689267e-05,1
0.00390625,133,0.00102606311,0.000885865767,1.07536989e-05,1
0.00390625,134,0.00103355455,0.000892650511,1.08385393e-05,1
0.00390625,135,0.00104104599,0.000899435428,1.09234279e-05,1
0.00390625,136,0.00104854058,0.000906223315,1.10083893e-05,1
0.00390625,137,0.0010560361,0.000913012016,1.10934179e-05,1
0.00390625,138,0.00106353289,0.000919802813,1.11784966e-05,1
0.00390625,139,0.00107103214,0.000926596113,1.12636353e-05,1
0.00390625,140,0.00107853371,0.000933391217,1.13488331e-05,1
0.00390625,141,0.00108603667,0.000940187776,1.14340983e-05,1
0.00390625,142,0.00109354057,0.000946985965,1.15194216e-05,1
0.00390625,143,0.00110104692,0.000953786075,1.16048077e-05,1
0.00390625,144,0.00110855536,0.000960588513,1.16902502e-05,1
0.00390625,145,0.00111606449,0.000967392058,1.17757581e-05,1
0.00390625,146,0.00112357619,0.000974197988,1.18613216e-05,1
0.00390625,147,0.00113108905,0.000981005374,1.19469441e-05,1
0.00390625,148,0.00113860413,0.000987814856,1.20326304e-05,1
0.00390625,149,0.00114612048,0.000994625967,1.21183848e-05,1
0.00390625,150,0.0011536394,0.00100143964,1.22041893e-05,1
0.00390625,151,0.00116115983,0.00100825459,1.22900619e-05,1
0.00390625,152,0.00116868212,0.00101507164,1.23759792e-05,1
0.00390625,153,0.00117620581,0.00102189032,1.24619828e-05,1
0.00390625,154,0.00118373137,0.00102871109,1.25480346e-05,1
0.00390625,155,0.00119125855,0.00103553361,1.26341474e-05,1
0.00390625,156,0.00119878794,0.00104235788,1.27203175e-05,1
0.00390625,157,0.00120631838,0.00104918389,1.28065658e-05,1
0.00390625,158,0.00121385138,0.00105601235,1.28928596e-05,1
0.00390625,159,0.00122138613,0.00106284244,1.2979217e-05,1
0.00390625,160,0.0012289217,0.0010696738,1.30656335e-05,1
0.00390625,161,0.00123645994,0.00107650785,1.31521174e-05,1
0.00390625,162,0.00124399923,0.00108334294,1.32386549e-05,1
0.00390625,163,0.00125154096,0.00109018048,1.33252652e-05,1
0.00390625,164,0.00125908444,0.00109701999,1.34119282e-05,1
0.00390625,165,0.00126662978,0.00110386091,1.34986512e-05,1
0.00390625,166,0.00127417548,0.00111070334,1.35854252e-05,1
0.00390625,167,0.00128172501,0.00111754891,1.36722902e-05,1
0.00390625,168,0.00128927513,0.00112439541,1.37591906e-05,1
0.00390625,169,0.00129682687,0.00113124354,1.38461619e-05,1
0.00390625,170,0.00130438129,0.00113809446,1.39331878e-05,1
0.00390625,171,0.00131193583,0.00114494609,1.40202856e-05,1
0.00390625,172,0.00131949363,0.00115180039,1.41074379e-05,1
0.00390625,173,0.00132705248,0.00115865597,1.41946666e-05,1
0.00390625,174,0.00133461377,0.00116551423,1.42819426e-05,1
0.00390625,175,0.00134217588,0.00117237319,1.43692823e-05,1
0.00390625,176,0.00134974078,0.00117923517,1.44566848e-05,1
0.00390625,177,0.00135730731,0.0011860989,1.45441472e-05,1
0.00390625,178,0.00136487524,0.00119296403,1.46316706e-05,1
0.00390625,179,0.00137244433,0.00119983079,1.47192522e-05,1
0.00390625,180,0.00138001749,0.00120670139,1.48069093e-05,1
0.00390625,181,0.00138758845,0.00121356989,1.4894611e-05,1
0.00390625,182,0.00139516417,0.00122044329,1.49823763e-05,1
0.00390625,183,0.00140274048,0.00122731761,1.50702044e-05,1
0.00390625,184,0.00141032017,0.00123419496,1.51581053e-05,1
0.00390625,185,0.00141790009,0.00124107278,1.52460607e-05,1
0.00390625,186,0.00142548245,0.00124795281,1.53340807e-05,1
0.00390625,187,0.00143306621,0.0012548354,1.54221616e-05,1
0.00390625,188,0.00144065218,0.00126171939,1.55103044e-05,1
0.00390625,189,0.00144823885,0.00126860442,1.55984999e-05,1
0.00390625,190,0.0014558282,0.00127549248,1.56867682e-05,1
0.00390625,191,0.00146341929,0.00128238194,1.5775091e-05,1
0.00390625,192,0.0014710119,0.0012892728,1.58634921e-05,1
0.00390625,193,0.00147860625,0.00129616621,1.59519368e-05,1
0.00390625,194,0.00148620224,0.00130306091,1.6040447e-05,1
0.00390625,195,0.00149379985,0.0013099577,1.61289991e-05,1
0.00390625,196,0.00150139979,0.00131685648,1.62176584e-05,1
0.00390625,197,0.00150900218,0.00132375769,1.63063614e-05,1
0.00390625,198,0.00151660596,0.00133066077,1.63951081e-05,1
0.00390625,199,0.00152421067,0.00133756455,1.64839494e-05,1
0.00390625,200,0.00153181807,0.00134447147,1.65728397e-05,1
0.00390625,201,0.00153942558,0.00135137839,1.6661772e-05,1
0.00390625,202,0.00154703669,0.00135828904,1.67507878e-05,1
0.00390625,203,0.00155465002,0.00136520236,1.68398619e-05,1
0.00390625,204,0.00156226254,0.00137211464,1.69289851e-05,1
0.00390625,205,0.00156987843,0.00137903029,1.70181884e-05,1
0.00390625,206,0.00157749734,0.00138594909,1.71074425e-05,1
0.00390625,207,0.00158511545,0.00139286742,1.71967677e-05,1
0.00390625,208,0.00159273739,0.00139978912,1.72861492e-05,1
0.00390625,209,0.00160035945,0.00140671164,1.73755852e-05,1
0.00390625,210,0.00160798489,0.00141363754,1.74650995e-05,1
0.00390625,211,0.00161561137,0.00142056472,1.7554672e-05,1
0.00390625,212,0.00162323925,0.00142749283,1.76443227e-05,1
0.00390625,213,0.00163086818,0.00143442268,1.7733988e-05,1
0.00390625,214,0.00163850014,0.00144135498,1.7823746e-05,1
0.00390625,215,0.001646135,0.00144829042,1.7913575e-05,1
0.00390625,216,0.00165376987,0.00145522598,1.80034604e-05,1
0.00390625,217,0.00166140602,0.00146216375,1.8093413e-05,1
0.00390625,218,0.00166904612,0.00146910467,1.81834184e-05,1
0.00390625,219,0.00167668611,0.00147604605,1.8273493e-05,1
0.00390625,220,0.00168432877,0.00148298976,1.83636184e-05,1
0.00390625,221,0.00169197202,0.00148993428,1.84538094e-05,1
0.00390625,222,0.0016996183,0.00149688229,1.85440676e-05,1
0.00390625,223,0.00170726713,0.00150383287,1.86343859e-05,1
0.00390625,224,0.0017149155,0.00151078287,1.87247733e-05,1
0.00390625,225,0.00172256713,0.00151773589,1.88152208e-05,1
0.00390625,226,0.00173022109,0.00152469182,1.89057355e-05,1
0.00390625,227,0.0017378754,0.00153164822,1.89963102e-05,1
0.00390625,228,0.00174553285,0.00153860776,1.90869468e-05,1
0.00390625,229,0.00175319077,0.00154556788,1.91776471e-05,1
0.00390625,230,0.00176085089,0.00155253022,1.92684092e-05,1
0.00390625,231,0.00176851242,0.0015594943,1.93592132e-05,1
0.00390625,232,0.00177617685,0.00156646082,1.94501172e-05,1
0.00390625,233,0.00178384187,0.00157342874,1.95410594e-05,1
0.00390625,234,0.00179151015,0.00158039946,1.96320761e-05,1
0.00390625,235,0.00179917994,0.00158737169,1.97231584e-05,1
0.00390625,236,0.00180684822,0.00159434322,1.98142825e-05,1
0.00390625,237,0.0018145236,0.00160132127,1.99054812e-05,1
0.00390625,238,0.0018221963,0.00160829711,1.99967362e-05,1
0.00390625,239,0.00182987377,0.00161527772,2.00880804e-05,1
0.00390625,240,0.00183755043,0.00162225799,2.01794792e-05,1
0.00390625,241,0.00184523058,0.00162924128,2.02709034e-05,1
0.00390625,242,0.00185291225,0.00163622608,2.03624404e-05,1
0.00390625,243,0.00186059589,0.00164321356,2.04540211e-05,1
0.00390625,244,0.00186828058,0.00165020162,2.05456581e-05,1
0.00390625,245,0.00187596853,0.00165719318,2.06373679e-05,1
0.00390625,246,0.00188365672,0.00166418543,2.07291396e-05,1
0.00390625,247,0.00189134642,0.0016711792,2.08209658e-05,1
0.00390625,248,0.00189903763,0.00167817471,2.09128575e-05,1
0.00390625,249,0.00190673315,0.00168517372,2.10048183e-05,1
0.00390625,250,0.00191442994,0.00169217493,2.10968519e-05,1
0.00390625,251,0.00192212709,0.00169917627,2.11889346e-05,1
0.00390625,252,0.00192982669,0.00170618063,2.12810774e-05,1
0.00390625,253,0.00193752744,0.0017131865,2.13733019e-05,1
0.00390625,254,0.00194523099,0.00172019389,2.1465572e-05,1
0.00390625,255,0.00195293536,0.00172720291,2.15579275e-05,1
0.00390625,256,0.00196064264,0.00173421472,2.16503195e-05,1
0.00390625,257,0.00196835096,0.00174122816,2.17427896e-05,1
0.00390625,258,0.00197606045,0.00174824276,2.18353107e-05,1
0.00390625,259,0.00198377273,0.00175526005,2.19279063e-05,1
0.00390625,260,0.00199148688,0.00176227919,2.20205675e-05,1
0.00390625,261,0.00199920149,0.00176929939,2.21132832e-05,1
0.00390625,262,0.00200691982,0.00177632284,2.2206068e-05,1
0.00390625,263,0.00201464002,0.00178334804,2.22989402e-05,1
0.00390625,264,0.00202235975,0.00179037394,2.23918505e-05,1
0.00390625,265,0.00203008228,0.00179740193,2.24848172e-05,1
0.00390625,266,0.0020378062,0.00180443213,2.25778422e-05,1
0.00390625,267,0.00204553409,0.00181146571,2.26709581e-05,1
0.00390625,268,0.0020532615,0.00181849895,2.27641285e-05,1
0.00390625,269,0.00206099148,0.00182553486,2.2857379e-05,1
0.00390625,270,0.00206872239,0.00183257204,2.29506768e-05,1
0.00390625,271,0.00207645632,0.00183961261,2.30440237e-05,1
0.00390625,272,0.00208419282,0.00184665481,2.31374543e-05,1
0.00390625,273,0.00209192839,0.00185369758,2.32309358e-05,1
0.00390625,274,0.00209966698,0.00186074222,2.332449e-05,1
0.00390625,275,0.00210740813,0.00186779024,2.34181298e-05,1
0.00390625,276,0.00211515068,0.0018748393,2.35117986e-05,1
0.00390625,277,0.0021228944,0.00188188988,2.36055112e-05,1
0.00390625,278,0.00213063951,0.00188894232,2.36993346e-05,1
0.00390625,279,0.00213838974,0.00189599977,2.37932072e-05,1
0.00390625,280,0.00214613765,0.00190305477,2.38871398e-05,1
0.00390625,281,0.00215388881,0.00191011373,2.39811361e-05,1
0.00390625,282,0.00216164254,0.00191717444,2.4075207e-05,1
0.00390625,283,0.00216939789,0.00192423724,2.41693469e-05,1
0.00390625,284,0.00217715418,0.00193130085,2.42635288e-05,1
0.00390625,285,0.00218491373,0.00193836819,2.43577997e-05,1
0.00390625,286,0.00219267397,0.001945436,2.44521107e-05,1
0.00390625,287,0.00220043561,0.0019525052,2.45465126e-05,1
0.00390625,288,0.00220820028,0.00195957813,2.46409454e-05,1
0.00390625,289,0.00221596472,0.0019666513,2.47354637e-05,1
0.00390625,290,0.00222373311,0.00197372749,2.48300203e-05,1
0.00390625,291,0.00223150314,0.00198080507,2.49246878e-05,1
0.00390625,292,0.0022392713,0.00198788219,2.50193752e-05,1
0.00390625,293,0.00224704552,0.0019949649,2.51141537e-05,1
0.00390625,294,0.00225482136,0.002002049,2.52090067e-05,1
0.00390625,295,0.00226259767,0.00200913427,2.5303907e-05,1
0.00390625,296,0.00227037561,0.00201622047,2.53988856e-05,1
0.00390625,297,0.00227815541,0.00202330947,2.54939241e-05,1
0.00390625,298,0.00228593685,0.0020303994,2.55889881e-05,1
0.00390625,299,0.00229372014,0.00203749281,2.56841595e-05,1
0.00390625,300,0.00230150577,0.0020445874,2.57793636e-05,1
0.00390625,301,0.00230929418,0.00205168454,2.5874675e-05,1
0.00390625,302,0.00231708353,0.00205878355,2.59700209e-05,1
0.00390625,303,0.00232487544,0.00206588511,2.60654488e-05,1
0.00390625,304,0.00233266596,0.00207298528,2.61609202e-05,1
0.00390625,305,0.00234046206,0.00208008988,2.6256499e-05,1
0.00390625,306,0.00234825886,0.0020871968,2.63520906e-05,1
0.00390625,307,0.00235605543,0.00209430396,2.64477749e-05,1
0.00390625,308,0.00236385711,0.00210141554,2.65435265e-05,1
0.00390625,309,0.00237165764,0.00210852595,2.66393072e-05,1
0.00390625,310,0.00237946003,0.00211563893,2.67351897e-05,1
0.00390625,311,0.00238726544,0.00212275446,2.68311178e-05,1
0.00390625,312,0.00239507179,0.0021298707,2.69271095e-05,1
0.00390625,313,0.00240288232,0.00213699182,2.70232013e-05,1
0.00390625,314,0.00241069286,0.00214411295,2.71193112e-05,1
0.00390625,315,0.00241850456,0.00215123594,2.72155157e-05,1
0.00390625,316,0.00242631906,0.00215836102,2.73117912e-05,1
0.00390625,317,0.00243413565,0.00216548867,2.7408134e-05,1
0.00390625,318,0.00244195363,0.00217261747,2.75045222e-05,1
0.00390625,319,0.00244977418,0.00217974884,2.76009669e-05,1
0.00390625,320,0.00245759543,0.00218688161,2.76974934e-05,1
0.00390625,321,0.0024654197,0.00219401671,2.77940908e-05,1
0.00390625,322,0.00247324281,0.0022011511,2.78907464e-05,1
0.00390625,323,0.00248107011,0.00220828992,2.7987453e-05,1
0.00390625,324,0.00248889811,0.00221543037,2.80842287e-05,1
0.00390625,325,0.00249672984,0.00222257362,2.81810862e-05,1
0.00390625,326,0.00250456179,0.00222971663,2.82780056e-05,1
0.00390625,327,0.00251239561,0.0022368629,2.8374976e-05,1
0.00390625,328,0.00252023223,0.00224401103,2.84720136e-05,1
0.00390625,329,0.00252807024,0.00225116173,2.85691385e-05,1
0.00390625,330,0.00253590825,0.00225831196,2.86663017e-05,1
0.00390625,331,0.00254375255,0.00226546847,2.87635612e-05,1
0.00390625,332,0.00255159498,0.00227262313,2.88608644e-05,1
0.00390625,333,0.00255943811,0.00227977871,2.89582349e-05,1
0.00390625,334,0.0025672859,0.00228693965,2.90556527e-05,1
0.00390625,335,0.00257513416,0.00229410036,2.91531578e-05,1
0.00390625,336,0.00258298637,0.00230126549,2.92507375e-05,1
0.00390625,337,0.00259083859,0.00230843038,2.93483863e-05,1
0.00390625,338,0.00259869173,0.00231559621,2.94460788e-05,1
0.00390625,339,0.00260654674,0.0023227646,2.95438294e-05,1
0.00390625,340,0.00261440477,0.00232993625,2.96416893e-05,1
0.00390625,341,0.00262226327,0.00233710813,2.97395745e-05,1
0.00390625,342,0.00263012643,0.00234428444,2.98375307e-05,1
0.00390625,343,0.00263798865,0.00235146075,2.99355524e-05,1
0.00390625,344,0.00264585298,0.00235863845,3.00336687e-05,1
0.00390625,345,0.00265372102,0.00236582058,3.01318287e-05,1
0.00390625,346,0.0026615879,0.00237300107,3.02300414e-05,1
0.00390625,347,0.00266945874,0.00238018553,3.03283505e-05,1
0.00390625,348,0.00267733214,0.00238737324,3.04266796e-05,1
0.00390625,349,0.00268520461,0.00239455933,3.05251415e-05,1
0.00390625,350,0.00269308197,0.00240175147,3.06235997e-05,1
0.00390625,351,0.00270095794,0.00240894174,3.07221671e-05,1
0.00390625,352,0.00270883623,0.00241613458,3.08207927e-05,1
0.00390625,353,0.00271671987,0.00242333277,3.09194656e-05,1
0.00390625,354,0.00272460049,0.00243052817,3.10182259e-05,1
0.00390625,355,0.0027324867,0.00243772962,3.11170588e-05,1
0.00390625,356,0.00274037407,0.00244493154,3.12159391e-05,1
0.00390625,357,0.0027482626,0.00245213392,3.1314863e-05,1
0.00390625,358,0.00275615277,0.00245934026,3.14138961e-05,1
0.00390625,359,0.00276404503,0.0024665473,3.1512991e-05,1
0.00390625,360,0.00277193869,0.00247375644,3.16121332e-05,1
0.00390625,361,0.00277983397,0.0024809672,3.171137e-05,1
0.00390625,362,0.00278773298,0.00248818193,3.18106613e-05,1
0.00390625,363,0.00279563013,0.00249539479,3.191e-05,1
0.00390625,364,0.00280353217,0.0025026123,3.20093968e-05,1
0.00390625,365,0.00281143654,0.00250983238,3.21088992e-05,1
0.00390625,366,0.00281933928,0.0025170513,3.22084379e-05,1
0.00390625,367,0.00282724597,0.00252427417,3.23080494e-05,1
0.00390625,368,0.0028351536,0.00253149727,3.24077337e-05,1
0.00390625,369,0.00284306612,0.00253872667,3.25074652e-05,1
0.00390625,370,0.00285097491,0.0025459514,3.26072768e-05,1
0.00390625,371,0.00285889138,0.00255318382,3.27071793e-05,1
0.00390625,372,0.00286680693,0.002560416,3.28071219e-05,1
0.00390625,373,0.0028747241,0.00256765052,3.29071481e-05,1
0.00390625,374,0.00288264407,0.00257488713,3.30072144e-05,1
0.00390625,375,0.00289056473,0.00258212467,3.31073716e-05,1
0.00390625,376,0.00289848447,0.00258936174,3.32075433e-05,1
0.00390625,377,0.00290641049,0.00259660464,3.33078642e-05,1
0.00390625,378,0.0029143393,0.00260385033,3.34082324e-05,1
0.00390625,379,0.00292226835,0.00261109718,3.35086334e-05,1
0.00390625,380,0.00293019623,0.00261834241,3.36090998e-05,1
0.00390625,381,0.00293812947,0.00262559275,3.37096317e-05,1
0.00390625,382,0.00294606108,0.0026328424,3.38102291e-05,1
0.00390625,383,0.00295399991,0.00264009903,3.39109465e-05,1
0.00390625,384,0.00296193827,0.0026473545,3.40116967e-05,1
0.00390625,385,0.00296987453,0.00265460904,3.41124942e-05,1
0.00390625,386,0.00297781616,0.00266186893,3.42133935e-05,1
0.00390625,387,0.00298576057,0.00266913115,3.43143365e-05,1
0.00390625,388,0.00299370661,0.0026763957,3.44153559e-05,1
0.00390625,389,0.00300165219,0.00268365955,3.45164372e-05,1
0.00390625,390,0.00300959731,0.0026909234,3.46175657e-05,1
0.00390625,391,0.00301754731,0.00269819191,3.47188034e-05,1
0.00390625,392,0.00302550104,0.00270546414,3.4820092e-05,1
0.00390625,393,0.00303345686,0.00271273823,3.4921417e-05,1
0.00390625,394,0.00304141082,0.00272001186,3.50228438e-05,1
0.00390625,395,0.00304936757,0.00272728712,3.51243252e-05,1
0.00390625,396,0.00305732596,0.00273456494,3.52258758e-05,1
0.00390625,397,0.00306528993,0.00274184812,3.53274772e-05,1
0.00390625,398,0.00307325274,0.00274912943,3.54291806e-05,1
0.00390625,399,0.00308121741,0.00275641424,3.55309348e-05,1
0.00390625,400,0.00308918301,0.00276369927,3.56327546e-05,1
0.00390625,401,0.00309715234,0.00277098827,3.57346544e-05,1
0.00390625,402,0.00310512306,0.00277827843,3.58366087e-05,1
0.00390625,403,0.00311309472,0.00278556999,3.59386395e-05,1
0.00390625,404,0.003121068,0.00279286387,3.60406993e-05,1
0.00390625,405,0.00312904269,0.00280015846,3.61428501e-05,1
0.00390625,406,0.00313702226,0.0028074577,3.62450737e-05,1
0.00390625,407,0.00314500136,0.00281475717,3.6347421e-05,1
0.00390625,408,0.0031529807,0.00282205665,3.64497391e-05,1
0.00390625,409,0.00316096307,0.00282936008,3.65521664e-05,1
0.00390625,410,0.00316894869,0.0028366663,3.66546265e-05,1
0.00390625,411,0.00317693641,0.00284397439,3.67572247e-05,1
0.00390625,412,0.0031849246,0.00285128364,3.68598412e-05,1
0.00390625,413,0.00319291791,0.00285859755,3.69625413e-05,1
0.00390625,414,0.00320090889,0.00286590913,3.70653106e-05,1
0.00390625,415,0.00320890197,0.00287322374,3.71681526e-05,1
0.00390625,416,0.00321689714,0.00288054044,3.72710274e-05,1
0.00390625,417,0.00322489534,0.00288785971,3.73739822e-05,1
0.00390625,418,0.00323289423,0.00289518014,3.7477017e-05,1
0.00390625,419,0.00324089616,0.00290250382,3.75801501e-05,1
0.00390625,420,0.00324890041,0.00290982937,3.76833159e-05,1
0.00390625,421,0.00325690443,0.00291715562,3.77865363e-05,1
0.00390625,422,0.00326490961,0.0029244828,3.78898658e-05,1
0.00390625,423,0.00327291968,0.00293181394,3.79932317e-05,1
0.00390625,424,0.00328093069,0.00293914741,3.80966849e-05,1
0.00390625,425,0.00328894542,0.00294648414,3.82002327e-05,1
0.00390625,426,0.00329695712,0.0029538183,3.8303795e-05,1
0.00390625,427,0.00330497324,0.00296115712,3.84074265e-05,1
0.00390625,428,0.00331299263,0.00296849827,3.85111598e-05,1
0.00390625,429,0.00332100992,0.00297583896,3.86148968e-05,1
0.00390625,430,0.00332903396,0.002983185,3.87187501e-05,1
0.00390625,431,0.00333705614,0.00299052987,3.88226872e-05,1
0.00390625,432,0.00334507902,0.00299787661,3.89266388e-05,1
0.00390625,433,0.00335310749,0.00300522754,3.9030725e-05,1
0.00390625,434,0.00336113409,0.003012578,3.91348294e-05,1
0.00390625,435,0.00336916652,0.00301993359,3.92390066e-05,1
0.00390625,436,0.00337719871,0.00302728894,3.93432783e-05,1
0.00390625,437,0.00338523276,0.00303464662,3.94476301e-05,1
0.00390625,438,0.00339327031,0.00304200733,3.95519965e-05,1
0.00390625,439,0.00340131018,0.00304937083,3.96564938e-05,1
0.00390625,440,0.00340934447,0.00305672921,3.97609765e-05,1
0.00390625,441,0.00341739063,0.00306409877,3.98655939e-05,1
0.00390625,442,0.0034254312,0.00307146367,3.9970244e-05,1
0.00390625,443,0.00343347597,0.00307883252,4.00750032e-05,1
0.00390625,444,0.00344152539,0.0030862065,4.01798025e-05,1
0.00390625,445,0.00344957388,0.00309357955,4.0284689e-05,1
0.00390625,446,0.00345762493,0.00310095469,4.03896302e-05,1
0.00390625,447,0.00346567575,0.00310832984,4.04946477e-05,1
0.00390625,448,0.00347373076,0.00311571034,4.05997125e-05,1
0.00390625,449,0.00348178996,0.00312309363,4.07048865e-05,1
0.00390625,450,0.0034898459,0.00313047506,4.08100932e-05,1
0.00390625,451,0.00349790812,0.00313786184,4.09153799e-05,1
0.00390625,452,0.00350597105,0.00314524956,4.10207431e-05,1
0.00390625,453,0.00351403351,0.00315263774,4.11261535e-05,1
0.00390625,454,0.0035220962,0.00316002523,4.12316112e-05,1
0.00390625,455,0.00353016588,0.00316742086,4.13371854e-05,1
0.00390625,456,0.00353823393,0.00317481463,4.14428068e-05,1
0.00390625,457,0.00354630337,0.0031822091,4.15485156e-05,1
0.00390625,458,0.00355437957,0.00318961148,4.16542753e-05,1
0.00390625,459,0.00356245437,0.00319701177,4.17601223e-05,1
0.00390625,460,0.0035705287,0.00320441276,4.18660093e-05,1
0.00390625,461,0.00357860513,0.00321181584,4.19720054e-05,1
0.00390625,462,0.00358668645,0.00321922242,4.20780307e-05,1
0.00390625,463,0.00359477033,0.00322663225,4.21841469e-05,1
0.00390625,464,0.00360285491,0.00323404372,4.22903322e-05,1
0.00390625,465,0.00361093995,0.00324145472,4.23965648e-05,1
0.00390625,466,0.00361902686,0.00324886898,4.25029102e-05,1
0.00390625,467,0.00362711609,0.00325628533,4.26092956e-05,1
0.00390625,468,0.00363520556,0.00326370122,4.27157611e-05,1
0.00390625,469,0.00364330248,0.00327112526,4.28222775e-05,1
0.00390625,470,0.0036513966,0.0032785458,4.29288666e-05,1
0.00390625,471,0.00365949329,0.00328597054,4.30355103e-05,1
0.00390625,472,0.00366759067,0.00329339504,4.31422632e-05,1
0.00390625,473,0.00367569248,0.0033008242,4.32490997e-05,1
0.00390625,474,0.00368379615,0.00330825499,4.33559362e-05,1
0.00390625,475,0.00369190006,0.00331568648,4.346286e-05,1
0.00390625,476,0.00370000349,0.00332311774,4.35698566e-05,1
0.00390625,477,0.00370811182,0.00333055388,4.36769878e-05,1
0.00390625,478,0.00371622061,0.00333799142,4.37841009e-05,1
0.00390625,479,0.0037243329,0.00334543199,4.38913303e-05,1
0.00390625,480,0.00373244588,0.00335287279,4.39986325e-05,1
0.00390625,481,0.00374056189,0.00336031709,4.41059819e-05,1
0.00390625,482,0.00374868023,0.00336776371,4.42134042e-05,1
0.00390625,483,0.00375679485,0.00337520824,4.4320841e-05,1
0.00390625,484,0.00376492017,0.00338266068,4.4428456e-05,1
0.00390625,485,0.0037730406,0.0033901101,4.45360711e-05,1
0.00390625,486,0.00378116593,0.0033975644,4.46437443e-05,1
0.00390625,487,0.00378929335,0.00340502034,4.47515231e-05,1
0.00390625,488,0.00379742077,0.00341247674,4.48593855e-05,1
0.00390625,489,0.00380554958,0.00341993547,4.49673025e-05,1
0.00390625,490,0.00381367933,0.0034273935,4.50752668e-05,1
0.00390625,491,0.00382181257,0.00343485619,4.51833221e-05,1
0.00390625,492,0.00382995047,0.00344232493,4.52914937e-05,1
0.00390625,493,0.0038380879,0.00344979158,4.53996654e-05,1
0.00390625,494,0.00384622952,0.00345726218,4.55079462e-05,1
0.00390625,495,0.00385436858,0.00346473232,4.5616227e-05,1
0.00390625,496,0.00386251067,0.00347220339,4.57246497e-05,1
0.00390625,497,0.00387065462,0.00347967772,4.58331306e-05,1
0.00390625,498,0.00387880206,0.00348715554,4.5941666e-05,1
0.00390625,499,0.0038869516,0.00349463522,4.60502561e-05,1
0.00390625,500,0.00389509834,0.00350211235,4.61589116e-05,1
0.00390625,501,0.00390325557,0.00350959948,4.62676908e-05,1
0.00390625,502,0.00391140766,0.00351708313,4.63765173e-05,1
0.00390625,503,0.00391956558,0.00352457142,4.64854093e-05,1
0.00390625,504,0.0039277235,0.00353205949,4.65943813e-05,1
0.00390625,505,0.00393588142,0.00353954989,4.67033897e-05,1
0.00390625,506,0.00394404121,0.00354704051,4.68124999e-05,1
0.00390625,507,0.00395220565,0.0035545358,4.69216648e-05,1
0.00390625,508,0.00396037102,0.00356203248,4.70309424e-05,1
0.00390625,509,0.00396853592,0.00356952939,4.714022e-05,1
0.00390625,510,0.00397670642,0.0035770312,4.72495849e-05,1
0.00390625,511,0.00398487831,0.00358453416,4.73590553e-05,1
0.00390625,512,0.00399305066,0.00359203946,4.74685767e-05,1
0.00390625,513,0.00400122395,0.00359954312,4.75781635e-05,1
0.00390625,514,0.00400939817,0.00360705005,4.7687794e-05,1
0.00390625,515,0.00401757983,0.00361456349,4.77975591e-05,1
0.00390625,516,0.00402575964,0.00362207578,4.79073642e-05,1
0.00390625,517,0.00403393712,0.00362958573,4.80172312e-05,1
0.00390625,518,0.0040421281,0.00363710755,4.81271854e-05,1
0.00390625,519,0.00405030791,0.00364462193,4.82371652e-05,1
0.00390625,520,0.00405849749,0.00365214306,4.83472577e-05,1
0.00390625,521,0.00406668615,0.00365966442,4.8457412e-05,1
0.00390625,522,0.00407487806,0.00366718974,4.85676574e-05,1
0.00390625,523,0.00408307137,0.00367471529,4.86779645e-05,1
0.00390625,524,0.00409126328,0.00368224154,4.87883117e-05,1
0.00390625,525,0.00409946172,0.00368977338,4.88987462e-05,1
0.00390625,526,0.00410766108,0.00369730568,4.90092607e-05,1
0.00390625,527,0.00411586137,0.00370483939,4.91198298e-05,1
0.00390625,528,0.0041240654,0.00371237681,4.9230508e-05,1
0.00390625,529,0.00413226523,0.00371991051,4.93412299e-05,1
0.00390625,530,0.00414047344,0.00372745143,4.94519809e-05,1
0.00390625,531,0.00414867792,0.00373499095,4.95628556e-05,1
0.00390625,532,0.00415689126,0.00374253769,4.96737885e-05,1
0.00390625,533,0.00416510226,0.00375008304,4.97847977e-05,1
0.00390625,534,0.00417331187,0.00375762675,4.98958507e-05,1
0.00390625,535,0.00418152986,0.00376518141,5.00069982e-05,1
0.00390625,536,0.00418974739,0.00377273117,5.01181967e-05,1
0.00390625,537,0.00419796631,0.00378028629,5.02295043e-05,1
0.00390625,538,0.00420618663,0.00378784025,5.03408664e-05,1
0.00390625,539,0.00421441067,0.00379539886,5.04522905e-05,1
0.00390625,540,0.00422263239,0.00380295701,5.056378e-05,1
0.00390625,541,0.00423085969,0.00381051796,5.0675364e-05,1
0.00390625,542,0.00423908886,0.00381808239,5.07870245e-05,1
0.00390625,543,0.00424731523,0.00382564566,5.08987214e-05,1
0.00390625,544,0.00425554859,0.00383321196,5.10104874e-05,1
0.00390625,545,0.00426378474,0.00384078501,5.11223734e-05,1
0.00390625,546,0.00427201902,0.00384835433,5.12343213e-05,1
0.00390625,547,0.0042802589,0.00385593087,5.13463237e-05,1
0.00390625,548,0.00428849738,0.00386350416,5.14583735e-05,1
0.00390625,549,0.00429673819,0.00387108116,5.15705287e-05,1
0.00390625,550,0.00430498179,0.00387866213,5.16827058e-05,1
0.00390625,551,0.0043132226,0.00388623821,5.17949265e-05,1
0.00390625,552,0.00432147551,0.00389382709,5.19073801e-05,1
0.00390625,553,0.00432972377,0.00390141224,5.20197718e-05,1
0.00390625,554,0.0043379725,0.00390899647,5.21322654e-05,1
0.00390625,555,0.00434622401,0.00391658582,5.22448208e-05,1
0.00390625,556,0.00435448252,0.00392417982,5.23574818e-05,1
0.00390625,557,0.0043627345,0.0039317701,5.24701827e-05,1
0.00390625,558,0.00437099254,0.00393936457,5.25829892e-05,1
0.00390625,559,0.00437925244,0.00394696184,5.26957847e-05,1
0.00390625,560,0.00438751699,0.00395456422,5.28087439e-05,1
0.00390625,561,0.00439577736,0.00396216102,5.29217505e-05,1
0.00390625,562,0.0044040475,0.00396976899,5.30348188e-05,1
0.00390625,563,0.00441231253,0.00397737231,5.31479527e-05,1
0.00390625,564,0.00442058034,0.00398497563,5.32611666e-05,1
0.00390625,565,0.00442884956,0.00399258407,5.33744351e-05,1
0.00390625,566,0.00443712436,0.0040001967,5.34878091e-05,1
0.00390625,567,0.00444540009,0.00400781166,5.36012485e-05,1
0.00390625,568,0.00445367582,0.00401542522,5.3714728e-05,1
0.00390625,569,0.00446195435,0.00402304158,5.38282948e-05,1
0.00390625,570,0.00447023613,0.00403066166,5.39419561e-05,1
0.00390625,571,0.00447852071,0.00403828407,5.40556975e-05,1
0.00390625,572,0.00448680297,0.00404590555,5.41694317e-05,1
0.00390625,573,0.00449508894,0.00405353121,5.42833404e-05,1
0.00390625,574,0.00450337445,0.00406115456,5.43972383e-05,1
0.00390625,575,0.00451166416,0.00406878395,5.45112416e-05,1
0.00390625,576,0.00451995526,0.00407641288,5.46253359e-05,1
0.00390625,577,0.00452825194,0.00408404926,5.4739452e-05,1
0.00390625,578,0.00453654723,0.00409168471,5.48536773e-05,1
0.00390625,579,0.00454484252,0.00409931876,5.49679135e-05,1
0.00390625,580,0.00455314387,0.00410695979,5.50823715e-05,1
0.00390625,581,0.00456144195,0.00411459757,5.51967496e-05,1
0.00390625,582,0.00456974562,0.00412224093,5.53112804e-05,1
0.00390625,583,0.00457804929,0.00412988383,5.54258622e-05,1
0.00390625,584,0.00458636181,0.00413753651,5.55405168e-05,1
0.00390625,585,0.00459466642,0.00414518034,5.56552695e-05,1
0.00390625,586,0.00460297661,0.00415283255,5.57700187e-05,1
0.00390625,587,0.00461128773,0.00416048383,5.5884906e-05,1
0.00390625,588,0.00461960351,0.00416813977,5.59998589e-05,1
0.00390625,589,0.00462792069,0.00417579897,5.61148918e-05,1
0.00390625,590,0.004636236,0.00418345351,5.62299392e-05,1
0.00390625,591,0.00464455551,0.0041911155,5.63450703e-05,1
0.00390625,592,0.00465287874,0.00419877796,5.64603724e-05,1
0.00390625,593,0.00466120197,0.00420644274,5.65756345e-05,1
0.00390625,594,0.00466952659,0.00421410939,5.66909875e-05,1
0.00390625,595,0.00467785448,0.00422177697,5.6806457e-05,1
0.00390625,596,0.00468618376,0.00422944734,5.69220028e-05,1
0.00390625,597,0.00469451444,0.00423712004,5.70375742e-05,1
0.00390625,598,0.00470284745,0.004244796,5.71532619e-05,1
0.00390625,599,0.00471118279,0.00425247336,5.72690042e-05,1
0.00390625,600,0.00471951952,0.00426015025,5.7384812e-05,1
0.00390625,601,0.00472785765,0.00426783087,5.75006816e-05,1
0.00390625,602,0.00473619672,0.00427551288,5.76166349e-05,1
0.00390625,603,0.0047445409,0.00428319955,5.77326973e-05,1
0.00390625,604,0.00475288229,0.00429088296,5.78487816e-05,1
0.00390625,605,0.00476122834,0.0042985715,5.79649532e-05,1
0.00390625,606,0.00476957764,0.00430626329,5.80811866e-05,1
0.00390625,607,0.00477792649,0.00431395648,5.81974928e-05,1
0.00390625,608,0.00478628138,0.004321652,5.83139008e-05,1
0.00390625,609,0.00479463069,0.00432934565,5.84303634e-05,1
0.00390625,610,0.00480298605,0.00433704397,5.85468988e-05,1
0.00390625,611,0.00481134374,0.00434474321,5.8663536e-05,1
0.00390625,612,0.00481970236,0.00435244571,5.87802097e-05,1
0.00390625,613,0.00482806517,0.00436015381,5.88969706e-05,1
0.00390625,614,0.00483642472,0.00436785445,5.90137643e-05,1
0.00390625,615,0.00484479312,0.00437556813,5.91307253e-05,1
0.00390625,616,0.00485315965,0.00438327901,5.92476645e-05,1
0.00390625,617,0.00486152712,0.00439098803,5.93647201e-05,1
0.00390625,618,0.00486989738,0.00439870311,5.94818957e-05,1
0.00390625,619,0.0048782723,0.00440642284,5.95990896e-05,1
0.00390625,620,0.00488664256,0.00441413745,5.97163234e-05,1
0.00390625,621,0.00489501981,0.00442185858,5.98336628e-05,1
0.00390625,622,0.00490339845,0.00442958158,5.9951115e-05,1
0.00390625,623,0.00491178036,0.00443730829,6.0068629e-05,1
0.00390625,624,0.00492015947,0.00444503408,6.01861793e-05,1
0.00390625,625,0.0049285423,0.0044527608,6.03037806e-05,1
0.00390625,626,0.004936927,0.00446049124,6.04214656e-05,1
0.00390625,627,0.00494531728,0.00446822448,6.05392706e-05,1
0.00390625,628,0.00495370338,0.00447595585,6.0657123e-05,1
0.00390625,629,0.00496209692,0.00448369514,6.07750953e-05,1
0.00390625,630,0.00497049047,0.0044914349,6.08931223e-05,1
0.00390625,631,0.00497888401,0.00449917326,6.10111565e-05,1
0.00390625,632,0.00498727942,0.00450691534,6.11293435e-05,1
0.00390625,633,0.00499567809,0.00451465929,6.12475851e-05,1
0.00390625,634,0.00500407815,0.0045224065,6.13658267e-05,1
0.00390625,635,0.00501248147,0.0045301551,6.14842429e-05,1
0.00390625,636,0.00502088713,0.00453790696,6.16026227e-05,1
0.00390625,637,0.00502929324,0.00454565836,6.17211699e-05,1
0.00390625,638,0.00503770029,0.00455341255,6.18397607e-05,1
0.00390625,639,0.005046112,0.00456117094,6.19584753e-05,1
0.00390625,640,0.00505452277,0.00456892746,6.20772043e-05,1
0.00390625,641,0.00506293261,0.00457668491,6.21959625e-05,1
0.00390625,642,0.00507134991,0.00458444934,6.23149026e-05,1
0.00390625,643,0.00507976767,0.00459221425,6.24338572e-05,1
0.00390625,644,0.00508818729,0.00459998148,6.25528701e-05,1
0.00390625,645,0.00509661064,0.00460775197,6.26720284e-05,1
0.00390625,646,0.00510503072,0.0046155192,6.27912232e-05,1
0.00390625,647,0.005113455,0.00462328969,6.29104325e-05,1
0.00390625,648,0.00512188673,0.00463107042,6.30298091e-05,1
0.00390625,649,0.00513030915,0.00463884091,6.31491566e-05,1
0.00390625,650,0.00513874367,0.00464662258,6.32687006e-05,1
0.00390625,651,0.00514717493,0.00465440145,6.33882883e-05,1
0.00390625,652,0.00515560945,0.00466218451,6.3507905e-05,1
0.00390625,653,0.00516404398,0.00466996804,6.36275145e-05,1
0.00390625,654,0.00517248316,0.00467775483,6.37473277e-05,1
0.00390625,655,0.00518092606,0.00468554581,6.38672427e-05,1
0.00390625,656,0.00518936478,0.00469333306,6.39871068e-05,1
0.00390625,657,0.00519781047,0.00470112776,6.41071238e-05,1
0.00390625,658,0.0052062585,0.00470892387,6.42272498e-05,1
0.00390625,659,0.0052147042,0.0047167195,6.43473759e-05,1
0.00390625,660,0.00522315083,0.00472451467,6.44676038e-05,1
0.00390625,661,0.00523160398,0.00473231729,6.45878608e-05,1
0.00390625,662,0.0052400576,0.00474011991,6.47082925e-05,1
0.00390625,663,0.00524851447,0.00474792672,6.48287241e-05,1
0.00390625,664,0.00525697228,0.00475573353,6.49492285e-05,1
0.00390625,665,0.00526543241,0.00476354454,6.50698348e-05,1
0.00390625,666,0.00527389487,0.00477135601,6.51905139e-05,1
0.00390625,667,0.00528235501,0.00477916654,6.53112511e-05,1
0.00390625,668,0.00529082119,0.00478698174,6.54320393e-05,1
0.00390625,669,0.00529928505,0.00479479646,6.55529439e-05,1
0.00390625,670,0.00530775823,0.00480262004,6.56739576e-05,1
0.00390625,671,0.00531622814,0.00481044035,6.57949786e-05,1
0.00390625,672,0.00532469572,0.00481825788,6.59161014e-05,1
0.00390625,673,0.00533317309,0.00482608564,6.60373044e-05,1
0.00390625,674,0.00534164533,0.00483390782,6.61585727e-05,1
0.00390625,675,0.00535012549,0.00484174024,6.62799066e-05,1
0.00390625,676,0.00535860891,0.00484957499,6.64013569e-05,1
0.00390625,677,0.00536708906,0.00485740649,6.65228581e-05,1
0.00390625,678,0.00537557481,0.00486524217,6.66444539e-05,1
0.00390625,679,0.00538405683,0.00487307552,6.67660788e-05,1
0.00390625,680,0.00539254211,0.004880914,6.68877401e-05,1
0.00390625,681,0.00540103205,0.00488875434,6.70095324e-05,1
0.00390625,682,0.00540952431,0.00489660027,6.71314265e-05,1
0.00390625,683,0.00541801471,0.00490444154,6.72533715e-05,1
0.00390625,684,0.00542651489,0.00491229305,6.73753821e-05,1
0.00390625,685,0.00543500995,0.00492014037,6.74974726e-05,1
0.00390625,686,0.00544350501,0.00492798863,6.76196069e-05,1
0.00390625,687,0.00545200799,0.00493584294,6.77419303e-05,1
0.00390625,688,0.00546051282,0.00494370004,6.786421e-05,1
0.00390625,689,0.00546901394,0.00495155482,6.79866353e-05,1
0.00390625,690,0.00547752017,0.00495941378,6.81090678e-05,1
0.00390625,691,0.00548602967,0.00496727601,6.82316386e-05,1
0.00390625,692,0.00549454149,0.00497513916,6.83542603e-05,1
0.00390625,693,0.00550305657,0.00498300884,6.84769548e-05,1
0.00390625,694,0.0055115642,0.00499087013,6.85996929e-05,1
0.00390625,695,0.00552008348,0.00499874214,6.87225111e-05,1
0.00390625,696,0.00552860089,0.00500661368,6.88455111e-05,1
0.00390625,697,0.00553712109,0.00501448754,6.8968453e-05,1
0.00390625,698,0.00554564269,0.00502236281,6.90915549e-05,1
0.00390625,699,0.00555416709,0.0050302404,6.92147223e-05,1
0.00390625,700,0.00556269474,0.00503812218,6.9337897e-05,1
0.00390625,701,0.00557121821,0.0050460007,6.94612245e-05,1
0.00390625,702,0.00557975005,0.00505388528,6.95846393e-05,1
0.00390625,703,0.0055882805,0.00506177079,6.97080905e-05,1
0.00390625,704,0.00559681281,0.00506965816,6.98315853e-05,1
0.00390625,705,0.00560534606,0.00507754553,6.99551601e-05,1
0.00390625,706,0.00561388675,0.00508544128,7.00788441e-05,1
0.00390625,707,0.00562242558,0.00509333331,7.02026082e-05,1
0.00390625,708,0.00563096395,0.0051012272,7.03264523e-05,1
0.00390625,709,0.00563950744,0.00510912528,7.045034e-05,1
0.00390625,710,0.00564804766,0.0051170215,7.05742859e-05,1
0.00390625,711,0.00565659767,0.00512492703,7.06983847e-05,1
0.00390625,712,0.00566514209,0.00513282698,7.08225198e-05,1
0.00390625,713,0.00567369768,0.00514073763,7.09467276e-05,1
0.00390625,714,0.00568225095,0.00514864735,7.10710228e-05,1
0.00390625,715,0.00569080189,0.00515655382,7.11953471e-05,1
0.00390625,716,0.00569936167,0.00516446959,7.13198533e-05,1
0.00390625,717,0.00570791634,0.00517238071,7.14443449e-05,1
0.00390625,718,0.0057164738,0.00518029369,7.15689312e-05,1
0.00390625,719,0.00572503591,0.0051882118,7.16935901e-05,1
0.00390625,720,0.00573359895,0.00519613177,7.18183146e-05,1
0.00390625,721,0.00574216153,0.00520405173,7.19431118e-05,1
0.00390625,722,0.00575073157,0.00521197869,7.20680182e-05,1
0.00390625,723,0.00575930113,0.00521990377,7.21929755e-05,1
0.00390625,724,0.00576787349,0.00522783305,7.23180128e-05,1
0.00390625,725,0.00577644864,0.00523576606,7.24431957e-05,1
0.00390625,726,0.0057850224,0.00524369767,7.25683567e-05,1
0.00390625,727,0.00579359848,0.00525163068,7.2693605e-05,1
0.00390625,728,0.00580217503,0.00525956461,7.28189989e-05,1
0.00390625,729,0.0058107595,0.00526750647,7.29444364e-05,1
0.00390625,730,0.00581934024,0.00527544413,7.30699539e-05,1
0.00390625,731,0.00582792005,0.00528338272,7.31954278e-05,1
0.00390625,732,0.00583650963,0.00529132877,7.33211491e-05,1
0.00390625,733,0.00584509782,0.00529927528,7.34468995e-05,1
0.00390625,734,0.00585368602,0.00530722272,7.35727081e-05,1
0.00390625,735,0.00586228212,0.00531517621,7.36985603e-05,1
0.00390625,736,0.00587087544,0.00532312971,7.38245944e-05,1
0.00390625,737,0.00587946782,0.00533108134,7.39505558e-05,1
0.00390625,738,0.00588807138,0.00533904228,7.40767355e-05,1
0.00390625,739,0.00589667307,0.00534700183,7.4202886e-05,1
0.00390625,740,0.00590526965,0.00535495859,7.43291384e-05,1
0.00390625,741,0.0059138746,0.00536292233,7.44555364e-05,1
0.00390625,742,0.00592247769,0.00537088513,7.45818979e-05,1
0.00390625,743,0.0059310873,0.00537885306,7.47084196e-05,1
0.00390625,744,0.00593969831,0.00538682472,7.48349994e-05,1
0.00390625,745,0.00594830513,0.00539478939,7.49616229e-05,1
0.00390625,746,0.00595692126,0.00540276617,7.50883555e-05,1
0.00390625,747,0.00596553599,0.00541074155,7.52151973e-05,1
0.00390625,748,0.00597415026,0.0054187146,7.53420463e-05,1
0.00390625,749,0.00598277338,0.00542669743,7.546907e-05,1
0.00390625,750,0.00599139417,0.0054346798,7.55961009e-05,1
0.00390625,751,0.00600001775,0.0054426631,7.57232265e-05,1
0.00390625,752,0.00600864273,0.00545064965,7.58504466e-05,1
0.00390625,753,0.0060172677,0.00545863388,7.59776522e-05,1
0.00390625,754,0.00602589455,0.0054666223,7.61050178e-05,1
0.00390625,755,0.00603452697,0.00547461538,7.6232398e-05,1
0.00390625,756,0.00604316313,0.00548261078,7.63599965e-05,1
0.00390625,757,0.00605179463,0.00549060432,7.64874931e-05,1
0.00390625,758,0.00606042752,0.00549860019,7.66151788e-05,1
0.00390625,759,0.00606906414,0.00550659653,7.67429228e-05,1
0.00390625,760,0.00607770775,0.00551460218,7.68706595e-05,1
0.00390625,761,0.00608634995,0.00552260689,7.69986e-05,1
0.00390625,762,0.00609499495,0.00553061394,7.71266059e-05,1
0.00390625,763,0.00610364135,0.00553862145,7.72546118e-05,1
0.00390625,764,0.00611228775,0.00554662896,7.73827123e-05,1
0.00390625,765,0.00612093415,0.00555463787,7.75109147e-05,1
0.00390625,766,0.00612958847,0.00556265609,7.76392044e-05,1
0.00390625,767,0.00613824232,0.00557067059,7.77675596e-05,1
0.00390625,768,0.0061468971,0.00557868788,7.78959875e-05,1
0.00390625,769,0.00615555234,0.00558670657,7.80244372e-05,1
0.00390625,770,0.00616421457,0.00559473131,7.81530907e-05,1
0.00390625,771,0.00617287681,0.00560275558,7.82817806e-05,1
0.00390625,772,0.00618153345,0.0056107766,7.84104195e-05,1
0.00390625,773,0.00619020453,0.00561881065,7.85393495e-05,1
0.00390625,774,0.00619886955,0.00562683912,7.86681776e-05,1
0.00390625,775,0.0062075383,0.00563487038,7.87971439e-05,1
0.00390625,776,0.00621620845,0.0056429049,7.89261976e-05,1
0.00390625,777,0.00622488279,0.00565094268,7.9055375e-05,1
0.00390625,778,0.0062335548,0.00565897906,7.9184545e-05,1
0.00390625,779,0.00624223286,0.0056670215,7.93137951e-05,1
0.00390625,780,0.00625091046,0.00567506161,7.94431544e-05,1
0.00390625,781,0.00625959085,0.00568310637,7.95726446e-05,1
0.00390625,782,0.00626827125,0.00569115067,7.97021494e-05,1
0.00390625,783,0.00627695723,0.00569920195,7.98317706e-05,1
0.00390625,784,0.00628564181,0.00570725184,7.99613845e-05,1
0.00390625,785,0.00629433244,0.00571530545,8.00911803e-05,1
0.00390625,786,0.00630302122,0.00572335999,8.02209761e-05,1
0.00390625,787,0.00631171558,0.0057314178,8.03509392e-05,1
0.00390625,788,0.00632040855,0.00573947607,8.04809315e-05,1
0.00390625,789,0.0063291043,0.00574753853,8.06109747e-05,1
0.00390625,790,0.00633779913,0.00575559819,8.0741047e-05,1
0.00390625,791,0.00634650188,0.00576366717,8.08713157e-05,1
0.00390625,792,0.00635520043,0.0057717301,8.10016063e-05,1
0.00390625,793,0.0063639069,0.0057798028,8.11320278e-05,1
0.00390625,794,0.00637261337,0.00578787504,8.12624712e-05,1
0.00390625,795,0.00638132216,0.00579594914,8.13930164e-05,1
0.00390625,796,0.0063900277,0.00580402138,8.15236053e-05,1
0.00390625,797,0.0063987365,0.00581209688,8.16542888e-05,1
0.00390625,798,0.00640745135,0.0058201775,8.17850887e-05,1
0.00390625,799,0.00641617039,0.0058282637,8.19160123e-05,1
0.00390625,800,0.00642488245,0.00583634339,8.20468558e-05,1
0.00390625,801,0.00643360429,0.005844431,8.21778885e-05,1
0.00390625,802,0.00644232193,0.00585251581,8.23089285e-05,1
0.00390625,803,0.0064510447,0.00586060574,8.24401504e-05,1
0.00390625,804,0.006459767,0.00586869568,8.25712923e-05,1
0.00390625,805,0.00646850048,0.00587679492,8.27026452e-05,1
0.00390625,806,0.00647722464,0.00588488765,8.28340708e-05,1
0.00390625,807,0.00648595439,0.0058929841,8.29655328e-05,1
0.00390625,808,0.00649468508,0.00590108335,8.30970239e-05,1
0.00390625,809,0.00650342554,0.00590919144,8.3228726e-05,1
0.00390625,810,0.00651215855,0.00591729116,8.33603699e-05,1
0.00390625,811,0.00652089948,0.00592540158,8.34922466e-05,1
0.00390625,812,0.00652963575,0.00593350548,8.36240288e-05,1
0.00390625,813,0.00653838087,0.00594161823,8.37560729e-05,1
0.00390625,814,0.00654712319,0.00594972912,8.38879641e-05,1
0.00390625,815,0.00655586692,0.00595784374,8.40201174e-05,1
0.00390625,816,0.00656461436,0.00596596021,8.41523215e-05,1
0.00390625,817,0.00657336414,0.00597407809,8.42845184e-05,1
0.00390625,818,0.00658211997,0.00598220248,8.44170208e-05,1
0.00390625,819,0.00659087487,0.00599032594,8.45493778e-05,1
0.00390625,820,0.00659962604,0.00599844567,8.46818803e-05,1
0.00390625,821,0.00660838373,0.00600657379,8.48144555e-05,1
0.00390625,822,0.00661714096,0.00601469865,8.49470962e-05,1
0.00390625,823,0.00662590237,0.00602283189,8.50797733e-05,1
0.00390625,824,0.00663466519,0.00603096373,8.52126977e-05,1
0.00390625,825,0.00664343964,0.00603910768,8.5345564e-05,1
0.00390625,826,0.00665219966,0.0060472372,8.54785249e-05,1
0.00390625,827,0.006660969,0.00605537789,8.56116312e-05,1
0.00390625,828,0.00666974392,0.00606352137,8.57447594e-05,1
0.00390625,829,0.00667851605,0.00607166439,8.58779531e-05,1
0.00390625,830,0.00668729097,0.00607980974,8.60113214e-05,1
0.00390625,831,0.00669606263,0.00608795322,8.61446169e-05,1
0.00390625,832,0.00670484174,0.0060961023,8.62779707e-05,1
0.00390625,833,0.00671362365,0.00610425603,8.64115791e-05,1
0.00390625,834,0.00672240462,0.00611240789,8.65451657e-05,1
0.00390625,835,0.00673119305,0.00612056581,8.66789487e-05,1
0.00390625,836,0.00673997588,0.00612872187,8.68126226e-05,1
0.00390625,837,0.0067487671,0.00613688398,8.69464857e-05,1
0.00390625,838,0.00675756205,0.00614505028,8.70805161e-05,1
0.00390625,839,0.00676635094,0.00615321193,8.72145174e-05,1
0.00390625,840,0.00677514588,0.0061613787,8.73485333e-05,1
0.00390625,841,0.00678394269,0.00616954686,8.74828111e-05,1
0.00390625,842,0.00679273857,0.00617771409,8.76170016e-05,1
0.00390625,843,0.00680153677,0.00618588692,8.77512721e-05,1
0.00390625,844,0.00681034522,0.00619406626,8.78857827e-05,1
0.00390625,845,0.00681914762,0.00620224141,8.80202497e-05,1
0.00390625,846,0.00682795048,0.00621041702,8.81547239e-05,1
0.00390625,847,0.00683675846,0.00621859916,8.82893946e-05,1
0.00390625,848,0.0068455725,0.00622678315,8.8424189e-05,1
0.00390625,849,0.00685438281,0.00623496715,8.85590271e-05,1
0.00390625,850,0.00686319778,0.00624315627,8.86938869e-05,1
0.00390625,851,0.00687201088,0.00625134213,8.88287977e-05,1
0.00390625,852,0.00688082678,0.00625953265,8.89639487e-05,1
0.00390625,853,0.00688964408,0.00626772176,8.90989977e-05,1
0.00390625,854,0.00689846603,0.0062759188,8.92341923e-05,1
0.00390625,855,0.00690729311,0.0062841191,8.93695178e-05,1
0.00390625,856,0.00691611925,0.00629231986,8.95048797e-05,1
0.00390625,857,0.0069249454,0.00630052062,8.96403435e-05,1
0.00390625,858,0.00693377014,0.00630871858,8.97758073e-05,1
0.00390625,859,0.00694260793,0.00631693052,8.99115039e-05,1
0.00390625,860,0.00695143687,0.0063251364,9.00471132e-05,1
0.00390625,861,0.00696027465,0.00633334694,9.01829262e-05,1
0.00390625,862,0.00696910685,0.00634155469,9.03187247e-05,1
0.00390625,863,0.00697794976,0.00634977175,9.04547051e-05,1
0.00390625,864,0.00698678894,0.00635798601,9.05906927e-05,1
0.00390625,865,0.00699563371,0.00636620726,9.07267604e-05,1
0.00390625,866,0.00700447476,0.00637442339,9.08628936e-05,1
0.00390625,867,0.00701332418,0.0063826479,9.09992596e-05,1
0.00390625,868,0.00702217221,0.00639087195,9.11354655e-05,1
0.00390625,869,0.0070310235,0.00639909878,9.12719624e-05,1
0.00390625,870,0.00703987759,0.00640732795,9.14084158e-05,1
0.00390625,871,0.00704873167,0.00641555758,9.15450146e-05,1
0.00390625,872,0.00705758948,0.00642379001,9.16816716e-05,1
0.00390625,873,0.0070664417,0.00643202057,9.18183723e-05,1
0.00390625,874,0.00707530323,0.00644025905,9.19552258e-05,1
0.00390625,875,0.0070841643,0.00644849613,9.20920356e-05,1
0.00390625,876,0.00709302863,0.00645673787,9.22290492e-05,1
0.00390625,877,0.00710189482,0.00646497915,9.23661282e-05,1
0.00390625,878,0.00711076427,0.0064732274,9.25033019e-05,1
0.00390625,879,0.00711963419,0.0064814738,9.26404828e-05,1
0.00390625,880,0.00712850736,0.00648972485,9.27778528e-05,1
0.00390625,881,0.00713737588,0.00649797078,9.29151356e-05,1
0.00390625,882,0.00714625791,0.00650622882,9.30526585e-05,1
0.00390625,883,0.00715513946,0.00651448965,9.31902177e-05,1
0.00390625,884,0.00716401869,0.00652274489,9.33278934e-05,1
0.00390625,885,0.00717289513,0.00653099921,9.346554e-05,1
0.00390625,886,0.00718178134,0.00653926376,9.36033757e-05,1
0.00390625,887,0.00719066709,0.00654752785,9.37412624e-05,1
0.00390625,888,0.00719955144,0.00655578962,9.38791782e-05,1
0.00390625,889,0.00720843859,0.0065640565,9.40171522e-05,1
0.00390625,890,0.00721733971,0.00657233596,9.4155308e-05,1
0.00390625,891,0.00722622918,0.00658060377,9.42935003e-05,1
0.00390625,892,0.0072351261,0.0065888809,9.44317944e-05,1
0.00390625,893,0.0072440193,0.00659715245,9.45700449e-05,1
0.00390625,894,0.00725292182,0.00660543377,9.47085719e-05,1
0.00390625,895,0.00726182293,0.00661371462,9.48470624e-05,1
0.00390625,896,0.00727072218,0.00662199315,9.49855967e-05,1
0.00390625,897,0.00727962563,0.00663027493,9.51243055e-05,1
0.00390625,898,0.00728853745,0.00663856743,9.52631599e-05,1
0.00390625,899,0.00729744695,0.00664685573,9.54019633e-05,1
0.00390625,900,0.00730635645,0.00665514544,9.55408759e-05,1
0.00390625,901,0.00731527479,0.00666344492,9.56798976e-05,1
0.00390625,902,0.00732419081,0.0066717416,9.58189776e-05,1
0.00390625,903,0.00733310496,0.00668003457,9.59582176e-05,1
0.00390625,904,0.00734202005,0.00668833079,9.60973557e-05,1
0.00390625,905,0.00735094119,0.00669663353,9.62366757e-05,1
0.00390625,906,0.00735986838,0.00670493953,9.63761486e-05,1
0.00390625,907,0.00736878952,0.00671324227,9.65156287e-05,1
0.00390625,908,0.00737771764,0.00672155106,9.6655247e-05,1
0.00390625,909,0.00738664484,0.00672985986,9.67948945e-05,1
0.00390625,910,0.00739557762,0.00673817238,9.69346074e-05,1
0.00390625,911,0.00740450714,0.00674648304,9.70744368e-05,1
0.00390625,912,0.00741344457,0.00675480347,9.72144189e-05,1
0.00390625,913,0.00742237968,0.00676311972,9.7354321e-05,1
0.00390625,914,0.00743131898,0.00677144108,9.7494456e-05,1
0.00390625,915,0.00744026201,0.00677976618,9.76346273e-05,1
0.00390625,916,0.00744920596,0.0067880908,9.77748132e-05,1
0.00390625,917,0.00745814294,0.0067964117,9.79150063e-05,1
0.00390625,918,0.00746709853,0.0068047489,9.80555342e-05,1
0.00390625,919,0.00747603877,0.00681307074,9.81959238e-05,1
0.00390625,920,0.0074849925,0.00682140701,9.83366044e-05,1
0.00390625,921,0.0074939453,0.00682974374,9.84772341e-05,1
0.00390625,922,0.00750289578,0.00683807721,9.86178857e-05,1
0.00390625,923,0.00751185091,0.00684641674,9.87586754e-05,1
0.00390625,924,0.0075208093,0.00685475767,9.8899618e-05,1
0.00390625,925,0.00752976583,0.00686309626,9.90406188e-05,1
0.00390625,926,0.0075387354,0.0068714493,9.91816632e-05,1
0.00390625,927,0.00754769519,0.00687979301,9.93226859e-05,1
0.00390625,928,0.00755666569,0.00688814744,9.94640504e-05,1
0.00390625,929,0.00756563526,0.00689650001,9.96053714e-05,1
0.00390625,930,0.00757459365,0.00690484513,9.97466559e-05,1
0.00390625,931,0.00758356648,0.00691320049,9.9888166e-05,1
0.00390625,932,0.00759255234,0.00692157121,0.000100029676,1
0.00390625,933,0.00760151912,0.00692992145,0.000100171274,1
0.00390625,934,0.00761050265,0.00693828985,0.000100313075,1
0.00390625,935,0.00761948247,0.00694665546,0.000100454861,1
0.00390625,936,0.00762845529,0.00695501268,0.000100596728,1
0.00390625,937,0.00763744442,0.00696338667,0.000100738755,1
0.00390625,938,0.00764643401,0.00697175972,0.000100880738,1
0.00390625,939,0.00765542407,0.00698013511,0.000101022917,1
0.00390625,940,0.00766440481,0.00698850211,0.000101165082,1
0.00390625,941,0.00767339952,0.00699688215,0.000101307392,1
0.00390625,942,0.00768238865,0.00700525893,0.000101449754,1
0.00390625,943,0.00769139268,0.00701364642,0.000101592275,1
0.00390625,944,0.0077003832,0.00702202413,0.000101734768,1
0.00390625,945,0.00770938909,0.00703041395,0.00010187742,1
0.00390625,946,0.00771838566,0.00703879865,0.000102020073,1
0.00390625,947,0.00772737898,0.00704717822,0.00010216282,1
0.00390625,948,0.00773639232,0.00705557782,0.000102305748,1
0.00390625,949,0.007745401,0.00706397323,0.000102448699,1
0.00390625,950,0.00775441108,0.00707237003,0.000102591759,1
0.00390625,951,0.00776342489,0.00708077149,0.000102734972,1
0.00390625,952,0.00777244009,0.00708917202,0.000102878112,1
0.00390625,953,0.00778144784,0.00709756976,0.000103021375,1
0.00390625,954,0.00779047096,0.00710597867,0.000103164821,1
0.00390625,955,0.00779948942,0.00711438386,0.000103308266,1
0.00390625,956,0.00780850975,0.0071227937,0.000103451799,1
0.00390625,957,0.0078175338,0.00713120354,0.000103595397,1
0.00390625,958,0.00782655459,0.00713961478,0.000103739134,1
0.00390625,959,0.0078355819,0.00714802835,0.000103882921,1
0.00390625,960,0.0078446148,0.00715644937,0.000104026709,1
0.00390625,961,0.00785364211,0.00716486387,0.000104170686,1
0.00390625,962,0.0078626778,0.00717328908,0.000104314684,1
0.00390625,963,0.00787170511,0.00718170544,0.000104458792,1
0.00390625,964,0.00788074918,0.0071901367,0.000104603161,1
0.00390625,965,0.00788978208,0.00719855959,0.000104747262,1
0.00390625,966,0.00789882615,0.00720699271,0.000104891646,1
0.00390625,967,0.00790786278,0.00721542118,0.000105036088,1
0.00390625,968,0.00791690871,0.00722385384,0.000105180727,1
0.00390625,969,0.0079259621,0.00723229581,0.00010532538,1
0.00390625,970,0.0079350071,0.00724073127,0.000105470106,1
0.00390625,971,0.00794405397,0.00724916952,0.000105614788,1
0.00390625,972,0.00795311015,0.00725761475,0.000105759689,1
0.00390625,973,0.00796216261,0.00726605626,0.000105904619,1
0.00390625,974,0.00797121972,0.00727450382,0.000106049651,1
0.00390625,975,0.0079802759,0.00728294905,0.000106194777,1
0.00390625,976,0.00798934232,0.00729140779,0.000106340107,1
0.00390625,977,0.00799840502,0.00729985954,0.000106485328,1
0.00390625,978,0.00800747145,0.00730831642,0.000106630752,1
0.00390625,979,0.0080165267,0.00731676398,0.000106776133,1
0.00390625,980,0.00802560244,0.00732522737,0.000106921761,1
0.00390625,981,0.00803466886,0.00733368844,0.000107067302,1
0.00390625,982,0.00804374274,0.00734215183,0.000107213054,1
0.00390625,983,0.00805282407,0.00735062407,0.000107358952,1
0.00390625,984,0.00806189142,0.00735908607,0.000107504711,1
0.00390625,985,0.00807096809,0.0073675504,0.000107650674,1
0.00390625,986,0.00808004942,0.00737602543,0.000107796746,1
0.00390625,987,0.00808913261,0.00738450279,0.000107942855,1
0.00390625,988,0.00809821859,0.0073929769,0.000108089058,1
0.00390625,989,0.00810730271,0.00740145519,0.000108235407,1
0.00390625,990,0.00811639614,0.00740994047,0.000108381784,1
0.00390625,991,0.00812548492,0.0074184211,0.000108528329,1
0.00390625,992,0.00813457463,0.00742690498,0.000108674809,1
0.00390625,993,0.00814367179,0.00743539212,0.000108821456,1
0.00390625,994,0.00815276057,0.00744387787,0.000108968226,1
0.00390625,995,0.00816186424,0.00745237386,0.000109115041,1
0.00390625,996,0.00817096606,0.00746086705,0.000109261913,1
0.00390625,997,0.00818006787,0.00746936398,0.00010940888,1
0.00390625,998,0.00818916969,0.00747785904,0.000109555913,1
0.00390625,999,0.00819827523,0.00748635782,0.000109703069,1
0.00390625,1000,0.00820738263,0.00749485753,0.000109850334,1
0.00390625,1001,0.00821649656,0.00750336703,0.000109997665,1
0.00390625,1002,0.00822560303,0.00751186907,0.000110145018,1
0.00390625,1003,0.00823471975,0.0075203795,0.000110292574,1
0.00390625,1004,0.00824383553,0.00752888806,0.000110440094,1
0.00390625,1005,0.00825295597,0.00753740268,0.00011058776,1
0.00390625,1006,0.00826207548,0.00754591543,0.000110735557,1
0.00390625,1007,0.00827119779,0.00755443331,0.000110883324,1
0.00390625,1008,0.00828031823,0.00756295165,0.000111031288,1
0.00390625,1009,0.00828944519,0.00757147139,0.000111179223,1
0.00390625,1010,0.00829857588,0.00757999625,0.000111327361,1
0.00390625,1011,0.00830770284,0.00758852018,0.000111475485,1
0.00390625,1012,0.00831684005,0.00759705389,0.000111623798,1
0.00390625,1013,0.00832596421,0.00760557409,0.000111772082,1
0.00390625,1014,0.00833510049,0.00761410641,0.000111920534,1
0.00390625,1015,0.00834423956,0.00762264151,0.000112068978,1
0.00390625,1016,0.00835337862,0.00763117569,0.000112217531,1
0.00390625,1017,0.00836252235,0.00763971545,0.000112366193,1
0.00390625,1018,0.0083716698,0.00764825661,0.000112515059,1
0.00390625,1019,0.00838081539,0.00765680103,0.000112663867,1
0.00390625,1020,0.00838996097,0.00766534312,0.000112812762,1
0.00390625,1021,0.00839910656,0.00767388614,0.000112961839,1
0.00390625,1022,0.0084082596,0.00768243615,0.000113110924,1
0.00390625,1023,0.0084174173,0.00769098941,0.00011326011,1
0.001953125,0,4.53998546e-05,0,0,1
0.001953125,1,5.26588083e-05,6.5404015e-06,7.70012818e-08,1
0.001953125,2,5.991941e-05,1.30826138e-05,1.5405999e-07,1
0.001953125,3,6.71817907e-05,1.96266064e-05,2.31176017e-07,1
0.001953125,4,7.44458303e-05,2.61724381e-05,3.08349456e-07,1
0.001953125,5,8.17115651e-05,3.27200796e-05,3.85580194e-07,1
0.001953125,6,8.897917e-05,3.9269562e-05,4.62868343e-07,1
0.001953125,7,9.62483464e-05,4.58207651e-05,5.40214558e-07,1
0.001953125,8,0.000103519313,5.23738054e-05,6.17617445e-07,1
0.001953125,9,0.000110792083,5.89287483e-05,6.95078882e-07,1
0.001953125,10,0.000118066426,6.54854084e-05,7.72597218e-07,1
0.001953125,11,0.000125342645,7.20439348e-05,8.50172114e-07,1
0.001953125,12,0.000132620553,7.86042583e-05,9.27806695e-07,1
0.001953125,13,0.000139900279,8.51665027e-05,1.00549755e-06,1
0.001953125,14,0.000147181447,9.17303041e-05,1.08324582e-06,1
0.001953125,15,0.00015446452,9.82961064e-05,1.16105275e-06,1
0.001953125,16,0.000161749398,0.000104863713,1.23891652e-06,1
0.001953125,17,0.000169035804,0.000111433044,1.31683885e-06,1
0.001953125,18,0.000176324203,0.000118004318,1.39481904e-06,1
0.001953125,19,0.000183613985,0.000124577185,1.47285652e-06,1
0.001953125,20,0.000190905746,0.00013115209,1.55095097e-06,1
0.001953125,21,0.000198199181,0.000137728668,1.6291026e-06,1
0.001953125,22,0.000205494449,0.000144307181,1.70731357e-06,1
0.001953125,23,0.000212791201,0.000150887281,1.78558355e-06,1
0.001953125,24,0.000220089903,0.000157469563,1.86390969e-06,1
0.001953125,25,0.000227390075,0.000164053243,1.9422921e-06,1
0.001953125,26,0.000234692256,0.000170639076,2.02073534e-06,1
0.001953125,27,0.000241996051,0.00017722648,2.09923542e-06,1
0.001953125,28,0.000249301927,0.000183816155,2.17779439e-06,1
0.001953125,29,0.000256608997,0.000190407256,2.25640974e-06,1
0.001953125,30,0.000263918133,0.000197000249,2.33508354e-06,1
0.001953125,31,0.00027122852,0.000203594813,2.41381645e-06,1
0.001953125,32,0.000278541265,0.000210191633,2.49260711e-06,1
0.001953125,33,0.000285855553,0.000216790067,2.57145552e-06,1
0.001953125,34,0.000293171266,0.000223390118,2.65036374e-06,1
0.001953125,35,0.000300488697,0.000229992118,2.72932516e-06,1
0.001953125,36,0.000307808194,0.000236595981,2.80835116e-06,1
0.001953125,37,0.000315129291,0.000243201779,2.88742831e-06,1
0.001953125,38,0.000322452281,0.000249809411,2.96656935e-06,1
0.001953125,39,0.0003297769,0.000256418687,3.04576588e-06,1
0.001953125,40,0.000337103294,0.000263029884,3.12502266e-06,1
0.001953125,41,0.000344431697,0.000269643293,3.20433765e-06,1
0.001953125,42,0.00035176106,0.000276257721,3.28370902e-06,1
0.001953125,43,0.00035909281,0.000282874476,3.36313747e-06,1
0.001953125,44,0.000366425695,0.000289492542,3.44262207e-06,1
0.001953125,45,0.000373761199,0.000296113285,3.52217489e-06,1
0.001953125,46,0.000381097838,0.000302735367,3.60178137e-06,1
0.001953125,47,0.000388436019,0.000309358933,3.68144333e-06,1
0.001953125,48,0.000395776326,0.00031598474,3.76116873e-06,1
0.001953125,49,0.000403118058,0.000322612177,3.84094574e-06,1
0.001953125,50,0.000410462089,0.000329242088,3.92078709e-06,1
0.001953125,51,0.000417807256,0.000335872988,4.00068257e-06,1
0.001953125,52,0.000425154489,0.000342506042,4.08064034e-06,1
0.001953125,53,0.000432503351,0.000349140901,4.16066314e-06,1
0.001953125,54,0.000439854601,0.000355778058,4.2407296e-06,1
0.001953125,55,0.000447206257,0.000362415944,4.32086017e-06,1
0.001953125,56,0.000454560679,0.000369056623,4.40105532e-06,1
0.001953125,57,0.000461916643,0.000375698728,4.48130095e-06,1
0.001953125,58,0.000469274033,0.000382342667,4.56161479e-06,1
0.001953125,59,0.000476632762,0.000388988003,4.64197865e-06,1
0.001953125,60,0.000483994285,0.000395636016,4.72240754e-06,1
0.001953125,61,0.000491356652,0.000402285223,4.80288554e-06,1
0.001953125,62,0.0004987219,0.000408937223,4.88342721e-06,1
0.001953125,63,0.00050608837,0.000415590359,4.96403209e-06,1
0.001953125,64,0.000513455714,0.000422244804,5.0446929e-06,1
0.001953125,65,0.000520825794,0.000428901869,5.12541283e-06,1
0.001953125,66,0.000528197445,0.000435560447,5.20619324e-06,1
0.001953125,67,0.000535570201,0.000442220335,5.28702731e-06,1
0.001953125,68,0.000542945461,0.000448882987,5.36792322e-06,1
0.001953125,69,0.000550322118,0.000455547124,5.44888098e-06,1
0.001953125,70,0.000557700754,0.000462213007,5.52989741e-06,1
0.001953125,71,0.000565080438,0.000468880375,5.61095976e-06,1
0.001953125,72,0.000572462566,0.000475550245,5.69209624e-06,1
0.001953125,73,0.000579846324,0.000482221541,5.77329001e-06,1
0.001953125,74,0.000587231421,0.000488894817,5.85453881e-06,1
0.001953125,75,0.000594619312,0.000495570304,5.93585446e-06,1
0.001953125,76,0.000602007611,0.000502246607,6.0172174e-06,1
0.001953125,77,0.000609398878,0.000508925878,6.09864628e-06,1
0.001953125,78,0.000616791251,0.000515606545,6.18013337e-06,1
0.001953125,79,0.000624184555,0.000522288261,6.26167321e-06,1
0.001953125,80,0.000631580828,0.000528972712,6.3432808e-06,1
0.001953125,81,0.00063897873,0.000535659085,6.42494933e-06,1
0.001953125,82,0.000646378146,0.000542346912,6.50667062e-06,1
0.001953125,83,0.000653778785,0.000549036311,6.5884542e-06,1
0.001953125,84,0.000661181984,0.000555728155,6.67030145e-06,1
0.001953125,85,0.000668586756,0.000562421686,6.75219053e-06,1
0.001953125,86,0.000675992575,0.000569116324,6.83415692e-06,1
0.001953125,87,0.000683401013,0.000575813698,6.91617834e-06,1
0.001953125,88,0.000690811081,0.000582512759,6.99825841e-06,1
0.001953125,89,0.000698222197,0.000589212985,7.08039397e-06,1
0.001953125,90,0.000705636165,0.000595916412,7.16259638e-06,1
0.001953125,91,0.000713050424,0.00060262013,7.24483925e-06,1
0.001953125,92,0.000720466545,0.000609325478,7.32716171e-06,1
0.001953125,93,0.000727886509,0.000616034784,7.40955466e-06,1
0.001953125,94,0.000735306065,0.00062274409,7.4919858e-06,1
0.001953125,95,0.000742728356,0.000629456074,7.57448242e-06,1
0.001953125,96,0.000750151754,0.000636169279,7.65703226e-06,1
0.001953125,97,0.000757578237,0.000642885454,7.73965257e-06,1
0.001953125,98,0.000765005476,0.000649602793,7.8223311e-06,1
0.001953125,99,0.00077243417,0.000656321645,7.90505965e-06,1
0.001953125,100,0.000779864378,0.000663041952,7.98784549e-06,1
0.001953125,101,0.000787297438,0.000669765519,8.07071137e-06,1
0.001953125,102,0.000794731837,0.000676490075,8.15362728e-06,1
0.001953125,103,0.000802168273,0.000683216611,8.2366023e-06,1
0.001953125,104,0.000809605233,0.000689944136,8.31962916e-06,1
0.001953125,105,0.000817045511,0.000696674979,8.40272151e-06,1
0.001953125,106,0.00082448608,0.000703406055,8.48586296e-06,1
0.001953125,107,0.000831929268,0.000710140564,8.56908173e-06,1
0.001953125,108,0.000839375192,0.000716877053,8.65235961e-06,1
0.001953125,109,0.000846820942,0.000723613717,8.73568843e-06,1
0.001953125,110,0.000854269369,0.000730352942,8.81908909e-06,1
0.001953125,111,0.000861719716,0.00073709432,8.90254432e-06,1
0.001953125,112,0.000869170763,0.000743837038,8.98604412e-06,1
0.001953125,113,0.000876624894,0.000750582374,9.0696285e-06,1
0.001953125,114,0.000884080655,0.000757329224,9.15325381e-06,1
0.001953125,115,0.000891536591,0.000764076714,9.23693733e-06,1
0.001953125,116,0.000898995786,0.000770827639,9.32069452e-06,1
0.001953125,117,0.00090645731,0.000777580601,9.40451901e-06,1
0.001953125,118,0.000913918309,0.000784333679,9.48837078e-06,1
0.001953125,119,0.000921383558,0.000791090482,9.57232351e-06,1
0.001953125,120,0.000928848865,0.000797847926,9.65630716e-06,1
0.001953125,121,0.000936316152,0.000804607233,9.74035902e-06,1
0.001953125,122,0.000943785941,0.000811368809,9.82447e-06,1
0.001953125,123,0.000951257127,0.000818132481,9.90865283e-06,1
0.001953125,124,0.000958729186,0.000824897317,9.99288568e-06,1
0.001953125,125,0.000966204738,0.000831664831,1.00771622e-05,1
0.001953125,126,0.000973680755,0.000838432927,1.01615224e-05,1
0.001953125,127,0.000981159043,0.000845204224,1.02459544e-05,1
0.001953125,128,0.000988638843,0.000851976336,1.0330421e-05,1
0.001953125,129,0.00099612039,0.000858751126,1.04149558e-05,1
0.001953125,130,0.00100360403,0.000865527138,1.0499547e-05,1
0.001953125,131,0.00101108837,0.000872304838,1.05842091e-05,1
0.001953125,132,0.00101857539,0.000879084808,1.06689104e-05,1
0.001953125,133,0.00102606381,0.000885866291,1.07536953e-05,1
0.001953125,134,0.00103355444,0.000892650045,1.08385311e-05,1
0.001953125,135,0.00104104669,0.000899435952,1.09234252e-05,1
0.001953125,136,0.00104854093,0.000906223489,1.10083865e-05,1
0.001953125,137,0.0010560361,0.000913012016,1.10934061e-05,1
0.001953125,138,0.00106353371,0.000919803279,1.11784884e-05,1
0.001953125,139,0.0010710326,0.000926595938,1.12636344e-05,1
0.001953125,140,0.00107853278,0.000933389761,1.13488268e-05,1
0.001953125,141,0.00108603621,0.000940187136,1.14340946e-05,1
0.001953125,142,0.00109354046,0.000946985208,1.15194234e-05,1
0.001953125,143,0.00110104727,0.000953786017,1.16048122e-05,1
0.001953125,144,0.00110855582,0.00096058863,1.16902456e-05,1
0.001953125,145,0.00111606601,0.000967393222,1.17757463e-05,1
0.001953125,146,0.00112357677,0.000974197872,1.1861317e-05,1
0.001953125,147,0.00113109045,0.000981006073,1.19469487e-05,1
0.001953125,148,0.00113860448,0.000987814623,1.20326276e-05,1
0.001953125,149,0.00114612177,0.000994626782,1.21183766e-05,1
0.001953125,150,0.0011536401,0.00100143976,1.22041956e-05,1
0.001953125,151,0.00116116041,0.00100825471,1.22900419e-05,1
0.001953125,152,0.00116868247,0.00101507187,1.23759837e-05,1
0.001953125,153,0.00117620698,0.00102189113,1.24619737e-05,1
0.001953125,154,0.00118373241,0.00102871179,1.25480456e-05,1
0.001953125,155,0.00119125959,0.00103553373,1.26341483e-05,1
0.001953125,156,0.00119878864,0.00104235811,1.27203284e-05,1
0.001953125,157,0.00120631885,0.00104918424,1.28065531e-05,1
0.001953125,158,0.00121385197,0.00105601212,1.28928486e-05,1
0.001953125,159,0.00122138672,0.00106284267,1.29792279e-05,1
0.001953125,160,0.00122892158,0.00106967334,1.30656244e-05,1
0.001953125,161,0.00123646006,0.00107650773,1.31521092e-05,1
0.001953125,162,0.00124399923,0.00108334224,1.32386567e-05,1
0.001953125,163,0.00125154015,0.00109017931,1.33252497e-05,1
0.001953125,164,0.00125908537,0.00109702011,1.34119355e-05,1
0.001953125,165,0.00126662932,0.00110386068,1.34986385e-05,1
0.001953125,166,0.00127417664,0.00111070415,1.3585428e-05,1
0.001953125,167,0.00128172501,0.00111754856,1.36722992e-05,1
0.001953125,168,0.00128927443,0.00112439459,1.37591824e-05,1
0.001953125,169,0.00129682675,0.00113124319,1.38461655e-05,1
0.001953125,170,0.00130438094,0.00113809365,1.3933186e-05,1
0.001953125,171,0.00131193723,0.00114494655,1.40202856e-05,1
0.001953125,172,0.00131949468,0.00115180097,1.41074524e-05,1
0.001953125,173,0.00132705295,0.00115865632,1.4194653e-05,1
0.001953125,174,0.001334614,0.001165514,1.42819426e-05,1
0.001953125,175,0.00134217658,0.00117237365,1.4369275e-05,1
0.001953125,176,0.00134974113,0.00117923541,1.44566693e-05,1
0.001953125,177,0.00135730603,0.00118609774,1.45441336e-05,1
0.001953125,178,0.00136487489,0.00119296415,1.4631657e-05,1
0.001953125,179,0.00137244537,0.00119983137,1.47192559e-05,1
0.001953125,180,0.00138001586,0.00120669953,1.48068884e-05,1
0.001953125,181,0.00138759019,0.00121357129,1.48946074e-05,1
0.001953125,182,0.00139516348,0.00122044259,1.49823682e-05,1
0.001953125,183,0.00140274141,0.00122731831,1.50702108e-05,1
0.001953125,184,0.00141032075,0.00123419531,1.51581053e-05,1
0.001953125,185,0.00141790044,0.0012410729,1.52460625e-05,1
0.001953125,186,0.00142548408,0.00124795444,1.53340716e-05,1
0.001953125,187,0.00143306737,0.0012548354,1.54221689e-05,1
0.001953125,188,0.00144065148,0.00126171811,1.55102971e-05,1
0.001953125,189,0.0014482392,0.0012686043,1.55985053e-05,1
0.001953125,190,0.00145582831,0.00127549178,1.56867627e-05,1
0.001953125,191,0.00146341906,0.00128238101,1.57750892e-05,1
0.001953125,192,0.00147101225,0.0012892735,1.58634757e-05,1
0.001953125,193,0.00147860753,0.00129616656,1.59519313e-05,1
0.001953125,194,0.00148620235,0.00130306033,1.60404397e-05,1
0.001953125,195,0.00149380148,0.00130995875,1.61290209e-05,1
0.001953125,196,0.00150140084,0.00131685717,1.62176639e-05,1
0.001953125,197,0.00150900206,0.00132375758,1.63063469e-05,1
0.001953125,198,0.00151660689,0.00133066124,1.63951172e-05,1
0.001953125,199,0.00152421067,0.00133756432,1.64839439e-05,1
0.001953125,200,0.00153181818,0.00134447112,1.6572827e-05,1
0.001953125,201,0.00153942639,0.00135137921,1.66617574e-05,1
0.001953125,202,0.00154703739,0.00135828962,1.67507842e-05,1
0.001953125,203,0.00155464967,0.00136520166,1.68398583e-05,1
0.001953125,204,0.00156226393,0.00137211569,1.69289924e-05,1
0.001953125,205,0.00156987691,0.00137902854,1.70181702e-05,1
0.001953125,206,0.0015774956,0.00138594722,1.71074353e-05,1
0.001953125,207,0.0015851137,0.00139286486,1.71967531e-05,1
0.001953125,208,0.00159273797,0.0013997897,1.72861346e-05,1
0.001953125,209,0.00160036085,0.00140671269,1.73755925e-05,1
0.001953125,210,0.00160798337,0.00141363533,1.74650941e-05,1
0.001953125,211,0.00161561056,0.00142056344,1.75546684e-05,1
0.001953125,212,0.00162323879,0.00142749166,1.76442954e-05,1
0.001953125,213,0.00163086806,0.00143442198,1.77339989e-05,1
0.001953125,214,0.00163850153,0.00144135579,1.78237497e-05,1
0.001953125,215,0.0016461343,0.00144828961,1.79135732e-05,1
0.001953125,216,0.0016537694,0.00145522563,1.80034567e-05,1
0.001953125,217,0.00166140741,0.00146216468,1.80934021e-05,1
0.001953125,218,0.00166904612,0.00146910432,1.81834257e-05,1
0.001953125,219,0.00167668622,0.00147604547,1.82734802e-05,1
0.001953125,220,0.00168432761,0.00148298859,1.83636021e-05,1
0.001953125,221,0.00169197354,0.00148993521,1.84538003e-05,1
0.001953125,222,0.00169961993,0.00149688323,1.85440567e-05,1
0.001953125,223,0.00170726643,0.00150383159,1.86343696e-05,1
0.001953125,224,0.00171491737,0.00151078415,1.87247806e-05,1
0.001953125,225,0.00172256632,0.00151773472,1.8815208e-05,1
0.001953125,226,0.00173022156,0.00152469205,1.89057191e-05,1
0.001953125,227,0.00173787458,0.00153164729,1.8996283e-05,1
0.001953125,228,0.00174553297,0.00153860776,1.90869359e-05,1
0.001953125,229,0.00175319018,0.00154556707,1.91776362e-05,1
0.001953125,230,0.00176085148,0.0015525301,1.92683929e-05,1
0.001953125,231,0.00176851265,0.0015594943,1.93592132e-05,1
0.001953125,232,0.00177617685,0.00156646105,1.94500826e-05,1
0.001953125,233,0.00178384362,0.00157343003,1.95410521e-05,1
0.001953125,234,0.00179150887,0.0015803983,1.96320616e-05,1
0.001953125,235,0.00179917866,0.00158737041,1.97231275e-05,1
0.001953125,236,0.00180684938,0.0015943438,1.98142607e-05,1
0.001953125,237,0.00181452255,0.00160132034,1.99054721e-05,1
0.001953125,238,0.0018221963,0.00160829758,1.9996718e-05,1
0.001953125,239,0.0018298747,0.00161527842,2.00880568e-05,1
0.001953125,240,0.00183755194,0.00162225857,2.01794664e-05,1
0.001953125,241,0.00184523209,0.00162924221,2.02709089e-05,1
0.001953125,242,0.00185291364,0.00163622689,2.03624295e-05,1
0.001953125,243,0.00186059752,0.00164321437,2.04539956e-05,1
0.001953125,244,0.00186828198,0.00165020209,2.05456727e-05,1
0.001953125,245,0.00187596807,0.00165719236,2.06373661e-05,1
0.001953125,246,0.00188365625,0.00166418497,2.07291359e-05,1
0.001953125,247,0.00189134642,0.00167117931,2.08209567e-05,1
0.001953125,248,0.00189903972,0.00167817611,2.09128557e-05,1
0.001953125,249,0.00190673315,0.00168517348,2.10048074e-05,1
0.001953125,250,0.00191443053,0.00169217493,2.10968592e-05,1
0.001953125,251,0.00192212733,0.00169917697,2.11889255e-05,1
0.001953125,252,0.00192982657,0.00170617993,2.12810774e-05,1
0.001953125,253,0.00193752896,0.00171318639,2.13732874e-05,1
0.001953125,254,0.00194523146,0.00172019436,2.14655738e-05,1
0.001953125,255,0.00195293617,0.00172720361,2.15579312e-05,1
0.001953125,256,0.00196064357,0.00173421507,2.16503067e-05,1
0.001953125,257,0.00196835236,0.00174122886,2.17427878e-05,1
0.001953125,258,0.00197606091,0.00174824253,2.18352998e-05,1
0.001953125,259,0.00198377343,0.00175526005,2.19279082e-05,1
0.001953125,260,0.00199148548,0.0017622778,2.20205711e-05,1
0.001953125,261,0.00199920288,0.00176930043,2.21132887e-05,1
0.001953125,262,0.00200692052,0.00177632296,2.22060662e-05,1
0.001953125,263,0.00201463932,0.00178334757,2.22989147e-05,1
0.001953125,264,0.00202236022,0.00179037324,2.2391836e-05,1
0.001953125,265,0.00203008368,0.00179740298,2.24848154e-05,1
0.001953125,266,0.002037809,0.00180443388,2.25778531e-05,1
0.001953125,267,0.00204553362,0.0018114649,2.26709726e-05,1
0.001953125,268,0.00205326267,0.00181849964,2.27641231e-05,1
0.001953125,269,0.00206099171,0.00182553544,2.28573645e-05,1
0.001953125,270,0.00206872378,0.00183257263,2.29506841e-05,1
0.001953125,271,0.00207645702,0.00183961284,2.30440055e-05,1
0.001953125,272,0.00208419282,0.00184665516,2.31374452e-05,1
0.001953125,273,0.00209192839,0.00185369689,2.3230923e-05,1
0.001953125,274,0.00209966931,0.00186074455,2.33244646e-05,1
0.001953125,275,0.00210740813,0.00186778966,2.34180916e-05,1
0.001953125,276,0.00211515161,0.00187483989,2.35117968e-05,1
0.001953125,277,0.00212289463,0.00188189012,2.36055384e-05,1
0.001953125,278,0.00213064067,0.00188894256,2.36993073e-05,1
0.001953125,279,0.00213838951,0.00189599907,2.37932054e-05,1
0.001953125,280,0.00214613741,0.00190305396,2.38871253e-05,1
0.001953125,281,0.00215388834,0.0019101128,2.39811361e-05,1
0.001953125,282,0.0021616423,0.00191717374,2.40752142e-05,1
0.001953125,283,0.00216939789,0.00192423584,2.41693324e-05,1
0.001953125,284,0.00217715511,0.0019313005,2.42635178e-05,1
0.001953125,285,0.00218491326,0.0019383668,2.43577779e-05,1
0.001953125,286,0.00219267397,0.00194543577,2.44521343e-05,1
0.001953125,287,0.00220043585,0.00195250625,2.45464853e-05,1
0.001953125,288,0.00220820005,0.00195957837,2.46409363e-05,1
0.001953125,289,0.00221596542,0.00196665013,2.47354492e-05,1
0.001953125,290,0.00222373381,0.00197372772,2.48300512e-05,1
0.001953125,291,0.00223150221,0.00198080484,2.49246768e-05,1
0.001953125,292,0.00223927293,0.00198788336,2.50193716e-05,1
0.001953125,293,0.00224704598,0.00199496537,2.51141755e-05,1
0.001953125,294,0.00225482066,0.00200204831,2.52089994e-05,1
0.001953125,295,0.00226259744,0.00200913264,2.53038797e-05,1
0.001953125,296,0.00227037561,0.00201622024,2.53988565e-05,1
0.001953125,297,0.00227815518,0.0020233097,2.54939168e-05,1
0.001953125,298,0.00228593918,0.00203040196,2.55889827e-05,1
0.001953125,299,0.00229371875,0.00203749002,2.56841431e-05,1
0.001953125,300,0.00230150577,0.00204458577,2.57793854e-05,1
0.001953125,301,0.00230929395,0.00205168407,2.58746531e-05,1
0.001953125,302,0.00231708353,0.00205878355,2.59700191e-05,1
0.001953125,303,0.00232487568,0.00206588395,2.6065436e-05,1
0.001953125,304,0.00233266782,0.00207298622,2.61609021e-05,1
0.001953125,305,0.00234046136,0.00208008918,2.6256459e-05,1
0.001953125,306,0.00234825816,0.00208719587,2.63520797e-05,1
0.001953125,307,0.00235605869,0.00209430652,2.64477439e-05,1
0.001953125,308,0.00236385572,0.00210141274,2.65434919e-05,1
0.001953125,309,0.00237165787,0.00210852642,2.66392926e-05,1
0.001953125,310,0.00237946305,0.00211564172,2.67352079e-05,1
0.001953125,311,0.00238726451,0.00212275423,2.68310996e-05,1
0.001953125,312,0.00239507528,0.00212987419,2.69271441e-05,1
0.001953125,313,0.00240288302,0.00213699229,2.7023174e-05,1
0.001953125,314,0.00241069309,0.00214411318,2.71193348e-05,1
0.001953125,315,0.00241850642,0.00215123687,2.72155266e-05,1
0.001953125,316,0.00242631976,0.00215836149,2.73117839e-05,1
0.001953125,317,0.00243413518,0.00216548727,2.74081176e-05,1
0.001953125,318,0.00244195457,0.00217261771,2.75045186e-05,1
0.001953125,319,0.00244977395,0.00217974861,2.76009487e-05,1
0.001953125,320,0.00245759543,0.00218688091,2.7697477e-05,1
0.001953125,321,0.00246541807,0.00219401554,2.77940671e-05,1
0.001953125,322,0.00247324328,0.00220115157,2.7890721e-05,1
0.001953125,323,0.00248107105,0.00220828969,2.79874239e-05,1
0.001953125,324,0.00248890091,0.002215432,2.80842305e-05,1
0.001953125,325,0.00249673217,0.00222257478,2.81810771e-05,1
0.001953125,326,0.00250456249,0.00222971756,2.82779965e-05,1
0.001953125,327,0.00251239538,0.00223686243,2.83749559e-05,1
0.001953125,328,0.00252023502,0.00224401359,2.84720118e-05,1
0.001953125,329,0.00252807024,0.0022511608,2.85691385e-05,1
0.001953125,330,0.00253591035,0.00225831382,2.86663308e-05,1
0.001953125,331,0.00254375231,0.00226546824,2.87635212e-05,1
0.001953125,332,0.00255159498,0.00227262313,2.88608335e-05,1
0.001953125,333,0.00255943928,0.00227977941,2.89582222e-05,1
0.001953125,334,0.00256728451,0.00228693732,2.90556818e-05,1
0.001953125,335,0.00257513369,0.00229409989,2.91531287e-05,1
0.001953125,336,0.00258298591,0.00230126455,2.92507175e-05,1
0.001953125,337,0.00259083696,0.00230842899,2.93483517e-05,1
0.001953125,338,0.00259869196,0.00231559668,2.9446077e-05,1
0.001953125,339,0.00260654883,0.0023227674,2.95438458e-05,1
0.001953125,340,0.00261440314,0.00232993509,2.96416347e-05,1
0.001953125,341,0.0026222642,0.0023371086,2.97395673e-05,1
0.001953125,342,0.00263012527,0.00234428211,2.98375162e-05,1
0.001953125,343,0.00263799075,0.00235146284,2.99355688e-05,1
0.001953125,344,0.00264585251,0.00235863752,3.00336451e-05,1
0.001953125,345,0.00265371962,0.00236581848,3.01317996e-05,1
0.001953125,346,0.0026615886,0.00237300131,3.02300268e-05,1
0.001953125,347,0.00266945735,0.00238018413,3.03282977e-05,1
0.001953125,348,0.00267733098,0.00238737185,3.04266723e-05,1
0.001953125,349,0.00268520624,0.00239456119,3.05251124e-05,1
0.001953125,350,0.00269308081,0.00240174937,3.06236179e-05,1
0.001953125,351,0.00270096096,0.00240894454,3.0722189e-05,1
0.001953125,352,0.00270883692,0.00241613504,3.082076e-05,1
0.001953125,353,0.00271672173,0.00242333394,3.09194547e-05,1
0.001953125,354,0.00272460282,0.00243053003,3.1018204e-05,1
0.001953125,355,0.0027324867,0.00243772822,3.11170625e-05,1
0.001953125,356,0.00274037383,0.00244493061,3.12159355e-05,1
0.001953125,357,0.00274826167,0.00245213392,3.13148958e-05,1
0.001953125,358,0.00275615044,0.0024593377,3.14138524e-05,1
0.001953125,359,0.00276404456,0.0024665473,3.15129946e-05,1
0.001953125,360,0.00277193636,0.00247375434,3.16121332e-05,1
0.001953125,361,0.00277983537,0.00248096883,3.17113299e-05,1
0.001953125,362,0.00278773089,0.00248818006,3.18106686e-05,1
0.001953125,363,0.00279563176,0.00249539642,3.19099781e-05,1
0.001953125,364,0.00280353427,0.00250261417,3.20093786e-05,1
0.001953125,365,0.00281143794,0.00250983401,3.21089065e-05,1
0.001953125,366,0.00281933928,0.0025170513,3.22084124e-05,1
0.001953125,367,0.00282724854,0.00252427557,3.23080458e-05,1
0.001953125,368,0.00283515663,0.0025314996,3.24077446e-05,1
0.001953125,369,0.00284306216,0.00253872317,3.2507447e-05,1
0.001953125,370,0.00285097747,0.00254595326,3.26072841e-05,1
0.001953125,371,0.00285888975,0.00255318242,3.27071502e-05,1
0.001953125,372,0.0028668039,0.00256041368,3.28070892e-05,1
0.001953125,373,0.00287472107,0.00256764796,3.29070972e-05,1
0.001953125,374,0.00288264221,0.0025748848,3.30072035e-05,1
0.001953125,375,0.00289056683,0.00258212653,3.31073752e-05,1
0.001953125,376,0.00289848656,0.00258936267,3.3207536e-05,1
0.001953125,377,0.00290641119,0.0025966058,3.33078424e-05,1
0.001953125,378,0.00291433861,0.00260384916,3.34082288e-05,1
0.001953125,379,0.00292226602,0.00261109415,3.35085715e-05,1
0.001953125,380,0.00293019856,0.00261834427,3.36091107e-05,1
0.001953125,381,0.00293812924,0.00262559322,3.37095989e-05,1
0.001953125,382,0.00294606434,0.00263284519,3.38102582e-05,1
0.001953125,383,0.00295399898,0.00264009717,3.39109247e-05,1
0.001953125,384,0.00296193757,0.00264735334,3.40116785e-05,1
0.001953125,385,0.00296987523,0.00265460904,3.4112476e-05,1
0.001953125,386,0.00297781592,0.00266186846,3.42133608e-05,1
0.001953125,387,0.00298576104,0.00266913138,3.4314322e-05,1
0.001953125,388,0.00299370475,0.00267639314,3.44153304e-05,1
0.001953125,389,0.0030016494,0.00268365699,3.45164226e-05,1
0.001953125,390,0.00300959894,0.00269092433,3.46175402e-05,1
0.001953125,391,0.0030175494,0.00269819307,3.47187743e-05,1
0.001953125,392,0.0030255008,0.00270546391,3.48200665e-05,1
0.001953125,393,0.00303345709,0.002712738,3.49214097e-05,1
0.001953125,394,0.00304141315,0.00272001349,3.50228256e-05,1
0.001953125,395,0.00304936711,0.00272728619,3.51243325e-05,1
0.001953125,396,0.00305732805,0.00273456727,3.52258685e-05,1
0.001953125,397,0.0030652883,0.00274184602,3.53275063e-05,1
0.001953125,398,0.00307325041,0.0027491271,3.54291369e-05,1
0.001953125,399,0.00308121345,0.00275640981,3.55308621e-05,1
0.001953125,400,0.00308918348,0.00276369951,3.56327437e-05,1
0.001953125,401,0.0030971535,0.0027709885,3.57346216e-05,1
0.001953125,402,0.00310512376,0.0027782789,3.58365651e-05,1
0.001953125,403,0.00311309146,0.00278556626,3.59385667e-05,1
0.001953125,404,0.00312106917,0.00279286457,3.60407284e-05,1
0.001953125,405,0.00312904501,0.00280016032,3.61428465e-05,1
0.001953125,406,0.00313702086,0.00280745607,3.62450701e-05,1
0.001953125,407,0.00314500253,0.00281475787,3.634737e-05,1
0.001953125,408,0.00315298326,0.00282205874,3.64497064e-05,1
0.001953125,409,0.00316096819,0.00282936427,3.65521773e-05,1
0.001953125,410,0.00316894846,0.0028366656,3.66546301e-05,1
0.001953125,411,0.00317693828,0.00284397509,3.67571956e-05,1
0.001953125,412,0.00318492786,0.00285128551,3.68598048e-05,1
0.001953125,413,0.00319291675,0.00285859569,3.69625741e-05,1
0.001953125,414,0.00320090889,0.00286590797,3.70652888e-05,1
0.001953125,415,0.00320890523,0.0028732263,3.71681454e-05,1
0.001953125,416,0.00321689667,0.00288053928,3.72710383e-05,1
0.001953125,417,0.00322489836,0.00288786204,3.73740113e-05,1
0.001953125,418,0.00323289563,0.00289518153,3.74770025e-05,1
0.001953125,419,0.00324089546,0.00290250289,3.75801246e-05,1
0.001953125,420,0.00324889924,0.00290982728,3.76832868e-05,1
0.001953125,421,0.00325690978,0.00291716005,3.77865581e-05,1
0.001953125,422,0.00326491264,0.00292448467,3.78898803e-05,1
0.001953125,423,0.00327291968,0.00293181348,3.79932135e-05,1
0.001953125,424,0.00328092882,0.00293914508,3.80966521e-05,1
0.001953125,425,0.00328894565,0.00294648414,3.82002036e-05,1
0.001953125,426,0.00329695549,0.00295381644,3.83037477e-05,1
0.001953125,427,0.00330497418,0.00296115805,3.84073865e-05,1
0.001953125,428,0.0033129903,0.00296849594,3.85111271e-05,1
0.001953125,429,0.00332101365,0.00297584105,3.86148895e-05,1
0.001953125,430,0.00332903164,0.00298318244,3.87187611e-05,1
0.001953125,431,0.00333705964,0.0029905329,3.88226581e-05,1
0.001953125,432,0.00334508298,0.00299787964,3.89266606e-05,1
0.001953125,433,0.00335310725,0.00300522754,3.90307141e-05,1
0.001953125,434,0.00336113432,0.0030125773,3.91348185e-05,1
0.001953125,435,0.00336916698,0.00301993359,3.92390066e-05,1
0.001953125,436,0.0033772022,0.00302729197,3.93432929e-05,1
0.001953125,437,0.00338523369,0.00303464755,3.94475937e-05,1
0.001953125,438,0.00339326798,0.003042005,3.95519892e-05,1
0.001953125,439,0.00340130948,0.0030493699,3.96564647e-05,1
0.001953125,440,0.00340935076,0.0030567355,3.97610056e-05,1
0.001953125,441,0.00341739343,0.00306410156,3.98656193e-05,1
0.001953125,442,0.0034254326,0.00307146483,3.99702585e-05,1
0.001953125,443,0.00343347993,0.00307883648,4.00749777e-05,1
0.001953125,444,0.00344152725,0.0030862079,4.01798425e-05,1
0.001953125,445,0.00344957574,0.00309358095,4.02846781e-05,1
0.001953125,446,0.00345762656,0.00310095516,4.03896265e-05,1
0.001953125,447,0.00346567784,0.00310833193,4.04946404e-05,1
0.001953125,448,0.00347373099,0.00311570987,4.05996761e-05,1
0.001953125,449,0.00348178647,0.00312308921,4.07048356e-05,1
0.001953125,450,0.00348984776,0.00313047646,4.0810075e-05,1
0.001953125,451,0.00349791092,0.00313786417,4.0915369e-05,1
0.001953125,452,0.00350596895,0.00314524677,4.10207031e-05,1
0.001953125,453,0.00351403304,0.00315263681,4.11261426e-05,1
0.001953125,454,0.00352210016,0.00316002872,4.12316294e-05,1
0.001953125,455,0.00353016797,0.00316742156,4.13371927e-05,1
0.001953125,456,0.00353823672,0.00317481649,4.14428214e-05,1
0.001953125,457,0.00354630733,0.00318221259,4.15485229e-05,1
0.001953125,458,0.00355437957,0.00318961078,4.16542716e-05,1
0.001953125,459,0.0035624539,0.00319701107,4.17601041e-05,1
0.001953125,460,0.0035705287,0.00320441299,4.18660093e-05,1
0.001953125,461,0.00357860536,0.00321181514,4.19720054e-05,1
0.001953125,462,0.00358668668,0.00321922172,4.2078027e-05,1
0.001953125,463,0.00359477452,0.00322663621,4.21841833e-05,1
0.001953125,464,0.00360285374,0.00323404232,4.2290314e-05,1
0.001953125,465,0.00361094042,0.00324145565,4.23965503e-05,1
0.001953125,466,0.00361902663,0.00324886874,4.2502892e-05,1
0.001953125,467,0.00362711633,0.00325628486,4.26092374e-05,1
0.001953125,468,0.00363520603,0.00326370192,4.27156847e-05,1
0.001953125,469,0.00364330015,0.003271122,4.28222666e-05,1
0.001953125,470,0.00365138962,0.00327853975,4.29288266e-05,1
0.001953125,471,0.00365949259,0.00328596961,4.30355103e-05,1
0.001953125,472,0.00366758765,0.00329339295,4.31421868e-05,1
0.001953125,473,0.00367568922,0.00330082164,4.32490961e-05,1
0.001953125,474,0.00368379569,0.00330825406,4.33558998e-05,1
0.001953125,475,0.00369189749,0.00331568415,4.34628564e-05,1
0.001953125,476,0.0037000021,0.00332311774,4.35698785e-05,1
0.001953125,477,0.00370810996,0.00333055318,4.36769114e-05,1
0.001953125,478,0.00371622061,0.00333798979,4.378413e-05,1
0.001953125,479,0.00372433639,0.00334543409,4.38913448e-05,1
0.001953125,480,0.00373244938,0.00335287582,4.39985743e-05,1
0.001953125,481,0.00374056282,0.00336031732,4.41059783e-05,1
0.001953125,482,0.00374867907,0.00336776162,4.42133496e-05,1
0.001953125,483,0.0037568009,0.00337521173,4.43208846e-05,1
0.001953125,484,0.0037649197,0.00338265975,4.44284124e-05,1
0.001953125,485,0.0037730441,0.00339011336,4.45361184e-05,1
0.001953125,486,0.00378116476,0.00339756324,4.4643748e-05,1
0.001953125,487,0.00378929218,0.00340501871,4.47515486e-05,1
0.001953125,488,0.0037974217,0.00341247744,4.48594183e-05,1
0.001953125,489,0.00380555005,0.0034199357,4.49672989e-05,1
0.001953125,490,0.00381368189,0.00342739653,4.50752777e-05,1
0.001953125,491,0.00382181723,0.00343486038,4.51833075e-05,1
0.001953125,492,0.00382995489,0.00344232889,4.5291461e-05,1
0.001953125,493,0.00383808953,0.00344979134,4.53996727e-05,1
0.001953125,494,0.00384622999,0.00345726311,4.5507928e-05,1
0.001953125,495,0.00385436951,0.00346473232,4.56162561e-05,1
0.001953125,496,0.00386250671,0.0034721992,4.57245878e-05,1
0.001953125,497,0.00387065578,0.00347968005,4.58330869e-05,1
0.001953125,498,0.00387880206,0.00348715694,4.59416151e-05,1
0.001953125,499,0.00388695369,0.00349463569,4.60502888e-05,1
0.001953125,500,0.00389510277,0.00350211561,4.61589443e-05,1
0.001953125,501,0.0039032537,0.00350959715,4.62676799e-05,1
0.001953125,502,0.00391140627,0.00351708103,4.63764773e-05,1
0.001953125,503,0.00391956279,0.00352456816,4.64853838e-05,1
0.001953125,504,0.00392771838,0.00353205483,4.6594334e-05,1
0.001953125,505,0.00393588003,0.00353954756,4.67033788e-05,1
0.001953125,506,0.00394404354,0.00354704144,4.68124927e-05,1
0.001953125,507,0.00395220891,0.00355453766,4.69216866e-05,1
0.001953125,508,0.00396037195,0.00356203341,4.70308842e-05,1
0.001953125,509,0.00396853453,0.00356952683,4.71402018e-05,1
0.001953125,510,0.00397670595,0.00357703166,4.72495667e-05,1
0.001953125,511,0.00398487411,0.00358452997,4.7359059e-05,1
0.001953125,512,0.00399304926,0.0035920369,4.74685512e-05,1
0.001953125,513,0.00400122581,0.00359954569,4.75781162e-05,1
0.001953125,514,0.00400939677,0.00360704679,4.76878195e-05,1
0.001953125,515,0.00401757751,0.00361456163,4.77975882e-05,1
0.001953125,516,0.00402575778,0.00362207484,4.79073242e-05,1
0.001953125,517,0.00403394224,0.00362959038,4.80171948e-05,1
0.001953125,518,0.0040421281,0.00363710825,4.81271854e-05,1
0.001953125,519,0.00405030651,0.0036446203,4.8237187e-05,1
0.001953125,520,0.00405849842,0.00365214469,4.83472722e-05,1
0.001953125,521,0.00406668382,0.00365966302,4.84574412e-05,1
0.001953125,522,0.00407487387,0.00366718601,4.85676355e-05,1
0.001953125,523,0.00408307277,0.00367471878,4.86779318e-05,1
0.001953125,524,0.00409126794,0.0036822462,4.87883117e-05,1
0.001953125,525,0.00409946404,0.00368977478,4.88987425e-05,1
0.001953125,526,0.00410766294,0.00369730801,4.9009217e-05,1
0.001953125,527,0.00411586324,0.00370484032,4.91198371e-05,1
0.001953125,528,0.00412406446,0.00371237495,4.92305044e-05,1
0.001953125,529,0.00413226709,0.00371991307,4.93411935e-05,1
0.001953125,530,0.00414047251,0.0037274519,4.94519772e-05,1
0.001953125,531,0.00414868305,0.00373499445,4.95628447e-05,1
0.001953125,532,0.00415688893,0.0037425349,4.96737593e-05,1
0.001953125,533,0.00416510459,0.00375008606,4.97848159e-05,1
0.001953125,534,0.0041733156,0.00375762931,4.98958652e-05,1
0.001953125,535,0.00418153359,0.0037651821,5.00069509e-05,1
0.001953125,536,0.00418975158,0.00377273536,5.01182403e-05,1
0.001953125,537,0.00419796677,0.00378028513,5.02295043e-05,1
0.001953125,538,0.00420618756,0.00378784258,5.03408373e-05,1
0.001953125,539,0.00421440881,0.0037953984,5.04522432e-05,1
0.001953125,540,0.00422263471,0.00380295981,5.05637727e-05,1
0.001953125,541,0.00423086109,0.00381052005,5.06753713e-05,1
0.001953125,542,0.00423908932,0.00381808286,5.07870172e-05,1
0.001953125,543,0.00424731988,0.00382564915,5.08987359e-05,1
0.001953125,544,0.00425555184,0.00383321359,5.1010491e-05,1
0.001953125,545,0.00426378613,0.00384078524,5.11223807e-05,1
0.001953125,546,0.00427202135,0.0038483548,5.12343104e-05,1
0.001953125,547,0.00428025797,0.00385592738,5.13462728e-05,1
0.001953125,548,0.00428849878,0.00386350695,5.14583735e-05,1
0.001953125,549,0.00429673959,0.0038710821,5.15704305e-05,1
0.001953125,550,0.00430497993,0.00387866143,5.16827058e-05,1
0.001953125,551,0.00431322912,0.00388624496,5.17949884e-05,1
0.001953125,552,0.00432147179,0.00389382383,5.19073183e-05,1
0.001953125,553,0.00432972237,0.00390141015,5.20197391e-05,1
0.001953125,554,0.0043379725,0.00390899694,5.21322872e-05,1
0.001953125,555,0.00434622681,0.00391658768,5.22447881e-05,1
0.001953125,556,0.00435448531,0.00392418355,5.2357489e-05,1
0.001953125,557,0.00436274009,0.00393177383,5.24701973e-05,1
0.001953125,558,0.00437099487,0.0039393669,5.25829637e-05,1
0.001953125,559,0.00437925663,0.00394696509,5.26958684e-05,1
0.001953125,560,0.00438751886,0.00395456376,5.28087257e-05,1
0.001953125,561,0.00439577876,0.00396216335,5.29217396e-05,1
0.001953125,562,0.00440404378,0.00396976527,5.30347788e-05,1
0.001953125,563,0.00441231113,0.00397736859,5.31479345e-05,1
0.001953125,564,0.00442058221,0.00398497889,5.32611484e-05,1
0.001953125,565,0.00442884956,0.00399258407,5.33744533e-05,1
0.001953125,566,0.00443712389,0.0040001967,5.34877399e-05,1
0.001953125,567,0.00444540428,0.00400781538,5.36012303e-05,1
0.001953125,568,0.00445367582,0.00401542336,5.37147098e-05,1
0.001953125,569,0.00446195388,0.00402304111,5.38282766e-05,1
0.001953125,570,0.00447023707,0.00403066166,5.39419598e-05,1
0.001953125,571,0.00447851978,0.00403828453,5.40556466e-05,1
0.001953125,572,0.00448680017,0.00404590182,5.41694426e-05,1
0.001953125,573,0.00449508987,0.00405352982,5.42832495e-05,1
0.001953125,574,0.00450337678,0.00406115688,5.43972164e-05,1
0.001953125,575,0.00451167068,0.00406879,5.45112489e-05,1
0.001953125,576,0.00451995572,0.00407641334,5.46253141e-05,1
0.001953125,577,0.00452825241,0.00408404972,5.47394593e-05,1
0.001953125,578,0.0045365463,0.00409168238,5.48537064e-05,1
0.001953125,579,0.00454484345,0.00409932062,5.49679462e-05,1
0.001953125,580,0.004553142,0.0041069584,5.50822806e-05,1
0.001953125,581,0.004561448,0.00411460316,5.5196786e-05,1
0.001953125,582,0.00456974842,0.0041222428,5.53112877e-05,1
0.001953125,583,0.00457805023,0.0041298843,5.54258768e-05,1
0.001953125,584,0.00458635809,0.00413753232,5.55404731e-05,1
0.001953125,585,0.00459466409,0.00414517941,5.56552186e-05,1
0.001953125,586,0.00460297521,0.00415283116,5.57700187e-05,1
0.001953125,587,0.00461128727,0.00416048197,5.58849024e-05,1
0.001953125,588,0.00461960258,0.00416813837,5.59998734e-05,1
0.001953125,589,0.00462792069,0.00417579757,5.61148081e-05,1
0.001953125,590,0.00463623786,0.00418345584,5.62299465e-05,1
0.001953125,591,0.00464456156,0.00419111922,5.63451067e-05,1
0.001953125,592,0.0046528806,0.00419877982,5.64603397e-05,1
0.001953125,593,0.0046612029,0.00420644227,5.6575569e-05,1
0.001953125,594,0.00466952845,0.00421411172,5.66910312e-05,1
0.001953125,595,0.00467785588,0.00422177883,5.68064497e-05,1
0.001953125,596,0.0046861833,0.0042294478,5.69219446e-05,1
0.001953125,597,0.00469451351,0.00423711957,5.70375596e-05,1
0.001953125,598,0.00470284838,0.00424479647,5.71532073e-05,1
0.001953125,599,0.00471118279,0.00425247196,5.72689642e-05,1
0.001953125,600,0.00471951813,0.00426015118,5.7384721e-05,1
0.001953125,601,0.00472785672,0.00426782994,5.75006852e-05,1
0.001953125,602,0.00473619811,0.00427551195,5.76165803e-05,1
0.001953125,603,0.00474453764,0.00428319629,5.77326136e-05,1
0.001953125,604,0.00475288695,0.00429088762,5.78487743e-05,1
0.001953125,605,0.0047612288,0.00429857336,5.79649095e-05,1
0.001953125,606,0.00476957485,0.00430626003,5.80812084e-05,1
0.001953125,607,0.00477792369,0.00431395229,5.81974964e-05,1
0.001953125,608,0.00478628138,0.00432165107,5.83138899e-05,1
0.001953125,609,0.00479463441,0.00432934752,5.84303452e-05,1
0.001953125,610,0.00480298977,0.00433704676,5.85468915e-05,1
0.001953125,611,0.00481134653,0.004344746,5.86635215e-05,1
0.001953125,612,0.00481970469,0.00435244665,5.87802569e-05,1
0.001953125,613,0.00482806377,0.00436015008,5.88969706e-05,1
0.001953125,614,0.00483642565,0.00436785631,5.90137679e-05,1
0.001953125,615,0.00484479032,0.00437556626,5.91307071e-05,1
0.001953125,616,0.0048531564,0.00438327482,5.9247679e-05,1
0.001953125,617,0.00486152619,0.0043909885,5.93647492e-05,1
0.001953125,618,0.00486989785,0.00439870358,5.94819103e-05,1
0.001953125,619,0.00487827277,0.00440642284,5.95990423e-05,1
0.001953125,620,0.00488664396,0.00441413745,5.97163198e-05,1
0.001953125,621,0.00489502121,0.00442185951,5.98336446e-05,1
0.001953125,622,0.00490340032,0.00442958483,5.99510895e-05,1
0.001953125,623,0.00491177849,0.0044373069,6.00685344e-05,1
0.001953125,624,0.004920159,0.00444503129,6.01860847e-05,1
0.001953125,625,0.0049285409,0.0044527594,6.03038061e-05,1
0.001953125,626,0.00493693119,0.00446049264,6.04214874e-05,1
0.001953125,627,0.00494531728,0.00446822448,6.05392706e-05,1
0.001953125,628,0.00495370431,0.00447595725,6.06570866e-05,1
0.001953125,629,0.00496209692,0.00448369561,6.07750735e-05,1
0.001953125,630,0.00497048907,0.00449143304,6.08931041e-05,1
0.001953125,631,0.00497888308,0.00449917233,6.10111056e-05,1
0.001953125,632,0.00498728734,0.00450692093,6.11293435e-05,1
0.001953125,633,0.00499567483,0.00451465696,6.12474978e-05,1
0.001953125,634,0.00500408001,0.00452240743,6.13658121e-05,1
0.001953125,635,0.00501248194,0.00453015463,6.14841629e-05,1
0.001953125,636,0.00502088899,0.00453790743,6.16026155e-05,1
0.001953125,637,0.00502929091,0.00454565696,6.17211699e-05,1
0.001953125,638,0.00503769889,0.00455341116,6.18397171e-05,1
0.001953125,639,0.00504611246,0.00456116954,6.19584825e-05,1
0.001953125,640,0.00505452277,0.00456892792,6.2077168e-05,1
0.001953125,641,0.00506293355,0.00457668677,6.21960062e-05,1
0.001953125,642,0.00507135317,0.00458445214,6.2314859e-05,1
0.001953125,643,0.00507977046,0.00459221518,6.24338281e-05,1
0.001953125,644,0.00508818962,0.0045999838,6.25528846e-05,1
0.001953125,645,0.00509661157,0.00460775197,6.26719993e-05,1
0.001953125,646,0.00510503538,0.00461552246,6.27912159e-05,1
0.001953125,647,0.00511345593,0.00462329108,6.29104688e-05,1
0.001953125,648,0.0051218844,0.00463106763,6.302978e-05,1
0.001953125,649,0.00513031473,0.00463884557,6.31492076e-05,1
0.001953125,650,0.00513874739,0.00464662584,6.3268657e-05,1
0.001953125,651,0.00514718005,0.0046544075,6.33882883e-05,1
0.001953125,652,0.00515561411,0.0046621887,6.35078395e-05,1
0.001953125,653,0.00516404351,0.00466996711,6.36275654e-05,1
0.001953125,654,0.00517248269,0.00467775483,6.37473277e-05,1
0.001953125,655,0.00518092932,0.00468555,6.38672209e-05,1
0.001953125,656,0.00518936571,0.00469333353,6.39871141e-05,1
0.001953125,657,0.00519781513,0.00470113149,6.41071529e-05,1
0.001953125,658,0.00520625897,0.00470892293,6.42272207e-05,1
0.001953125,659,0.00521470653,0.0047167209,6.43473104e-05,1
0.001953125,660,0.00522315828,0.00472452166,6.4467582e-05,1
0.001953125,661,0.00523160584,0.00473231915,6.45878681e-05,1
0.001953125,662,0.00524006085,0.00474012317,6.47082707e-05,1
0.001953125,663,0.00524851587,0.00474792812,6.48286441e-05,1
0.001953125,664,0.00525696995,0.00475573214,6.49491849e-05,1
0.001953125,665,0.00526542636,0.00476353709,6.50697402e-05,1
0.001953125,666,0.00527389394,0.00477135554,6.51904993e-05,1
0.001953125,667,0.00528235314,0.00477916421,6.53112002e-05,1
0.001953125,668,0.00529081887,0.00478697941,6.54320756e-05,1
0.001953125,669,0.00529928599,0.00479479646,6.55529002e-05,1
0.001953125,670,0.00530775404,0.00480261631,6.5673943e-05,1
0.001953125,671,0.00531622488,0.00481043616,6.57949349e-05,1
0.001953125,672,0.00532469666,0.00481825788,6.59160578e-05,1
0.001953125,673,0.00533317449,0.00482608611,6.6037348e-05,1
0.001953125,674,0.00534164812,0.00483391201,6.61585509e-05,1
0.001953125,675,0.00535012269,0.00484173652,6.62798484e-05,1
0.001953125,676,0.00535860378,0.00484957034,6.64012696e-05,1
0.001953125,677,0.00536709186,0.00485740788,6.65227999e-05,1
0.001953125,678,0.00537557667,0.0048652445,6.66444976e-05,1
0.001953125,679,0.00538405683,0.00487307552,6.67660715e-05,1
0.001953125,680,0.00539255049,0.00488092052,6.68877838e-05,1
0.001953125,681,0.00540103484,0.00488875713,6.70095542e-05,1
0.001953125,682,0.00540952571,0.0048965998,6.71313974e-05,1
0.001953125,683,0.00541801378,0.00490444107,6.72532478e-05,1
0.001953125,684,0.0054265121,0.00491229026,6.73753602e-05,1
0.001953125,685,0.00543501507,0.0049201441,6.74974872e-05,1
0.001953125,686,0.00544350594,0.00492798816,6.76195777e-05,1
0.001953125,687,0.00545201171,0.00493584853,6.77419303e-05,1
0.001953125,688,0.0054605091,0.00494369678,6.78641591e-05,1
0.001953125,689,0.00546901766,0.00495155621,6.79866062e-05,1
0.001953125,690,0.00547752855,0.00495941984,6.81090678e-05,1
0.001953125,691,0.00548603386,0.0049672802,6.82315731e-05,1
0.001953125,692,0.00549454056,0.00497513916,6.83542166e-05,1
0.001953125,693,0.00550305611,0.00498300651,6.84768966e-05,1
0.001953125,694,0.00551156327,0.00499086967,6.85996711e-05,1
0.001953125,695,0.00552008348,0.00499874214,6.87225111e-05,1
0.001953125,696,0.00552860368,0.00500661554,6.88454456e-05,1
0.001953125,697,0.00553712202,0.00501448847,6.89684093e-05,1
0.001953125,698,0.00554564362,0.00502236234,6.9091504e-05,1
0.001953125,699,0.00555417035,0.00503024366,6.92147441e-05,1
0.001953125,700,0.00556269381,0.00503812078,6.93378461e-05,1
0.001953125,701,0.00557121821,0.00504599838,6.94611808e-05,1
0.001953125,702,0.00557975052,0.00505388621,6.95845374e-05,1
0.001953125,703,0.00558827864,0.00506176939,6.97080177e-05,1
0.001953125,704,0.00559681375,0.00506965863,6.98315707e-05,1
0.001953125,705,0.0056053414,0.00507754087,6.9955131e-05,1
0.001953125,706,0.00561388582,0.00508543989,7.00788514e-05,1
0.001953125,707,0.00562242325,0.00509333238,7.02025864e-05,1
0.001953125,708,0.00563096395,0.0051012286,7.03264159e-05,1
0.001953125,709,0.0056395079,0.00510912435,7.04503691e-05,1
0.001953125,710,0.00564804627,0.0051170201,7.05742859e-05,1
0.001953125,711,0.00565660698,0.00512493448,7.06984865e-05,1
0.001953125,712,0.00566514721,0.0051328321,7.08225125e-05,1
0.001953125,713,0.00567369955,0.00514073716,7.09467568e-05,1
0.001953125,714,0.0056822435,0.0051486399,7.10708846e-05,1
0.001953125,715,0.00569080096,0.00515655475,7.11953326e-05,1
0.001953125,716,0.00569935283,0.00516446168,7.13197442e-05,1
0.001953125,717,0.00570791354,0.00517237745,7.14443013e-05,1
0.001953125,718,0.00571647845,0.00518029789,7.15689093e-05,1
0.001953125,719,0.00572503405,0.00518820994,7.16935174e-05,1
0.001953125,720,0.00573359849,0.00519613083,7.18183001e-05,1
0.001953125,721,0.00574216573,0.00520405546,7.19431118e-05,1
0.001953125,722,0.00575073343,0.00521198008,7.20680546e-05,1
0.001953125,723,0.00575930439,0.00521990657,7.21930264e-05,1
0.001953125,724,0.00576787861,0.00522783631,7.2318071e-05,1
0.001953125,725,0.00577644678,0.00523576234,7.24431447e-05,1
0.001953125,726,0.00578501821,0.00524369255,7.25683494e-05,1
0.001953125,727,0.00579359615,0.00525162835,7.26936123e-05,1
0.001953125,728,0.00580217503,0.00525956368,7.28189116e-05,1
0.001953125,729,0.00581075391,0.00526749948,7.29443345e-05,1
0.001953125,730,0.0058193407,0.00527544552,7.30699176e-05,1
0.001953125,731,0.00582793029,0.0052833911,7.31955733e-05,1
0.001953125,732,0.00583650963,0.00529133016,7.33211855e-05,1
0.001953125,733,0.00584510202,0.00529927947,7.34468849e-05,1
0.001953125,734,0.00585368695,0.00530722272,7.35726717e-05,1
0.001953125,735,0.00586227793,0.00531517249,7.36985457e-05,1
0.001953125,736,0.00587086705,0.00532312132,7.38245435e-05,1
0.001953125,737,0.0058794748,0.00533108599,7.39506577e-05,1
0.001953125,738,0.00588807091,0.00533904275,7.407667e-05,1
0.001953125,739,0.00589666935,0.0053469995,7.42028642e-05,1
0.001953125,740,0.00590527151,0.00535495859,7.43290948e-05,1
0.001953125,741,0.0059138732,0.00536292093,7.44555073e-05,1
0.001953125,742,0.00592248095,0.00537088653,7.4581927e-05,1
0.001953125,743,0.00593108637,0.00537885167,7.47084123e-05,1
0.001953125,744,0.00593969924,0.00538682379,7.48350576e-05,1
0.001953125,745,0.0059483042,0.00539478939,7.49615647e-05,1
0.001953125,746,0.00595692266,0.0054027657,7.50883482e-05,1
0.001953125,747,0.00596554251,0.00541074853,7.52152409e-05,1
0.001953125,748,0.00597415445,0.00541871972,7.53420754e-05,1
0.001953125,749,0.00598276872,0.00542669417,7.54690045e-05,1
0.001953125,750,0.00599139649,0.0054346812,7.55960937e-05,1
0.001953125,751,0.00600001775,0.00544266216,7.57232337e-05,1
0.001953125,752,0.00600864133,0.00545064826,7.58503957e-05,1
0.001953125,753,0.0060172705,0.00545863574,7.59776813e-05,1
0.001953125,754,0.00602589408,0.0054666223,7.61049159e-05,1
0.001953125,755,0.00603452418,0.00547461165,7.62323689e-05,1
0.001953125,756,0.00604316127,0.00548260985,7.63599528e-05,1
0.001953125,757,0.00605179602,0.00549060619,7.64875294e-05,1
0.001953125,758,0.00606043404,0.00549860438,7.66151861e-05,1
0.001953125,759,0.00606907066,0.00550660351,7.67428573e-05,1
0.001953125,760,0.00607770728,0.00551460264,7.68707032e-05,1
0.001953125,761,0.00608635182,0.00552260829,7.6998549e-05,1
0.001953125,762,0.00609498611,0.0055306037,7.71265477e-05,1
0.001953125,763,0.00610363903,0.0055386168,7.72544954e-05,1
0.001953125,764,0.00611228636,0.0055466271,7.73827414e-05,1
0.001953125,765,0.00612094114,0.00555464393,7.7510922e-05,1
0.001953125,766,0.00612958986,0.00556265563,7.76391098e-05,1
0.001953125,767,0.00613824837,0.00557067571,7.77675668e-05,1
0.001953125,768,0.0061468943,0.00557868602,7.78959293e-05,1
0.001953125,769,0.0061555556,0.0055867089,7.80244736e-05,1
0.001953125,770,0.00616421178,0.00559472758,7.81529961e-05,1
0.001953125,771,0.00617287541,0.00560275512,7.8281766e-05,1
0.001953125,772,0.00618153671,0.00561077986,7.84104341e-05,1
0.001953125,773,0.00619020453,0.00561880972,7.85393349e-05,1
0.001953125,774,0.00619886722,0.00562683493,7.8668163e-05,1
0.001953125,775,0.00620753923,0.00563486991,7.8797173e-05,1
0.001953125,776,0.00621620798,0.00564290443,7.89261831e-05,1
0.001953125,777,0.00622487953,0.00565094035,7.90553459e-05,1
0.001953125,778,0.00623356318,0.00565898372,7.91845523e-05,1
0.001953125,779,0.00624222821,0.00566701638,7.93137442e-05,1
0.001953125,780,0.00625091093,0.00567506207,7.94431544e-05,1
0.001953125,781,0.00625958899,0.00568310544,7.9572601e-05,1
0.001953125,782,0.00626827311,0.00569115253,7.97021057e-05,1
0.001953125,783,0.00627695723,0.00569920195,7.98317196e-05,1
0.001953125,784,0.00628564321,0.00570725091,7.99613699e-05,1
0.001953125,785,0.00629433431,0.00571530545,8.00912021e-05,1
0.001953125,786,0.00630301563,0.00572335254,8.02210488e-05,1
0.001953125,787,0.00631171232,0.00573141407,8.03508592e-05,1
0.001953125,788,0.00632040948,0.00573947839,8.04809097e-05,1
0.001953125,789,0.00632910011,0.00574753247,8.06109238e-05,1
0.001953125,790,0.00633780099,0.00575559912,8.07410906e-05,1
0.001953125,791,0.00634650374,0.00576366857,8.08713157e-05,1
0.001953125,792,0.00635519857,0.0057717301,8.10016136e-05,1
0.001953125,793,0.00636390457,0.00577980094,8.11320351e-05,1
0.001953125,794,0.00637261104,0.00578787224,8.12623985e-05,1
0.001953125,795,0.0063813189,0.00579594634,8.13929291e-05,1
0.001953125,796,0.00639002398,0.00580401812,8.15235107e-05,1
0.001953125,797,0.00639873696,0.00581209827,8.16542452e-05,1
0.001953125,798,0.0064074574,0.00582018401,8.17850159e-05,1
0.001953125,799,0.00641616667,0.00582825858,8.1915874e-05,1
0.001953125,800,0.00642488105,0.00583634106,8.20468122e-05,1
0.001953125,801,0.00643360475,0.00584443193,8.21778085e-05,1
0.001953125,802,0.0064423182,0.00585251115,8.2308834e-05,1
0.001953125,803,0.00645105075,0.00586061133,8.24400631e-05,1
0.001953125,804,0.00645976979,0.00586869707,8.25713141e-05,1
0.001953125,805,0.00646849209,0.00587678561,8.27026233e-05,1
0.001953125,806,0.00647722883,0.00588489091,8.28341581e-05,1
0.001953125,807,0.00648595579,0.0058929855,8.29655328e-05,1
0.001953125,808,0.00649468834,0.00590108661,8.30970894e-05,1
0.001953125,809,0.00650342368,0.00590918865,8.32286823e-05,1
0.001953125,810,0.00651215622,0.00591728836,8.33603408e-05,1
0.001953125,811,0.00652089901,0.00592540111,8.34921811e-05,1
0.001953125,812,0.00652963249,0.00593350129,8.36239851e-05,1
0.001953125,813,0.00653837854,0.00594161591,8.37559564e-05,1
0.001953125,814,0.00654712971,0.00594973657,8.38880514e-05,1
0.001953125,815,0.00655586971,0.0059578442,8.40201319e-05,1
0.001953125,816,0.00656461576,0.00596595882,8.41523142e-05,1
0.001953125,817,0.0065733688,0.00597408134,8.4284693e-05,1
0.001953125,818,0.00658211764,0.00598219922,8.44169626e-05,1
0.001953125,819,0.00659087347,0.00599032268,8.45493632e-05,1
0.001953125,820,0.00659963163,0.00599845173,8.46818148e-05,1
0.001953125,821,0.00660838047,0.006006571,8.48144264e-05,1
0.001953125,822,0.00661714328,0.00601470191,8.49470744e-05,1
0.001953125,823,0.00662590843,0.00602283608,8.50798024e-05,1
0.001953125,824,0.00663466845,0.00603096467,8.52126759e-05,1
0.001953125,825,0.00664344523,0.00603911234,8.53456295e-05,1
0.001953125,826,0.00665220711,0.00604724325,8.5478634e-05,1
0.001953125,827,0.00666097039,0.00605537742,8.56116094e-05,1
0.001953125,828,0.0066697388,0.00606351951,8.57447158e-05,1
0.001953125,829,0.00667851791,0.00607166579,8.5877924e-05,1
0.001953125,830,0.00668728491,0.00607980462,8.6011205e-05,1
0.001953125,831,0.00669606822,0.00608795648,8.61446315e-05,1
0.001953125,832,0.00670484826,0.00609610882,8.62781308e-05,1
0.001953125,833,0.00671362877,0.00610426022,8.641155e-05,1
0.001953125,834,0.00672240416,0.00611240929,8.65451366e-05,1
0.001953125,835,0.00673119631,0.00612057047,8.6678876e-05,1
0.001953125,836,0.00673998194,0.0061287256,8.68126954e-05,1
0.001953125,837,0.00674876664,0.00613688445,8.69465512e-05,1
0.001953125,838,0.00675755972,0.00614504842,8.70805452e-05,1
0.001953125,839,0.00676634768,0.00615320634,8.72144228e-05,1
0.001953125,840,0.00677514868,0.00616138056,8.73485842e-05,1
0.001953125,841,0.00678394129,0.00616954546,8.74827601e-05,1
0.001953125,842,0.00679273577,0.0061777127,8.76169725e-05,1
0.001953125,843,0.00680153677,0.00618588598,8.77512357e-05,1
0.001953125,844,0.00681033917,0.00619405927,8.78856881e-05,1
0.001953125,845,0.00681914622,0.00620223908,8.80202206e-05,1
0.001953125,846,0.0068279542,0.00621042028,8.81548112e-05,1
0.001953125,847,0.00683676172,0.00621860009,8.82893728e-05,1
0.001953125,848,0.00684556924,0.00622678176,8.84241817e-05,1
0.001953125,849,0.00685438281,0.00623496808,8.85589179e-05,1
0.001953125,850,0.00686319266,0.00624314928,8.86937996e-05,1
0.001953125,851,0.0068720053,0.00625133747,8.88286813e-05,1
0.001953125,852,0.00688082026,0.00625952333,8.89637595e-05,1
0.001953125,853,0.00688964408,0.00626772409,8.9098954e-05,1
0.001953125,854,0.00689846976,0.0062759202,8.92341413e-05,1
0.001953125,855,0.00690729124,0.0062841177,8.93694596e-05,1
0.001953125,856,0.00691610621,0.00629230822,8.95047342e-05,1
0.001953125,857,0.006924944,0.00630051875,8.96402562e-05,1
0.001953125,858,0.00693377294,0.00630871998,8.97757927e-05,1
0.001953125,859,0.0069426042,0.00631692773,8.99113365e-05,1
0.001953125,860,0.00695144199,0.00632513873,9.00471714e-05,1
0.001953125,861,0.00696027186,0.00633334462,9.0182788e-05,1
0.001953125,862,0.00696910964,0.00634155609,9.03187829e-05,1
0.001953125,863,0.00697794557,0.00634976802,9.04546687e-05,1
0.001953125,864,0.0069867908,0.00635798741,9.05906491e-05,1
0.001953125,865,0.00699562998,0.00636620121,9.07267749e-05,1
0.001953125,866,0.00700448407,0.00637443084,9.08630464e-05,1
0.001953125,867,0.00701332325,0.00638264697,9.0999114e-05,1
0.001953125,868,0.00702217827,0.00639087614,9.11355819e-05,1
0.001953125,869,0.00703101791,0.00639909273,9.12718533e-05,1
0.001953125,870,0.00703988317,0.00640733261,9.14084449e-05,1
0.001953125,871,0.00704872468,0.00641555153,9.15449564e-05,1
0.001953125,872,0.00705759134,0.0064237956,9.1681708e-05,1
0.001953125,873,0.00706644682,0.00643202523,9.1818416e-05,1
0.001953125,874,0.00707530603,0.00644026184,9.19551676e-05,1
0.001953125,875,0.0070841643,0.00644849613,9.20920793e-05,1
0.001953125,876,0.0070930291,0.0064567388,9.22291438e-05,1
0.001953125,877,0.00710189436,0.00646498054,9.23660773e-05,1
0.001953125,878,0.00711076567,0.00647322601,9.25032728e-05,1
0.001953125,879,0.00711963465,0.00648147287,9.26405482e-05,1
0.001953125,880,0.00712851016,0.00648972811,9.27777655e-05,1
0.001953125,881,0.0071373852,0.00649797916,9.29151938e-05,1
0.001953125,882,0.00714625884,0.00650623022,9.30526439e-05,1
0.001953125,883,0.00715513667,0.00651448406,9.31902105e-05,1
0.001953125,884,0.00716401963,0.00652274396,9.33278498e-05,1
0.001953125,885,0.00717289746,0.00653100386,9.34655982e-05,1
0.001953125,886,0.00718178134,0.00653926423,9.36033175e-05,1
0.001953125,887,0.00719066337,0.0065475232,9.3741226e-05,1
0.001953125,888,0.00719955564,0.0065557952,9.387912e-05,1
0.001953125,889,0.00720844278,0.00656406069,9.40171522e-05,1
0.001953125,890,0.00721733971,0.00657233503,9.41552862e-05,1
0.001953125,891,0.00722622313,0.00658059772,9.42933766e-05,1
0.001953125,892,0.00723512517,0.00658887858,9.44318599e-05,1
0.001953125,893,0.00724401791,0.00659715151,9.4570074e-05,1
0.001953125,894,0.00725291437,0.00660542771,9.47084482e-05,1
0.001953125,895,0.00726182899,0.00661371974,9.4847157e-05,1
0.001953125,896,0.00727072684,0.0066219978,9.49856985e-05,1
0.001953125,897,0.00727963215,0.00663028099,9.5124371e-05,1
0.001953125,898,0.00728854025,0.00663856836,9.52631963e-05,1
0.001953125,899,0.00729743997,0.00664684828,9.54018687e-05,1
0.001953125,900,0.00730636064,0.00665514823,9.55408541e-05,1
0.001953125,901,0.00731527759,0.00666344585,9.56798758e-05,1
0.001953125,902,0.00732418289,0.00667173229,9.58188684e-05,1
0.001953125,903,0.00733311102,0.00668004015,9.59582176e-05,1
0.001953125,904,0.00734203076,0.00668834103,9.6097443e-05,1
0.001953125,905,0.00735094631,0.00669663819,9.62367194e-05,1
0.001953125,906,0.00735986559,0.00670493627,9.63762141e-05,1
0.001953125,907,0.00736878533,0.00671323761,9.65155778e-05,1
0.001953125,908,0.00737771159,0.00672154361,9.66551306e-05,1
0.001953125,909,0.00738665089,0.00672986498,9.67948508e-05,1
0.001953125,910,0.00739558134,0.00673817843,9.69345929e-05,1
0.001953125,911,0.00740450481,0.0067464821,9.70742985e-05,1
0.001953125,912,0.00741344225,0.00675480207,9.72144189e-05,1
0.001953125,913,0.00742237363,0.00676311413,9.73542556e-05,1
0.001953125,914,0.00743131712,0.00677143922,9.74943468e-05,1
0.001953125,915,0.00744025502,0.00677975919,9.76345837e-05,1
0.001953125,916,0.00744920177,0.00678808801,9.77747477e-05,1
0.001953125,917,0.00745815178,0.00679642009,9.79151664e-05,1
0.001953125,918,0.00746709062,0.00680474192,9.8055425e-05,1
0.001953125,919,0.00747603923,0.00681307307,9.81958729e-05,1
0.001953125,920,0.00748499855,0.00682141166,9.83366044e-05,1
0.001953125,921,0.00749394111,0.00682974095,9.84771468e-05,1
0.001953125,922,0.00750289438,0.00683807675,9.86178056e-05,1
0.001953125,923,0.0075118565,0.00684642093,9.87587555e-05,1
0.001953125,924,0.00752081024,0.00685475906,9.88995671e-05,1
0.001953125,925,0.00752977328,0.00686310232,9.90405169e-05,1
0.001953125,926,0.00753873214,0.0068714479,9.91815759e-05,1
0.001953125,927,0.00754769053,0.00687978882,9.93227659e-05,1
0.001953125,928,0.00755666755,0.00688814931,9.94640068e-05,1
0.001953125,929,0.00756563712,0.00689650141,9.96054005e-05,1
0.001953125,930,0.00757460156,0.00690485071,9.97466414e-05,1
0.001953125,931,0.00758357393,0.00691320468,9.98880132e-05,1
0.001953125,932,0.00759254955,0.00692156702,0.000100029785,1
0.001953125,933,0.00760152563,0.0069299289,0.000100171332,1
0.001953125,934,0.00761050079,0.00693828892,0.00010031306,1
0.001953125,935,0.00761948247,0.0069466522,0.000100454774,1
0.001953125,936,0.00762846274,0.00695501873,0.000100596691,1
0.001953125,937,0.00763744675,0.00696338806,0.00010073874,1
0.001953125,938,0.00764642796,0.00697175507,0.000100880636,1
0.001953125,939,0.00765541848,0.00698012998,0.000101023019,1
0.001953125,940,0.00766440853,0.00698850676,0.000101165053,1
0.001953125,941,0.00767339626,0.00699688122,0.000101307298,1
0.001953125,942,0.00768239424,0.00700526219,0.000101449732,1
0.001953125,943,0.00769138476,0.00701364037,0.000101592108,1
0.001953125,944,0.00770038133,0.00702202274,0.000101734673,1
0.001953125,945,0.00770938024,0.00703040557,0.000101877326,1
0.001953125,946,0.00771838939,0.00703880237,0.000102020087,1
0.001953125,947,0.00772738457,0.00704718428,0.00010216279,1
0.001953125,948,0.00773639744,0.00705557968,0.000102305727,1
0.001953125,949,0.00774540612,0.00706397742,0.000102448743,1
0.001953125,950,0.00775441015,0.00707236584,0.000102591781,1
0.001953125,951,0.00776342629,0.00708076917,0.000102734877,1
0.001953125,952,0.00777242845,0.00708915992,0.000102877995,1
0.001953125,953,0.00778145017,0.00709757162,0.000103021419,1
0.001953125,954,0.00779046444,0.00710597169,0.000103164799,1
0.001953125,955,0.0077994857,0.007114382,0.000103308259,1
0.001953125,956,0.0078085023,0.00712278578,0.000103451654,1
0.001953125,957,0.007817531,0.00713120168,0.000103595259,1
0.001953125,958,0.00782655738,0.00713961432,0.000103739112,1
0.001953125,959,0.00783557724,0.00714802463,0.000103882776,1
0.001953125,960,0.00784461293,0.00715644751,0.000104026716,1
0.001953125,961,0.00785363838,0.00716485828,0.00010417054,1
0.001953125,962,0.00786267407,0.00717328256,0.000104314611,1
0.001953125,963,0.00787172187,0.00718172174,0.00010445893,1
0.001953125,964,0.00788074639,0.00719013344,0.000104603074,1
0.001953125,965,0.00788978208,0.00719856331,0.000104747312,1
0.001953125,966,0.00789881963,0.00720698806,0.00010489166,1
0.001953125,967,0.00790787209,0.0072154277,0.000105036117,1
0.001953125,968,0.00791691896,0.00722386362,0.000105180719,1
0.001953125,969,0.0079259593,0.00723229581,0.000105325322,1
0.001953125,970,0.00793500617,0.00724072894,0.000105469961,1
0.001953125,971,0.00794405956,0.00724917324,0.000105614847,1
0.001953125,972,0.00795311108,0.00725761382,0.000105759667,1
0.001953125,973,0.00796216447,0.00726605719,0.000105904575,1
0.001953125,974,0.00797121692,0.00727449777,0.000106049629,1
0.001953125,975,0.00798027869,0.00728295045,0.000106194828,1
0.001953125,976,0.00798934046,0.00729140453,0.000106339961,1
0.001953125,977,0.00799840037,0.00729985721,0.000106485262,1
0.001953125,978,0.00800745934,0.00730830384,0.000106630614,1
0.001953125,979,0.00801653042,0.00731676817,0.00010677617,1
0.001953125,980,0.00802560057,0.00732522691,0.000106921681,1
0.001953125,981,0.00803467166,0.00733369077,0.000107067324,1
0.001953125,982,0.0080437474,0.00734215649,0.000107213185,1
0.001953125,983,0.008052825,0.00735062407,0.000107358908,1
0.001953125,984,0.00806189515,0.00735909026,0.000107504748,1
0.001953125,985,0.00807096995,0.00736755645,0.000107650587,1
0.001953125,986,0.00808005687,0.00737603148,0.000107796739,1
0.001953125,987,0.00808913354,0.00738450186,0.000107942957,1
0.001953125,988,0.00809822325,0.00739298062,0.000108089007,1
0.001953125,989,0.00810730923,0.00740146125,0.000108235377,1
0.001953125,990,0.00811639149,0.00740993908,0.000108381733,1
0.001953125,991,0.00812548772,0.00741842622,0.000108528271,1
0.001953125,992,0.00813457184,0.00742690312,0.000108674714,1
0.001953125,993,0.00814367179,0.00743539399,0.000108821441,1
0.001953125,994,0.00815276802,0.00744388392,0.00010896811,1
0.001953125,995,0.00816187076,0.00745237898,0.000109114953,1
0.001953125,996,0.0081709614,0.00746086473,0.000109261848,1
0.001953125,997,0.00818006415,0.00746935746,0.000109408866,1
0.001953125,998,0.00818917062,0.0074778581,0.000109555956,1
0.001953125,999,0.00819827709,0.00748636201,0.000109702974,1
0.001953125,1000,0.00820739008,0.00749486778,0.000109850313,1
0.001953125,1001,0.00821649097,0.00750336563,0.000109997636,1
0.001953125,1002,0.00822560582,0.00751187094,0.000110145054,1
0.001953125,1003,0.00823471602,0.00752037764,0.000110292487,1
0.001953125,1004,0.00824383087,0.00752888434,0.000110440036,1
0.001953125,1005,0.00825295318,0.00753739942,0.000110587745,1
0.001953125,1006,0.00826207455,0.00754591776,0.00011073544,1
0.001953125,1007,0.00827119127,0.00755442912,0.000110883302,1
0.001953125,1008,0.00828031916,0.00756295072,0.000111031179,1
0.001953125,1009,0.00828945357,0.00757147837,0.000111179208,1
0.001953125,1010,0.00829856936,0.00757998927,0.00011132715,1
0.001953125,1011,0.00830770563,0.00758852391,0.000111475485,1
0.001953125,1012,0.00831683073,0.00759704411,0.000111623631,1
0.001953125,1013,0.00832596608,0.00760557456,0.000111772002,1
0.001953125,1014,0.00833509769,0.00761410361,0.000111920417,1
0.001953125,1015,0.00834424514,0.00762264244,0.000112069014,1
0.001953125,1016,0.00835338142,0.00763117615,0.000112217567,1
0.001953125,1017,0.00836252049,0.00763971498,0.000112366208,1
0.001953125,1018,0.00837166421,0.00764825288,0.000112514943,1
0.001953125,1019,0.00838081446,0.00765680009,0.000112663824,1
0.001953125,1020,0.00838996097,0.00766534125,0.000112812777,1
0.001953125,1021,0.00839911029,0.0076738894,0.000112961789,1
0.001953125,1022,0.00840826146,0.00768243801,0.000113110989,1
0.001953125,1023,0.00841741078,0.00769098476,0.000113260052,1
0.0009765625,0,4.53999164e-05,0,0,1
0.0009765625,1,5.26587392e-05,6.5404065e-06,7.70013671e-08,1
0.0009765625,2,5.99194464e-05,1.3082602e-05,1.54059933e-07,1
0.0009765625,3,6.71817761e-05,1.96266155e-05,2.31175932e-07,1
0.0009765625,4,7.44458957e-05,2.61724836e-05,3.0834866e-07,1
0.0009765625,5,8.17116015e-05,3.27200542e-05,3.85579739e-07,1
0.0009765625,6,8.89792282e-05,3.92695329e-05,4.62868599e-07,1
0.0009765625,7,9.62484555e-05,4.58208415e-05,5.40215012e-07,1
0.0009765625,8,0.000103519451,5.23738818e-05,6.176179e-07,1
0.0009765625,9,0.000110792105,5.89287265e-05,6.95079052e-07,1
0.0009765625,10,0.000118066469,6.54854011e-05,7.72596877e-07,1
0.0009765625,11,0.000125342558,7.20439275e-05,8.50171659e-07,1
0.0009765625,12,0.000132620626,7.86042147e-05,9.27807378e-07,1
0.0009765625,13,0.000139900221,8.51664299e-05,1.00549732e-06,1
0.0009765625,14,0.000147181519,9.17303769e-05,1.08324696e-06,1
0.0009765625,15,0.000154464578,9.82960773e-05,1.16105286e-06,1
0.0009765625,16,0.000161749325,0.000104863604,1.23891709e-06,1
0.0009765625,17,0.000169035862,0.000111433037,1.31684033e-06,1
0.0009765625,18,0.000176323927,0.000118004064,1.39481597e-06,1
0.0009765625,19,0.000183614044,0.000124577113,1.4728538e-06,1
0.0009765625,20,0.000190905921,0.000131152192,1.55095211e-06,1
0.0009765625,21,0.000198199225,0.000137728697,1.62910464e-06,1
0.0009765625,22,0.000205494376,0.000144307007,1.70731471e-06,1
0.0009765625,23,0.000212791274,0.000150887397,1.78558423e-06,1
0.0009765625,24,0.000220089918,0.000157469476,1.86390787e-06,1
0.0009765625,25,0.000227389988,0.000164053199,1.94229392e-06,1
0.0009765625,26,0.000234692416,0.000170639207,2.02073556e-06,1
0.0009765625,27,0.000241996022,0.000177226684,2.09923678e-06,1
0.0009765625,28,0.000249301695,0.000183816141,2.17779666e-06,1
0.0009765625,29,0.000256609055,0.000190407256,2.25641202e-06,1
0.0009765625,30,0.000263917871,0.000197000045,2.33508263e-06,1
0.0009765625,31,0.000271228782,0.000203595031,2.41381554e-06,1
0.0009765625,32,0.000278541353,0.000210191691,2.49260961e-06,1
0.0009765625,33,0.000285855494,0.000216790024,2.57145757e-06,1
0.0009765625,34,0.000293171324,0.000223390147,2.65036556e-06,1
0.0009765625,35,0.000300488929,0.000229992234,2.72932607e-06,1
0.0009765625,36,0.000307808426,0.00023659617,2.80834797e-06,1
0.0009765625,37,0.000315129641,0.000243202041,2.88742899e-06,1
0.0009765625,38,0.000322452368,0.000249809498,2.96657049e-06,1
0.0009765625,39,0.000329776813,0.0002564186,3.0457652e-06,1
0.0009765625,40,0.000337103294,0.000263029855,3.12502539e-06,1
0.0009765625,41,0.000344431377,0.000269642973,3.20433742e-06,1
0.0009765625,42,0.00035176141,0.000276258012,3.28370652e-06,1
0.0009765625,43,0.000359093188,0.000282874709,3.36314088e-06,1
0.0009765625,44,0.000366426219,0.000289493008,3.44262594e-06,1
0.0009765625,45,0.000373761024,0.000296113169,3.52217285e-06,1
0.0009765625,46,0.000381097372,0.000302735018,3.6017791e-06,1
0.0009765625,47,0.000388436747,0.000309359544,3.68144742e-06,1
0.0009765625,48,0.000395776617,0.000315984915,3.7611735e-06,1
0.0009765625,49,0.000403118232,0.000322612381,3.84095165e-06,1
0.0009765625,50,0.000410461915,0.000329241855,3.92078573e-06,1
0.0009765625,51,0.000417807343,0.000335873046,4.00068302e-06,1
0.0009765625,52,0.000425154896,0.00034250613,4.08063852e-06,1
0.0009765625,53,0.000432503613,0.000349141075,4.16065586e-06,1
0.0009765625,54,0.00043985431,0.000355777709,4.2407305e-06,1
0.0009765625,55,0.000447206257,0.000362415944,4.32086108e-06,1
0.0009765625,56,0.000454560242,0.000369056273,4.40104895e-06,1
0.0009765625,57,0.000461916177,0.000375698466,4.4813014e-06,1
0.0009765625,58,0.000469273538,0.000382342289,4.56160888e-06,1
0.0009765625,59,0.000476633577,0.000388988497,4.64197956e-06,1
0.0009765625,60,0.000483994256,0.000395636074,4.72240163e-06,1
0.0009765625,61,0.000491356652,0.000402285368,4.80288372e-06,1
0.0009765625,62,0.000498721842,0.000408937136,4.88343449e-06,1
0.0009765625,63,0.000506088778,0.000415590708,4.96402936e-06,1
0.0009765625,64,0.000513455831,0.000422244833,5.04468926e-06,1
0.0009765625,65,0.000520826026,0.000428901782,5.1254151e-06,1
0.0009765625,66,0.000528196746,0.000435559661,5.20618778e-06,1
0.0009765625,67,0.000535570493,0.000442220626,5.28702685e-06,1
0.0009765625,68,0.000542946451,0.000448883831,5.36792868e-06,1
0.0009765625,69,0.000550321885,0.000455546804,5.44887189e-06,1
0.0009765625,70,0.000557699997,0.000462212309,5.52988922e-06,1
0.0009765625,71,0.000565080612,0.000468880666,5.61096158e-06,1
0.0009765625,72,0.000572462624,0.000475550158,5.69209487e-06,1
0.0009765625,73,0.000579846499,0.000482221658,5.77329956e-06,1
0.0009765625,74,0.000587231829,0.000488894933,5.85454609e-06,1
0.0009765625,75,0.000594618439,0.000495569548,5.93584991e-06,1
0.0009765625,76,0.000602008251,0.000502247247,6.0172174e-06,1
0.0009765625,77,0.00060939882,0.000508925936,6.09864583e-06,1
0.0009765625,78,0.000616791309,0.000515606254,6.18013519e-06,1
0.0009765625,79,0.000624185312,0.000522288785,6.26167775e-06,1
0.0009765625,80,0.000631581759,0.000528973644,6.34328353e-06,1
0.0009765625,81,0.000638978672,0.000535658794,6.42494433e-06,1
0.0009765625,82,0.00064637803,0.000542346796,6.50666834e-06,1
0.0009765625,83,0.000653778843,0.000549036369,6.58845011e-06,1
0.0009765625,84,0.000661182799,0.000555728795,6.67029553e-06,1
0.0009765625,85,0.000668585999,0.000562420755,6.75220235e-06,1
0.0009765625,86,0.000675992225,0.000569116324,6.83415237e-06,1
0.0009765625,87,0.000683401828,0.000575814571,6.91617197e-06,1
0.0009765625,88,0.000690811197,0.000582512934,6.99826433e-06,1
0.0009765625,89,0.000698222197,0.00058921281,7.08038169e-06,1
0.0009765625,90,0.00070563599,0.000595916004,7.16259137e-06,1
0.0009765625,91,0.000713050948,0.000602620363,7.24485562e-06,1
0.0009765625,92,0.00072046736,0.000609326409,7.32716262e-06,1
0.0009765625,93,0.000727885286,0.000616033678,7.40954465e-06,1
0.0009765625,94,0.00073530688,0.000622745079,7.49198807e-06,1
0.0009765625,95,0.000742728589,0.000629455957,7.57447151e-06,1
0.0009765625,96,0.00075015286,0.00063616992,7.65704226e-06,1
0.0009765625,97,0.000757578178,0.000642885454,7.73964712e-06,1
0.0009765625,98,0.000765005476,0.00064960256,7.822322e-06,1
0.0009765625,99,0.000772434403,0.000656321761,7.90506238e-06,1
0.0009765625,100,0.000779864786,0.00066304236,7.98784913e-06,1
0.0009765625,101,0.000787297497,0.000669764879,8.0707041e-06,1
0.0009765625,102,0.000794731372,0.000676489493,8.15362819e-06,1
0.0009765625,103,0.000802168564,0.000683216902,8.23659957e-06,1
0.0009765625,104,0.000809605699,0.000689944602,8.31962279e-06,1
0.0009765625,105,0.000817046326,0.00069667591,8.40272878e-06,1
0.0009765625,106,0.00082448707,0.000703407044,8.48586478e-06,1
0.0009765625,107,0.000831929792,0.000710140448,8.5690881e-06,1
0.0009765625,108,0.000839373504,0.000716875482,8.65234506e-06,1
0.0009765625,109,0.000846821174,0.000723613775,8.73568933e-06,1
0.0009765625,110,0.000854269427,0.000730352825,8.81909182e-06,1
0.0009765625,111,0.000861719949,0.000737094786,8.90254069e-06,1
0.0009765625,112,0.000869170995,0.000743837038,8.98604958e-06,1
0.0009765625,113,0.000876625592,0.000750582898,9.0696185e-06,1
0.0009765625,114,0.000884080422,0.000757329282,9.1532529e-06,1
0.0009765625,115,0.000891537115,0.00076407718,9.23694006e-06,1
0.0009765625,116,0.00089899631,0.000770828221,9.32069452e-06,1
0.0009765625,117,0.000906456611,0.000777579902,9.40450263e-06,1
0.0009765625,118,0.000913920114,0.000784335192,9.48838169e-06,1
0.0009765625,119,0.000921383966,0.00079109089,9.57231714e-06,1
0.0009765625,120,0.000928849098,0.000797848159,9.65628988e-06,1
0.0009765625,121,0.000936316152,0.000804607058,9.74035265e-06,1
0.0009765625,122,0.000943786232,0.000811369391,9.82447727e-06,1
0.0009765625,123,0.000951257593,0.000818133121,9.90865919e-06,1
0.0009765625,124,0.000958730292,0.000824898132,9.99287931e-06,1
0.0009765625,125,0.000966205145,0.000831665122,1.00771877e-05,1
0.0009765625,126,0.000973680289,0.000838432752,1.01615306e-05,1
0.0009765625,127,0.000981158693,0.000845203875,1.02459398e-05,1
0.0009765625,128,0.000988639658,0.000851977209,1.03304164e-05,1
0.0009765625,129,0.000996119808,0.000858750485,1.04149449e-05,1
0.0009765625,130,0.00100360357,0.000865527429,1.04995506e-05,1
0.0009765625,131,0.00101108965,0.000872305885,1.05842191e-05,1
0.0009765625,132,0.00101857667,0.000879085972,1.06689176e-05,1
0.0009765625,133,0.00102606299,0.000885866233,1.07536989e-05,1
0.0009765625,134,0.0010335535,0.000892649405,1.08385348e-05,1
0.0009765625,135,0.00104104658,0.000899435894,1.09234206e-05,1
0.0009765625,136,0.0010485407,0.000906223257,1.10083947e-05,1
0.0009765625,137,0.00105603493,0.000913011027,1.10934034e-05,1
0.0009765625,138,0.00106353371,0.000919803046,1.11785148e-05,1
0.0009765625,139,0.00107103353,0.000926596636,1.12636317e-05,1
0.0009765625,140,0.00107853382,0.000933390809,1.13488441e-05,1
0.0009765625,141,0.00108603539,0.000940186612,1.14340892e-05,1
0.0009765625,142,0.00109353988,0.000946984394,1.15194098e-05,1
0.0009765625,143,0.00110104715,0.000953786017,1.1604805e-05,1
0.0009765625,144,0.0011085564,0.000960588804,1.16902384e-05,1
0.0009765625,145,0.00111606519,0.000967392465,1.17757636e-05,1
0.0009765625,146,0.00112357503,0.000974196242,1.18613107e-05,1
0.0009765625,147,0.00113109068,0.000981006771,1.19469451e-05,1
0.0009765625,148,0.00113860448,0.000987814739,1.2032654e-05,1
0.0009765625,149,0.00114612095,0.000994626316,1.21183712e-05,1
0.0009765625,150,0.0011536415,0.00100144115,1.22041829e-05,1
0.0009765625,151,0.00116115983,0.00100825413,1.22900428e-05,1
0.0009765625,152,0.00116868259,0.00101507141,1.23759901e-05,1
0.0009765625,153,0.00117620721,0.00102189137,1.24619637e-05,1
0.0009765625,154,0.00118373241,0.00102871179,1.25480283e-05,1
0.0009765625,155,0.00119125936,0.00103553419,1.26341583e-05,1
0.0009765625,156,0.00119878876,0.00104235846,1.27203029e-05,1
0.0009765625,157,0.00120631966,0.00104918459,1.28065631e-05,1
0.0009765625,158,0.00121385208,0.00105601293,1.28928596e-05,1
0.0009765625,159,0.00122138555,0.00106284139,1.29792024e-05,1
0.0009765625,160,0.00122892216,0.0010696738,1.30656072e-05,1
0.0009765625,161,0.00123645994,0.0010765068,1.31521138e-05,1
0.0009765625,162,0.00124400004,0.00108334341,1.32386567e-05,1
0.0009765625,163,0.00125154143,0.00109018094,1.33252661e-05,1
0.0009765625,164,0.00125908491,0.00109702023,1.34119082e-05,1
0.0009765625,165,0.00126662909,0.00110386033,1.34986421e-05,1
0.0009765625,166,0.00127417664,0.00111070392,1.35854307e-05,1
0.0009765625,167,0.00128172361,0.00111754774,1.36722665e-05,1
0.0009765625,168,0.00128927501,0.00112439541,1.37591969e-05,1
0.0009765625,169,0.00129682734,0.001131244,1.38461564e-05,1
0.0009765625,170,0.00130438094,0.00113809353,1.39331878e-05,1
0.0009765625,171,0.00131193572,0.00114494527,1.40202892e-05,1
0.0009765625,172,0.00131949456,0.00115180039,1.41074415e-05,1
0.0009765625,173,0.00132705644,0.00115866004,1.41946684e-05,1
0.0009765625,174,0.00133461365,0.00116551411,1.42819108e-05,1
0.0009765625,175,0.00134217727,0.00117237447,1.43692878e-05,1
0.0009765625,176,0.00134974218,0.0011792361,1.44566975e-05,1
0.0009765625,177,0.00135730719,0.00118609844,1.45441445e-05,1
0.0009765625,178,0.0013648743,0.00119296298,1.46316579e-05,1
0.0009765625,179,0.00137244526,0.00119983056,1.4719245e-05,1
0.0009765625,180,0.00138001679,0.00120670046,1.48068966e-05,1
0.0009765625,181,0.00138758891,0.00121356978,1.4894611e-05,1
0.0009765625,182,0.00139516359,0.00122044305,1.49823691e-05,1
0.0009765625,183,0.00140274246,0.00122731947,1.50702172e-05,1
0.0009765625,184,0.00141031982,0.00123419438,1.51581089e-05,1
0.0009765625,185,0.00141790078,0.0012410729,1.52460934e-05,1
0.0009765625,186,0.00142548315,0.00124795421,1.53340861e-05,1
0.0009765625,187,0.00143306446,0.0012548333,1.54221689e-05,1
0.0009765625,188,0.00144065451,0.00126172113,1.55103062e-05,1
0.0009765625,189,0.0014482392,0.00126860442,1.55984962e-05,1
0.0009765625,190,0.00145582866,0.00127549213,1.56867391e-05,1
0.0009765625,191,0.00146342115,0.00128238299,1.57750947e-05,1
0.0009765625,192,0.00147101202,0.00128927303,1.58634721e-05,1
0.0009765625,193,0.00147860427,0.00129616354,1.59519277e-05,1
0.0009765625,194,0.00148620375,0.00130306242,1.60404561e-05,1
0.0009765625,195,0.00149380078,0.00130995782,1.61290027e-05,1
0.0009765625,196,0.00150140026,0.00131685648,1.62176475e-05,1
0.0009765625,197,0.00150900148,0.00132375746,1.63063632e-05,1
0.0009765625,198,0.00151660538,0.00133065984,1.63951154e-05,1
0.0009765625,199,0.00152421126,0.00133756478,1.64839366e-05,1
0.0009765625,200,0.00153181748,0.00134447089,1.65728125e-05,1
0.0009765625,201,0.00153942546,0.00135137874,1.66617956e-05,1
0.0009765625,202,0.00154703762,0.00135829078,1.67507806e-05,1
0.0009765625,203,0.00155464921,0.0013652012,1.68398456e-05,1
0.0009765625,204,0.00156226335,0.00137211499,1.69290015e-05,1
0.0009765625,205,0.00156987878,0.00137903087,1.7018172e-05,1
0.0009765625,206,0.00157749653,0.00138594757,1.71074516e-05,1
0.0009765625,207,0.00158511533,0.00139286637,1.71967604e-05,1
0.0009765625,208,0.00159273681,0.00139978807,1.72861364e-05,1
0.0009765625,209,0.00160035887,0.00140671059,1.73755998e-05,1
0.0009765625,210,0.0016079857,0.00141363824,1.74651086e-05,1
0.0009765625,211,0.0016156116,0.00142056413,1.75546611e-05,1
0.0009765625,212,0.00162324007,0.00142749306,1.76443173e-05,1
0.0009765625,213,0.00163086748,0.0014344214,1.77339716e-05,1
0.0009765625,214,0.00163850177,0.00144135684,1.78237678e-05,1
0.0009765625,215,0.00164613384,0.00144828926,1.79135641e-05,1
0.0009765625,216,0.00165376847,0.00145522493,1.80034094e-05,1
0.0009765625,217,0.00166140823,0.0014621648,1.80934276e-05,1
0.0009765625,218,0.00166904368,0.00146910211,1.8183393e-05,1
0.0009765625,219,0.00167668832,0.00147604779,1.82735075e-05,1
0.0009765625,220,0.00168433215,0.00148299243,1.83635912e-05,1
0.0009765625,221,0.00169197237,0.00148993451,1.84538185e-05,1
0.0009765625,222,0.00169961946,0.00149688264,1.85440676e-05,1
0.0009765625,223,0.0017072648,0.00150382996,1.86343786e-05,1
0.0009765625,224,0.0017149169,0.0015107838,1.87247479e-05,1
0.0009765625,225,0.00172256655,0.00151773519,1.88152244e-05,1
0.0009765625,226,0.00173021923,0.00152469089,1.89057027e-05,1
0.0009765625,227,0.00173787703,0.00153165008,1.89962884e-05,1
0.0009765625,228,0.00174553145,0.00153860648,1.90869341e-05,1
0.0009765625,229,0.00175319135,0.00154556835,1.91776508e-05,1
0.0009765625,230,0.00176085194,0.00155253091,1.92684074e-05,1
0.0009765625,231,0.00176851521,0.00155949628,1.93592223e-05,1
0.0009765625,232,0.00177617557,0.00156645884,1.94500626e-05,1
0.0009765625,233,0.00178384245,0.00157342874,1.95410757e-05,1
0.0009765625,234,0.00179151003,0.00158039888,1.96320743e-05,1
0.0009765625,235,0.00179917831,0.00158737018,1.97231475e-05,1
0.0009765625,236,0.00180684845,0.00159434427,1.98142516e-05,1
0.0009765625,237,0.00181452231,0.00160131964,1.99055012e-05,1
0.0009765625,238,0.00182219699,0.001608297,1.99967653e-05,1
0.0009765625,239,0.00182987517,0.00161527854,2.0088075e-05,1
0.0009765625,240,0.00183755299,0.00162226008,2.01794537e-05,1
0.0009765625,241,0.00184523186,0.00162924163,2.0270918e-05,1
0.0009765625,242,0.00185291457,0.00163622806,2.03624695e-05,1
0.0009765625,243,0.00186059659,0.00164321403,2.0454012e-05,1
0.0009765625,244,0.00186828058,0.00165020174,2.05456581e-05,1
0.0009765625,245,0.0018759669,0.0016571912,2.06373588e-05,1
0.0009765625,246,0.00188365742,0.0016641859,2.07291214e-05,1
0.0009765625,247,0.00189135026,0.00167118129,2.08209531e-05,1
0.0009765625,248,0.00189903728,0.00167817471,2.09128793e-05,1
0.0009765625,249,0.00190673349,0.00168517407,2.10048183e-05,1
0.0009765625,250,0.00191442936,0.00169217342,2.10968719e-05,1
0.0009765625,251,0.00192212919,0.00169917813,2.11888764e-05,1
0.0009765625,252,0.00192982913,0.00170618237,2.12811028e-05,1
0.0009765625,253,0.00193752884,0.00171318708,2.13733383e-05,1
0.0009765625,254,0.00194523006,0.00172019284,2.14655865e-05,1
0.0009765625,255,0.00195293722,0.00172720419,2.15578839e-05,1
0.0009765625,256,0.00196064194,0.00173421402,2.16503158e-05,1
0.0009765625,257,0.00196835352,0.00174123037,2.17427769e-05,1
0.0009765625,258,0.00197606185,0.00174824381,2.18353234e-05,1
0.0009765625,259,0.00198377483,0.00175526156,2.19279082e-05,1
0.0009765625,260,0.00199148711,0.00176227966,2.20205529e-05,1
0.0009765625,261,0.00199920265,0.00176929939,2.21132996e-05,1
0.0009765625,262,0.00200691982,0.00177632272,2.22061008e-05,1
0.0009765625,263,0.00201463886,0.00178334746,2.22989274e-05,1
0.0009765625,264,0.00202236022,0.00179037347,2.23918378e-05,1
0.0009765625,265,0.00203008391,0.00179740344,2.24848336e-05,1
0.0009765625,266,0.00203780457,0.00180443027,2.25778476e-05,1
0.0009765625,267,0.00204553409,0.00181146455,2.26709763e-05,1
0.0009765625,268,0.00205326383,0.00181850046,2.27641522e-05,1
0.0009765625,269,0.00206099264,0.00182553602,2.28573863e-05,1
0.0009765625,270,0.00206872169,0.00183257158,2.29506531e-05,1
0.0009765625,271,0.00207645446,0.00183961086,2.30440019e-05,1
0.0009765625,272,0.00208419142,0.00184665341,2.31374161e-05,1
0.0009765625,273,0.00209192839,0.00185369712,2.32309212e-05,1
0.0009765625,274,0.00209966674,0.00186074222,2.33244937e-05,1
0.0009765625,275,0.00210741279,0.00186779385,2.34181152e-05,1
0.0009765625,276,0.00211515022,0.0018748393,2.35117786e-05,1
0.0009765625,277,0.0021228937,0.00188188965,2.36055257e-05,1
0.0009765625,278,0.00213063834,0.00188894104,2.36993073e-05,1
0.0009765625,279,0.00213838834,0.00189599744,2.37932327e-05,1
0.0009765625,280,0.00214613765,0.00190305442,2.38870998e-05,1
0.0009765625,281,0.00215389044,0.0019101142,2.39811452e-05,1
0.0009765625,282,0.00216164417,0.00191717432,2.40752088e-05,1
0.0009765625,283,0.00216939719,0.00192423549,2.41693524e-05,1
0.0009765625,284,0.00217715511,0.00193130155,2.42634942e-05,1
0.0009765625,285,0.0021849107,0.00193836621,2.43577961e-05,1
0.0009765625,286,0.0021926763,0.00194543821,2.44521216e-05,1
0.0009765625,287,0.00220043189,0.00195250125,2.45464798e-05,1
0.0009765625,288,0.00220819702,0.00195957511,2.46409581e-05,1
0.0009765625,289,0.00221596565,0.00196665036,2.47354601e-05,1
0.0009765625,290,0.00222373148,0.00197372655,2.48299984e-05,1
0.0009765625,291,0.00223150081,0.00198080181,2.49247078e-05,1
0.0009765625,292,0.00223927153,0.00198788242,2.50193916e-05,1
0.0009765625,293,0.00224704924,0.00199496816,2.51141955e-05,1
0.0009765625,294,0.00225482066,0.00200204714,2.52090085e-05,1
0.0009765625,295,0.00226259651,0.00200913195,2.53038888e-05,1
0.0009765625,296,0.00227037608,0.00201622047,2.53988546e-05,1
0.0009765625,297,0.00227815448,0.00202330831,2.5493875e-05,1
0.0009765625,298,0.00228593801,0.00203040149,2.55890027e-05,1
0.0009765625,299,0.00229372154,0.00203749305,2.56841395e-05,1
0.0009765625,300,0.0023015074,0.0020445874,2.57793363e-05,1
0.0009765625,301,0.00230929512,0.00205168501,2.58746622e-05,1
0.0009765625,302,0.00231708493,0.00205878471,2.59700373e-05,1
0.0009765625,303,0.00232487381,0.00206588116,2.60654142e-05,1
0.0009765625,304,0.00233266596,0.00207298505,2.61609075e-05,1
0.0009765625,305,0.00234046089,0.00208008965,2.62564517e-05,1
0.0009765625,306,0.00234825886,0.00208719727,2.63520542e-05,1
0.0009765625,307,0.00235605449,0.00209430093,2.64477549e-05,1
0.0009765625,308,0.00236385572,0.00210141367,2.65434937e-05,1
0.0009765625,309,0.00237165927,0.00210852688,2.66392944e-05,1
0.0009765625,310,0.00237946236,0.00211564056,2.67351879e-05,1
0.0009765625,311,0.00238726591,0.00212275423,2.6831096e-05,1
0.0009765625,312,0.00239507295,0.00212987233,2.6927135e-05,1
0.0009765625,313,0.00240288302,0.00213699206,2.70231867e-05,1
0.0009765625,314,0.00241069309,0.00214411295,2.71193367e-05,1
0.0009765625,315,0.00241850363,0.00215123384,2.72154957e-05,1
0.0009765625,316,0.00242632139,0.00215836242,2.73117985e-05,1
0.0009765625,317,0.00243413798,0.00216549006,2.74081158e-05,1
0.0009765625,318,0.00244195294,0.00217261608,2.75044877e-05,1
0.0009765625,319,0.00244977442,0.00217974861,2.76010014e-05,1
0.0009765625,320,0.00245759799,0.00218688324,2.76975061e-05,1
0.0009765625,321,0.00246541691,0.00219401461,2.77940908e-05,1
0.0009765625,322,0.00247324328,0.0022011525,2.78907355e-05,1
0.0009765625,323,0.00248107244,0.00220829225,2.79874621e-05,1
0.0009765625,324,0.00248890114,0.00221543177,2.80842305e-05,1
0.0009765625,325,0.00249672937,0.00222257269,2.8181079e-05,1
0.0009765625,326,0.00250456179,0.00222971733,2.82780129e-05,1
0.0009765625,327,0.00251239818,0.0022368643,2.83749887e-05,1
0.0009765625,328,0.002520232,0.00224401103,2.84720136e-05,1
0.0009765625,329,0.00252806884,0.00225116056,2.85690949e-05,1
0.0009765625,330,0.00253590732,0.00225831079,2.86662853e-05,1
0.0009765625,331,0.00254375255,0.00226546777,2.87635703e-05,1
0.0009765625,332,0.00255159778,0.00227262615,2.88608517e-05,1
0.0009765625,333,0.00255944277,0.0022797822,2.89582331e-05,1
0.0009765625,334,0.00256728521,0.00228693872,2.90556745e-05,1
0.0009765625,335,0.00257513463,0.00229410129,2.91531378e-05,1
0.0009765625,336,0.00258298521,0.00230126502,2.92507266e-05,1
0.0009765625,337,0.00259083509,0.00230842712,2.93483681e-05,1
0.0009765625,338,0.00259868917,0.00231559318,2.94460533e-05,1
0.0009765625,339,0.00260654627,0.00232276414,2.9543824e-05,1
0.0009765625,340,0.00261440547,0.00232993695,2.96416565e-05,1
0.0009765625,341,0.00262226816,0.00233711232,2.97396036e-05,1
0.0009765625,342,0.00263012317,0.00234428118,2.98374871e-05,1
0.0009765625,343,0.00263798656,0.00235145749,2.99355361e-05,1
0.0009765625,344,0.00264585391,0.00235863868,3.00336451e-05,1
0.0009765625,345,0.00265372102,0.00236581895,3.01318214e-05,1
0.0009765625,346,0.00266159023,0.00237300363,3.0230005e-05,1
0.0009765625,347,0.00266946061,0.00238018623,3.03283541e-05,1
0.0009765625,348,0.00267733191,0.00238737417,3.04266978e-05,1
0.0009765625,349,0.00268520764,0.00239456259,3.05251342e-05,1
0.0009765625,350,0.00269307918,0.0024017489,3.0623607e-05,1
0.0009765625,351,0.00270096026,0.00240894407,3.0722138e-05,1
0.0009765625,352,0.00270883739,0.00241613551,3.08207746e-05,1
0.0009765625,353,0.00271671871,0.00242333137,3.09194329e-05,1
0.0009765625,354,0.00272459933,0.00243052654,3.10182077e-05,1
0.0009765625,355,0.00273248483,0.00243772706,3.11170261e-05,1
0.0009765625,356,0.00274037267,0.00244492921,3.12159282e-05,1
0.0009765625,357,0.00274826516,0.00245213648,3.13148666e-05,1
0.0009765625,358,0.00275615253,0.0024593384,3.1413867e-05,1
0.0009765625,359,0.00276404317,0.00246654707,3.15129691e-05,1
0.0009765625,360,0.00277193682,0.00247375504,3.16120968e-05,1
0.0009765625,361,0.00277983444,0.00248096697,3.17113263e-05,1
0.0009765625,362,0.00278773019,0.00248817843,3.18106286e-05,1
0.0009765625,363,0.002795632,0.00249539479,3.19100254e-05,1
0.0009765625,364,0.00280353078,0.00250260881,3.2009415e-05,1
0.0009765625,365,0.00281143747,0.00250983285,3.21089174e-05,1
0.0009765625,366,0.00281934114,0.00251705362,3.22084561e-05,1
0.0009765625,367,0.00282724481,0.00252427184,3.23080494e-05,1
0.0009765625,368,0.00283515616,0.00253149937,3.24077155e-05,1
0.0009765625,369,0.00284306379,0.00253872387,3.25074725e-05,1
0.0009765625,370,0.00285097607,0.00254595256,3.26072768e-05,1
0.0009765625,371,0.00285889185,0.00255318522,3.27071757e-05,1
0.0009765625,372,0.00286680902,0.00256041856,3.28071364e-05,1
0.0009765625,373,0.00287472527,0.00256765122,3.29071154e-05,1
0.0009765625,374,0.00288264453,0.00257488736,3.30072216e-05,1
0.0009765625,375,0.0028905666,0.00258212676,3.31073861e-05,1
0.0009765625,376,0.00289848819,0.00258936617,3.32075688e-05,1
0.0009765625,377,0.00290640863,0.00259660254,3.3307846e-05,1
0.0009765625,378,0.00291433884,0.00260385079,3.34082179e-05,1
0.0009765625,379,0.00292226695,0.00261109532,3.3508637e-05,1
0.0009765625,380,0.0029301974,0.0026183438,3.36091216e-05,1
0.0009765625,381,0.0029381318,0.00262559578,3.37096717e-05,1
0.0009765625,382,0.00294606294,0.00263284333,3.38102363e-05,1
0.0009765625,383,0.00295399898,0.00264009763,3.39108956e-05,1
0.0009765625,384,0.00296193408,0.00264735054,3.40116458e-05,1
0.0009765625,385,0.00296987174,0.00265460694,3.41124651e-05,1
0.0009765625,386,0.00297781802,0.00266186963,3.42133644e-05,1
0.0009765625,387,0.00298576173,0.00266913185,3.43142856e-05,1
0.0009765625,388,0.00299370545,0.0026763943,3.4415265e-05,1
0.0009765625,389,0.00300164847,0.00268365559,3.45163935e-05,1
0.0009765625,390,0.00300959894,0.0026909241,3.46175511e-05,1
0.0009765625,391,0.00301754614,0.00269819028,3.47187561e-05,1
0.0009765625,392,0.00302550592,0.00270546763,3.48200447e-05,1
0.0009765625,393,0.00303345872,0.00271274056,3.49214351e-05,1
0.0009765625,394,0.00304141454,0.00272001396,3.5022862e-05,1
0.0009765625,395,0.00304937107,0.00272729038,3.51243034e-05,1
0.0009765625,396,0.00305732689,0.00273456611,3.52258394e-05,1
0.0009765625,397,0.00306529086,0.00274184858,3.53274627e-05,1
0.0009765625,398,0.00307325297,0.0027491292,3.54292024e-05,1
0.0009765625,399,0.00308121461,0.00275641051,3.55309239e-05,1
0.0009765625,400,0.00308918324,0.00276369974,3.56327291e-05,1
0.0009765625,401,0.00309715024,0.00277098618,3.57346253e-05,1
0.0009765625,402,0.00310512306,0.00277827797,3.58365942e-05,1
0.0009765625,403,0.00311309146,0.00278556789,3.59385704e-05,1
0.0009765625,404,0.00312106754,0.00279286224,3.60406812e-05,1
0.0009765625,405,0.00312904431,0.00280015939,3.61428501e-05,1
0.0009765625,406,0.00313702459,0.00280746026,3.62450846e-05,1
0.0009765625,407,0.00314500416,0.00281476043,3.63473737e-05,1
0.0009765625,408,0.00315298489,0.00282206014,3.64496809e-05,1
0.0009765625,409,0.00316096982,0.00282936427,3.65521955e-05,1
0.0009765625,410,0.00316895242,0.00283667003,3.66545901e-05,1
0.0009765625,411,0.00317693409,0.00284397183,3.67571884e-05,1
0.0009765625,412,0.00318491925,0.00285127829,3.68597975e-05,1
0.0009765625,413,0.00319291838,0.00285859779,3.69625595e-05,1
0.0009765625,414,0.00320090982,0.00286591006,3.70653033e-05,1
0.0009765625,415,0.00320889824,0.00287321932,3.71681417e-05,1
0.0009765625,416,0.00321689574,0.00288053881,3.72710638e-05,1
0.0009765625,417,0.00322489673,0.00288785971,3.73740186e-05,1
0.0009765625,418,0.0032328961,0.002895182,3.74770425e-05,1
0.0009765625,419,0.00324089685,0.00290250476,3.75801101e-05,1
0.0009765625,420,0.00324889971,0.00290982868,3.76833123e-05,1
0.0009765625,421,0.00325690536,0.00291715562,3.77865435e-05,1
0.0009765625,422,0.00326490984,0.00292448187,3.78898403e-05,1
0.0009765625,423,0.00327292224,0.00293181604,3.79932681e-05,1
0.0009765625,424,0.00328092999,0.00293914578,3.80966885e-05,1
0.0009765625,425,0.00328894192,0.00294648041,3.82001781e-05,1
0.0009765625,426,0.00329695991,0.0029538204,3.83037732e-05,1
0.0009765625,427,0.00330497348,0.00296115666,3.84073792e-05,1
0.0009765625,428,0.0033129931,0.00296849897,3.85111562e-05,1
0.0009765625,429,0.00332100759,0.00297583616,3.86148749e-05,1
0.0009765625,430,0.00332903559,0.00298318593,3.87187938e-05,1
0.0009765625,431,0.00333705987,0.00299053406,3.88226617e-05,1
0.0009765625,432,0.00334507925,0.00299787661,3.8926657e-05,1
0.0009765625,433,0.00335310772,0.0030052287,3.90306668e-05,1
0.0009765625,434,0.00336113502,0.00301257847,3.91348221e-05,1
0.0009765625,435,0.00336917164,0.00301993685,3.92390211e-05,1
0.0009765625,436,0.00337719824,0.00302728848,3.93432929e-05,1
0.0009765625,437,0.0033852302,0.00303464406,3.94476338e-05,1
0.0009765625,438,0.00339326984,0.00304200617,3.9552011e-05,1
0.0009765625,439,0.00340131274,0.00304937316,3.96565083e-05,1
0.0009765625,440,0.00340934726,0.00305673177,3.97610129e-05,1
0.0009765625,441,0.00341739063,0.00306409877,3.98656339e-05,1
0.0009765625,442,0.00342543237,0.00307146506,3.99702913e-05,1
0.0009765625,443,0.00343347853,0.00307883509,4.00750068e-05,1
0.0009765625,444,0.00344152516,0.00308620604,4.01798025e-05,1
0.0009765625,445,0.00344957248,0.00309357769,4.02846345e-05,1
0.0009765625,446,0.00345762679,0.00310095563,4.03896156e-05,1
0.0009765625,447,0.00346567668,0.00310833077,4.04946513e-05,1
0.0009765625,448,0.00347373332,0.00311571243,4.05996689e-05,1
0.0009765625,449,0.0034817881,0.0031230906,4.07048537e-05,1
0.0009765625,450,0.00348985102,0.00313047972,4.08101077e-05,1
0.0009765625,451,0.00349790533,0.00313785602,4.09153436e-05,1
0.0009765625,452,0.00350596337,0.00314524281,4.10206521e-05,1
0.0009765625,453,0.00351403165,0.00315263611,4.11261499e-05,1
0.0009765625,454,0.0035220976,0.00316002592,4.12315749e-05,1
0.0009765625,455,0.00353016495,0.00316742039,4.13371636e-05,1
0.0009765625,456,0.00353823788,0.00317481812,4.14428541e-05,1
0.0009765625,457,0.00354631059,0.00318221492,4.15485119e-05,1
0.0009765625,458,0.00355438166,0.00318961288,4.1654348e-05,1
0.0009765625,459,0.00356245227,0.00319701037,4.17601041e-05,1
0.0009765625,460,0.00357053033,0.00320441299,4.18659947e-05,1
0.0009765625,461,0.00357860443,0.00321181491,4.19719763e-05,1
0.0009765625,462,0.00358669041,0.00321922614,4.20780198e-05,1
0.0009765625,463,0.00359476893,0.00322663225,4.21841069e-05,1
0.0009765625,464,0.00360285281,0.00323404185,4.22903104e-05,1
0.0009765625,465,0.00361094135,0.00324145542,4.23965903e-05,1
0.0009765625,466,0.00361902919,0.00324887037,4.25028666e-05,1
0.0009765625,467,0.00362711609,0.0032562851,4.26092556e-05,1
0.0009765625,468,0.00363520905,0.00326370331,4.27157247e-05,1
0.0009765625,469,0.00364329875,0.00327112176,4.28222302e-05,1
0.0009765625,470,0.00365139451,0.00327854371,4.29288229e-05,1
0.0009765625,471,0.00365949445,0.00328597031,4.30354812e-05,1
0.0009765625,472,0.00366758741,0.00329339295,4.31422159e-05,1
0.0009765625,473,0.00367569178,0.0033008235,4.3249056e-05,1
0.0009765625,474,0.00368379382,0.0033082536,4.33559071e-05,1
0.0009765625,475,0.00369189819,0.00331568462,4.34628091e-05,1
0.0009765625,476,0.00370000419,0.0033231182,4.35698312e-05,1
0.0009765625,477,0.00370811764,0.0033305604,4.36769151e-05,1
0.0009765625,478,0.00371622061,0.00333799119,4.37840245e-05,1
0.0009765625,479,0.00372433569,0.00334543269,4.38913085e-05,1
0.0009765625,480,0.00373244216,0.00335287116,4.39985597e-05,1
0.0009765625,481,0.00374056166,0.00336031686,4.41059929e-05,1
0.0009765625,482,0.00374867907,0.00336776115,4.42133933e-05,1
0.0009765625,483,0.00375679741,0.0033752094,4.43208737e-05,1
0.0009765625,484,0.00376491854,0.00338265812,4.44284124e-05,1
0.0009765625,485,0.00377304154,0.00339011219,4.45361693e-05,1
0.0009765625,486,0.00378116732,0.0033975651,4.46437552e-05,1
0.0009765625,487,0.00378929079,0.00340501871,4.47515631e-05,1
0.0009765625,488,0.0037974189,0.00341247488,4.48593601e-05,1
0.0009765625,489,0.00380555051,0.00341993687,4.49672989e-05,1
0.0009765625,490,0.00381368212,0.00342739583,4.50752777e-05,1
0.0009765625,491,0.00382182002,0.00343486434,4.51833403e-05,1
0.0009765625,492,0.00382995582,0.00344233098,4.52915119e-05,1
0.0009765625,493,0.00383808929,0.00344979228,4.539972e-05,1
0.0009765625,494,0.00384622533,0.00345725892,4.55078552e-05,1
0.0009765625,495,0.00385436974,0.00346473139,4.56162234e-05,1
0.0009765625,496,0.00386250694,0.00347219943,4.57245951e-05,1
0.0009765625,497,0.00387065997,0.003479684,4.58331087e-05,1
0.0009765625,498,0.00387880486,0.00348715764,4.59416588e-05,1
0.0009765625,499,0.00388695742,0.00349464035,4.6050307e-05,1
0.0009765625,500,0.00389510207,0.00350211631,4.61589298e-05,1
0.0009765625,501,0.0039032558,0.00350960111,4.62676689e-05,1
0.0009765625,502,0.00391140953,0.00351708452,4.63764591e-05,1
0.0009765625,503,0.00391956605,0.00352456956,4.64854202e-05,1
0.0009765625,504,0.00392772024,0.00353205809,4.65943231e-05,1
0.0009765625,505,0.00393588468,0.00353955198,4.67034224e-05,1
0.0009765625,506,0.00394404028,0.00354703772,4.68124126e-05,1
0.0009765625,507,0.00395220844,0.00355453813,4.69216866e-05,1
0.0009765625,508,0.00396037241,0.00356203411,4.70308405e-05,1
0.0009765625,509,0.00396853779,0.00356952869,4.71401836e-05,1
0.0009765625,510,0.00397670828,0.00357703306,4.72496286e-05,1
0.0009765625,511,0.00398487877,0.00358453323,4.73590444e-05,1
0.0009765625,512,0.00399304973,0.0035920376,4.74685694e-05,1
0.0009765625,513,0.00400122255,0.00359954266,4.75781599e-05,1
0.0009765625,514,0.00400940143,0.00360705215,4.76877613e-05,1
0.0009765625,515,0.0040175803,0.00361456489,4.779753e-05,1
0.0009765625,516,0.00402576244,0.00362207717,4.79073606e-05,1
0.0009765625,517,0.00403394271,0.00362959225,4.8017253e-05,1
0.0009765625,518,0.00404212577,0.00363710686,4.81271709e-05,1
0.0009765625,519,0.00405030977,0.00364462356,4.82371506e-05,1
0.0009765625,520,0.00405849656,0.00365214399,4.83472395e-05,1
0.0009765625,521,0.00406669127,0.00365966931,4.84573829e-05,1
0.0009765625,522,0.00407487806,0.00366718858,4.85677047e-05,1
0.0009765625,523,0.00408306951,0.00367471459,4.86778954e-05,1
0.0009765625,524,0.00409126468,0.0036822434,4.87882789e-05,1
0.0009765625,525,0.00409946032,0.00368977152,4.88987353e-05,1
0.0009765625,526,0.00410765829,0.00369730289,4.90092316e-05,1
0.0009765625,527,0.00411586324,0.00370484195,4.91198407e-05,1
0.0009765625,528,0.00412406074,0.00371237076,4.92304825e-05,1
0.0009765625,529,0.00413226895,0.00371991191,4.93412117e-05,1
0.0009765625,530,0.00414046878,0.00372744747,4.945197e-05,1
0.0009765625,531,0.00414867746,0.00373499258,4.95628337e-05,1
0.0009765625,532,0.00415688893,0.0037425342,4.96737521e-05,1
0.0009765625,533,0.00416509854,0.00375007885,4.97847759e-05,1
0.0009765625,534,0.00417331746,0.00375763234,4.98958325e-05,1
0.0009765625,535,0.00418153405,0.00376518187,5.00070528e-05,1
0.0009765625,536,0.00418974366,0.00377272791,5.01182185e-05,1
0.0009765625,537,0.00419797096,0.00378028792,5.02295006e-05,1
0.0009765625,538,0.00420619035,0.00378784351,5.03408846e-05,1
0.0009765625,539,0.00421440927,0.0037953963,5.04522613e-05,1
0.0009765625,540,0.00422263192,0.00380295538,5.05637763e-05,1
0.0009765625,541,0.00423086016,0.00381051819,5.06753458e-05,1
0.0009765625,542,0.00423909165,0.00381808658,5.07869772e-05,1
0.0009765625,543,0.00424731942,0.00382564845,5.08987359e-05,1
0.0009765625,544,0.00425554998,0.00383321079,5.10105492e-05,1
0.0009765625,545,0.00426378706,0.00384078734,5.11223589e-05,1
0.0009765625,546,0.00427202182,0.0038483548,5.12342631e-05,1
0.0009765625,547,0.00428026496,0.003855936,5.13462946e-05,1
0.0009765625,548,0.00428849785,0.00386350346,5.14583917e-05,1
0.0009765625,549,0.00429673586,0.00387107884,5.15705251e-05,1
0.0009765625,550,0.00430497807,0.00387865701,5.16826549e-05,1
0.0009765625,551,0.00431323005,0.00388624449,5.17949884e-05,1
0.0009765625,552,0.00432147924,0.00389383035,5.19073546e-05,1
0.0009765625,553,0.00432971865,0.00390140549,5.201971e-05,1
0.0009765625,554,0.0043379711,0.0039089974,5.21322509e-05,1
0.0009765625,555,0.00434622681,0.00391658908,5.22447845e-05,1
0.0009765625,556,0.00435447786,0.0039241761,5.23574163e-05,1
0.0009765625,557,0.00436273869,0.00393177522,5.24701827e-05,1
0.0009765625,558,0.0043709944,0.00393936597,5.25829382e-05,1
0.0009765625,559,0.00437925709,0.00394696556,5.26957665e-05,1
0.0009765625,560,0.00438751513,0.00395456189,5.28087076e-05,1
0.0009765625,561,0.00439577783,0.00396216055,5.29217323e-05,1
0.0009765625,562,0.00440404564,0.0039697648,5.30348298e-05,1
0.0009765625,563,0.00441231718,0.00397737557,5.31479491e-05,1
0.0009765625,564,0.00442058593,0.00398498261,5.32611703e-05,1
0.0009765625,565,0.00442885701,0.00399259105,5.33744205e-05,1
0.0009765625,566,0.00443712482,0.00400019903,5.34878054e-05,1
0.0009765625,567,0.00444539543,0.00400780747,5.36011903e-05,1
0.0009765625,568,0.00445367722,0.00401542522,5.37147171e-05,1
0.0009765625,569,0.00446195249,0.00402304018,5.38283493e-05,1
0.0009765625,570,0.0044702366,0.00403066073,5.39418979e-05,1
0.0009765625,571,0.00447851559,0.00403827941,5.40556466e-05,1
0.0009765625,572,0.00448680995,0.00404590974,5.41694208e-05,1
0.0009765625,573,0.00449508848,0.00405353075,5.42832604e-05,1
0.0009765625,574,0.00450337445,0.00406115549,5.43971473e-05,1
0.0009765625,575,0.00451166788,0.00406878768,5.45113107e-05,1
0.0009765625,576,0.00451995805,0.0040764166,5.46252995e-05,1
0.0009765625,577,0.00452825008,0.00408404833,5.47395284e-05,1
0.0009765625,578,0.00453654351,0.00409168005,5.48536191e-05,1
0.0009765625,579,0.00454483973,0.00409931783,5.49678953e-05,1
0.0009765625,580,0.00455314107,0.00410695607,5.50823024e-05,1
0.0009765625,581,0.00456144847,0.00411460316,5.51967896e-05,1
0.0009765625,582,0.00456974516,0.00412223907,5.53112513e-05,1
0.0009765625,583,0.00457804836,0.00412988337,5.54257931e-05,1
0.0009765625,584,0.00458636228,0.00413753837,5.5540615e-05,1
0.0009765625,585,0.00459466781,0.00414517988,5.56552768e-05,1
0.0009765625,586,0.00460297614,0.00415283162,5.5769975e-05,1
0.0009765625,587,0.00461129006,0.00416048663,5.58848842e-05,1
0.0009765625,588,0.00461960351,0.00416813791,5.59998662e-05,1
0.0009765625,589,0.00462792208,0.0041757985,5.61148372e-05,1
0.0009765625,590,0.00463623367,0.00418345211,5.62299101e-05,1
0.0009765625,591,0.00464455551,0.00419111317,5.6345114e-05,1
0.0009765625,592,0.00465288013,0.00419877702,5.64603397e-05,1
0.0009765625,593,0.00466120476,0.00420644553,5.65756673e-05,1
0.0009765625,594,0.00466952939,0.00421411311,5.66909875e-05,1
0.0009765625,595,0.00467785355,0.00422177929,5.68064534e-05,1
0.0009765625,596,0.0046861833,0.00422945013,5.69219446e-05,1
0.0009765625,597,0.00469451817,0.0042371219,5.7037596e-05,1
0.0009765625,598,0.00470284652,0.00424479088,5.71532182e-05,1
0.0009765625,599,0.00471118744,0.00425247289,5.72689751e-05,1
0.0009765625,600,0.00471951393,0.00426014466,5.73847174e-05,1
0.0009765625,601,0.00472785905,0.0042678304,5.75006889e-05,1
0.0009765625,602,0.00473619625,0.00427551148,5.76166603e-05,1
0.0009765625,603,0.0047445395,0.00428319676,5.77326427e-05,1
0.0009765625,604,0.00475288508,0.00429088436,5.78487488e-05,1
0.0009765625,605,0.00476122601,0.00429856637,5.79648731e-05,1
0.0009765625,606,0.0047695809,0.00430626189,5.80812193e-05,1
0.0009765625,607,0.00477792788,0.00431395462,5.81974928e-05,1
0.0009765625,608,0.00478628045,0.0043216506,5.83138535e-05,1
0.0009765625,609,0.00479462836,0.00432934519,5.84303452e-05,1
0.0009765625,610,0.00480298838,0.0043370463,5.85468297e-05,1
0.0009765625,611,0.00481134327,0.00434474554,5.86635033e-05,1
0.0009765625,612,0.00481970236,0.00435244665,5.87802097e-05,1
0.0009765625,613,0.00482806843,0.00436015474,5.88969451e-05,1
0.0009765625,614,0.00483642519,0.00436785631,5.90137752e-05,1
0.0009765625,615,0.00484479219,0.00437556719,5.91307107e-05,1
0.0009765625,616,0.004853155,0.00438327482,5.92476172e-05,1
0.0009765625,617,0.00486152107,0.0043909857,5.9364651e-05,1
0.0009765625,618,0.00486989971,0.00439870544,5.94818121e-05,1
0.0009765625,619,0.00487826904,0.00440641725,5.95990532e-05,1
0.0009765625,620,0.00488664722,0.00441414164,5.97163926e-05,1
0.0009765625,621,0.00489502028,0.00442185812,5.98336337e-05,1
0.0009765625,622,0.00490339706,0.00442958158,5.99510677e-05,1
0.0009765625,623,0.0049117757,0.00443730503,6.00685635e-05,1
0.0009765625,624,0.00492015528,0.00444502989,6.01861684e-05,1
0.0009765625,625,0.00492854137,0.00445275987,6.03037806e-05,1
0.0009765625,626,0.00493692746,0.00446049077,6.0421502e-05,1
0.0009765625,627,0.00494531635,0.00446822448,6.05391797e-05,1
0.0009765625,628,0.00495370384,0.00447595725,6.06570939e-05,1
0.0009765625,629,0.00496209459,0.00448368955,6.07750517e-05,1
0.0009765625,630,0.00497048907,0.00449143164,6.08930604e-05,1
0.0009765625,631,0.00497888867,0.00449917838,6.10112475e-05,1
0.0009765625,632,0.00498728082,0.00450691767,6.1129278e-05,1
0.0009765625,633,0.00499567762,0.00451465789,6.12473959e-05,1
0.0009765625,634,0.0050040707,0.00452239905,6.13657394e-05,1
0.0009765625,635,0.00501248799,0.00453016022,6.14842429e-05,1
0.0009765625,636,0.00502088433,0.00453790277,6.16026155e-05,1
0.0009765625,637,0.00502929557,0.00454566022,6.1721199e-05,1
0.0009765625,638,0.00503770215,0.00455341535,6.18398262e-05,1
0.0009765625,639,0.0050461106,0.00456116861,6.1958468e-05,1
0.0009765625,640,0.00505451998,0.00456892513,6.20771752e-05,1
0.0009765625,641,0.00506294193,0.00457669515,6.21960644e-05,1
0.0009765625,642,0.00507135177,0.00458444748,6.23148953e-05,1
0.0009765625,643,0.00507976627,0.00459221099,6.24337918e-05,1
0.0009765625,644,0.00508819241,0.0045999838,6.25528992e-05,1
0.0009765625,645,0.0050966097,0.00460775057,6.26719484e-05,1
0.0009765625,646,0.00510503631,0.00461552572,6.27911577e-05,1
0.0009765625,647,0.0051134564,0.00462329155,6.2910367e-05,1
0.0009765625,648,0.00512188114,0.00463106623,6.30298164e-05,1
0.0009765625,649,0.00513031287,0.00463884231,6.31491494e-05,1
0.0009765625,650,0.00513874367,0.00464662211,6.32686642e-05,1
0.0009765625,651,0.00514717447,0.00465440191,6.33882446e-05,1
0.0009765625,652,0.00515561178,0.00466218684,6.35078977e-05,1
0.0009765625,653,0.00516405376,0.00466997502,6.36275799e-05,1
0.0009765625,654,0.00517248409,0.0046777539,6.37472767e-05,1
0.0009765625,655,0.00518093398,0.00468555465,6.38671845e-05,1
0.0009765625,656,0.00518936757,0.00469333725,6.39871796e-05,1
0.0009765625,657,0.00519781327,0.0047011287,6.41071456e-05,1
0.0009765625,658,0.00520625571,0.00470891874,6.42271843e-05,1
0.0009765625,659,0.00521470793,0.00471672276,6.43474486e-05,1
0.0009765625,660,0.00522315782,0.00472452212,6.44676547e-05,1
0.0009765625,661,0.00523160398,0.00473231589,6.45878099e-05,1
0.0009765625,662,0.00524005946,0.00474012084,6.47082707e-05,1
0.0009765625,663,0.00524851633,0.00474792765,6.4828746e-05,1
0.0009765625,664,0.00525697414,0.00475573447,6.49492431e-05,1
0.0009765625,665,0.00526542915,0.00476354128,6.50698275e-05,1
0.0009765625,666,0.00527388696,0.00477134716,6.51904993e-05,1
0.0009765625,667,0.00528235454,0.00477916375,6.53112438e-05,1
0.0009765625,668,0.00529082632,0.00478698593,6.54320465e-05,1
0.0009765625,669,0.00529928086,0.00479479088,6.55530021e-05,1
0.0009765625,670,0.00530776754,0.00480262889,6.56739503e-05,1
0.0009765625,671,0.00531622209,0.0048104329,6.57950295e-05,1
0.0009765625,672,0.00532470131,0.00481826393,6.59161306e-05,1
0.0009765625,673,0.0053331661,0.00482607959,6.60372098e-05,1
0.0009765625,674,0.0053416444,0.00483390689,6.61585e-05,1
0.0009765625,675,0.00535012083,0.00484173838,6.62798484e-05,1
0.0009765625,676,0.00535860378,0.00484956941,6.64013714e-05,1
0.0009765625,677,0.00536708673,0.00485740462,6.65228654e-05,1
0.0009765625,678,0.00537557295,0.00486524124,6.66443811e-05,1
0.0009765625,679,0.0053840559,0.00487307459,6.67660934e-05,1
0.0009765625,680,0.00539254397,0.00488091353,6.68877256e-05,1
0.0009765625,681,0.00540103484,0.00488875853,6.70095469e-05,1
0.0009765625,682,0.00540952338,0.00489659561,6.71312882e-05,1
0.0009765625,683,0.0054180203,0.00490444573,6.72533351e-05,1
0.0009765625,684,0.00542651629,0.00491229445,6.73753748e-05,1
0.0009765625,685,0.00543501135,0.0049201427,6.74974654e-05,1
0.0009765625,686,0.0054435106,0.00492799422,6.7619636e-05,1
0.0009765625,687,0.00545200706,0.00493584061,6.77419594e-05,1
0.0009765625,688,0.0054605105,0.00494369632,6.78641518e-05,1
0.0009765625,689,0.00546901207,0.00495155156,6.79865407e-05,1
0.0009765625,690,0.00547752576,0.00495941937,6.81091551e-05,1
0.0009765625,691,0.00548602734,0.00496727368,6.8231624e-05,1
0.0009765625,692,0.00549454661,0.00497514522,6.83542094e-05,1
0.0009765625,693,0.0055030589,0.00498301117,6.84769766e-05,1
0.0009765625,694,0.00551156141,0.00499086734,6.85996711e-05,1
0.0009765625,695,0.0055200858,0.00499874586,6.87225474e-05,1
0.0009765625,696,0.00552860182,0.00500661414,6.8845402e-05,1
0.0009765625,697,0.00553712808,0.00501449266,6.89685112e-05,1
0.0009765625,698,0.00554564502,0.0050223656,6.90915331e-05,1
0.0009765625,699,0.00555416802,0.00503024086,6.92146859e-05,1
0.0009765625,700,0.00556269102,0.00503811752,6.9337897e-05,1
0.0009765625,701,0.0055712196,0.00504600024,6.9461239e-05,1
0.0009765625,702,0.00557974074,0.0050538769,6.95844501e-05,1
0.0009765625,703,0.00558828097,0.0050617666,6.97079449e-05,1
0.0009765625,704,0.00559681281,0.00506965769,6.98315052e-05,1
0.0009765625,705,0.00560533814,0.00507753855,6.99550874e-05,1
0.0009765625,706,0.00561388442,0.00508543989,7.00787641e-05,1
0.0009765625,707,0.00562242186,0.00509333005,7.02025718e-05,1
0.0009765625,708,0.00563096022,0.00510122068,7.03263941e-05,1
0.0009765625,709,0.00563951442,0.00510913273,7.04505219e-05,1
0.0009765625,710,0.00564804906,0.00511702383,7.05742495e-05,1
0.0009765625,711,0.00565659394,0.0051249247,7.06983192e-05,1
0.0009765625,712,0.00566514302,0.00513282558,7.08224907e-05,1
0.0009765625,713,0.00567369489,0.00514073623,7.09466913e-05,1
0.0009765625,714,0.00568225142,0.00514864828,7.10711101e-05,1
0.0009765625,715,0.00569081027,0.00515656034,7.11953908e-05,1
0.0009765625,716,0.00569935702,0.00516446494,7.13198096e-05,1
0.0009765625,717,0.0057079182,0.00517238118,7.1444374e-05,1
0.0009765625,718,0.00571648311,0.00518029928,7.15689384e-05,1
0.0009765625,719,0.00572503638,0.00518821273,7.16935101e-05,1
0.0009765625,720,0.00573360268,0.00519613456,7.18182127e-05,1
0.0009765625,721,0.00574216899,0.00520405918,7.19431409e-05,1
0.0009765625,722,0.00575073296,0.00521198008,7.20680182e-05,1
0.0009765625,723,0.0057593002,0.00521990331,7.21929246e-05,1
0.0009765625,724,0.0057678814,0.00522783864,7.23180638e-05,1
0.0009765625,725,0.00577644724,0.00523576466,7.2443152e-05,1
0.0009765625,726,0.0057850224,0.00524369488,7.25683494e-05,1
0.0009765625,727,0.00579359895,0.00525162974,7.26936196e-05,1
0.0009765625,728,0.00580217084,0.00525955902,7.28189407e-05,1
0.0009765625,729,0.00581076322,0.00526750972,7.29444582e-05,1
0.0009765625,730,0.00581934489,0.00527544832,7.30698375e-05,1
0.0009765625,731,0.0058279247,0.00528338645,7.31954788e-05,1
0.0009765625,732,0.00583651755,0.00529133715,7.33211637e-05,1
0.0009765625,733,0.00584510341,0.00529928133,7.3446914e-05,1
0.0009765625,734,0.00585369067,0.00530722691,7.35726353e-05,1
0.0009765625,735,0.00586227141,0.00531516643,7.36985821e-05,1
0.0009765625,736,0.00587087078,0.00532312458,7.38245508e-05,1
0.0009765625,737,0.00587947527,0.00533108599,7.39505558e-05,1
0.0009765625,738,0.0058880779,0.00533904834,7.40767136e-05,1
0.0009765625,739,0.00589666283,0.00534699531,7.42028133e-05,1
0.0009765625,740,0.0059052771,0.00535496604,7.4329233e-05,1
0.0009765625,741,0.00591387926,0.00536292559,7.44555946e-05,1
0.0009765625,742,0.00592248049,0.005370887,7.45819416e-05,1
0.0009765625,743,0.00593108591,0.00537885167,7.47083905e-05,1
0.0009765625,744,0.00593969971,0.00538682565,7.48349557e-05,1
0.0009765625,745,0.00594830792,0.00539479312,7.49616665e-05,1
0.0009765625,746,0.00595692405,0.00540276989,7.50883046e-05,1
0.0009765625,747,0.00596553832,0.00541074341,7.52151464e-05,1
0.0009765625,748,0.00597415771,0.00541872345,7.53421336e-05,1
0.0009765625,749,0.0059827771,0.00542669836,7.54690918e-05,1
0.0009765625,750,0.00599139184,0.00543467561,7.55960718e-05,1
0.0009765625,751,0.00600001076,0.00544265611,7.57230519e-05,1
0.0009765625,752,0.0060086404,0.00545064872,7.58502938e-05,1
0.0009765625,753,0.00601726817,0.00545863481,7.59776813e-05,1
0.0009765625,754,0.00602589082,0.00546661718,7.61049232e-05,1
0.0009765625,755,0.00603452744,0.00547461631,7.62324853e-05,1
0.0009765625,756,0.00604316406,0.00548261171,7.63598655e-05,1
0.0009765625,757,0.00605179649,0.00549060619,7.64874203e-05,1
0.0009765625,758,0.00606043125,0.00549860252,7.66151352e-05,1
0.0009765625,759,0.00606906042,0.00550659513,7.67428937e-05,1
0.0009765625,760,0.00607770542,0.00551460125,7.68707396e-05,1
0.0009765625,761,0.00608634669,0.00552260131,7.69985636e-05,1
0.0009765625,762,0.00609499915,0.00553061767,7.71266277e-05,1
0.0009765625,763,0.00610364275,0.00553862005,7.72546191e-05,1
0.0009765625,764,0.00611228449,0.0055466271,7.73827778e-05,1
0.0009765625,765,0.00612093695,0.0055546402,7.75108201e-05,1
0.0009765625,766,0.00612958474,0.0055626519,7.76390953e-05,1
0.0009765625,767,0.00613824092,0.00557067012,7.77676032e-05,1
0.0009765625,768,0.00614689151,0.0055786809,7.78959075e-05,1
0.0009765625,769,0.00615554815,0.00558670331,7.80243936e-05,1
0.0009765625,770,0.00616421131,0.00559472619,7.81530325e-05,1
0.0009765625,771,0.00617287494,0.00560275605,7.82817369e-05,1
0.0009765625,772,0.00618153811,0.00561078032,7.8410354e-05,1
0.0009765625,773,0.00619019754,0.0056188032,7.85392549e-05,1
0.0009765625,774,0.00619886257,0.00562683167,7.86681558e-05,1
0.0009765625,775,0.0062075383,0.00563487271,7.87971876e-05,1
0.0009765625,776,0.00621620053,0.00564289745,7.89260375e-05,1
0.0009765625,777,0.00622488745,0.00565094454,7.90553677e-05,1
0.0009765625,778,0.00623355992,0.00565898279,7.91845305e-05,1
0.0009765625,779,0.00624223752,0.00566702569,7.93137369e-05,1
0.0009765625,780,0.00625091791,0.00567506813,7.94430962e-05,1
0.0009765625,781,0.00625959225,0.00568310637,7.95725209e-05,1
0.0009765625,782,0.00626827683,0.005691153,7.97022367e-05,1
0.0009765625,783,0.00627696421,0.00569920521,7.98318433e-05,1
0.0009765625,784,0.00628564321,0.00570725277,7.99613481e-05,1
0.0009765625,785,0.0062943371,0.00571531104,8.00911512e-05,1
0.0009765625,786,0.00630302308,0.00572335953,8.0221027e-05,1
0.0009765625,787,0.00631171232,0.005731415,8.0350881e-05,1
0.0009765625,788,0.00632040622,0.005739477,8.04808224e-05,1
0.0009765625,789,0.00632910291,0.00574753666,8.06109892e-05,1
0.0009765625,790,0.00633779168,0.00575559167,8.07410688e-05,1
0.0009765625,791,0.00634650467,0.00576366857,8.08713958e-05,1
0.0009765625,792,0.00635520648,0.00577173568,8.10015918e-05,1
0.0009765625,793,0.00636390923,0.00577980373,8.1131875e-05,1
0.0009765625,794,0.00637261849,0.00578788202,8.12624276e-05,1
0.0009765625,795,0.0063813189,0.00579594728,8.13929291e-05,1
0.0009765625,796,0.00639002305,0.00580401765,8.15235398e-05,1
0.0009765625,797,0.00639873929,0.00581209641,8.16542961e-05,1
0.0009765625,798,0.00640745182,0.00582017656,8.17850523e-05,1
0.0009765625,799,0.00641616341,0.00582825625,8.19158595e-05,1
0.0009765625,800,0.00642487966,0.00583634106,8.20468413e-05,1
0.0009765625,801,0.00643360522,0.005844431,8.21778522e-05,1
0.0009765625,802,0.006442321,0.00585251441,8.23088849e-05,1
0.0009765625,803,0.00645104004,0.00586059969,8.24400267e-05,1
0.0009765625,804,0.00645977538,0.00586870126,8.25712414e-05,1
0.0009765625,805,0.00646849861,0.00587679353,8.27026452e-05,1
0.0009765625,806,0.00647723302,0.00588489464,8.28341072e-05,1
0.0009765625,807,0.00648596557,0.00589299342,8.29654819e-05,1
0.0009765625,808,0.00649468508,0.00590107962,8.30969948e-05,1
0.0009765625,809,0.00650342088,0.00590918818,8.32286969e-05,1
0.0009765625,810,0.00651216088,0.00591729442,8.33603845e-05,1
0.0009765625,811,0.00652088877,0.00592538901,8.34921229e-05,1
0.0009765625,812,0.00652963901,0.00593350967,8.36241743e-05,1
0.0009765625,813,0.00653838227,0.00594162056,8.3756051e-05,1
0.0009765625,814,0.00654712925,0.00594973424,8.38879932e-05,1
0.0009765625,815,0.00655586552,0.00595784001,8.40201683e-05,1
0.0009765625,816,0.00656461716,0.00596596068,8.41523797e-05,1
0.0009765625,817,0.00657336693,0.00597407948,8.42845911e-05,1
0.0009765625,818,0.00658212556,0.0059822062,8.44169481e-05,1
0.0009765625,819,0.00659087813,0.00599032594,8.45493196e-05,1
0.0009765625,820,0.00659962511,0.00599844614,8.46817711e-05,1
0.0009765625,821,0.00660838932,0.00600657659,8.48144846e-05,1
0.0009765625,822,0.00661713956,0.00601470051,8.49471398e-05,1
0.0009765625,823,0.00662590284,0.00602283003,8.50797369e-05,1
0.0009765625,824,0.00663466938,0.00603097025,8.52126759e-05,1
0.0009765625,825,0.00664343219,0.00603909884,8.53456513e-05,1
0.0009765625,826,0.00665220199,0.00604724139,8.54784375e-05,1
0.0009765625,827,0.00666096853,0.00605537323,8.5611573e-05,1
0.0009765625,828,0.00666974066,0.00606351998,8.57446867e-05,1
0.0009765625,829,0.0066785193,0.00607166765,8.58780622e-05,1
0.0009765625,830,0.00668728305,0.00607980508,8.60111977e-05,1
0.0009765625,831,0.00669606589,0.00608795602,8.61445078e-05,1
0.0009765625,832,0.00670485245,0.00609611114,8.62781744e-05,1
0.0009765625,833,0.00671361806,0.00610424997,8.64115937e-05,1
0.0009765625,834,0.00672240928,0.00611241255,8.65452312e-05,1
0.0009765625,835,0.00673119305,0.00612056581,8.66788323e-05,1
0.0009765625,836,0.0067399824,0.00612872792,8.68126517e-05,1
0.0009765625,837,0.0067487685,0.00613688445,8.69465293e-05,1
0.0009765625,838,0.00675755367,0.00614504237,8.70804433e-05,1
0.0009765625,839,0.0067663528,0.00615321239,8.72144592e-05,1
0.0009765625,840,0.00677514076,0.00616137125,8.7348526e-05,1
0.0009765625,841,0.00678393478,0.00616953988,8.74826001e-05,1
0.0009765625,842,0.00679274043,0.00617771689,8.7616856e-05,1
0.0009765625,843,0.00680154283,0.00618589018,8.77512357e-05,1
0.0009765625,844,0.0068103401,0.00619406253,8.78857099e-05,1
0.0009765625,845,0.00681914296,0.00620223721,8.80201551e-05,1
0.0009765625,846,0.00682794582,0.00621041143,8.8154673e-05,1
0.0009765625,847,0.00683676032,0.00621859822,8.82895984e-05,1
0.0009765625,848,0.0068455725,0.00622678222,8.84240653e-05,1
0.0009765625,849,0.00685438514,0.00623497134,8.85588452e-05,1
0.0009765625,850,0.00686319824,0.00624315441,8.86939233e-05,1
0.0009765625,851,0.00687201135,0.0062513412,8.88289069e-05,1
0.0009765625,852,0.00688082259,0.00625953032,8.89637886e-05,1
0.0009765625,853,0.00688964548,0.00626772549,8.9098954e-05,1
0.0009765625,854,0.00689846789,0.00627591927,8.9234265e-05,1
0.0009765625,855,0.00690729544,0.00628412282,8.93694014e-05,1
0.0009765625,856,0.00691611273,0.00629231427,8.95049016e-05,1
0.0009765625,857,0.00692495238,0.00630052527,8.96402416e-05,1
0.0009765625,858,0.00693377107,0.00630871905,8.97757636e-05,1
0.0009765625,859,0.00694260467,0.00631692866,8.9911402e-05,1
0.0009765625,860,0.006951435,0.00632513268,9.00471132e-05,1
0.0009765625,861,0.00696026627,0.00633333996,9.01828389e-05,1
0.0009765625,862,0.00696911337,0.00634155935,9.03187683e-05,1
0.0009765625,863,0.00697794883,0.00634976989,9.04546614e-05,1
0.0009765625,864,0.0069867908,0.00635798601,9.05906854e-05,1
0.0009765625,865,0.00699562812,0.00636620121,9.07267531e-05,1
0.0009765625,866,0.00700447988,0.00637442572,9.08627771e-05,1
0.0009765625,867,0.00701333676,0.00638265815,9.09992377e-05,1
0.0009765625,868,0.00702217221,0.00639086962,9.11356037e-05,1
0.0009765625,869,0.00703102071,0.00639909366,9.12718388e-05,1
0.0009765625,870,0.00703987619,0.00640732516,9.14084376e-05,1
0.0009765625,871,0.00704872655,0.00641555106,9.15449054e-05,1
0.0009765625,872,0.00705759088,0.00642379234,9.16816789e-05,1
0.0009765625,873,0.00706644868,0.00643202849,9.18185833e-05,1
0.0009765625,874,0.00707530184,0.00644025719,9.19551458e-05,1
0.0009765625,875,0.00708416617,0.00644849753,9.20921739e-05,1
0.0009765625,876,0.00709303562,0.00645674299,9.22291729e-05,1
0.0009765625,877,0.00710190227,0.00646498706,9.23661428e-05,1
0.0009765625,878,0.00711076707,0.00647323113,9.25033164e-05,1
0.0009765625,879,0.00711962907,0.00648146775,9.26404682e-05,1
0.0009765625,880,0.00712851388,0.00648972811,9.27777874e-05,1
0.0009765625,881,0.00713737402,0.00649796752,9.29151356e-05,1
0.0009765625,882,0.0071462593,0.00650622835,9.30526876e-05,1
0.0009765625,883,0.00715514366,0.00651449431,9.31903269e-05,1
0.0009765625,884,0.00716401264,0.00652273837,9.3327777e-05,1
0.0009765625,885,0.00717289047,0.00653099548,9.34655909e-05,1
0.0009765625,886,0.00718178879,0.00653927214,9.3603383e-05,1
0.0009765625,887,0.00719066476,0.00654752366,9.37411023e-05,1
0.0009765625,888,0.00719955703,0.00655579614,9.38792145e-05,1
0.0009765625,889,0.00720843906,0.00656405743,9.40170212e-05,1
0.0009765625,890,0.00721733551,0.0065723313,9.41552353e-05,1
0.0009765625,891,0.0072262357,0.00658060936,9.42935803e-05,1
0.0009765625,892,0.00723512052,0.00658887299,9.44317653e-05,1
0.0009765625,893,0.00724402163,0.00659715384,9.45701104e-05,1
0.0009765625,894,0.00725292368,0.00660543237,9.47085136e-05,1
0.0009765625,895,0.00726182247,0.00661371229,9.48470479e-05,1
0.0009765625,896,0.00727073569,0.00662200619,9.49857567e-05,1
0.0009765625,897,0.00727962749,0.00663027866,9.5124291e-05,1
0.0009765625,898,0.00728853326,0.00663856557,9.52629634e-05,1
0.0009765625,899,0.00729744695,0.00664685806,9.5402007e-05,1
0.0009765625,900,0.00730636017,0.0066551473,9.55407741e-05,1
0.0009765625,901,0.00731527433,0.00666344119,9.56798904e-05,1
0.0009765625,902,0.00732419174,0.00667174347,9.58190285e-05,1
0.0009765625,903,0.00733310031,0.00668003038,9.59581157e-05,1
0.0009765625,904,0.00734202471,0.00668833265,9.60974867e-05,1
0.0009765625,905,0.00735094678,0.00669663586,9.62368649e-05,1
0.0009765625,906,0.00735986186,0.00670493534,9.63761995e-05,1
0.0009765625,907,0.00736878812,0.00671324227,9.65156287e-05,1
0.0009765625,908,0.00737771904,0.00672155246,9.66552252e-05,1
0.0009765625,909,0.00738664437,0.00672985846,9.67948072e-05,1
0.0009765625,910,0.00739556737,0.00673816493,9.69344401e-05,1
0.0009765625,911,0.00740451226,0.00674648769,9.70743858e-05,1
0.0009765625,912,0.00741344737,0.00675480627,9.72143971e-05,1
0.0009765625,913,0.00742237316,0.00676311646,9.73543647e-05,1
0.0009765625,914,0.00743132224,0.00677144248,9.74943396e-05,1
0.0009765625,915,0.00744025549,0.00677976012,9.76344745e-05,1
0.0009765625,916,0.00744920084,0.00678808754,9.77748205e-05,1
0.0009765625,917,0.00745814294,0.00679641403,9.79150354e-05,1
0.0009765625,918,0.00746709201,0.00680474425,9.80555633e-05,1
0.0009765625,919,0.00747604296,0.00681307307,9.8195982e-05,1
0.0009765625,920,0.00748498738,0.00682140375,9.83365826e-05,1
0.0009765625,921,0.00749394298,0.00682974281,9.84770304e-05,1
0.0009765625,922,0.00750289438,0.00683807721,9.86178493e-05,1
0.0009765625,923,0.00751185603,0.0068464214,9.87586245e-05,1
0.0009765625,924,0.00752081582,0.00685476465,9.88996762e-05,1
0.0009765625,925,0.00752977049,0.00686310092,9.90405606e-05,1
0.0009765625,926,0.0075387368,0.00687145209,9.91816341e-05,1
0.0009765625,927,0.00754770357,0.00687979907,9.93228532e-05,1
0.0009765625,928,0.00755667314,0.00688815443,9.9464145e-05,1
0.0009765625,929,0.00756563153,0.00689649628,9.96053277e-05,1
0.0009765625,930,0.00757459784,0.00690484839,9.97466486e-05,1
0.0009765625,931,0.00758357206,0.00691320468,9.98880059e-05,1
0.0009765625,932,0.00759253697,0.00692155771,0.000100029654,1
0.0009765625,933,0.00760153076,0.00692993449,0.000100171303,1
0.0009765625,934,0.00761049567,0.00693828007,0.000100313031,1
0.0009765625,935,0.00761947827,0.0069466508,0.000100454832,1
0.0009765625,936,0.00762846135,0.0069550178,0.000100596728,1
0.0009765625,937,0.0076374528,0.00696339458,0.000100738718,1
0.0009765625,938,0.00764643308,0.00697176019,0.000100880796,1
0.0009765625,939,0.00765541708,0.00698012765,0.00010102283,1
0.0009765625,940,0.00766440714,0.0069885049,0.000101165017,1
0.0009765625,941,0.00767340465,0.00699688634,0.00010130732,1
0.0009765625,942,0.00768238772,0.00700525753,0.000101449696,1
0.0009765625,943,0.00769139407,0.00701364642,0.00010159213,1
0.0009765625,944,0.00770038832,0.00702202786,0.000101734811,1
0.0009765625,945,0.00770938816,0.00703041442,0.000101877406,1
0.0009765625,946,0.0077183838,0.00703879632,0.000102019978,1
0.0009765625,947,0.007727399,0.00704719592,0.000102162863,1
0.0009765625,948,0.00773638487,0.00705556991,0.000102305632,1
0.0009765625,949,0.007745401,0.00706397463,0.000102448772,1
0.0009765625,950,0.00775441341,0.0070723691,0.000102591759,1
0.0009765625,951,0.00776342023,0.00708076963,0.000102734826,1
0.0009765625,952,0.00777242752,0.00708916038,0.000102878003,1
0.0009765625,953,0.0077814525,0.00709757162,0.000103021237,1
0.0009765625,954,0.0077904705,0.00710597681,0.000103164777,1
0.0009765625,955,0.00779949268,0.00711438665,0.000103308172,1
0.0009765625,956,0.00780850463,0.00712278439,0.000103451697,1
0.0009765625,957,0.00781754032,0.00713121193,0.000103595426,1
0.0009765625,958,0.00782655273,0.0071396078,0.000103739112,1
0.0009765625,959,0.00783558749,0.00714803208,0.000103882929,1
0.0009765625,960,0.00784461014,0.00715644797,0.000104026672,1
0.0009765625,961,0.00785365142,0.00716486992,0.000104170736,1
0.0009765625,962,0.00786267221,0.00717328396,0.000104314713,1
0.0009765625,963,0.00787171256,0.00718171382,0.000104458886,1
0.0009765625,964,0.00788076036,0.00719014555,0.000104603139,1
0.0009765625,965,0.00788979139,0.00719856517,0.000104747312,1
0.0009765625,966,0.0078988215,0.00720698573,0.000104891675,1
0.0009765625,967,0.00790786557,0.00721542491,0.000105036095,1
0.0009765625,968,0.00791692175,0.00722386595,0.000105180654,1
0.0009765625,969,0.0079259621,0.00723230001,0.000105325416,1
0.0009765625,970,0.00793500617,0.00724072894,0.000105470041,1
0.0009765625,971,0.00794406887,0.00724918116,0.000105614898,1
0.0009765625,972,0.00795311481,0.00725761848,0.000105759718,1
0.0009765625,973,0.00796216168,0.00726605579,0.000105904583,1
0.0009765625,974,0.00797122438,0.00727450522,0.000106049614,1
0.0009765625,975,0.00798028149,0.00728295278,0.000106194682,1
0.0009765625,976,0.00798934232,0.00729140732,0.000106340143,1
0.0009765625,977,0.00799839571,0.00729985256,0.000106485313,1
0.0009765625,978,0.00800746493,0.00730830757,0.000106630665,1
0.0009765625,979,0.0080165267,0.00731676444,0.000106775988,1
0.0009765625,980,0.00802560244,0.00732522923,0.000106921623,1
0.0009765625,981,0.00803466327,0.00733368238,0.000107067208,1
0.0009765625,982,0.00804374274,0.00734215323,0.000107212931,1
0.0009765625,983,0.00805282127,0.00735061942,0.000107358828,1
0.0009765625,984,0.0080618998,0.00735909026,0.000107504769,1
0.0009765625,985,0.00807096995,0.00736755505,0.000107650776,1
0.0009765625,986,0.0080800578,0.00737603335,0.000107796819,1
0.0009765625,987,0.00808913074,0.0073844986,0.00010794284,1
0.0009765625,988,0.00809822138,0.00739298388,0.000108089102,1
0.0009765625,989,0.0081073083,0.00740146311,0.000108235407,1
0.0009765625,990,0.0081164008,0.00740994373,0.000108381908,1
0.0009765625,991,0.00812549703,0.00741843227,0.000108528249,1
0.0009765625,992,0.00813457277,0.00742690451,0.000108674671,1
0.0009765625,993,0.00814367365,0.00743539631,0.000108821521,1
0.0009765625,994,0.00815276615,0.00744388299,0.000108968074,1
0.0009765625,995,0.00816186983,0.00745237665,0.000109114953,1
0.0009765625,996,0.00817095116,0.00746085867,0.000109261826,1
0.0009765625,997,0.00818006322,0.00746935466,0.000109408858,1
0.0009765625,998,0.00818916876,0.00747785904,0.000109555978,1
0.0009765625,999,0.00819827523,0.00748635828,0.000109703004,1
0.0009765625,1000,0.00820738543,0.00749485986,0.000109850247,1
0.0009765625,1001,0.00821648538,0.00750336004,0.000109997571,1
0.0009765625,1002,0.00822560117,0.00751186348,0.000110144858,1
0.0009765625,1003,0.00823472254,0.0075203767,0.000110292451,1
0.0009765625,1004,0.0082438346,0.00752888899,0.000110440065,1
0.0009765625,1005,0.00825296156,0.00753740733,0.000110587804,1
0.0009765625,1006,0.00826206803,0.00754590938,0.000110735506,1
0.0009765625,1007,0.00827118568,0.00755442679,0.00011088312,1
0.0009765625,1008,0.00828032754,0.00756295677,0.000111031244,1
0.0009765625,1009,0.00828944054,0.0075714686,0.000111179164,1
0.0009765625,1010,0.00829857402,0.00757999299,0.000111327463,1
0.0009765625,1011,0.00830770005,0.00758852065,0.000111475412,1
0.0009765625,1012,0.00831682235,0.00759703759,0.000111623624,1
0.0009765625,1013,0.00832596608,0.00760557223,0.000111771929,1
0.0009765625,1014,0.00833510701,0.00761411153,0.000111920475,1
0.0009765625,1015,0.00834423862,0.00762263918,0.000112068883,1
0.0009765625,1016,0.00835337397,0.00763116963,0.000112217349,1
0.0009765625,1017,0.00836251955,0.00763971172,0.000112366251,1
0.0009765625,1018,0.00837166794,0.00764825661,0.000112515074,1
0.0009765625,1019,0.00838081166,0.00765679684,0.000112663714,1
0.0009765625,1020,0.00838995632,0.00766533986,0.000112812661,1
0.0009765625,1021,0.00839910749,0.00767388986,0.000112961665,1
0.0009765625,1022,0.00840825867,0.00768243382,0.000113110902,1
0.0009765625,1023,0.00841740426,0.00769097824,0.000113259914,1
0.00048828125,0,4.53999055e-05,0,0,1
0.00048828125,1,5.26588046e-05,6.54040423e-06,7.70012605e-08,1
0.00048828125,2,5.99194391e-05,1.3082612e-05,1.54059833e-07,1
0.00048828125,3,6.71817907e-05,1.96266301e-05,2.31176202e-07,1
0.00048828125,4,7.4445903e-05,2.61724708e-05,3.08349399e-07,1
0.00048828125,5,8.17116888e-05,3.27201342e-05,3.85579966e-07,1
0.00048828125,6,8.89792209e-05,3.92695765e-05,4.62868371e-07,1
0.00048828125,7,9.62484046e-05,4.58208524e-05,5.40213932e-07,1
0.00048828125,8,0.000103519422,5.23738781e-05,6.1761898e-07,1
0.00048828125,9,0.000110792265,5.89288247e-05,6.95079279e-07,1
0.00048828125,10,0.000118066513,6.54854739e-05,7.72597161e-07,1
0.00048828125,11,0.000125342805,7.20441458e-05,8.50173308e-07,1
0.00048828125,12,0.000132620436,7.86042219e-05,9.27804194e-07,1
0.00048828125,13,0.000139899988,8.51662553e-05,1.00549732e-06,1
0.00048828125,14,0.000147181476,9.17302314e-05,1.08324821e-06,1
0.00048828125,15,0.000154464768,9.82961064e-05,1.16105264e-06,1
0.00048828125,16,0.000161749413,0.000104863713,1.23891505e-06,1
0.00048828125,17,0.000169035615,0.000111432717,1.31683589e-06,1
0.00048828125,18,0.000176324203,0.000118004296,1.39481676e-06,1
0.00048828125,19,0.000183614364,0.000124577346,1.47285402e-06,1
0.00048828125,20,0.000190905761,0.000131152003,1.55094995e-06,1
0.00048828125,21,0.000198199079,0.00013772861,1.62910112e-06,1
0.00048828125,22,0.000205494347,0.000144307152,1.70731585e-06,1
0.00048828125,23,0.000212791216,0.000150887281,1.78558514e-06,1
0.00048828125,24,0.000220089933,0.000157469593,1.86390923e-06,1
0.00048828125,25,0.000227390745,0.000164053883,1.94229483e-06,1
0.00048828125,26,0.000234692547,0.000170639323,2.02073397e-06,1
0.00048828125,27,0.000241996357,0.000177226655,2.09923542e-06,1
0.00048828125,28,0.000249301578,0.000183815675,2.1777953e-06,1
0.00048828125,29,0.00025660891,0.000190407023,2.25640747e-06,1
0.00048828125,30,0.00026391822,0.000197000321,2.33508899e-06,1
0.00048828125,31,0.000271228666,0.000203594856,2.41381417e-06,1
0.00048828125,32,0.000278541091,0.000210191385,2.49260529e-06,1
0.00048828125,33,0.000285855058,0.00021678966,2.57145166e-06,1
0.00048828125,34,0.000293171674,0.000223390423,2.65036329e-06,1
0.00048828125,35,0.000300489395,0.000229992875,2.72932971e-06,1
0.00048828125,36,0.000307808252,0.000236596112,2.80834638e-06,1
0.00048828125,37,0.000315129582,0.000243202099,2.8874274e-06,1
0.00048828125,38,0.000322452106,0.000249809411,2.96656754e-06,1
0.00048828125,39,0.000329777395,0.000256418978,3.04576815e-06,1
0.00048828125,40,0.000337103382,0.000263029768,3.1250147e-06,1
0.00048828125,41,0.000344431668,0.000269643118,3.2043406e-06,1
0.00048828125,42,0.000351761293,0.000276257953,3.28370652e-06,1
0.00048828125,43,0.000359092606,0.000282874418,3.36313769e-06,1
0.00048828125,44,0.000366426015,0.000289492978,3.44262617e-06,1
0.00048828125,45,0.000373761199,0.000296113227,3.52217694e-06,1
0.00048828125,46,0.000381097401,0.00030273493,3.60178228e-06,1
0.00048828125,47,0.000388436107,0.000309359195,3.6814447e-06,1
0.00048828125,48,0.000395776093,0.000315984595,3.7611635e-06,1
0.00048828125,49,0.000403118582,0.000322612701,3.84095028e-06,1
0.00048828125,50,0.0004104611,0.000329240633,3.92079619e-06,1
0.00048828125,51,0.000417806645,0.000335872319,4.00068393e-06,1
0.00048828125,52,0.00042515446,0.000342505955,4.08063761e-06,1
0.00048828125,53,0.000432503701,0.000349141046,4.16065905e-06,1
0.00048828125,54,0.000439853931,0.000355777331,4.24073824e-06,1
0.00048828125,55,0.00044720617,0.000362415856,4.32085562e-06,1
0.00048828125,56,0.000454561145,0.00036905703,4.4010626e-06,1
0.00048828125,57,0.000461917312,0.000375699077,4.48130504e-06,1
0.00048828125,58,0.000469274441,0.000382342929,4.56161797e-06,1
0.00048828125,59,0.000476632995,0.000388988206,4.6419741e-06,1
0.00048828125,60,0.000483994605,0.000395635958,4.72240163e-06,1
0.00048828125,61,0.000491357234,0.000402285543,4.802896e-06,1
0.00048828125,62,0.000498721842,0.000408936932,4.88343039e-06,1
0.00048828125,63,0.000506088079,0.000415589893,4.96402799e-06,1
0.00048828125,64,0.000513455365,0.000422244659,5.04469926e-06,1
0.00048828125,65,0.000520825211,0.000428901432,5.12540873e-06,1
0.00048828125,66,0.000528197386,0.000435560185,5.20619369e-06,1
0.00048828125,67,0.000535572413,0.000442222517,5.28703276e-06,1
0.00048828125,68,0.000542944123,0.000448881678,5.36791958e-06,1
0.00048828125,69,0.000550322817,0.00045554759,5.44889463e-06,1
0.00048828125,70,0.000557702093,0.000462214084,5.52989786e-06,1
0.00048828125,71,0.000565079274,0.00046887924,5.61097022e-06,1
0.00048828125,72,0.000572462741,0.000475550361,5.69210079e-06,1
0.00048828125,73,0.000579846906,0.000482222531,5.77329001e-06,1
0.00048828125,74,0.000587232469,0.000488895283,5.854542e-06,1
0.00048828125,75,0.000594618788,0.000495569839,5.93585401e-06,1
0.00048828125,76,0.000602008833,0.000502247713,6.01722195e-06,1
0.00048828125,77,0.000609398761,0.000508925819,6.09864037e-06,1
0.00048828125,78,0.000616791483,0.000515606545,6.180127e-06,1
0.00048828125,79,0.00062418537,0.000522288843,6.26167048e-06,1
0.00048828125,80,0.000631580828,0.000528972538,6.34327716e-06,1
0.00048828125,81,0.000638979254,0.000535659026,6.42495888e-06,1
0.00048828125,82,0.000646377972,0.000542346563,6.50666561e-06,1
0.00048828125,83,0.000653779483,0.00054903666,6.58845647e-06,1
0.00048828125,84,0.000661182974,0.000555728562,6.67028371e-06,1
0.00048828125,85,0.000668585999,0.000562420581,6.75220417e-06,1
0.00048828125,86,0.000675993157,0.000569116964,6.8341642e-06,1
0.00048828125,87,0.000683400431,0.00057581329,6.91617879e-06,1
0.00048828125,88,0.000690811023,0.000582512759,6.99824295e-06,1
0.00048828125,89,0.000698222313,0.000589213334,7.08039124e-06,1
0.00048828125,90,0.000705636805,0.00059591711,7.16258955e-06,1
0.00048828125,91,0.000713051122,0.00060262077,7.24486017e-06,1
0.00048828125,92,0.000720466604,0.000609325478,7.32715853e-06,1
0.00048828125,93,0.000727887324,0.00061603525,7.40954556e-06,1
0.00048828125,94,0.00073530752,0.000622745545,7.49198443e-06,1
0.00048828125,95,0.000742728706,0.000629455782,7.57448788e-06,1
0.00048828125,96,0.00075015222,0.000636169047,7.65704317e-06,1
0.00048828125,97,0.000757578586,0.00064288557,7.73965439e-06,1
0.00048828125,98,0.000765005301,0.000649602793,7.82232928e-06,1
0.00048828125,99,0.000772434752,0.000656322052,7.90505419e-06,1
0.00048828125,100,0.00077986496,0.000663042476,7.9878655e-06,1
0.00048828125,101,0.000787297264,0.000669764995,8.07070501e-06,1
0.00048828125,102,0.000794731954,0.000676489726,8.15362637e-06,1
0.00048828125,103,0.000802166585,0.000683214981,8.23659684e-06,1
0.00048828125,104,0.000809606921,0.000689945417,8.31961643e-06,1
0.00048828125,105,0.000817044056,0.000696673116,8.40271696e-06,1
0.00048828125,106,0.00082448608,0.000703405996,8.48588479e-06,1
0.00048828125,107,0.000831929734,0.000710140506,8.56909264e-06,1
0.00048828125,108,0.000839375134,0.000716876995,8.65236325e-06,1
0.00048828125,109,0.000846820534,0.000723613601,8.7357048e-06,1
0.00048828125,110,0.000854268263,0.000730352418,8.81906908e-06,1
0.00048828125,111,0.000861719949,0.000737094728,8.90254978e-06,1
0.00048828125,112,0.000869171694,0.000743837561,8.98604867e-06,1
0.00048828125,113,0.000876625243,0.000750582491,9.06961395e-06,1
0.00048828125,114,0.000884078909,0.00075732742,9.15324017e-06,1
0.00048828125,115,0.000891538861,0.000764078519,9.23694552e-06,1
0.00048828125,116,0.000898994796,0.000770826649,9.32070088e-06,1
0.00048828125,117,0.000906455505,0.000777579669,9.4044899e-06,1
0.00048828125,118,0.000913919124,0.000784334785,9.48838988e-06,1
0.00048828125,119,0.000921382569,0.000791090133,9.57231168e-06,1
0.00048828125,120,0.000928848225,0.000797847111,9.65631534e-06,1
0.00048828125,121,0.00093631557,0.000804607058,9.74035083e-06,1
0.00048828125,122,0.000943786872,0.000811369391,9.82448455e-06,1
0.00048828125,123,0.000951256079,0.000818132132,9.90863737e-06,1
0.00048828125,124,0.000958729477,0.000824897492,9.99286749e-06,1
0.00048828125,125,0.000966205262,0.000831665238,1.00771958e-05,1
0.00048828125,126,0.000973679416,0.000838432228,1.01615115e-05,1
0.00048828125,127,0.000981158577,0.000845203816,1.02459444e-05,1
0.00048828125,128,0.000988637679,0.000851976161,1.03304292e-05,1
0.00048828125,129,0.00099612074,0.000858750951,1.04149376e-05,1
0.00048828125,130,0.00100360322,0.000865526439,1.04995743e-05,1
0.00048828125,131,0.00101108814,0.000872304547,1.05842073e-05,1
0.00048828125,132,0.00101857563,0.000879084633,1.06689158e-05,1
0.00048828125,133,0.00102606288,0.000885865535,1.0753698e-05,1
0.00048828125,134,0.00103355513,0.000892650569,1.08385293e-05,1
0.00048828125,135,0.00104104599,0.000899435603,1.09234379e-05,1
0.00048828125,136,0.00104853988,0.000906222442,1.10083793e-05,1
0.00048828125,137,0.00105603575,0.000913012307,1.1093427e-05,1
0.00048828125,138,0.0010635315,0.000919800368,1.11784893e-05,1
0.00048828125,139,0.00107103295,0.000926596171,1.12636244e-05,1
0.00048828125,140,0.00107853371,0.000933390867,1.13488386e-05,1
0.00048828125,141,0.00108603784,0.0009401883,1.14341174e-05,1
0.00048828125,142,0.0010935422,0.000946986896,1.15194189e-05,1
0.00048828125,143,0.00110104692,0.000953785668,1.16048013e-05,1
0.00048828125,144,0.00110855384,0.000960587291,1.16902502e-05,1
0.00048828125,145,0.00111606286,0.000967389555,1.17757436e-05,1
0.00048828125,146,0.00112357584,0.000974197406,1.1861297e-05,1
0.00048828125,147,0.00113109092,0.000981007237,1.19469332e-05,1
0.00048828125,148,0.00113860483,0.000987815903,1.20326176e-05,1
0.00048828125,149,0.00114612107,0.000994625501,1.21183857e-05,1
0.00048828125,150,0.00115363905,0.00100143882,1.22041765e-05,1
0.00048828125,151,0.00116116006,0.00100825517,1.22900483e-05,1
0.00048828125,152,0.00116868422,0.0010150742,1.23759855e-05,1
0.00048828125,153,0.00117620616,0.00102189183,1.24620083e-05,1
0.00048828125,154,0.00118373195,0.00102871063,1.2548021e-05,1
0.00048828125,155,0.00119125773,0.00103553385,1.26341411e-05,1
0.00048828125,156,0.00119878864,0.00104235928,1.27203193e-05,1
0.00048828125,157,0.00120631885,0.00104918389,1.28065449e-05,1
0.00048828125,158,0.00121385138,0.00105601153,1.28928377e-05,1
0.00048828125,159,0.0012213873,0.00106284313,1.29792234e-05,1
0.00048828125,160,0.00122892275,0.00106967462,1.30656426e-05,1
0.00048828125,161,0.00123645936,0.00107650692,1.31521147e-05,1
0.00048828125,162,0.00124399923,0.00108334236,1.32386549e-05,1
0.00048828125,163,0.00125154282,0.00109018141,1.33252506e-05,1
0.00048828125,164,0.00125908724,0.00109702174,1.34119555e-05,1
0.00048828125,165,0.0012666292,0.00110386021,1.3498654e-05,1
0.00048828125,166,0.00127417524,0.00111070264,1.35854079e-05,1
0.00048828125,167,0.00128172571,0.00111754867,1.36722874e-05,1
0.00048828125,168,0.00128927431,0.00112439424,1.37591742e-05,1
0.00048828125,169,0.00129682908,0.00113124528,1.38461883e-05,1
0.00048828125,170,0.00130438269,0.00113809551,1.3933216e-05,1
0.00048828125,171,0.00131193874,0.00114494772,1.40202828e-05,1
0.00048828125,172,0.00131949573,0.00115180167,1.41074443e-05,1
0.00048828125,173,0.00132705376,0.0011586569,1.41946448e-05,1
0.00048828125,174,0.00133461598,0.00116551574,1.42819335e-05,1
0.00048828125,175,0.00134217739,0.00117237389,1.43692851e-05,1
0.00048828125,176,0.00134974113,0.00117923494,1.44566693e-05,1
0.00048828125,177,0.00135730626,0.00118609797,1.45441327e-05,1
0.00048828125,178,0.0013648743,0.00119296368,1.4631677e-05,1
0.00048828125,179,0.00137244351,0.00119982893,1.47192432e-05,1
0.00048828125,180,0.00138001575,0.00120669988,1.48069039e-05,1
0.00048828125,181,0.00138759194,0.00121357257,1.48945892e-05,1
0.00048828125,182,0.00139516336,0.00122044247,1.498236e-05,1
0.00048828125,183,0.0014027399,0.00122731703,1.50701999e-05,1
0.00048828125,184,0.00141031959,0.00123419403,1.51581262e-05,1
0.00048828125,185,0.00141789974,0.00124107173,1.52460552e-05,1
0.00048828125,186,0.00142548443,0.00124795421,1.53340716e-05,1
0.00048828125,187,0.00143306598,0.0012548347,1.54221634e-05,1
0.00048828125,188,0.00144065276,0.00126171939,1.55103462e-05,1
0.00048828125,189,0.0014482392,0.0012686043,1.55984908e-05,1
0.00048828125,190,0.00145582762,0.00127549155,1.56867736e-05,1
0.00048828125,191,0.00146341743,0.0012823802,1.57751001e-05,1
0.00048828125,192,0.00147101085,0.0012892721,1.58634975e-05,1
0.00048828125,193,0.00147860718,0.00129616645,1.59518931e-05,1
0.00048828125,194,0.00148620282,0.00130306114,1.60404506e-05,1
0.00048828125,195,0.00149380288,0.00130995957,1.612905e-05,1
0.00048828125,196,0.00150140235,0.00131685846,1.62176439e-05,1
0.00048828125,197,0.00150900311,0.00132375839,1.63063651e-05,1
0.00048828125,198,0.00151660608,0.00133066042,1.63951154e-05,1
0.00048828125,199,0.00152420881,0.00133756257,1.64839312e-05,1
0.00048828125,200,0.00153181644,0.00134446949,1.65727834e-05,1
0.00048828125,201,0.00153942942,0.00135138165,1.66618065e-05,1
0.00048828125,202,0.00154703786,0.00135828974,1.67507897e-05,1
0.00048828125,203,0.00155465188,0.00136520329,1.68398547e-05,1
0.00048828125,204,0.0015622651,0.00137211662,1.69289815e-05,1
0.00048828125,205,0.00156987726,0.00137902889,1.70181593e-05,1
0.00048828125,206,0.00157749711,0.00138594757,1.71074371e-05,1
0.00048828125,207,0.00158511661,0.00139286788,1.71967586e-05,1
0.00048828125,208,0.0015927403,0.00139979168,1.72861728e-05,1
0.00048828125,209,0.00160036213,0.00140671409,1.73755452e-05,1
0.00048828125,210,0.00160798209,0.0014136344,1.74651286e-05,1
0.00048828125,211,0.00161561393,0.00142056658,1.75546811e-05,1
0.00048828125,212,0.00162323669,0.00142749003,1.76442772e-05,1
0.00048828125,213,0.001630869,0.00143442268,1.7733968e-05,1
0.00048828125,214,0.00163850305,0.00144135684,1.78237715e-05,1
0.00048828125,215,0.00164613349,0.00144828914,1.79135895e-05,1
0.00048828125,216,0.0016537715,0.00145522715,1.80034531e-05,1
0.00048828125,217,0.00166140858,0.00146216538,1.80933912e-05,1
0.00048828125,218,0.001669046,0.00146910409,1.81834039e-05,1
0.00048828125,219,0.00167668588,0.00147604581,1.82734475e-05,1
0.00048828125,220,0.00168433075,0.00148299243,1.8363673e-05,1
0.00048828125,221,0.00169197202,0.00148993381,1.84538039e-05,1
0.00048828125,222,0.00169962004,0.00149688299,1.85440513e-05,1
0.00048828125,223,0.00170726678,0.00150383206,1.8634395e-05,1
0.00048828125,224,0.00171491562,0.0015107824,1.87247442e-05,1
0.00048828125,225,0.00172256783,0.00151773589,1.8815228e-05,1
0.00048828125,226,0.00173022051,0.00152469112,1.89057009e-05,1
0.00048828125,227,0.00173787784,0.0015316488,1.89962957e-05,1
0.00048828125,228,0.0017455339,0.00153860776,1.90869232e-05,1
0.00048828125,229,0.00175319135,0.00154556835,1.91775889e-05,1
0.00048828125,230,0.0017608488,0.00155252893,1.92683528e-05,1
0.00048828125,231,0.00176851335,0.00155949569,1.93592259e-05,1
0.00048828125,232,0.00177617744,0.00156646047,1.94501117e-05,1
0.00048828125,233,0.00178383931,0.00157342642,1.95410194e-05,1
0.00048828125,234,0.00179151329,0.0015804026,1.96320652e-05,1
0.00048828125,235,0.00179918017,0.00158737251,1.9723173e-05,1
0.00048828125,236,0.0018068502,0.0015943438,1.98142552e-05,1
0.00048828125,237,0.0018145229,0.00160131999,1.99054521e-05,1
0.00048828125,238,0.00182219641,0.00160829653,1.99967508e-05,1
0.00048828125,239,0.00182987214,0.00161527563,2.0088095e-05,1
0.00048828125,240,0.00183755241,0.00162225892,2.01794483e-05,1
0.00048828125,241,0.00184522942,0.00162924023,2.02708925e-05,1
0.00048828125,242,0.00185291283,0.00163622701,2.03624477e-05,1
0.00048828125,243,0.00186059671,0.00164321461,2.04540429e-05,1
0.00048828125,244,0.00186828198,0.00165020302,2.05456818e-05,1
0.00048828125,245,0.00187596842,0.00165719283,2.06373534e-05,1
0.00048828125,246,0.00188365637,0.00166418508,2.07291214e-05,1
0.00048828125,247,0.001891347,0.00167117885,2.08209494e-05,1
0.00048828125,248,0.00189903821,0.00167817459,2.09128066e-05,1
0.00048828125,249,0.00190673501,0.00168517535,2.10048092e-05,1
0.00048828125,250,0.00191442936,0.00169217319,2.10968356e-05,1
0.00048828125,251,0.00192212779,0.00169917603,2.11889073e-05,1
0.00048828125,252,0.00192983006,0.00170618331,2.1281061e-05,1
0.00048828125,253,0.00193753,0.00171318802,2.1373291e-05,1
0.00048828125,254,0.00194523041,0.00172019308,2.1465572e-05,1
0.00048828125,255,0.00195293548,0.00172720326,2.15578821e-05,1
0.00048828125,256,0.00196064101,0.00173421251,2.16502958e-05,1
0.00048828125,257,0.00196834933,0.00174122746,2.17427842e-05,1
0.00048828125,258,0.00197606022,0.00174824195,2.1835338e-05,1
0.00048828125,259,0.00198377226,0.00175525888,2.19279173e-05,1
0.00048828125,260,0.00199148851,0.00176228117,2.20205966e-05,1
0.00048828125,261,0.00199920335,0.00176930067,2.21133087e-05,1
0.00048828125,262,0.0020069154,0.00177631958,2.22060371e-05,1
0.00048828125,263,0.00201464188,0.00178335072,2.22989438e-05,1
0.00048828125,264,0.00202236068,0.00179037452,2.23918214e-05,1
0.00048828125,265,0.00203008344,0.00179740333,2.24847809e-05,1
0.00048828125,266,0.00203780504,0.00180443085,2.25778276e-05,1
0.00048828125,267,0.00204553106,0.00181146304,2.26709526e-05,1
0.00048828125,268,0.00205326313,0.00181850069,2.27641449e-05,1
0.00048828125,269,0.00206099241,0.00182553532,2.28573899e-05,1
0.00048828125,270,0.00206872518,0.00183257449,2.29506386e-05,1
0.00048828125,271,0.00207645912,0.00183961412,2.30440273e-05,1
0.00048828125,272,0.00208419375,0.00184665446,2.31374324e-05,1
0.00048828125,273,0.00209192792,0.00185369747,2.32308939e-05,1
0.00048828125,274,0.0020996721,0.00186074676,2.332451e-05,1
0.00048828125,275,0.00210740697,0.00186778943,2.34181152e-05,1
0.00048828125,276,0.00211514835,0.00187483756,2.35117313e-05,1
0.00048828125,277,0.00212289044,0.00188188732,2.36054875e-05,1
0.00048828125,278,0.0021306423,0.00188894407,2.36993383e-05,1
0.00048828125,279,0.00213839044,0.0018959993,2.37932327e-05,1
0.00048828125,280,0.00214613811,0.00190305361,2.38871708e-05,1
0.00048828125,281,0.00215388811,0.00191011163,2.39811288e-05,1
0.00048828125,282,0.00216164277,0.00191717397,2.40751833e-05,1
0.00048828125,283,0.00216940045,0.00192423898,2.41693488e-05,1
0.00048828125,284,0.00217715255,0.00193129864,2.4263516e-05,1
0.00048828125,285,0.00218490674,0.00193835993,2.43577542e-05,1
0.00048828125,286,0.00219267141,0.00194543262,2.44520925e-05,1
0.00048828125,287,0.00220043515,0.00195250486,2.4546458e-05,1
0.00048828125,288,0.00220819609,0.00195957394,2.4640909e-05,1
0.00048828125,289,0.00221596891,0.00196665409,2.47354037e-05,1
0.00048828125,290,0.00222373079,0.00197372329,2.48300676e-05,1
0.00048828125,291,0.00223149941,0.00198080181,2.49246386e-05,1
0.00048828125,292,0.00223927153,0.00198788266,2.50193734e-05,1
0.00048828125,293,0.00224704808,0.00199496723,2.51142101e-05,1
0.00048828125,294,0.00225481926,0.00200204807,2.52090103e-05,1
0.00048828125,295,0.00226259977,0.00200913497,2.53039616e-05,1
0.00048828125,296,0.00227037538,0.00201621978,2.53988801e-05,1
0.00048828125,297,0.00227815402,0.00202330691,2.54939187e-05,1
0.00048828125,298,0.00228594174,0.00203040475,2.55890081e-05,1
0.00048828125,299,0.00229372294,0.00203749468,2.56841504e-05,1
0.00048828125,300,0.0023015074,0.0020445874,2.57794054e-05,1
0.00048828125,301,0.00230929535,0.0020516857,2.58746622e-05,1
0.00048828125,302,0.00231708447,0.00205878448,2.5970041e-05,1
0.00048828125,303,0.00232487614,0.00206588465,2.60654451e-05,1
0.00048828125,304,0.00233266572,0.00207298505,2.61609184e-05,1
0.00048828125,305,0.00234046346,0.00208009128,2.62564536e-05,1
0.00048828125,306,0.00234825583,0.00208719308,2.6352056e-05,1
0.00048828125,307,0.00235605938,0.00209430628,2.64477949e-05,1
0.00048828125,308,0.00236385176,0.00210141065,2.65435356e-05,1
0.00048828125,309,0.00237165857,0.00210852898,2.66392781e-05,1
0.00048828125,310,0.00237946236,0.00211564102,2.67351916e-05,1
0.00048828125,311,0.00238726824,0.00212275679,2.68311251e-05,1
0.00048828125,312,0.00239507458,0.00212987443,2.69271604e-05,1
0.00048828125,313,0.00240288232,0.00213698996,2.70232285e-05,1
0.00048828125,314,0.00241069146,0.00214410829,2.71192785e-05,1
0.00048828125,315,0.00241850805,0.00215123896,2.72155412e-05,1
0.00048828125,316,0.00242631952,0.00215836195,2.7311793e-05,1
0.00048828125,317,0.00243413285,0.00216548517,2.74081103e-05,1
0.00048828125,318,0.00244195224,0.00217261887,2.75045149e-05,1
0.00048828125,319,0.00244977581,0.00217975094,2.76009796e-05,1
0.00048828125,320,0.00245759147,0.00218687579,2.76974151e-05,1
0.00048828125,321,0.00246541877,0.00219401647,2.77940253e-05,1
0.00048828125,322,0.00247324398,0.00220115157,2.78907974e-05,1
0.00048828125,323,0.00248107361,0.00220829225,2.79874712e-05,1
0.00048828125,324,0.00248889741,0.0022154313,2.8084145e-05,1
0.00048828125,325,0.00249672821,0.00222256919,2.81810462e-05,1
0.00048828125,326,0.00250456273,0.00222971779,2.82779711e-05,1
0.00048828125,327,0.00251239538,0.00223686267,2.83749396e-05,1
0.00048828125,328,0.00252023339,0.0022440122,2.84720063e-05,1
0.00048828125,329,0.00252806465,0.00225115591,2.85691203e-05,1
0.00048828125,330,0.00253590918,0.00225831196,2.8666298e-05,1
0.00048828125,331,0.00254375162,0.00226546731,2.87635503e-05,1
0.00048828125,332,0.00255159754,0.00227262382,2.88608117e-05,1
0.00048828125,333,0.00255943974,0.00227977894,2.89582676e-05,1
0.00048828125,334,0.00256728265,0.00228693685,2.90556673e-05,1
0.00048828125,335,0.00257513649,0.00229410222,2.91531669e-05,1
0.00048828125,336,0.00258298637,0.00230126479,2.92506847e-05,1
0.00048828125,337,0.00259084045,0.00230843062,2.93484136e-05,1
0.00048828125,338,0.0025986894,0.00231559481,2.9446077e-05,1
0.00048828125,339,0.00260655046,0.00232276763,2.95438495e-05,1
0.00048828125,340,0.00261440547,0.00232993695,2.96417347e-05,1
0.00048828125,341,0.00262226397,0.0023371093,2.97395418e-05,1
0.00048828125,342,0.00263012876,0.00234428747,2.98375489e-05,1
0.00048828125,343,0.00263798889,0.00235145981,2.9935527e-05,1
0.00048828125,344,0.00264585437,0.00235864008,3.00336942e-05,1
0.00048828125,345,0.00265372125,0.00236581988,3.01318632e-05,1
0.00048828125,346,0.00266159163,0.00237300247,3.02300414e-05,1
0.00048828125,347,0.00266945735,0.00238018343,3.03282923e-05,1
0.00048828125,348,0.00267733564,0.00238737557,3.04267123e-05,1
0.00048828125,349,0.0026852088,0.00239456445,3.0525116e-05,1
0.00048828125,350,0.00269308104,0.0024017503,3.06235415e-05,1
0.00048828125,351,0.00270095887,0.00240894267,3.07221198e-05,1
0.00048828125,352,0.00270883786,0.00241613528,3.08207455e-05,1
0.00048828125,353,0.00271672383,0.0024233351,3.09194729e-05,1
0.00048828125,354,0.00272460305,0.00243052957,3.10182149e-05,1
0.00048828125,355,0.00273249322,0.00243773451,3.11170807e-05,1
0.00048828125,356,0.00274037826,0.0024449348,3.12159063e-05,1
0.00048828125,357,0.00274826144,0.00245213276,3.13148594e-05,1
0.00048828125,358,0.00275615463,0.00245934143,3.14139215e-05,1
0.00048828125,359,0.00276404317,0.00246654497,3.15129619e-05,1
0.00048828125,360,0.00277193752,0.00247375551,3.16121077e-05,1
0.00048828125,361,0.00277983467,0.00248096813,3.17114318e-05,1
0.00048828125,362,0.00278773066,0.00248817843,3.18106286e-05,1
0.00048828125,363,0.00279563176,0.00249539642,3.19100291e-05,1
0.00048828125,364,0.00280352845,0.00250260835,3.20093059e-05,1
0.00048828125,365,0.00281143421,0.00250983005,3.21088919e-05,1
0.00048828125,366,0.00281933974,0.00251705153,3.22084597e-05,1
0.00048828125,367,0.00282724737,0.0025242744,3.23080167e-05,1
0.00048828125,368,0.00283515267,0.00253149634,3.24077919e-05,1
0.00048828125,369,0.00284306332,0.00253872387,3.25074798e-05,1
0.00048828125,370,0.0028509784,0.00254595326,3.26072914e-05,1
0.00048828125,371,0.00285889558,0.00255318778,3.27072121e-05,1
0.00048828125,372,0.00286680274,0.00256041274,3.28070491e-05,1
0.00048828125,373,0.00287472946,0.00256765494,3.29071227e-05,1
0.00048828125,374,0.00288264873,0.00257489132,3.30072471e-05,1
0.00048828125,375,0.00289055938,0.00258212024,3.31073352e-05,1
0.00048828125,376,0.00289848982,0.00258936617,3.32075615e-05,1
0.00048828125,377,0.00290641212,0.0025966065,3.33078751e-05,1
0.00048828125,378,0.00291434163,0.00260385219,3.3408156e-05,1
0.00048828125,379,0.00292226789,0.00261109625,3.35086406e-05,1
0.00048828125,380,0.00293020019,0.00261834543,3.36090816e-05,1
0.00048828125,381,0.00293812784,0.00262559135,3.37096099e-05,1
0.00048828125,382,0.00294606225,0.0026328424,3.38102618e-05,1
0.00048828125,383,0.00295399781,0.00264009531,3.39109138e-05,1
0.00048828125,384,0.00296193478,0.0026473524,3.4011664e-05,1
0.00048828125,385,0.00296987873,0.00265461253,3.41125451e-05,1
0.00048828125,386,0.00297781592,0.0026618666,3.42134081e-05,1
0.00048828125,387,0.00298575847,0.00266912952,3.43143365e-05,1
0.00048828125,388,0.00299370312,0.00267639151,3.44153195e-05,1
0.00048828125,389,0.0030016487,0.00268365443,3.45164408e-05,1
0.00048828125,390,0.00300959451,0.0026909213,3.46175002e-05,1
0.00048828125,391,0.00301755033,0.00269819447,3.47187488e-05,1
0.00048828125,392,0.00302550173,0.00270546367,3.48200556e-05,1
0.00048828125,393,0.00303345406,0.00271273497,3.49213697e-05,1
0.00048828125,394,0.00304141734,0.00272001768,3.50228329e-05,1
0.00048828125,395,0.00304937758,0.00272729644,3.51243179e-05,1
0.00048828125,396,0.00305733387,0.00273457309,3.52258867e-05,1
0.00048828125,397,0.00306529272,0.00274184952,3.53274954e-05,1
0.00048828125,398,0.00307325483,0.00274913153,3.54291697e-05,1
0.00048828125,399,0.00308121368,0.00275641074,3.55308948e-05,1
0.00048828125,400,0.00308918767,0.0027637037,3.56327473e-05,1
0.00048828125,401,0.00309715816,0.00277099409,3.57346471e-05,1
0.00048828125,402,0.00310512516,0.00277827936,3.58365614e-05,1
0.00048828125,403,0.00311309844,0.00278557395,3.59386577e-05,1
0.00048828125,404,0.00312107103,0.0027928662,3.60407284e-05,1
0.00048828125,405,0.00312904594,0.00280016172,3.61428574e-05,1
0.00048828125,406,0.00313701923,0.00280745584,3.62450555e-05,1
0.00048828125,407,0.0031449988,0.00281475554,3.63473737e-05,1
0.00048828125,408,0.00315299211,0.00282206712,3.64497755e-05,1
0.00048828125,409,0.00316096377,0.00282935961,3.65521191e-05,1
0.00048828125,410,0.00316895172,0.00283666793,3.66547574e-05,1
0.00048828125,411,0.00317694154,0.00284397835,3.67572393e-05,1
0.00048828125,412,0.00318493112,0.0028512883,3.68598448e-05,1
0.00048828125,413,0.00319292117,0.00285860011,3.69625486e-05,1
0.00048828125,414,0.00320090936,0.00286591193,3.7065267e-05,1
0.00048828125,415,0.0032089022,0.00287322281,3.71681053e-05,1
0.00048828125,416,0.00321689481,0.00288053905,3.72710056e-05,1
0.00048828125,417,0.00322489627,0.00288785901,3.73739713e-05,1
0.00048828125,418,0.00323289889,0.00289518316,3.7477057e-05,1
0.00048828125,419,0.00324089942,0.00290250499,3.75801537e-05,1
0.00048828125,420,0.00324890087,0.00290982798,3.76833195e-05,1
0.00048828125,421,0.00325690606,0.00291715586,3.77865363e-05,1
0.00048828125,422,0.00326491706,0.00292448909,3.78898876e-05,1
0.00048828125,423,0.00327292131,0.00293181511,3.79932171e-05,1
0.00048828125,424,0.00328092789,0.00293914485,3.80966485e-05,1
0.00048828125,425,0.00328894355,0.00294648181,3.82001817e-05,1
0.00048828125,426,0.00329695712,0.00295381877,3.83037586e-05,1
0.00048828125,427,0.00330497627,0.00296115992,3.84073282e-05,1
0.00048828125,428,0.00331299659,0.00296850153,3.85111198e-05,1
0.00048828125,429,0.00332100759,0.00297583756,3.86149113e-05,1
0.00048828125,430,0.0033290342,0.0029831843,3.87187938e-05,1
0.00048828125,431,0.00333705638,0.00299053057,3.8822629e-05,1
0.00048828125,432,0.00334508298,0.00299788057,3.89267116e-05,1
0.00048828125,433,0.00335311261,0.00300523196,3.90308087e-05,1
0.00048828125,434,0.00336113619,0.00301258033,3.91347603e-05,1
0.00048828125,435,0.00336917047,0.00301993685,3.92391339e-05,1
0.00048828125,436,0.00337720406,0.0030272929,3.93432456e-05,1
0.00048828125,437,0.00338524021,0.00303465337,3.94476665e-05,1
0.00048828125,438,0.00339327031,0.00304200687,3.95520765e-05,1
0.00048828125,439,0.00340130622,0.00304936687,3.96564865e-05,1
0.00048828125,440,0.00340934028,0.00305672595,3.97609729e-05,1
0.00048828125,441,0.00341739133,0.00306409947,3.98656048e-05,1
0.00048828125,442,0.00342543889,0.00307146995,3.99702767e-05,1
0.00048828125,443,0.00343347248,0.00307882973,4.00750432e-05,1
0.00048828125,444,0.00344152492,0.00308620417,4.01797297e-05,1
0.00048828125,445,0.0034495811,0.00309358514,4.02847108e-05,1
0.00048828125,446,0.00345762563,0.00310095656,4.03896011e-05,1
0.00048828125,447,0.00346567319,0.00310832774,4.04945567e-05,1
0.00048828125,448,0.00347372307,0.00311570126,4.05996798e-05,1
0.00048828125,449,0.00348179298,0.00312309642,4.0704912e-05,1
0.00048828125,450,0.00348984846,0.00313047739,4.0810075e-05,1
0.00048828125,451,0.00349790673,0.00313786021,4.09153654e-05,1
0.00048828125,452,0.00350596639,0.00314524514,4.10207067e-05,1
0.00048828125,453,0.00351403654,0.00315263984,4.11261899e-05,1
0.00048828125,454,0.00352209713,0.00316002755,4.12315603e-05,1
0.00048828125,455,0.00353016518,0.00316742016,4.13372691e-05,1
0.00048828125,456,0.00353823393,0.00317481509,4.14427959e-05,1
0.00048828125,457,0.00354631129,0.00318221631,4.15485119e-05,1
0.00048828125,458,0.00355437119,0.00318960287,4.16542753e-05,1
0.00048828125,459,0.00356244738,0.00319700548,4.17599949e-05,1
0.00048828125,460,0.00357052987,0.00320441416,4.1865962e-05,1
0.00048828125,461,0.00357861188,0.00321181957,4.19719727e-05,1
0.00048828125,462,0.00358668901,0.00321922475,4.20780598e-05,1
0.00048828125,463,0.00359476754,0.00322663016,4.21840632e-05,1
0.00048828125,464,0.00360285142,0.00323404139,4.22903831e-05,1
0.00048828125,465,0.00361093925,0.00324145565,4.2396463e-05,1
0.00048828125,466,0.00361902663,0.00324886735,4.25028484e-05,1
0.00048828125,467,0.00362711353,0.00325628277,4.26092629e-05,1
0.00048828125,468,0.00363520905,0.00326370401,4.27156883e-05,1
0.00048828125,469,0.00364330644,0.00327112735,4.28223284e-05,1
0.00048828125,470,0.00365139102,0.00327853998,4.29287575e-05,1
0.00048828125,471,0.00365949562,0.00328597124,4.30355176e-05,1
0.00048828125,472,0.00366759626,0.0032934011,4.31423068e-05,1
0.00048828125,473,0.00367569341,0.00330082513,4.32489942e-05,1
0.00048828125,474,0.00368379592,0.00330825383,4.33558635e-05,1
0.00048828125,475,0.00369190145,0.00331568811,4.34628346e-05,1
0.00048828125,476,0.00370001001,0.00332312402,4.3569853e-05,1
0.00048828125,477,0.00370811345,0.00333055668,4.36768642e-05,1
0.00048828125,478,0.00371622108,0.00333799119,4.37840827e-05,1
0.00048828125,479,0.00372434338,0.00334544037,4.38913557e-05,1
0.00048828125,480,0.00373244332,0.00335286884,4.39985961e-05,1
0.00048828125,481,0.00374055863,0.0033603108,4.41059456e-05,1
0.00048828125,482,0.0037486779,0.00336776278,4.42133642e-05,1
0.00048828125,483,0.00375680439,0.00337521662,4.43209465e-05,1
0.00048828125,484,0.00376491924,0.00338265928,4.44284924e-05,1
0.00048828125,485,0.00377303851,0.00339010474,4.45359692e-05,1
0.00048828125,486,0.00378116872,0.00339756743,4.46438025e-05,1
0.00048828125,487,0.00378929242,0.00340502174,4.47515049e-05,1
0.00048828125,488,0.0037974203,0.00341247441,4.48593673e-05,1
0.00048828125,489,0.00380555005,0.00341993594,4.49672298e-05,1
0.00048828125,490,0.00381367863,0.00342739141,4.50752814e-05,1
0.00048828125,491,0.00382182002,0.00343486294,4.51833475e-05,1
0.00048828125,492,0.00382995023,0.00344232307,4.52914537e-05,1
0.00048828125,493,0.0038380879,0.00344979251,4.53997454e-05,1
0.00048828125,494,0.00384622696,0.00345725799,4.55079135e-05,1
0.00048828125,495,0.00385436392,0.00346472859,4.5616147e-05,1
0.00048828125,496,0.00386251858,0.00347221107,4.57246933e-05,1
0.00048828125,497,0.00387065765,0.00347967842,4.5833156e-05,1
0.00048828125,498,0.00387880043,0.00348715531,4.59416042e-05,1
0.00048828125,499,0.00388695719,0.00349463988,4.60502742e-05,1
0.00048828125,500,0.00389510556,0.0035021177,4.61590062e-05,1
0.00048828125,501,0.00390324881,0.0035095932,4.62676362e-05,1
0.00048828125,502,0.00391141279,0.00351708685,4.63764081e-05,1
0.00048828125,503,0.00391956465,0.00352457189,4.64854638e-05,1
0.00048828125,504,0.00392772444,0.00353205786,4.65944177e-05,1
0.00048828125,505,0.00393588562,0.00353954942,4.67033788e-05,1
0.00048828125,506,0.00394404074,0.00354703562,4.68124272e-05,1
0.00048828125,507,0.00395220472,0.00355453463,4.69216066e-05,1
0.00048828125,508,0.00396037381,0.00356203411,4.70308878e-05,1
0.00048828125,509,0.00396853825,0.00356952986,4.71402636e-05,1
0.00048828125,510,0.00397670921,0.00357703376,4.72495922e-05,1
0.00048828125,511,0.00398488017,0.00358453533,4.73590699e-05,1
0.00048828125,512,0.00399305159,0.00359204086,4.74685439e-05,1
0.00048828125,513,0.00400121883,0.00359954033,4.75781053e-05,1
0.00048828125,514,0.00400940003,0.00360705378,4.7687874e-05,1
0.00048828125,515,0.00401757704,0.0036145628,4.77975555e-05,1
0.00048828125,516,0.00402576197,0.0036220795,4.79074115e-05,1
0.00048828125,517,0.00403393572,0.00362958736,4.80171839e-05,1
0.00048828125,518,0.00404212158,0.00363710406,4.81271818e-05,1
0.00048828125,519,0.00405030744,0.00364462193,4.82371797e-05,1
0.00048828125,520,0.00405849144,0.00365213747,4.83471485e-05,1
0.00048828125,521,0.00406668708,0.00365966721,4.84574484e-05,1
0.00048828125,522,0.00407488225,0.0036671944,4.85676683e-05,1
0.00048828125,523,0.00408306299,0.00367470901,4.86778481e-05,1
0.00048828125,524,0.00409127446,0.00368225132,4.87883663e-05,1
0.00048828125,525,0.00409946218,0.00368977198,4.88987753e-05,1
0.00048828125,526,0.00410765735,0.00369730173,4.90091843e-05,1
0.00048828125,527,0.00411586091,0.00370483962,4.91197825e-05,1
0.00048828125,528,0.00412406353,0.00371237355,4.92304825e-05,1
0.00048828125,529,0.00413227268,0.0037199147,4.93412044e-05,1
0.00048828125,530,0.00414047344,0.00372745143,4.94519336e-05,1
0.00048828125,531,0.00414867746,0.00373499049,4.95628374e-05,1
0.00048828125,532,0.00415689312,0.00374253886,4.96737266e-05,1
0.00048828125,533,0.004165099,0.00375007978,4.9784805e-05,1
0.00048828125,534,0.00417332444,0.00375763723,4.98958325e-05,1
0.00048828125,535,0.00418153265,0.00376518047,5.00069655e-05,1
0.00048828125,536,0.00418975065,0.00377273234,5.01182149e-05,1
0.00048828125,537,0.00419796817,0.00378028769,5.02294934e-05,1
0.00048828125,538,0.00420618057,0.00378783396,5.03407573e-05,1
0.00048828125,539,0.00421440974,0.00379539584,5.04521704e-05,1
0.00048828125,540,0.00422263658,0.00380295864,5.05637472e-05,1
0.00048828125,541,0.00423086202,0.00381052005,5.06753531e-05,1
0.00048828125,542,0.00423909305,0.00381808402,5.07869736e-05,1
0.00048828125,543,0.00424731569,0.0038256445,5.08986814e-05,1
0.00048828125,544,0.00425555324,0.00383321801,5.10104146e-05,1
0.00048828125,545,0.00426379126,0.00384078897,5.11223989e-05,1
0.00048828125,546,0.00427202834,0.00384835969,5.1234234e-05,1
0.00048828125,547,0.00428025704,0.00385592831,5.13461782e-05,1
0.00048828125,548,0.00428849738,0.00386350509,5.14583844e-05,1
0.00048828125,549,0.00429674052,0.00387108186,5.1570405e-05,1
0.00048828125,550,0.00430498086,0.0038786612,5.16826403e-05,1
0.00048828125,551,0.00431322539,0.00388624077,5.1794872e-05,1
0.00048828125,552,0.00432147039,0.00389382103,5.19073037e-05,1
0.00048828125,553,0.00432972889,0.00390141457,5.20198519e-05,1
0.00048828125,554,0.0043379683,0.00390899274,5.21321745e-05,1
0.00048828125,555,0.00434623007,0.00391659094,5.2244679e-05,1
0.00048828125,556,0.0043544746,0.00392417517,5.2357449e-05,1
0.00048828125,557,0.00436273543,0.0039317701,5.24701718e-05,1
0.00048828125,558,0.00437099626,0.00393936923,5.25829346e-05,1
0.00048828125,559,0.00437925104,0.00394696184,5.26957811e-05,1
0.00048828125,560,0.00438752165,0.00395456702,5.28087294e-05,1
0.00048828125,561,0.00439578108,0.00396216381,5.29217978e-05,1
0.00048828125,562,0.00440404005,0.0039697662,5.30348007e-05,1
0.00048828125,563,0.0044123074,0.00397736905,5.31479236e-05,1
0.00048828125,564,0.00442057848,0.00398497749,5.32612066e-05,1
0.00048828125,565,0.00442885235,0.00399258453,5.33745078e-05,1
0.00048828125,566,0.00443713181,0.00400020462,5.348782e-05,1
0.00048828125,567,0.00444540707,0.00400781538,5.36012667e-05,1
0.00048828125,568,0.00445368048,0.00401542569,5.37146225e-05,1
0.00048828125,569,0.00446195481,0.00402304158,5.38282038e-05,1
0.00048828125,570,0.00447023427,0.00403065793,5.39418688e-05,1
0.00048828125,571,0.00447852025,0.00403828453,5.40556757e-05,1
0.00048828125,572,0.00448679924,0.00404590089,5.41694535e-05,1
0.00048828125,573,0.00449508382,0.00405352563,5.42831804e-05,1
0.00048828125,574,0.00450337538,0.00406115642,5.43971873e-05,1
0.00048828125,575,0.00451166229,0.00406878255,5.45112853e-05,1
0.00048828125,576,0.00451995665,0.00407641474,5.46253432e-05,1
0.00048828125,577,0.00452825287,0.00408405019,5.47394302e-05,1
0.00048828125,578,0.0045365491,0.0040916861,5.48536191e-05,1
0.00048828125,579,0.00454484159,0.00409931829,5.49678771e-05,1
0.00048828125,580,0.00455313781,0.00410695514,5.50823243e-05,1
0.00048828125,581,0.00456144148,0.0041145985,5.51968478e-05,1
0.00048828125,582,0.00456974562,0.00412224093,5.53113168e-05,1
0.00048828125,583,0.0045780465,0.00412988197,5.54259022e-05,1
0.00048828125,584,0.00458635902,0.00413753185,5.55405495e-05,1
0.00048828125,585,0.00459466595,0.00414517941,5.56552295e-05,1
0.00048828125,586,0.00460298127,0.00415283535,5.57699423e-05,1
0.00048828125,587,0.00461129379,0.00416048802,5.58848733e-05,1
0.00048828125,588,0.00461960491,0.0041681393,5.5999797e-05,1
0.00048828125,589,0.00462792162,0.0041757971,5.61148772e-05,1
0.00048828125,590,0.0046362346,0.00418345025,5.62298374e-05,1
0.00048828125,591,0.0046445583,0.0041911155,5.63450085e-05,1
0.00048828125,592,0.00465287268,0.00419877609,5.6460256e-05,1
0.00048828125,593,0.00466119591,0.00420643995,5.65756964e-05,1
0.00048828125,594,0.00466953171,0.00421411265,5.6691013e-05,1
0.00048828125,595,0.00467785308,0.00422177417,5.68063988e-05,1
0.00048828125,596,0.0046861819,0.00422944641,5.69219046e-05,1
0.00048828125,597,0.00469451025,0.00423711678,5.70375742e-05,1
0.00048828125,598,0.00470284838,0.00424479553,5.71532655e-05,1
0.00048828125,599,0.00471118512,0.00425247336,5.72689896e-05,1
0.00048828125,600,0.00471951254,0.00426014327,5.73847501e-05,1
0.00048828125,601,0.00472785765,0.0042678304,5.75006052e-05,1
0.00048828125,602,0.00473619672,0.00427551242,5.76165585e-05,1
0.00048828125,603,0.00474453485,0.00428319536,5.77325845e-05,1
0.00048828125,604,0.00475288229,0.0042908825,5.78487416e-05,1
0.00048828125,605,0.00476122927,0.00429857243,5.79650259e-05,1
0.00048828125,606,0.00476957625,0.00430626329,5.80811648e-05,1
0.00048828125,607,0.00477792835,0.00431395741,5.81974637e-05,1
0.00048828125,608,0.0047862744,0.00432164827,5.83137553e-05,1
0.00048828125,609,0.00479462929,0.00432934379,5.84302506e-05,1
0.00048828125,610,0.00480298651,0.00433704536,5.85468733e-05,1
0.00048828125,611,0.00481133908,0.00434474042,5.86634524e-05,1
0.00048828125,612,0.00481970794,0.00435245177,5.87801696e-05,1
0.00048828125,613,0.00482806005,0.00436014868,5.88969779e-05,1
0.00048828125,614,0.00483642612,0.00436785631,5.90137897e-05,1
0.00048828125,615,0.00484479731,0.00437557139,5.91307617e-05,1
0.00048828125,616,0.00485315733,0.00438327435,5.92475444e-05,1
0.00048828125,617,0.00486153271,0.00439099409,5.93648474e-05,1
0.00048828125,618,0.00486990064,0.00439870451,5.94819285e-05,1
0.00048828125,619,0.00487826904,0.00440641958,5.95990095e-05,1
0.00048828125,620,0.00488664629,0.00441413978,5.97162252e-05,1
0.00048828125,621,0.00489501515,0.00442185439,5.98336519e-05,1
0.00048828125,622,0.00490340125,0.00442958344,5.99510895e-05,1
0.00048828125,623,0.00491177617,0.00443730364,6.00685817e-05,1
0.00048828125,624,0.00492016273,0.00444503268,6.01860702e-05,1
0.00048828125,625,0.0049285451,0.00445276359,6.03037988e-05,1
0.00048828125,626,0.00493693165,0.0044604931,6.04215602e-05,1
0.00048828125,627,0.00494531449,0.00446822168,6.05392488e-05,1
0.00048828125,628,0.00495370943,0.00447596004,6.06571266e-05,1
0.00048828125,629,0.00496209553,0.00448369235,6.07751317e-05,1
0.00048828125,630,0.00497050351,0.00449144701,6.08931114e-05,1
0.00048828125,631,0.0049788733,0.00449916162,6.10110765e-05,1
0.00048828125,632,0.00498729106,0.00450692745,6.11292999e-05,1
0.00048828125,633,0.00499566598,0.00451464998,6.12473596e-05,1
0.00048828125,634,0.00500408094,0.00452240789,6.13657612e-05,1
0.00048828125,635,0.00501248846,0.00453016255,6.1484352e-05,1
0.00048828125,636,0.0050208848,0.00453790557,6.16026809e-05,1
0.00048828125,637,0.00502928859,0.0045456537,6.17210972e-05,1
0.00048828125,638,0.00503769331,0.0045534065,6.18397462e-05,1
0.00048828125,639,0.00504609849,0.00456116023,6.19583225e-05,1
0.00048828125,640,0.00505453721,0.00456894329,6.20773208e-05,1
0.00048828125,641,0.00506294239,0.00457669655,6.21959553e-05,1
0.00048828125,642,0.00507134665,0.00458444841,6.2314859e-05,1
0.00048828125,643,0.00507976115,0.00459220819,6.24339009e-05,1
0.00048828125,644,0.00508817984,0.00459997263,6.25528701e-05,1
0.00048828125,645,0.00509659899,0.00460773986,6.26720866e-05,1
0.00048828125,646,0.00510501675,0.00461550383,6.27911722e-05,1
0.00048828125,647,0.00511345454,0.00462328969,6.29102942e-05,1
0.00048828125,648,0.00512189325,0.00463107415,6.30297582e-05,1
0.00048828125,649,0.00513031194,0.00463884277,6.31491712e-05,1
0.00048828125,650,0.00513874227,0.00464662071,6.32685478e-05,1
0.00048828125,651,0.00514716981,0.00465439539,6.33881937e-05,1
0.00048828125,652,0.0051556062,0.00466217985,6.35078613e-05,1
0.00048828125,653,0.00516404072,0.00466996105,6.36274781e-05,1
0.00048828125,654,0.00517248176,0.00467774831,6.37473277e-05,1
0.00048828125,655,0.00518092047,0.00468553742,6.38672354e-05,1
0.00048828125,656,0.00518936943,0.00469333818,6.3987085e-05,1
0.00048828125,657,0.00519782072,0.00470113615,6.41071529e-05,1
0.00048828125,658,0.00520625571,0.0047089234,6.42271989e-05,1
0.00048828125,659,0.00521470234,0.0047167181,6.4347325e-05,1
0.00048828125,660,0.00522315037,0.00472451793,6.44673928e-05,1
0.00048828125,661,0.00523161096,0.00473232428,6.45878463e-05,1
0.00048828125,662,0.00524006924,0.00474012829,6.47082561e-05,1
0.00048828125,663,0.00524850562,0.00474791415,6.48286732e-05,1
0.00048828125,664,0.00525697088,0.00475573167,6.49491558e-05,1
0.00048828125,665,0.00526543055,0.00476354267,6.50698566e-05,1
0.00048828125,666,0.00527390465,0.00477136392,6.51904193e-05,1
0.00048828125,667,0.00528235501,0.00477916515,6.53112802e-05,1
0.00048828125,668,0.005290817,0.00478697289,6.54321339e-05,1
0.00048828125,669,0.00529928738,0.00479480019,6.55530821e-05,1
0.00048828125,670,0.0053077573,0.0048026205,6.56740231e-05,1
0.00048828125,671,0.00531622116,0.0048104329,6.57950368e-05,1
0.00048828125,672,0.00532469247,0.00481825229,6.59160287e-05,1
0.00048828125,673,0.00533317868,0.00482609449,6.60372752e-05,1
0.00048828125,674,0.00534164906,0.00483391527,6.61585946e-05,1
0.00048828125,675,0.00535011804,0.00484173186,6.62799066e-05,1
0.00048828125,676,0.00535860285,0.0048495708,6.64012841e-05,1
0.00048828125,677,0.00536708627,0.00485740369,6.65226908e-05,1
0.00048828125,678,0.00537557667,0.00486524124,6.66443229e-05,1
0.00048828125,679,0.00538406195,0.00487308064,6.67659697e-05,1
0.00048828125,680,0.0053925463,0.00488091866,6.68878201e-05,1
0.00048828125,681,0.00540105067,0.00488876784,6.70095615e-05,1
0.00048828125,682,0.00540952431,0.00489659933,6.71313828e-05,1
0.00048828125,683,0.00541801285,0.00490443967,6.72533788e-05,1
0.00048828125,684,0.00542651024,0.00491228607,6.73752656e-05,1
0.00048828125,685,0.00543501601,0.00492014736,6.74975163e-05,1
0.00048828125,686,0.00544350361,0.00492798584,6.76197087e-05,1
0.00048828125,687,0.00545199728,0.00493583782,6.77418284e-05,1
0.00048828125,688,0.00546051376,0.00494370097,6.78642464e-05,1
0.00048828125,689,0.00546902046,0.0049515632,6.79865334e-05,1
0.00048828125,690,0.00547751412,0.00495940819,6.81089296e-05,1
0.00048828125,691,0.0054860292,0.00496727088,6.82315949e-05,1
0.00048828125,692,0.00549454754,0.00497514661,6.83542748e-05,1
0.00048828125,693,0.00550305145,0.00498299627,6.84768675e-05,1
0.00048828125,694,0.00551156467,0.00499087246,6.85997438e-05,1
0.00048828125,695,0.00552008301,0.00499873515,6.87223437e-05,1
0.00048828125,696,0.00552859902,0.00500661368,6.88454675e-05,1
0.00048828125,697,0.00553712342,0.00501448289,6.89684966e-05,1
0.00048828125,698,0.00554565433,0.00502237491,6.90916204e-05,1
0.00048828125,699,0.00555416755,0.00503023714,6.92147223e-05,1
0.00048828125,700,0.00556269195,0.00503811985,6.93378533e-05,1
0.00048828125,701,0.00557121402,0.00504599838,6.94611299e-05,1
0.00048828125,702,0.00557974074,0.0050538755,6.95844938e-05,1
0.00048828125,703,0.00558828376,0.00506177591,6.97080759e-05,1
0.00048828125,704,0.00559681095,0.0050696535,6.98315052e-05,1
0.00048828125,705,0.00560535118,0.00507755298,6.99553057e-05,1
0.00048828125,706,0.00561388768,0.0050854329,7.00788078e-05,1
0.00048828125,707,0.00562242186,0.00509333238,7.02025864e-05,1
0.00048828125,708,0.00563097745,0.00510124117,7.03265832e-05,1
0.00048828125,709,0.00563951069,0.00510912715,7.04503545e-05,1
0.00048828125,710,0.00564804953,0.00511702523,7.05742641e-05,1
0.00048828125,711,0.00565660093,0.0051249261,7.06981955e-05,1
0.00048828125,712,0.00566515001,0.00513283303,7.08224834e-05,1
0.00048828125,713,0.00567370653,0.00514074927,7.09467859e-05,1
0.00048828125,714,0.00568225048,0.00514863897,7.10710228e-05,1
0.00048828125,715,0.00569079863,0.00515654916,7.11953617e-05,1
0.00048828125,716,0.00569935702,0.0051644682,7.13198315e-05,1
0.00048828125,717,0.00570791168,0.00517237419,7.14443959e-05,1
0.00048828125,718,0.00571647566,0.00518029416,7.15689093e-05,1
0.00048828125,719,0.00572504196,0.00518821739,7.16934519e-05,1
0.00048828125,720,0.00573360408,0.00519613549,7.1818351e-05,1
0.00048828125,721,0.00574216899,0.00520405686,7.19431409e-05,1
0.00048828125,722,0.00575073576,0.00521198101,7.206804e-05,1
0.00048828125,723,0.00575929647,0.00521990098,7.21929318e-05,1
0.00048828125,724,0.00576787209,0.00522783399,7.23179692e-05,1
0.00048828125,725,0.00577644026,0.00523575861,7.24429556e-05,1
0.00048828125,726,0.00578501821,0.00524369162,7.25681821e-05,1
0.00048828125,727,0.00579359289,0.00525162322,7.26936123e-05,1
0.00048828125,728,0.00580217317,0.00525956182,7.28188752e-05,1
0.00048828125,729,0.00581075484,0.00526750134,7.29444218e-05,1
0.00048828125,730,0.00581933372,0.00527543714,7.3069983e-05,1
0.00048828125,731,0.00582791306,0.00528337713,7.31953332e-05,1
0.00048828125,732,0.00583650917,0.00529133109,7.33210036e-05,1
0.00048828125,733,0.005845109,0.00529928599,7.34468194e-05,1
0.00048828125,734,0.00585368741,0.00530722225,7.35726935e-05,1
0.00048828125,735,0.00586228352,0.00531517807,7.36986767e-05,1
0.00048828125,736,0.00587088289,0.00532313669,7.38246963e-05,1
0.00048828125,737,0.00587947899,0.00533109112,7.39505704e-05,1
0.00048828125,738,0.00588807464,0.00533904647,7.40767646e-05,1
0.00048828125,739,0.0058966754,0.00534700509,7.42028933e-05,1
0.00048828125,740,0.0059052743,0.00535496417,7.43291384e-05,1
0.00048828125,741,0.005913876,0.00536292279,7.44554054e-05,1
0.00048828125,742,0.00592247536,0.00537088374,7.45818397e-05,1
0.00048828125,743,0.00593107753,0.00537884608,7.47083832e-05,1
0.00048828125,744,0.00593969133,0.00538681587,7.4834963e-05,1
0.00048828125,745,0.00594830932,0.00539479218,7.49616083e-05,1
0.00048828125,746,0.00595692219,0.00540276617,7.5088341e-05,1
0.00048828125,747,0.00596553786,0.00541074248,7.52152773e-05,1
0.00048828125,748,0.00597414561,0.00541871134,7.53420609e-05,1
0.00048828125,749,0.00598277617,0.00542670116,7.54692082e-05,1
0.00048828125,750,0.00599138997,0.00543467561,7.55959845e-05,1
0.00048828125,751,0.00600001588,0.00544265844,7.57230591e-05,1
0.00048828125,752,0.00600864785,0.00545065245,7.58504684e-05,1
0.00048828125,753,0.0060172691,0.00545863481,7.59775648e-05,1
0.00048828125,754,0.00602588616,0.00546661578,7.61049814e-05,1
0.00048828125,755,0.00603452511,0.00547461351,7.62323834e-05,1
0.00048828125,756,0.00604315707,0.00548260659,7.6359931e-05,1
0.00048828125,757,0.00605179463,0.00549060386,7.64875294e-05,1
0.00048828125,758,0.00606043171,0.00549860066,7.66151716e-05,1
0.00048828125,759,0.00606906973,0.00550660305,7.67429447e-05,1
0.00048828125,760,0.00607770961,0.00551460218,7.68706886e-05,1
0.00048828125,761,0.0060863439,0.00552259991,7.6998811e-05,1
0.00048828125,762,0.00609499821,0.00553061394,7.71264095e-05,1
0.00048828125,763,0.00610363809,0.00553861726,7.72546628e-05,1
0.00048828125,764,0.00611229008,0.00554663315,7.73827342e-05,1
0.00048828125,765,0.0061209402,0.00555464299,7.75109365e-05,1
0.00048828125,766,0.00612958474,0.00556265004,7.76391244e-05,1
0.00048828125,767,0.00613825349,0.00557068223,7.7767625e-05,1
0.00048828125,768,0.00614690688,0.00557869673,7.78959657e-05,1
0.00048828125,769,0.00615556166,0.00558671542,7.80245027e-05,1
0.00048828125,770,0.00616421551,0.00559473038,7.81530616e-05,1
0.00048828125,771,0.00617287122,0.0056027486,7.82816278e-05,1
0.00048828125,772,0.0061815409,0.00561078312,7.84105214e-05,1
0.00048828125,773,0.00619020499,0.00561881159,7.85390512e-05,1
0.00048828125,774,0.00619887467,0.00562684285,7.86682867e-05,1
0.00048828125,775,0.00620754668,0.00563487597,7.87972021e-05,1
0.00048828125,776,0.00621622056,0.00564291514,7.89262631e-05,1
0.00048828125,777,0.00622489257,0.00565095199,7.90554623e-05,1
0.00048828125,778,0.00623355992,0.00565898092,7.91845523e-05,1
0.00048828125,779,0.00624223938,0.00566702476,7.93138024e-05,1
0.00048828125,780,0.00625091279,0.00567506254,7.94431107e-05,1
0.00048828125,781,0.00625959504,0.00568310963,7.95726519e-05,1
0.00048828125,782,0.00626827357,0.00569115346,7.97022221e-05,1
0.00048828125,783,0.00627696933,0.00569921313,7.98318288e-05,1
0.00048828125,784,0.00628564972,0.00570725789,7.99614354e-05,1
0.00048828125,785,0.00629433291,0.00571530778,8.00911148e-05,1
0.00048828125,786,0.0063030161,0.00572335673,8.02208451e-05,1
0.00048828125,787,0.00631170627,0.00573140988,8.03506264e-05,1
0.00048828125,788,0.00632041693,0.00573948538,8.04808442e-05,1
0.00048828125,789,0.00632909872,0.00574753387,8.06110402e-05,1
0.00048828125,790,0.00633780146,0.00575560052,8.07411561e-05,1
0.00048828125,791,0.00634650607,0.00576367229,8.08715267e-05,1
0.00048828125,792,0.00635520136,0.00577172963,8.10016791e-05,1
0.00048828125,793,0.00636390597,0.00577980606,8.11319624e-05,1
0.00048828125,794,0.00637261849,0.00578788016,8.12625367e-05,1
0.00048828125,795,0.00638132123,0.00579594867,8.13929219e-05,1
0.00048828125,796,0.0063900277,0.00580402091,8.15235326e-05,1
0.00048828125,797,0.00639873464,0.00581209594,8.16542888e-05,1
0.00048828125,798,0.00640745368,0.00582017982,8.17850887e-05,1
0.00048828125,799,0.00641615596,0.0058282488,8.19158086e-05,1
0.00048828125,800,0.00642487733,0.00583633734,8.20468194e-05,1
0.00048828125,801,0.00643359451,0.00584442448,8.2177874e-05,1
0.00048828125,802,0.00644231867,0.00585251022,8.23088922e-05,1
0.00048828125,803,0.00645105354,0.00586061133,8.24400558e-05,1
0.00048828125,804,0.00645977166,0.00586870173,8.25711541e-05,1
0.00048828125,805,0.00646849675,0.00587679166,8.27026161e-05,1
0.00048828125,806,0.00647723814,0.00588489696,8.28340562e-05,1
0.00048828125,807,0.00648594787,0.00589297945,8.29653727e-05,1
0.00048828125,808,0.00649467902,0.00590108102,8.30971258e-05,1
0.00048828125,809,0.00650341948,0.00590918586,8.32287915e-05,1
0.00048828125,810,0.00651216228,0.00591729395,8.33604718e-05,1
0.00048828125,811,0.00652089994,0.00592540251,8.34921448e-05,1
0.00048828125,812,0.00652963808,0.00593350828,8.36239196e-05,1
0.00048828125,813,0.00653838366,0.00594161963,8.37561165e-05,1
0.00048828125,814,0.00654713251,0.00594973844,8.3888146e-05,1
0.00048828125,815,0.00655586412,0.00595783954,8.40200737e-05,1
0.00048828125,816,0.00656461017,0.00596595136,8.41522487e-05,1
0.00048828125,817,0.00657336926,0.00597407855,8.42846639e-05,1
0.00048828125,818,0.00658211159,0.00598219642,8.44168389e-05,1
0.00048828125,819,0.00659088371,0.00599033339,8.45494724e-05,1
0.00048828125,820,0.00659962976,0.00599845033,8.46819457e-05,1
0.00048828125,821,0.00660838373,0.00600657379,8.48144191e-05,1
0.00048828125,822,0.00661715446,0.00601471169,8.49471835e-05,1
0.00048828125,823,0.00662590144,0.00602282817,8.50798024e-05,1
0.00048828125,824,0.00663466193,0.00603096187,8.52125959e-05,1
0.00048828125,825,0.0066434294,0.00603909604,8.53454549e-05,1
0.00048828125,826,0.00665220339,0.00604723999,8.5478503e-05,1
0.00048828125,827,0.0066609811,0.00605538907,8.56116385e-05,1
0.00048828125,828,0.00666975137,0.00606353162,8.57448686e-05,1
0.00048828125,829,0.00667850813,0.00607165927,8.58778003e-05,1
0.00048828125,830,0.00668729236,0.00607981114,8.6011285e-05,1
0.00048828125,831,0.00669605471,0.00608794717,8.6144486e-05,1
0.00048828125,832,0.00670484174,0.0060961009,8.62781017e-05,1
0.00048828125,833,0.00671361946,0.0061042523,8.64114336e-05,1
0.00048828125,834,0.00672240555,0.00611241022,8.65451657e-05,1
0.00048828125,835,0.00673119677,0.00612057047,8.66789633e-05,1
0.00048828125,836,0.00673997542,0.00612872094,8.68127318e-05,1
0.00048828125,837,0.00674875174,0.00613687234,8.69462965e-05,1
0.00048828125,838,0.00675755786,0.00614504749,8.70805161e-05,1
0.00048828125,839,0.00676634628,0.00615320774,8.72143428e-05,1
0.00048828125,840,0.00677514356,0.00616137683,8.73487734e-05,1
0.00048828125,841,0.00678394502,0.00616954686,8.74826073e-05,1
0.00048828125,842,0.00679274136,0.00617771456,8.7616907e-05,1
0.00048828125,843,0.00680154329,0.00618589344,8.77512939e-05,1
0.00048828125,844,0.00681033963,0.00619405974,8.78856881e-05,1
0.00048828125,845,0.00681915041,0.00620224373,8.80203588e-05,1
0.00048828125,846,0.00682794303,0.00621040957,8.81546366e-05,1
0.00048828125,847,0.00683674868,0.00621858845,8.82893146e-05,1
0.00048828125,848,0.00684556365,0.00622677756,8.8424109e-05,1
0.00048828125,849,0.00685438886,0.00623497088,8.85590634e-05,1
0.00048828125,850,0.0068631894,0.00624314696,8.86939815e-05,1
0.00048828125,851,0.00687202159,0.00625135098,8.88288851e-05,1
0.00048828125,852,0.00688082026,0.00625952799,8.89639341e-05,1
0.00048828125,853,0.00688965851,0.00626773573,8.90990632e-05,1
0.00048828125,854,0.00689846883,0.00627592206,8.92341777e-05,1
0.00048828125,855,0.00690729683,0.00628412096,8.93693868e-05,1
0.00048828125,856,0.00691610714,0.00629230822,8.95047415e-05,1
0.00048828125,857,0.006924944,0.00630051922,8.96402416e-05,1
0.00048828125,858,0.00693377247,0.00630871905,8.97757709e-05,1
0.00048828125,859,0.00694261072,0.00631693425,8.99114966e-05,1
0.00048828125,860,0.00695144897,0.00632514572,9.0047135e-05,1
0.00048828125,861,0.00696028303,0.00633335533,9.01830426e-05,1
0.00048828125,862,0.00696910685,0.00634155329,9.03187902e-05,1
0.00048828125,863,0.00697794789,0.00634977128,9.0454756e-05,1
0.00048828125,864,0.00698678475,0.00635798229,9.05906563e-05,1
0.00048828125,865,0.00699564023,0.00636621239,9.07267749e-05,1
0.00048828125,866,0.00700448081,0.00637442851,9.08631337e-05,1
0.00048828125,867,0.00701331347,0.00638263905,9.09992086e-05,1
0.00048828125,868,0.00702217128,0.00639087101,9.11354364e-05,1
0.00048828125,869,0.0070310249,0.00639909832,9.12719697e-05,1
0.00048828125,870,0.00703987805,0.00640732795,9.14084885e-05,1
0.00048828125,871,0.00704873726,0.0064155627,9.15450946e-05,1
0.00048828125,872,0.0070575783,0.00642378209,9.16815115e-05,1
0.00048828125,873,0.00706644682,0.00643202476,9.18183941e-05,1
0.00048828125,874,0.00707529625,0.00644025067,9.19551458e-05,1
0.00048828125,875,0.00708416337,0.00644849613,9.20920065e-05,1
0.00048828125,876,0.00709304446,0.00645675231,9.2229071e-05,1
0.00048828125,877,0.00710189529,0.00646498287,9.23662083e-05,1
0.00048828125,878,0.00711077172,0.0064732316,9.25033528e-05,1
0.00048828125,879,0.00711963372,0.00648147333,9.26404609e-05,1
0.00048828125,880,0.00712849246,0.00648970809,9.27776637e-05,1
0.00048828125,881,0.00713738007,0.00649797404,9.29151283e-05,1
0.00048828125,882,0.00714625511,0.00650622789,9.30528186e-05,1
0.00048828125,883,0.00715514878,0.00651449524,9.31902614e-05,1
0.00048828125,884,0.00716402289,0.00652274629,9.33278934e-05,1
0.00048828125,885,0.00717289513,0.00653099874,9.34655909e-05,1
0.00048828125,886,0.00718177017,0.00653925538,9.3603252e-05,1
0.00048828125,887,0.00719067641,0.0065475367,9.37412624e-05,1
0.00048828125,888,0.00719955983,0.00655579846,9.38791709e-05,1
0.00048828125,889,0.00720843766,0.0065640565,9.40169994e-05,1
0.00048828125,890,0.00721733505,0.00657233037,9.41552353e-05,1
0.00048828125,891,0.00722623151,0.0065806075,9.42934275e-05,1
0.00048828125,892,0.00723512704,0.0065888809,9.44318599e-05,1
0.00048828125,893,0.00724401511,0.00659714686,9.45699067e-05,1
0.00048828125,894,0.00725290319,0.0066054184,9.47083754e-05,1
0.00048828125,895,0.00726181548,0.00661370484,9.48470552e-05,1
0.00048828125,896,0.00727072265,0.00662199594,9.49856258e-05,1
0.00048828125,897,0.00727964379,0.0066302903,9.51243419e-05,1
0.00048828125,898,0.00728854071,0.00663857581,9.52630653e-05,1
0.00048828125,899,0.00729744602,0.00664685434,9.5401876e-05,1
0.00048828125,900,0.0073063462,0.00665513566,9.55406867e-05,1
0.00048828125,901,0.00731526874,0.00666343747,9.56798613e-05,1
0.00048828125,902,0.0073241936,0.00667174207,9.58189703e-05,1
0.00048828125,903,0.00733309938,0.00668003177,9.59579484e-05,1
0.00048828125,904,0.00734202284,0.00668833079,9.60974285e-05,1
0.00048828125,905,0.00735093374,0.00669662608,9.62368358e-05,1
0.00048828125,906,0.00735986931,0.00670494139,9.63763741e-05,1
0.00048828125,907,0.00736879557,0.00671325019,9.6515425e-05,1
0.00048828125,908,0.00737771252,0.00672154268,9.66552834e-05,1
0.00048828125,909,0.00738664297,0.006729858,9.679496e-05,1
0.00048828125,910,0.0073955711,0.00673816819,9.6934702e-05,1
0.00048828125,911,0.00740452018,0.00674649421,9.70745386e-05,1
0.00048828125,912,0.00741344457,0.00675480114,9.7214288e-05,1
0.00048828125,913,0.00742238667,0.00676312763,9.73544229e-05,1
0.00048828125,914,0.00743131479,0.00677143876,9.74943978e-05,1
0.00048828125,915,0.00744026527,0.00677976804,9.76345764e-05,1
0.00048828125,916,0.00744919525,0.00678808428,9.77748932e-05,1
0.00048828125,917,0.007458142,0.00679640798,9.79149263e-05,1
0.00048828125,918,0.00746709621,0.00680474844,9.80553232e-05,1
0.00048828125,919,0.00747603364,0.00681306561,9.81959092e-05,1
0.00048828125,920,0.00748500368,0.0068214233,9.83365389e-05,1
0.00048828125,921,0.00749394577,0.00682974001,9.84772487e-05,1
0.00048828125,922,0.00750288088,0.00683806511,9.86178056e-05,1
0.00048828125,923,0.00751184765,0.00684641581,9.87586027e-05,1
0.00048828125,924,0.00752082001,0.00685476838,9.88995525e-05,1
0.00048828125,925,0.00752976723,0.0068630958,9.9040546e-05,1
0.00048828125,926,0.00753871771,0.00687143719,9.9181394e-05,1
0.00048828125,927,0.00754768215,0.00687978137,9.93225985e-05,1
0.00048828125,928,0.0075566764,0.00688816095,9.9463985e-05,1
0.00048828125,929,0.00756562734,0.00689648977,9.96053277e-05,1
0.00048828125,930,0.00757459924,0.00690485397,9.97465831e-05,1
0.00048828125,931,0.0075835702,0.00691320188,9.98879696e-05,1
0.00048828125,932,0.00759254023,0.00692155911,0.000100029647,1
0.00048828125,933,0.00760152424,0.00692992937,0.000100171303,1
0.00048828125,934,0.00761050545,0.00693829078,0.000100313169,1
0.00048828125,935,0.00761947595,0.00694664801,0.000100454912,1
0.00048828125,936,0.00762845203,0.00695501594,0.000100596561,1
0.00048828125,937,0.00763745746,0.00696339365,0.000100738871,1
0.00048828125,938,0.00764643401,0.00697176484,0.000100880919,1
0.00048828125,939,0.00765540591,0.0069801216,0.000101022742,1
0.00048828125,940,0.00766441133,0.00698850537,0.000101164995,1
0.00048828125,941,0.00767341303,0.00699689193,0.000101307443,1
0.00048828125,942,0.00768238166,0.00700525288,0.000101449681,1
0.00048828125,943,0.0076913829,0.0070136399,0.000101592079,1
0.00048828125,944,0.00770038413,0.00702202367,0.00010173468,1
0.00048828125,945,0.00770938583,0.00703041116,0.000101877398,1
0.00048828125,946,0.00771838846,0.00703880703,0.000102020225,1
0.00048828125,947,0.00772738922,0.00704718567,0.000102162812,1
0.00048828125,948,0.00773639372,0.00705558015,0.000102305712,1
0.00048828125,949,0.00774539914,0.0070639737,0.000102448575,1
0.00048828125,950,0.00775441108,0.00707236957,0.000102591621,1
0.00048828125,951,0.00776340906,0.00708075706,0.000102734659,1
0.00048828125,952,0.00777243171,0.00708916411,0.00010287769,1
0.00048828125,953,0.00778144784,0.00709756743,0.000103021252,1
0.00048828125,954,0.0077904677,0.00710597588,0.000103164573,1
0.00048828125,955,0.0077994857,0.00711437734,0.000103308004,1
0.00048828125,956,0.00780851301,0.00712279789,0.000103451865,1
0.00048828125,957,0.00781751424,0.00713118911,0.000103595237,1
0.00048828125,958,0.00782656483,0.00713962317,0.000103739178,1
0.00048828125,959,0.00783558842,0.00714803301,0.000103882827,1
0.00048828125,960,0.00784460735,0.00715644564,0.000104026665,1
0.00048828125,961,0.00785363745,0.00716485502,0.000104170678,1
0.00048828125,962,0.00786267314,0.00717328489,0.000104314604,1
0.00048828125,963,0.00787171628,0.00718172127,0.00010445877,1
0.00048828125,964,0.00788073801,0.00719012413,0.000104603205,1
0.00048828125,965,0.00788978208,0.00719855912,0.000104747342,1
0.00048828125,966,0.00789882801,0.00720699411,0.000104891718,1
0.00048828125,967,0.00790787395,0.00721543049,0.00010503611,1
0.00048828125,968,0.00791690871,0.0072238557,0.000105180574,1
0.00048828125,969,0.0079259593,0.00723229162,0.000105325293,1
0.00048828125,970,0.00793501083,0.00724073639,0.00010547007,1
0.00048828125,971,0.00794405583,0.00724917278,0.000105614839,1
0.00048828125,972,0.00795309059,0.00725759286,0.000105759536,1
0.00048828125,973,0.00796217099,0.00726606138,0.000105904634,1
0.00048828125,974,0.00797121413,0.00727450196,0.00010604968,1
0.00048828125,975,0.00798027217,0.00728294626,0.000106194624,1
0.00048828125,976,0.00798934232,0.00729140453,0.000106340085,1
0.00048828125,977,0.00799840596,0.00729986373,0.00010648535,1
0.00048828125,978,0.00800746121,0.00730830897,0.000106630643,1
0.00048828125,979,0.00801653229,0.0073167677,0.000106776126,1
0.00048828125,980,0.00802560989,0.00732523343,0.000106921798,1
0.00048828125,981,0.00803468004,0.00733370194,0.000107067433,1
0.00048828125,982,0.00804373622,0.00734214671,0.000107212982,1
0.00048828125,983,0.00805281848,0.00735061895,0.000107358748,1
0.00048828125,984,0.00806190353,0.00735909212,0.000107504871,1
0.00048828125,985,0.00807096343,0.00736755226,0.0001076505,1
0.00048828125,986,0.0080800401,0.00737601845,0.000107796805,1
0.00048828125,987,0.00808913726,0.00738450279,0.000107942767,1
0.00048828125,988,0.00809822325,0.00739298342,0.000108089102,1
0.00048828125,989,0.00810730364,0.00740145752,0.000108235421,1
0.00048828125,990,0.00811639428,0.00740993675,0.000108381922,1
0.00048828125,991,0.00812548772,0.00741842669,0.000108528271,1
0.00048828125,992,0.00813456997,0.00742689753,0.0001086747,1
0.00048828125,993,0.00814365689,0.00743538234,0.000108821259,1
0.00048828125,994,0.00815278012,0.0074438951,0.000108968365,1
0.00048828125,995,0.00816186704,0.00745237339,0.000109114924,1
0.00048828125,996,0.00817095488,0.00746086054,0.000109261906,1
0.00048828125,997,0.00818006974,0.0074693663,0.00010940896,1
0.00048828125,998,0.00818917342,0.0074778609,0.000109555891,1
0.00048828125,999,0.00819826033,0.00748634432,0.000109702894,1
0.00048828125,1000,0.00820738729,0.00749486126,0.000109850414,1
0.00048828125,1001,0.00821648166,0.00750335632,0.000109997491,1
0.00048828125,1002,0.00822560675,0.00751187187,0.0001101452,1
0.00048828125,1003,0.00823473092,0.00752038741,0.000110292625,1
0.00048828125,1004,0.00824382901,0.00752888527,0.000110440029,1
0.00048828125,1005,0.00825295225,0.00753740082,0.000110587702,1
0.00048828125,1006,0.00826207735,0.0075459145,0.000110735484,1
0.00048828125,1007,0.00827120338,0.00755443983,0.000110883353,1
0.00048828125,1008,0.00828031823,0.00756294932,0.000111031222,1
0.00048828125,1009,0.0082894396,0.00757146906,0.00011117907,1
0.00048828125,1010,0.00829857867,0.00758000137,0.00011132731,1
0.00048828125,1011,0.00830769725,0.00758851226,0.000111475216,1
0.00048828125,1012,0.00831683073,0.00759704364,0.000111623624,1
0.00048828125,1013,0.0083259698,0.00760558387,0.000111772089,1
0.00048828125,1014,0.00833510049,0.00761410361,0.000111920424,1
0.00048828125,1015,0.00834423117,0.00762263127,0.000112068738,1
0.00048828125,1016,0.00835337862,0.00763117336,0.000112217633,1
0.00048828125,1017,0.00836251676,0.00763971312,0.000112366237,1
0.00048828125,1018,0.00837166235,0.00764825381,0.000112514805,1
0.00048828125,1019,0.00838081818,0.00765680196,0.000112663794,1
0.00048828125,1020,0.00838995539,0.00766533567,0.000112812893,1
0.00048828125,1021,0.00839911215,0.00767388707,0.000112961752,1
0.00048828125,1022,0.00840825867,0.00768243521,0.000113110851,1
0.00048828125,1023,0.00841740519,0.00769097777,0.000113260081,1
0.000244140625,0,4.53999673e-05,0,0,1
0.000244140625,1,5.26589465e-05,6.54040514e-06,7.70014807e-08,1
0.000244140625,2,5.99195446e-05,1.3082622e-05,1.5406026e-07,1
0.000244140625,3,6.71817688e-05,1.96266737e-05,2.31175648e-07,1
0.000244140625,4,7.44460194e-05,2.61724635e-05,3.08349797e-07,1
0.000244140625,5,8.17114778e-05,3.27200287e-05,3.85579085e-07,1
0.000244140625,6,8.89790899e-05,3.92694601e-05,4.62868769e-07,1
0.000244140625,7,9.62483755e-05,4.58208306e-05,5.40213705e-07,1
0.000244140625,8,0.000103519422,5.23738345e-05,6.17618468e-07,1
0.000244140625,9,0.0001107922,5.89287847e-05,6.95077063e-07,1
0.000244140625,10,0.000118066528,6.54855248e-05,7.7259574e-07,1
0.000244140625,11,0.000125342514,7.20437019e-05,8.50171944e-07,1
0.000244140625,12,0.000132620524,7.8604251e-05,9.27804876e-07,1
0.000244140625,13,0.000139900163,8.51662553e-05,1.00549801e-06,1
0.000244140625,14,0.000147181519,9.17303041e-05,1.08324878e-06,1
0.000244140625,15,0.000154464826,9.82962301e-05,1.16105298e-06,1
0.000244140625,16,0.000161749253,0.000104863488,1.23891709e-06,1
0.000244140625,17,0.000169035353,0.000111432564,1.31683987e-06,1
0.000244140625,18,0.000176324233,0.000118004398,1.39481824e-06,1
0.000244140625,19,0.000183614102,0.000124577273,1.47285687e-06,1
0.000244140625,20,0.000190906052,0.000131152308,1.55095381e-06,1
0.000244140625,21,0.000198199603,0.000137728857,1.6291051e-06,1
0.000244140625,22,0.000205494376,0.00014430708,1.70731346e-06,1
0.000244140625,23,0.000212791143,0.000150887252,1.78557673e-06,1
0.000244140625,24,0.00022009034,0.000157469753,1.86390946e-06,1
0.000244140625,25,0.000227390599,0.000164053446,1.94229642e-06,1
0.000244140625,26,0.000234692299,0.000170639018,2.02073556e-06,1
0.000244140625,27,0.000241996022,0.000177226655,2.09923473e-06,1
0.000244140625,28,0.000249301927,0.000183816199,2.17779893e-06,1
0.000244140625,29,0.000256609084,0.000190407096,2.25641361e-06,1
0.000244140625,30,0.000263918104,0.000197000089,2.3350874e-06,1
0.000244140625,31,0.00027122855,0.000203594755,2.41381554e-06,1
0.000244140625,32,0.00027854176,0.000210192084,2.49261188e-06,1
0.000244140625,33,0.000285855262,0.000216789966,2.57144916e-06,1
0.000244140625,34,0.000293170917,0.000223389929,2.65036579e-06,1
0.000244140625,35,0.000300489366,0.000229992715,2.72933221e-06,1
0.000244140625,36,0.000307808805,0.000236596825,2.80835684e-06,1
0.000244140625,37,0.000315129524,0.000243201939,2.88742262e-06,1
0.000244140625,38,0.000322452252,0.000249809498,2.96656731e-06,1
0.000244140625,39,0.000329776783,0.000256418542,3.04576974e-06,1
0.000244140625,40,0.000337103993,0.000263030408,3.12502584e-06,1
0.000244140625,41,0.00034443129,0.000269642769,3.20433423e-06,1
0.000244140625,42,0.000351761613,0.000276257953,3.28371129e-06,1
0.000244140625,43,0.00035909281,0.000282874185,3.36313337e-06,1
0.000244140625,44,0.000366425811,0.000289492804,3.44262071e-06,1
0.000244140625,45,0.000373762537,0.000296114536,3.52219013e-06,1
0.000244140625,46,0.000381097547,0.00030273525,3.60177432e-06,1
0.000244140625,47,0.000388435583,0.000309358526,3.68144356e-06,1
0.000244140625,48,0.000395777548,0.000315986108,3.76117805e-06,1
0.000244140625,49,0.000403117971,0.000322612468,3.84094665e-06,1
0.000244140625,50,0.00041046206,0.000329242146,3.92077754e-06,1
0.000244140625,51,0.000417807634,0.000335873279,4.0006671e-06,1
0.000244140625,52,0.000425154372,0.000342505926,4.08062442e-06,1
0.000244140625,53,0.000432502624,0.000349140493,4.1606695e-06,1
0.000244140625,54,0.00043985364,0.00035577704,4.24072505e-06,1
0.000244140625,55,0.000447206054,0.000362415798,4.32086244e-06,1
0.000244140625,56,0.000454561174,0.000369056856,4.40105214e-06,1
0.000244140625,57,0.00046191577,0.000375697855,4.48128867e-06,1
0.000244140625,58,0.000469274848,0.00038234354,4.5616207e-06,1
0.000244140625,59,0.000476634741,0.000388989662,4.64198865e-06,1
0.000244140625,60,0.000483994576,0.000395636482,4.72239662e-06,1
0.000244140625,61,0.000491356826,0.00040228531,4.80287918e-06,1
0.000244140625,62,0.000498722249,0.000408937078,4.88343267e-06,1
0.000244140625,63,0.00050608837,0.000415590097,4.96403754e-06,1
0.000244140625,64,0.000513455772,0.000422244571,5.04469836e-06,1
0.000244140625,65,0.000520826958,0.000428902596,5.12541646e-06,1
0.000244140625,66,0.000528196339,0.000435559836,5.20618096e-06,1
0.000244140625,67,0.000535572239,0.000442222488,5.28702367e-06,1
0.000244140625,68,0.000542946276,0.000448883453,5.36793641e-06,1
0.000244140625,69,0.000550322293,0.000455546833,5.44887826e-06,1
0.000244140625,70,0.000557701627,0.000462214055,5.52990514e-06,1
0.000244140625,71,0.000565079565,0.000468879647,5.61097113e-06,1
0.000244140625,72,0.000572463148,0.000475550682,5.69209351e-06,1
0.000244140625,73,0.000579847023,0.000482222356,5.77328865e-06,1
0.000244140625,74,0.000587231305,0.000488894293,5.85453517e-06,1
0.000244140625,75,0.000594619487,0.000495570479,5.93586356e-06,1
0.000244140625,76,0.000602007727,0.000502246898,6.01720058e-06,1
0.000244140625,77,0.000609399518,0.000508926751,6.09864219e-06,1
0.000244140625,78,0.0006167916,0.000515606604,6.18013928e-06,1
0.000244140625,79,0.00062418473,0.000522288552,6.26168139e-06,1
0.000244140625,80,0.000631580711,0.000528972247,6.34327853e-06,1
0.000244140625,81,0.000638978323,0.00053565891,6.42494342e-06,1
0.000244140625,82,0.000646377564,0.000542346796,6.5066688e-06,1
0.000244140625,83,0.000653779076,0.000549036544,6.5884592e-06,1
0.000244140625,84,0.000661182741,0.000555728562,6.67030417e-06,1
0.000244140625,85,0.000668587396,0.000562422094,6.75221418e-06,1
0.000244140625,86,0.000675993273,0.000569117023,6.83417193e-06,1
0.000244140625,87,0.00068339979,0.00057581201,6.91618607e-06,1
0.000244140625,88,0.000690810615,0.000582512177,6.99826114e-06,1
0.000244140625,89,0.000698221847,0.000589212985,7.08039761e-06,1
0.000244140625,90,0.000705634768,0.000595915306,7.16258228e-06,1
0.000244140625,91,0.000713049842,0.000602619781,7.24485517e-06,1
0.000244140625,92,0.000720468292,0.000609327515,7.32717217e-06,1
0.000244140625,93,0.000727887149,0.000616035308,7.40956148e-06,1
0.000244140625,94,0.000735306472,0.000622744556,7.49198989e-06,1
0.000244140625,95,0.000742727658,0.000629455317,7.57448879e-06,1
0.000244140625,96,0.000750154664,0.000636171608,7.65703226e-06,1
0.000244140625,97,0.000757578295,0.000642885803,7.73964621e-06,1
0.000244140625,98,0.000765005592,0.000649602618,7.82233383e-06,1
0.000244140625,99,0.000772434752,0.000656322227,7.90507329e-06,1
0.000244140625,100,0.000779865717,0.000663042651,7.98785732e-06,1
0.000244140625,101,0.000787297497,0.000669765635,8.07071501e-06,1
0.000244140625,102,0.000794731197,0.000676489435,8.15363546e-06,1
0.000244140625,103,0.000802167575,0.000683215912,8.23656228e-06,1
0.000244140625,104,0.000809607562,0.000689946406,8.31963644e-06,1
0.000244140625,105,0.00081704586,0.000696675153,8.40271696e-06,1
0.000244140625,106,0.000824489165,0.00070340914,8.48585296e-06,1
0.000244140625,107,0.00083193084,0.000710141321,8.56908719e-06,1
0.000244140625,108,0.000839374086,0.000716875598,8.65235506e-06,1
0.000244140625,109,0.000846822164,0.00072361459,8.73570298e-06,1
0.000244140625,110,0.00085426867,0.000730352302,8.81908363e-06,1
0.000244140625,111,0.000861720473,0.000737094961,8.90252977e-06,1
0.000244140625,112,0.000869170064,0.000743836514,8.98603867e-06,1
0.000244140625,113,0.000876625592,0.00075058284,9.06962032e-06,1
0.000244140625,114,0.000884079025,0.000757328176,9.15323653e-06,1
0.000244140625,115,0.000891538046,0.000764078228,9.23694552e-06,1
0.000244140625,116,0.000898997183,0.000770828279,9.32069634e-06,1
0.000244140625,117,0.000906457426,0.000777580484,9.40449809e-06,1
0.000244140625,118,0.00091391796,0.000784333504,9.48836532e-06,1
0.000244140625,119,0.000921383558,0.000791090715,9.57229531e-06,1
0.000244140625,120,0.000928847585,0.000797847344,9.65628624e-06,1
0.000244140625,121,0.000936317607,0.00080460828,9.74036084e-06,1
0.000244140625,122,0.000943785417,0.000811368809,9.82446545e-06,1
0.000244140625,123,0.000951256545,0.00081813155,9.90863919e-06,1
0.000244140625,124,0.00095872744,0.000824895513,9.99286931e-06,1
0.000244140625,125,0.000966203748,0.000831664482,1.00771704e-05,1
0.000244140625,126,0.000973681919,0.000838434789,1.01615333e-05,1
0.000244140625,127,0.000981159159,0.000845204748,1.02459608e-05,1
0.000244140625,128,0.000988638145,0.000851976569,1.0330421e-05,1
0.000244140625,129,0.000996119576,0.000858750776,1.04149321e-05,1
0.000244140625,130,0.00100360392,0.00086552772,1.04995606e-05,1
0.000244140625,131,0.00101108779,0.000872304081,1.058421e-05,1
0.000244140625,132,0.00101857609,0.000879085797,1.06689322e-05,1
0.000244140625,133,0.00102606195,0.000885865069,1.0753668e-05,1
0.000244140625,134,0.00103355478,0.000892650336,1.08385339e-05,1
0.000244140625,135,0.00104104611,0.00089943537,1.09234225e-05,1
0.000244140625,136,0.00104854198,0.000906223606,1.10083993e-05,1
0.000244140625,137,0.00105603586,0.000913011434,1.10934025e-05,1
0.000244140625,138,0.00106353185,0.000919800892,1.11785002e-05,1
0.000244140625,139,0.00107103575,0.000926598092,1.12636508e-05,1
0.000244140625,140,0.00107853417,0.000933390751,1.13488095e-05,1
0.000244140625,141,0.00108603539,0.000940187194,1.14341201e-05,1
0.000244140625,142,0.00109354232,0.000946986373,1.15194207e-05,1
0.000244140625,143,0.00110104785,0.000953786832,1.16048268e-05,1
0.000244140625,144,0.0011085564,0.000960589387,1.16902629e-05,1
0.000244140625,145,0.00111606461,0.000967390777,1.17757363e-05,1
0.000244140625,146,0.00112357619,0.00097419793,1.18613216e-05,1
0.000244140625,147,0.0011310915,0.000981008634,1.1946936e-05,1
0.000244140625,148,0.00113860657,0.000987816369,1.20326131e-05,1
0.000244140625,149,0.00114612188,0.000994625269,1.21183739e-05,1
0.000244140625,150,0.00115363987,0.00100144057,1.22041693e-05,1
0.000244140625,151,0.0011611589,0.00100825378,1.22900228e-05,1
0.000244140625,152,0.00116868282,0.00101507234,1.23759482e-05,1
0.000244140625,153,0.00117620535,0.00102189055,1.24620028e-05,1
0.000244140625,154,0.0011837309,0.00102870946,1.25480228e-05,1
0.000244140625,155,0.00119125855,0.00103553396,1.26341447e-05,1
0.000244140625,156,0.00119878841,0.00104235893,1.27202993e-05,1
0.000244140625,157,0.00120631978,0.00104918459,1.28065549e-05,1
0.000244140625,158,0.00121385185,0.00105601153,1.28928541e-05,1
0.000244140625,159,0.00122138613,0.00106284139,1.29791979e-05,1
0.000244140625,160,0.00122892193,0.00106967415,1.3065629e-05,1
0.000244140625,161,0.00123645901,0.00107650657,1.31520237e-05,1
0.000244140625,162,0.00124399958,0.00108334282,1.32386494e-05,1
0.000244140625,163,0.00125154271,0.00109018176,1.33252852e-05,1
0.000244140625,164,0.00125908712,0.00109702186,1.34119337e-05,1
0.000244140625,165,0.00126662862,0.00110385963,1.34986622e-05,1
0.000244140625,166,0.00127417839,0.00111070543,1.3585417e-05,1
0.000244140625,167,0.00128172408,0.00111754797,1.36722756e-05,1
0.000244140625,168,0.00128927373,0.00112439424,1.37591751e-05,1
0.000244140625,169,0.0012968271,0.00113124354,1.38461728e-05,1
0.000244140625,170,0.00130438118,0.00113809342,1.39331987e-05,1
0.000244140625,171,0.0013119377,0.00114494655,1.4020281e-05,1
0.000244140625,172,0.00131949177,0.00115179806,1.41073824e-05,1
0.000244140625,173,0.00132705434,0.00115865713,1.41946712e-05,1
0.000244140625,174,0.00133461284,0.00116551388,1.4281959e-05,1
0.000244140625,175,0.00134217902,0.00117237517,1.43692951e-05,1
0.000244140625,176,0.00134974276,0.00117923645,1.44566939e-05,1
0.000244140625,177,0.00135730684,0.00118609832,1.45441463e-05,1
0.000244140625,178,0.00136487349,0.00119296229,1.46316579e-05,1
0.000244140625,179,0.00137244293,0.00119982974,1.47192504e-05,1
0.000244140625,180,0.00138001784,0.00120670127,1.48069057e-05,1
0.000244140625,181,0.00138759147,0.0012135721,1.4894631e-05,1
0.000244140625,182,0.00139516778,0.0012204462,1.49823936e-05,1
0.000244140625,183,0.00140274141,0.00122731854,1.50702099e-05,1
0.000244140625,184,0.0014103232,0.00123419752,1.51581062e-05,1
0.000244140625,185,0.00141789985,0.00124107266,1.52460298e-05,1
0.000244140625,186,0.00142548268,0.00124795316,1.53340334e-05,1
0.000244140625,187,0.00143306213,0.00125483121,1.54221307e-05,1
0.000244140625,188,0.00144065148,0.00126171799,1.55102916e-05,1
0.000244140625,189,0.00144823769,0.00126860291,1.55984617e-05,1
0.000244140625,190,0.00145583379,0.00127549679,1.56867845e-05,1
0.000244140625,191,0.00146341638,0.0012823795,1.57751092e-05,1
0.000244140625,192,0.0014710126,0.00128927326,1.58634975e-05,1
0.000244140625,193,0.00147860788,0.00129616703,1.5951955e-05,1
0.000244140625,194,0.00148620224,0.00130305998,1.6040447e-05,1
0.000244140625,195,0.00149380078,0.00130995957,1.61290063e-05,1
0.000244140625,196,0.00150139804,0.00131685485,1.6217642e-05,1
0.000244140625,197,0.00150900322,0.00132375769,1.63063269e-05,1
0.000244140625,198,0.00151660584,0.00133066007,1.63951227e-05,1
0.000244140625,199,0.00152421219,0.00133756606,1.64839366e-05,1
0.000244140625,200,0.00153181655,0.0013444681,1.65727761e-05,1
0.000244140625,201,0.00153942744,0.00135137956,1.66617883e-05,1
0.000244140625,202,0.0015470353,0.00135828787,1.67507787e-05,1
0.000244140625,203,0.00155465165,0.00136520353,1.68398619e-05,1
0.000244140625,204,0.001562263,0.00137211499,1.69290306e-05,1
0.000244140625,205,0.00156987901,0.00137903076,1.70181775e-05,1
0.000244140625,206,0.00157749758,0.00138594885,1.71074516e-05,1
0.000244140625,207,0.00158511673,0.00139286765,1.71967276e-05,1
0.000244140625,208,0.00159273797,0.00139978901,1.72861237e-05,1
0.000244140625,209,0.00160035572,0.00140670873,1.73755361e-05,1
0.000244140625,210,0.00160798826,0.0014136401,1.74651304e-05,1
0.000244140625,211,0.00161561323,0.00142056588,1.75546738e-05,1
0.000244140625,212,0.00162324274,0.00142749655,1.76443064e-05,1
0.000244140625,213,0.00163086748,0.00143442105,1.77340171e-05,1
0.000244140625,214,0.00163850375,0.00144135824,1.78237769e-05,1
0.000244140625,215,0.00164613186,0.00144828763,1.79135877e-05,1
0.000244140625,216,0.00165377278,0.00145522878,1.80034767e-05,1
0.000244140625,217,0.00166140962,0.00146216655,1.80933966e-05,1
0.000244140625,218,0.00166904484,0.0014691035,1.81833948e-05,1
0.000244140625,219,0.00167668459,0.00147604395,1.8273453e-05,1
0.000244140625,220,0.00168432982,0.00148299045,1.83635948e-05,1
0.000244140625,221,0.00169197109,0.00148993498,1.84537985e-05,1
0.000244140625,222,0.00169962365,0.00149688695,1.85440913e-05,1
0.000244140625,223,0.00170726364,0.00150383019,1.86344059e-05,1
0.000244140625,224,0.00171491306,0.00151078089,1.87247733e-05,1
0.000244140625,225,0.00172256585,0.00151773554,1.88152189e-05,1
0.000244140625,226,0.00173021993,0.00152469112,1.89057173e-05,1
0.000244140625,227,0.00173787179,0.00153164507,1.89962575e-05,1
0.000244140625,228,0.00174552994,0.00153860496,1.90869305e-05,1
0.000244140625,229,0.00175319181,0.00154556846,1.91775871e-05,1
0.000244140625,230,0.00176084926,0.00155252928,1.92683474e-05,1
0.000244140625,231,0.00176851673,0.00155949919,1.93592459e-05,1
0.000244140625,232,0.00177617569,0.00156645931,1.9450099e-05,1
0.000244140625,233,0.00178384292,0.00157342874,1.95410812e-05,1
0.000244140625,234,0.00179151143,0.00158040004,1.9632058e-05,1
0.000244140625,235,0.00179917738,0.00158736971,1.97231566e-05,1
0.000244140625,236,0.00180684938,0.00159434427,1.98142807e-05,1
0.000244140625,237,0.00181452325,0.00160131988,1.99055066e-05,1
0.000244140625,238,0.00182219339,0.00160829281,1.99967089e-05,1
0.000244140625,239,0.00182987552,0.001615279,2.00880822e-05,1
0.000244140625,240,0.00183754892,0.00162225682,2.01794392e-05,1
0.000244140625,241,0.00184523023,0.00162924011,2.02709034e-05,1
0.000244140625,242,0.00185291562,0.00163622806,2.03624822e-05,1
0.000244140625,243,0.00186059764,0.00164321391,2.04540538e-05,1
0.000244140625,244,0.00186827907,0.00165020069,2.05456327e-05,1
0.000244140625,245,0.00187596609,0.00165719131,2.06373261e-05,1
0.000244140625,246,0.00188365625,0.0016641831,2.07291123e-05,1
0.000244140625,247,0.00189135107,0.00167118234,2.08209476e-05,1
0.000244140625,248,0.00189904042,0.00167817564,2.09128702e-05,1
0.000244140625,249,0.00190673792,0.00168517896,2.10048856e-05,1
0.000244140625,250,0.0019144282,0.00169217295,2.10968647e-05,1
0.000244140625,251,0.00192212791,0.00169917627,2.11889401e-05,1
0.000244140625,252,0.00192982738,0.00170618005,2.1281041e-05,1
0.000244140625,253,0.00193752698,0.0017131865,2.1373271e-05,1
0.000244140625,254,0.00194523064,0.00172019412,2.14655811e-05,1
0.000244140625,255,0.00195293245,0.00172720058,2.15579457e-05,1
0.000244140625,256,0.00196064264,0.00173421414,2.16502831e-05,1
0.000244140625,257,0.00196834863,0.00174122711,2.17428515e-05,1
0.000244140625,258,0.00197605835,0.00174824009,2.1835298e-05,1
0.000244140625,259,0.00198377436,0.00175526144,2.19279136e-05,1
0.000244140625,260,0.00199148362,0.00176227605,2.20206075e-05,1
0.000244140625,261,0.00199919799,0.00176929671,2.21133159e-05,1
0.000244140625,262,0.00200692238,0.00177632598,2.2206048e-05,1
0.000244140625,263,0.00201464002,0.00178334757,2.22989838e-05,1
0.000244140625,264,0.00202235766,0.00179037149,2.23918378e-05,1
0.000244140625,265,0.00203008205,0.001797401,2.24847536e-05,1
0.000244140625,266,0.00203780551,0.00180443132,2.2577824e-05,1
0.000244140625,267,0.00204553688,0.00181146699,2.26709562e-05,1
0.000244140625,268,0.00205325801,0.0018184958,2.27641049e-05,1
0.000244140625,269,0.00206099497,0.00182553695,2.28573444e-05,1
0.000244140625,270,0.00206872262,0.00183257356,2.29506513e-05,1
0.000244140625,271,0.00207645539,0.0018396104,2.30440437e-05,1
0.000244140625,272,0.00208418956,0.00184665201,2.3137427e-05,1
0.000244140625,273,0.00209193258,0.00185369956,2.32308976e-05,1
0.000244140625,274,0.00209966442,0.00186074094,2.33244809e-05,1
0.000244140625,275,0.00210740766,0.00186778849,2.34181207e-05,1
0.000244140625,276,0.00211515464,0.0018748421,2.3511795e-05,1
0.000244140625,277,0.00212289183,0.00188188814,2.36055166e-05,1
0.000244140625,278,0.00213064183,0.0018889436,2.36993637e-05,1
0.000244140625,279,0.00213838741,0.00189599721,2.37931399e-05,1
0.000244140625,280,0.00214613578,0.00190305186,2.38870998e-05,1
0.000244140625,281,0.00215388578,0.00191011198,2.39810852e-05,1
0.000244140625,282,0.002161643,0.0019171756,2.40752397e-05,1
0.000244140625,283,0.00216939487,0.00192423386,2.41693015e-05,1
0.000244140625,284,0.00217715162,0.00193129748,2.4263567e-05,1
0.000244140625,285,0.00218491117,0.0019383654,2.4357736e-05,1
0.000244140625,286,0.00219267374,0.00194543507,2.44521925e-05,1
0.000244140625,287,0.00220043818,0.00195250742,2.45464889e-05,1
0.000244140625,288,0.00220819749,0.00195957813,2.46408854e-05,1
0.000244140625,289,0.00221597124,0.00196665619,2.47354892e-05,1
0.000244140625,290,0.00222372892,0.0019737219,2.48300312e-05,1
0.000244140625,291,0.00223150337,0.00198080484,2.49246914e-05,1
0.000244140625,292,0.002239272,0.00198788242,2.50193789e-05,1
0.000244140625,293,0.00224704528,0.00199496583,2.51141555e-05,1
0.000244140625,294,0.00225482136,0.002002049,2.52089994e-05,1
0.000244140625,295,0.00226259534,0.00200913381,2.53038979e-05,1
0.000244140625,296,0.00227037165,0.00201621605,2.53988565e-05,1
0.000244140625,297,0.00227815518,0.00202330691,2.54938841e-05,1
0.000244140625,298,0.00228593894,0.00203040289,2.55889317e-05,1
0.000244140625,299,0.00229372527,0.00203749607,2.56841104e-05,1
0.000244140625,300,0.00230150577,0.00204458903,2.57794472e-05,1
0.000244140625,301,0.00230929744,0.0020516871,2.58746422e-05,1
0.000244140625,302,0.00231708284,0.00205878331,2.59699609e-05,1
0.000244140625,303,0.00232487475,0.00206588395,2.60654815e-05,1
0.000244140625,304,0.00233266829,0.00207298645,2.6160882e-05,1
0.000244140625,305,0.00234045624,0.00208008732,2.6256439e-05,1
0.000244140625,306,0.00234826002,0.00208719587,2.63520997e-05,1
0.000244140625,307,0.00235605659,0.00209430302,2.6447784e-05,1
0.000244140625,308,0.00236385711,0.00210141623,2.65435301e-05,1
0.000244140625,309,0.0023716602,0.00210852805,2.66392308e-05,1
0.000244140625,310,0.0023794563,0.00211563753,2.67351479e-05,1
0.000244140625,311,0.00238726404,0.00212275423,2.68310559e-05,1
0.000244140625,312,0.00239507388,0.00212987186,2.69271331e-05,1
0.000244140625,313,0.00240288302,0.00213699136,2.70231649e-05,1
0.000244140625,314,0.00241069868,0.00214411435,2.71193276e-05,1
0.000244140625,315,0.00241850386,0.00215123594,2.72154975e-05,1
0.000244140625,316,0.00242631836,0.00215836172,2.73117748e-05,1
0.000244140625,317,0.00243413891,0.0021654896,2.74081613e-05,1
0.000244140625,318,0.00244195689,0.0021726226,2.75045313e-05,1
0.000244140625,319,0.00244977116,0.00217974628,2.76009141e-05,1
0.000244140625,320,0.0024575931,0.00218687602,2.76974497e-05,1
0.000244140625,321,0.00246542064,0.00219401973,2.77940508e-05,1
0.000244140625,322,0.00247324002,0.00220114854,2.78906446e-05,1
0.000244140625,323,0.00248106918,0.00220829016,2.79874021e-05,1
0.000244140625,324,0.00248889066,0.00221542548,2.80841923e-05,1
0.000244140625,325,0.00249672402,0.00222256384,2.81810626e-05,1
0.000244140625,326,0.00250455877,0.00222971546,2.82779856e-05,1
0.000244140625,327,0.00251239887,0.00223686593,2.83749887e-05,1
0.000244140625,328,0.00252023456,0.0022440122,2.84719299e-05,1
0.000244140625,329,0.00252806442,0.00225115754,2.85691349e-05,1
0.000244140625,330,0.00253591081,0.00225831266,2.86663089e-05,1
0.000244140625,331,0.00254375488,0.00226546871,2.87635648e-05,1
0.000244140625,332,0.00255159708,0.00227262569,2.88609081e-05,1
0.000244140625,333,0.00255943928,0.00227977941,2.89582713e-05,1
0.000244140625,334,0.00256728381,0.00228693732,2.90556236e-05,1
0.000244140625,335,0.00257512392,0.00229409081,2.91530596e-05,1
0.000244140625,336,0.00258298172,0.00230126083,2.92507066e-05,1
0.000244140625,337,0.00259083672,0.00230842829,2.93482899e-05,1
0.000244140625,338,0.0025986908,0.00231559551,2.94460588e-05,1
0.000244140625,339,0.00260654232,0.00232276018,2.95438531e-05,1
0.000244140625,340,0.00261440338,0.00232993579,2.9641631e-05,1
0.000244140625,341,0.002622267,0.00233711093,2.97395873e-05,1
0.000244140625,342,0.00263012853,0.0023442863,2.98375126e-05,1
0.000244140625,343,0.00263798772,0.00235145888,2.99355725e-05,1
0.000244140625,344,0.00264585228,0.00235863798,3.00335796e-05,1
0.000244140625,345,0.00265372102,0.00236581941,3.01318341e-05,1
0.000244140625,346,0.00266158511,0.00237299828,3.02299832e-05,1
0.000244140625,347,0.00266945688,0.00238018343,3.03283159e-05,1
0.000244140625,348,0.00267733214,0.00238737348,3.04266541e-05,1
0.000244140625,349,0.00268520275,0.00239455677,3.05251087e-05,1
0.000244140625,350,0.0026930843,0.00240175333,3.06236107e-05,1
0.000244140625,351,0.00270095817,0.00240894151,3.07221198e-05,1
0.000244140625,352,0.00270883786,0.00241613551,3.082072e-05,1
0.000244140625,353,0.00271671894,0.00242333184,3.09195057e-05,1
0.000244140625,354,0.00272459723,0.00243052444,3.10181567e-05,1
0.000244140625,355,0.00273248204,0.0024377238,3.11170552e-05,1
0.000244140625,356,0.00274036941,0.00244492711,3.12158663e-05,1
0.000244140625,357,0.00274826586,0.00245213625,3.13148339e-05,1
0.000244140625,358,0.0027561537,0.00245934003,3.14139033e-05,1
0.000244140625,359,0.00276404968,0.00246655289,3.15129837e-05,1
0.000244140625,360,0.00277194078,0.0024737569,3.16121441e-05,1
0.000244140625,361,0.00277983071,0.00248096348,3.17113263e-05,1
0.000244140625,362,0.0027877267,0.00248817634,3.1810614e-05,1
0.000244140625,363,0.0027956292,0.00249539525,3.19099854e-05,1
0.000244140625,364,0.00280353683,0.0025026158,3.20094441e-05,1
0.000244140625,365,0.00281144446,0.00250983913,3.2108961e-05,1
0.000244140625,366,0.00281933858,0.00251705013,3.22084597e-05,1
0.000244140625,367,0.00282724854,0.0025242751,3.23080276e-05,1
0.000244140625,368,0.00283515477,0.00253149797,3.24078064e-05,1
0.000244140625,369,0.00284306821,0.00253872923,3.25074361e-05,1
0.000244140625,370,0.00285098096,0.00254595629,3.26073568e-05,1
0.000244140625,371,0.00285890209,0.00255319313,3.27072703e-05,1
0.000244140625,372,0.00286680786,0.0025604174,3.28071146e-05,1
0.000244140625,373,0.00287472759,0.00256765354,3.2907159e-05,1
0.000244140625,374,0.00288264244,0.00257488526,3.30071853e-05,1
0.000244140625,375,0.00289056241,0.0025821235,3.31073898e-05,1
0.000244140625,376,0.00289848773,0.0025893664,3.32075942e-05,1
0.000244140625,377,0.00290640816,0.00259660301,3.33077514e-05,1
0.000244140625,378,0.00291434373,0.00260385242,3.34081742e-05,1
0.000244140625,379,0.00292226835,0.00261109578,3.35086879e-05,1
0.000244140625,380,0.00293019693,0.00261834287,3.3609107e-05,1
0.000244140625,381,0.00293812598,0.00262559042,3.37096426e-05,1
0.000244140625,382,0.00294606853,0.00263284799,3.38103237e-05,1
0.000244140625,383,0.00295399269,0.00264009135,3.39108192e-05,1
0.000244140625,384,0.00296194432,0.00264736125,3.40117331e-05,1
0.000244140625,385,0.00296986941,0.00265460345,3.41123668e-05,1
0.000244140625,386,0.00297782803,0.00266187987,3.42134736e-05,1
0.000244140625,387,0.00298575987,0.00266913092,3.43142747e-05,1
0.000244140625,388,0.00299370522,0.00267639407,3.44153923e-05,1
0.000244140625,389,0.00300165615,0.00268366141,3.45164226e-05,1
0.000244140625,390,0.00300960126,0.00269092573,3.46174893e-05,1
0.000244140625,391,0.00301754242,0.00269818725,3.47187888e-05,1
0.000244140625,392,0.0030255022,0.00270546484,3.48201029e-05,1
0.000244140625,393,0.00303345337,0.00271273358,3.49215152e-05,1
0.000244140625,394,0.00304140989,0.00272000907,3.50229202e-05,1
0.000244140625,395,0.00304936548,0.00272728619,3.51242197e-05,1
0.000244140625,396,0.00305732409,0.00273456401,3.52257921e-05,1
0.000244140625,397,0.00306528737,0.00274184532,3.532751e-05,1
0.000244140625,398,0.00307324762,0.00274912268,3.54290278e-05,1
0.000244140625,399,0.00308121601,0.00275641307,3.55308694e-05,1
0.000244140625,400,0.00308918511,0.00276370114,3.56328019e-05,1
0.000244140625,401,0.00309715164,0.0027709878,3.57346034e-05,1
0.000244140625,402,0.00310511654,0.00277827214,3.58365542e-05,1
0.000244140625,403,0.00311309961,0.00278557278,3.59386613e-05,1
0.000244140625,404,0.00312106893,0.00279286481,3.60407757e-05,1
0.000244140625,405,0.00312904408,0.00280015985,3.61429011e-05,1
0.000244140625,406,0.00313701946,0.00280745444,3.62451501e-05,1
0.000244140625,407,0.00314499438,0.00281474926,3.63473118e-05,1
0.000244140625,408,0.00315297977,0.00282205711,3.64497537e-05,1
0.000244140625,409,0.00316096423,0.00282936054,3.65520755e-05,1
0.000244140625,410,0.00316894543,0.00283666211,3.66546592e-05,1
0.000244140625,411,0.00317694154,0.00284397812,3.67572429e-05,1
0.000244140625,412,0.0031849239,0.00285128341,3.68598521e-05,1
0.000244140625,413,0.00319291512,0.00285859522,3.69624868e-05,1
0.000244140625,414,0.00320089539,0.00286589703,3.70651906e-05,1
0.000244140625,415,0.00320890127,0.00287322258,3.71681526e-05,1
0.000244140625,416,0.00321689388,0.00288053765,3.72710383e-05,1
0.000244140625,417,0.00322489324,0.00288785854,3.73740622e-05,1
0.000244140625,418,0.00323289423,0.002895182,3.74770098e-05,1
0.000244140625,419,0.00324089406,0.00290250056,3.75801501e-05,1
0.000244140625,420,0.00324889738,0.00290982681,3.7683385e-05,1
0.000244140625,421,0.00325690489,0.00291715492,3.77865072e-05,1
0.000244140625,422,0.00326490705,0.00292448234,3.78897203e-05,1
0.000244140625,423,0.00327291945,0.00293181534,3.79933044e-05,1
0.000244140625,424,0.00328093581,0.00293915137,3.80966267e-05,1
0.000244140625,425,0.00328894239,0.00294647925,3.82002108e-05,1
0.000244140625,426,0.00329696899,0.00295382948,3.83037732e-05,1
0.000244140625,427,0.00330496347,0.00296114758,3.84073792e-05,1
0.000244140625,428,0.0033129931,0.0029685006,3.8511098e-05,1
0.000244140625,429,0.0033210055,0.0029758336,3.86147913e-05,1
0.000244140625,430,0.00332903769,0.00298318756,3.87188556e-05,1
0.000244140625,431,0.00333705661,0.00299052754,3.88226799e-05,1
0.000244140625,432,0.00334508205,0.00299787801,3.89266679e-05,1
0.000244140625,433,0.00335310027,0.00300522544,3.90307177e-05,1
0.000244140625,434,0.00336113502,0.00301257824,3.91348767e-05,1
0.000244140625,435,0.00336916582,0.00301993219,3.92390684e-05,1
0.000244140625,436,0.00337719545,0.00302728522,3.9343362e-05,1
0.000244140625,437,0.00338522973,0.00303464383,3.94475064e-05,1
0.000244140625,438,0.00339327031,0.00304200756,3.95519965e-05,1
0.000244140625,439,0.00340131205,0.00304937596,3.96565083e-05,1
0.000244140625,440,0.00340934168,0.00305672735,3.9761002e-05,1
0.000244140625,441,0.00341739482,0.00306410179,3.98656048e-05,1
0.000244140625,442,0.00342542655,0.00307145854,3.99702658e-05,1
0.000244140625,443,0.00343348156,0.00307883578,4.00748468e-05,1
0.000244140625,444,0.00344152586,0.00308620511,4.01798134e-05,1
0.000244140625,445,0.00344958203,0.00309358863,4.02847254e-05,1
0.000244140625,446,0.00345762307,0.00310095237,4.03896302e-05,1
0.000244140625,447,0.00346567831,0.00310833054,4.04945931e-05,1
0.000244140625,448,0.0034737424,0.00311572105,4.05997525e-05,1
0.000244140625,449,0.00348179298,0.00312309433,4.07048865e-05,1
0.000244140625,450,0.0034898594,0.0031304867,4.0810206e-05,1
0.000244140625,451,0.00349790137,0.00313785742,4.09153108e-05,1
0.000244140625,452,0.00350596872,0.00314524886,4.10207685e-05,1
0.000244140625,453,0.00351403467,0.00315263798,4.1126088e-05,1
0.000244140625,454,0.00352210016,0.00316002895,4.12316876e-05,1
0.000244140625,455,0.00353017193,0.00316742412,4.13372254e-05,1
0.000244140625,456,0.00353823253,0.00317481114,4.14427996e-05,1
0.000244140625,457,0.00354631897,0.0031822226,4.15486647e-05,1
0.000244140625,458,0.00355437282,0.00318960799,4.16542134e-05,1
0.000244140625,459,0.00356244342,0.00319700548,4.17600204e-05,1
0.000244140625,460,0.00357052824,0.00320441066,4.18660202e-05,1
0.000244140625,461,0.00357860792,0.00321181817,4.19719909e-05,1
0.000244140625,462,0.00358668878,0.00321922451,4.20780707e-05,1
0.000244140625,463,0.00359477103,0.00322663249,4.21843324e-05,1
0.000244140625,464,0.00360285188,0.00323404185,4.2290194e-05,1
0.000244140625,465,0.00361093786,0.00324145309,4.2396452e-05,1
0.000244140625,466,0.00361902546,0.00324886898,4.25028411e-05,1
0.000244140625,467,0.00362711027,0.00325627998,4.2609292e-05,1
0.000244140625,468,0.00363520556,0.00326370192,4.27157793e-05,1
0.000244140625,469,0.00364330574,0.00327112875,4.28222556e-05,1
0.000244140625,470,0.00365139614,0.00327854487,4.29288011e-05,1
0.000244140625,471,0.00365950214,0.00328597636,4.30356122e-05,1
0.000244140625,472,0.00366758159,0.00329338666,4.31422195e-05,1
0.000244140625,473,0.00367569039,0.00330082374,4.32490197e-05,1
0.000244140625,474,0.00368379289,0.00330825406,4.3355798e-05,1
0.000244140625,475,0.00369189656,0.00331568369,4.34627655e-05,1
0.000244140625,476,0.0036999986,0.00332311378,4.35697875e-05,1
0.000244140625,477,0.00370811019,0.00333055318,4.3676846e-05,1
0.000244140625,478,0.00371622294,0.00333799259,4.37842173e-05,1
0.000244140625,479,0.0037243301,0.00334542757,4.38911884e-05,1
0.000244140625,480,0.00373244681,0.0033528714,4.39985815e-05,1
0.000244140625,481,0.00374056166,0.00336031499,4.41059783e-05,1
0.000244140625,482,0.00374867092,0.00336775649,4.42134551e-05,1
0.000244140625,483,0.00375680416,0.00337521732,4.43209283e-05,1
0.000244140625,484,0.00376491481,0.00338265556,4.44285615e-05,1
0.000244140625,485,0.00377304712,0.00339011569,4.4536122e-05,1
0.000244140625,486,0.0037811799,0.00339757535,4.46437989e-05,1
0.000244140625,487,0.00378928753,0.00340501475,4.47515777e-05,1
0.000244140625,488,0.00379742286,0.0034124793,4.4859451e-05,1
0.000244140625,489,0.00380554539,0.00341992965,4.49672589e-05,1
0.000244140625,490,0.00381368492,0.00342739932,4.50753323e-05,1
0.000244140625,491,0.00382182281,0.00343486411,4.51834821e-05,1
0.000244140625,492,0.00382994697,0.00344232027,4.52914355e-05,1
0.000244140625,493,0.00383809651,0.00344979763,4.53995344e-05,1
0.000244140625,494,0.00384623487,0.00345726521,4.55078552e-05,1
0.000244140625,495,0.0038543609,0.00346472417,4.56161979e-05,1
0.000244140625,496,0.00386251393,0.00347220781,4.57246897e-05,1
0.000244140625,497,0.00387065811,0.00347967935,4.58330833e-05,1
0.000244140625,498,0.00387879857,0.00348715391,4.59416115e-05,1
0.000244140625,499,0.00388696021,0.00349464035,4.6050307e-05,1
0.000244140625,500,0.00389509997,0.00350211188,4.61588897e-05,1
0.000244140625,501,0.00390324672,0.0035095932,4.62676799e-05,1
0.000244140625,502,0.00391141232,0.00351708476,4.63763754e-05,1
0.000244140625,503,0.00391956419,0.00352457236,4.64854493e-05,1
0.000244140625,504,0.00392772118,0.00353205786,4.65941666e-05,1
0.000244140625,505,0.00393587351,0.00353954779,4.67035024e-05,1
0.000244140625,506,0.00394404074,0.00354703725,4.68124999e-05,1
0.000244140625,507,0.00395220192,0.0035545358,4.69216102e-05,1
0.000244140625,508,0.00396037288,0.00356203178,4.7030906e-05,1
0.000244140625,509,0.00396853639,0.00356953405,4.71402018e-05,1
0.000244140625,510,0.00397671619,0.00357703771,4.72495412e-05,1
0.000244140625,511,0.00398488296,0.00358453812,4.73591754e-05,1
0.000244140625,512,0.00399306323,0.00359204761,4.74685294e-05,1
0.000244140625,513,0.00400121883,0.00359954173,4.75780471e-05,1
0.000244140625,514,0.00400940655,0.00360705424,4.76878704e-05,1
0.000244140625,515,0.00401758775,0.00361457188,4.77976246e-05,1
0.000244140625,516,0.00402575918,0.00362207228,4.79072805e-05,1
0.000244140625,517,0.0040339441,0.00362959225,4.80172566e-05,1
0.000244140625,518,0.00404212344,0.00363710453,4.81271381e-05,1
0.000244140625,519,0.00405031303,0.0036446231,4.82373325e-05,1
0.000244140625,520,0.00405849703,0.0036521419,4.83472068e-05,1
0.000244140625,521,0.00406668428,0.00365966256,4.8457212e-05,1
0.000244140625,522,0.00407488365,0.0036671937,4.85676683e-05,1
0.000244140625,523,0.00408306671,0.00367470831,4.86777681e-05,1
0.000244140625,524,0.00409126095,0.00368224015,4.87882171e-05,1
0.000244140625,525,0.00409945846,0.00368976803,4.88987098e-05,1
0.000244140625,526,0.00410765456,0.00369730126,4.90092607e-05,1
0.000244140625,527,0.0041158637,0.00370483776,4.91198371e-05,1
0.000244140625,528,0.00412405422,0.00371236936,4.92304862e-05,1
0.000244140625,529,0.00413227081,0.00371991284,4.93411899e-05,1
0.000244140625,530,0.00414047018,0.00372745353,4.94519227e-05,1
0.000244140625,531,0.00414868118,0.00373499212,4.95627537e-05,1
0.000244140625,532,0.00415687868,0.00374253094,4.96737521e-05,1
0.000244140625,533,0.00416510412,0.00375008397,4.97846995e-05,1
0.000244140625,534,0.00417330395,0.00375762605,4.98957561e-05,1
0.000244140625,535,0.00418153359,0.00376517908,5.00070419e-05,1
0.000244140625,536,0.00418974925,0.00377273839,5.01184513e-05,1
0.000244140625,537,0.00419797283,0.00378028816,5.02295443e-05,1
0.000244140625,538,0.00420617918,0.00378783839,5.03408082e-05,1
0.000244140625,539,0.0042144102,0.00379539467,5.04522068e-05,1
0.000244140625,540,0.00422263006,0.00380295888,5.05637399e-05,1
0.000244140625,541,0.00423085829,0.00381051586,5.06752767e-05,1
0.000244140625,542,0.00423908187,0.00381808239,5.07870864e-05,1
0.000244140625,543,0.0042473292,0.00382565404,5.08988014e-05,1
0.000244140625,544,0.00425553927,0.00383320963,5.10104364e-05,1
0.000244140625,545,0.00426378148,0.00384078221,5.11224171e-05,1
0.000244140625,546,0.00427202368,0.00384836295,5.12341649e-05,1
0.000244140625,547,0.00428025518,0.00385592435,5.13462146e-05,1
0.000244140625,548,0.00428849598,0.00386350648,5.14584717e-05,1
0.000244140625,549,0.00429674424,0.00387108582,5.15704596e-05,1
0.000244140625,550,0.00430497807,0.00387865747,5.16826076e-05,1
0.000244140625,551,0.00431322167,0.00388623681,5.17948174e-05,1
0.000244140625,552,0.00432146993,0.0038938229,5.19072782e-05,1
0.000244140625,553,0.00432972377,0.00390141178,5.20197573e-05,1
0.000244140625,554,0.00433797017,0.00390899274,5.21323163e-05,1
0.000244140625,555,0.00434622774,0.00391658768,5.22448317e-05,1
0.000244140625,556,0.00435448252,0.00392417843,5.23573217e-05,1
0.000244140625,557,0.00436273403,0.00393176964,5.24701936e-05,1
0.000244140625,558,0.00437099952,0.00393936876,5.2582971e-05,1
0.000244140625,559,0.00437925616,0.00394696742,5.26958574e-05,1
0.000244140625,560,0.00438751932,0.0039545605,5.2808693e-05,1
0.000244140625,561,0.00439578108,0.00396216474,5.29218087e-05,1
0.000244140625,562,0.00440404424,0.0039697648,5.30347606e-05,1
0.000244140625,563,0.0044123074,0.00397737045,5.31478945e-05,1
0.000244140625,564,0.00442058733,0.00398497982,5.32611375e-05,1
0.000244140625,565,0.00442884816,0.0039925864,5.33743223e-05,1
0.000244140625,566,0.00443712296,0.0040001953,5.34879036e-05,1
0.000244140625,567,0.00444539683,0.00400781073,5.3601143e-05,1
0.000244140625,568,0.00445367862,0.00401542382,5.37147425e-05,1
0.000244140625,569,0.00446194969,0.00402304111,5.38282256e-05,1
0.000244140625,570,0.00447023055,0.004030657,5.39418106e-05,1
0.000244140625,571,0.00447850907,0.00403827755,5.40557594e-05,1
0.000244140625,572,0.00448680762,0.00404590555,5.41695335e-05,1
0.000244140625,573,0.00449509034,0.00405353541,5.42834096e-05,1
0.000244140625,574,0.00450337585,0.00406115549,5.43971692e-05,1
0.000244140625,575,0.00451166742,0.00406878535,5.45111543e-05,1
0.000244140625,576,0.0045199641,0.0040764208,5.46254232e-05,1
0.000244140625,577,0.00452826032,0.00408405531,5.47393829e-05,1
0.000244140625,578,0.00453654444,0.00409168145,5.48536409e-05,1
0.000244140625,579,0.00454484113,0.00409931643,5.49679389e-05,1
0.000244140625,580,0.00455314526,0.00410696119,5.50823352e-05,1
0.000244140625,581,0.00456144568,0.00411459664,5.51967023e-05,1
0.000244140625,582,0.00456974329,0.00412223861,5.53112004e-05,1
0.000244140625,583,0.00457805395,0.00412988896,5.54257931e-05,1
0.000244140625,584,0.00458636368,0.00413754024,5.55405968e-05,1
0.000244140625,585,0.00459467061,0.00414518313,5.56553205e-05,1
0.000244140625,586,0.00460297521,0.00415283255,5.57699568e-05,1
0.000244140625,587,0.00461129006,0.0041604843,5.58847642e-05,1
0.000244140625,588,0.00461960398,0.00416814117,5.59998189e-05,1
0.000244140625,589,0.00462792302,0.00417579943,5.6114859e-05,1
0.000244140625,590,0.0046362346,0.00418345258,5.62299683e-05,1
0.000244140625,591,0.00464455783,0.0041911155,5.63451649e-05,1
0.000244140625,592,0.00465288106,0.00419878121,5.64604015e-05,1
0.000244140625,593,0.00466120103,0.00420644414,5.65755508e-05,1
0.000244140625,594,0.00466953218,0.00421411032,5.6691104e-05,1
0.000244140625,595,0.00467785029,0.00422177557,5.68063879e-05,1
0.000244140625,596,0.00468618236,0.00422944594,5.69218901e-05,1
0.000244140625,597,0.00469451118,0.00423712051,5.70374868e-05,1
0.000244140625,598,0.00470284745,0.0042447946,5.71533237e-05,1
0.000244140625,599,0.00471117441,0.00425246498,5.72689314e-05,1
0.000244140625,600,0.00471952092,0.00426015025,5.73847574e-05,1
0.000244140625,601,0.00472785998,0.00426783226,5.75006452e-05,1
0.000244140625,602,0.00473619392,0.00427551055,5.76166312e-05,1
0.000244140625,603,0.00474453578,0.00428319303,5.77326318e-05,1
0.000244140625,604,0.00475288788,0.00429088715,5.78487889e-05,1
0.000244140625,605,0.00476124464,0.0042985836,5.79649422e-05,1
0.000244140625,606,0.00476957345,0.00430626236,5.80810665e-05,1
0.000244140625,607,0.00477792881,0.00431395601,5.81974964e-05,1
0.000244140625,608,0.00478627486,0.00432164688,5.83137626e-05,1
0.000244140625,609,0.00479463441,0.00432934752,5.84303853e-05,1
0.000244140625,610,0.00480298325,0.00433704117,5.85469461e-05,1
0.000244140625,611,0.00481134187,0.00434474228,5.86633614e-05,1
0.000244140625,612,0.00481970143,0.00435244571,5.87801878e-05,1
0.000244140625,613,0.00482806657,0.00436015474,5.88969597e-05,1
0.000244140625,614,0.00483643264,0.00436786283,5.90138479e-05,1
0.000244140625,615,0.00484479265,0.00437556999,5.91307653e-05,1
0.000244140625,616,0.00485315733,0.00438327389,5.92476936e-05,1
0.000244140625,617,0.00486151967,0.00439098198,5.93645636e-05,1
0.000244140625,618,0.0048699039,0.0043987087,5.94816593e-05,1
0.000244140625,619,0.00487826858,0.00440642051,5.95990423e-05,1
0.000244140625,620,0.00488663744,0.00441413419,5.97162179e-05,1
0.000244140625,621,0.00489501748,0.00442185812,5.98336846e-05,1
0.000244140625,622,0.00490339985,0.00442958297,5.99510313e-05,1
0.000244140625,623,0.004911792,0.00443731761,6.00687126e-05,1
0.000244140625,624,0.00492015388,0.00444503035,6.01859865e-05,1
0.000244140625,625,0.00492853951,0.00445275661,6.0303857e-05,1
0.000244140625,626,0.00493692514,0.00446049031,6.04215602e-05,1
0.000244140625,627,0.00494531449,0.00446822308,6.0539267e-05,1
0.000244140625,628,0.00495371502,0.00447596796,6.06570829e-05,1
0.000244140625,629,0.00496208901,0.00448368676,6.07750444e-05,1
0.000244140625,630,0.00497049186,0.0044914363,6.08930786e-05,1
0.000244140625,631,0.00497887284,0.00449916208,6.10111383e-05,1
0.000244140625,632,0.00498730224,0.00450693723,6.11293217e-05,1
0.000244140625,633,0.00499567436,0.0045146565,6.12474178e-05,1
0.000244140625,634,0.00500408094,0.00452240556,6.13657758e-05,1
0.000244140625,635,0.00501248147,0.00453015417,6.1484141e-05,1
0.000244140625,636,0.00502088387,0.00453790464,6.16025136e-05,1
0.000244140625,637,0.00502929138,0.00454565324,6.17211626e-05,1
0.000244140625,638,0.00503768958,0.00455339998,6.18397316e-05,1
0.000244140625,639,0.00504610967,0.00456116581,6.19584753e-05,1
0.000244140625,640,0.0050545251,0.00456893351,6.20772262e-05,1
0.000244140625,641,0.00506293774,0.00457669282,6.21960207e-05,1
0.000244140625,642,0.00507135782,0.00458445679,6.23150627e-05,1
0.000244140625,643,0.00507976906,0.00459221471,6.24338572e-05,1
0.000244140625,644,0.00508818217,0.00459997356,6.25527027e-05,1
0.000244140625,645,0.00509660272,0.00460774079,6.26720284e-05,1
0.000244140625,646,0.0051050256,0.00461550988,6.27911068e-05,1
0.000244140625,647,0.00511345034,0.00462328643,6.29104688e-05,1
0.000244140625,648,0.00512189092,0.00463107228,6.30298309e-05,1
0.000244140625,649,0.00513032405,0.00463885162,6.31494258e-05,1
0.000244140625,650,0.00513873994,0.00464661978,6.32687443e-05,1
0.000244140625,651,0.00514717819,0.00465440238,6.33883174e-05,1
0.000244140625,652,0.00515561691,0.00466219056,6.35079487e-05,1
0.000244140625,653,0.00516405143,0.00466997037,6.36274999e-05,1
0.000244140625,654,0.00517248642,0.00467775343,6.37474513e-05,1
0.000244140625,655,0.00518091721,0.0046855351,6.38670535e-05,1
0.000244140625,656,0.00518937549,0.00469334051,6.3987085e-05,1
0.000244140625,657,0.00519781047,0.00470112916,6.41069564e-05,1
0.000244140625,658,0.0052062571,0.00470892666,6.4227148e-05,1
0.000244140625,659,0.00521470746,0.00471672509,6.43473759e-05,1
0.000244140625,660,0.00522316061,0.00472452631,6.44675965e-05,1
0.000244140625,661,0.00523162028,0.00473233173,6.45880209e-05,1
0.000244140625,662,0.00524004921,0.00474010967,6.47079578e-05,1
0.000244140625,663,0.00524850423,0.00474791182,6.48285859e-05,1
0.000244140625,664,0.00525697693,0.00475573819,6.49493231e-05,1
0.000244140625,665,0.00526543334,0.00476354267,6.50699658e-05,1
0.000244140625,666,0.00527390558,0.00477136718,6.51906448e-05,1
0.000244140625,667,0.00528236758,0.00477917446,6.53111783e-05,1
0.000244140625,668,0.00529081095,0.00478696683,6.54320975e-05,1
0.000244140625,669,0.00529927481,0.00479478901,6.55527765e-05,1
0.000244140625,670,0.00530776009,0.00480262283,6.5673783e-05,1
0.000244140625,671,0.00531622861,0.00481043896,6.57949058e-05,1
0.000244140625,672,0.00532469992,0.00481825648,6.59161014e-05,1
0.000244140625,673,0.00533317216,0.00482608657,6.60375663e-05,1
0.000244140625,674,0.00534165045,0.00483391806,6.61586237e-05,1
0.000244140625,675,0.00535012921,0.00484173791,6.62796447e-05,1
0.000244140625,676,0.00535860471,0.00484957034,6.64013423e-05,1
0.000244140625,677,0.00536708254,0.00485740043,6.65227417e-05,1
0.000244140625,678,0.0053755641,0.00486523006,6.66444175e-05,1
0.000244140625,679,0.00538404426,0.00487306807,6.67656786e-05,1
0.000244140625,680,0.00539254723,0.00488091912,6.68876964e-05,1
0.000244140625,681,0.00540104322,0.00488875946,6.70097288e-05,1
0.000244140625,682,0.00540952384,0.00489660213,6.71315138e-05,1
0.000244140625,683,0.0054180189,0.00490444386,6.72531678e-05,1
0.000244140625,684,0.0054265107,0.00491228886,6.73754184e-05,1
0.000244140625,685,0.00543501228,0.00492014363,6.74973926e-05,1
0.000244140625,686,0.0054434957,0.00492797792,6.7619585e-05,1
0.000244140625,687,0.00545199402,0.00493583549,6.77416538e-05,1
0.000244140625,688,0.00546050863,0.00494369539,6.78640208e-05,1
0.000244140625,689,0.0054690023,0.00495154783,6.79867444e-05,1
0.000244140625,690,0.00547751412,0.00495940819,6.81089732e-05,1
0.000244140625,691,0.00548604643,0.00496728765,6.82317841e-05,1
0.000244140625,692,0.00549454568,0.00497514755,6.83541512e-05,1
0.000244140625,693,0.005503044,0.00498299021,6.84769475e-05,1
0.000244140625,694,0.00551155955,0.00499086641,6.85995547e-05,1
0.000244140625,695,0.00552008674,0.00499873841,6.87226056e-05,1
0.000244140625,696,0.00552859902,0.00500661414,6.8845402e-05,1
0.000244140625,697,0.00553710153,0.00501446379,6.89684093e-05,1
0.000244140625,698,0.00554564735,0.005022367,6.90915695e-05,1
0.000244140625,699,0.00555416616,0.00503023481,6.92148824e-05,1
0.000244140625,700,0.00556269474,0.00503812265,6.9337817e-05,1
0.000244140625,701,0.00557121215,0.00504599465,6.94612099e-05,1
0.000244140625,702,0.00557972165,0.00505386153,6.95844283e-05,1
0.000244140625,703,0.00558827491,0.00506176706,6.97080686e-05,1
0.000244140625,704,0.00559681142,0.00506965164,6.98315707e-05,1
0.000244140625,705,0.00560535677,0.00507755764,6.99552693e-05,1
0.000244140625,706,0.00561387651,0.00508542219,7.00790042e-05,1
0.000244140625,707,0.00562242605,0.00509333657,7.02025573e-05,1
0.000244140625,708,0.00563097792,0.00510124164,7.03265541e-05,1
0.000244140625,709,0.00563950231,0.00510911644,7.04502454e-05,1
0.000244140625,710,0.00564805046,0.00511702616,7.05743951e-05,1
0.000244140625,711,0.00565660838,0.00512493402,7.06985738e-05,1
0.000244140625,712,0.00566515001,0.00513283163,7.08224543e-05,1
0.000244140625,713,0.00567368837,0.00514072971,7.09467276e-05,1
0.000244140625,714,0.00568224303,0.00514863105,7.10708337e-05,1
0.000244140625,715,0.00569081074,0.00515656313,7.1195398e-05,1
0.000244140625,716,0.00569936028,0.00516446913,7.13198824e-05,1
0.000244140625,717,0.00570791075,0.00517237093,7.14444832e-05,1
0.000244140625,718,0.00571647659,0.00518029463,7.15689603e-05,1
0.000244140625,719,0.00572504569,0.00518822297,7.16935829e-05,1
0.000244140625,720,0.00573360827,0.00519613829,7.1818431e-05,1
0.000244140625,721,0.00574214803,0.00520403823,7.19428499e-05,1
0.000244140625,722,0.00575074507,0.00521199126,7.20681492e-05,1
0.000244140625,723,0.00575930625,0.00521990843,7.21929828e-05,1
0.000244140625,724,0.00576787209,0.0052278284,7.23181001e-05,1
0.000244140625,725,0.00577643886,0.00523575582,7.24430502e-05,1
0.000244140625,726,0.00578501262,0.00524368882,7.25682985e-05,1
0.000244140625,727,0.00579359708,0.00525162742,7.26936341e-05,1
0.000244140625,728,0.00580216758,0.00525956042,7.28188752e-05,1
0.000244140625,729,0.00581074925,0.00526749995,7.29443564e-05,1
0.000244140625,730,0.00581932859,0.00527543155,7.30697502e-05,1
0.000244140625,731,0.00582792237,0.00528338365,7.31953551e-05,1
0.000244140625,732,0.00583651848,0.00529133808,7.33211127e-05,1
0.000244140625,733,0.00584510155,0.00529927993,7.3446914e-05,1
0.000244140625,734,0.00585367903,0.00530721527,7.35725625e-05,1
0.000244140625,735,0.00586227188,0.00531517109,7.36984366e-05,1
0.000244140625,736,0.00587087497,0.00532312877,7.38246235e-05,1
0.000244140625,737,0.00587946782,0.00533107901,7.39504248e-05,1
0.000244140625,738,0.00588807417,0.00533904275,7.40771211e-05,1
0.000244140625,739,0.00589668797,0.00534701766,7.42031116e-05,1
0.000244140625,740,0.00590527197,0.00535495905,7.4329073e-05,1
0.000244140625,741,0.005913876,0.00536292279,7.44554782e-05,1
0.000244140625,742,0.00592248701,0.00537089398,7.45820871e-05,1
0.000244140625,743,0.00593109336,0.00537885725,7.47084414e-05,1
0.000244140625,744,0.00593969878,0.00538682332,7.48351231e-05,1
0.000244140625,745,0.00594831863,0.00539480336,7.49617102e-05,1
0.000244140625,746,0.00595692685,0.00540277129,7.5088341e-05,1
0.000244140625,747,0.00596555043,0.00541075179,7.52151827e-05,1
0.000244140625,748,0.00597416097,0.00541872438,7.53421264e-05,1
0.000244140625,749,0.00598278316,0.00542670628,7.54691428e-05,1
0.000244140625,750,0.0059914086,0.00543469284,7.55961737e-05,1
0.000244140625,751,0.0060000387,0.00544268265,7.57233793e-05,1
0.000244140625,752,0.00600864552,0.00545065198,7.58502138e-05,1
0.000244140625,753,0.00601727655,0.00545864319,7.59777176e-05,1
0.000244140625,754,0.00602590246,0.00546662835,7.61049596e-05,1
0.000244140625,755,0.00603452418,0.00547461305,7.62323543e-05,1
0.000244140625,756,0.00604317011,0.00548261777,7.63600256e-05,1
0.000244140625,757,0.00605180394,0.00549061317,7.64876022e-05,1
0.000244140625,758,0.00606041588,0.00549858809,7.66150188e-05,1
0.000244140625,759,0.00606907718,0.0055066091,7.67430174e-05,1
0.000244140625,760,0.0060776989,0.00551459426,7.68706377e-05,1
0.000244140625,761,0.00608634762,0.00552260084,7.69982653e-05,1
0.000244140625,762,0.00609498424,0.00553060509,7.71263949e-05,1
0.000244140625,763,0.00610364322,0.00553862052,7.72546191e-05,1
0.000244140625,764,0.00611228403,0.00554662524,7.7382676e-05,1
0.000244140625,765,0.00612093089,0.00555463461,7.75108419e-05,1
0.000244140625,766,0.00612958707,0.00556265377,7.76390589e-05,1
0.000244140625,767,0.00613823254,0.00557066174,7.77675086e-05,1
0.000244140625,768,0.00614689197,0.00557868415,7.78959293e-05,1
0.000244140625,769,0.00615554908,0.00558670145,7.80243572e-05,1
0.000244140625,770,0.0061642169,0.00559473084,7.81529525e-05,1
0.000244140625,771,0.0061728796,0.00560275698,7.82818388e-05,1
0.000244140625,772,0.00618154043,0.00561078358,7.84104559e-05,1
0.000244140625,773,0.00619020546,0.00561881019,7.85391821e-05,1
0.000244140625,774,0.00619887048,0.00562683865,7.86681994e-05,1
0.000244140625,775,0.00620753597,0.00563486945,7.87972749e-05,1
0.000244140625,776,0.00621621078,0.0056429063,7.89262194e-05,1
0.000244140625,777,0.00622487115,0.0056509329,7.90551203e-05,1
0.000244140625,778,0.0062335534,0.00565897813,7.91844359e-05,1
0.000244140625,779,0.0062422296,0.00566701824,7.93138825e-05,1
0.000244140625,780,0.00625090441,0.00567505695,7.94431035e-05,1
0.000244140625,781,0.00625958527,0.00568309985,7.95725791e-05,1
0.000244140625,782,0.00626827125,0.00569114881,7.97019602e-05,1
0.000244140625,783,0.00627695816,0.00569920195,7.98317196e-05,1
0.000244140625,784,0.00628564693,0.00570725417,7.99613117e-05,1
0.000244140625,785,0.00629433058,0.00571530778,8.00910566e-05,1
0.000244140625,786,0.00630302727,0.00572336419,8.02212162e-05,1
0.000244140625,787,0.00631169882,0.00573140336,8.03507864e-05,1
0.000244140625,788,0.00632040063,0.00573946815,8.04807642e-05,1
0.000244140625,789,0.00632911036,0.00574754225,8.06110111e-05,1
0.000244140625,790,0.00633779541,0.00575559633,8.07410906e-05,1
0.000244140625,791,0.00634650234,0.00576366531,8.08715413e-05,1
0.000244140625,792,0.00635521254,0.00577174081,8.10015918e-05,1
0.000244140625,793,0.00636390503,0.00577980001,8.11320861e-05,1
0.000244140625,794,0.00637260266,0.0057878634,8.12624858e-05,1
0.000244140625,795,0.00638131192,0.00579594029,8.13930674e-05,1
0.000244140625,796,0.00639003748,0.00580402929,8.15234962e-05,1
0.000244140625,797,0.00639874628,0.00581210339,8.16544416e-05,1
0.000244140625,798,0.00640745368,0.00582018029,8.17852197e-05,1
0.000244140625,799,0.00641619181,0.0058282814,8.19161505e-05,1
0.000244140625,800,0.00642489502,0.0058363555,8.20467758e-05,1
0.000244140625,801,0.0064336122,0.00584444078,8.21777576e-05,1
0.000244140625,802,0.00644233637,0.00585252885,8.23087539e-05,1
0.000244140625,803,0.00645106006,0.00586061785,8.24401868e-05,1
0.000244140625,804,0.00645977166,0.00586869707,8.25712195e-05,1
0.000244140625,805,0.00646851491,0.00587680843,8.27028198e-05,1
0.000244140625,806,0.00647723442,0.00588489696,8.28340926e-05,1
0.000244140625,807,0.00648596929,0.00589299714,8.29656055e-05,1
0.000244140625,808,0.00649469672,0.00590109499,8.30972058e-05,1
0.000244140625,809,0.00650341995,0.00590918679,8.32285514e-05,1
0.000244140625,810,0.00651216228,0.00591729535,8.336053e-05,1
0.000244140625,811,0.00652090553,0.00592540717,8.34921957e-05,1
0.000244140625,812,0.0065296432,0.005933512,8.36243344e-05,1
0.000244140625,813,0.00653839018,0.00594162615,8.37562839e-05,1
0.000244140625,814,0.00654711993,0.00594972679,8.38878987e-05,1
0.000244140625,815,0.00655586086,0.00595783582,8.40199864e-05,1
0.000244140625,816,0.00656460598,0.0059659509,8.41520232e-05,1
0.000244140625,817,0.00657336414,0.00597407762,8.4284613e-05,1
0.000244140625,818,0.00658211485,0.00598219736,8.44169554e-05,1
0.000244140625,819,0.00659087021,0.00599032128,8.45494724e-05,1
0.000244140625,820,0.00659962744,0.00599844567,8.46819094e-05,1
0.000244140625,821,0.00660838885,0.00600657798,8.48144118e-05,1
0.000244140625,822,0.00661713863,0.00601469679,8.49471035e-05,1
0.000244140625,823,0.00662590563,0.00602283096,8.50799261e-05,1
0.000244140625,824,0.00663466239,0.00603096327,8.52125158e-05,1
0.000244140625,825,0.00664342521,0.00603909511,8.53453093e-05,1
0.000244140625,826,0.00665218802,0.00604722695,8.54783284e-05,1
0.000244140625,827,0.00666096527,0.0060553737,8.56115803e-05,1
0.000244140625,828,0.0066697388,0.00606351346,8.57445557e-05,1
0.000244140625,829,0.00667850673,0.00607165461,8.58780913e-05,1
0.000244140625,830,0.00668730028,0.00607981859,8.60113942e-05,1
0.000244140625,831,0.00669606635,0.00608795648,8.61445587e-05,1
0.000244140625,832,0.00670485338,0.00609611301,8.62781089e-05,1
0.000244140625,833,0.0067136311,0.00610426441,8.64115063e-05,1
0.000244140625,834,0.00672241068,0.00611241208,8.6545253e-05,1
0.000244140625,835,0.0067311977,0.00612057326,8.66788614e-05,1
0.000244140625,836,0.00673999637,0.00612873863,8.68126881e-05,1
0.000244140625,837,0.00674877549,0.00613689376,8.69465148e-05,1
0.000244140625,838,0.00675756019,0.00614504563,8.70803997e-05,1
0.000244140625,839,0.00676636351,0.00615322357,8.72145756e-05,1
0.000244140625,840,0.00677514635,0.00616137823,8.73485769e-05,1
0.000244140625,841,0.00678393943,0.00616954546,8.74828329e-05,1
0.000244140625,842,0.00679273205,0.0061777099,8.76168197e-05,1
0.000244140625,843,0.00680154981,0.00618589623,8.77513012e-05,1
0.000244140625,844,0.00681033731,0.00619405787,8.78856517e-05,1
0.000244140625,845,0.00681913598,0.0062022307,8.80200168e-05,1
0.000244140625,846,0.00682795793,0.00621042214,8.81548694e-05,1
0.000244140625,847,0.00683675241,0.00621859124,8.82893801e-05,1
0.000244140625,848,0.00684556132,0.00622677663,8.8424109e-05,1
0.000244140625,849,0.00685439212,0.00623497367,8.85591071e-05,1
0.000244140625,850,0.00686318288,0.00624314137,8.86936759e-05,1
0.000244140625,851,0.00687200204,0.00625133328,8.88288341e-05,1
0.000244140625,852,0.0068808184,0.00625952799,8.89637013e-05,1
0.000244140625,853,0.00688964594,0.00626772502,8.9099005e-05,1
0.000244140625,854,0.00689847581,0.00627592579,8.9234105e-05,1
0.000244140625,855,0.00690730894,0.00628413167,8.93696124e-05,1
0.000244140625,856,0.00691612391,0.00629232358,8.95047051e-05,1
0.000244140625,857,0.0069249454,0.00630051922,8.96403144e-05,1
0.000244140625,858,0.00693377852,0.00630872557,8.97757272e-05,1
0.000244140625,859,0.00694260607,0.00631692726,8.99117149e-05,1
0.000244140625,860,0.006951435,0.00632513268,9.00469749e-05,1
0.000244140625,861,0.00696026674,0.00633334089,9.01829771e-05,1
0.000244140625,862,0.00696911104,0.00634155516,9.03186592e-05,1
0.000244140625,863,0.00697793299,0.00634975825,9.04546541e-05,1
0.000244140625,864,0.00698680012,0.00635799672,9.05907073e-05,1
0.000244140625,865,0.00699561788,0.00636619003,9.07267167e-05,1
0.000244140625,866,0.00700446311,0.00637440942,9.08626098e-05,1
0.000244140625,867,0.00701333163,0.0063826507,9.09991868e-05,1
0.000244140625,868,0.00702216011,0.0063908603,9.11354655e-05,1
0.000244140625,869,0.0070310235,0.00639909459,9.1272108e-05,1
0.000244140625,870,0.00703987712,0.00640732935,9.14086559e-05,1
0.000244140625,871,0.00704872608,0.00641555246,9.154492e-05,1
0.000244140625,872,0.00705759507,0.00642379653,9.1681708e-05,1
0.000244140625,873,0.00706645753,0.00643203128,9.18182559e-05,1
0.000244140625,874,0.00707531115,0.00644026278,9.19552913e-05,1
0.000244140625,875,0.00708417548,0.00644850731,9.20921666e-05,1
0.000244140625,876,0.00709303888,0.00645674393,9.22290201e-05,1
0.000244140625,877,0.00710190367,0.00646498613,9.23663538e-05,1
0.000244140625,878,0.00711076939,0.00647322973,9.25031927e-05,1
0.000244140625,879,0.00711963652,0.00648147892,9.26407083e-05,1
0.000244140625,880,0.00712851109,0.00648972671,9.27780857e-05,1
0.000244140625,881,0.00713736564,0.00649795774,9.29149537e-05,1
0.000244140625,882,0.00714624114,0.00650621625,9.30524911e-05,1
0.000244140625,883,0.00715513807,0.00651448639,9.31899413e-05,1
0.000244140625,884,0.00716400286,0.00652273232,9.33277479e-05,1
0.000244140625,885,0.0071728928,0.0065310006,9.34656782e-05,1
0.000244140625,886,0.00718179764,0.0065392768,9.36034994e-05,1
0.000244140625,887,0.00719069224,0.00654755207,9.37414879e-05,1
0.000244140625,888,0.00719956029,0.00655580172,9.38792437e-05,1
0.000244140625,889,0.00720844418,0.00656406069,9.40169703e-05,1
0.000244140625,890,0.00721734576,0.00657233922,9.41550461e-05,1
0.000244140625,891,0.0072262329,0.00658060564,9.42934348e-05,1
0.000244140625,892,0.00723510608,0.006588866,9.44317217e-05,1
0.000244140625,893,0.00724403327,0.00659716269,9.45702777e-05,1
0.000244140625,894,0.00725291763,0.00660542538,9.47083099e-05,1
0.000244140625,895,0.00726181641,0.00661371043,9.48469751e-05,1
0.000244140625,896,0.00727072405,0.00662199548,9.49858659e-05,1
0.000244140625,897,0.00727963075,0.00663028052,9.51242837e-05,1
0.000244140625,898,0.00728853559,0.00663856417,9.52630289e-05,1
0.000244140625,899,0.0072974558,0.00664686644,9.54019415e-05,1
0.000244140625,900,0.00730637321,0.00665515987,9.55411451e-05,1
0.000244140625,901,0.00731527107,0.00666344026,9.56797012e-05,1
0.000244140625,902,0.00732419081,0.00667174067,9.58189703e-05,1
0.000244140625,903,0.00733311241,0.00668003783,9.59580502e-05,1
0.000244140625,904,0.00734202331,0.00668832939,9.60974357e-05,1
0.000244140625,905,0.00735094305,0.00669663586,9.62366903e-05,1
0.000244140625,906,0.00735984743,0.00670492277,9.63760103e-05,1
0.000244140625,907,0.00736879464,0.006713246,9.65157524e-05,1
0.000244140625,908,0.00737770414,0.00672153709,9.66552252e-05,1
0.000244140625,909,0.00738664251,0.00672986032,9.67947926e-05,1
0.000244140625,910,0.00739559066,0.00673818076,9.69346511e-05,1
0.000244140625,911,0.00740451133,0.0067464849,9.70743931e-05,1
0.000244140625,912,0.00741344504,0.0067548044,9.72145281e-05,1
0.000244140625,913,0.00742238387,0.00676312624,9.73542774e-05,1
0.000244140625,914,0.00743132969,0.00677144853,9.74946161e-05,1
0.000244140625,915,0.00744025223,0.0067797564,9.76345764e-05,1
0.000244140625,916,0.0074491892,0.00678808242,9.77744639e-05,1
0.000244140625,917,0.00745813781,0.00679640658,9.79148972e-05,1
0.000244140625,918,0.00746709434,0.00680474332,9.80556142e-05,1
0.000244140625,919,0.00747604622,0.00681308145,9.81960839e-05,1
0.000244140625,920,0.00748498738,0.00682139862,9.83367354e-05,1
0.000244140625,921,0.00749394763,0.00682974514,9.84774015e-05,1
0.000244140625,922,0.00750290742,0.00683809025,9.86179439e-05,1
0.000244140625,923,0.00751186395,0.00684642699,9.87587482e-05,1
0.000244140625,924,0.00752082048,0.00685476745,9.88993852e-05,1
0.000244140625,925,0.0075297649,0.00686309859,9.90405533e-05,1
0.000244140625,926,0.00753871817,0.00687143672,9.91813795e-05,1
0.000244140625,927,0.00754770637,0.00687980466,9.93227513e-05,1
0.000244140625,928,0.00755664473,0.00688812463,9.94638467e-05,1
0.000244140625,929,0.00756561477,0.00689648325,9.96052913e-05,1
0.000244140625,930,0.00757462718,0.006904874,9.97470997e-05,1
0.000244140625,931,0.0075835865,0.00691321772,9.9888297e-05,1
0.000244140625,932,0.00759253837,0.00692155864,0.000100029756,1
0.000244140625,933,0.00760152563,0.00692992611,0.00010017131,1
0.000244140625,934,0.00761050824,0.00693829264,0.00010031298,1
0.000244140625,935,0.00761947082,0.00694664288,0.000100454577,1
0.000244140625,936,0.00762845157,0.00695500616,0.000100596335,1
0.000244140625,937,0.00763745001,0.00696338899,0.000100738602,1
0.000244140625,938,0.00764641864,0.00697174715,0.000100880548,1
0.000244140625,939,0.00765541149,0.00698012533,0.000101022779,1
0.000244140625,940,0.00766441319,0.00698850863,0.000101164784,1
0.000244140625,941,0.00767339719,0.0069968747,0.000101307407,1
0.000244140625,942,0.00768237701,0.00700524822,0.000101449587,1
0.000244140625,943,0.00769137498,0.00701362826,0.000101592021,1
0.000244140625,944,0.0077003832,0.00702201994,0.000101734746,1
0.000244140625,945,0.00770935277,0.00703038834,0.000101877224,1
0.000244140625,946,0.00771838473,0.00703879772,0.000102019723,1
0.000244140625,947,0.00772741856,0.00704721455,0.000102163503,1
0.000244140625,948,0.00773640396,0.007055589,0.000102305872,1
0.000244140625,949,0.00774542755,0.00706399651,0.00010244899,1
0.000244140625,950,0.00775441155,0.00707237003,0.000102591621,1
0.000244140625,951,0.00776342861,0.00708077289,0.000102734964,1
0.000244140625,952,0.00777243823,0.00708917016,0.000102878221,1
0.000244140625,953,0.00778142549,0.00709754694,0.000103020982,1
0.000244140625,954,0.00779044442,0.00710595353,0.000103164726,1
0.000244140625,955,0.00779947918,0.00711437687,0.000103307881,1
0.000244140625,956,0.00780852279,0.00712280395,0.000103452156,1
0.000244140625,957,0.00781755056,0.00713122124,0.00010359531,1
0.000244140625,958,0.00782655086,0.00713961199,0.000103738996,1
0.000244140625,959,0.00783557631,0.00714801904,0.000103882572,1
0.000244140625,960,0.00784461014,0.00715644425,0.000104026753,1
0.000244140625,961,0.00785362441,0.00716485409,0.000104170387,1
0.000244140625,962,0.00786266197,0.00717327371,0.000104314538,1
0.000244140625,963,0.00787172001,0.00718171662,0.000104459061,1
0.000244140625,964,0.00788076594,0.00719015626,0.000104602979,1
0.000244140625,965,0.00788980071,0.00719857588,0.000104747633,1
0.000244140625,966,0.00789882429,0.00720698806,0.000104891602,1
0.000244140625,967,0.00790786929,0.00721542491,0.000105036146,1
0.000244140625,968,0.00791690685,0.00722385291,0.000105180465,1
0.000244140625,969,0.00792595372,0.00723228976,0.000105325285,1
0.000244140625,970,0.00793502294,0.0072407471,0.000105470055,1
0.000244140625,971,0.00794406049,0.00724916998,0.000105614745,1
0.000244140625,972,0.00795309618,0.00725759985,0.000105759515,1
0.000244140625,973,0.00796217192,0.0072660679,0.000105904619,1
0.000244140625,974,0.00797121599,0.00727449404,0.000106049949,1
0.000244140625,975,0.00798026565,0.00728293834,0.000106194755,1
0.000244140625,976,0.00798933394,0.0072914022,0.000106340078,1
0.000244140625,977,0.00799840223,0.00729985721,0.000106485219,1
0.000244140625,978,0.00800746586,0.00730830943,0.00010663033,1
0.000244140625,979,0.00801653136,0.0073167705,0.000106776417,1
0.000244140625,980,0.00802560337,0.00732522923,0.000106921878,1
0.000244140625,981,0.00803469308,0.00733371032,0.000107067521,1
0.000244140625,982,0.00804373063,0.00734214298,0.00010721312,1
0.000244140625,983,0.0080528073,0.00735060871,0.00010735869,1
0.000244140625,984,0.00806190632,0.00735909678,0.000107504995,1
0.000244140625,985,0.00807097089,0.00736755505,0.000107650689,1
0.000244140625,986,0.00808007177,0.00737604732,0.000107796855,1
0.000244140625,987,0.00808915123,0.00738451537,0.000107942942,1
0.000244140625,988,0.00809820928,0.0073929769,0.000108088898,1
0.000244140625,989,0.00810730644,0.00740145799,0.000108235567,1
0.000244140625,990,0.00811639521,0.00740993721,0.000108381915,1
0.000244140625,991,0.00812548492,0.00741842203,0.000108528366,1
0.000244140625,992,0.00813456438,0.00742689334,0.000108674896,1
0.000244140625,993,0.00814366899,0.00743538653,0.000108821303,1
0.000244140625,994,0.00815277081,0.00744389417,0.000108968059,1
0.000244140625,995,0.00816186052,0.00745236874,0.000109114997,1
0.000244140625,996,0.00817095861,0.00746085308,0.00010926184,1
0.000244140625,997,0.00818005577,0.00746935606,0.00010940856,1
0.000244140625,998,0.00818917435,0.00747785857,0.000109555862,1
0.000244140625,999,0.00819829293,0.00748636946,0.000109702996,1
0.000244140625,1000,0.00820738263,0.00749486778,0.000109850444,1
0.000244140625,1001,0.00821649842,0.00750336749,0.000109997593,1
0.000244140625,1002,0.00822561979,0.00751188165,0.00011014488,1
0.000244140625,1003,0.00823470671,0.00752036925,0.000110292363,1
0.000244140625,1004,0.00824382808,0.00752888201,0.000110440022,1
0.000244140625,1005,0.00825296156,0.00753740687,0.000110587651,1
0.000244140625,1006,0.00826206245,0.00754590752,0.000110735411,1
0.000244140625,1007,0.00827121176,0.00755444122,0.000110883491,1
0.000244140625,1008,0.00828033593,0.00756296748,0.000111031266,1
0.000244140625,1009,0.00828944705,0.00757147092,0.000111179514,1
0.000244140625,1010,0.00829857122,0.00757999346,0.000111327114,1
0.000244140625,1011,0.0083077075,0.00758852717,0.000111475318,1
0.000244140625,1012,0.00831683539,0.00759704737,0.000111624147,1
0.000244140625,1013,0.00832597166,0.00760557735,0.000111771915,1
0.000244140625,1014,0.00833511166,0.00761411386,0.000111920453,1
0.000244140625,1015,0.00834422093,0.00762263034,0.000112069261,1
0.000244140625,1016,0.00835336093,0.00763116032,0.000112217465,1
0.000244140625,1017,0.00836251583,0.00763970194,0.000112366106,1
0.000244140625,1018,0.00837167725,0.00764827291,0.000112515365,1
0.000244140625,1019,0.00838081073,0.00765678799,0.000112663714,1
0.000244140625,1020,0.00838995352,0.00766533939,0.000112812551,1
0.000244140625,1021,0.00839909911,0.00767387869,0.000112961847,1
0.000244140625,1022,0.00840826519,0.00768243941,0.000113111062,1
0.000244140625,1023,0.00841740798,0.00769098289,0.000113259768,1
0.0001220703125,0,4.53999673e-05,0,0,1
0.0001220703125,1,5.26586809e-05,6.54041287e-06,7.70009549e-08,1
0.0001220703125,2,5.99194027e-05,1.30825993e-05,1.54060046e-07,1
0.0001220703125,3,6.71818634e-05,1.96266919e-05,2.3117623e-07,1
0.0001220703125,4,7.44459248e-05,2.61724344e-05,3.08349769e-07,1
0.0001220703125,5,8.17118271e-05,3.27201451e-05,3.85579881e-07,1
0.0001220703125,6,8.89789881e-05,3.92693837e-05,4.62869423e-07,1
0.0001220703125,7,9.62486229e-05,4.58208706e-05,5.40214501e-07,1
0.0001220703125,8,0.000103519415,5.23738345e-05,6.17615967e-07,1
0.0001220703125,9,0.000110792222,5.89287811e-05,6.95080701e-07,1
0.0001220703125,10,0.000118066586,6.54854884e-05,7.72596934e-07,1
0.0001220703125,11,0.000125342471,7.20436801e-05,8.50174217e-07,1
0.0001220703125,12,0.000132620597,7.86041928e-05,9.27803796e-07,1
0.0001220703125,13,0.000139900148,8.51664954e-05,1.00549698e-06,1
0.0001220703125,14,0.000147181505,9.17302095e-05,1.08324434e-06,1
0.0001220703125,15,0.000154464127,9.82959027e-05,1.16105355e-06,1
0.0001220703125,16,0.000161748991,0.000104863357,1.23891482e-06,1
0.0001220703125,17,0.000169035498,0.000111432986,1.31683692e-06,1
0.0001220703125,18,0.000176324276,0.000118004304,1.39482074e-06,1
0.0001220703125,19,0.000183613985,0.000124577244,1.47285948e-06,1
0.0001220703125,20,0.000190905921,0.000131152032,1.55094745e-06,1
0.0001220703125,21,0.000198199166,0.000137728799,1.62909987e-06,1
0.0001220703125,22,0.000205493896,0.00014430689,1.70731096e-06,1
0.0001220703125,23,0.000212791652,0.000150887485,1.78557798e-06,1
0.0001220703125,24,0.00022008954,0.000157469141,1.86391003e-06,1
0.0001220703125,25,0.000227390192,0.000164053345,1.94228983e-06,1
0.0001220703125,26,0.000234691601,0.00017063861,2.02072533e-06,1
0.0001220703125,27,0.000241996138,0.00017722667,2.09923587e-06,1
0.0001220703125,28,0.000249302888,0.000183816519,2.17779075e-06,1
0.0001220703125,29,0.000256609695,0.000190407867,2.25640952e-06,1
0.0001220703125,30,0.000263918599,0.000197000671,2.33507876e-06,1
0.0001220703125,31,0.000271228637,0.000203595031,2.41381781e-06,1
0.0001220703125,32,0.000278541411,0.000210191705,2.49261393e-06,1
0.0001220703125,33,0.000285855756,0.000216790198,2.57145234e-06,1
0.0001220703125,34,0.000293170422,0.000223389681,2.65034782e-06,1
0.0001220703125,35,0.000300488144,0.00022999139,2.72933084e-06,1
0.0001220703125,36,0.000307808456,0.000236596243,2.80835025e-06,1
0.0001220703125,37,0.000315129611,0.000243201721,2.88743422e-06,1
0.0001220703125,38,0.000322452863,0.000249809789,2.96656094e-06,1
0.0001220703125,39,0.00032977722,0.000256418803,3.04575906e-06,1
0.0001220703125,40,0.000337103207,0.000263029535,3.12501356e-06,1
0.0001220703125,41,0.000344431261,0.000269642624,3.20433355e-06,1
0.0001220703125,42,0.000351760769,0.000276257226,3.28370265e-06,1
0.0001220703125,43,0.000359092868,0.000282874593,3.36313497e-06,1
0.0001220703125,44,0.000366426713,0.000289493037,3.44263117e-06,1
0.0001220703125,45,0.000373761082,0.000296113081,3.5221849e-06,1
0.0001220703125,46,0.000381098187,0.000302735454,3.60179206e-06,1
0.0001220703125,47,0.00038843634,0.000309359195,3.68145584e-06,1
0.0001220703125,48,0.000395775452,0.000315983809,3.76117464e-06,1
0.0001220703125,49,0.000403118407,0.000322612526,3.84094164e-06,1
0.0001220703125,50,0.000410463079,0.000329242903,3.92077118e-06,1
0.0001220703125,51,0.000417807081,0.000335872697,4.00067074e-06,1
0.0001220703125,52,0.000425153761,0.000342505402,4.08063943e-06,1
0.0001220703125,53,0.000432502624,0.000349140115,4.16066541e-06,1
0.0001220703125,54,0.000439852709,0.000355776312,4.24071459e-06,1
0.0001220703125,55,0.000447205821,0.000362415711,4.32086608e-06,1
0.0001220703125,56,0.000454562512,0.000369058078,4.4010535e-06,1
0.0001220703125,57,0.000461917254,0.000375699281,4.48131414e-06,1
0.0001220703125,58,0.000469273858,0.000382342871,4.56161752e-06,1
0.0001220703125,59,0.000476632471,0.000388987275,4.64198047e-06,1
0.0001220703125,60,0.000483993586,0.000395635463,4.72240436e-06,1
0.0001220703125,61,0.000491357001,0.000402285747,4.80288736e-06,1
0.0001220703125,62,0.000498722715,0.000408937718,4.88342084e-06,1
0.0001220703125,63,0.000506087788,0.000415590184,4.964048e-06,1
0.0001220703125,64,0.000513455365,0.000422243989,5.04471382e-06,1
0.0001220703125,65,0.000520823873,0.000428900006,5.12539282e-06,1
0.0001220703125,66,0.000528199482,0.00043556231,5.2061805e-06,1
0.0001220703125,67,0.000535571249,0.000442220771,5.2870314e-06,1
0.0001220703125,68,0.000542945403,0.000448882987,5.36794096e-06,1
0.0001220703125,69,0.000550322351,0.000455547095,5.44889372e-06,1
0.0001220703125,70,0.000557699415,0.000462212047,5.52988058e-06,1
0.0001220703125,71,0.000565080787,0.000468880578,5.61095885e-06,1
0.0001220703125,72,0.000572462683,0.000475549867,5.69210579e-06,1
0.0001220703125,73,0.000579845801,0.0004822216,5.7733082e-06,1
0.0001220703125,74,0.000587232586,0.000488895224,5.85452881e-06,1
0.0001220703125,75,0.000594618497,0.000495569431,5.93583809e-06,1
0.0001220703125,76,0.000602008367,0.000502246839,6.01722377e-06,1
0.0001220703125,77,0.00060939847,0.000508925936,6.09865992e-06,1
0.0001220703125,78,0.000616791134,0.000515606429,6.18013109e-06,1
0.0001220703125,79,0.000624185312,0.000522288494,6.26167184e-06,1
0.0001220703125,80,0.000631579489,0.000528971199,6.34327353e-06,1
0.0001220703125,81,0.000638977799,0.000535658328,6.42493615e-06,1
0.0001220703125,82,0.000646379311,0.0005423486,6.50667107e-06,1
0.0001220703125,83,0.000653777795,0.000549034565,6.58847193e-06,1
0.0001220703125,84,0.000661182392,0.000555728213,6.67031009e-06,1
0.0001220703125,85,0.000668587803,0.000562422094,6.75221872e-06,1
0.0001220703125,86,0.000675991119,0.000569114985,6.83415919e-06,1
0.0001220703125,87,0.000683399849,0.000575812592,6.91618197e-06,1
0.0001220703125,88,0.000690811197,0.000582512643,6.99824386e-06,1
0.0001220703125,89,0.000698220858,0.000589212053,7.08037305e-06,1
0.0001220703125,90,0.000705633895,0.000595914491,7.16261047e-06,1
0.0001220703125,91,0.000713051355,0.000602620712,7.24484335e-06,1
0.0001220703125,92,0.000720469048,0.000609327399,7.32718172e-06,1
0.0001220703125,93,0.000727888837,0.000616036879,7.40952328e-06,1
0.0001220703125,94,0.000735306647,0.000622744614,7.49197898e-06,1
0.0001220703125,95,0.000742726843,0.000629454793,7.57450834e-06,1
0.0001220703125,96,0.00075015123,0.000636168756,7.65702953e-06,1
0.0001220703125,97,0.000757579634,0.00064288656,7.73965894e-06,1
0.0001220703125,98,0.000765007862,0.000649604888,7.822312e-06,1
0.0001220703125,99,0.000772433297,0.000656320131,7.90503145e-06,1
0.0001220703125,100,0.000779863447,0.000663040846,7.98793917e-06,1
0.0001220703125,101,0.000787296274,0.000669763656,8.07071956e-06,1
0.0001220703125,102,0.000794731604,0.000676489668,8.15361e-06,1
0.0001220703125,103,0.000802170951,0.000683218706,8.23664232e-06,1
0.0001220703125,104,0.000809607212,0.000689946173,8.31966736e-06,1
0.0001220703125,105,0.000817045278,0.000696674455,8.40265147e-06,1
0.0001220703125,106,0.00082448445,0.000703405123,8.48582476e-06,1
0.0001220703125,107,0.000831933285,0.000710143242,8.56911447e-06,1
0.0001220703125,108,0.000839375425,0.000716877053,8.65235234e-06,1
0.0001220703125,109,0.000846821582,0.000723614125,8.73567296e-06,1
0.0001220703125,110,0.000854268728,0.000730351894,8.81911728e-06,1
0.0001220703125,111,0.000861721404,0.000737096008,8.90257616e-06,1
0.0001220703125,112,0.00086917443,0.00074383989,8.98606868e-06,1
0.0001220703125,113,0.00087662536,0.000750582607,9.06964397e-06,1
0.0001220703125,114,0.000884077686,0.000757326721,9.15324017e-06,1
0.0001220703125,115,0.000891533273,0.000764074386,9.23695461e-06,1
0.0001220703125,116,0.000898999395,0.000770831364,9.32070907e-06,1
0.0001220703125,117,0.000906455447,0.000777579262,9.40449627e-06,1
0.0001220703125,118,0.000913917436,0.000784332922,9.4883917e-06,1
0.0001220703125,119,0.000921382569,0.000791089027,9.5723135e-06,1
0.0001220703125,120,0.000928851077,0.000797850022,9.65632717e-06,1
0.0001220703125,121,0.000936314522,0.000804606592,9.74037084e-06,1
0.0001220703125,122,0.000943785883,0.000811368693,9.82448819e-06,1
0.0001220703125,123,0.000951256312,0.000818132306,9.90866101e-06,1
0.0001220703125,124,0.000958733028,0.000824900635,9.99289659e-06,1
0.0001220703125,125,0.000966205378,0.000831665122,1.00771922e-05,1
0.0001220703125,126,0.000973678252,0.000838430831,1.01615169e-05,1
0.0001220703125,127,0.000981160323,0.000845206145,1.02459526e-05,1
0.0001220703125,128,0.000988639076,0.000851976918,1.03303719e-05,1
0.0001220703125,129,0.000996118877,0.000858748972,1.04149494e-05,1
0.0001220703125,130,0.00100360264,0.000865526439,1.04995488e-05,1
0.0001220703125,131,0.00101108907,0.00087230606,1.05841937e-05,1
0.0001220703125,132,0.00101857574,0.000879084633,1.06688922e-05,1
0.0001220703125,133,0.00102606381,0.000885865942,1.07536862e-05,1
0.0001220703125,134,0.00103355234,0.000892649114,1.08384966e-05,1
0.0001220703125,135,0.00104104972,0.000899437116,1.09234379e-05,1
0.0001220703125,136,0.0010485386,0.000906221452,1.10083829e-05,1
0.0001220703125,137,0.00105603423,0.000913010968,1.10934316e-05,1
0.0001220703125,138,0.00106353825,0.000919807178,1.11785057e-05,1
0.0001220703125,139,0.00107103353,0.000926596753,1.12636199e-05,1
0.0001220703125,140,0.00107853021,0.000933387782,1.13488377e-05,1
0.0001220703125,141,0.00108603528,0.000940185622,1.14340974e-05,1
0.0001220703125,142,0.00109353918,0.000946983346,1.15194371e-05,1
0.0001220703125,143,0.00110104552,0.000953784445,1.16047995e-05,1
0.0001220703125,144,0.00110855431,0.000960586884,1.16902411e-05,1
0.0001220703125,145,0.00111606438,0.00096739101,1.17757299e-05,1
0.0001220703125,146,0.00112357258,0.000974194903,1.18612788e-05,1
0.0001220703125,147,0.0011310894,0.000981005025,1.19469478e-05,1
0.0001220703125,148,0.00113860925,0.000987818814,1.20327113e-05,1
0.0001220703125,149,0.00114612177,0.00099462783,1.21183984e-05,1
0.0001220703125,150,0.00115363917,0.00100143882,1.22041602e-05,1
0.0001220703125,151,0.00116116332,0.00100825645,1.22901101e-05,1
0.0001220703125,152,0.00116868026,0.00101506978,1.23759419e-05,1
0.0001220703125,153,0.00117620628,0.00102188939,1.24620146e-05,1
0.0001220703125,154,0.00118373509,0.00102871424,1.2548031e-05,1
0.0001220703125,155,0.00119125727,0.0010355335,1.26341356e-05,1
0.0001220703125,156,0.00119878666,0.00104235613,1.27203057e-05,1
0.0001220703125,157,0.00120632304,0.00104918785,1.28065858e-05,1
0.0001220703125,158,0.00121384952,0.00105601142,1.28928205e-05,1
0.0001220703125,159,0.00122138567,0.00106284092,1.29792497e-05,1
0.0001220703125,160,0.00122892472,0.00106967578,1.30656372e-05,1
0.0001220703125,161,0.00123645947,0.00107650715,1.31521601e-05,1
0.0001220703125,162,0.00124399911,0.00108334201,1.32387058e-05,1
0.0001220703125,163,0.00125154201,0.00109018129,1.33252852e-05,1
0.0001220703125,164,0.00125908514,0.00109702069,1.34119273e-05,1
0.0001220703125,165,0.001266632,0.00110386242,1.34986549e-05,1
0.0001220703125,166,0.00127417606,0.00111070403,1.35854698e-05,1
0.0001220703125,167,0.00128172548,0.00111754914,1.3672272e-05,1
0.0001220703125,168,0.00128928164,0.00112440146,1.37592233e-05,1
0.0001220703125,169,0.00129682524,0.00113124214,1.38461191e-05,1
0.0001220703125,170,0.00130438048,0.0011380933,1.39331996e-05,1
0.0001220703125,171,0.00131193688,0.00114494609,1.40203138e-05,1
0.0001220703125,172,0.00131949387,0.00115179969,1.41074215e-05,1
0.0001220703125,173,0.0013270583,0.00115865993,1.41946302e-05,1
0.0001220703125,174,0.00133461098,0.00116551202,1.42819872e-05,1
0.0001220703125,175,0.00134217797,0.00117237505,1.43693178e-05,1
0.0001220703125,176,0.00134974148,0.00117923529,1.44566438e-05,1
0.0001220703125,177,0.00135730347,0.00118609553,1.45441127e-05,1
0.0001220703125,178,0.00136488047,0.00119296822,1.46316479e-05,1
0.0001220703125,179,0.00137244386,0.00119983125,1.4719205e-05,1
0.0001220703125,180,0.00138001854,0.00120670127,1.48069003e-05,1
0.0001220703125,181,0.00138758845,0.00121356931,1.48945855e-05,1
0.0001220703125,182,0.00139516196,0.00122044119,1.49823545e-05,1
0.0001220703125,183,0.00140274316,0.00122731936,1.5070179e-05,1
0.0001220703125,184,0.00141032482,0.00123419892,1.51580471e-05,1
0.0001220703125,185,0.00141790695,0.00124107767,1.52461043e-05,1
0.0001220703125,186,0.00142548338,0.00124795386,1.53340625e-05,1
0.0001220703125,187,0.00143306155,0.00125483109,1.54221507e-05,1
0.0001220703125,188,0.0014406523,0.00126171811,1.55102862e-05,1
0.0001220703125,189,0.00144824514,0.00126861071,1.55985472e-05,1
0.0001220703125,190,0.00145583076,0.00127549435,1.56867882e-05,1
0.0001220703125,191,0.00146341976,0.00128238217,1.57750546e-05,1
0.0001220703125,192,0.00147100736,0.00128926849,1.58633993e-05,1
0.0001220703125,193,0.00147860649,0.00129616552,1.59519059e-05,1
0.0001220703125,194,0.00148620573,0.00130306464,1.60404397e-05,1
0.0001220703125,195,0.00149380113,0.00130995782,1.61290318e-05,1
0.0001220703125,196,0.00150139607,0.00131685275,1.62176639e-05,1
0.0001220703125,197,0.00150899973,0.00132375443,1.63063851e-05,1
0.0001220703125,198,0.00151661213,0.00133066589,1.63951754e-05,1
0.0001220703125,199,0.00152420916,0.00133756408,1.64839475e-05,1
0.0001220703125,200,0.00153181702,0.00134446844,1.6572887e-05,1
0.0001220703125,201,0.00153942045,0.00135137455,1.66617392e-05,1
0.0001220703125,202,0.00154704123,0.00135829218,1.67507842e-05,1
0.0001220703125,203,0.001554652,0.00136520364,1.68398528e-05,1
0.0001220703125,204,0.00156226032,0.00137211184,1.6928976e-05,1
0.0001220703125,205,0.0015698775,0.00137902936,1.70182029e-05,1
0.0001220703125,206,0.00157750025,0.00138595246,1.71074444e-05,1
0.0001220703125,207,0.00158512173,0.00139287091,1.71967822e-05,1
0.0001220703125,208,0.00159273855,0.00139979064,1.72861892e-05,1
0.0001220703125,209,0.00160035479,0.00140670675,1.73755343e-05,1
0.0001220703125,210,0.00160798396,0.00141363626,1.74650249e-05,1
0.0001220703125,211,0.00161561382,0.00142056553,1.75546356e-05,1
0.0001220703125,212,0.00162323902,0.00142749259,1.76441899e-05,1
0.0001220703125,213,0.00163086643,0.00143442024,1.77340407e-05,1
0.0001220703125,214,0.00163849618,0.00144135137,1.78237096e-05,1
0.0001220703125,215,0.00164613873,0.00144829496,1.79135204e-05,1
0.0001220703125,216,0.00165377196,0.00145522796,1.80034804e-05,1
0.0001220703125,217,0.00166140392,0.00146216247,1.80934458e-05,1
0.0001220703125,218,0.00166904635,0.00146910409,1.81834057e-05,1
0.0001220703125,219,0.00167669228,0.00147605233,1.82734912e-05,1
0.0001220703125,220,0.00168433262,0.00148299243,1.83636312e-05,1
0.0001220703125,221,0.00169196993,0.00148993288,1.84538003e-05,1
0.0001220703125,222,0.00169961632,0.00149687973,1.85440313e-05,1
0.0001220703125,223,0.00170726806,0.0015038338,1.86342932e-05,1
0.0001220703125,224,0.00171491539,0.00151078182,1.87248443e-05,1
0.0001220703125,225,0.00172256446,0.00151773321,1.88152098e-05,1
0.0001220703125,226,0.00173022004,0.00152469124,1.89057173e-05,1
0.0001220703125,227,0.00173788157,0.00153165311,1.89963248e-05,1
0.0001220703125,228,0.00174552912,0.00153860415,1.90869923e-05,1
0.0001220703125,229,0.00175318797,0.00154556532,1.91776944e-05,1
0.0001220703125,230,0.00176085427,0.00155253592,1.92684274e-05,1
0.0001220703125,231,0.00176851521,0.00155949686,1.9359215e-05,1
0.0001220703125,232,0.00177617313,0.00156645814,1.94501481e-05,1
0.0001220703125,233,0.0017838371,0.00157342327,1.95410939e-05,1
0.0001220703125,234,0.00179151166,0.00158040167,1.9632098e-05,1
0.0001220703125,235,0.00179917819,0.00158736925,1.97231511e-05,1
0.0001220703125,236,0.00180684566,0.00159434183,1.98142952e-05,1
0.0001220703125,237,0.00181452534,0.00160132244,1.99054684e-05,1
0.0001220703125,238,0.00182220305,0.00160830328,1.99968308e-05,1
0.0001220703125,239,0.00182986748,0.00161527155,2.00879331e-05,1
0.0001220703125,240,0.00183754892,0.00162225706,2.0179481e-05,1
0.0001220703125,241,0.0018452385,0.00162924768,2.02709525e-05,1
0.0001220703125,242,0.00185291504,0.00163622922,2.03625077e-05,1
0.0001220703125,243,0.00186059508,0.00164321205,2.04540684e-05,1
0.0001220703125,244,0.00186827546,0.00165019906,2.05456054e-05,1
0.0001220703125,245,0.00187597203,0.00165719655,2.06373388e-05,1
0.0001220703125,246,0.00188365928,0.00166418764,2.07290977e-05,1
0.0001220703125,247,0.00189134234,0.00167117687,2.08209858e-05,1
0.0001220703125,248,0.00189904624,0.00167818344,2.09129685e-05,1
0.0001220703125,249,0.00190672954,0.00168517081,2.1004782e-05,1
0.0001220703125,250,0.00191442587,0.00169217156,2.1096861e-05,1
0.0001220703125,251,0.00192212814,0.00169917906,2.11888819e-05,1
0.0001220703125,252,0.0019298296,0.00170618331,2.12811465e-05,1
0.0001220703125,253,0.00193752395,0.00171318382,2.13732274e-05,1
0.0001220703125,254,0.00194522704,0.00172018947,2.14655793e-05,1
0.0001220703125,255,0.00195294002,0.0017272071,2.15580203e-05,1
0.0001220703125,256,0.00196064706,0.00173421751,2.16503286e-05,1
0.0001220703125,257,0.00196834654,0.00174122467,2.17426841e-05,1
0.0001220703125,258,0.00197606836,0.00174824812,2.18352834e-05,1
0.0001220703125,259,0.00198377483,0.00175526261,2.19279482e-05,1
0.0001220703125,260,0.00199148385,0.00176227582,2.20205111e-05,1
0.0001220703125,261,0.00199920288,0.00176930008,2.2113245e-05,1
0.0001220703125,262,0.00200692075,0.00177632226,2.22060971e-05,1
0.0001220703125,263,0.0020146342,0.0017833421,2.2298942e-05,1
0.0001220703125,264,0.00202236208,0.00179037417,2.23918851e-05,1
0.0001220703125,265,0.00203008368,0.00179740193,2.24848191e-05,1
0.0001220703125,266,0.00203780713,0.00180443085,2.25778094e-05,1
0.0001220703125,267,0.00204553013,0.00181146176,2.26709435e-05,1
0.0001220703125,268,0.00205326616,0.00181850174,2.2764114e-05,1
0.0001220703125,269,0.00206099288,0.00182553427,2.28574736e-05,1
0.0001220703125,270,0.00206872076,0.00183257007,2.29506386e-05,1
0.0001220703125,271,0.00207646028,0.00183961564,2.30440401e-05,1
0.0001220703125,272,0.00208418863,0.00184665201,2.31374306e-05,1
0.0001220703125,273,0.00209192769,0.00185369665,2.32309048e-05,1
0.0001220703125,274,0.00209966744,0.00186074362,2.33244846e-05,1
0.0001220703125,275,0.00210740557,0.00186778861,2.34181261e-05,1
0.0001220703125,276,0.00211514789,0.00187483721,2.35117477e-05,1
0.0001220703125,277,0.00212289835,0.00188189512,2.36055585e-05,1
0.0001220703125,278,0.00213063788,0.00188894058,2.36992728e-05,1
0.0001220703125,279,0.00213838718,0.00189599884,2.37932545e-05,1
0.0001220703125,280,0.00214614067,0.00190305815,2.38871435e-05,1
0.0001220703125,281,0.00215388928,0.00191011431,2.39811488e-05,1
0.0001220703125,282,0.002161643,0.00191717444,2.40751579e-05,1
0.0001220703125,283,0.00216939952,0.00192423747,2.41692742e-05,1
0.0001220703125,284,0.00217715162,0.00193129852,2.42634887e-05,1
0.0001220703125,285,0.00218491047,0.0019383633,2.4357767e-05,1
0.0001220703125,286,0.00219268003,0.00194544147,2.44520652e-05,1
0.0001220703125,287,0.00220043003,0.00195249927,2.45464598e-05,1
0.0001220703125,288,0.00220819167,0.00195957185,2.46409581e-05,1
0.0001220703125,289,0.00221596658,0.00196665106,2.47354346e-05,1
0.0001220703125,290,0.00222373242,0.00197372586,2.48299784e-05,1
0.0001220703125,291,0.00223150244,0.00198080274,2.49247751e-05,1
0.0001220703125,292,0.00223927596,0.00198788405,2.50193661e-05,1
0.0001220703125,293,0.00224704738,0.00199496583,2.51142592e-05,1
0.0001220703125,294,0.00225482346,0.00200204947,2.52089649e-05,1
0.0001220703125,295,0.00226259604,0.00200913381,2.53040162e-05,1
0.0001220703125,296,0.00227037305,0.00201621884,2.53988874e-05,1
0.0001220703125,297,0.00227815774,0.00202331296,2.54938623e-05,1
0.0001220703125,298,0.00228593545,0.00203040009,2.55890263e-05,1
0.0001220703125,299,0.00229372061,0.00203749235,2.56841686e-05,1
0.0001220703125,300,0.00230151089,0.00204459345,2.57792508e-05,1
0.0001220703125,301,0.00230929162,0.00205168128,2.58745895e-05,1
0.0001220703125,302,0.00231708097,0.00205878052,2.59700282e-05,1
0.0001220703125,303,0.00232487568,0.00206588465,2.60654342e-05,1
0.0001220703125,304,0.00233267131,0.00207298971,2.61610094e-05,1
0.0001220703125,305,0.00234046276,0.00208009104,2.6256519e-05,1
0.0001220703125,306,0.00234826491,0.00208720216,2.63522288e-05,1
0.0001220703125,307,0.00235605566,0.00209430209,2.64478531e-05,1
0.0001220703125,308,0.00236386107,0.0021014188,2.65435974e-05,1
0.0001220703125,309,0.00237165834,0.00210852572,2.66393563e-05,1
0.0001220703125,310,0.00237945747,0.00211563776,2.67351697e-05,1
0.0001220703125,311,0.00238727266,0.00212275982,2.68310396e-05,1
0.0001220703125,312,0.00239507179,0.00212987093,2.69271368e-05,1
0.0001220703125,313,0.0024028786,0.00213699066,2.70232867e-05,1
0.0001220703125,314,0.00241069449,0.00214411528,2.71192657e-05,1
0.0001220703125,315,0.00241849991,0.00215123151,2.72154557e-05,1
0.0001220703125,316,0.0024263293,0.0021583701,2.73118221e-05,1
0.0001220703125,317,0.00243413425,0.00216548517,2.74081522e-05,1
0.0001220703125,318,0.00244195317,0.00217261724,2.75044767e-05,1
0.0001220703125,319,0.00244978163,0.00217975513,2.76010542e-05,1
0.0001220703125,320,0.00245758751,0.00218687416,2.76973933e-05,1
0.0001220703125,321,0.00246542157,0.0021940174,2.77941072e-05,1
0.0001220703125,322,0.00247324631,0.0022011539,2.78907937e-05,1
0.0001220703125,323,0.00248106336,0.00220828387,2.79874457e-05,1
0.0001220703125,324,0.0024889058,0.00221543526,2.80842305e-05,1
0.0001220703125,325,0.00249672751,0.00222257106,2.81810626e-05,1
0.0001220703125,326,0.00250455458,0.00222971314,2.82779729e-05,1
0.0001220703125,327,0.00251239515,0.0022368629,2.83749032e-05,1
0.0001220703125,328,0.0025202292,0.00224400754,2.84720227e-05,1
0.0001220703125,329,0.00252807816,0.00225116732,2.85691585e-05,1
0.0001220703125,330,0.00253590383,0.0022583059,2.86662107e-05,1
0.0001220703125,331,0.00254375394,0.00226546777,2.87634848e-05,1
0.0001220703125,332,0.00255159405,0.00227262173,2.88608899e-05,1
0.0001220703125,333,0.00255943579,0.00227977498,2.89582604e-05,1
0.0001220703125,334,0.00256729266,0.00228694524,2.90556582e-05,1
0.0001220703125,335,0.00257512764,0.002294095,2.91531196e-05,1
0.0001220703125,336,0.00258299196,0.00230126851,2.92507775e-05,1
0.0001220703125,337,0.00259083882,0.00230843131,2.9348359e-05,1
0.0001220703125,338,0.00259868614,0.00231559249,2.94459551e-05,1
0.0001220703125,339,0.00260654651,0.00232276344,2.95437876e-05,1
0.0001220703125,340,0.00261440431,0.00232993555,2.96415983e-05,1
0.0001220703125,341,0.00262226048,0.00233710534,2.97394163e-05,1
0.0001220703125,342,0.00263012294,0.00234427955,2.98374052e-05,1
0.0001220703125,343,0.00263798074,0.00235145399,2.99354761e-05,1
0.0001220703125,344,0.00264586136,0.0023586438,3.0033767e-05,1
0.0001220703125,345,0.00265371287,0.00236581243,3.01319033e-05,1
0.0001220703125,346,0.00266160117,0.00237301411,3.02301378e-05,1
0.0001220703125,347,0.00266945572,0.0023801846,3.03283105e-05,1
0.0001220703125,348,0.00267733168,0.00238737278,3.04267051e-05,1
0.0001220703125,349,0.00268520322,0.00239455863,3.05251742e-05,1
0.0001220703125,350,0.00269308197,0.00240175193,3.06236507e-05,1
0.0001220703125,351,0.00270096096,0.00240894291,3.07219962e-05,1
0.0001220703125,352,0.00270884461,0.00241614133,3.08208e-05,1
0.0001220703125,353,0.00271672336,0.0024233358,3.0919542e-05,1
0.0001220703125,354,0.00272460841,0.00243053259,3.10182295e-05,1
0.0001220703125,355,0.00273248926,0.00243773032,3.11171534e-05,1
0.0001220703125,356,0.00274036638,0.00244492502,3.12158154e-05,1
0.0001220703125,357,0.00274825748,0.0024521309,3.13148739e-05,1
0.0001220703125,358,0.00275615184,0.00245933793,3.1413816e-05,1
0.0001220703125,359,0.00276403571,0.00246653892,3.15129837e-05,1
0.0001220703125,360,0.00277193799,0.00247375667,3.16120568e-05,1
0.0001220703125,361,0.00277983188,0.00248096487,3.17113263e-05,1
0.0001220703125,362,0.00278773112,0.00248817937,3.18105558e-05,1
0.0001220703125,363,0.00279563176,0.00249539455,3.19099963e-05,1
0.0001220703125,364,0.00280353473,0.002502613,3.2009455e-05,1
0.0001220703125,365,0.00281143677,0.00250983308,3.21089246e-05,1
0.0001220703125,366,0.00281933905,0.00251705316,3.22084525e-05,1
0.0001220703125,367,0.00282724528,0.00252427277,3.23079912e-05,1
0.0001220703125,368,0.00283516687,0.00253150822,3.240769e-05,1
0.0001220703125,369,0.00284306495,0.00253872597,3.25075198e-05,1
0.0001220703125,370,0.0028509649,0.00254594139,3.26071931e-05,1
0.0001220703125,371,0.00285889744,0.00255318778,3.27071248e-05,1
0.0001220703125,372,0.00286681694,0.00256042648,3.280702e-05,1
0.0001220703125,373,0.00287471502,0.00256764377,3.29072027e-05,1
0.0001220703125,374,0.00288264267,0.00257488433,3.30072908e-05,1
0.0001220703125,375,0.00289057102,0.00258213026,3.3107448e-05,1
0.0001220703125,376,0.00289848796,0.00258936686,3.32076452e-05,1
0.0001220703125,377,0.00290641165,0.00259660487,3.33079079e-05,1
0.0001220703125,378,0.00291433977,0.00260385009,3.34082579e-05,1
0.0001220703125,379,0.00292228162,0.00261110743,3.35084442e-05,1
0.0001220703125,380,0.00293018762,0.00261833542,3.36088488e-05,1
0.0001220703125,381,0.00293812458,0.00262558903,3.37095371e-05,1
0.0001220703125,382,0.00294606388,0.00263284589,3.38101563e-05,1
0.0001220703125,383,0.00295402086,0.00264011789,3.39110338e-05,1
0.0001220703125,384,0.0029619264,0.00264734402,3.40115985e-05,1
0.0001220703125,385,0.00296986941,0.00265460345,3.41123778e-05,1
0.0001220703125,386,0.00297782314,0.00266187428,3.42134153e-05,1
0.0001220703125,387,0.00298576779,0.00266913814,3.43144166e-05,1
0.0001220703125,388,0.00299369195,0.00267638359,3.44152941e-05,1
0.0001220703125,389,0.00300164684,0.00268365489,3.45163753e-05,1
0.0001220703125,390,0.00300960918,0.00269093481,3.46176057e-05,1
0.0001220703125,391,0.00301755359,0.00269819819,3.47188143e-05,1
0.0001220703125,392,0.00302549684,0.00270546018,3.48201174e-05,1
0.0001220703125,393,0.00303345546,0.00271273451,3.4921406e-05,1
0.0001220703125,394,0.00304141711,0.00272001536,3.50227929e-05,1
0.0001220703125,395,0.00304936664,0.00272728642,3.51243616e-05,1
0.0001220703125,396,0.0030573213,0.00273456215,3.52258648e-05,1
0.0001220703125,397,0.0030652883,0.00274184672,3.53275645e-05,1
0.0001220703125,398,0.003073256,0.00274913013,3.5429046e-05,1
0.0001220703125,399,0.00308121601,0.00275641144,3.55310149e-05,1
0.0001220703125,400,0.00308917579,0.00276369276,3.56327801e-05,1
0.0001220703125,401,0.00309715583,0.00277099153,3.57346253e-05,1
0.0001220703125,402,0.00310513307,0.00277828821,3.58365578e-05,1
0.0001220703125,403,0.00311309006,0.00278556673,3.59386031e-05,1
0.0001220703125,404,0.00312105124,0.00279285107,3.60405284e-05,1
0.0001220703125,405,0.00312904269,0.00280015939,3.61428101e-05,1
0.0001220703125,406,0.00313703623,0.00280746911,3.62449864e-05,1
0.0001220703125,407,0.00314499461,0.00281475112,3.6347421e-05,1
0.0001220703125,408,0.00315297302,0.00282205245,3.64496264e-05,1
0.0001220703125,409,0.00316096796,0.00282936543,3.65521482e-05,1
0.0001220703125,410,0.00316896243,0.00283667888,3.66545501e-05,1
0.0001220703125,411,0.00317693618,0.00284397299,3.67573193e-05,1
0.0001220703125,412,0.00318492111,0.00285127782,3.68598812e-05,1
0.0001220703125,413,0.00319291442,0.00285859569,3.69625122e-05,1
0.0001220703125,414,0.00320092053,0.00286591798,3.70653288e-05,1
0.0001220703125,415,0.00320890732,0.00287322816,3.71681599e-05,1
0.0001220703125,416,0.00321689202,0.00288053602,3.72710565e-05,1
0.0001220703125,417,0.00322488858,0.00288785412,3.73739094e-05,1
0.0001220703125,418,0.00323289959,0.00289518596,3.7476897e-05,1
0.0001220703125,419,0.00324090105,0.00290250638,3.75800955e-05,1
0.0001220703125,420,0.00324889389,0.00290982309,3.7683305e-05,1
0.0001220703125,421,0.00325690443,0.00291715469,3.77865435e-05,1
0.0001220703125,422,0.00326491916,0.00292449235,3.78899604e-05,1
0.0001220703125,423,0.00327292853,0.00293182326,3.7993319e-05,1
0.0001220703125,424,0.00328092696,0.00293914136,3.80966048e-05,1
0.0001220703125,425,0.00328894472,0.00294648251,3.8200069e-05,1
0.0001220703125,426,0.00329696387,0.00295382435,3.83038423e-05,1
0.0001220703125,427,0.00330498395,0.00296116713,3.84074228e-05,1
0.0001220703125,428,0.00331298239,0.00296849175,3.85110106e-05,1
0.0001220703125,429,0.00332100061,0.00297583034,3.86150823e-05,1
0.0001220703125,430,0.00332902744,0.00298317987,3.87188193e-05,1
0.0001220703125,431,0.00333707593,0.0029905478,3.88226035e-05,1
0.0001220703125,432,0.00334508298,0.00299788034,3.89264897e-05,1
0.0001220703125,433,0.00335309468,0.00300521962,3.90307359e-05,1
0.0001220703125,434,0.00336112943,0.00301257544,3.91347712e-05,1
0.0001220703125,435,0.00336917187,0.00301993778,3.92389629e-05,1
0.0001220703125,436,0.00337720546,0.0030272943,3.93435475e-05,1
0.0001220703125,437,0.00338522531,0.00303463894,3.94475646e-05,1
0.0001220703125,438,0.00339327147,0.00304200826,3.9552091e-05,1
0.0001220703125,439,0.00340131531,0.00304937712,3.96565447e-05,1
0.0001220703125,440,0.00340936333,0.00305674784,3.97610456e-05,1
0.0001220703125,441,0.00341738644,0.00306409458,3.98656375e-05,1
0.0001220703125,442,0.00342542608,0.00307145948,3.99700584e-05,1
0.0001220703125,443,0.00343347248,0.00307882647,4.0074945e-05,1
0.0001220703125,444,0.00344153307,0.00308621209,4.01798497e-05,1
0.0001220703125,445,0.00344957039,0.00309357978,4.02845581e-05,1
0.0001220703125,446,0.00345761515,0.00310094608,4.03892882e-05,1
0.0001220703125,447,0.00346567202,0.00310832518,4.04946077e-05,1
0.0001220703125,448,0.00347373448,0.0031157136,4.05996361e-05,1
0.0001220703125,449,0.00348180253,0.00312310387,4.07049374e-05,1
0.0001220703125,450,0.00348984264,0.0031304704,4.08102242e-05,1
0.0001220703125,451,0.00349789835,0.00313785439,4.09154127e-05,1
0.0001220703125,452,0.0035059629,0.00314524351,4.10206994e-05,1
0.0001220703125,453,0.00351403444,0.00315263937,4.11262881e-05,1
0.0001220703125,454,0.00352209737,0.00316002686,4.12318441e-05,1
0.0001220703125,455,0.00353016262,0.0031674162,4.13373855e-05,1
0.0001220703125,456,0.0035382302,0.00317480951,4.14429123e-05,1
0.0001220703125,457,0.00354631408,0.00318222004,4.15486502e-05,1
0.0001220703125,458,0.00355439424,0.00318962778,4.16544426e-05,1
0.0001220703125,459,0.00356245087,0.00319701014,4.17602641e-05,1
0.0001220703125,460,0.00357051892,0.00320440391,4.18658819e-05,1
0.0001220703125,461,0.00357860373,0.00321181235,4.19718926e-05,1
0.0001220703125,462,0.00358669367,0.0032192287,4.20781435e-05,1
0.0001220703125,463,0.00359478034,0.0032266411,4.21842233e-05,1
0.0001220703125,464,0.00360284676,0.00323403603,4.22903031e-05,1
0.0001220703125,465,0.00361093017,0.00324144587,4.23963829e-05,1
0.0001220703125,466,0.00361902406,0.00324886711,4.25030012e-05,1
0.0001220703125,467,0.00362712564,0.00325629348,4.26093029e-05,1
0.0001220703125,468,0.00363521301,0.0032637082,4.27156556e-05,1
0.0001220703125,469,0.00364329084,0.00327111455,4.28223284e-05,1
0.0001220703125,470,0.00365138869,0.00327853765,4.29287502e-05,1
0.0001220703125,471,0.00365949376,0.00328597007,4.30354994e-05,1
0.0001220703125,472,0.00366760511,0.00329340668,4.31423796e-05,1
0.0001220703125,473,0.00367568946,0.00330082048,4.3248896e-05,1
0.0001220703125,474,0.00368378847,0.0033082508,4.33558926e-05,1
0.0001220703125,475,0.00369190052,0.00331568648,4.34629073e-05,1
0.0001220703125,476,0.00370000466,0.00332311704,4.35697802e-05,1
0.0001220703125,477,0.00370811997,0.0033305618,4.36768278e-05,1
0.0001220703125,478,0.0037162269,0.00333799631,4.37841773e-05,1
0.0001220703125,479,0.0037243308,0.0033454278,4.38912903e-05,1
0.0001220703125,480,0.00373244705,0.00335287047,4.39986507e-05,1
0.0001220703125,481,0.00374056702,0.00336032035,4.41058946e-05,1
0.0001220703125,482,0.00374868908,0.00336776953,4.42133896e-05,1
0.0001220703125,483,0.00375679508,0.00337520964,4.43209065e-05,1
0.0001220703125,484,0.00376490597,0.00338264811,4.44283578e-05,1
0.0001220703125,485,0.00377303967,0.00339011033,4.45360238e-05,1
0.0001220703125,486,0.00378117245,0.0033975679,4.46439408e-05,1
0.0001220703125,487,0.00378928729,0.00340501801,4.47513194e-05,1
0.0001220703125,488,0.00379741937,0.00341247465,4.48593637e-05,1
0.0001220703125,489,0.00380554236,0.00341992849,4.49673353e-05,1
0.0001220703125,490,0.00381368631,0.00342739956,4.50753978e-05,1
0.0001220703125,491,0.00382181816,0.00343485991,4.51833112e-05,1
0.0001220703125,492,0.00382995862,0.00344233331,4.52915083e-05,1
0.0001220703125,493,0.00383810466,0.00344980508,4.53998e-05,1
0.0001220703125,494,0.00384622533,0.00345725706,4.55079244e-05,1
0.0001220703125,495,0.00385437137,0.00346473418,4.5616267e-05,1
0.0001220703125,496,0.00386250927,0.00347220548,4.57245005e-05,1
0.0001220703125,497,0.00387065695,0.00347968168,4.58330724e-05,1
0.0001220703125,498,0.00387882162,0.00348717486,4.59418407e-05,1
0.0001220703125,499,0.00388694927,0.00349463383,4.60502597e-05,1
0.0001220703125,500,0.00389509252,0.00350210886,4.61588606e-05,1
0.0001220703125,501,0.00390324439,0.00350959133,4.62677199e-05,1
0.0001220703125,502,0.00391142163,0.00351709523,4.637659e-05,1
0.0001220703125,503,0.00391958049,0.0035245826,4.64855439e-05,1
0.0001220703125,504,0.00392771885,0.00353205507,4.65943267e-05,1
0.0001220703125,505,0.0039358777,0.003539545,4.67034261e-05,1
0.0001220703125,506,0.00394404121,0.00354703795,4.68126018e-05,1
0.0001220703125,507,0.00395221356,0.00355454115,4.69216611e-05,1
0.0001220703125,508,0.00396037847,0.00356203737,4.70309169e-05,1
0.0001220703125,509,0.00396854011,0.00356953288,4.71402091e-05,1
0.0001220703125,510,0.00397670455,0.00357702817,4.72495558e-05,1
0.0001220703125,511,0.0039848662,0.00358452299,4.73591608e-05,1
0.0001220703125,512,0.0039930488,0.0035920369,4.74685876e-05,1
0.0001220703125,513,0.00400121743,0.00359954126,4.7578138e-05,1
0.0001220703125,514,0.00400941027,0.00360706192,4.76878486e-05,1
0.0001220703125,515,0.00401757564,0.0036145614,4.77974463e-05,1
0.0001220703125,516,0.00402575452,0.00362207298,4.79073315e-05,1
0.0001220703125,517,0.00403393013,0.00362957898,4.80170602e-05,1
0.0001220703125,518,0.00404212438,0.00363710616,4.81273019e-05,1
0.0001220703125,519,0.00405031769,0.00364462892,4.82373725e-05,1
0.0001220703125,520,0.00405849656,0.00365214399,4.83471631e-05,1
0.0001220703125,521,0.00406668428,0.00365966419,4.84573975e-05,1
0.0001220703125,522,0.00407487014,0.00366718415,4.856745e-05,1
0.0001220703125,523,0.00408306951,0.00367471343,4.86778408e-05,1
0.0001220703125,524,0.00409126841,0.00368224736,4.87883844e-05,1
0.0001220703125,525,0.00409946917,0.00368978153,4.88987462e-05,1
0.0001220703125,526,0.00410767552,0.00369731849,4.90090388e-05,1
0.0001220703125,527,0.00411586324,0.00370483962,4.91198625e-05,1
0.0001220703125,528,0.00412405189,0.00371236075,4.9230377e-05,1
0.0001220703125,529,0.00413226383,0.00371991028,4.93411426e-05,1
0.0001220703125,530,0.0041404753,0.00372745353,4.94521264e-05,1
0.0001220703125,531,0.0041486891,0.0037349998,4.95629465e-05,1
0.0001220703125,532,0.0041569001,0.00374254445,4.9673672e-05,1
0.0001220703125,533,0.00416509528,0.00375007652,4.97848705e-05,1
0.0001220703125,534,0.00417330116,0.0037576193,4.98958289e-05,1
0.0001220703125,535,0.00418151775,0.00376516604,5.0006689e-05,1
0.0001220703125,536,0.00418974739,0.00377273373,5.0118284e-05,1
0.0001220703125,537,0.00419797655,0.00378029165,5.02295006e-05,1
0.0001220703125,538,0.00420620339,0.00378785469,5.03409101e-05,1
0.0001220703125,539,0.00421441346,0.00379540003,5.04523414e-05,1
0.0001220703125,540,0.00422263518,0.00380295934,5.056386e-05,1
0.0001220703125,541,0.00423085224,0.00381051307,5.0675415e-05,1
0.0001220703125,542,0.00423909724,0.00381809031,5.07869227e-05,1
0.0001220703125,543,0.00424732734,0.00382565521,5.0898816e-05,1
0.0001220703125,544,0.00425557047,0.00383323198,5.10105274e-05,1
0.0001220703125,545,0.00426378381,0.00384078478,5.11223698e-05,1
0.0001220703125,546,0.00427200412,0.00384834153,5.12340703e-05,1
0.0001220703125,547,0.00428025704,0.00385592459,5.13461964e-05,1
0.0001220703125,548,0.00428850297,0.00386350835,5.14583189e-05,1
0.0001220703125,549,0.00429674145,0.00387108186,5.15704451e-05,1
0.0001220703125,550,0.00430499017,0.00387866818,5.16826949e-05,1
0.0001220703125,551,0.00431323238,0.00388624752,5.17950175e-05,1
0.0001220703125,552,0.00432146201,0.00389381312,5.19072637e-05,1
0.0001220703125,553,0.00432971586,0.0039014041,5.20196336e-05,1
0.0001220703125,554,0.00433795899,0.0039089839,5.21321344e-05,1
0.0001220703125,555,0.0043462282,0.00391658768,5.22447699e-05,1
0.0001220703125,556,0.00435448484,0.00392418494,5.23573872e-05,1
0.0001220703125,557,0.00436274987,0.00393178361,5.24703173e-05,1
0.0001220703125,558,0.00437100325,0.00393937435,5.25830801e-05,1
0.0001220703125,559,0.00437924266,0.00394695532,5.26958247e-05,1
0.0001220703125,560,0.00438750489,0.00395455351,5.28088167e-05,1
0.0001220703125,561,0.00439577037,0.00396215776,5.29217323e-05,1
0.0001220703125,562,0.00440404424,0.00396976667,5.3034837e-05,1
0.0001220703125,563,0.00441230927,0.00397736998,5.31479091e-05,1
0.0001220703125,564,0.00442059757,0.00398499332,5.3261203e-05,1
0.0001220703125,565,0.00442885002,0.00399258314,5.33743041e-05,1
0.0001220703125,566,0.0044371197,0.00400019251,5.348782e-05,1
0.0001220703125,567,0.00444539776,0.00400780514,5.36013649e-05,1
0.0001220703125,568,0.0044536721,0.0040154187,5.3714808e-05,1
0.0001220703125,569,0.00446195016,0.00402303971,5.38281965e-05,1
0.0001220703125,570,0.00447024545,0.00403067004,5.39420616e-05,1
0.0001220703125,571,0.00447853189,0.00403829198,5.40557339e-05,1
0.0001220703125,572,0.00448679924,0.00404590322,5.41693444e-05,1
0.0001220703125,573,0.00449508522,0.00405352563,5.42831331e-05,1
0.0001220703125,574,0.00450336607,0.00406114664,5.43970673e-05,1
0.0001220703125,575,0.00451165764,0.00406877883,5.45111616e-05,1
0.0001220703125,576,0.00451995991,0.00407641614,5.46255214e-05,1
0.0001220703125,577,0.00452825194,0.00408404972,5.47396558e-05,1
0.0001220703125,578,0.00453656167,0.00409169588,5.48538519e-05,1
0.0001220703125,579,0.00454484206,0.00409931783,5.49678189e-05,1
0.0001220703125,580,0.00455313642,0.0041069556,5.50821678e-05,1
0.0001220703125,581,0.00456144335,0.00411459757,5.51967241e-05,1
0.0001220703125,582,0.0045697391,0.00412223162,5.53112077e-05,1
0.0001220703125,583,0.00457804045,0.00412987592,5.54256731e-05,1
0.0001220703125,584,0.00458635576,0.00413752813,5.55404549e-05,1
0.0001220703125,585,0.00459467154,0.00414518453,5.56554769e-05,1
0.0001220703125,586,0.00460299989,0.0041528549,5.57701569e-05,1
0.0001220703125,587,0.00461129379,0.00416048756,5.58851498e-05,1
0.0001220703125,588,0.00461958908,0.00416812673,5.59995933e-05,1
0.0001220703125,589,0.00462791137,0.00417578965,5.61149318e-05,1
0.0001220703125,590,0.00463622389,0.00418344373,5.62298883e-05,1
0.0001220703125,591,0.00464455364,0.00419111317,5.63450485e-05,1
0.0001220703125,592,0.00465286709,0.00419876957,5.64602051e-05,1
0.0001220703125,593,0.00466120057,0.00420644088,5.65755072e-05,1
0.0001220703125,594,0.00466954056,0.00421412243,5.66910676e-05,1
0.0001220703125,595,0.00467785355,0.0042217751,5.68065698e-05,1
0.0001220703125,596,0.00468618376,0.00422944687,5.6921981e-05,1
0.0001220703125,597,0.00469451118,0.00423711771,5.70377124e-05,1
0.0001220703125,598,0.00470283907,0.00424478622,5.71532619e-05,1
0.0001220703125,599,0.00471118325,0.0042524715,5.72691242e-05,1
0.0001220703125,600,0.00471952232,0.00426015351,5.73848884e-05,1
0.0001220703125,601,0.00472785672,0.00426783087,5.7500547e-05,1
0.0001220703125,602,0.0047362037,0.00427551847,5.76165294e-05,1
0.0001220703125,603,0.00474453857,0.00428319722,5.77325736e-05,1
0.0001220703125,604,0.00475288089,0.00429088017,5.78487598e-05,1
0.0001220703125,605,0.00476123206,0.0042985715,5.79650623e-05,1
0.0001220703125,606,0.004769566,0.00430625305,5.80811684e-05,1
0.0001220703125,607,0.00477791997,0.0043139481,5.81971835e-05,1
0.0001220703125,608,0.00478628231,0.004321652,5.83139117e-05,1
0.0001220703125,609,0.00479463674,0.00432935171,5.84305635e-05,1
0.0001220703125,610,0.00480299722,0.00433705188,5.85470443e-05,1
0.0001220703125,611,0.00481135771,0.00434475811,5.86635324e-05,1
0.0001220703125,612,0.00481969537,0.00435244199,5.87800823e-05,1
0.0001220703125,613,0.00482806144,0.00436014822,5.88969779e-05,1
0.0001220703125,614,0.00483642332,0.00436785258,5.90136624e-05,1
0.0001220703125,615,0.004844788,0.00437556207,5.9130547e-05,1
0.0001220703125,616,0.0048531564,0.00438327435,5.92476463e-05,1
0.0001220703125,617,0.0048615355,0.00439099362,5.93647528e-05,1
0.0001220703125,618,0.00486990344,0.00439871009,5.94818921e-05,1
0.0001220703125,619,0.00487827277,0.00440642191,5.95989259e-05,1
0.0001220703125,620,0.00488665374,0.0044141477,5.97162798e-05,1
0.0001220703125,621,0.00489502214,0.00442186138,5.98335791e-05,1
0.0001220703125,622,0.00490338448,0.00442957133,5.99509804e-05,1
0.0001220703125,623,0.00491176406,0.00443729386,6.00683161e-05,1
0.0001220703125,624,0.00492015108,0.00444502477,6.0186132e-05,1
0.0001220703125,625,0.00492853438,0.00445275474,6.03037661e-05,1
0.0001220703125,626,0.00493693538,0.00446049543,6.04216511e-05,1
0.0001220703125,627,0.00494532241,0.00446823006,6.05391797e-05,1
0.0001220703125,628,0.00495371548,0.0044759647,6.06572248e-05,1
0.0001220703125,629,0.0049621067,0.00448370399,6.07753573e-05,1
0.0001220703125,630,0.00497049419,0.0044914363,6.08930532e-05,1
0.0001220703125,631,0.00497888308,0.00449917186,6.1011051e-05,1
0.0001220703125,632,0.00498728128,0.0045069186,6.11293581e-05,1
0.0001220703125,633,0.00499567436,0.00451465463,6.12475633e-05,1
0.0001220703125,634,0.00500407675,0.00452240324,6.13657539e-05,1
0.0001220703125,635,0.00501247589,0.00453015044,6.14841556e-05,1
0.0001220703125,636,0.00502087269,0.00453789067,6.16025209e-05,1
0.0001220703125,637,0.00502929511,0.0045456579,6.17211772e-05,1
0.0001220703125,638,0.00503769377,0.00455340603,6.1839688e-05,1
0.0001220703125,639,0.00504611572,0.0045611742,6.19583807e-05,1
0.0001220703125,640,0.00505453348,0.00456893584,6.20772189e-05,1
0.0001220703125,641,0.00506294519,0.00457669562,6.21960353e-05,1
0.0001220703125,642,0.00507134991,0.00458444841,6.2314859e-05,1
0.0001220703125,643,0.00507976487,0.00459221145,6.24340537e-05,1
0.0001220703125,644,0.00508819195,0.00459998474,6.25528119e-05,1
0.0001220703125,645,0.00509660784,0.00460774777,6.26721303e-05,1
0.0001220703125,646,0.00510503165,0.00461552152,6.27912159e-05,1
0.0001220703125,647,0.00511346059,0.00462329714,6.29104616e-05,1
0.0001220703125,648,0.00512189465,0.00463107321,6.30298382e-05,1
0.0001220703125,649,0.00513032265,0.00463885162,6.31491785e-05,1
0.0001220703125,650,0.00513874926,0.00464662723,6.32686133e-05,1
0.0001220703125,651,0.00514718471,0.00465440797,6.33881646e-05,1
0.0001220703125,652,0.00515562808,0.00466220034,6.35080214e-05,1
0.0001220703125,653,0.00516405422,0.00466997875,6.36275363e-05,1
0.0001220703125,654,0.00517248409,0.00467775343,6.37474077e-05,1
0.0001220703125,655,0.00518092187,0.00468554301,6.38670899e-05,1
0.0001220703125,656,0.00518936431,0.00469332887,6.39872524e-05,1
0.0001220703125,657,0.00519780349,0.00470112171,6.41070801e-05,1
0.0001220703125,658,0.00520625012,0.00470891688,6.42273299e-05,1
0.0001220703125,659,0.0052147056,0.00471671764,6.43473468e-05,1
0.0001220703125,660,0.00522315735,0.00472452212,6.44675674e-05,1
0.0001220703125,661,0.00523160025,0.00473231589,6.45877444e-05,1
0.0001220703125,662,0.00524007436,0.00474013574,6.4708438e-05,1
0.0001220703125,663,0.00524852425,0.00474793417,6.48286223e-05,1
0.0001220703125,664,0.00525697134,0.00475573028,6.49492067e-05,1
0.0001220703125,665,0.00526543567,0.00476354593,6.50695729e-05,1
0.0001220703125,666,0.00527387857,0.0047713425,6.51902228e-05,1
0.0001220703125,667,0.0052823564,0.00477916468,6.53111128e-05,1
0.0001220703125,668,0.0052908035,0.00478696544,6.54319738e-05,1
0.0001220703125,669,0.00529926363,0.00479477504,6.55528202e-05,1
0.0001220703125,670,0.00530775636,0.00480261771,6.56741904e-05,1
0.0001220703125,671,0.00531622581,0.00481043756,6.57949568e-05,1
0.0001220703125,672,0.00532469852,0.00481826067,6.59160505e-05,1
0.0001220703125,673,0.00533318054,0.00482609216,6.60375445e-05,1
0.0001220703125,674,0.00534165883,0.00483392272,6.61586455e-05,1
0.0001220703125,675,0.00535014365,0.00484175468,6.62800667e-05,1
0.0001220703125,676,0.00535860518,0.0048495708,6.64013278e-05,1
0.0001220703125,677,0.00536709651,0.00485741626,6.65226835e-05,1
0.0001220703125,678,0.00537557481,0.0048652431,6.66442575e-05,1
0.0001220703125,679,0.00538407266,0.00487309135,6.67661443e-05,1
0.0001220703125,680,0.0053925612,0.00488092937,6.68876819e-05,1
0.0001220703125,681,0.00540103298,0.00488875806,6.7009576e-05,1
0.0001220703125,682,0.00540952291,0.00489659607,6.71314774e-05,1
0.0001220703125,683,0.00541803194,0.00490445411,6.72533715e-05,1
0.0001220703125,684,0.00542652234,0.00491230004,6.73753602e-05,1
0.0001220703125,685,0.00543501088,0.00492014131,6.74976691e-05,1
0.0001220703125,686,0.00544348964,0.00492797839,6.76195777e-05,1
0.0001220703125,687,0.00545199355,0.00493583083,6.77416538e-05,1
0.0001220703125,688,0.00546050817,0.00494369399,6.78641009e-05,1
0.0001220703125,689,0.00546901487,0.00495155295,6.79865334e-05,1
0.0001220703125,690,0.00547752017,0.00495941425,6.81089223e-05,1
0.0001220703125,691,0.00548603665,0.00496728253,6.82316822e-05,1
0.0001220703125,692,0.00549455639,0.00497515546,6.83542676e-05,1
0.0001220703125,693,0.00550306682,0.00498301955,6.84769329e-05,1
0.0001220703125,694,0.00551158236,0.00499088876,6.85998457e-05,1
0.0001220703125,695,0.00552009558,0.0049987575,6.87227512e-05,1
0.0001220703125,696,0.00552860554,0.0050066188,6.88455766e-05,1
0.0001220703125,697,0.00553711457,0.00501448149,6.89684239e-05,1
0.0001220703125,698,0.00554563291,0.00502235303,6.90913657e-05,1
0.0001220703125,699,0.00555414753,0.0050302241,6.92148606e-05,1
0.0001220703125,700,0.00556269614,0.00503812311,6.93380498e-05,1
0.0001220703125,701,0.0055712224,0.0050460035,6.94611226e-05,1
0.0001220703125,702,0.00557974586,0.00505388109,6.95846393e-05,1
0.0001220703125,703,0.00558827911,0.00506176567,6.97080031e-05,1
0.0001220703125,704,0.00559680536,0.00506965211,6.98315198e-05,1
0.0001220703125,705,0.00560533255,0.00507753296,6.99551747e-05,1
0.0001220703125,706,0.00561387837,0.0050854329,7.00787714e-05,1
0.0001220703125,707,0.00562240928,0.00509331655,7.02023535e-05,1
0.0001220703125,708,0.00563096255,0.00510122068,7.03264959e-05,1
0.0001220703125,709,0.00563949859,0.00510911923,7.04502454e-05,1
0.0001220703125,710,0.00564805977,0.00511703594,7.05744533e-05,1
0.0001220703125,711,0.00565660326,0.00512492983,7.06983265e-05,1
0.0001220703125,712,0.00566514488,0.00513282605,7.08223597e-05,1
0.0001220703125,713,0.00567369349,0.00514073577,7.09465967e-05,1
0.0001220703125,714,0.00568225235,0.00514865154,7.10710374e-05,1
0.0001220703125,715,0.00569082145,0.00515657151,7.11959219e-05,1
0.0001220703125,716,0.0056993803,0.00516448822,7.1320057e-05,1
0.0001220703125,717,0.00570792332,0.0051723863,7.14443086e-05,1
0.0001220703125,718,0.00571648451,0.00518030114,7.15688293e-05,1
0.0001220703125,719,0.0057250252,0.00518820388,7.16935101e-05,1
0.0001220703125,720,0.00573359383,0.00519612478,7.18183146e-05,1
0.0001220703125,721,0.00574215781,0.00520404894,7.19431409e-05,1
0.0001220703125,722,0.00575072411,0.00521197123,7.20679454e-05,1
0.0001220703125,723,0.00575932255,0.00521992287,7.21931574e-05,1
0.0001220703125,724,0.00576789165,0.00522785215,7.23181947e-05,1
0.0001220703125,725,0.00577646401,0.0052357791,7.24434722e-05,1
0.0001220703125,726,0.00578504568,0.00524371816,7.25684149e-05,1
0.0001220703125,727,0.00579362828,0.00525165396,7.26935104e-05,1
0.0001220703125,728,0.00580222299,0.00525960652,7.28192608e-05,1
0.0001220703125,729,0.00581079209,0.00526753394,7.29443127e-05,1
0.0001220703125,730,0.00581938215,0.00527548417,7.30700704e-05,1
0.0001220703125,731,0.00582796382,0.00528342649,7.31959371e-05,1
0.0001220703125,732,0.00583653105,0.00529134925,7.33212655e-05,1
0.0001220703125,733,0.00584510015,0.00529927807,7.34467903e-05,1
0.0001220703125,734,0.00585369812,0.0053072311,7.35726935e-05,1
0.0001220703125,735,0.00586229563,0.00531518878,7.36988441e-05,1
0.0001220703125,736,0.00587087264,0.00532312505,7.38244053e-05,1
0.0001220703125,737,0.00587947108,0.00533108599,7.39507668e-05,1
0.0001220703125,738,0.0058880602,0.0053390339,7.40767427e-05,1
0.0001220703125,739,0.00589666795,0.00534699624,7.42028787e-05,1
0.0001220703125,740,0.00590525474,0.00535494089,7.43292403e-05,1
0.0001220703125,741,0.00591386016,0.00536290836,7.44553763e-05,1
0.0001220703125,742,0.00592246791,0.00537087675,7.45817524e-05,1
0.0001220703125,743,0.00593107054,0.00537884049,7.47084196e-05,1
0.0001220703125,744,0.00593967317,0.0053868047,7.48350067e-05,1
0.0001220703125,745,0.00594830047,0.0053947852,7.49618266e-05,1
0.0001220703125,746,0.00595690776,0.00540275406,7.50884356e-05,1
0.0001220703125,747,0.00596551178,0.00541071501,7.52150299e-05,1
0.0001220703125,748,0.0059741335,0.00541869691,7.53421264e-05,1
0.0001220703125,749,0.0059827636,0.00542668905,7.54691719e-05,1
0.0001220703125,750,0.00599137833,0.00543466536,7.55961591e-05,1
0.0001220703125,751,0.00599999772,0.00544264726,7.57229936e-05,1
0.0001220703125,752,0.00600862689,0.00545063289,7.58504175e-05,1
0.0001220703125,753,0.00601724535,0.00545861525,7.59775212e-05,1
0.0001220703125,754,0.00602588477,0.00546661345,7.61048505e-05,1
0.0001220703125,755,0.00603452744,0.00547461538,7.62322816e-05,1
0.0001220703125,756,0.00604314031,0.00548259122,7.63598146e-05,1
0.0001220703125,757,0.00605176948,0.00549058523,7.64871147e-05,1
0.0001220703125,758,0.00606041308,0.00549858669,7.66147423e-05,1
0.0001220703125,759,0.00606906135,0.00550659373,7.6742901e-05,1
0.0001220703125,760,0.00607769378,0.00551458821,7.68707032e-05,1
0.0001220703125,761,0.00608634343,0.00552259712,7.69986218e-05,1
0.0001220703125,762,0.00609497074,0.00553058973,7.71267587e-05,1
0.0001220703125,763,0.00610362226,0.00553860236,7.72547282e-05,1
0.0001220703125,764,0.00611227239,0.00554661546,7.73828142e-05,1
0.0001220703125,765,0.00612091972,0.00555462483,7.75109147e-05,1
0.0001220703125,766,0.00612956611,0.00556263607,7.76389861e-05,1
0.0001220703125,767,0.00613822881,0.00557065802,7.77673922e-05,1
0.0001220703125,768,0.00614687381,0.00557866739,7.78956455e-05,1
0.0001220703125,769,0.00615553139,0.00558668608,7.80243718e-05,1
0.0001220703125,770,0.00616419781,0.00559471501,7.8153178e-05,1
0.0001220703125,771,0.00617285166,0.00560273044,7.82817078e-05,1
0.0001220703125,772,0.00618153438,0.00561077427,7.84105578e-05,1
0.0001220703125,773,0.00619017845,0.00561878737,7.85392913e-05,1
0.0001220703125,774,0.00619884348,0.00562681491,7.86679229e-05,1
0.0001220703125,775,0.00620753784,0.00563487457,7.87970639e-05,1
0.0001220703125,776,0.00621619774,0.00564289326,7.89262995e-05,1
0.0001220703125,777,0.00622486835,0.00565092685,7.90552585e-05,1
0.0001220703125,778,0.00623354455,0.00565896556,7.91845378e-05,1
0.0001220703125,779,0.00624221191,0.00566700194,7.93139261e-05,1
0.0001220703125,780,0.00625088764,0.00567504112,7.94429143e-05,1
0.0001220703125,781,0.00625957595,0.0056830938,7.95723972e-05,1
0.0001220703125,782,0.0062682773,0.00569115765,7.97023822e-05,1
0.0001220703125,783,0.0062769209,0.00569917215,7.98315159e-05,1
0.0001220703125,784,0.00628562644,0.00570723508,7.99614063e-05,1
0.0001220703125,785,0.00629431941,0.00571529195,8.00912458e-05,1
0.0001220703125,786,0.00630300632,0.00572334509,8.02207287e-05,1
0.0001220703125,787,0.00631170068,0.00573140569,8.03507646e-05,1
0.0001220703125,788,0.00632040249,0.00573946768,8.04810697e-05,1
0.0001220703125,789,0.00632908382,0.00574751757,8.06110256e-05,1
0.0001220703125,790,0.00633778377,0.00575558096,8.07409742e-05,1
0.0001220703125,791,0.00634647952,0.00576364622,8.08708864e-05,1
0.0001220703125,792,0.00635518879,0.00577172125,8.10013516e-05,1
0.0001220703125,793,0.00636389339,0.00577979209,8.11321515e-05,1
0.0001220703125,794,0.00637258636,0.00578785082,8.1262493e-05,1
0.0001220703125,795,0.00638128817,0.0057959212,8.13925144e-05,1
0.0001220703125,796,0.00639002537,0.00580401812,8.1523569e-05,1
0.0001220703125,797,0.00639873324,0.00581209408,8.16544052e-05,1
0.0001220703125,798,0.006407429,0.00582015608,8.17850159e-05,1
0.0001220703125,799,0.00641616061,0.0058282516,8.19157576e-05,1
0.0001220703125,800,0.00642486848,0.00583632477,8.20468631e-05,1
0.0001220703125,801,0.00643359497,0.00584442075,8.21779322e-05,1
0.0001220703125,802,0.00644231727,0.00585250976,8.23089722e-05,1
0.0001220703125,803,0.00645102514,0.00586058851,8.24397939e-05,1
0.0001220703125,804,0.00645975536,0.00586868357,8.25711832e-05,1
0.0001220703125,805,0.00646846928,0.00587676559,8.27022959e-05,1
0.0001220703125,806,0.00647721486,0.00588488067,8.28337652e-05,1
0.0001220703125,807,0.00648594042,0.00589297246,8.29655401e-05,1
0.0001220703125,808,0.00649466133,0.00590105867,8.3097053e-05,1
0.0001220703125,809,0.00650340831,0.00590917375,8.32282531e-05,1
0.0001220703125,810,0.00651215808,0.00591729162,8.33602971e-05,1
0.0001220703125,811,0.00652089622,0.00592539366,8.34922757e-05,1
0.0001220703125,812,0.00652963063,0.00593349943,8.36241161e-05,1
0.0001220703125,813,0.00653837528,0.00594161265,8.37559273e-05,1
0.0001220703125,814,0.00654713158,0.00594973564,8.38880078e-05,1
0.0001220703125,815,0.00655586459,0.00595783675,8.40201174e-05,1
0.0001220703125,816,0.00656463346,0.00596597325,8.41523433e-05,1
0.0001220703125,817,0.00657336367,0.00597407715,8.42846785e-05,1
0.0001220703125,818,0.00658212323,0.00598220527,8.44170427e-05,1
0.0001220703125,819,0.00659089582,0.00599034457,8.45493414e-05,1
0.0001220703125,820,0.00659966143,0.00599847687,8.46821131e-05,1
0.0001220703125,821,0.00660841959,0.00600660592,8.48146592e-05,1
0.0001220703125,822,0.00661717169,0.00601473171,8.49469288e-05,1
0.0001220703125,823,0.0066259359,0.00602286169,8.50799624e-05,1
0.0001220703125,824,0.00663469546,0.00603099214,8.52127559e-05,1
0.0001220703125,825,0.00664346013,0.00603912771,8.53453312e-05,1
0.0001220703125,826,0.00665222574,0.00604726374,8.54786413e-05,1
0.0001220703125,827,0.00666098064,0.00605539139,8.56113329e-05,1
0.0001220703125,828,0.00666975975,0.0060635386,8.57448249e-05,1
0.0001220703125,829,0.00667854631,0.00607169513,8.58781132e-05,1
0.0001220703125,830,0.00668731891,0.00607983442,8.60111395e-05,1
0.0001220703125,831,0.0066960738,0.00608796254,8.61447334e-05,1
0.0001220703125,832,0.00670486316,0.0060961186,8.62780798e-05,1
0.0001220703125,833,0.00671362504,0.00610425556,8.64115646e-05,1
0.0001220703125,834,0.00672242884,0.00611242559,8.65454931e-05,1
0.0001220703125,835,0.00673119351,0.00612056907,8.66785704e-05,1
0.0001220703125,836,0.00673997076,0.00612871675,8.68126226e-05,1
0.0001220703125,837,0.00674878107,0.00613689888,8.69465875e-05,1
0.0001220703125,838,0.00675757602,0.00614506286,8.7080567e-05,1
0.0001220703125,839,0.0067663528,0.00615321193,8.72146557e-05,1
0.0001220703125,840,0.00677515334,0.00616138708,8.73482713e-05,1
0.0001220703125,841,0.00678393338,0.00616953801,8.74825564e-05,1
0.0001220703125,842,0.00679273345,0.00617771177,8.7617067e-05,1
0.0001220703125,843,0.00680155167,0.00618589669,8.77515122e-05,1
0.0001220703125,844,0.00681031682,0.00619403785,8.78854626e-05,1
0.0001220703125,845,0.00681913644,0.00620222744,8.80200314e-05,1
0.0001220703125,846,0.00682794163,0.00621041143,8.81546221e-05,1
0.0001220703125,847,0.00683673611,0.0062185796,8.82893364e-05,1
0.0001220703125,848,0.00684554968,0.00622676499,8.8424189e-05,1
0.0001220703125,849,0.00685436791,0.00623495504,8.85587579e-05,1
0.0001220703125,850,0.00686316984,0.00624313299,8.86937851e-05,1
0.0001220703125,851,0.00687199505,0.00625132769,8.88284558e-05,1
0.0001220703125,852,0.00688078161,0.00625949493,8.89639559e-05,1
0.0001220703125,853,0.00688962359,0.00626770454,8.90987139e-05,1
0.0001220703125,854,0.00689844461,0.0062759025,8.92339667e-05,1
0.0001220703125,855,0.00690727402,0.00628410187,8.93692195e-05,1
0.0001220703125,856,0.00691610016,0.00629230309,8.95048361e-05,1
0.0001220703125,857,0.00692492537,0.00630050292,8.96403726e-05,1
0.0001220703125,858,0.00693376409,0.00630871393,8.97756836e-05,1
0.0001220703125,859,0.00694259536,0.00631692121,8.99113948e-05,1
0.0001220703125,860,0.00695143873,0.0063251378,9.00472223e-05,1
0.0001220703125,861,0.00696027232,0.00633334834,9.01830354e-05,1
0.0001220703125,862,0.00696911151,0.00634155935,9.03187174e-05,1
0.0001220703125,863,0.0069779614,0.00634978432,9.04549161e-05,1
0.0001220703125,864,0.00698681315,0.00635800883,9.05905836e-05,1
0.0001220703125,865,0.00699566212,0.00636623427,9.07267822e-05,1
0.0001220703125,866,0.00700450689,0.00637445226,9.08630973e-05,1
0.0001220703125,867,0.00701335957,0.00638268143,9.09995142e-05,1
0.0001220703125,868,0.00702218199,0.00639088079,9.113548e-05,1
0.0001220703125,869,0.0070310384,0.00639911182,9.12721662e-05,1
0.0001220703125,870,0.00703988178,0.00640733633,9.14084667e-05,1
0.0001220703125,871,0.00704874191,0.00641556922,9.15450291e-05,1
0.0001220703125,872,0.00705758203,0.00642378582,9.16817953e-05,1
0.0001220703125,873,0.00706644077,0.0064320215,9.18181395e-05,1
0.0001220703125,874,0.00707530137,0.00644025858,9.1955284e-05,1
0.0001220703125,875,0.00708415359,0.00644848822,9.20918683e-05,1
0.0001220703125,876,0.0070930291,0.00645673741,9.22291001e-05,1
0.0001220703125,877,0.0071018911,0.00646497775,9.23660627e-05,1
0.0001220703125,878,0.00711078197,0.00647324277,9.25034401e-05,1
0.0001220703125,879,0.00711962814,0.00648146868,9.26401844e-05,1
0.0001220703125,880,0.00712849293,0.00648971088,9.27777655e-05,1
0.0001220703125,881,0.00713736098,0.00649795542,9.29149246e-05,1
0.0001220703125,882,0.00714625185,0.0065062209,9.30526221e-05,1
0.0001220703125,883,0.00715513295,0.00651447987,9.31903633e-05,1
0.0001220703125,884,0.00716398936,0.00652271742,9.33273695e-05,1
0.0001220703125,885,0.00717289466,0.00653099641,9.34655982e-05,1
0.0001220703125,886,0.00718176644,0.00653924793,9.36028882e-05,1
0.0001220703125,887,0.0071906615,0.0065475218,9.37413715e-05,1
0.0001220703125,888,0.00719954632,0.00655578636,9.38793746e-05,1
0.0001220703125,889,0.00720843999,0.00656405836,9.40171085e-05,1
0.0001220703125,890,0.00721735042,0.00657234108,9.41553953e-05,1
0.0001220703125,891,0.00722622499,0.00658059958,9.42933184e-05,1
0.0001220703125,892,0.00723514147,0.00658889068,9.44319472e-05,1
0.0001220703125,893,0.00724406354,0.00659719435,9.45705178e-05,1
0.0001220703125,894,0.00725295674,0.0066054631,9.47086737e-05,1
0.0001220703125,895,0.00726183923,0.00661372766,9.48473316e-05,1
0.0001220703125,896,0.00727073383,0.00662200386,9.49852983e-05,1
0.0001220703125,897,0.00727964705,0.00663029635,9.51245893e-05,1
0.0001220703125,898,0.00728854444,0.00663857302,9.5263058e-05,1
0.0001220703125,899,0.00729744695,0.0066468562,9.54020361e-05,1
0.0001220703125,900,0.00730635924,0.00665515009,9.55410069e-05,1
0.0001220703125,901,0.00731528318,0.0066634519,9.56798176e-05,1
0.0001220703125,902,0.00732419221,0.0066717416,9.58191376e-05,1
0.0001220703125,903,0.00733310124,0.00668003224,9.59582831e-05,1
0.0001220703125,904,0.00734201213,0.0066883238,9.60972684e-05,1
0.0001220703125,905,0.00735093607,0.00669662608,9.62367267e-05,1
0.0001220703125,906,0.00735986279,0.00670493487,9.63762432e-05,1
0.0001220703125,907,0.00736877182,0.00671322457,9.6515425e-05,1
0.0001220703125,908,0.00737769855,0.00672153058,9.66553634e-05,1
0.0001220703125,909,0.00738663599,0.00672985101,9.67945889e-05,1
0.0001220703125,910,0.00739555014,0.0067381477,9.69342582e-05,1
0.0001220703125,911,0.00740450155,0.00674647465,9.70743858e-05,1
0.0001220703125,912,0.007413432,0.00675479043,9.72141643e-05,1
0.0001220703125,913,0.00742236758,0.00676310854,9.73543356e-05,1
0.0001220703125,914,0.007431312,0.00677144062,9.74944342e-05,1
0.0001220703125,915,0.00744028622,0.00677979039,9.76346928e-05,1
0.0001220703125,916,0.00744924089,0.00678812247,9.7774966e-05,1
0.0001220703125,917,0.00745816808,0.00679643545,9.7915472e-05,1
0.0001220703125,918,0.00746711437,0.00680476427,9.80556288e-05,1
0.0001220703125,919,0.00747603551,0.0068130712,9.81957637e-05,1
0.0001220703125,920,0.00748501159,0.00682142749,9.83368664e-05,1
0.0001220703125,921,0.00749391969,0.00682971859,9.84769285e-05,1
0.0001220703125,922,0.00750289299,0.00683807442,9.86178638e-05,1
0.0001220703125,923,0.00751186302,0.00684642559,9.87586827e-05,1
0.0001220703125,924,0.00752080558,0.00685475208,9.8899669e-05,1
0.0001220703125,925,0.00752974395,0.0068630781,9.90403423e-05,1
0.0001220703125,926,0.0075387205,0.00687143533,9.91814668e-05,1
0.0001220703125,927,0.00754768169,0.00687977858,9.93226568e-05,1
0.0001220703125,928,0.00755664008,0.00688812556,9.94637085e-05,1
0.0001220703125,929,0.00756559195,0.00689646183,9.96050003e-05,1
0.0001220703125,930,0.00757460482,0.0069048591,9.97468669e-05,1
0.0001220703125,931,0.00758355996,0.0069131963,9.98879987e-05,1
0.0001220703125,932,0.00759254303,0.0069215605,0.000100029676,1
0.0001220703125,933,0.00760152284,0.00692992518,0.000100171332,1
0.0001220703125,934,0.00761050778,0.00693829078,0.000100313351,1
0.0001220703125,935,0.00761951553,0.0069466806,0.000100454949,1
0.0001220703125,936,0.00762848882,0.00695504155,0.000100596786,1
0.0001220703125,937,0.00763746072,0.00696340157,0.000100738689,1
0.0001220703125,938,0.00764642842,0.00697176158,0.000100880796,1
0.0001220703125,939,0.00765541289,0.00698012765,0.000101022488,1
0.0001220703125,940,0.00766442111,0.00698851887,0.00010116514,1
0.0001220703125,941,0.00767339673,0.00699688029,0.000101307225,1
0.0001220703125,942,0.00768239144,0.00700525846,0.000101449616,1
0.0001220703125,943,0.00769138569,0.0070136413,0.000101592195,1
0.0001220703125,944,0.00770039717,0.00702203624,0.000101734542,1
0.0001220703125,945,0.00770937698,0.00703040557,0.000101877697,1
0.0001220703125,946,0.00771836983,0.00703878561,0.000102020043,1
0.0001220703125,947,0.00772737758,0.00704717543,0.000102162354,1
0.0001220703125,948,0.00773638813,0.00705556991,0.00010230569,1
0.0001220703125,949,0.00774538564,0.00706395647,0.000102448932,1
0.0001220703125,950,0.00775440037,0.00707235932,0.00010259149,1
0.0001220703125,951,0.00776341418,0.00708076125,0.000102734288,1
0.0001220703125,952,0.00777246989,0.00708920043,0.00010287849,1
0.0001220703125,953,0.00778147206,0.00709759025,0.000103021426,1
0.0001220703125,954,0.00779048027,0.00710599078,0.000103165134,1
0.0001220703125,955,0.00779950526,0.0071143969,0.000103308012,1
0.0001220703125,956,0.00780850369,0.00712278625,0.000103451654,1
0.0001220703125,957,0.00781752821,0.00713120075,0.000103595223,1
0.0001220703125,958,0.00782656204,0.00713961758,0.000103739396,1
0.0001220703125,959,0.0078355819,0.00714802882,0.000103882827,1
0.0001220703125,960,0.00784459338,0.00715642795,0.000104026825,1
0.0001220703125,961,0.00785363279,0.00716485735,0.000104170584,1
0.0001220703125,962,0.00786266662,0.00717327883,0.000104314779,1
0.0001220703125,963,0.00787171535,0.00718171475,0.000104458843,1
0.0001220703125,964,0.0078807408,0.00719012506,0.000104602826,1
0.0001220703125,965,0.00788978487,0.00719856098,0.000104747262,1
0.0001220703125,966,0.00789881684,0.00720698433,0.000104891529,1
0.0001220703125,967,0.00790789444,0.00721544446,0.000105036685,1
0.0001220703125,968,0.00791694503,0.00722389249,0.000105180683,1
0.0001220703125,969,0.00792598631,0.00723232049,0.000105325438,1
0.0001220703125,970,0.007935022,0.00724074524,0.000105470011,1
0.0001220703125,971,0.00794407725,0.00724918582,0.000105614956,1
0.0001220703125,972,0.00795311481,0.00725761289,0.000105759711,1
0.0001220703125,973,0.00796214864,0.00726604089,0.000105904524,1
0.0001220703125,974,0.00797121227,0.00727449358,0.000106049949,1
0.0001220703125,975,0.00798027311,0.00728295231,0.000106194893,1
0.0001220703125,976,0.00798933581,0.00729140034,0.000106340114,1
0.0001220703125,977,0.00799837988,0.00729983812,0.000106485517,1
0.0001220703125,978,0.00800746121,0.00730830198,0.000106630898,1
0.0001220703125,979,0.00801652763,0.00731676444,0.000106776497,1
0.0001220703125,980,0.00802557264,0.00732519757,0.00010692147,1
0.0001220703125,981,0.00803468376,0.00733369775,0.000107067215,1
0.0001220703125,982,0.00804377068,0.00734217791,0.000107213178,1
0.0001220703125,983,0.00805284362,0.00735064456,0.00010735869,1
0.0001220703125,984,0.0080619026,0.00735909631,0.000107504835,1
0.0001220703125,985,0.00807098486,0.00736756762,0.000107650609,1
0.0001220703125,986,0.00808004849,0.00737602869,0.000107796477,1
0.0001220703125,987,0.00808912236,0.00738449255,0.000107942695,1
0.0001220703125,988,0.0080982279,0.00739299087,0.000108089233,1
0.0001220703125,989,0.0081072934,0.00740144635,0.000108235021,1
0.0001220703125,990,0.00811637845,0.00740991998,0.000108381304,1
0.0001220703125,991,0.00812547281,0.00741840899,0.000108527784,1
0.0001220703125,992,0.00813456438,0.00742689567,0.000108675151,1
0.0001220703125,993,0.00814366713,0.00743538793,0.000108821492,1
0.0001220703125,994,0.00815274939,0.00744387042,0.000108968277,1
0.0001220703125,995,0.00816187728,0.00745238597,0.000109115543,1
0.0001220703125,996,0.00817099586,0.00746089453,0.000109262277,1
0.0001220703125,997,0.0081801042,0.00746939797,0.000109409077,1
0.0001220703125,998,0.00818919763,0.00747788372,0.000109556277,1
0.0001220703125,999,0.00819828548,0.00748637039,0.000109702742,1
0.0001220703125,1000,0.0082073668,0.00749484682,0.000109849956,1
0.0001220703125,1001,0.00821648538,0.00750335585,0.000109997585,1
0.0001220703125,1002,0.00822561514,0.00751187466,0.000110145229,1
0.0001220703125,1003,0.00823471323,0.00752037112,0.000110292691,1
0.0001220703125,1004,0.00824382808,0.00752888201,0.000110440313,1
0.0001220703125,1005,0.008252942,0.00753738917,0.000110587491,1
0.0001220703125,1006,0.00826205593,0.00754590146,0.00011073528,1
0.0001220703125,1007,0.00827118661,0.00755442772,0.000110883157,1
0.0001220703125,1008,0.0082803322,0.00756296329,0.000111031346,1
0.0001220703125,1009,0.00828948431,0.00757150445,0.000111179899,1
0.0001220703125,1010,0.00829857867,0.00758000556,0.000111327252,1
0.0001220703125,1011,0.00830770563,0.0075885267,0.000111475223,1
0.0001220703125,1012,0.00831683166,0.00759704411,0.000111623529,1
0.0001220703125,1013,0.00832595862,0.00760557037,0.000111771784,1
0.0001220703125,1014,0.00833508093,0.00761408173,0.000111920235,1
0.0001220703125,1015,0.00834424049,0.00762263825,0.000112069087,1
0.0001220703125,1016,0.00835338235,0.00763118034,0.000112217778,1
0.0001220703125,1017,0.00836250093,0.00763969403,0.000112365626,1
0.0001220703125,1018,0.00837165676,0.00764825055,0.000112514972,1
0.0001220703125,1019,0.00838079397,0.007656781,0.000112663751,1
0.0001220703125,1020,0.00838994421,0.00766533101,0.000112812493,1
0.0001220703125,1021,0.00839914475,0.00767392199,0.000112961949,1
0.0001220703125,1022,0.0084082894,0.00768246083,0.000113110691,1
0.0001220703125,1023,0.00841742009,0.00769099128,0.000113260372,1
