tol,traj,s1,s2,s3,naccept,nreject,converged
0.01,0,6.2562176e-05,0,0,6,0,1
0.01,1,6.9738715e-05,6.50942366e-06,-5.86757452e-08,6,0,1
0.01,2,7.06473365e-05,1.29403797e-05,-5.36587379e-08,6,0,1
0.01,3,8.40969151e-05,1.95358443e-05,-1.76080349e-07,6,0,1
0.01,4,8.49389471e-05,2.58890104e-05,-1.07227294e-07,6,0,1
0.01,5,9.20933671e-05,3.23685053e-05,-1.34201343e-07,6,0,1
0.01,6,9.92412679e-05,3.88432309e-05,-1.60397576e-07,6,0,1
0.01,7,0.000114443406,4.18992786e-05,-2.15397586e-06,6,3,1
0.01,8,0.000125827966,5.35976033e-05,-6.05311982e-07,6,3,1
0.01,9,0.000131877605,5.88486146e-05,-7.45669865e-07,6,0,1
0.01,10,0.000134394388,6.51777591e-05,-5.84778434e-07,6,0,1
0.01,11,0.000135018607,7.12586043e-05,-2.9220439e-07,6,0,1
0.01,12,0.000142184552,7.7751858e-05,-3.18933417e-07,6,0,1
0.01,13,0.000149344676,8.42430163e-05,-3.4520923e-07,6,0,1
0.01,14,0.000172530956,9.13131371e-05,1.0662917e-06,6,3,1
0.01,15,0.000163684366,9.72396083e-05,-3.98520569e-07,6,0,1
0.01,16,0.000179333729,0.000103952872,1.58084163e-07,5,2,1
0.01,17,0.000178007758,0.000110220717,-4.49094159e-07,6,0,1
0.01,18,0.000201589719,0.000117469193,1.37286327e-06,6,3,1
0.01,19,0.000199182658,0.000123985476,-1.1060514e-06,6,0,1
0.01,20,0.00021613155,0.00013056121,1.5265656e-06,6,3,1
0.01,21,0.000213610823,0.000137079085,-1.22200368e-06,6,0,1
0.01,22,0.000222821371,0.000143065961,2.14553666e-07,5,2,1
0.01,23,0.000221087714,0.000149274478,-6.07114202e-07,6,0,1
0.01,24,0.000228254241,0.00015576632,-6.30565296e-07,6,0,1
0.01,25,0.000235402491,0.000162243465,-6.52158747e-07,6,0,1
0.01,26,0.00024969154,0.000169843377,-1.51064864e-06,6,0,1
0.01,27,0.000256911386,0.000176401372,-1.56808392e-06,6,0,1
0.01,28,0.000256992411,0.00018182327,-7.32106059e-07,6,0,1
0.01,29,0.000271356897,0.000189517479,-1.68265956e-06,6,0,1
0.01,30,0.000285945076,0.000197078785,-2.87759917e-06,7,0,1
0.01,31,0.000285777496,0.000202615556,-1.79418248e-06,6,0,1
0.01,32,0.000293009682,0.000209190111,-1.85229874e-06,6,0,1
0.01,33,0.000300248386,0.000215765263,-1.9101542e-06,6,0,1
0.01,34,0.000309959985,0.000221454306,3.53833684e-07,5,2,1
0.01,35,0.000307342154,0.000227484154,-9.06800324e-07,6,0,1
0.01,36,0.000324512133,0.000234546867,3.70798034e-07,5,2,1
0.01,37,0.000331826508,0.000241122907,3.11683607e-07,5,2,1
0.01,38,0.000336409197,0.00024860652,-2.19265985e-06,6,0,1
0.01,39,0.000344672706,0.000253291451,-2.06849654e-06,5,2,1
0.01,40,0.000353523297,0.000260660221,6.30619752e-07,5,2,1
0.01,41,0.000366615131,0.000267236202,1.19481479e-06,5,2,1
0.01,42,0.000365394633,0.000274943159,-2.4204387e-06,6,0,1
0.01,43,0.0003726586,0.000281544693,-2.47899629e-06,6,0,1
0.01,44,0.000379903009,0.000288127514,-2.53485177e-06,6,0,1
0.01,45,0.000387148815,0.000294711645,-2.59100898e-06,6,0,1
0.01,46,0.000397243537,0.000297506689,1.08127301e-06,6,0,1
0.01,47,0.000401687808,0.000307926501,-2.70701116e-06,6,0,1
0.01,48,0.000408914872,0.000314494682,-2.76066726e-06,6,0,1
0.01,49,0.000421204662,0.000320161169,-3.48648678e-06,6,2,1
0.01,50,0.000423438498,0.000327687943,-2.87288185e-06,6,0,1
0.01,51,0.00043069059,0.000334282988,-2.92845743e-06,6,0,1
0.01,52,0.000437954674,0.000340890547,-2.98510804e-06,6,0,1
0.01,53,0.000447793398,0.000343103457,1.25985662e-06,6,0,1
0.01,54,0.000450043939,0.000349280192,1.27795488e-06,6,0,1
0.01,55,0.000451739994,0.00035850011,-1.39905296e-06,6,0,1
0.01,56,0.000458974042,0.000365066575,-1.42273211e-06,6,0,1
0.01,57,0.000471697189,0.000368820853,1.3588151e-06,6,0,1
0.01,58,0.000486717327,0.000379361329,-4.05543415e-06,6,2,1
0.01,59,0.000496292021,0.000385271531,-4.61055424e-06,5,2,1
0.01,60,0.000503577059,0.000391855952,-4.67587552e-06,5,2,1
0.01,61,0.000495143468,0.000397895405,-1.53676092e-06,6,0,1
0.01,62,0.000518127345,0.000404974038,-5.27727298e-06,5,2,1
0.01,63,0.00052537513,0.000411551038,-4.94390861e-06,5,2,1
0.01,64,0.000530495541,0.000418916257,-4.76892637e-06,6,2,1
0.01,65,0.000535316998,0.000428610685,-1.66410177e-06,6,3,1
0.01,66,0.000531406724,0.000430819578,-1.65504298e-06,6,0,1
0.01,67,0.000544052804,0.000434130838,1.61683465e-06,6,0,1
0.01,68,0.000545921619,0.000444001489,-1.70189287e-06,6,0,1
0.01,69,0.000564647373,0.000455232774,-1.74244644e-06,6,3,1
0.01,70,0.000560437678,0.000457181712,-1.74763636e-06,6,0,1
0.01,71,0.000567661948,0.000463739096,-1.76639196e-06,6,0,1
0.01,72,0.000580302905,0.000466859376,1.74677052e-06,6,0,1
0.01,73,0.000582245411,0.000476990652,-1.81849646e-06,6,0,1
0.01,74,0.000589494593,0.000483570271,-1.83891825e-06,6,0,1
0.01,75,0.000613146694,0.000490879407,-5.73854595e-06,5,2,1
0.01,76,0.000609318959,0.00049306266,1.85513136e-06,6,0,1
0.01,77,0.00061656395,0.000499607646,1.88460353e-06,6,0,1
0.01,78,0.00062386482,0.000506200944,1.90202263e-06,6,0,1
0.01,79,0.000631079776,0.000512717525,1.94095082e-06,6,0,1
0.01,80,0.000633223099,0.000523302937,-1.98508269e-06,6,0,1
0.01,81,0.000648752088,0.000528823235,-4.13798443e-06,5,1,1
0.01,82,0.000662335893,0.000538141758,-5.83826295e-06,6,2,1
0.01,83,0.000660184538,0.00053900748,2.04095068e-06,6,0,1
0.01,84,0.000675127434,0.000546499854,2.09631457e-06,7,0,1
0.01,85,0.000669594505,0.00055634696,-2.09221344e-06,6,0,1
0.01,86,0.000676903292,0.000562990783,-2.11690713e-06,6,0,1
0.01,87,0.000689253444,0.000565269554,2.15750606e-06,6,0,1
0.01,88,0.000696558971,0.000571870012,2.17852539e-06,6,0,1
0.01,89,0.00069580297,0.00057693664,2.14812485e-06,6,0,1
0.01,90,0.000723144505,0.000590330921,-6.90362504e-06,5,2,1
0.01,91,0.000723755453,0.000592247467,2.25808117e-06,6,0,1
0.01,92,0.000737850089,0.000603647262,-6.77446951e-06,5,2,1
0.01,93,0.00073301536,0.000604813511,2.30759451e-06,6,0,1
0.01,94,0.000743718818,0.000614716089,-4.13981479e-06,5,1,1
0.01,95,0.000756300637,0.000624955399,-5.99543819e-06,6,2,1
0.01,96,0.000746691134,0.000622934662,2.33386936e-06,6,0,1
0.01,97,0.000771034276,0.000642380037,-2.26147563e-06,6,3,1
0.01,98,0.000761179253,0.000636033365,2.40246754e-06,6,0,1
0.01,99,0.000776763307,0.000644353335,2.47904427e-06,6,0,1
0.01,100,0.000784023199,0.000650914502,2.51776191e-06,6,0,1
0.01,101,0.000800653186,0.000669246016,-2.32921229e-06,6,3,1
0.01,102,0.000798641006,0.000664127467,2.57195188e-06,6,0,1
0.01,103,0.000815520238,0.000682704325,-2.36657661e-06,6,3,1
0.01,104,0.000804950134,0.000675611547,2.5496397e-06,6,0,1
0.01,105,0.000812218757,0.000682184997,2.58165164e-06,6,0,1
0.01,106,0.00084045995,0.000696705538,-8.2343613e-06,5,1,1
0.01,107,0.000839207787,0.000701048237,-5.58436841e-06,5,1,1
0.01,108,0.000846530311,0.000707688159,-5.34575474e-06,5,1,1
0.01,109,0.000849822769,0.000710405293,2.76775518e-06,6,0,1
0.01,110,0.000857140636,0.000717023388,2.79607593e-06,6,0,1
0.01,111,0.000864476431,0.000723656267,2.82099472e-06,6,0,1
0.01,112,0.000871806638,0.000730286469,2.84728048e-06,6,0,1
0.01,113,0.000883369474,0.000741022232,-5.62673813e-06,5,1,1
0.01,114,0.000898055732,0.000751501182,-8.10860001e-06,6,2,1
0.01,115,0.000885171001,0.000748172752,2.86678778e-06,6,0,1
0.01,116,0.000905473018,0.000761056668,-5.17387252e-06,5,1,1
0.01,117,0.000920238323,0.000771597086,-8.10955498e-06,6,2,1
0.01,118,0.000907090027,0.000768003985,2.95380187e-06,6,0,1
0.01,119,0.000923096668,0.000776677567,3.05195726e-06,6,0,1
0.01,120,0.000921695028,0.000781218754,3.01609816e-06,6,0,1
0.01,121,0.000942267943,0.000794317573,-6.37925859e-06,5,1,1
0.01,122,0.00093636883,0.000794496562,3.06468201e-06,6,0,1
0.01,123,0.000943661667,0.000801097252,3.09878669e-06,6,0,1
0.01,124,0.0009747445,0.000821847701,9.83771315e-06,6,3,1
0.01,125,0.000978363329,0.00082315394,5.29343424e-06,6,2,1
0.01,126,0.000965723884,0.000821064343,3.16400292e-06,6,0,1
0.01,127,0.000981812831,0.00082980108,3.29090471e-06,6,0,1
0.01,128,0.000980314566,0.000834268867,3.2378498e-06,6,0,1
0.01,129,0.000987605774,0.000840869383,3.27496082e-06,6,0,1
0.01,130,0.00101550086,0.000856764207,5.59647015e-06,6,2,1
0.01,131,0.00100229227,0.00085416378,3.32891477e-06,6,0,1
0.01,132,0.00103033858,0.000870193995,5.37957385e-06,6,2,1
0.01,133,0.00101687911,0.000867369119,3.40627685e-06,6,0,1
0.01,134,0.00103331241,0.000876409933,3.49451057e-06,6,0,1
0.01,135,0.00104062026,0.000883021043,3.54047415e-06,6,0,1
0.01,136,0.00105988351,0.000896937447,5.7427369e-06,6,2,1
0.01,137,0.00106744794,0.000903786626,5.76415823e-06,6,2,1
0.01,138,0.00106345443,0.000906456145,-5.16869659e-06,5,2,1
0.01,139,0.00107015041,0.000909757626,3.64145626e-06,6,0,1
0.01,140,0.00108264969,0.00092145853,-6.94544906e-06,5,1,1
0.01,141,0.00107568188,0.000920612365,3.63365098e-06,6,0,1
0.01,142,0.00109222415,0.000929739443,3.74472711e-06,6,0,1
0.01,143,0.00109965005,0.000936461496,3.76399839e-06,6,0,1
0.01,144,0.00111938664,0.00095081469,6.350484e-06,6,2,1
0.01,145,0.00111965626,0.000955023395,-6.42528539e-06,5,1,1
0.01,146,0.00111251057,0.000953968032,3.77157767e-06,6,0,1
0.01,147,0.00112918881,0.000963209255,3.8820699e-06,6,0,1
0.01,148,0.00113649829,0.000969830318,3.93032406e-06,6,0,1
0.01,149,0.00114390929,0.000976540847,3.95583629e-06,6,0,1
0.01,150,0.00115131075,0.000983244274,3.98315751e-06,6,0,1
0.01,151,0.00115867937,0.000989918946,4.01858688e-06,6,0,1
0.01,152,0.00117896684,0.0010047782,6.40173494e-06,6,2,1
0.01,153,0.00116398197,0.00100059353,4.00745375e-06,6,0,1
0.01,154,0.00119543588,0.00101689016,5.38682525e-06,5,1,1
0.01,155,0.00120136479,0.00102506857,6.6018556e-06,6,2,1
0.01,156,0.00120131043,0.00102899247,-7.64112701e-06,5,1,1
0.01,157,0.00121630623,0.00103860581,6.82458449e-06,6,2,1
0.01,158,0.0012008663,0.00103401509,4.16120747e-06,6,0,1
0.01,159,0.00120843505,0.00104087393,4.1495914e-06,6,0,1
0.01,160,0.00123850023,0.00105871551,7.45427951e-06,6,2,1
0.01,161,0.00123867183,0.00105808512,4.32532579e-06,6,0,1
0.01,162,0.00125393132,0.00107219024,6.9877583e-06,6,1,1
0.01,163,0.00124750636,0.00107038755,4.39311043e-06,6,0,1
0.01,164,0.00124520599,0.0010741998,4.34222511e-06,6,0,1
0.01,165,0.00125260861,0.00108090905,4.37178142e-06,6,0,1
0.01,166,0.00126970001,0.00109049911,4.50069092e-06,6,0,1
0.01,167,0.00129087688,0.00110618316,7.61992578e-06,6,2,1
0.01,168,0.0012998709,0.00111149484,6.22366042e-06,5,1,1
0.01,169,0.00128231256,0.00110783591,4.47033653e-06,6,0,1
0.01,170,0.00129939546,0.0011174106,4.62679509e-06,6,0,1
0.01,171,0.0013068947,0.00112421007,4.63854667e-06,6,0,1
0.01,172,0.00130450842,0.001127959,4.56890939e-06,6,0,1
0.01,173,0.00132589811,0.00114304898,-7.15502574e-06,5,2,1
0.01,174,0.00114316761,0.00104202807,0.000296378101,5,0,1
0.01,175,0.00133659691,0.00115113473,4.77103276e-06,6,0,1
0.01,176,0.00133412913,0.00115481601,4.70058058e-06,6,0,1
0.01,177,0.00136620412,0.00117394433,7.47586091e-06,6,1,1
0.01,178,0.00137464772,0.00117926428,6.92913545e-06,5,1,1
0.01,179,0.0013663047,0.0011780666,4.911828e-06,6,0,1
0.01,180,0.0013638481,0.00118176779,4.81626557e-06,6,0,1
0.01,181,0.00139712519,0.00119963894,6.67439144e-06,5,1,1
0.01,182,0.00139397779,0.00120446761,-7.45220859e-06,5,2,1
0.01,183,0.00140272873,0.00121093891,5.12164615e-06,5,1,1
0.01,184,0.001393524,0.00120868278,4.95111908e-06,6,0,1
0.01,185,0.00141096348,0.00121856271,5.11113012e-06,6,0,1
0.01,186,0.00141841895,0.00122532377,5.14353542e-06,6,0,1
0.01,187,0.00141575106,0.00122884603,5.06195738e-06,6,0,1
0.01,188,0.00144822011,0.001248852,8.01514943e-06,6,2,1
0.01,189,0.00143074046,0.0012424438,5.09987149e-06,6,0,1
0.01,190,0.00146327598,0.00126251217,9.0015983e-06,6,2,1
0.01,191,0.00146197551,0.00126048247,5.30664965e-06,6,0,1
0.01,192,0.00147866842,0.00127593172,8.6205182e-06,6,1,1
0.01,193,0.00146023254,0.00126920291,5.29108547e-06,6,0,1
0.01,194,0.001478113,0.00127946818,5.4063421e-06,6,0,1
0.01,195,0.00147528714,0.00128286425,5.31930891e-06,6,0,1
0.01,196,0.0014826894,0.00128958095,5.36323205e-06,6,0,1
0.01,197,0.00150046241,0.00129974424,5.52182701e-06,6,0,1
0.01,198,0.00150799006,0.00130657584,5.54070084e-06,6,0,1
0.01,199,0.00151549908,0.0013133887,5.56627128e-06,6,0,1
0.01,200,0.00130904745,0.00113998249,2.18549758e-05,5,0,1
0.01,201,0.00154644321,0.00133741938,8.84565361e-06,6,1,1
0.01,202,0.00154498802,0.0013401052,4.92598883e-06,5,2,1
0.01,203,0.00153485523,0.00133692566,5.60092121e-06,6,0,1
0.01,204,0.00156024471,0.00135383045,5.13434316e-06,5,1,1
0.01,205,0.00156044005,0.00135417003,5.75796548e-06,6,0,1
0.01,206,0.00156791927,0.00136095821,5.7939078e-06,6,0,1
0.01,207,0.00156497187,0.00136426627,5.67579536e-06,6,0,1
0.01,208,0.00158291124,0.00137456669,5.85718317e-06,6,0,1
0.01,209,0.00159823638,0.00138823141,6.40244889e-06,5,2,1
0.01,210,0.0016145535,0.00139923301,9.64714945e-06,6,1,1
0.01,211,0.00161328609,0.00140197063,6.18446666e-06,5,1,1
0.01,212,0.00162953034,0.00141282822,9.90361787e-06,6,1,1
0.01,213,0.00162805663,0.00141538354,6.47193701e-06,5,1,1
0.01,214,0.00164474896,0.00142664276,9.42545557e-06,6,1,1
0.01,215,0.00164303393,0.00142898178,6.50893799e-06,5,1,1
0.01,216,0.00164282368,0.0014289536,6.15433964e-06,6,0,1
0.01,217,0.00165829132,0.00144283171,6.20481387e-06,5,1,1
0.01,218,0.00167494616,0.0014540609,9.97597908e-06,6,1,1
0.01,219,0.00166531419,0.00144937518,6.26631572e-06,6,0,1
0.01,220,0.00167281716,0.00145618804,6.30400064e-06,6,0,1
0.01,221,0.00168033619,0.0014630158,6.33825584e-06,6,0,1
0.01,222,0.00168789015,0.00146987638,6.36300774e-06,6,0,1
0.01,223,0.00169541803,0.00147671113,6.39688915e-06,6,0,1
0.01,224,0.00169198436,0.00147961103,6.30348859e-06,6,0,1
0.01,225,0.00171036855,0.00149028981,6.4884789e-06,6,0,1
0.01,226,0.00171789317,0.00149712467,6.52352628e-06,6,0,1
0.01,227,0.00171441433,0.00149998663,6.4264068e-06,6,0,1
0.01,228,0.00172195421,0.0015068386,6.45216005e-06,6,0,1
0.01,229,0.00172954728,0.0015137369,6.46818626e-06,6,0,1
0.01,230,0.00174804055,0.00152450765,6.65704738e-06,6,0,1
0.01,231,0.00174458162,0.00152739859,6.53388452e-06,6,0,1
0.01,232,0.00175213604,0.00153426151,6.56031443e-06,6,0,1
0.01,233,0.00178033952,0.00154764345,6.85162195e-06,7,0,1
0.01,234,0.00177817163,0.00155188283,6.80033463e-06,6,0,1
0.01,235,0.00154358055,0.0013549407,2.35266816e-05,5,0,1
0.01,236,0.00180134946,0.00157277856,7.33782599e-06,5,1,1
0.01,237,0.00178942166,0.00156814721,6.80287485e-06,6,0,1
0.01,238,0.00181695027,0.00158694782,7.92063838e-06,5,1,1
0.01,239,0.00181597029,0.00158622721,6.96019197e-06,6,0,1
0.01,240,0.00183196738,0.00160059344,7.35237973e-06,5,1,1
0.01,241,0.00181969139,0.00159566069,6.90694287e-06,6,0,1
0.01,242,0.00182712777,0.00160241977,6.96515508e-06,6,0,1
0.01,243,0.00186457089,0.00162631611,1.06420039e-05,6,1,1
0.01,244,0.0018537275,0.00162054179,7.13971804e-06,6,0,1
0.01,245,0.00186123536,0.00162736583,7.18859883e-06,6,0,1
0.01,246,0.00186879071,0.00163423177,7.22652749e-06,6,0,1
0.01,247,0.00187631277,0.00164107105,7.27135284e-06,6,0,1
0.01,248,0.0018905513,0.0016495802,7.33623529e-06,6,0,1
0.01,249,0.00189137436,0.00165476068,7.36157926e-06,6,0,1
0.01,250,0.00191061059,0.00167063763,7.60877992e-06,5,2,1
0.01,251,0.00192552153,0.00168172049,1.26312725e-05,6,1,1
0.01,252,0.00192617974,0.00168467348,8.36663366e-06,5,2,1
0.01,253,0.00191017427,0.0016779264,7.34004698e-06,6,0,1
0.01,254,0.00177226204,0.00155463349,1.57531158e-05,6,0,1
0.01,255,0.00195616437,0.00170957774,1.13136512e-05,6,1,1
0.01,256,0.00194443227,0.0017029997,7.60472176e-06,6,0,1
0.01,257,0.00197142432,0.0017234534,1.14796103e-05,6,1,1
0.01,258,0.0019686711,0.00172485807,6.65606331e-06,5,1,1
0.01,259,0.00169147667,0.00149138249,2.79292872e-05,5,0,1
0.01,260,0.00196289341,0.00172587764,7.63436583e-06,6,0,1
0.01,261,0.00171128521,0.00150936912,2.56131389e-05,5,0,1
0.01,262,0.00197814219,0.00173974922,7.68148402e-06,6,0,1
0.01,263,0.00198586518,0.00174677465,7.68426435e-06,6,0,1
0.01,264,0.00199319748,0.00175344571,7.77385412e-06,6,0,1
0.01,265,0.00174479187,0.00153971207,2.48685683e-05,5,0,1
0.01,266,0.00174713461,0.00154214224,2.56390922e-05,5,0,1
0.01,267,0.0020159923,0.00177418476,7.86765395e-06,6,0,1
0.01,268,0.00202358305,0.00178109063,7.90266949e-06,6,0,1
0.01,269,0.00203101709,0.00178785599,7.97116718e-06,6,0,1
0.01,270,0.00203861389,0.00179476955,8.00434827e-06,6,0,1
0.01,271,0.00205817143,0.00180645077,8.19760135e-06,6,0,1
0.01,272,0.00206582923,0.00181341695,8.22481798e-06,6,0,1
0.01,273,0.00207346259,0.0018203631,8.25513871e-06,6,0,1
0.01,274,0.0020690586,0.00182247558,8.13140832e-06,6,0,1
0.01,275,0.00209814077,0.00184263079,8.39213862e-06,5,1,1
0.01,276,0.00211009081,0.0018513063,9.43868508e-06,5,2,1
0.01,277,0.00210391171,0.0018480703,8.40603934e-06,6,0,1
0.01,278,0.00183543004,0.00162285555,2.47175303e-05,5,0,1
0.01,279,0.00181845576,0.0016084332,3.09239986e-05,5,0,1
0.01,280,0.00212670071,0.00186880981,8.5365773e-06,6,0,1
0.01,281,0.00212212186,0.0018707749,8.41762994e-06,6,0,1
0.01,282,0.00212976849,0.00187773677,8.4454241e-06,6,0,1
0.01,283,0.0021373753,0.00188466127,8.48335549e-06,6,0,1
0.01,284,0.00214489293,0.00189150707,8.53959045e-06,6,0,1
0.01,285,0.00215254747,0.00189847453,8.56925271e-06,6,0,1
0.01,286,0.00219344348,0.00192544679,1.32232799e-05,6,1,1
0.01,287,0.00219501555,0.00192830525,1.04829842e-05,5,2,1
0.01,288,0.00190157257,0.00168368663,2.59034132e-05,5,0,1
0.01,289,0.00190018839,0.00168290408,2.74829363e-05,5,0,1
0.01,290,0.00222424185,0.00195348565,1.37624083e-05,6,1,1
0.01,291,0.00223191548,0.00196047127,1.39449648e-05,6,1,1
0.01,292,0.00223986711,0.00196770998,1.36689787e-05,6,1,1
0.01,293,0.00221336423,0.00195385516,8.89984676e-06,6,0,1
0.01,294,0.00222128001,0.00196106615,8.87294664e-06,6,0,1
0.01,295,0.00222887681,0.00196798518,8.91844775e-06,6,0,1
0.01,296,0.00223627198,0.00197472028,9.00942814e-06,6,0,1
0.01,297,0.00225651916,0.00198699348,9.19924787e-06,6,0,1
0.01,298,0.00226417067,0.00199395954,9.24108281e-06,6,0,1
0.01,299,0.00228810334,0.00201269053,1.158743e-05,5,2,1
0.01,300,0.00230153557,0.00202386733,1.46743987e-05,6,1,1
0.01,301,0.00229809247,0.00202463893,9.38191351e-06,5,1,1
0.01,302,0.00229481654,0.002021875,9.39257552e-06,6,0,1
0.01,303,0.00230241287,0.0020287917,9.44948988e-06,6,0,1
0.01,304,0.0022974005,0.00203040661,9.31194882e-06,6,0,1
0.01,305,0.002328865,0.00205267104,1.00367879e-05,5,1,1
0.01,306,0.00199811207,0.00177376461,3.33240387e-05,5,0,1
0.01,307,0.00234389794,0.0020663701,8.98520375e-06,5,1,1
0.01,308,0.00215525064,0.00190621801,1.86887646e-05,6,0,1
0.01,309,0.00233566016,0.00206526648,9.50746289e-06,6,0,1
0.01,310,0.00237882207,0.00209426833,1.43570951e-05,6,1,1
0.01,311,0.00235077506,0.00207904261,9.62674676e-06,6,0,1
0.01,312,0.00235862029,0.0020861954,9.62124886e-06,6,0,1
0.01,313,0.00205843593,0.00182871521,2.97950901e-05,5,0,1
0.01,314,0.00239870325,0.00211628713,1.08444419e-05,5,1,1
0.01,315,0.00240606791,0.0021230001,1.09311532e-05,5,1,1
0.01,316,0.00238914159,0.00211401447,9.80901041e-06,6,0,1
0.01,317,0.00221611303,0.00196230272,1.97059489e-05,6,0,1
0.01,318,0.00244064047,0.00215060171,1.60213622e-05,6,1,1
0.01,319,0.00241237576,0.00213519204,9.87881049e-06,6,0,1
0.01,320,0.00244044699,0.0021500194,1.01231253e-05,6,0,1
0.01,321,0.00244053826,0.00215464458,1.02005615e-05,6,0,1
0.01,322,0.0024658863,0.00217412459,1.23071732e-05,5,2,1
0.01,323,0.00247934763,0.00218588044,1.54097797e-05,6,1,1
0.01,324,0.00246356009,0.00217563054,1.03397379e-05,6,0,1
0.01,325,0.00247887359,0.00218504411,1.03511757e-05,6,0,1
0.01,326,0.0024790254,0.00218973123,1.04047031e-05,6,0,1
0.01,327,0.00249855919,0.00220730179,1.00385241e-05,5,1,1
0.01,328,0.00249449001,0.00220382959,1.04750416e-05,6,0,1
0.01,329,0.0024889668,0.0022050282,1.0325748e-05,6,0,1
0.01,330,0.00253362465,0.00223536184,1.55951548e-05,6,1,1
0.01,331,0.00252951542,0.00223552878,1.12508978e-05,5,1,1
0.01,332,0.00251184707,0.00222589634,1.04896571e-05,6,0,1
0.01,333,0.00253291475,0.00223886431,1.07160358e-05,6,0,1
0.01,334,0.00256465818,0.00226366031,1.5863372e-05,6,1,1
0.01,335,0.00256744749,0.00226632226,1.32426976e-05,5,2,1
0.01,336,0.00220072083,0.00196033344,3.55086595e-05,5,0,1
0.01,337,0.00257563964,0.00227758661,1.22651581e-05,5,1,1
0.01,338,0.00255839713,0.0022683572,1.06578436e-05,6,0,1
0.01,339,0.00256584561,0.00227515027,1.07584647e-05,6,0,1
0.01,340,0.00257340027,0.00228204112,1.08350978e-05,6,0,1
0.01,341,0.00223305356,0.00199023518,3.60796912e-05,5,0,1
0.01,342,0.00238600513,0.00211902638,2.22864292e-05,6,0,1
0.01,343,0.00259673456,0.00230333395,1.09112607e-05,6,0,1
0.01,344,0.00260442565,0.00231035147,1.09585108e-05,6,0,1
0.01,345,0.00262580393,0.00232358696,1.11814516e-05,6,0,1
0.01,346,0.00261993962,0.0023245085,1.10231831e-05,6,0,1
0.01,347,0.00264116004,0.00233759684,1.12956786e-05,6,0,1
0.01,348,0.00264883484,0.00234459527,1.1357457e-05,6,0,1
0.01,349,0.0022942361,0.00204630266,3.46952002e-05,5,0,1
0.01,350,0.00266445056,0.00235884567,1.14104041e-05,6,0,1
0.01,351,0.0026584093,0.0023596161,1.12656544e-05,6,0,1
0.01,352,0.00266612624,0.00236665737,1.13116657e-05,6,0,1
0.01,353,0.00271263742,0.002398649,1.68271017e-05,6,1,1
0.01,354,0.00247744122,0.00220293063,2.23247662e-05,6,0,1
0.01,355,0.00268923654,0.00238775322,1.14572831e-05,6,0,1
0.01,356,0.00269719446,0.00239501754,1.14507384e-05,6,0,1
0.01,357,0.00273996848,0.00242311717,1.40852771e-05,5,2,1
0.01,358,0.0027263544,0.00241533783,1.17861728e-05,6,0,1
0.01,359,0.00274569006,0.00242660544,1.1946966e-05,7,0,1
0.01,360,0.00276736706,0.00244859955,1.77401762e-05,6,1,1
0.01,361,0.00276273652,0.00244827755,1.35646405e-05,5,1,1
0.01,362,0.00252748164,0.00224942178,2.36641899e-05,6,0,1
0.01,363,0.00275107939,0.00244421093,1.18204498e-05,6,0,1
0.01,364,0.00279456447,0.00247283746,1.50701799e-05,5,2,1
0.01,365,0.0025549545,0.00227434793,2.33350511e-05,6,0,1
0.01,366,0.00277453056,0.00246562716,1.19040396e-05,6,0,1
0.01,367,0.00278224028,0.00247266795,1.19578363e-05,6,0,1
0.01,368,0.00241263793,0.00215597893,3.93835653e-05,5,0,1
0.01,369,0.00283419411,0.00250882143,1.59967585e-05,5,2,1
0.01,370,0.0028329601,0.00251237722,1.16010551e-05,5,1,1
0.01,371,0.00281346706,0.00250118668,1.20902623e-05,6,0,1
0.01,372,0.00285770418,0.00253027957,1.50571177e-05,5,2,1
0.01,373,0.00286883768,0.00254124263,1.81574796e-05,6,1,1
0.01,374,0.00287320605,0.00254437397,1.38386713e-05,5,2,1
0.01,375,0.0028584844,0.00253597274,1.25486877e-05,6,0,1
0.01,376,0.00286643696,0.00254323683,1.25532824e-05,6,0,1
0.01,377,0.00288820872,0.00256282417,1.48402596e-05,5,1,1
0.01,378,0.00290854042,0.00257750368,2.05339966e-05,6,1,1
0.01,379,0.00287529244,0.00255766441,1.25139177e-05,6,0,1
0.01,380,0.00292080338,0.0025876984,1.7771783e-05,5,2,1
0.01,381,0.00273274118,0.0024317936,1.92425578e-05,6,0,1
0.01,382,0.00292503042,0.00259034522,1.29788395e-05,7,0,1
0.01,383,0.00292090583,0.00259298831,1.28996908e-05,6,0,1
0.01,384,0.00295205275,0.00261614658,1.67255439e-05,5,2,1
0.01,385,0.00296017644,0.00262355222,1.7734048e-05,5,2,1
0.01,386,0.0029586989,0.00262720324,1.34623733e-05,5,1,1
0.01,387,0.00296654622,0.00263437093,1.35334358e-05,5,1,1
0.01,388,0.00294558448,0.00262189354,1.2867391e-05,6,0,1
0.01,389,0.0029533687,0.00262900931,1.29117052e-05,6,0,1
0.01,390,0.0030000268,0.00265981443,1.80666575e-05,5,2,1
0.01,391,0.00298353937,0.00265021203,1.3236091e-05,6,0,1
0.01,392,0.00299137412,0.00265737367,1.32756977e-05,6,0,1
0.01,393,0.00299911969,0.00266444916,1.3343275e-05,6,0,1
0.01,394,0.00303473417,0.00269279606,1.99529022e-05,6,1,1
0.01,395,0.00301481877,0.00267879851,1.34219117e-05,6,0,1
0.01,396,0.00304701924,0.00270261639,1.69434552e-05,5,2,1
0.01,397,0.00303047826,0.00269310898,1.35142927e-05,6,0,1
0.01,398,0.00303803594,0.0027000159,1.36257913e-05,6,0,1
0.01,399,0.00307397032,0.00272865617,1.89883758e-05,6,1,1
0.01,400,0.00305388845,0.00271450379,1.36768831e-05,6,0,1
0.01,401,0.00308668474,0.00273884437,1.81403902e-05,5,2,1
0.01,402,0.00282831071,0.00252591423,2.52376321e-05,6,0,1
0.01,403,0.00306264474,0.00272890599,1.35543578e-05,6,0,1
0.01,404,0.00307007693,0.00273570349,1.36859089e-05,6,0,1
0.01,405,0.00309283659,0.002750115,1.39658914e-05,6,0,1
0.01,406,0.00308600115,0.00275026541,1.3716246e-05,6,0,1
0.01,407,0.00311689684,0.00276743202,1.4043766e-05,6,0,1
0.01,408,0.00310160918,0.00276453886,1.38201794e-05,6,0,1
0.01,409,0.00315283402,0.00280075893,1.96697092e-05,6,1,1
0.01,410,0.00316066272,0.00280791754,2.01622315e-05,6,1,1
0.01,411,0.00312487665,0.00278581399,1.40140419e-05,6,0,1
0.01,412,0.00313273491,0.00279300124,1.40547636e-05,6,0,1
0.01,413,0.00318407035,0.00282932562,2.12317009e-05,6,1,1
0.01,414,0.00314892433,0.00280781672,1.40314751e-05,6,0,1
0.01,415,0.00317156897,0.00282210764,1.43926445e-05,6,0,1
0.01,416,0.00318768667,0.00283215754,1.44685528e-05,6,0,1
0.01,417,0.00321612926,0.00285864505,2.11431598e-05,6,1,1
0.01,418,0.00317982049,0.0028360826,1.43222187e-05,6,0,1
0.01,419,0.00318797096,0.0028435397,1.43005291e-05,6,0,1
0.01,420,0.00319549441,0.00285041495,1.44276364e-05,6,0,1
0.01,421,0.00324756955,0.00288740615,2.27399796e-05,6,1,1
0.01,422,0.00321113924,0.00286473823,1.45276863e-05,6,0,1
0.01,423,0.0032636635,0.00290212664,2.04304615e-05,6,1,1
0.01,424,0.00307133328,0.00274198945,1.91931395e-05,6,0,1
0.01,425,0.00327948155,0.00291659846,2.05420329e-05,6,1,1
0.01,426,0.00325799547,0.00290116877,1.49617572e-05,6,0,1
0.01,427,0.00325052859,0.00290078437,1.47441151e-05,6,0,1
0.01,428,0.00325827929,0.00290787476,1.48199579e-05,6,0,1
0.01,429,0.0032662286,0.00291515328,1.48465388e-05,6,0,1
0.01,430,0.00331947766,0.00295319641,2.21748869e-05,6,1,1
0.01,431,0.00331022451,0.00294248387,1.53112123e-05,7,0,1
0.01,432,0.00303679961,0.00271898485,2.80405911e-05,6,0,1
0.01,433,0.00334147201,0.00297105196,1.97561967e-05,5,2,1
0.01,434,0.00332115963,0.00295896688,1.53431447e-05,6,0,1
0.01,435,0.00331360265,0.00295851519,1.51071108e-05,6,0,1
0.01,436,0.00332120783,0.0029654773,1.52142202e-05,6,0,1
0.01,437,0.0033450413,0.00298082479,1.54450645e-05,6,0,1
0.01,438,0.00333716953,0.00298009021,1.52678949e-05,6,0,1
0.01,439,0.00334505271,0.00298730959,1.53153942e-05,6,0,1
0.01,440,0.00339892227,0.00302590872,2.32630664e-05,6,1,1
0.01,441,0.00340509298,0.00302917836,2.10593698e-05,5,2,1
0.01,442,0.00338451099,0.00301695662,1.57071663e-05,6,0,1
0.01,443,0.00342271593,0.00304769282,2.23200441e-05,6,1,1
0.01,444,0.00338467606,0.00302359299,1.55161324e-05,6,0,1
0.01,445,0.00339274271,0.00303097861,1.55311154e-05,6,0,1
0.01,446,0.00341629703,0.00304606091,1.58720541e-05,6,0,1
0.01,447,0.00342440419,0.0030534796,1.58836865e-05,6,0,1
0.01,448,0.00343204523,0.00306047825,1.59977299e-05,6,0,1
0.01,449,0.00347059057,0.00309152901,2.36326359e-05,6,1,1
0.01,450,0.0034478975,0.00307499175,1.60982327e-05,6,0,1
0.01,451,0.00348513247,0.00310222432,2.14479132e-05,5,2,1
0.01,452,0.0034947868,0.00311368518,2.32933671e-05,6,1,1
0.01,453,0.00350176357,0.00311739626,2.0908923e-05,5,2,1
0.01,454,0.00329549145,0.0029478136,2.0925665e-05,6,0,1
0.01,455,0.00347158965,0.00310319639,1.60693617e-05,6,0,1
0.01,456,0.00349525386,0.00311836461,1.6452519e-05,6,0,1
0.01,457,0.00350341923,0.00312584406,1.6447817e-05,6,0,1
0.01,458,0.00349544105,0.00312505057,1.61931202e-05,6,0,1
0.01,459,0.00350320642,0.00313216681,1.62756496e-05,6,0,1
0.01,460,0.00351108774,0.00313938735,1.63343939e-05,6,0,1
0.01,461,0.00351929897,0.00314690731,1.63240929e-05,6,0,1
0.01,462,0.0035271314,0.00315408921,1.63906279e-05,6,0,1
0.01,463,0.00328542269,0.0029472555,2.84982016e-05,6,0,1
0.01,464,0.00341543229,0.00305831898,1.60975396e-05,6,0,1
0.01,465,0.00355093298,0.00317589985,1.65399852e-05,6,0,1
0.01,466,0.00355894864,0.00318324473,1.65741385e-05,6,0,1
0.01,467,0.00356674148,0.00319038797,1.6654114e-05,6,0,1
0.01,468,0.00362185482,0.0032270872,2.33476821e-05,5,2,1
0.01,469,0.00360749476,0.00321641751,1.71078264e-05,6,0,1
0.01,470,0.00361556537,0.00322381407,1.71331958e-05,6,0,1
0.01,471,0.00364666618,0.00325282617,2.42836759e-05,6,1,1
0.01,472,0.00363570219,0.00324051362,1.74362449e-05,7,0,1
0.01,473,0.00363951409,0.0032457551,1.72851469e-05,6,0,1
0.01,474,0.00364733092,0.0032529186,1.73749177e-05,6,0,1
0.01,475,0.00364655652,0.00325699383,1.73839562e-05,6,0,1
0.01,476,0.0033596498,0.00301721389,3.14366844e-05,6,0,1
0.01,477,0.00364582264,0.00326288072,1.7238759e-05,6,0,1
0.01,478,0.00367948296,0.00328238169,1.75309888e-05,6,0,1
0.01,479,0.00367820938,0.00328600872,1.76504036e-05,6,0,1
0.01,480,0.00368641177,0.00329352682,1.76491649e-05,6,0,1
0.01,481,0.00339598511,0.0030509322,3.16383994e-05,6,0,1
0.01,482,0.00370235974,0.00330814975,1.77542533e-05,6,0,1
0.01,483,0.00369360205,0.00330668688,1.7546321e-05,6,0,1
0.01,484,0.00370152295,0.00331395469,1.76039248e-05,6,0,1
0.01,485,0.00375901512,0.00335246976,2.52354475e-05,5,2,1
0.01,486,0.00371748232,0.00332858693,1.77066177e-05,6,0,1
0.01,487,0.00372572313,0.00333614461,1.7699469e-05,6,0,1
0.01,488,0.00378327514,0.00337457075,2.38302964e-05,5,2,1
0.01,489,0.00375832431,0.0033594626,1.81162977e-05,6,0,1
0.01,490,0.00376615417,0.0033666417,1.82111908e-05,6,0,1
0.01,491,0.00377422199,0.00337404059,1.82460171e-05,6,0,1
0.01,492,0.00378223229,0.00338138733,1.82973145e-05,6,0,1
0.01,493,0.00380364386,0.00339446403,1.85608405e-05,7,0,1
0.01,494,0.00378133729,0.00338715455,1.811937e-05,6,0,1
0.01,495,0.00380638381,0.00340353814,1.84238634e-05,6,0,1
0.01,496,0.0038142472,0.00341074937,1.8513796e-05,6,0,1
0.01,497,0.00383140706,0.0034216682,1.85650279e-05,6,0,1
0.01,498,0.00383048458,0.00342564238,1.85712033e-05,6,0,1
0.01,499,0.00383854681,0.00343303662,1.86131492e-05,6,0,1
0.01,500,0.00388005073,0.00346682593,2.65060098e-05,6,1,1
0.01,501,0.00383737544,0.00343856774,1.84655491e-05,6,0,1
0.01,502,0.00389604713,0.00347779179,2.4542238e-05,5,2,1
0.01,503,0.00385330734,0.00345319603,1.85795889e-05,6,0,1
0.01,504,0.00386120146,0.00346044172,1.86524612e-05,6,0,1
0.01,505,0.00390004483,0.00348288147,1.9195988e-05,7,0,1
0.01,506,0.0039282972,0.00351109216,2.72561138e-05,6,1,1
0.01,507,0.00388540607,0.00348265585,1.87712485e-05,6,0,1
0.01,508,0.0039103874,0.00349894818,1.91851959e-05,6,0,1
0.01,509,0.00391862122,0.00350650866,1.91886302e-05,6,0,1
0.01,510,0.00376308104,0.00337777636,1.90686533e-05,6,0,1
0.01,511,0.00393464789,0.00352121517,1.93096439e-05,6,0,1
0.01,512,0.00392528623,0.00351924635,1.90908686e-05,6,0,1
0.01,513,0.00393326022,0.00352658029,1.91447471e-05,6,0,1
0.01,514,0.00395874027,0.00354332756,1.9477704e-05,6,0,1
0.01,515,0.00396682136,0.00355074415,1.95234352e-05,6,0,1
0.01,516,0.00398417702,0.00356181897,1.95867397e-05,6,0,1
0.01,517,0.00396553986,0.00355621497,1.93206615e-05,6,0,1
0.01,518,0.00397354783,0.00356355915,1.93842989e-05,6,0,1
0.01,519,0.00399893289,0.00358022097,1.97622085e-05,6,0,1
0.01,520,0.0040070354,0.00358765898,1.98044272e-05,6,0,1
0.01,521,0.00399775524,0.00358579168,1.95166831e-05,6,0,1
0.01,522,0.00402332051,0.00360260764,1.98760026e-05,6,0,1
0.01,523,0.00408373121,0.00365367066,3.05825233e-05,6,2,1
0.01,524,0.00403914042,0.00361713162,2.00586892e-05,6,0,1
0.01,525,0.0040472867,0.00362461014,2.00922877e-05,6,0,1
0.01,526,0.00406473363,0.00363576133,2.01609073e-05,6,0,1
0.01,527,0.00407731766,0.00364557607,2.04279677e-05,7,0,1
0.01,528,0.00408535264,0.00365295494,2.04963726e-05,7,0,1
0.01,529,0.00408905465,0.00365809072,2.0303778e-05,6,0,1
0.01,530,0.00407043472,0.00365253864,1.99461338e-05,6,0,1
0.01,531,0.00413165055,0.00369776669,2.90473617e-05,6,1,1
0.01,532,0.00408594729,0.00366677158,2.01990988e-05,6,0,1
0.01,533,0.00409427471,0.00367443892,2.01790936e-05,6,0,1
0.01,534,0.0037946573,0.00341960462,3.54129406e-05,6,0,1
0.01,535,0.00416359678,0.00372367282,2.79022061e-05,6,2,1
0.01,536,0.00411844952,0.00369664561,2.03473865e-05,6,0,1
0.01,537,0.00414416566,0.00371358171,2.0767111e-05,6,0,1
0.01,538,0.00381327141,0.00343770324,3.6391717e-05,6,0,1
0.01,539,0.00414271094,0.0037189445,2.04925909e-05,6,0,1
0.01,540,0.00415086467,0.00372643536,2.05307188e-05,6,0,1
0.01,541,0.00417686626,0.00374362129,2.09097234e-05,6,0,1
0.01,542,0.00418476481,0.00375087652,2.10105791e-05,6,0,1
0.01,543,0.0041928119,0.00375827216,2.10774197e-05,6,0,1
0.01,544,0.00418324769,0.00375619018,2.07343091e-05,6,0,1
0.01,545,0.00420918921,0.00377332093,2.11477673e-05,6,0,1
0.01,546,0.00425370783,0.0038098949,3.09297975e-05,6,1,1
0.01,547,0.00420731399,0.00377831189,2.09377104e-05,6,0,1
0.01,548,0.00423314981,0.00379533321,2.14074134e-05,6,0,1
0.01,549,0.00427834271,0.00383253372,3.08890667e-05,6,1,1
0.01,550,0.00428622356,0.00383977965,3.20828767e-05,6,1,1
0.01,551,0.00392398145,0.00353936129,3.65134219e-05,6,0,1
0.01,552,0.00430223951,0.00385118998,2.86915219e-05,6,2,1
0.01,553,0.00425599748,0.00382306054,2.12444866e-05,6,0,1
0.01,554,0.00431909692,0.00386998872,3.1010637e-05,6,1,1
0.01,555,0.00406995835,0.00366037339,2.65009621e-05,6,0,1
0.01,556,0.00395761896,0.00357081625,3.72191535e-05,6,0,1
0.01,557,0.00428826269,0.00385271525,2.15045602e-05,6,0,1
0.01,558,0.00429624971,0.00386006013,2.15835789e-05,6,0,1
0.01,559,0.00430460367,0.00386774749,2.15813816e-05,6,0,1
0.01,560,0.00431216415,0.00387469982,2.17548186e-05,6,0,1
0.01,561,0.00433873152,0.00389237935,2.21366063e-05,6,0,1
0.01,562,0.00434680702,0.00389980152,2.22101698e-05,6,0,1
0.01,563,0.00433701463,0.00389754935,2.18142632e-05,6,0,1
0.01,564,0.00440084329,0.0039451425,3.27071175e-05,6,1,1
0.01,565,0.0041438709,0.00372853898,2.78018397e-05,6,0,1
0.01,566,0.0043609906,0.00391960004,2.2066135e-05,6,0,1
0.01,567,0.00436935388,0.0039272937,2.20669917e-05,6,0,1
0.01,568,0.00443325378,0.00397195853,3.00360698e-05,6,2,1
0.01,569,0.00440404657,0.00395243522,2.25490912e-05,6,0,1
0.01,570,0.00439355383,0.00394955091,2.22796407e-05,6,0,1
0.01,571,0.00442016311,0.00396725349,2.27124801e-05,6,0,1
0.01,572,0.00442846026,0.00397488521,2.27345117e-05,6,0,1
0.01,573,0.00443641376,0.00398219936,2.28402787e-05,6,0,1
0.01,574,0.00444467645,0.00398980035,2.2871176e-05,6,0,1
0.01,575,0.00409074407,0.00369497086,3.95127608e-05,6,0,1
0.01,576,0.00423452444,0.00381203624,2.78585976e-05,6,0,1
0.01,577,0.00410815421,0.0037110704,3.92117654e-05,6,0,1
0.01,578,0.00451596687,0.00405101944,3.3976663e-05,6,1,1
0.01,579,0.00452371733,0.00405532541,3.01939563e-05,6,2,1
0.01,580,0.00425885245,0.0038346448,2.87282837e-05,6,0,1
0.01,581,0.00450172694,0.00404227991,2.33008432e-05,6,0,1
0.01,582,0.00415480649,0.00375373755,3.89940469e-05,6,0,1
0.01,583,0.00449938606,0.00404692441,2.30208825e-05,6,0,1
0.01,584,0.00450758729,0.00405447045,2.30683654e-05,6,0,1
0.01,585,0.00453459565,0.0040725111,2.35036423e-05,6,0,1
0.01,586,0.00418370171,0.00378059386,3.95620009e-05,6,0,1
0.01,587,0.00459013274,0.00411925744,3.51909621e-05,6,1,1
0.01,588,0.00454005506,0.0040843538,2.33343271e-05,6,0,1
0.01,589,0.00460646674,0.00413428852,3.38390855e-05,6,1,1
0.01,590,0.00461464375,0.00414181314,3.33326752e-05,6,1,1
0.01,591,0.00462287432,0.00414939132,3.3502889e-05,6,1,1
0.01,592,0.00459174579,0.00412510987,2.39437431e-05,6,0,1
0.01,593,0.00463923346,0.00416444708,3.32412201e-05,6,1,1
0.01,594,0.00464739371,0.00417195773,3.37923993e-05,6,1,1
0.01,595,0.00465591159,0.00417979574,3.24682151e-05,6,1,1
0.01,596,0.00460530398,0.00414440408,2.38392477e-05,6,0,1
0.01,597,0.00467147445,0.00419148011,3.20211257e-05,6,2,1
0.01,598,0.00426071044,0.00385294459,4.18651871e-05,6,0,1
0.01,599,0.00464913342,0.00417793076,2.43619907e-05,6,0,1
0.01,600,0.00469686184,0.00421486702,3.25078872e-05,6,2,1
0.01,601,0.00470550591,0.00422545057,3.46639572e-05,6,1,1
0.01,602,0.00471392693,0.0042332029,3.39550425e-05,6,1,1
0.01,603,0.00472223992,0.00424085651,3.49862858e-05,6,1,1
0.01,604,0.00473008072,0.00424808171,3.51814342e-05,6,1,1
0.01,605,0.00467895996,0.00421222579,2.43742816e-05,6,0,1
0.01,606,0.00470652524,0.00423077075,2.47958087e-05,6,0,1
0.01,607,0.00475502945,0.00427105185,3.35725308e-05,6,1,1
0.01,608,0.00472289231,0.00424583815,2.49373516e-05,6,0,1
0.01,609,0.00473124953,0.00425353786,2.49633304e-05,6,0,1
0.01,610,0.00477923965,0.00429088483,3.32461641e-05,6,2,1
0.01,611,0.00436440203,0.00394895906,4.24214086e-05,6,0,1
0.01,612,0.00435929978,0.00394509267,4.34979556e-05,6,0,1
0.01,613,0.00474470761,0.00427279901,2.48061806e-05,6,0,1
0.01,614,0.00475311838,0.00428054715,2.48246852e-05,6,0,1
0.01,615,0.00478044059,0.00429883972,2.53704675e-05,6,0,1
0.01,616,0.0047887601,0.00430650264,2.54121951e-05,6,0,1
0.01,617,0.00477743149,0.00430294778,2.50734811e-05,6,0,1
0.01,618,0.00480517559,0.00432162452,2.55460909e-05,6,0,1
0.01,619,0.00485407654,0.00436228327,3.57446552e-05,6,1,1
0.01,620,0.004861739,0.0043669641,3.35000659e-05,6,2,1
0.01,621,0.00482985051,0.00434435531,2.57415231e-05,6,0,1
0.01,622,0.0044411039,0.00402069977,4.39321411e-05,6,0,1
0.01,623,0.00488687819,0.00439015869,3.38700265e-05,6,2,1
0.01,624,0.00489567453,0.00439832546,3.47525311e-05,6,2,1
0.01,625,0.00490388647,0.00440817466,3.63202817e-05,6,1,1
0.01,626,0.0049122707,0.00441589812,3.82111903e-05,6,1,1
0.01,627,0.00485988054,0.00437891949,2.56448202e-05,6,0,1
0.01,628,0.00486821681,0.00438660663,2.56760759e-05,6,0,1
0.01,629,0.00493760407,0.00443924358,3.76718817e-05,6,1,1
0.01,630,0.00494546769,0.00444428017,3.51673189e-05,6,2,1
0.01,631,0.00474310573,0.00428169267,2.24327159e-05,6,0,1
0.01,632,0.0049312152,0.00443270989,2.64073897e-05,6,0,1
0.01,633,0.00490929373,0.00442444347,2.60400193e-05,6,0,1
0.01,634,0.00473339856,0.00427197712,2.61349687e-05,6,0,1
0.01,635,0.00492578279,0.00443967152,2.61371497e-05,6,0,1
0.01,636,0.00499551231,0.0044904775,3.76514399e-05,6,2,1
0.01,637,0.00470555946,0.00424711127,3.24989196e-05,6,0,1
0.01,638,0.00495047309,0.00446242513,2.6344107e-05,6,0,1
0.01,639,0.00495836744,0.00446970807,2.64818173e-05,6,0,1
0.01,640,0.00496713258,0.00447779335,2.64330611e-05,6,0,1
0.01,641,0.00499524549,0.00449677557,2.69623706e-05,6,0,1
0.01,642,0.00498358207,0.00449295994,2.65712897e-05,6,0,1
0.01,643,0.0050117569,0.0045119999,2.70992641e-05,6,0,1
0.01,644,0.0046225111,0.00418840814,4.4848468e-05,6,0,1
0.01,645,0.00500824163,0.0045157047,2.67847699e-05,6,0,1
0.01,646,0.00503648818,0.004534801,2.73216283e-05,6,0,1
0.01,647,0.00502453838,0.00453072693,2.69705524e-05,6,0,1
0.01,648,0.0050328318,0.00453837682,2.70245764e-05,6,0,1
0.01,649,0.00510423444,0.00459285872,3.95048519e-05,6,1,1
0.01,650,0.00506982021,0.00456553791,2.75396415e-05,6,0,1
0.01,651,0.00507797394,0.00457305182,2.76413557e-05,6,0,1
0.01,652,0.00506557897,0.00456859125,2.73467122e-05,6,0,1
0.01,653,0.00507448334,0.00457680272,2.72775942e-05,6,0,1
0.01,654,0.00514613278,0.00463150023,3.86875581e-05,6,1,1
0.01,655,0.00484815286,0.00437892787,3.37509737e-05,6,0,1
0.01,656,0.00484683458,0.00437791971,3.48050889e-05,6,0,1
0.01,657,0.00491726724,0.00444182567,2.75966941e-05,6,0,1
0.01,658,0.00513593946,0.00462652231,2.81246757e-05,6,0,1
0.01,659,0.00514468085,0.00463458197,2.80943677e-05,6,0,1
0.01,660,0.00513212662,0.00462998217,2.78039042e-05,6,0,1
0.01,661,0.00514047034,0.00463766884,2.78691696e-05,6,0,1
0.01,662,0.00514893886,0.00464549707,2.78822336e-05,6,0,1
0.01,663,0.00522109168,0.00470065186,4.12725349e-05,6,1,1
0.01,664,0.00522902468,0.00470610615,3.91435642e-05,6,2,1
0.01,665,0.00519430079,0.00468035787,2.85519382e-05,6,0,1
0.01,666,0.00518181175,0.00467583491,2.82073343e-05,6,0,1
0.01,667,0.00525489962,0.00473184232,3.97317963e-05,6,1,1
0.01,668,0.00519869896,0.00469142012,2.82797409e-05,6,0,1
0.01,669,0.00522755645,0.00471104588,2.88276897e-05,6,0,1
0.01,670,0.00523578562,0.00471863197,2.89221971e-05,6,0,1
0.01,671,0.00497197499,0.00449357042,3.50324663e-05,6,0,1
0.01,672,0.00529673556,0.00477045728,3.99066921e-05,6,1,1
0.01,673,0.00530517474,0.00477824453,3.97660151e-05,6,1,1
0.01,674,0.00526967598,0.00474991649,2.9054776e-05,6,0,1
0.01,675,0.00525676133,0.00474501541,2.8763392e-05,6,0,1
0.01,676,0.00533054164,0.00480165798,4.20807664e-05,6,1,1
0.01,677,0.00501757208,0.0045358194,3.56498422e-05,6,0,1
0.01,678,0.00503373705,0.00455055339,3.50817245e-05,6,0,1
0.01,679,0.00531109702,0.00478814542,2.94611782e-05,6,0,1
0.01,680,0.00489149196,0.00443930598,4.85285054e-05,6,0,1
0.01,681,0.00537203578,0.00483833859,4.06769868e-05,6,2,1
0.01,682,0.00491393451,0.0044598165,4.79157497e-05,6,0,1
0.01,683,0.00538867433,0.00485370541,3.98706397e-05,6,2,1
0.01,684,0.00535275228,0.00482660253,2.98211344e-05,6,0,1
0.01,685,0.00536117516,0.00483438047,2.98689301e-05,6,0,1
0.01,686,0.00536985788,0.00484239869,2.98587038e-05,6,0,1
0.01,687,0.00537813269,0.00485003507,2.99537678e-05,6,0,1
0.01,688,0.00538650015,0.00485776411,3.00179527e-05,6,0,1
0.01,689,0.00539472699,0.00486536091,3.01185864e-05,6,0,1
0.01,690,0.00538196787,0.00486063119,2.97161896e-05,6,0,1
0.01,691,0.00541153923,0.00488088559,3.02349508e-05,6,0,1
0.01,692,0.00541954814,0.00488827424,3.03950947e-05,6,0,1
0.01,693,0.00542811025,0.00489619141,3.04107307e-05,6,0,1
0.01,694,0.00541523844,0.00489136623,3.00074571e-05,6,0,1
0.01,695,0.00501172896,0.00455108425,4.93447442e-05,6,0,1
0.01,696,0.00517704571,0.00468326733,3.62279243e-05,6,0,1
0.01,697,0.00546162855,0.00492714718,3.0686937e-05,6,0,1
0.01,698,0.00544883683,0.00492240395,3.02447479e-05,6,0,1
0.01,699,0.00501761306,0.00455831457,5.1603125e-05,6,0,1
0.01,700,0.00521037402,0.00471411273,3.63235922e-05,6,0,1
0.01,701,0.00550640607,0.00496334583,3.09451025e-05,6,0,1
0.01,702,0.00551490486,0.00497119594,3.09884417e-05,6,0,1
0.01,703,0.00506159198,0.0045984434,5.08555422e-05,6,0,1
0.01,704,0.00507786125,0.00461296458,5.03989722e-05,6,0,1
0.01,705,0.00550722983,0.00497636199,3.07559094e-05,6,0,1
0.01,706,0.00553745963,0.0049971994,3.12321063e-05,6,0,1
0.01,707,0.00509412959,0.00462862616,5.12056286e-05,6,0,1
0.01,708,0.00532876793,0.00482248375,3.04578389e-05,6,0,1
0.01,709,0.00554071181,0.00500728935,3.10547512e-05,6,0,1
0.01,710,0.00557076838,0.00502797961,3.15706129e-05,6,0,1
0.01,711,0.00557949021,0.00503603509,3.15774087e-05,6,0,1
0.01,712,0.00563310226,0.00507977,4.35562033e-05,6,2,1
0.01,713,0.00559612643,0.00505140889,3.1759093e-05,6,0,1
0.01,714,0.00560431648,0.00505898288,3.18729071e-05,6,0,1
0.01,715,0.00561258476,0.00506662205,3.19792343e-05,6,0,1
0.01,716,0.00562126283,0.00507464353,3.19857609e-05,6,0,1
0.01,717,0.00562966522,0.00508240703,3.20636391e-05,6,0,1
0.01,718,0.00563809182,0.00509019103,3.21345869e-05,6,0,1
0.01,719,0.00564649142,0.00509796198,3.22066771e-05,6,0,1
0.01,720,0.00570127554,0.00514287315,4.2513755e-05,6,2,1
0.01,721,0.00564227393,0.00510118343,3.16956175e-05,6,0,1
0.01,722,0.0056721922,0.00512171956,3.23182976e-05,6,0,1
0.01,723,0.00538490713,0.00487605808,3.90952991e-05,6,0,1
0.01,724,0.00548685342,0.00496939663,2.88623578e-05,6,0,1
0.01,725,0.00540241646,0.00489225145,3.91061767e-05,6,0,1
0.01,726,0.00568373455,0.00513953017,3.21581138e-05,6,0,1
0.01,727,0.00541615859,0.0049050618,3.94070703e-05,6,0,1
0.01,728,0.00572221307,0.00516796112,3.28786373e-05,6,0,1
0.01,729,0.0057310299,0.00517611904,3.28630413e-05,6,0,1
0.01,730,0.00571716484,0.00517043564,3.25014189e-05,6,0,1
0.01,731,0.00579550257,0.00523007382,4.58096656e-05,6,2,1
0.01,732,0.00558667118,0.00506285112,2.60598372e-05,6,0,1
0.01,733,0.0057424726,0.00519385701,3.26930167e-05,6,0,1
0.01,734,0.00530219404,0.00482282089,5.3783886e-05,6,0,1
0.01,735,0.00548386946,0.00496776309,3.96729592e-05,6,0,1
0.01,736,0.00559122348,0.00506610004,2.8861301e-05,6,0,1
0.01,737,0.00584650226,0.00527842622,4.75276138e-05,6,1,1
0.01,738,0.00560239377,0.00507643539,2.95745431e-05,6,0,1
0.01,739,0.00535569806,0.00487183873,5.28915516e-05,6,0,1
0.01,740,0.00553050358,0.00501086889,3.93508089e-05,6,0,1
0.01,741,0.0058807116,0.00531007117,4.59859111e-05,6,1,1
0.01,742,0.00584120816,0.00527801737,3.37324309e-05,6,0,1
0.01,743,0.00584971718,0.00528588844,3.37938036e-05,6,0,1
0.01,744,0.0058361236,0.0052804919,3.33008356e-05,6,0,1
0.01,745,0.00584401563,0.00528780278,3.34823962e-05,6,0,1
0.01,746,0.00585195981,0.00529515278,3.36633384e-05,6,0,1
0.01,747,0.00540555548,0.00491913315,5.49162396e-05,6,0,1
0.01,748,0.00559521047,0.00507087354,4.00375648e-05,6,0,1
0.01,749,0.00594852678,0.00537178479,4.70306331e-05,6,2,1
0.01,750,0.0059573967,0.00538102351,4.50956795e-05,6,1,1
0.01,751,0.00596531853,0.00538737327,4.76991081e-05,6,2,1
0.01,752,0.0059261173,0.00535657303,3.44206055e-05,6,0,1
0.01,753,0.00568958046,0.00515679736,3.41275809e-05,6,0,1
0.01,754,0.00599107798,0.00541123701,4.71993771e-05,6,2,1
0.01,755,0.00592918601,0.00536662666,3.40812549e-05,6,0,1
0.01,756,0.00593790179,0.00537467701,3.41198902e-05,6,0,1
0.01,757,0.00601758482,0.00543581648,4.46546474e-05,6,2,1
0.01,758,0.00549204089,0.00499991933,5.57397325e-05,6,0,1
0.01,759,0.00551083265,0.00501672225,5.49458455e-05,6,0,1
0.01,760,0.00550971134,0.00501630222,5.57289895e-05,6,0,1
0.01,761,0.0057011405,0.00516915973,4.09240238e-05,6,0,1
0.01,762,0.0059878258,0.00542092044,3.47249406e-05,6,0,1
0.01,763,0.00599664869,0.00542908721,3.47274436e-05,6,0,1
0.01,764,0.00600466225,0.00543650286,3.49099282e-05,6,0,1
0.01,765,0.00586183928,0.00531793572,2.77794206e-05,6,0,1
0.01,766,0.0060446891,0.0054663308,3.55392185e-05,6,0,1
0.01,767,0.00603057025,0.00546050025,3.50249065e-05,6,0,1
0.01,768,0.0060619805,0.00548233744,3.56311175e-05,6,0,1
0.01,769,0.00604782626,0.0054764729,3.51224189e-05,6,0,1
0.01,770,0.00607898924,0.00549808796,3.5781839e-05,6,0,1
0.01,771,0.00609930139,0.00551161263,3.5871999e-05,6,0,1
0.01,772,0.00614626938,0.00555587001,5.02440053e-05,6,1,1
0.01,773,0.00615485199,0.00556381792,5.03509e-05,6,1,1
0.01,774,0.00611311849,0.00552969333,3.60678205e-05,6,0,1
0.01,775,0.00617208052,0.00557977241,4.91644605e-05,6,1,1
0.01,776,0.00610695966,0.00553124771,3.57153549e-05,6,0,1
0.01,777,0.00613896037,0.0055536232,3.62396313e-05,6,0,1
0.01,778,0.00614735298,0.00556139369,3.63468353e-05,6,0,1
0.01,779,0.00613341434,0.00555574801,3.57492245e-05,6,0,1
0.01,780,0.00614131382,0.00556307565,3.59418445e-05,6,0,1
0.01,781,0.00617309846,0.00558524253,3.65437045e-05,6,0,1
0.01,782,0.00618134532,0.00559287984,3.66801651e-05,6,0,1
0.01,783,0.00623990409,0.00564183248,5.07211626e-05,6,2,1
0.01,784,0.00624914421,0.00565043511,5.06079923e-05,6,2,1
0.01,785,0.00570029626,0.0051946668,5.88219336e-05,6,0,1
0.01,786,0.00572788343,0.00521911867,5.7353689e-05,6,0,1
0.01,787,0.00572998635,0.00522151263,5.78367908e-05,6,0,1
0.01,788,0.00628298987,0.00568183046,4.90269776e-05,6,2,1
0.01,789,0.00625313586,0.00565407705,3.72348259e-05,6,0,1
0.01,790,0.00622638268,0.00564190093,3.67298308e-05,6,0,1
0.01,791,0.00574823329,0.00523956586,5.9062877e-05,6,0,1
0.01,792,0.00631730352,0.00571365561,4.94048763e-05,6,2,1
0.01,793,0.0057680998,0.00525774015,5.92183351e-05,6,0,1
0.01,794,0.00628408836,0.00568807544,3.75666386e-05,6,0,1
0.01,795,0.00629269658,0.00569605269,3.76330099e-05,6,0,1
0.01,796,0.00611035945,0.00554845622,3.07384507e-05,6,0,1
0.01,797,0.00611540256,0.00555310305,3.1216754e-05,6,0,1
0.01,798,0.00636950415,0.00576212071,4.94985579e-05,6,2,1
0.01,799,0.00637864135,0.00577063067,5.01795512e-05,6,2,1
0.01,800,0.00633519562,0.00573542248,3.81075879e-05,6,0,1
0.01,801,0.00632000249,0.00572868902,3.76291682e-05,6,0,1
0.01,802,0.00632915553,0.00573716499,3.75880918e-05,6,0,1
0.01,803,0.00633676536,0.00574421603,3.7871494e-05,6,0,1
0.01,804,0.00610995339,0.00554687018,3.76522148e-05,6,0,1
0.01,805,0.00611796416,0.00555429934,3.78465556e-05,6,0,1
0.01,806,0.0058672321,0.00535071827,6.0723014e-05,6,0,1
0.01,807,0.00637075212,0.00577574503,3.82130384e-05,6,0,1
0.01,808,0.00613910798,0.00557398284,3.83670849e-05,6,0,1
0.01,809,0.00646498566,0.00585067878,5.2495936e-05,6,2,1
0.01,810,0.00615737587,0.00559094921,3.8231301e-05,6,0,1
0.01,811,0.00642969878,0.00582305389,3.89300512e-05,6,0,1
0.01,812,0.00643843366,0.00583115034,3.89800007e-05,6,0,1
0.01,813,0.00593666174,0.00541483751,5.9998958e-05,6,0,1
0.01,814,0.00645567477,0.00584713928,3.91249487e-05,6,0,1
0.01,815,0.00646467274,0.00585547881,3.91186732e-05,6,0,1
0.01,816,0.00647285394,0.0058630649,3.92898473e-05,6,0,1
0.01,817,0.00648180675,0.00587136671,3.92958354e-05,6,0,1
0.01,818,0.0064901947,0.00587914884,3.94198541e-05,6,0,1
0.01,819,0.00647502113,0.00587244611,3.88633489e-05,6,0,1
0.01,820,0.00650759693,0.00589528959,3.95352072e-05,6,0,1
0.01,821,0.00649185758,0.00588806486,3.90900823e-05,6,0,1
0.01,822,0.00650027674,0.0058958428,3.92421207e-05,6,0,1
0.01,823,0.00598979183,0.00546640484,6.2921099e-05,6,0,1
0.01,824,0.00651774183,0.00591206737,3.93175578e-05,6,0,1
0.01,825,0.00660375319,0.00597950444,5.57475651e-05,6,2,1
0.01,826,0.00653527398,0.00592834409,3.93945011e-05,6,0,1
0.01,827,0.00654335227,0.00593580911,3.961517e-05,6,0,1
0.01,828,0.00662958203,0.00600353442,5.438476e-05,6,2,1
0.01,829,0.00663832296,0.00601166673,5.43513852e-05,6,2,1
0.01,830,0.00632265816,0.00574453175,3.98326956e-05,6,0,1
0.01,831,0.00657830993,0.00596828293,3.9780447e-05,6,0,1
0.01,832,0.00641527306,0.00583172822,3.27242306e-05,6,0,1
0.01,833,0.00659524836,0.00598398875,4.00151366e-05,6,0,1
0.01,834,0.00660388032,0.00599201769,4.00708705e-05,6,0,1
0.01,835,0.00669114152,0.0060606841,5.68261821e-05,6,2,1
0.01,836,0.00662105437,0.00600795494,4.02458973e-05,6,0,1
0.01,837,0.00665389001,0.00603101682,4.09732129e-05,6,0,1
0.01,838,0.00663853949,0.00602418184,4.03580852e-05,6,0,1
0.01,839,0.00664704852,0.00603208132,4.046096e-05,6,0,1
0.01,840,0.00648135319,0.00589314708,3.33856915e-05,6,0,1
0.01,841,0.00648673857,0.00589813385,3.37504353e-05,6,0,1
0.01,842,0.00667389669,0.00605696347,4.05388128e-05,6,0,1
0.01,843,0.00668159174,0.00606415235,4.07694097e-05,6,0,1
0.01,844,0.00671481248,0.00608755928,4.14542192e-05,6,0,1
0.01,845,0.00672355434,0.00609566737,4.15229442e-05,6,0,1
0.01,846,0.00673261983,0.00610408606,4.15082504e-05,6,0,1
0.01,847,0.00674076052,0.00611164141,4.17097253e-05,6,0,1
0.01,848,0.00674955919,0.00611981144,4.17548617e-05,6,0,1
0.01,849,0.00681292405,0.00617390499,5.60454646e-05,6,2,1
0.01,850,0.0068212999,0.00618167454,5.78718718e-05,6,2,1
0.01,851,0.00677568465,0.006144071,4.19677235e-05,6,0,1
0.01,852,0.00675923657,0.00613623671,4.15298709e-05,6,0,1
0.01,853,0.0067685321,0.00614486448,4.14836541e-05,6,0,1
0.01,854,0.00677628256,0.00615208782,4.17255433e-05,6,0,1
0.01,855,0.00681019388,0.00617611594,4.2334741e-05,6,0,1
0.01,856,0.00654230965,0.00594876753,4.14765964e-05,6,0,1
0.01,857,0.00680207368,0.0061760447,4.20024153e-05,6,0,1
0.01,858,0.00683619594,0.00620026235,4.25895705e-05,6,0,1
0.01,859,0.00684464443,0.00620810362,4.27318846e-05,6,0,1
0.01,860,0.00682885433,0.00620090868,4.2093583e-05,6,0,1
0.01,861,0.00683727441,0.00620873366,4.22215817e-05,6,0,1
0.01,862,0.00666581234,0.00606469065,3.50581904e-05,6,0,1
0.01,863,0.00687941583,0.00624040095,4.30582768e-05,6,0,1
0.01,864,0.00686293328,0.00623256154,4.25519102e-05,6,0,1
0.01,865,0.00687170029,0.00624071807,4.25985963e-05,6,0,1
0.01,866,0.00688049151,0.00624888856,4.26561419e-05,6,0,1
0.01,867,0.00691487314,0.00627333205,4.32391353e-05,6,0,1
0.01,868,0.00692334771,0.00628120359,4.33747737e-05,6,0,1
0.01,869,0.00693237036,0.00628958736,4.33838068e-05,6,0,1
0.01,870,0.00691604381,0.00628189882,4.28345193e-05,6,0,1
0.01,871,0.00700538559,0.00635278923,5.93750046e-05,6,2,1
0.01,872,0.00667397538,0.00607132912,4.28479834e-05,6,0,1
0.01,873,0.00668453891,0.00608112384,4.28294734e-05,6,0,1
0.01,874,0.00669059251,0.00608676951,4.32474189e-05,6,0,1
0.01,875,0.00698410301,0.00633764546,4.40073454e-05,6,0,1
0.01,876,0.00704925833,0.00639359048,5.71116434e-05,6,2,1
0.01,877,0.00705828518,0.00640202733,6.11533396e-05,6,2,1
0.01,878,0.00706717605,0.00641031144,5.76370767e-05,6,2,1
0.01,879,0.00707629137,0.00641878368,5.61762536e-05,6,2,1
0.01,880,0.0070280605,0.00637848768,4.43547324e-05,6,0,1
0.01,881,0.0068315519,0.006218981,3.58575999e-05,6,0,1
0.01,882,0.00710253278,0.0064431834,6.18458944e-05,6,2,1
0.01,883,0.00705414312,0.00640274584,4.46170416e-05,6,0,1
0.01,884,0.00647671893,0.00592248747,6.94948249e-05,6,0,1
0.01,885,0.0070712748,0.00641866494,4.48656501e-05,6,0,1
0.01,886,0.00705415383,0.00641029608,4.43612662e-05,6,0,1
0.01,887,0.00652566133,0.00596661912,6.79707664e-05,6,0,1
0.01,888,0.00707220566,0.00642707758,4.44018333e-05,6,0,1
0.01,889,0.00693632243,0.00631839409,3.39572725e-05,6,0,1
0.01,890,0.00708973361,0.0064433571,4.4571032e-05,6,0,1
0.01,891,0.00712399976,0.00646768138,4.53060748e-05,6,0,1
0.01,892,0.0071902466,0.00652476819,6.24727909e-05,6,2,1
0.01,893,0.00714139314,0.00648385286,4.55015834e-05,6,0,1
0.01,894,0.00715061883,0.00649242848,4.54802357e-05,6,0,1
0.01,895,0.00659836596,0.00603427133,6.81182937e-05,6,0,1
0.01,896,0.00722589437,0.00655799638,5.92773431e-05,6,2,1
0.01,897,0.00723482948,0.00656627025,6.03695007e-05,6,2,1
0.01,898,0.00715988316,0.00650860649,4.51599517e-05,6,0,1
0.01,899,0.00690122042,0.00628294051,4.50107218e-05,6,0,1
0.01,900,0.00663031824,0.00606466271,6.97044234e-05,6,0,1
0.01,901,0.00718589313,0.00653280597,4.5452387e-05,6,0,1
0.01,902,0.00722052157,0.00655742642,4.62089192e-05,6,0,1
0.01,903,0.00720312307,0.00654883217,4.56767084e-05,6,0,1
0.01,904,0.00664881803,0.00608311035,7.08999287e-05,6,0,1
0.01,905,0.00730558811,0.00663218321,6.31969524e-05,6,2,1
0.01,906,0.00722947437,0.00657335017,4.59104886e-05,6,0,1
0.01,907,0.00726465508,0.00659847818,4.65767916e-05,6,0,1
0.01,908,0.00697474927,0.00635146582,4.60791343e-05,6,0,1
0.01,909,0.00729497429,0.00662115915,4.68741819e-05,6,0,1
0.01,910,0.00730400532,0.0066295499,4.69075349e-05,6,0,1
0.01,911,0.00727371778,0.0066145109,4.6243531e-05,6,0,1
0.01,912,0.007282048,0.00662226789,4.64150253e-05,6,0,1
0.01,913,0.00729114562,0.00663072523,4.64402219e-05,6,0,1
0.01,914,0.0073004989,0.00663942378,4.64103032e-05,6,0,1
0.01,915,0.00711789262,0.00648566801,3.87603286e-05,6,0,1
0.01,916,0.00734341424,0.00667174067,4.74330445e-05,6,0,1
0.01,917,0.00732632168,0.00666344631,4.67835816e-05,6,0,1
0.01,918,0.00736124674,0.00668834336,4.75503693e-05,6,0,1
0.01,919,0.00737011572,0.00669659441,4.76226523e-05,6,0,1
0.01,920,0.00735287927,0.00668817665,4.69785809e-05,6,0,1
0.01,921,0.00736126956,0.00669599418,4.71373532e-05,6,0,1
0.01,922,0.00737093762,0.00670496933,4.70679079e-05,6,0,1
0.01,923,0.00712005422,0.00648673577,4.53058201e-05,6,0,1
0.01,924,0.00747448206,0.00678945286,6.5414235e-05,6,2,1
0.01,925,0.00713183545,0.00649776217,4.61021991e-05,6,0,1
0.01,926,0.00684454245,0.00626568729,7.1769573e-05,6,0,1
0.01,927,0.00744103035,0.00676258188,4.82328796e-05,6,0,1
0.01,928,0.00742368773,0.00675402163,4.76461173e-05,6,0,1
0.01,929,0.00743237697,0.00676218141,4.76790337e-05,6,0,1
0.01,930,0.00717095146,0.00653428212,4.67973077e-05,6,0,1
0.01,931,0.00716837868,0.00653199246,4.80834278e-05,6,0,1
0.01,932,0.00754530821,0.00685540773,6.32442461e-05,6,2,1
0.01,933,0.00746713346,0.0067945444,4.8119342e-05,6,0,1
0.01,934,0.00750289299,0.00682017766,4.88187252e-05,6,0,1
0.01,935,0.00751140155,0.00682810089,4.89788472e-05,6,0,1
0.01,936,0.00752081908,0.00683686463,4.89449158e-05,6,0,1
0.01,937,0.0075021768,0.00682718121,4.85044438e-05,6,0,1
0.01,938,0.00751113659,0.00683551095,4.85801866e-05,6,0,1
0.01,939,0.00693326071,0.00635013124,7.46577789e-05,6,0,1
0.01,940,0.00752869947,0.00685188547,4.87499783e-05,6,0,1
0.01,941,0.00753736217,0.00685995584,4.88689548e-05,6,0,1
0.01,942,0.00757310493,0.0068855565,4.9638671e-05,6,0,1
0.01,943,0.00759534584,0.00690067979,4.97866204e-05,6,0,1
0.01,944,0.00760429306,0.0069090114,4.98581721e-05,6,0,1
0.01,945,0.00757270027,0.00689285388,4.92373219e-05,6,0,1
0.01,946,0.00760869216,0.00691869762,4.9952574e-05,6,0,1
0.01,947,0.00767767895,0.00697877677,6.34769385e-05,6,2,1
0.01,948,0.00759931607,0.00691766571,4.94552369e-05,6,0,1
0.01,949,0.00760783954,0.00692560943,4.96068351e-05,6,0,1
0.01,950,0.00764409499,0.00695167435,5.03155788e-05,6,0,1
0.01,951,0.00765293371,0.00695990538,5.04162053e-05,6,0,1
0.01,952,0.00763436873,0.0069503109,4.98876907e-05,6,0,1
0.01,953,0.00764336949,0.00695871143,4.99306261e-05,6,0,1
0.01,954,0.00765243359,0.00696715526,4.99757225e-05,6,0,1
0.01,955,0.00704499194,0.00645641889,7.78832764e-05,6,0,1
0.01,956,0.00766990241,0.00698342221,5.0210976e-05,6,0,1
0.01,957,0.00767851295,0.00699145906,5.03351694e-05,6,0,1
0.01,958,0.0076873526,0.00699969754,5.04226336e-05,6,0,1
0.01,959,0.00750308484,0.00684496295,4.13830057e-05,6,0,1
0.01,960,0.00770558883,0.00701668765,5.05003081e-05,6,0,1
0.01,961,0.00771456212,0.0070250351,5.05864082e-05,6,0,1
0.01,962,0.00775095448,0.00705122855,5.13177947e-05,6,0,1
0.01,963,0.00776001438,0.00705966912,5.13751329e-05,6,0,1
0.01,964,0.0071449657,0.00654864404,7.65963923e-05,6,0,1
0.01,965,0.00777743105,0.00707590301,5.16295513e-05,6,0,1
0.01,966,0.00784862041,0.00713821687,6.64842955e-05,6,2,1
0.01,967,0.00776814017,0.00707498938,5.10294667e-05,6,0,1
0.01,968,0.00717103854,0.00657366402,7.74972577e-05,6,0,1
0.01,969,0.00778582226,0.00709147193,5.1223753e-05,6,0,1
0.01,970,0.00788470171,0.00717183948,6.80307348e-05,6,2,1
0.01,971,0.00783115905,0.00712597836,5.21042093e-05,6,0,1
0.01,972,0.00765554281,0.00698917825,3.97282347e-05,6,0,1
0.01,973,0.00767061114,0.0070033567,3.91274079e-05,6,0,1
0.01,974,0.00753887184,0.00687771477,5.13672785e-05,6,0,1
0.01,975,0.00754727609,0.0068855728,5.14157364e-05,6,0,1
0.01,976,0.00756213162,0.00689938199,5.08159501e-05,6,0,1
0.01,977,0.00788453408,0.00717573613,5.26728727e-05,6,0,1
0.01,978,0.00786520354,0.00716549717,5.21500879e-05,6,0,1
0.01,979,0.0072799786,0.00667464547,7.76254747e-05,6,0,1
0.01,980,0.0072648651,0.00666227192,7.90619742e-05,6,0,1
0.01,981,0.00789195765,0.00719044451,5.24191491e-05,6,0,1
0.01,982,0.00792922545,0.00721740397,5.31090664e-05,6,0,1
0.01,983,0.00770132244,0.00702997576,4.4409011e-05,6,0,1
0.01,984,0.00730233546,0.00669718301,7.92296196e-05,6,0,1
0.01,985,0.00792781729,0.00722388551,5.27344637e-05,6,0,1
0.01,986,0.00796489604,0.0072506615,5.34965075e-05,6,0,1
0.01,987,0.00797398109,0.00725913933,5.35474792e-05,6,0,1
0.01,988,0.00798229128,0.00726689212,5.3777756e-05,6,0,1
0.01,989,0.00796375051,0.00725740613,5.30392172e-05,6,0,1
0.01,990,0.00777007453,0.00709425937,4.40358126e-05,6,0,1
0.01,991,0.00778098358,0.00710446388,4.38829302e-05,6,0,1
0.01,992,0.00736213569,0.00675373618,8.0845879e-05,6,0,1
0.01,993,0.00737138325,0.00676253578,8.05039308e-05,6,0,1
0.01,994,0.00810027588,0.00737304334,7.29297681e-05,6,2,1
0.01,995,0.00773373526,0.00705958437,5.1818628e-05,6,0,1
0.01,996,0.00802622549,0.00731568923,5.36849839e-05,6,0,1
0.01,997,0.0080635827,0.00734271482,5.44501745e-05,6,0,1
0.01,998,0.00788359996,0.00720224762,4.16505427e-05,6,0,1
0.01,999,0.00805297866,0.00734065752,5.39656685e-05,6,0,1
0.01,1000,0.00810428523,0.00737500098,5.48252574e-05,6,0,1
0.01,1001,0.00809903257,0.0073757912,5.49094038e-05,6,0,1
0.01,1002,0.00817294605,0.00744092278,7.26909057e-05,6,2,1
0.01,1003,0.00745551148,0.00684178714,8.10913043e-05,6,0,1
0.01,1004,0.00809755363,0.00738223922,5.44766262e-05,6,0,1
0.01,1005,0.00813534111,0.00740966573,5.51892117e-05,6,0,1
0.01,1006,0.0081440974,0.00741782598,5.5341352e-05,6,0,1
0.01,1007,0.00812523067,0.00740806339,5.45940893e-05,6,0,1
0.01,1008,0.00750581361,0.00688826246,8.15540916e-05,6,0,1
0.01,1009,0.00814287364,0.0074245492,5.48169701e-05,6,0,1
0.01,1010,0.00818015635,0.00745149329,5.5671786e-05,6,0,1
0.01,1011,0.00818873569,0.0074595008,5.58543106e-05,6,0,1
0.01,1012,0.00787080824,0.00718785776,5.41201953e-05,6,0,1
0.01,1013,0.00827287789,0.00753421383,7.65309742e-05,6,2,1
0.01,1014,0.00821651518,0.00748542417,5.59581131e-05,6,0,1
0.01,1015,0.00822501816,0.0074933609,5.61671695e-05,6,0,1
0.01,1016,0.00823392905,0.00750168273,5.62716996e-05,6,0,1
0.01,1017,0.00821498036,0.0074918624,5.54880498e-05,6,0,1
0.01,1018,0.00825246423,0.00751898158,5.63457106e-05,6,0,1
0.01,1019,0.00832800288,0.00758576952,7.44633726e-05,6,2,1
0.01,1020,0.00827008113,0.00753542874,5.66224189e-05,6,0,1
0.01,1021,0.00834572408,0.00760222506,7.78930262e-05,6,2,1
0.01,1022,0.00828805566,0.00755221397,5.68128016e-05,6,0,1
0.01,1023,0.00796150323,0.00727270404,5.57524618e-05,6,0,1
0.001,0,4.73690452e-05,0,0,8,0,1
0.001,1,5.45713119e-05,6.4694641e-06,5.31619904e-08,8,0,1
0.001,2,6.18794002e-05,1.294921e-05,9.39498577e-08,8,0,1
0.001,3,6.89818116e-05,1.9413912e-05,1.59659379e-07,8,0,1
0.001,4,7.62943237e-05,2.59056942e-05,1.88138529e-07,8,0,1
0.001,5,8.35046812e-05,3.23867571e-05,2.35304725e-07,8,0,1
0.001,6,9.07160575e-05,3.88693006e-05,2.82534529e-07,8,0,1
0.001,7,9.84867802e-05,4.56938942e-05,3.95100102e-07,7,2,1
0.001,8,0.000106270309,5.20895919e-05,3.22313042e-07,7,2,1
0.001,9,0.000112344627,5.82593566e-05,5.05417006e-07,8,0,1
0.001,10,0.00011995947,6.54272153e-05,6.4343368e-07,8,0,1
0.001,11,0.000127314299,7.19607633e-05,7.13986026e-07,8,0,1
0.001,12,0.000134583068,7.85137527e-05,7.79252105e-07,8,0,1
0.001,13,0.000141853699,8.50683064e-05,8.44561441e-07,8,0,1
0.001,14,0.000149836356,9.12323012e-05,5.65998221e-07,7,2,1
0.001,15,0.000156400551,9.81834019e-05,9.75386911e-07,8,0,1
0.001,16,0.000164844852,0.000104218583,6.01262286e-07,7,2,1
0.001,17,0.000170953193,0.000111304515,1.10637166e-06,8,0,1
0.001,18,0.000178913877,0.000117362833,7.30879947e-07,7,2,1
0.001,19,0.000185438083,0.000124466227,1.22745007e-06,8,0,1
0.001,20,0.000193462416,0.000130437911,8.17071168e-07,7,2,1
0.001,21,0.000200008188,0.000137606272,1.35786729e-06,8,0,1
0.001,22,0.0002084765,0.000143419806,8.29748615e-07,7,2,1
0.001,23,0.000214655563,0.00015071503,1.50091751e-06,8,0,1
0.001,24,0.00022194389,0.000157288494,1.56681517e-06,8,0,1
0.001,25,0.000229233177,0.000163862976,1.63273774e-06,8,0,1
0.001,26,0.00023646382,0.000170487881,1.68492511e-06,8,0,1
0.001,27,0.000243760267,0.000177069742,1.75048547e-06,8,0,1
0.001,28,0.000251119287,0.000183604541,1.83118277e-06,8,0,1
0.001,29,0.000258357497,0.000190238381,1.88183333e-06,8,0,1
0.001,30,0.000265923562,0.000196869121,1.90778837e-06,8,0,1
0.001,31,0.000272960722,0.000203413103,2.013423e-06,8,0,1
0.001,32,0.000280265842,0.000210004364,2.07929497e-06,8,0,1
0.001,33,0.000287572708,0.000216597342,2.14522493e-06,8,0,1
0.001,34,0.000296560931,0.00022334783,2.10667145e-06,7,2,1
0.001,35,0.000302241911,0.000229727069,2.2960362e-06,8,0,1
0.001,36,0.000311197655,0.000236551336,2.23233405e-06,7,2,1
0.001,37,0.000318519946,0.000243156741,2.29134434e-06,7,2,1
0.001,38,0.000324130466,0.000249586359,2.47574712e-06,8,0,1
0.001,39,0.000333165808,0.000256369385,2.42587907e-06,7,2,1
0.001,40,0.000340489729,0.000262977293,2.49752907e-06,7,2,1
0.001,41,0.00034834462,0.000269586191,2.58788282e-06,7,2,1
0.001,42,0.000353409443,0.000276011997,2.74121976e-06,8,0,1
0.001,43,0.000360734295,0.000282623514,2.80776021e-06,8,0,1
0.001,44,0.000368059846,0.000289236079,2.87432727e-06,8,0,1
0.001,45,0.000375386764,0.000295850128,2.94094821e-06,8,0,1
0.001,46,0.000382848841,0.000302507222,2.97620454e-06,8,0,1
0.001,47,0.000390048779,0.000309086172,3.07441246e-06,8,0,1
0.001,48,0.000397379656,0.000315704616,3.14118415e-06,8,0,1
0.001,49,0.000407545478,0.000322536449,3.14477847e-06,7,2,1
0.001,50,0.000412049965,0.000328949856,3.27501266e-06,8,0,1
0.001,51,0.000419387507,0.000335575052,3.34199194e-06,8,0,1
0.001,52,0.000426727318,0.000342202373,3.40902739e-06,8,0,1
0.001,53,0.000434205343,0.000348877453,3.43989586e-06,8,0,1
0.001,54,0.000441412791,0.0003554633,3.54328745e-06,8,0,1
0.001,55,0.000448779028,0.000362000719,3.64011612e-06,8,0,1
0.001,56,0.000456124108,0.000368633337,3.70791599e-06,8,0,1
0.001,57,0.000463451172,0.000375365693,3.74512911e-06,8,0,1
0.001,58,0.00047369668,0.000382251659,3.74127376e-06,7,2,1
0.001,59,0.000480541901,0.000388906861,3.75376521e-06,7,2,1
0.001,60,0.000487902667,0.000395553041,3.81985183e-06,7,2,1
0.001,61,0.000492872787,0.000401822181,4.04774801e-06,8,0,1
0.001,62,0.000502636598,0.000408857188,3.92415723e-06,7,2,1
0.001,63,0.000509996084,0.000415503164,4.01366924e-06,7,2,1
0.001,64,0.000517881708,0.000422149198,4.11967994e-06,7,2,1
0.001,65,0.000523203809,0.000428790634,4.27525129e-06,7,2,1
0.001,66,0.000529667654,0.000435059483,4.38921779e-06,8,0,1
0.001,67,0.00053702842,0.00044182883,4.4216722e-06,8,0,1
0.001,68,0.000544397801,0.000448367064,4.52619406e-06,8,0,1
0.001,69,0.000552731159,0.000455436762,4.53602297e-06,7,2,1
0.001,70,0.000559134409,0.000461681688,4.66345045e-06,8,0,1
0.001,71,0.000566503382,0.000468339887,4.73202817e-06,8,0,1
0.001,72,0.000573883066,0.000475129636,4.76215155e-06,8,0,1
0.001,73,0.000581253844,0.000481668423,4.8697384e-06,8,0,1
0.001,74,0.000588629046,0.000488332938,4.93857624e-06,8,0,1
0.001,75,0.000598515442,0.000495641958,4.5701081e-06,7,2,1
0.001,76,0.000603396911,0.000501802133,5.03563206e-06,8,0,1
0.001,77,0.000610778923,0.00050847407,5.1040779e-06,8,0,1
0.001,78,0.000618165941,0.000515150954,5.17269746e-06,8,0,1
0.001,79,0.000625549874,0.000521824812,5.24132383e-06,8,0,1
0.001,80,0.000632928219,0.000528369623,5.35330491e-06,8,0,1
0.001,81,0.000641024148,0.000535465661,5.42591897e-06,7,1,1
0.001,82,0.000650808448,0.000542485272,4.85146666e-06,7,2,1
0.001,83,0.00065430929,0.000546832918,4.34531148e-06,8,0,1
0.001,84,0.000661868602,0.00055292761,4.14888063e-06,8,0,1
0.001,85,0.000669173431,0.000560666202,4.59534385e-06,8,0,1
0.001,86,0.000676567433,0.000567341805,4.65194626e-06,8,0,1
0.001,87,0.000683865335,0.00057350134,4.56478028e-06,8,0,1
0.001,88,0.00069126091,0.000580175605,4.61986929e-06,8,0,1
0.001,89,0.000698753865,0.000587374554,4.8219199e-06,8,0,1
0.001,90,0.000709511805,0.000596003782,5.51964968e-06,7,2,1
0.001,91,0.000713514688,0.000599850377,4.63947208e-06,8,0,1
0.001,92,0.000724335667,0.000609412848,5.66445215e-06,7,2,1
0.001,93,0.000728259271,0.000613566197,4.89579679e-06,8,0,1
0.001,94,0.000737285358,0.000622511026,6.37547146e-06,7,1,1
0.001,95,0.000747203245,0.000629083894,6.90716115e-06,7,2,1
0.001,96,0.000750589301,0.000634187076,5.22058372e-06,8,0,1
0.001,97,0.000760152587,0.000642788305,6.34598155e-06,7,2,1
0.001,98,0.000765410543,0.000647574605,5.33496132e-06,8,0,1
0.001,99,0.000772711006,0.000653692055,5.2288683e-06,8,0,1
0.001,100,0.000780123344,0.000660383666,5.28456485e-06,8,0,1
0.001,101,0.000789892569,0.000669667672,6.62781349e-06,7,2,1
0.001,102,0.000794959022,0.000673778355,5.39614302e-06,8,0,1
0.001,103,0.000804760202,0.000683113001,6.79071945e-06,7,2,1
0.001,104,0.000809933525,0.00068779639,5.67990992e-06,8,0,1
0.001,105,0.000817358377,0.000694504823,5.73752595e-06,8,0,1
0.001,106,0.000827026786,0.000703296682,6.98447548e-06,7,1,1
0.001,107,0.000833863975,0.000709887652,7.23553967e-06,7,1,1
0.001,108,0.000841299538,0.000716616807,7.32621493e-06,7,1,1
0.001,109,0.000846937357,0.000720715616,5.78865001e-06,8,0,1
0.001,110,0.000854369544,0.000727428705,5.84496138e-06,8,0,1
0.001,111,0.0008618047,0.000734143541,5.90130185e-06,8,0,1
0.001,112,0.000869241543,0.000740861113,5.95786742e-06,8,0,1
0.001,113,0.000878529041,0.000750311709,7.67877646e-06,7,1,1
0.001,114,0.00088902819,0.000756882597,8.129261e-06,7,2,1
0.001,115,0.000891711621,0.000761698,6.31732428e-06,8,0,1
0.001,116,0.00090106338,0.000770341314,7.80749087e-06,7,1,1
0.001,117,0.000911392621,0.000777118956,8.36686468e-06,7,2,1
0.001,118,0.000914050848,0.000781891868,6.49244566e-06,8,0,1
0.001,119,0.000921341474,0.000787925848,6.35438209e-06,8,0,1
0.001,120,0.000928951893,0.000795362634,6.60941396e-06,8,0,1
0.001,121,0.0009380501,0.000803896808,8.60348337e-06,7,1,1
0.001,122,0.000944119296,0.000810080674,8.90300907e-06,8,0,1
0.001,123,0.000951577094,0.000816831889,8.97960945e-06,8,0,1
0.001,124,0.000961461454,0.000824322517,8.44580518e-06,7,2,1
0.001,125,0.000970933586,0.000831303536,7.67855818e-06,7,2,1
0.001,126,0.000973972026,0.000837106549,9.21007995e-06,8,0,1
0.001,127,0.000981689547,0.000844019931,9.14697102e-06,8,0,1
0.001,128,0.000988902175,0.000850624288,9.36366177e-06,8,0,1
0.001,129,0.000996369985,0.000857385981,9.44053136e-06,8,0,1
0.001,130,0.00100831036,0.000865151291,8.00878206e-06,7,2,1
0.001,131,0.00101131632,0.000870920019,9.59473437e-06,8,0,1
0.001,132,0.00102327939,0.000878707971,8.11833888e-06,7,2,1
0.001,133,0.00102626323,0.000884455512,9.74893737e-06,8,0,1
0.001,134,0.00103401358,0.000891401607,9.67903816e-06,8,0,1
0.001,135,0.00104149245,0.000898174709,9.75515104e-06,8,0,1
0.001,136,0.00105322571,0.000905831752,8.39224685e-06,7,2,1
0.001,137,0.00106071716,0.000912618591,8.45621798e-06,7,2,1
0.001,138,0.0010662867,0.00091917254,9.43870873e-06,7,2,1
0.001,139,0.00107144192,0.000925301865,1.00608177e-05,8,0,1
0.001,140,0.00108013302,0.000932562863,1.00579227e-05,7,1,1
0.001,141,0.00108614506,0.000938693644,1.036905e-05,8,0,1
0.001,142,0.00109391566,0.000945660577,1.02906524e-05,8,0,1
0.001,143,0.00110141444,0.000952453935,1.03674029e-05,8,0,1
0.001,144,0.00111320254,0.000960170641,8.93473407e-06,7,2,1
0.001,145,0.00111761841,0.000966523716,1.04900819e-05,7,1,1
0.001,146,0.00112362998,0.000972653856,1.07586911e-05,8,0,1
0.001,147,0.00113141676,0.000979637494,1.06748894e-05,8,0,1
0.001,148,0.00113891624,0.000986432889,1.07519008e-05,8,0,1
0.001,149,0.00114642433,0.000993236434,1.08289742e-05,8,0,1
0.001,150,0.0011539337,0.00100004114,1.09060884e-05,8,0,1
0.001,151,0.00116144237,0.00100684585,1.09833709e-05,8,0,1
0.001,152,0.00117330218,0.00101463636,9.44223029e-06,7,2,1
0.001,153,0.00117617147,0.00102026574,1.13061978e-05,8,0,1
0.001,154,0.0011860329,0.00102795626,1.07394635e-05,7,1,1
0.001,155,0.00119586522,0.00103508867,9.64612991e-06,7,2,1
0.001,156,0.00120027771,0.00104143377,1.12830867e-05,7,1,1
0.001,157,0.00121091527,0.00104873197,9.78831122e-06,7,2,1
0.001,158,0.00121375918,0.00105433422,1.16993733e-05,8,0,1
0.001,159,0.00122129405,0.00106116466,1.17786931e-05,8,0,1
0.001,160,0.00123349892,0.00106920558,1.00213656e-05,7,2,1
0.001,161,0.00123694818,0.00107510597,1.15888524e-05,8,0,1
0.001,162,0.00124690798,0.00108265062,1.10240653e-05,7,1,1
0.001,163,0.0012516994,0.00108865916,1.19146134e-05,8,0,1
0.001,164,0.00125892321,0.001095279,1.21732219e-05,8,0,1
0.001,165,0.00126645691,0.00110210967,1.22524225e-05,8,0,1
0.001,166,0.00127430062,0.0011091514,1.2148842e-05,8,0,1
0.001,167,0.00128627499,0.00111706275,1.04801875e-05,7,2,1
0.001,168,0.00129148946,0.00112356711,1.18064336e-05,7,1,1
0.001,169,0.00129661569,0.00112945703,1.25700399e-05,8,0,1
0.001,170,0.00130446441,0.00113650504,1.24618891e-05,8,0,1
0.001,171,0.00131201488,0.00114335248,1.2540313e-05,8,0,1
0.001,172,0.00131924613,0.00114998035,1.28086422e-05,8,0,1
0.001,173,0.00132984295,0.00115790335,1.18807639e-05,7,2,1
0.001,174,0.00133802509,0.00116485916,1.15756029e-05,7,1,1
0.001,175,0.00134221208,0.00117074139,1.28547945e-05,8,0,1
0.001,176,0.0013494452,0.0011773716,1.31276392e-05,8,0,1
0.001,177,0.0013601383,0.00118534546,1.21042085e-05,7,1,1
0.001,178,0.00136702519,0.00119208195,1.25840306e-05,7,1,1
0.001,179,0.00137243676,0.00119815883,1.31700608e-05,8,0,1
0.001,180,0.00137967779,0.00120479683,1.34478114e-05,8,0,1
0.001,181,0.00138972781,0.00121267943,1.27819167e-05,7,1,1
0.001,182,0.00139796629,0.00121965865,1.25261031e-05,7,2,1
0.001,183,0.00140404759,0.00122623309,1.33856411e-05,7,1,1
0.001,184,0.00140993297,0.0012322471,1.3768843e-05,8,0,1
0.001,185,0.00141782849,0.00123934308,1.36448662e-05,8,0,1
0.001,186,0.00142540142,0.00124621461,1.37242405e-05,8,0,1
0.001,187,0.00143264001,0.00125285157,1.40099892e-05,8,0,1
0.001,188,0.00144495093,0.00126069621,1.51074855e-05,7,2,1
0.001,189,0.00144779764,0.00126660708,1.41715591e-05,8,0,1
0.001,190,0.00146010437,0.00127444626,1.53404344e-05,7,2,1
0.001,191,0.00146361312,0.00128071569,1.39199255e-05,8,0,1
0.001,192,0.00147375418,0.00128844799,1.32496079e-05,7,1,1
0.001,193,0.00147810089,0.00129411009,1.44941032e-05,8,0,1
0.001,194,0.00148603949,0.00130124844,1.43613333e-05,8,0,1
0.001,195,0.00149328297,0.00130789087,1.46566035e-05,8,0,1
0.001,196,0.00150086789,0.00131477625,1.47375758e-05,8,0,1
0.001,197,0.00150880555,0.00132191437,1.4601048e-05,8,0,1
0.001,198,0.00151640153,0.00132881035,1.46812381e-05,8,0,1
0.001,199,0.00152399822,0.00133570703,1.47615137e-05,8,0,1
0.001,200,0.00153545989,0.0013433781,1.6081276e-05,7,1,1
0.001,201,0.00154212373,0.00135051867,1.39058429e-05,7,1,1
0.001,202,0.00154985976,0.00135745551,1.38630276e-05,7,2,1
0.001,203,0.00155403314,0.00136304391,1.53067922e-05,8,0,1
0.001,204,0.00156343705,0.00137091405,1.49980242e-05,7,1,1
0.001,205,0.00156960741,0.00137711968,1.52438524e-05,8,0,1
0.001,206,0.00157721422,0.00138402742,1.53244473e-05,8,0,1
0.001,207,0.00158447027,0.001390683,1.56343431e-05,8,0,1
0.001,208,0.00159243378,0.00139784929,1.54858608e-05,8,0,1
0.001,209,0.00160316192,0.00140584144,1.44327078e-05,7,2,1
0.001,210,0.0016106274,0.00141273264,1.4613046e-05,7,1,1
0.001,211,0.00161672779,0.00141931209,1.56160659e-05,7,1,1
0.001,212,0.00162586814,0.00142657675,1.47772698e-05,7,1,1
0.001,213,0.00163196726,0.00143315434,1.57931408e-05,7,1,1
0.001,214,0.00164112949,0.001440441,1.48821164e-05,7,1,1
0.001,215,0.0016472179,0.00144700857,1.59515694e-05,7,1,1
0.001,216,0.0016533793,0.00145320734,1.61337266e-05,8,0,1
0.001,217,0.00166248367,0.0014608776,1.60856143e-05,7,1,1
0.001,218,0.00167164579,0.00146816636,1.52145731e-05,7,1,1
0.001,219,0.00167626212,0.00147399656,1.63778786e-05,8,0,1
0.001,220,0.00168389385,0.00148093025,1.64592329e-05,8,0,1
0.001,221,0.00169152778,0.00148786663,1.65408965e-05,8,0,1
0.001,222,0.00169916591,0.00149480719,1.66225473e-05,8,0,1
0.001,223,0.00170680508,0.00150174811,1.67040598e-05,8,0,1
0.001,224,0.00171405869,0.00150840473,1.7033497e-05,8,0,1
0.001,225,0.00172207842,0.00151562784,1.68674342e-05,8,0,1
0.001,226,0.0017297212,0.00152257353,1.69493833e-05,8,0,1
0.001,227,0.00173697795,0.00152923306,1.72821983e-05,8,0,1
0.001,228,0.00174462493,0.00153618283,1.7365368e-05,8,0,1
0.001,229,0.00175227679,0.00154313759,1.74487905e-05,8,0,1
0.001,230,0.00176031236,0.00155037665,1.72773616e-05,8,0,1
0.001,231,0.00176757795,0.0015570448,1.76152407e-05,8,0,1
0.001,232,0.00177523214,0.00156400225,1.76988033e-05,8,0,1
0.001,233,0.00178391952,0.00157148589,1.70618223e-05,8,0,1
0.001,234,0.00179092982,0.00157820806,1.76063695e-05,8,0,1
0.001,235,0.00180261454,0.00158606935,1.92099251e-05,7,1,1
0.001,236,0.00180778618,0.00159293413,1.76603407e-05,7,1,1
0.001,237,0.00181350019,0.00159879064,1.81155883e-05,8,0,1
0.001,238,0.00182311551,0.00160687114,1.78621431e-05,7,1,1
0.001,239,0.00182924734,0.00161304441,1.80191255e-05,8,0,1
0.001,240,0.00183846557,0.00162082771,1.79791405e-05,7,1,1
0.001,241,0.00184417353,0.00162667956,1.84515065e-05,8,0,1
0.001,242,0.00185183622,0.00163364713,1.85350509e-05,8,0,1
0.001,243,0.00186307041,0.00164217711,1.70884232e-05,7,1,1
0.001,244,0.00186760281,0.00164792221,1.84335513e-05,8,0,1
0.001,245,0.00187527598,0.00165490014,1.8516439e-05,8,0,1
0.001,246,0.00188295543,0.00166188413,1.8599505e-05,8,0,1
0.001,247,0.00189063465,0.00166886789,1.86824418e-05,8,0,1
0.001,248,0.00189866847,0.00167600217,1.85029548e-05,8,0,1
0.001,249,0.00190599449,0.00168283854,1.88491376e-05,8,0,1
0.001,250,0.00191708293,0.00169075897,2.04907319e-05,7,2,1
0.001,251,0.0019245313,0.00169807987,1.78388455e-05,7,1,1
0.001,252,0.00193247735,0.00170474802,2.07075445e-05,7,2,1
0.001,253,0.00193633093,0.00171049591,1.94632994e-05,8,0,1
0.001,254,0.00194938225,0.00171882077,2.08847341e-05,7,1,1
0.001,255,0.00195534714,0.00172611605,1.80291336e-05,7,1,1
0.001,256,0.00195983471,0.0017318168,1.94340028e-05,8,0,1
0.001,257,0.00197062222,0.00173974666,2.1105061e-05,7,1,1
0.001,258,0.00197687442,0.00174672436,1.93665783e-05,7,1,1
0.001,259,0.00198708847,0.00175383454,2.13115218e-05,7,1,1
0.001,260,0.0019901963,0.0017595035,2.00572649e-05,8,0,1
0.001,261,0.00200249651,0.00176785374,2.15453256e-05,7,1,1
0.001,262,0.00200561341,0.00177353248,2.02279316e-05,8,0,1
0.001,263,0.00201333128,0.00178055582,2.0313706e-05,8,0,1
0.001,264,0.00202102493,0.0017875575,2.03984746e-05,8,0,1
0.001,265,0.00203334307,0.00179592345,2.19509875e-05,7,1,1
0.001,266,0.0020410677,0.00180295319,2.20180718e-05,7,1,1
0.001,267,0.002044169,0.00180862122,2.06552031e-05,8,0,1
0.001,268,0.00205188617,0.00181564502,2.07408193e-05,8,0,1
0.001,269,0.00205959473,0.00182266161,2.08261481e-05,8,0,1
0.001,270,0.00206731516,0.0018296889,2.09118534e-05,8,0,1
0.001,271,0.00207548472,0.00183706521,2.06976638e-05,8,0,1
0.001,272,0.00208321353,0.00184410112,2.07824651e-05,8,0,1
0.001,273,0.00209094235,0.00185113726,2.08672682e-05,8,0,1
0.001,274,0.00209822087,0.00185782358,2.12559789e-05,8,0,1
0.001,275,0.00210808683,0.00186615204,2.08665351e-05,7,1,1
0.001,276,0.00211775303,0.0018732755,2.28763911e-05,7,2,1
0.001,277,0.00212186854,0.00187929347,2.12070354e-05,8,0,1
0.001,278,0.00213382021,0.00188738294,2.31767135e-05,7,1,1
0.001,279,0.00214159908,0.00189446518,2.31098893e-05,7,1,1
0.001,280,0.00214507431,0.0019004246,2.1462949e-05,8,0,1
0.001,281,0.00215235422,0.00190711312,2.18594359e-05,8,0,1
0.001,282,0.00216009887,0.00191416591,2.19461654e-05,8,0,1
0.001,283,0.00216784282,0.00192121777,2.20326656e-05,8,0,1
0.001,284,0.00217558211,0.00192826649,2.21192313e-05,8,0,1
0.001,285,0.00218333164,0.00193532463,2.22059625e-05,8,0,1
0.001,286,0.00219476619,0.00194377871,2.37578806e-05,7,1,1
0.001,287,0.00220300793,0.00195087527,2.39142973e-05,7,2,1
0.001,288,0.00221132347,0.00195795996,2.40967966e-05,7,1,1
0.001,289,0.00221909443,0.00196503848,2.41420621e-05,7,1,1
0.001,290,0.00222579646,0.00197204156,2.41518028e-05,7,1,1
0.001,291,0.00223355787,0.00197911123,2.425409e-05,7,1,1
0.001,292,0.00224133022,0.00198619161,2.43199065e-05,7,1,1
0.001,293,0.00224536401,0.0019918303,2.29017169e-05,8,0,1
0.001,294,0.00225314684,0.00199892046,2.29899215e-05,8,0,1
0.001,295,0.00226091011,0.00200599316,2.30771966e-05,8,0,1
0.001,296,0.00226866151,0.00201305584,2.31639806e-05,8,0,1
0.001,297,0.00227691792,0.00202052086,2.29221623e-05,8,0,1
0.001,298,0.00228468934,0.00202760193,2.30084825e-05,8,0,1
0.001,299,0.00229626847,0.00203579292,2.50518569e-05,7,2,1
0.001,300,0.00230350532,0.00204283907,2.5105679e-05,7,1,1
0.001,301,0.00230980152,0.00204989524,2.30735877e-05,7,1,1
0.001,302,0.00231579621,0.0020559493,2.33550418e-05,8,0,1
0.001,303,0.00232357183,0.00206303596,2.34414292e-05,8,0,1
0.001,304,0.00233086199,0.00206973753,2.38658558e-05,8,0,1
0.001,305,0.00234093401,0.00207826938,2.34534145e-05,7,1,1
0.001,306,0.00235131616,0.00208550785,2.56243129e-05,7,1,1
0.001,307,0.00235652924,0.00209248508,2.35439747e-05,7,1,1
0.001,308,0.00236770464,0.00209972542,2.59236167e-05,7,1,1
0.001,309,0.00236979569,0.00210522534,2.43065278e-05,8,0,1
0.001,310,0.00238141674,0.0021138466,2.59661647e-05,7,1,1
0.001,311,0.0023853695,0.00211942242,2.44827916e-05,8,0,1
0.001,312,0.00239317794,0.00212654099,2.45720039e-05,8,0,1
0.001,313,0.00240587862,0.00213524327,2.63810271e-05,7,1,1
0.001,314,0.00241110148,0.00214223564,2.42612387e-05,7,1,1
0.001,315,0.00241890387,0.00214934978,2.43516297e-05,7,1,1
0.001,316,0.00242437003,0.00215497985,2.49260465e-05,8,0,1
0.001,317,0.00243794289,0.00216375571,2.674184e-05,7,1,1
0.001,318,0.00244383956,0.00217075669,2.68138283e-05,7,1,1
0.001,319,0.00244780374,0.00217634812,2.51931724e-05,8,0,1
0.001,320,0.00245652441,0.0021840774,2.45858446e-05,8,0,1
0.001,321,0.00246392377,0.00219099293,2.50142584e-05,8,0,1
0.001,322,0.00247573899,0.0021993299,2.71751305e-05,7,2,1
0.001,323,0.00248294231,0.00220641517,2.72121142e-05,7,1,1
0.001,324,0.00248736958,0.00221237633,2.52783211e-05,8,0,1
0.001,325,0.0024956055,0.00221972121,2.50203921e-05,8,0,1
0.001,326,0.0025030165,0.00222664839,2.54547031e-05,8,0,1
0.001,327,0.00251273462,0.00223492389,2.52956579e-05,7,1,1
0.001,328,0.0025186697,0.00224092673,2.56314142e-05,8,0,1
0.001,329,0.00252597174,0.00224764296,2.6085514e-05,8,0,1
0.001,330,0.00253774319,0.00225639972,2.78565658e-05,7,1,1
0.001,331,0.00254404405,0.00226348732,2.57219035e-05,7,1,1
0.001,332,0.00254944758,0.00226906035,2.6354066e-05,8,0,1
0.001,333,0.00255781575,0.00227663992,2.60742017e-05,8,0,1
0.001,334,0.0025690964,0.00228500227,2.82391484e-05,7,1,1
0.001,335,0.00257760403,0.00229220581,2.8420056e-05,7,2,1
0.001,336,0.00258586928,0.00229939888,2.84848866e-05,7,1,1
0.001,337,0.00259107654,0.00230640126,2.63026195e-05,7,1,1
0.001,338,0.00259649893,0.00231199129,2.68951353e-05,8,0,1
0.001,339,0.00260432577,0.00231913384,2.69847515e-05,8,0,1
0.001,340,0.00261216215,0.00232628547,2.70744131e-05,8,0,1
0.001,341,0.0026251229,0.00233521708,2.89591262e-05,7,1,1
0.001,342,0.00263381656,0.00234242622,2.90475073e-05,7,1,1
0.001,343,0.00263572484,0.00234778947,2.73465157e-05,8,0,1
0.001,344,0.00264357659,0.00235495646,2.74369741e-05,8,0,1
0.001,345,0.00265198294,0.00236257561,2.71438385e-05,8,0,1
0.001,346,0.00265929406,0.00236930256,2.76184837e-05,8,0,1
0.001,347,0.00266769342,0.00237691635,2.73229743e-05,8,0,1
0.001,348,0.00267555029,0.0023840887,2.7412545e-05,8,0,1
0.001,349,0.0026880065,0.00239261147,2.97823608e-05,7,1,1
0.001,350,0.00269128778,0.00239845575,2.75922066e-05,8,0,1
0.001,351,0.0026985954,0.00240518036,2.80726981e-05,8,0,1
0.001,352,0.00270646345,0.00241236412,2.8163633e-05,8,0,1
0.001,353,0.00271841767,0.00242128363,3.00445099e-05,7,1,1
0.001,354,0.00272821262,0.00242858962,3.02761946e-05,7,1,1
0.001,355,0.00273007131,0.00243391935,2.84371308e-05,8,0,1
0.001,356,0.00273796008,0.00244112266,2.85290789e-05,8,0,1
0.001,357,0.0027506887,0.00245012576,3.05058602e-05,7,2,1
0.001,358,0.00275426824,0.00245596236,2.83130266e-05,8,0,1
0.001,359,0.00276292907,0.0024635389,2.76867395e-05,8,0,1
0.001,360,0.0027735848,0.00247165794,3.07601076e-05,7,1,1
0.001,361,0.00277990778,0.00247879233,2.84548059e-05,7,1,1
0.001,362,0.00279131695,0.00248621125,3.09783063e-05,7,1,1
0.001,363,0.00279311533,0.00249149348,2.91693923e-05,8,0,1
0.001,364,0.00280592404,0.00250055501,3.1220563e-05,7,2,1
0.001,365,0.00281498837,0.00250783074,3.13344535e-05,7,1,1
0.001,366,0.00281680189,0.0025131288,2.94458405e-05,8,0,1
0.001,367,0.00282469508,0.0025203391,2.95378977e-05,8,0,1
0.001,368,0.00283786375,0.00252945372,3.15630459e-05,7,1,1
0.001,369,0.00284544355,0.00253663352,3.17446938e-05,7,2,1
0.001,370,0.002851028,0.00254375953,2.90918815e-05,7,1,1
0.001,371,0.00285630464,0.00254921638,2.99073581e-05,8,0,1
0.001,372,0.00286918413,0.00255832123,3.19705359e-05,7,2,1
0.001,373,0.00287629897,0.00256547937,3.19932115e-05,7,1,1
0.001,374,0.00288503664,0.00257279817,3.20844774e-05,7,2,1
0.001,375,0.00288850022,0.00257858285,2.98590785e-05,8,0,1
0.001,376,0.00289642438,0.00258582365,2.99507356e-05,8,0,1
0.001,377,0.0029063737,0.00259433128,2.99372587e-05,7,1,1
0.001,378,0.00291584665,0.00260161608,3.26502923e-05,7,1,1
0.001,379,0.00291956495,0.00260702171,3.0647403e-05,8,0,1
0.001,380,0.00293252617,0.00261617592,3.28918322e-05,7,2,1
0.001,381,0.00292324787,0.00261007342,2.5766316e-05,7,0,1
0.001,382,0.00294473488,0.00262964517,2.9736344e-05,8,0,1
0.001,383,0.00295185205,0.00263648108,3.05933572e-05,8,0,1
0.001,384,0.0029642731,0.00264518033,3.32053532e-05,7,2,1
0.001,385,0.00297219423,0.00265241903,3.33632379e-05,7,2,1
0.001,386,0.00297774677,0.0026595667,3.06237052e-05,7,1,1
0.001,387,0.0029856828,0.00266682194,3.07168921e-05,7,1,1
0.001,388,0.00299091218,0.00267223618,3.14871759e-05,8,0,1
0.001,389,0.00299884682,0.00267949048,3.15807629e-05,8,0,1
0.001,390,0.00301190699,0.00268870755,3.38583923e-05,7,2,1
0.001,391,0.0030153282,0.00269450899,3.13318196e-05,8,0,1
0.001,392,0.00302327191,0.00270177238,3.14242134e-05,8,0,1
0.001,393,0.00303121051,0.00270903064,3.1516829e-05,8,0,1
0.001,394,0.0030428539,0.00271771033,3.40989973e-05,7,1,1
0.001,395,0.00304710632,0.00272356602,3.1702657e-05,8,0,1
0.001,396,0.00305964053,0.00273233466,3.43608663e-05,7,2,1
0.001,397,0.00306300446,0.0027381042,3.18886741e-05,8,0,1
0.001,398,0.0030709398,0.00274536153,3.19811188e-05,8,0,1
0.001,399,0.00308265211,0.00275410269,3.44931868e-05,7,1,1
0.001,400,0.00308686262,0.00275992369,3.21674379e-05,8,0,1
0.001,401,0.00309942616,0.00276871584,3.4915276e-05,7,2,1
0.001,402,0.00310845533,0.00277604861,3.50823029e-05,7,1,1
0.001,403,0.00311012333,0.00278124772,3.28972419e-05,8,0,1
0.001,404,0.00311806053,0.00278850831,3.29910617e-05,8,0,1
0.001,405,0.00312665361,0.00279632048,3.26341942e-05,8,0,1
0.001,406,0.0031340092,0.00280309748,3.31810552e-05,8,0,1
0.001,407,0.00314305699,0.00281116413,3.23858549e-05,8,0,1
0.001,408,0.00314994226,0.00281767314,3.33703938e-05,8,0,1
0.001,409,0.0031623398,0.00282699056,3.54943804e-05,7,1,1
0.001,410,0.00317031029,0.00283428235,3.56288983e-05,7,1,1
0.001,411,0.00317384722,0.00283954386,3.36541561e-05,8,0,1
0.001,412,0.00318182446,0.00284684286,3.37493839e-05,8,0,1
0.001,413,0.00319423969,0.00285617611,3.59990809e-05,7,1,1
0.001,414,0.00319781806,0.00286147697,3.39417347e-05,8,0,1
0.001,415,0.00320642022,0.00286930101,3.35727018e-05,8,0,1
0.001,416,0.00321486313,0.00287686684,3.32220879e-05,8,0,1
0.001,417,0.00322620408,0.00288542453,3.63743675e-05,7,1,1
0.001,418,0.00322972704,0.00289067719,3.43218562e-05,8,0,1
0.001,419,0.00323773734,0.0028980081,3.44184664e-05,8,0,1
0.001,420,0.00324570481,0.00290530105,3.45125263e-05,8,0,1
0.001,421,0.00325816218,0.00291467132,3.68843503e-05,7,1,1
0.001,422,0.0032616898,0.0029199312,3.47042514e-05,8,0,1
0.001,423,0.00327421236,0.00292936107,3.68913461e-05,7,1,1
0.001,424,0.00326828053,0.00292467419,3.21755033e-05,7,0,1
0.001,425,0.00329022342,0.00294401683,3.70922571e-05,7,1,1
0.001,426,0.00329434918,0.00294978032,3.46128945e-05,8,0,1
0.001,427,0.00330169895,0.00295655522,3.51844938e-05,8,0,1
0.001,428,0.00330969715,0.00296387775,3.52801944e-05,8,0,1
0.001,429,0.00331771025,0.00297121401,3.53768701e-05,8,0,1
0.001,430,0.00333026005,0.00298066763,3.77032738e-05,7,1,1
0.001,431,0.00333526125,0.00298691331,3.42234489e-05,8,0,1
0.001,432,0.00334827229,0.00299549615,3.80337697e-05,7,1,1
0.001,433,0.00335530704,0.00300278561,3.8112601e-05,7,2,1
0.001,434,0.0033584456,0.00300846645,3.53743817e-05,8,0,1
0.001,435,0.00336580514,0.00301525113,3.59559781e-05,8,0,1
0.001,436,0.00337380846,0.00302258064,3.60520316e-05,8,0,1
0.001,437,0.00338252378,0.00303051621,3.56612218e-05,8,0,1
0.001,438,0.00338986702,0.00303728716,3.62460196e-05,8,0,1
0.001,439,0.00339789363,0.00304463808,3.63430408e-05,8,0,1
0.001,440,0.00341050606,0.00305414805,3.87569307e-05,7,1,1
0.001,441,0.00341954455,0.00306159887,3.89800189e-05,7,2,1
0.001,442,0.00342266634,0.00306728273,3.61406055e-05,8,0,1
0.001,443,0.00343463919,0.0030762516,3.89719899e-05,7,1,1
0.001,444,0.00343806436,0.00308143254,3.6829384e-05,8,0,1
0.001,445,0.00344611239,0.00308880443,3.69273766e-05,8,0,1
0.001,446,0.00345482444,0.00309674139,3.65252927e-05,8,0,1
0.001,447,0.00346287899,0.00310412003,3.66214517e-05,8,0,1
0.001,448,0.00347090419,0.00311147259,3.67180037e-05,8,0,1
0.001,449,0.00348289683,0.00312045775,3.96608557e-05,7,1,1
0.001,450,0.00348699791,0.00312621752,3.69108348e-05,8,0,1
0.001,451,0.00350003876,0.00313531049,3.99906021e-05,7,2,1
0.001,452,0.00350707071,0.00314260507,3.99264172e-05,7,1,1
0.001,453,0.00351616787,0.00315008545,4.01538382e-05,7,2,1
0.001,454,0.00350825023,0.00314445375,3.48767171e-05,7,0,1
0.001,455,0.00352657144,0.00316252327,3.79037156e-05,8,0,1
0.001,456,0.00353530748,0.00317048538,3.74912343e-05,8,0,1
0.001,457,0.00354338158,0.0031778852,3.7588874e-05,8,0,1
0.001,458,0.00355075533,0.00318468665,3.81985374e-05,8,0,1
0.001,459,0.00355880777,0.00319206668,3.82963699e-05,8,0,1
0.001,460,0.00356686953,0.00319945556,3.83947881e-05,8,0,1
0.001,461,0.00357495574,0.00320686726,3.84939121e-05,8,0,1
0.001,462,0.00358301774,0.00321425684,3.85921594e-05,8,0,1
0.001,463,0.00359773287,0.00322401803,4.14791648e-05,7,1,1
0.001,464,0.00359575846,0.00322224083,3.71564529e-05,7,0,1
0.001,465,0.00360723399,0.00323645491,3.88882399e-05,8,0,1
0.001,466,0.00361531577,0.00324386382,3.89872657e-05,8,0,1
0.001,467,0.00362338405,0.00325126015,3.90856549e-05,8,0,1
0.001,468,0.00363727612,0.00326104928,4.18013624e-05,7,2,1
0.001,469,0.00364073925,0.00326697202,3.8254333e-05,8,0,1
0.001,470,0.00364883011,0.00327439094,3.83517618e-05,8,0,1
0.001,471,0.00366048189,0.00328321569,4.18729651e-05,7,1,1
0.001,472,0.00366539462,0.00328941783,3.81026002e-05,8,0,1
0.001,473,0.00367309712,0.00329664256,3.86423017e-05,8,0,1
0.001,474,0.00368118007,0.00330405449,3.87390974e-05,8,0,1
0.001,475,0.00368878152,0.00331118237,3.93464506e-05,8,0,1
0.001,476,0.00370294997,0.00332047907,4.26144979e-05,7,1,1
0.001,477,0.00370423635,0.00332539831,4.00771933e-05,8,0,1
0.001,478,0.00371358241,0.00333377044,3.91281719e-05,8,0,1
0.001,479,0.00372115709,0.00334087526,3.97401527e-05,8,0,1
0.001,480,0.00372927519,0.00334832072,3.98387383e-05,8,0,1
0.001,481,0.00374348345,0.00335765094,4.31436383e-05,7,1,1
0.001,482,0.00374548486,0.00336318929,4.00366444e-05,8,0,1
0.001,483,0.00375285186,0.00336998841,4.06754189e-05,8,0,1
0.001,484,0.00376095902,0.00337742502,4.07756816e-05,8,0,1
0.001,485,0.00377504039,0.00338735012,4.36314986e-05,7,2,1
0.001,486,0.00377718313,0.00339230848,4.0976025e-05,8,0,1
0.001,487,0.0037853145,0.00339976791,4.10767825e-05,8,0,1
0.001,488,0.00379944476,0.00340972375,4.38441602e-05,7,2,1
0.001,489,0.00380228506,0.00341529725,4.07293483e-05,8,0,1
0.001,490,0.00381039456,0.00342273805,4.08286214e-05,8,0,1
0.001,491,0.00381852221,0.00343019562,4.09280838e-05,8,0,1
0.001,492,0.00382664823,0.00343765179,4.10276116e-05,8,0,1
0.001,493,0.00383568695,0.00344563113,4.01349316e-05,8,0,1
0.001,494,0.00384215103,0.00345191872,4.17793563e-05,8,0,1
0.001,495,0.00385104283,0.00346003752,4.1326457e-05,8,0,1
0.001,496,0.00385916512,0.00346749183,4.14258284e-05,8,0,1
0.001,497,0.00386781804,0.00347527722,4.09920285e-05,8,0,1
0.001,498,0.00387544744,0.0034824356,4.1625819e-05,8,0,1
0.001,499,0.00388358952,0.00348990853,4.17257397e-05,8,0,1
0.001,500,0.00389591279,0.00349918287,4.49453255e-05,7,1,1
0.001,501,0.00389910024,0.00350418501,4.24867394e-05,8,0,1
0.001,502,0.00391338114,0.00351425353,4.53149369e-05,7,2,1
0.001,503,0.00391538255,0.00351913064,4.26895858e-05,8,0,1
0.001,504,0.00392352138,0.00352660194,4.27908053e-05,8,0,1
0.001,505,0.00393336825,0.00353528792,4.13094094e-05,8,0,1
0.001,506,0.00394481095,0.0035440661,4.56101843e-05,7,1,1
0.001,507,0.00394798256,0.00354905752,4.30962027e-05,8,0,1
0.001,508,0.00395688973,0.00355719612,4.26275437e-05,8,0,1
0.001,509,0.00396505836,0.00356469653,4.27287632e-05,8,0,1
0.001,510,0.00396799389,0.0035637226,4.15180621e-05,7,0,1
0.001,511,0.00398137514,0.00357967801,4.29300235e-05,8,0,1
0.001,512,0.00398875354,0.00358649227,4.36037808e-05,8,0,1
0.001,513,0.00399691379,0.00359398546,4.3706983e-05,8,0,1
0.001,514,0.00400586193,0.0036021641,4.32328088e-05,8,0,1
0.001,515,0.00401403382,0.003609668,4.33338937e-05,8,0,1
0.001,516,0.00402273098,0.00361750135,4.28799431e-05,8,0,1
0.001,517,0.00402959296,0.00362399616,4.41161465e-05,8,0,1
0.001,518,0.00403776392,0.00363150029,4.42180681e-05,8,0,1
0.001,519,0.00404671719,0.00363968499,4.37388007e-05,8,0,1
0.001,520,0.00405489514,0.00364719727,4.38402458e-05,8,0,1
0.001,521,0.00406229962,0.00365403551,4.45263177e-05,8,0,1
0.001,522,0.00407126732,0.00366223534,4.40433141e-05,8,0,1
0.001,523,0.00408497546,0.00367177278,4.75425622e-05,7,2,1
0.001,524,0.00408761296,0.00367725082,4.42462624e-05,8,0,1
0.001,525,0.00409580534,0.00368477637,4.43478493e-05,8,0,1
0.001,526,0.00410452392,0.00369263394,4.38843163e-05,8,0,1
0.001,527,0.00411312934,0.00370038208,4.34902577e-05,8,0,1
0.001,528,0.00412132218,0.00370790833,4.35884467e-05,8,0,1
0.001,529,0.00412910944,0.00371522107,4.41865959e-05,8,0,1
0.001,530,0.00413599657,0.00372173963,4.54539768e-05,8,0,1
0.001,531,0.00414930005,0.00373186916,4.8302405e-05,7,1,1
0.001,532,0.00415234827,0.00373676466,4.56574853e-05,8,0,1
0.001,533,0.00416056812,0.00374431815,4.5763376e-05,8,0,1
0.001,534,0.00417592749,0.0037546414,4.89103986e-05,7,1,1
0.001,535,0.00418337714,0.00376215111,4.89352678e-05,7,2,1
0.001,536,0.00418517739,0.00376693276,4.60738593e-05,8,0,1
0.001,537,0.00419418095,0.00377517124,4.55744012e-05,8,0,1
0.001,538,0.00420880597,0.0037848535,4.92391082e-05,7,1,1
0.001,539,0.00420980994,0.00378957111,4.63861215e-05,8,0,1
0.001,540,0.00421802746,0.00379712461,4.64903205e-05,8,0,1
0.001,541,0.00422705524,0.00380538614,4.59862968e-05,8,0,1
0.001,542,0.00423526019,0.00381292822,4.60885167e-05,8,0,1
0.001,543,0.00424347585,0.00382048031,4.61917589e-05,8,0,1
0.001,544,0.00425090175,0.003827343,4.69067127e-05,8,0,1
0.001,545,0.00425993372,0.00383560988,4.63983633e-05,8,0,1
0.001,546,0.00427253451,0.0038451266,5.00018614e-05,7,1,1
0.001,547,0.00427556178,0.00385001348,4.72196698e-05,8,0,1
0.001,548,0.00428459002,0.00385827827,4.6707617e-05,8,0,1
0.001,549,0.00429723877,0.0038678383,5.0309638e-05,7,1,1
0.001,550,0.00430545211,0.0038753897,5.05099742e-05,7,1,1
0.001,551,0.0043157381,0.00388314668,5.08092671e-05,7,1,1
0.001,552,0.00432325248,0.00389070576,5.07717123e-05,7,2,1
0.001,553,0.00432496518,0.00389543781,4.78487636e-05,8,0,1
0.001,554,0.004338447,0.00390572799,5.08399644e-05,7,1,1
0.001,555,0.00432878314,0.0038976972,4.45365295e-05,7,0,1
0.001,556,0.0043569738,0.00392106222,5.13245577e-05,7,1,1
0.001,557,0.00435792096,0.00392574491,4.82678224e-05,8,0,1
0.001,558,0.00436615897,0.00393332122,4.83726399e-05,8,0,1
0.001,559,0.00437442353,0.00394092314,4.84794073e-05,8,0,1
0.001,560,0.00438263733,0.00394847803,4.85829441e-05,8,0,1
0.001,561,0.00439173495,0.0039568115,4.80584713e-05,8,0,1
0.001,562,0.00439998694,0.00396440178,4.81627721e-05,8,0,1
0.001,563,0.00440743193,0.00397128426,4.89009035e-05,8,0,1
0.001,564,0.00442097522,0.00398162939,5.20216818e-05,7,1,1
0.001,565,0.00441078376,0.00397312175,4.54687943e-05,7,0,1
0.001,566,0.00443218648,0.00399405695,4.92173131e-05,8,0,1
0.001,567,0.00444046687,0.00400167517,4.93243206e-05,8,0,1
0.001,568,0.00445541274,0.00401221681,5.2549658e-05,7,2,1
0.001,569,0.00445784163,0.00401762733,4.88956066e-05,8,0,1
0.001,570,0.00446525402,0.00402448094,4.96415378e-05,8,0,1
0.001,571,0.00447437214,0.00403283676,4.91049614e-05,8,0,1
0.001,572,0.00448265485,0.00404045871,4.92105428e-05,8,0,1
0.001,573,0.00449091615,0.00404806109,4.93154148e-05,8,0,1
0.001,574,0.0044992012,0.0040556849,4.94210653e-05,8,0,1
0.001,575,0.00451407954,0.00406558067,5.33509192e-05,7,1,1
0.001,576,0.0045018089,0.00405687233,4.66467245e-05,7,0,1
0.001,577,0.00453064684,0.00408082642,5.36059488e-05,7,1,1
0.001,578,0.00453685317,0.00408824673,5.35986546e-05,7,1,1
0.001,579,0.00454655243,0.00409605913,5.37342166e-05,7,2,1
0.001,580,0.00453444012,0.00408690842,4.69520819e-05,7,0,1
0.001,581,0.00455718953,0.0041090548,5.01593313e-05,8,0,1
0.001,582,0.00457209069,0.00411896873,5.42620292e-05,7,1,1
0.001,583,0.00457291724,0.00412356528,5.10279642e-05,8,0,1
0.001,584,0.00458121486,0.00413120259,5.11352191e-05,8,0,1
0.001,585,0.00459038094,0.0041396087,5.05829339e-05,8,0,1
0.001,586,0.00460530259,0.0041495394,5.46977572e-05,7,1,1
0.001,587,0.00461153127,0.00415698439,5.46514857e-05,7,1,1
0.001,588,0.00461440254,0.00416175649,5.15639185e-05,8,0,1
0.001,589,0.0046281768,0.00417230884,5.47552809e-05,7,1,1
0.001,590,0.00463649957,0.00417997129,5.48214484e-05,7,1,1
0.001,591,0.00464481208,0.0041876249,5.49415308e-05,7,1,1
0.001,592,0.00464851269,0.00419313135,5.13273189e-05,8,0,1
0.001,593,0.00466145109,0.00420294562,5.51344165e-05,7,1,1
0.001,594,0.00466976129,0.00421059737,5.52850324e-05,7,1,1
0.001,595,0.00467811152,0.0042182859,5.52864985e-05,7,1,1
0.001,596,0.00468087941,0.00422296906,5.24244315e-05,8,0,1
0.001,597,0.00469614286,0.00423374958,5.5793269e-05,7,2,1
0.001,598,0.00470514223,0.00424146466,5.59157343e-05,7,1,1
0.001,599,0.00470674271,0.00424675737,5.20752255e-05,8,0,1
0.001,600,0.00472113024,0.00425676024,5.61510569e-05,7,2,1
0.001,601,0.00472804345,0.00426427135,5.61051893e-05,7,1,1
0.001,602,0.00473639509,0.00427196361,5.61552442e-05,7,1,1
0.001,603,0.00474471273,0.00427962467,5.63452231e-05,7,1,1
0.001,604,0.00475304667,0.00428730156,5.64686416e-05,7,1,1
0.001,605,0.00475581968,0.00429199589,5.33996063e-05,8,0,1
0.001,606,0.0047650598,0.00430047698,5.28266864e-05,8,0,1
0.001,607,0.0047781067,0.00431038532,5.66630624e-05,7,1,1
0.001,608,0.0047817356,0.00431584008,5.30413563e-05,8,0,1
0.001,609,0.00479008444,0.00432353327,5.31500482e-05,8,0,1
0.001,610,0.00480456883,0.00433359854,5.72864374e-05,7,2,1
0.001,611,0.00481355377,0.00434132526,5.74615842e-05,7,1,1
0.001,612,0.00482194033,0.00434905197,5.74488222e-05,7,1,1
0.001,613,0.00482256897,0.00435349531,5.4272914e-05,8,0,1
0.001,614,0.00483093504,0.00436120434,5.4383323e-05,8,0,1
0.001,615,0.00484017096,0.00436968589,5.37979395e-05,8,0,1
0.001,616,0.00484853424,0.00437739305,5.39060784e-05,8,0,1
0.001,617,0.00485597737,0.00438428205,5.4710421e-05,8,0,1
0.001,618,0.00486524636,0.00439279526,5.41229929e-05,8,0,1
0.001,619,0.0048783524,0.00440275576,5.81341374e-05,7,1,1
0.001,620,0.00488819182,0.0044106422,5.83996152e-05,7,2,1
0.001,621,0.00489033666,0.00441592047,5.44483046e-05,8,0,1
0.001,622,0.00490556378,0.00442611333,5.86613096e-05,7,1,1
0.001,623,0.00491331238,0.00443379162,5.87537033e-05,7,2,1
0.001,624,0.0049216859,0.0044415025,5.89193442e-05,7,2,1
0.001,625,0.00492858607,0.00444905693,5.88329567e-05,7,1,1
0.001,626,0.00493692979,0.00445674872,5.9094029e-05,7,1,1
0.001,627,0.00493966043,0.00446141837,5.58101092e-05,8,0,1
0.001,628,0.00494804466,0.00446914788,5.59209875e-05,8,0,1
0.001,629,0.00496209878,0.00447995029,5.93784498e-05,7,1,1
0.001,630,0.00497199409,0.00448787026,5.96086029e-05,7,2,1
0.001,631,0.0049702581,0.0044840565,5.4370732e-05,7,0,1
0.001,632,0.00498309359,0.00450128922,5.49639553e-05,8,0,1
0.001,633,0.00498994812,0.0045077852,5.64716465e-05,8,0,1
0.001,634,0.00499174558,0.00450569578,5.42258495e-05,7,0,1
0.001,635,0.00500672963,0.00452325959,5.66954004e-05,8,0,1
0.001,636,0.00502233859,0.00453427993,6.043553e-05,7,2,1
0.001,637,0.00500844931,0.00452362653,5.28032251e-05,7,0,1
0.001,638,0.0050319084,0.00454648025,5.70271295e-05,8,0,1
0.001,639,0.00504028331,0.00455420464,5.71375203e-05,8,0,1
0.001,640,0.00504871458,0.00456198119,5.72508034e-05,8,0,1
0.001,641,0.00505804736,0.00457056146,5.66371855e-05,8,0,1
0.001,642,0.00506551703,0.00457747839,5.74727856e-05,8,0,1
0.001,643,0.0050748568,0.00458606705,5.68573814e-05,8,0,1
0.001,644,0.00509019755,0.00459635165,6.13635639e-05,7,1,1
0.001,645,0.0050907298,0.00460073631,5.78075669e-05,8,0,1
0.001,646,0.00510007842,0.00460933335,5.71886376e-05,8,0,1
0.001,647,0.00510753831,0.0046162433,5.8029389e-05,8,0,1
0.001,648,0.00511595607,0.00462400867,5.81412532e-05,8,0,1
0.001,649,0.00513018947,0.00463497313,6.17235855e-05,7,1,1
0.001,650,0.00513375876,0.00464040739,5.76312814e-05,8,0,1
0.001,651,0.00514217187,0.0046481695,5.7741534e-05,8,0,1
0.001,652,0.00514961127,0.00465506082,5.85887465e-05,8,0,1
0.001,653,0.0051580756,0.00466287136,5.87028699e-05,8,0,1
0.001,654,0.00517235417,0.00467387587,6.22117004e-05,7,1,1
0.001,655,0.00515941484,0.00466289464,5.47032141e-05,7,0,1
0.001,656,0.00516725285,0.00467013381,5.46750489e-05,7,0,1
0.001,657,0.00518483575,0.00468381308,5.67144089e-05,7,0,1
0.001,658,0.00520116743,0.00470261136,5.85204034e-05,8,0,1
0.001,659,0.00520963222,0.00471042376,5.86318929e-05,8,0,1
0.001,660,0.00521707442,0.00471731881,5.94889134e-05,8,0,1
0.001,661,0.00522551592,0.00472511072,5.96006066e-05,8,0,1
0.001,662,0.00523397047,0.0047329138,5.97151629e-05,8,0,1
0.001,663,0.00524829002,0.0047439551,6.34202006e-05,7,1,1
0.001,664,0.00525832362,0.00475195795,6.36682453e-05,7,2,1
0.001,665,0.00526027242,0.00475716777,5.93013647e-05,8,0,1
0.001,666,0.00526773185,0.00476407912,6.0166305e-05,8,0,1
0.001,667,0.00528214499,0.00477520516,6.37432822e-05,7,1,1
0.001,668,0.00528465398,0.00477970159,6.03938679e-05,8,0,1
0.001,669,0.00529408175,0.00478838012,5.97500184e-05,8,0,1
0.001,670,0.0053025349,0.0047961846,5.9861457e-05,8,0,1
0.001,671,0.00529393135,0.00478706276,5.63666727e-05,7,0,1
0.001,672,0.0053244615,0.00481427182,6.43172025e-05,7,1,1
0.001,673,0.00533293374,0.00482209492,6.44182146e-05,7,1,1
0.001,674,0.00533641921,0.00482747238,6.03129483e-05,8,0,1
0.001,675,0.00534386653,0.00483437441,6.11883879e-05,8,0,1
0.001,676,0.00535830949,0.004845527,6.49412614e-05,7,1,1
0.001,677,0.0053444365,0.0048337006,5.69803888e-05,7,0,1
0.001,678,0.00535336277,0.00484193861,5.72021709e-05,7,0,1
0.001,679,0.00537875388,0.00486656837,6.08757036e-05,8,0,1
0.001,680,0.00539437169,0.00487708906,6.55675394e-05,7,1,1
0.001,681,0.00540232938,0.00488488469,6.56955744e-05,7,2,1
0.001,682,0.00541132223,0.00489274412,6.58867575e-05,7,1,1
0.001,683,0.0054193195,0.00490057562,6.58714634e-05,7,2,1
0.001,684,0.00542114768,0.00490572583,6.14418095e-05,8,0,1
0.001,685,0.00542963902,0.00491357036,6.15548925e-05,8,0,1
0.001,686,0.00543814758,0.00492142979,6.16692632e-05,8,0,1
0.001,687,0.00544663332,0.00492926873,6.17820406e-05,8,0,1
0.001,688,0.00545512373,0.00493711326,6.18963168e-05,8,0,1
0.001,689,0.00546360854,0.0049449522,6.20098945e-05,8,0,1
0.001,690,0.00547109265,0.00495189056,6.29051501e-05,8,0,1
0.001,691,0.00548060425,0.00496065523,6.22376392e-05,8,0,1
0.001,692,0.00548908114,0.00496848766,6.23498054e-05,8,0,1
0.001,693,0.00549759483,0.00497635454,6.24653621e-05,8,0,1
0.001,694,0.0055050794,0.00498329382,6.33653326e-05,8,0,1
0.001,695,0.00552181434,0.00499481475,6.74286421e-05,7,1,1
0.001,696,0.00550571224,0.00498268101,5.91535827e-05,7,0,1
0.001,697,0.00553161651,0.00500779413,6.29221904e-05,8,0,1
0.001,698,0.00553911738,0.00501474785,6.38276106e-05,8,0,1
0.001,699,0.00555594219,0.00502634933,6.76621275e-05,7,1,1
0.001,700,0.0055397395,0.00501412712,5.96116042e-05,7,0,1
0.001,701,0.00556627382,0.005039501,6.53928946e-05,8,0,1
0.001,702,0.00557479821,0.00504737999,6.55100594e-05,8,0,1
0.001,703,0.00558999693,0.00505782384,6.82820901e-05,7,1,1
0.001,704,0.00559850316,0.0050656856,6.84871338e-05,7,1,1
0.001,705,0.00559872342,0.0050698407,6.4638094e-05,8,0,1
0.001,706,0.00560830487,0.00507867523,6.39541831e-05,8,0,1
0.001,707,0.005624115,0.00508935889,6.87834181e-05,7,1,1
0.001,708,0.00561660901,0.00508260727,6.23875239e-05,7,0,1
0.001,709,0.00563282892,0.00510136969,6.51013397e-05,8,0,1
0.001,710,0.00564240664,0.00511020282,6.44142856e-05,8,0,1
0.001,711,0.00565096363,0.00511811441,6.45301188e-05,8,0,1
0.001,712,0.00566630997,0.00512877526,6.94541086e-05,7,2,1
0.001,713,0.00566802593,0.00513389101,6.47607667e-05,8,0,1
0.001,714,0.00567655405,0.00514177652,6.48762507e-05,8,0,1
0.001,715,0.00568508636,0.00514966669,6.49917492e-05,8,0,1
0.001,716,0.00569364708,0.00515758339,6.51083246e-05,8,0,1
0.001,717,0.00570219429,0.0051654866,6.52235976e-05,8,0,1
0.001,718,0.00571074337,0.00517339259,6.5338696e-05,8,0,1
0.001,719,0.00571929291,0.00518129999,6.5455577e-05,8,0,1
0.001,720,0.0057347659,0.00519206142,7.03175756e-05,7,2,1
0.001,721,0.00573539641,0.00519621419,6.65076659e-05,8,0,1
0.001,722,0.0057449853,0.00520506175,6.580435e-05,8,0,1
0.001,723,0.00573484553,0.00519452617,6.19982457e-05,7,0,1
0.001,724,0.00575636327,0.00520998053,6.45849432e-05,7,0,1
0.001,725,0.0057519963,0.00521038938,6.22400112e-05,7,0,1
0.001,726,0.0057781525,0.00523576234,6.7093606e-05,8,0,1
0.001,727,0.0057689352,0.00522605982,6.24302775e-05,7,0,1
0.001,728,0.00579632539,0.00525255315,6.65014886e-05,8,0,1
0.001,729,0.0058049201,0.00526050432,6.66196283e-05,8,0,1
0.001,730,0.00581240514,0.00526745012,6.75626652e-05,8,0,1
0.001,731,0.00582900457,0.00527921692,7.18245719e-05,7,2,1
0.001,732,0.00582561316,0.00527517125,6.60286023e-05,8,0,1
0.001,733,0.00583813014,0.005291251,6.79188961e-05,8,0,1
0.001,734,0.0058552362,0.00530309789,7.20905155e-05,7,1,1
0.001,735,0.0058375136,0.0052895057,6.33706368e-05,7,0,1
0.001,736,0.00585940154,0.00530529395,6.60509395e-05,7,0,1
0.001,737,0.00587879773,0.00532665569,7.23652556e-05,7,1,1
0.001,738,0.00587624963,0.00532088708,6.62097955e-05,7,0,1
0.001,739,0.00589814875,0.00534280483,7.28655868e-05,7,1,1
0.001,740,0.00588070601,0.00532947062,6.40245416e-05,7,0,1
0.001,741,0.00591321569,0.00535850506,7.27088773e-05,7,1,1
0.001,742,0.0059165163,0.00536377076,6.8143745e-05,8,0,1
0.001,743,0.00592511706,0.00537173077,6.82613609e-05,8,0,1
0.001,744,0.0059326468,0.00537871942,6.92264002e-05,8,0,1
0.001,745,0.00594120752,0.00538664404,6.93438778e-05,8,0,1
0.001,746,0.00594977522,0.00539457519,6.94610062e-05,8,0,1
0.001,747,0.00596700609,0.00540653151,7.37284936e-05,7,1,1
0.001,748,0.00594927277,0.00539293606,6.49246358e-05,7,0,1
0.001,749,0.00598378386,0.00542242825,7.40332689e-05,7,2,1
0.001,750,0.00599071104,0.00543023599,7.36938091e-05,7,1,1
0.001,751,0.00600101613,0.00543837436,7.43138444e-05,7,2,1
0.001,752,0.00600257749,0.00544343889,6.93245456e-05,8,0,1
0.001,753,0.00600132812,0.00543852523,6.74591065e-05,7,0,1
0.001,754,0.00602689665,0.00546232983,7.46381338e-05,7,2,1
0.001,755,0.00602734182,0.00546638574,7.05413258e-05,8,0,1
0.001,756,0.00603597658,0.00547438208,7.06604478e-05,8,0,1
0.001,757,0.00605283398,0.00548633887,7.48258972e-05,7,2,1
0.001,758,0.00606183428,0.00549432263,7.51175103e-05,7,1,1
0.001,759,0.00607043784,0.00550228963,7.5355485e-05,7,1,1
0.001,760,0.00607909821,0.00551030831,7.53906133e-05,7,1,1
0.001,761,0.00606100773,0.00549639435,6.64083782e-05,7,0,1
0.001,762,0.00608767616,0.00552225998,7.13801855e-05,8,0,1
0.001,763,0.00609633047,0.00553027494,7.15016067e-05,8,0,1
0.001,764,0.00610493263,0.00553824333,7.16198701e-05,8,0,1
0.001,765,0.00610940112,0.0055378559,6.99225784e-05,8,0,1
0.001,766,0.00612334022,0.00555527676,7.09919113e-05,8,0,1
0.001,767,0.00613088207,0.00556227891,7.19844829e-05,8,0,1
0.001,768,0.00614064466,0.00557130575,7.12313195e-05,8,0,1
0.001,769,0.00614818837,0.00557831116,7.22272234e-05,8,0,1
0.001,770,0.00615793606,0.00558732497,7.14712078e-05,8,0,1
0.001,771,0.00616722181,0.00559558813,7.38111412e-05,8,0,1
0.001,772,0.00618065894,0.00560614327,7.67103847e-05,7,1,1
0.001,773,0.00618931744,0.00561416475,7.68382233e-05,7,1,1
0.001,774,0.00619255193,0.00561939552,7.19514283e-05,8,0,1
0.001,775,0.00620666891,0.00563023984,7.69815306e-05,7,1,1
0.001,776,0.00620872993,0.00563440239,7.30746833e-05,8,0,1
0.001,777,0.00621854793,0.00564348372,7.23130361e-05,8,0,1
0.001,778,0.00622720271,0.00565150427,7.24326965e-05,8,0,1
0.001,779,0.00623477623,0.00565853762,7.34422938e-05,8,0,1
0.001,780,0.00624340214,0.00566653209,7.35628564e-05,8,0,1
0.001,781,0.00625321176,0.00567560829,7.27950392e-05,8,0,1
0.001,782,0.00626186468,0.00568362651,7.29145395e-05,8,0,1
0.001,783,0.00627781451,0.00569472555,7.83601281e-05,7,2,1
0.001,784,0.00628650794,0.00570277637,7.84722506e-05,7,2,1
0.001,785,0.00629559765,0.00571087655,7.85008742e-05,7,1,1
0.001,786,0.00630422775,0.00571887568,7.88306861e-05,7,1,1
0.001,787,0.00631292909,0.00572694093,7.89018741e-05,7,1,1
0.001,788,0.00632128958,0.00573500711,7.88536709e-05,7,2,1
0.001,789,0.00632325746,0.00574018992,7.60361509e-05,8,0,1
0.001,790,0.0063301553,0.00574694201,7.47841768e-05,8,0,1
0.001,791,0.00634773076,0.00575919822,7.92846986e-05,7,1,1
0.001,792,0.0063560633,0.00576723786,7.93652071e-05,7,2,1
0.001,793,0.00636511436,0.00577531289,7.9575424e-05,7,1,1
0.001,794,0.00636607455,0.00578022841,7.43717683e-05,8,0,1
0.001,795,0.00637477357,0.0057882946,7.44929057e-05,8,0,1
0.001,796,0.00637722807,0.00578604219,7.35070571e-05,8,0,1
0.001,797,0.00638572499,0.00579392305,7.35841968e-05,8,0,1
0.001,798,0.00640830491,0.00581565872,8.01026617e-05,7,2,1
0.001,799,0.0064170151,0.00582372956,8.02687355e-05,7,2,1
0.001,800,0.00641825935,0.00582861761,7.50998588e-05,8,0,1
0.001,801,0.00642579468,0.00583562022,7.61374904e-05,8,0,1
0.001,802,0.00643453887,0.00584372971,7.62620039e-05,8,0,1
0.001,803,0.00644318666,0.00585175073,7.63816206e-05,8,0,1
0.001,804,0.00644240296,0.00584723521,7.34954156e-05,7,0,1
0.001,805,0.00645107683,0.00585527951,7.36081056e-05,7,0,1
0.001,806,0.0064783725,0.00588033162,8.12192375e-05,7,1,1
0.001,807,0.00647803023,0.00588406762,7.68776663e-05,8,0,1
0.001,808,0.00647698808,0.00587931508,7.39190436e-05,7,0,1
0.001,809,0.00650419015,0.00590457488,8.16541724e-05,7,2,1
0.001,810,0.00649449974,0.00589555781,7.41866461e-05,7,0,1
0.001,811,0.00651415437,0.00591756357,7.64528231e-05,8,0,1
0.001,812,0.00652289297,0.0059256712,7.65760487e-05,8,0,1
0.001,813,0.00653944723,0.00593698211,8.22785005e-05,7,1,1
0.001,814,0.0065403562,0.00594187295,7.68230966e-05,8,0,1
0.001,815,0.00654911762,0.00595000153,7.69462204e-05,8,0,1
0.001,816,0.00655782642,0.00595808215,7.70686893e-05,8,0,1
0.001,817,0.0065665897,0.0059662126,7.71929481e-05,8,0,1
0.001,818,0.00657531526,0.00597430952,7.73164356e-05,8,0,1
0.001,819,0.00658288179,0.00598134287,7.83752184e-05,8,0,1
0.001,820,0.00659281109,0.00599054527,7.75642839e-05,8,0,1
0.001,821,0.00660035014,0.005997553,7.86240125e-05,8,0,1
0.001,822,0.00660908036,0.00600565644,7.87449681e-05,8,0,1
0.001,823,0.00662698923,0.00601820555,8.33203594e-05,7,1,1
0.001,824,0.0066266004,0.00602191454,7.89986734e-05,8,0,1
0.001,825,0.00664410274,0.00603436725,8.38511551e-05,7,2,1
0.001,826,0.00664412882,0.00603818335,7.92515784e-05,8,0,1
0.001,827,0.00665285066,0.0060462798,7.93716026e-05,8,0,1
0.001,828,0.00667043542,0.00605879538,8.41306901e-05,7,2,1
0.001,829,0.00667920895,0.0060669356,8.42521695e-05,7,2,1
0.001,830,0.00666900491,0.00605748268,7.66016165e-05,7,0,1
0.001,831,0.00668793311,0.00607884396,7.98805704e-05,8,0,1
0.001,832,0.00669136317,0.00607745629,7.79438124e-05,8,0,1
0.001,833,0.00670544477,0.00609510066,8.01296119e-05,8,0,1
0.001,834,0.00671421736,0.00610324414,8.02574796e-05,8,0,1
0.001,835,0.00673182216,0.00611577462,8.51683799e-05,7,2,1
0.001,836,0.00673175929,0.00611953111,8.0509184e-05,8,0,1
0.001,837,0.00674173515,0.00612878287,7.96803215e-05,8,0,1
0.001,838,0.00674932729,0.00613584276,8.07625474e-05,8,0,1
0.001,839,0.00675810035,0.00614398904,8.0888989e-05,8,0,1
0.001,840,0.0067613991,0.00614247564,7.8918194e-05,8,0,1
0.001,841,0.00676999893,0.00615046313,7.90033228e-05,8,0,1
0.001,842,0.00678451033,0.00616851356,8.12679937e-05,8,0,1
0.001,843,0.00679323915,0.00617661932,8.13955558e-05,8,0,1
0.001,844,0.00680325367,0.00618590973,8.05581658e-05,8,0,1
0.001,845,0.00681205094,0.00619407976,8.06833414e-05,8,0,1
0.001,846,0.00682086963,0.00620227028,8.08112381e-05,8,0,1
0.001,847,0.00682963198,0.0062104091,8.09353223e-05,8,0,1
0.001,848,0.0068384381,0.00621858798,8.10620622e-05,8,0,1
0.001,849,0.0068550026,0.00623012846,8.68703282e-05,7,2,1
0.001,850,0.00686377659,0.00623827893,8.71193988e-05,7,2,1
0.001,851,0.00686485739,0.00624312833,8.14405212e-05,8,0,1
0.001,852,0.0068724025,0.00625014771,8.25382231e-05,8,0,1
0.001,853,0.00688125053,0.0062583671,8.26680189e-05,8,0,1
0.001,854,0.00689000171,0.00626649708,8.27944168e-05,8,0,1
0.001,855,0.00690007908,0.00627584942,8.1946826e-05,8,0,1
0.001,856,0.00689722225,0.00626940746,7.98435358e-05,7,0,1
0.001,857,0.00691642659,0.00629104767,8.31774523e-05,8,0,1
0.001,858,0.00692652632,0.00630042143,8.232666e-05,8,0,1
0.001,859,0.00693532778,0.00630859984,8.24523449e-05,8,0,1
0.001,860,0.00694293529,0.00631567743,8.35635292e-05,8,0,1
0.001,861,0.00695174141,0.00632386096,8.36909167e-05,8,0,1
0.001,862,0.00695475005,0.00632206537,8.16490501e-05,8,0,1
0.001,863,0.00697062537,0.00634140056,8.29619239e-05,8,0,1
0.001,864,0.00697819563,0.00634844461,8.40739594e-05,8,0,1
0.001,865,0.00698703248,0.00635665655,8.42040463e-05,8,0,1
0.001,866,0.00699587073,0.00636487035,8.43330636e-05,8,0,1
0.001,867,0.00700600073,0.00637427624,8.34712118e-05,8,0,1
0.001,868,0.00701482361,0.00638247607,8.35982792e-05,8,0,1
0.001,869,0.00702368654,0.00639071409,8.37269472e-05,8,0,1
0.001,870,0.00703127077,0.00639777258,8.48495401e-05,8,0,1
0.001,871,0.00704922993,0.00641056895,8.98855214e-05,7,2,1
0.001,872,0.00703809829,0.00640031835,8.18070112e-05,7,0,1
0.001,873,0.00704703573,0.00640862482,8.1961698e-05,7,0,1
0.001,874,0.00705572963,0.00641670823,8.20495916e-05,7,0,1
0.001,875,0.0070767235,0.00644001644,8.44920141e-05,8,0,1
0.001,876,0.00709355902,0.00645176973,9.03738619e-05,7,2,1
0.001,877,0.00710235862,0.00645994348,9.07710128e-05,7,2,1
0.001,878,0.00711129047,0.00646824297,9.06626155e-05,7,2,1
0.001,879,0.0071201846,0.00647651125,9.06932764e-05,7,2,1
0.001,880,0.00712102931,0.00648120977,8.51346413e-05,8,0,1
0.001,881,0.00712282024,0.00647827378,8.41148358e-05,8,0,1
0.001,882,0.00714669377,0.0065011573,9.14592456e-05,7,2,1
0.001,883,0.00714761578,0.00650593219,8.55226826e-05,8,0,1
0.001,884,0.00716476189,0.00651775021,9.14401026e-05,7,1,1
0.001,885,0.00716533279,0.00652240869,8.57795239e-05,8,0,1
0.001,886,0.00717290211,0.00652945507,8.69213254e-05,8,0,1
0.001,887,0.00719133113,0.00654245727,9.20934763e-05,7,1,1
0.001,888,0.00719068944,0.00654599676,8.71844095e-05,8,0,1
0.001,889,0.00719432766,0.00654619606,8.57464402e-05,8,0,1
0.001,890,0.00720844837,0.0065625147,8.74437465e-05,8,0,1
0.001,891,0.00721861329,0.0065719625,8.65562615e-05,8,0,1
0.001,892,0.00723551866,0.00658375211,9.27911024e-05,7,2,1
0.001,893,0.0072363764,0.00658848556,8.68150601e-05,8,0,1
0.001,894,0.00724529475,0.00659678131,8.69453361e-05,8,0,1
0.001,895,0.00726241618,0.00660857279,9.32691764e-05,7,1,1
0.001,896,0.0072711804,0.00661691092,9.30912356e-05,7,2,1
0.001,897,0.0072800545,0.00662517129,9.32959883e-05,7,2,1
0.001,898,0.00727957208,0.00662867539,8.84940673e-05,8,0,1
0.001,899,0.00727715436,0.00662262272,8.52209705e-05,7,0,1
0.001,900,0.00730694877,0.00664999802,9.38552112e-05,7,1,1
0.001,901,0.00730625121,0.00665349793,8.88880968e-05,8,0,1
0.001,902,0.00731645757,0.00666298904,8.79851723e-05,8,0,1
0.001,903,0.00732404087,0.00667005219,8.91496165e-05,8,0,1
0.001,904,0.0073426282,0.00668319408,9.4274139e-05,7,1,1
0.001,905,0.00735130534,0.0066914456,9.45229258e-05,7,2,1
0.001,906,0.00735077076,0.00669492502,8.95456324e-05,8,0,1
0.001,907,0.00736102229,0.00670445943,8.8638968e-05,8,0,1
0.001,908,0.00735700969,0.00669692736,8.63334863e-05,7,0,1
0.001,909,0.00737953698,0.00672132149,9.15309429e-05,8,0,1
0.001,910,0.00738847069,0.00672963588,9.16650533e-05,8,0,1
0.001,911,0.00739538111,0.00673644198,9.0207177e-05,8,0,1
0.001,912,0.00740427105,0.00674471771,9.03387845e-05,8,0,1
0.001,913,0.00741321594,0.00675304374,9.04715343e-05,8,0,1
0.001,914,0.00742217992,0.00676138699,9.06059431e-05,8,0,1
0.001,915,0.00742464233,0.00675904984,8.84409747e-05,8,0,1
0.001,916,0.0074412832,0.00677903369,9.22796899e-05,8,0,1
0.001,917,0.00744893588,0.00678629475,9.1000853e-05,8,0,1
0.001,918,0.00745916553,0.00679568248,9.25487038e-05,8,0,1
0.001,919,0.00746810529,0.00680400478,9.26823413e-05,8,0,1
0.001,920,0.00747575751,0.0068112649,9.14023112e-05,8,0,1
0.001,921,0.00748467119,0.00681956392,9.1533926e-05,8,0,1
0.001,922,0.0074936701,0.00682794256,9.16683784e-05,8,0,1
0.001,923,0.00749170315,0.00682229083,8.85346017e-05,7,0,1
0.001,924,0.00752108544,0.00684945565,9.71597474e-05,7,2,1
0.001,925,0.00750926323,0.00683864485,8.87134302e-05,7,0,1
0.001,926,0.00753916893,0.00686613424,9.74949726e-05,7,1,1
0.001,927,0.00753969606,0.00687066372,9.37614386e-05,8,0,1
0.001,928,0.007547352,0.00687793177,9.24630149e-05,8,0,1
0.001,929,0.00755630294,0.00688626617,9.26046196e-05,8,0,1
0.001,930,0.00755376834,0.00688009057,8.93169781e-05,7,0,1
0.001,931,0.00756210368,0.00688786153,8.92853059e-05,7,0,1
0.001,932,0.0075928336,0.00691626221,9.80715049e-05,7,2,1
0.001,933,0.00759211555,0.00691962056,9.31381364e-05,8,0,1
0.001,934,0.00760242529,0.00692908652,9.47103908e-05,8,0,1
0.001,935,0.00761137391,0.00693742186,9.48468441e-05,8,0,1
0.001,936,0.00762038026,0.00694581121,9.49826062e-05,8,0,1
0.001,937,0.0076279738,0.00695302244,9.3674993e-05,8,0,1
0.001,938,0.00763695361,0.00696138851,9.38082085e-05,8,0,1
0.001,939,0.0076558264,0.00697478047,9.91345369e-05,7,1,1
0.001,940,0.00765490299,0.00697810901,9.40792379e-05,8,0,1
0.001,941,0.0076638707,0.00698646437,9.42132465e-05,8,0,1
0.001,942,0.00767419068,0.00699594198,9.5798634e-05,8,0,1
0.001,943,0.00768392673,0.00700476905,9.61331098e-05,8,0,1
0.001,944,0.00769291818,0.00701314723,9.6271011e-05,8,0,1
0.001,945,0.00769980624,0.00701994635,9.47515218e-05,8,0,1
0.001,946,0.00771015184,0.00702944864,9.63459461e-05,8,0,1
0.001,947,0.00772763416,0.00704181986,0.000100078767,7,2,1
0.001,948,0.00772678386,0.00704508554,9.51595503e-05,8,0,1
0.001,949,0.00773575716,0.00705344742,9.52935879e-05,8,0,1
0.001,950,0.00774612743,0.00706297345,9.68937384e-05,8,0,1
0.001,951,0.00775512308,0.00707135675,9.7030701e-05,8,0,1
0.001,952,0.00776275108,0.00707860524,9.56983276e-05,8,0,1
0.001,953,0.00777176209,0.00708700344,9.58365563e-05,8,0,1
0.001,954,0.00778078241,0.00709541049,9.5973257e-05,8,0,1
0.001,955,0.00779985636,0.00710898172,0.000101201877,7,1,1
0.001,956,0.00779878069,0.0071121864,9.62421254e-05,8,0,1
0.001,957,0.0078077754,0.0071205711,9.63789207e-05,8,0,1
0.001,958,0.00781678967,0.00712897349,9.65155414e-05,8,0,1
0.001,959,0.00781924091,0.00712659257,9.4327188e-05,8,0,1
0.001,960,0.0078348536,0.00714581273,9.67897213e-05,8,0,1
0.001,961,0.00784387626,0.00715422444,9.69249959e-05,8,0,1
0.001,962,0.00785427727,0.00716378167,9.85457518e-05,8,0,1
0.001,963,0.00786331203,0.00717220409,9.86841478e-05,8,0,1
0.001,964,0.00788099412,0.00718461489,0.000102745398,7,1,1
0.001,965,0.0078813415,0.00718901446,9.89606051e-05,8,0,1
0.001,966,0.00789897889,0.00720149744,0.000102828562,7,2,1
0.001,967,0.00789805036,0.00720473425,9.77485761e-05,8,0,1
0.001,968,0.00791715551,0.00721832924,0.00010325008,7,1,1
0.001,969,0.00791611336,0.00722157769,9.80217301e-05,8,0,1
0.001,970,0.00793511793,0.00723519456,0.000103474915,7,2,1
0.001,971,0.00793556869,0.00723958015,9.97926109e-05,8,0,1
0.001,972,0.00793725438,0.00723807141,9.67338929e-05,8,0,1
0.001,973,0.00794665236,0.00724683004,9.69431931e-05,8,0,1
0.001,974,0.00794862956,0.00724808685,9.50028189e-05,7,0,1
0.001,975,0.00795765221,0.00725650135,9.5134943e-05,7,0,1
0.001,976,0.00796702504,0.00726523809,9.53603958e-05,7,0,1
0.001,977,0.00798983593,0.00729019335,0.000100627367,8,0,1
0.001,978,0.00799746439,0.00729745021,9.92573332e-05,8,0,1
0.001,979,0.00801666547,0.00731113041,0.000105000065,7,1,1
0.001,980,0.00802578963,0.00731963944,0.000104922845,7,1,1
0.001,981,0.00802463107,0.00732279196,9.96715826e-05,8,0,1
0.001,982,0.00803512614,0.00733244093,0.000101324891,8,0,1
0.001,983,0.00803531613,0.0073280856,9.7429911e-05,8,0,1
0.001,984,0.00806205068,0.00735346507,0.000105542218,7,1,1
0.001,985,0.00806089863,0.00735662738,0.000100225261,8,0,1
0.001,986,0.0080713816,0.00736626703,0.000101884427,8,0,1
0.001,987,0.00808046758,0.007374743,0.000102025304,8,0,1
0.001,988,0.00808949675,0.00738316961,0.000102165046,8,0,1
0.001,989,0.00809719879,0.00739049679,0.000100780977,8,0,1
0.001,990,0.00809916295,0.00738764554,9.84859144e-05,8,0,1
0.001,991,0.00810835417,0.00739621883,9.86503001e-05,8,0,1
0.001,992,0.00813470501,0.00742125139,0.000106628002,7,1,1
0.001,993,0.0081437882,0.00742972735,0.000106792017,7,1,1
0.001,994,0.00815273635,0.00743816746,0.000107070133,7,2,1
0.001,995,0.00813939516,0.00742604584,9.80292753e-05,7,0,1
0.001,996,0.00816076901,0.00744982203,0.000101754376,8,0,1
0.001,997,0.00817128923,0.00745949894,0.000103431557,8,0,1
0.001,998,0.00817276631,0.0074577881,0.00010029359,8,0,1
0.001,999,0.00818803627,0.00747527275,0.000102172984,8,0,1
0.001,1000,0.00819934811,0.00748544233,0.000104065301,8,0,1
0.001,1001,0.0082076434,0.00749343261,0.000103996303,8,0,1
0.001,1002,0.00822556671,0.00750612747,0.000108151675,7,2,1
0.001,1003,0.00823477563,0.00751464628,0.000108267137,7,1,1
0.001,1004,0.0082335202,0.00751773315,0.00010286973,8,0,1
0.001,1005,0.00824408792,0.00752745429,0.000104563871,8,0,1
0.001,1006,0.00825317949,0.00753594283,0.00010470533,8,0,1
0.001,1007,0.00826089829,0.00754329283,0.000103293067,8,0,1
0.001,1008,0.00828032382,0.00755716907,0.000109073677,7,1,1
0.001,1009,0.00827910192,0.007560289,0.000103574974,8,0,1
0.001,1010,0.00828964356,0.00756998872,0.000105272506,8,0,1
0.001,1011,0.00829873234,0.00757847587,0.000105413957,8,0,1
0.001,1012,0.00829334091,0.00756976102,0.000100209632,7,0,1
0.001,1013,0.00832582358,0.00759972166,0.000109933892,7,2,1
0.001,1014,0.00832615606,0.00760408398,0.000105842606,8,0,1
0.001,1015,0.00833524857,0.00761257578,0.000105984815,8,0,1
0.001,1016,0.00834437273,0.00762109691,0.000106127722,8,0,1
0.001,1017,0.00835210085,0.00762845902,0.000104702478,8,0,1
0.001,1018,0.00836267229,0.00763818761,0.000106413274,8,0,1
0.001,1019,0.00838070828,0.00765096024,0.000110620749,7,2,1
0.001,1020,0.00838091504,0.00765522709,0.000106699124,8,0,1
0.001,1021,0.00839891285,0.00766797876,0.000111139445,7,2,1
0.001,1022,0.00839919224,0.0076722987,0.000106984655,8,0,1
0.001,1023,0.00839331746,0.00766313635,0.000101648257,7,0,1
0.0001,0,4.77115173e-05,0,0,11,0,1
0.0001,1,5.49646029e-05,6.52874314e-06,6.42351168e-08,11,0,1
0.0001,2,6.15041354e-05,1.30634526e-05,1.33178489e-07,10,0,1
0.0001,3,6.94508126e-05,1.96136607e-05,2.16661903e-07,11,0,1
0.0001,4,7.60188559e-05,2.61341556e-05,2.66598903e-07,10,0,1
0.0001,5,8.32799124e-05,3.26722184e-05,3.3338199e-07,10,0,1
0.0001,6,9.0542424e-05,3.9212071e-05,4.00230704e-07,10,0,1
0.0001,7,9.72743946e-05,4.57925271e-05,5.08482344e-07,10,2,1
0.0001,8,0.000104314669,5.23584495e-05,5.64639322e-07,10,2,1
0.0001,9,0.000112735979,5.88913463e-05,6.52362132e-07,11,0,1
0.0001,10,0.000120314333,6.53688403e-05,6.44901888e-07,11,0,1
0.0001,11,0.000126878615,7.19385716e-05,7.35337323e-07,10,0,1
0.0001,12,0.000134235481,7.86044693e-05,8.51651464e-07,10,0,1
0.0001,13,0.000141514698,8.51665973e-05,9.23013431e-07,10,0,1
0.0001,14,0.000148119201,9.17284488e-05,1.04291973e-06,10,2,1
0.0001,15,0.000156078953,9.82963684e-05,1.06584264e-06,10,0,1
0.0001,16,0.000162645476,0.000104861851,1.19294486e-06,10,2,1
0.0001,17,0.000170648389,0.000111433306,1.20893878e-06,10,0,1
0.0001,18,0.000177260896,0.000118001735,1.34309926e-06,10,2,1
0.0001,19,0.00018537484,0.000124580984,1.33635899e-06,11,0,1
0.0001,20,0.000191842104,0.000131149194,1.49383982e-06,10,2,1
0.0001,21,0.000199958959,0.000137732859,1.47825187e-06,11,0,1
0.0001,22,0.000206389683,0.000144304664,1.64406538e-06,10,2,1
0.0001,23,0.000214401283,0.000150887849,1.63960203e-06,10,0,1
0.0001,24,0.000221698836,0.000157469913,1.71159468e-06,10,0,1
0.0001,25,0.000228998892,0.000164053708,1.783578e-06,10,0,1
0.0001,26,0.000236449792,0.000170644271,1.83396185e-06,11,0,1
0.0001,27,0.000243754039,0.000177232025,1.90527089e-06,11,0,1
0.0001,28,0.000250908663,0.000183816475,2.00008139e-06,10,0,1
0.0001,29,0.000258367014,0.000190412917,2.04805133e-06,11,0,1
0.0001,30,0.000265318551,0.000197003988,2.13126236e-06,11,0,1
0.0001,31,0.000272986654,0.000203601012,2.19103299e-06,11,0,1
0.0001,32,0.00028029838,0.000210197861,2.26265024e-06,11,0,1
0.0001,33,0.000287612493,0.000216796529,2.3343091e-06,11,0,1
0.0001,34,0.000294064812,0.000223386378,2.55265468e-06,10,2,1
0.0001,35,0.000302091299,0.000229992758,2.5072402e-06,10,0,1
0.0001,36,0.000308701943,0.000236592226,2.70485225e-06,10,2,1
0.0001,37,0.000316022866,0.000243197894,2.78068774e-06,10,2,1
0.0001,38,0.000324207824,0.000249816978,2.69346015e-06,11,0,1
0.0001,39,0.000330669718,0.000256414292,2.93402263e-06,10,2,1
0.0001,40,0.000337995676,0.00026302514,3.01116461e-06,10,2,1
0.0001,41,0.000345292559,0.000269639015,3.08716835e-06,10,2,1
0.0001,42,0.000353515497,0.000276266102,2.98183659e-06,11,0,1
0.0001,43,0.000360847829,0.000282883004,3.05402637e-06,11,0,1
0.0001,44,0.00036818118,0.00028950171,3.12627071e-06,11,0,1
0.0001,45,0.000375514588,0.000296122103,3.19871469e-06,11,0,1
0.0001,46,0.00038262477,0.000302742934,3.28229953e-06,11,0,1
0.0001,47,0.000390190457,0.000309368625,3.34356673e-06,11,0,1
0.0001,48,0.000397528871,0.000315994548,3.41612531e-06,11,0,1
0.0001,49,0.000403953803,0.000322608277,3.70159523e-06,10,2,1
0.0001,50,0.000412215508,0.000329251896,3.5612893e-06,11,0,1
0.0001,51,0.000419560442,0.00033588332,3.63399681e-06,11,0,1
0.0001,52,0.000426906248,0.000342516461,3.70676798e-06,11,0,1
0.0001,53,0.000434030226,0.000349149806,3.79239282e-06,11,0,1
0.0001,54,0.000441607146,0.000355788681,3.85241538e-06,11,0,1
0.0001,55,0.000448799634,0.000362417108,3.97180338e-06,10,0,1
0.0001,56,0.000456153241,0.000369057525,4.0456448e-06,10,0,1
0.0001,57,0.00046366782,0.00037571002,4.0713594e-06,11,0,1
0.0001,58,0.000470108469,0.000382337632,4.39700671e-06,10,2,1
0.0001,59,0.000477492635,0.000388982764,4.47322373e-06,10,2,1
0.0001,60,0.000484853459,0.000395630312,4.55085637e-06,10,2,1
0.0001,61,0.000492947991,0.000402286474,4.4155895e-06,10,0,1
0.0001,62,0.000499581511,0.000408931606,4.7036151e-06,10,2,1
0.0001,63,0.000506946933,0.000415584043,4.78362608e-06,10,2,1
0.0001,64,0.000514290645,0.000422239944,4.86108456e-06,10,2,1
0.0001,65,0.000521800714,0.000428891857,4.93611606e-06,10,2,1
0.0001,66,0.000529786339,0.000435561407,4.78707034e-06,10,0,1
0.0001,67,0.000537318527,0.000442234246,4.80506924e-06,11,0,1
0.0001,68,0.000544533017,0.000448884093,4.93611969e-06,10,0,1
0.0001,69,0.000551291276,0.00045553685,5.24810685e-06,10,2,1
0.0001,70,0.00055928604,0.000462214113,5.08562289e-06,10,0,1
0.0001,71,0.000566665782,0.000468881859,5.16023556e-06,10,0,1
0.0001,72,0.000574210193,0.000475564942,5.17405351e-06,11,0,1
0.0001,73,0.000581431435,0.000482223113,5.30970419e-06,10,0,1
0.0001,74,0.000588815368,0.000488896098,5.38470704e-06,10,0,1
0.0001,75,0.000595476246,0.000495562679,5.72196586e-06,10,2,1
0.0001,76,0.000603755354,0.000502262264,5.47019954e-06,11,0,1
0.0001,77,0.000611145515,0.000508941186,5.54448616e-06,11,0,1
0.0001,78,0.000618499762,0.000515541935,5.98619818e-06,11,0,1
0.0001,79,0.000625893997,0.000522223301,6.06516869e-06,11,0,1
0.0001,80,0.000633162446,0.000528974459,5.83541032e-06,10,0,1
0.0001,81,0.00064027484,0.000535637548,6.17274873e-06,10,1,1
0.0001,82,0.000647210574,0.000542339985,6.27296185e-06,10,2,1
0.0001,83,0.000655484037,0.000548968092,6.38209303e-06,11,0,1
0.0001,84,0.00066252856,0.000555664243,6.46949184e-06,11,0,1
0.0001,85,0.000670165347,0.000562423142,6.21249592e-06,10,0,1
0.0001,86,0.000677571981,0.000569118536,6.2880772e-06,10,0,1
0.0001,87,0.000685103238,0.000575741811,6.69981318e-06,11,0,1
0.0001,88,0.000692513131,0.000582440058,6.77941534e-06,11,0,1
0.0001,89,0.000699799566,0.00058921508,6.51520122e-06,10,0,1
0.0001,90,0.000706491293,0.000595907215,6.90580055e-06,10,2,1
0.0001,91,0.000714522263,0.000602549117,7.02397165e-06,11,0,1
0.0001,92,0.000721322489,0.000609317271,7.06631454e-06,10,2,1
0.0001,93,0.000729584484,0.000615958183,7.17833473e-06,11,0,1
0.0001,94,0.000736280694,0.0006227048,7.31963746e-06,10,1,1
0.0001,95,0.000743823475,0.000629413116,7.3943711e-06,10,1,1
0.0001,96,0.000751725747,0.000636171899,7.04748936e-06,10,0,1
0.0001,97,0.000758518057,0.000642872765,7.45607485e-06,10,2,1
0.0001,98,0.000766547164,0.000649521302,7.56850841e-06,10,0,1
0.0001,99,0.000774128537,0.000656240154,7.65891673e-06,11,0,1
0.0001,100,0.00078155956,0.000662960054,7.7391087e-06,11,0,1
0.0001,101,0.000788233592,0.000669752073,7.77733931e-06,10,2,1
0.0001,102,0.000796423585,0.000676405791,7.89999467e-06,11,0,1
0.0001,103,0.000802883296,0.000683129532,7.70973566e-06,10,2,1
0.0001,104,0.000811141683,0.000689858629,8.0503205e-06,10,0,1
0.0001,105,0.000818581204,0.000696587842,8.1308317e-06,10,0,1
0.0001,106,0.000825325318,0.000703367405,8.29209239e-06,10,1,1
0.0001,107,0.000832900114,0.000710096734,8.3670102e-06,10,1,1
0.0001,108,0.000840344175,0.000716831535,8.45026807e-06,10,1,1
0.0001,109,0.00084850844,0.000723523786,8.46462353e-06,11,0,1
0.0001,110,0.000855955121,0.000730262313,8.54558311e-06,11,0,1
0.0001,111,0.000863713562,0.000736995309,8.58644216e-06,11,0,1
0.0001,112,0.000871163502,0.000743737502,8.66717892e-06,11,0,1
0.0001,113,0.000877592596,0.000750535401,8.85791087e-06,10,1,1
0.0001,114,0.000884719077,0.00075729622,8.94877576e-06,10,2,1
0.0001,115,0.000893325894,0.000763978693,8.88054456e-06,10,0,1
0.0001,116,0.000900131767,0.0007707802,9.0630374e-06,10,1,1
0.0001,117,0.000907202484,0.000777557667,9.15376222e-06,10,2,1
0.0001,118,0.000915704353,0.000784232747,9.12261112e-06,10,0,1
0.0001,119,0.000923371874,0.000790983904,9.23346215e-06,11,0,1
0.0001,120,0.000930633338,0.000797744724,9.28431018e-06,10,0,1
0.0001,121,0.000937452191,0.000804559444,9.46495857e-06,10,1,1
0.0001,122,0.000945566047,0.000811299891,9.0834983e-06,10,0,1
0.0001,123,0.000953035196,0.000818062574,9.16172394e-06,10,0,1
0.0001,124,0.000959548051,0.000824867398,9.72469206e-06,10,2,1
0.0001,125,0.000966948806,0.000831640908,9.80766345e-06,10,2,1
0.0001,126,0.000975456438,0.000838362204,9.39653182e-06,10,0,1
0.0001,127,0.000982661615,0.000845144095,9.48356865e-06,11,0,1
0.0001,128,0.000990413828,0.000851904042,9.55272662e-06,10,0,1
0.0001,129,0.000997893745,0.000858677668,9.63149705e-06,10,0,1
0.0001,130,0.00100434653,0.000865502341,1.02197228e-05,10,2,1
0.0001,131,0.00101285987,0.000872230798,9.7887214e-06,10,0,1
0.0001,132,0.00101931905,0.000879060593,1.03827379e-05,10,2,1
0.0001,133,0.00102783414,0.000885791087,9.94545098e-06,10,0,1
0.0001,134,0.00103505352,0.000892587355,1.00339248e-05,11,0,1
0.0001,135,0.00104250317,0.000899294042,1.0726284e-05,11,0,1
0.0001,136,0.00104928296,0.00090619782,1.07147171e-05,10,2,1
0.0001,137,0.00105677836,0.000912986812,1.07974565e-05,10,2,1
0.0001,138,0.0010643421,0.000919769693,1.08828299e-05,10,2,1
0.0001,139,0.00107248651,0.000926450535,1.10606934e-05,11,0,1
0.0001,140,0.00107936561,0.000933306059,1.12152338e-05,10,1,1
0.0001,141,0.00108779874,0.000940107508,1.0577467e-05,10,0,1
0.0001,142,0.00109499088,0.000946836779,1.1312075e-05,11,0,1
0.0001,143,0.00110249617,0.000953636307,1.13960641e-05,11,0,1
0.0001,144,0.00110905943,0.000960499514,1.16342662e-05,10,2,1
0.0001,145,0.00111677859,0.000967278145,1.17443706e-05,10,1,1
0.0001,146,0.0011252698,0.00097400276,1.17523232e-05,11,0,1
0.0001,147,0.00113233738,0.000980824931,1.18454118e-05,11,0,1
0.0001,148,0.00113985187,0.000987633248,1.19303195e-05,11,0,1
0.0001,149,0.00114736706,0.000994443428,1.20154236e-05,11,0,1
0.0001,150,0.00115488435,0.00100125547,1.21005769e-05,11,0,1
0.0001,151,0.00116240338,0.00100806938,1.21857165e-05,11,0,1
0.0001,152,0.00116918189,0.00101497862,1.23145919e-05,10,2,1
0.0001,153,0.00117789081,0.00102168531,1.23475857e-05,11,0,1
0.0001,154,0.00118434615,0.00102860015,1.25054103e-05,10,1,1
0.0001,155,0.0011917568,0.00103543885,1.25719507e-05,10,2,1
0.0001,156,0.00119949447,0.00104223669,1.26814575e-05,10,1,1
0.0001,157,0.00120681513,0.00104908785,1.27444418e-05,10,2,1
0.0001,158,0.00121553068,0.00105580047,1.27747298e-05,11,0,1
0.0001,159,0.00122306379,0.00106262998,1.28606325e-05,11,0,1
0.0001,160,0.00122941553,0.00106957508,1.30054968e-05,10,2,1
0.0001,161,0.00123751513,0.00107631774,1.30449735e-05,11,0,1
0.0001,162,0.00124456105,0.00108323037,1.31929955e-05,10,1,1
0.0001,163,0.00125277042,0.00108998013,1.32126188e-05,11,0,1
0.0001,164,0.00126075582,0.00109680009,1.32893656e-05,11,0,1
0.0001,165,0.00126829871,0.00110363949,1.33753811e-05,11,0,1
0.0001,166,0.00127540156,0.00111049903,1.34706588e-05,11,0,1
0.0001,167,0.00128221361,0.0011174453,1.36081671e-05,10,2,1
0.0001,168,0.00128987804,0.00112427317,1.37147945e-05,10,1,1
0.0001,169,0.00129849254,0.00113101758,1.37200313e-05,11,0,1
0.0001,170,0.00130560144,0.00113788492,1.38156902e-05,11,0,1
0.0001,171,0.00131315587,0.00114473619,1.39022068e-05,11,0,1
0.0001,172,0.00132115569,0.00115157024,1.39790682e-05,11,0,1
0.0001,173,0.00132755877,0.00115854351,1.41390274e-05,10,2,1
0.0001,174,0.00133514532,0.00116539677,1.42292029e-05,10,1,1
0.0001,175,0.00134339032,0.00117215875,1.42484623e-05,11,0,1
0.0001,176,0.00135139714,0.00117899955,1.43252682e-05,11,0,1
0.0001,177,0.00135785784,0.00118597585,1.44923088e-05,10,1,1
0.0001,178,0.00136546965,0.001192834,1.45867962e-05,10,1,1
0.0001,179,0.00137365423,0.00119961065,1.45955673e-05,11,0,1
0.0001,180,0.00138166756,0.00120645913,1.46726252e-05,11,0,1
0.0001,181,0.00138818251,0.00121343939,1.4845974e-05,10,1,1
0.0001,182,0.00139566255,0.00122032478,1.49248681e-05,10,2,1
0.0001,183,0.00140342582,0.00122717558,1.50249625e-05,10,1,1
0.0001,184,0.00141196628,0.00123394816,1.50208216e-05,11,0,1
0.0001,185,0.00141910254,0.00124084495,1.51182139e-05,11,0,1
0.0001,186,0.00142668397,0.00124772417,1.52055391e-05,11,0,1
0.0001,187,0.00143470918,0.00125458452,1.52825087e-05,11,0,1
0.0001,188,0.00144112855,0.00126160413,1.5433423e-05,10,2,1
0.0001,189,0.00144987972,0.0012683518,1.54575373e-05,11,0,1
0.0001,190,0.00145630189,0.00127537432,1.56151073e-05,10,2,1
0.0001,191,0.00146443688,0.00128215586,1.56481619e-05,11,0,1
0.0001,192,0.00147155125,0.00128913904,1.58106741e-05,10,1,1
0.0001,193,0.00148024072,0.00129590696,1.58076673e-05,11,0,1
0.0001,194,0.00148739398,0.00130282249,1.59064602e-05,11,0,1
0.0001,195,0.00149543362,0.00130969705,1.59834599e-05,11,0,1
0.0001,196,0.00150303182,0.00131659396,1.60712862e-05,11,0,1
0.0001,197,0.0015101902,0.00132351532,1.61702428e-05,11,0,1
0.0001,198,0.00151779212,0.00133041677,1.6258371e-05,11,0,1
0.0001,199,0.00152539602,0.00133731985,1.63465393e-05,11,0,1
0.0001,200,0.00153221097,0.00134419708,1.63835175e-05,10,1,1
0.0001,201,0.00153995969,0.00135123939,1.66046138e-05,10,1,1
0.0001,202,0.0015475218,0.00135816017,1.66780737e-05,10,2,1
0.0001,203,0.00155627145,0.0013649289,1.66882874e-05,11,0,1
0.0001,204,0.00156293192,0.00137195736,1.68736588e-05,10,1,1
0.0001,205,0.0015710569,0.00137877837,1.68767056e-05,11,0,1
0.0001,206,0.00157867291,0.00138569484,1.69653194e-05,11,0,1
0.0001,207,0.00158673408,0.00139259035,1.70424973e-05,11,0,1
0.0001,208,0.00159391179,0.00139953289,1.71425818e-05,11,0,1
0.0001,209,0.0016008371,0.00140657614,1.73061708e-05,10,2,1
0.0001,210,0.00160850934,0.00141348911,1.74082852e-05,10,1,1
0.0001,211,0.00161627145,0.00142039824,1.75031455e-05,10,1,1
0.0001,212,0.00162376266,0.00142734346,1.75881978e-05,10,1,1
0.0001,213,0.00163152814,0.00143425609,1.76834892e-05,10,1,1
0.0001,214,0.00163902459,0.00144120655,1.77622842e-05,10,1,1
0.0001,215,0.00164679205,0.00144812162,1.78623159e-05,10,1,1
0.0001,216,0.00165493414,0.00145495986,1.78543269e-05,11,0,1
0.0001,217,0.0016620633,0.0014619946,1.8039098e-05,10,1,1
0.0001,218,0.00166956533,0.00146895158,1.81236665e-05,10,1,1
0.0001,219,0.001677847,0.00147577596,1.81222804e-05,11,0,1
0.0001,220,0.00168548815,0.00148271804,1.82116291e-05,11,0,1
0.0001,221,0.00169313117,0.00148966268,1.83011998e-05,11,0,1
0.0001,222,0.00170077628,0.00149660907,1.83908014e-05,11,0,1
0.0001,223,0.00170842209,0.00150355743,1.84805194e-05,11,0,1
0.0001,224,0.00171651214,0.0015104824,1.85576173e-05,11,0,1
0.0001,225,0.00172372011,0.00151745859,1.86598827e-05,11,0,1
0.0001,226,0.00173137255,0.00152441219,1.87496389e-05,11,0,1
0.0001,227,0.00173946714,0.00153134263,1.88267932e-05,11,0,1
0.0001,228,0.0017471225,0.00153830065,1.89167731e-05,11,0,1
0.0001,229,0.0017547803,0.00154526019,1.90068367e-05,11,0,1
0.0001,230,0.00176199817,0.00155224616,1.91095805e-05,11,0,1
0.0001,231,0.00177010044,0.00155918451,1.91869494e-05,11,0,1
0.0001,232,0.00177776301,0.00156614918,1.92770913e-05,11,0,1
0.0001,233,0.00178471021,0.00157315924,1.93896085e-05,11,0,1
0.0001,234,0.0017926516,0.00158010982,1.94705208e-05,11,0,1
0.0001,235,0.00179952814,0.00158705539,1.95076409e-05,10,1,1
0.0001,236,0.00180749025,0.00159415975,1.97580666e-05,10,1,1
0.0001,237,0.00181610032,0.00160100067,1.97284317e-05,11,0,1
0.0001,238,0.00182283472,0.00160811027,1.99438146e-05,10,1,1
0.0001,239,0.0018310094,0.00161498226,1.99231781e-05,11,0,1
0.0001,240,0.00183818815,0.00162207033,2.01215335e-05,10,1,1
0.0001,241,0.00184680521,0.00162891718,2.0091089e-05,11,0,1
0.0001,242,0.00185448548,0.00163590058,2.01817056e-05,11,0,1
0.0001,243,0.00186109892,0.00164304441,2.03819291e-05,10,1,1
0.0001,244,0.00186941132,0.00164990115,2.03773416e-05,11,0,1
0.0001,245,0.00187709718,0.00165689061,2.04682874e-05,11,0,1
0.0001,246,0.00188478478,0.0016638817,2.05593096e-05,11,0,1
0.0001,247,0.00189247378,0.001670875,2.0650481e-05,11,0,1
0.0001,248,0.00189998955,0.00167788193,2.07479952e-05,11,0,1
0.0001,249,0.00190785737,0.00168486685,2.08329202e-05,11,0,1
0.0001,250,0.00191487791,0.00169201463,2.10066755e-05,10,2,1
0.0001,251,0.00192262034,0.00169899827,2.11274491e-05,10,1,1
0.0001,252,0.00193027267,0.00170601881,2.11933548e-05,10,2,1
0.0001,253,0.00193908694,0.00171284575,2.11846145e-05,11,0,1
0.0001,254,0.00194553123,0.00171986048,2.12309387e-05,10,1,1
0.0001,255,0.00195343024,0.00172702596,2.14827378e-05,10,1,1
0.0001,256,0.00196175836,0.00173389842,2.14736338e-05,11,0,1
0.0001,257,0.00196884363,0.00174104911,2.16674907e-05,10,1,1
0.0001,258,0.001976687,0.00174804404,2.17634351e-05,10,1,1
0.0001,259,0.00198408146,0.00175490649,2.16849821e-05,10,1,1
0.0001,260,0.0019930366,0.00176192867,2.18264049e-05,11,0,1
0.0001,261,0.00199951441,0.00176894956,2.18743062e-05,10,1,1
0.0001,262,0.00200846791,0.0017759701,2.20105576e-05,11,0,1
0.0001,263,0.00201618578,0.0017829939,2.21028877e-05,11,0,1
0.0001,264,0.00202390528,0.00179001782,2.21946975e-05,11,0,1
0.0001,265,0.00203039404,0.00179705117,2.22467279e-05,10,1,1
0.0001,266,0.00203811424,0.0018040773,2.23363804e-05,10,1,1
0.0001,267,0.00204707449,0.00181110541,2.24717842e-05,11,0,1
0.0001,268,0.00205480121,0.00181813783,2.25642198e-05,11,0,1
0.0001,269,0.00206252933,0.00182517176,2.26565207e-05,11,0,1
0.0001,270,0.0020702607,0.00183220848,2.27490273e-05,11,0,1
0.0001,271,0.00207755319,0.00183927664,2.28568897e-05,11,0,1
0.0001,272,0.00208528712,0.00184631732,2.29497309e-05,11,0,1
0.0001,273,0.00209302315,0.0018533601,2.3042574e-05,11,0,1
0.0001,274,0.00210120017,0.00186037342,2.31200265e-05,11,0,1
0.0001,275,0.00210801768,0.00186757569,2.33491992e-05,10,1,1
0.0001,276,0.00211557909,0.00187466247,2.34134932e-05,10,2,1
0.0001,277,0.00212398544,0.00188154832,2.34143699e-05,11,0,1
0.0001,278,0.00213093823,0.00188857922,2.34536819e-05,10,1,1
0.0001,279,0.00213866471,0.00189561443,2.35294883e-05,10,1,1
0.0001,280,0.00214722427,0.00190270843,2.36938104e-05,11,0,1
0.0001,281,0.00215541315,0.00190973468,2.37713812e-05,11,0,1
0.0001,282,0.00216316478,0.00191679399,2.38648099e-05,11,0,1
0.0001,283,0.00217091874,0.00192385516,2.39581768e-05,11,0,1
0.0001,284,0.0021786734,0.00193091785,2.40515947e-05,11,0,1
0.0001,285,0.00218643132,0.00193798298,2.41450998e-05,11,0,1
0.0001,286,0.00219314499,0.001945236,2.43698305e-05,10,1,1
0.0001,287,0.00220085541,0.00195232115,2.44462608e-05,10,2,1
0.0001,288,0.00220848271,0.00195919955,2.43861687e-05,10,1,1
0.0001,289,0.00221624062,0.00196626619,2.44747171e-05,10,1,1
0.0001,290,0.00222420017,0.00197352353,2.47492499e-05,10,1,1
0.0001,291,0.00223196787,0.00198059971,2.48445722e-05,10,1,1
0.0001,292,0.00223973906,0.00198767916,2.49363929e-05,10,1,1
0.0001,293,0.00224855379,0.00199456885,2.48953547e-05,11,0,1
0.0001,294,0.00225632871,0.00200165273,2.49899113e-05,11,0,1
0.0001,295,0.00226410362,0.00200873637,2.5084053e-05,11,0,1
0.0001,296,0.0022718797,0.00201582094,2.51778692e-05,11,0,1
0.0001,297,0.00227921992,0.0020229423,2.5289115e-05,11,0,1
0.0001,298,0.00228700112,0.00203003199,2.53834805e-05,11,0,1
0.0001,299,0.00229413202,0.00203730119,2.55813211e-05,10,2,1
0.0001,300,0.00230196514,0.00204437599,2.56986896e-05,10,1,1
0.0001,301,0.00230988208,0.00205144938,2.57990578e-05,10,1,1
0.0001,302,0.00231814338,0.00205840939,2.57616593e-05,11,0,1
0.0001,303,0.00232593226,0.00206550816,2.58563559e-05,11,0,1
0.0001,304,0.00233416073,0.00207257527,2.59341468e-05,11,0,1
0.0001,305,0.00234104437,0.00207985006,2.6183272e-05,10,1,1
0.0001,306,0.00234849611,0.00208677701,2.60652487e-05,10,1,1
0.0001,307,0.0023566396,0.00209406484,2.63661659e-05,10,1,1
0.0001,308,0.00236408971,0.00210101809,2.62684225e-05,10,1,1
0.0001,309,0.00237314473,0.00210810849,2.64088249e-05,11,0,1
0.0001,310,0.00237991451,0.00211542286,2.66443512e-05,10,1,1
0.0001,311,0.00238875067,0.00212233444,2.65988747e-05,11,0,1
0.0001,312,0.00239655818,0.00212945137,2.66943789e-05,11,0,1
0.0001,313,0.00240312377,0.00213657506,2.67409832e-05,10,1,1
0.0001,314,0.00241126702,0.00214386475,2.7046859e-05,10,1,1
0.0001,315,0.00241907826,0.00215098681,2.7143109e-05,10,1,1
0.0001,316,0.0024277987,0.00215793448,2.70759483e-05,11,0,1
0.0001,317,0.00243435428,0.00216507842,2.71218742e-05,10,1,1
0.0001,318,0.00244239788,0.00217239186,2.74213089e-05,10,1,1
0.0001,319,0.00245124963,0.00217931811,2.73631758e-05,11,0,1
0.0001,320,0.00245845877,0.0021865,2.74850136e-05,11,0,1
0.0001,321,0.0024664537,0.00219361717,2.75725779e-05,11,0,1
0.0001,322,0.00247363932,0.00220094691,2.77752279e-05,10,2,1
0.0001,323,0.00248151412,0.00220806431,2.78954049e-05,10,1,1
0.0001,324,0.00248993165,0.00221502851,2.78604875e-05,11,0,1
0.0001,325,0.00249758735,0.00222218665,2.79653286e-05,11,0,1
0.0001,326,0.0025055923,0.0022293129,2.80530003e-05,11,0,1
0.0001,327,0.00251296349,0.00223660842,2.82898072e-05,10,1,1
0.0001,328,0.00252125948,0.00224360474,2.82457986e-05,11,0,1
0.0001,329,0.00252953311,0.00225071632,2.83236786e-05,11,0,1
0.0001,330,0.00253634807,0.00225808192,2.85704409e-05,10,1,1
0.0001,331,0.00254431274,0.00226520654,2.86845934e-05,10,1,1
0.0001,332,0.00255305273,0.00227217283,2.86129125e-05,11,0,1
0.0001,333,0.00256045954,0.0022793666,2.87284602e-05,11,0,1
0.0001,334,0.002567722,0.00228670565,2.8958948e-05,10,1,1
0.0001,335,0.00257552043,0.00229388662,2.90331827e-05,10,2,1
0.0001,336,0.00258318358,0.00230080704,2.89394411e-05,10,1,1
0.0001,337,0.00259139226,0.00230816239,2.92729419e-05,10,1,1
0.0001,338,0.0026001439,0.0023151401,2.9194196e-05,11,0,1
0.0001,339,0.00260799681,0.00232230616,2.92908881e-05,11,0,1
0.0001,340,0.00261585275,0.00232947618,2.93879439e-05,11,0,1
0.0001,341,0.00262245513,0.0023366448,2.9423325e-05,10,1,1
0.0001,342,0.00263029942,0.00234383205,2.95207974e-05,10,1,1
0.0001,343,0.0026394343,0.00235099695,2.96797061e-05,11,0,1
0.0001,344,0.00264729816,0.00235817349,2.97770002e-05,11,0,1
0.0001,345,0.00265472708,0.00236539124,2.98938558e-05,11,0,1
0.0001,346,0.00266303075,0.00237253425,2.99720559e-05,11,0,1
0.0001,347,0.00267046201,0.00237975502,3.00890406e-05,11,0,1
0.0001,348,0.00267833308,0.00238693948,3.01866039e-05,11,0,1
0.0001,349,0.00268539088,0.00239409111,3.02075241e-05,10,1,1
0.0001,350,0.00269408152,0.00240131584,3.03821907e-05,11,0,1
0.0001,351,0.00270239357,0.002408467,3.04602454e-05,11,0,1
0.0001,352,0.0027102707,0.00241565937,3.05582398e-05,11,0,1
0.0001,353,0.00271714083,0.00242308457,3.08159433e-05,10,1,1
0.0001,354,0.00272476836,0.00243007042,3.06988659e-05,10,1,1
0.0001,355,0.00273391558,0.00243724813,3.08521594e-05,11,0,1
0.0001,356,0.00274180179,0.00244444935,3.09505886e-05,11,0,1
0.0001,357,0.00274863327,0.00245190714,3.11829172e-05,10,2,1
0.0001,358,0.0027571416,0.00245889416,3.1166921e-05,11,0,1
0.0001,359,0.00276476424,0.00246612914,3.12798002e-05,11,0,1
0.0001,360,0.00277235359,0.00247350265,3.15107318e-05,10,1,1
0.0001,361,0.00278036762,0.00248068036,3.16317091e-05,10,1,1
0.0001,362,0.00278787687,0.00248770183,3.14758508e-05,10,1,1
0.0001,363,0.00279704854,0.00249490328,3.16391597e-05,11,0,1
0.0001,364,0.00280389725,0.00250237994,3.18778257e-05,10,2,1
0.0001,365,0.00281158532,0.00250935671,3.1778538e-05,10,1,1
0.0001,366,0.00282075536,0.0025165556,3.19354949e-05,11,0,1
0.0001,367,0.00282865972,0.00252377614,3.20343388e-05,11,0,1
0.0001,368,0.00283530471,0.00253099622,3.20661857e-05,10,1,1
0.0001,369,0.00284342491,0.00253848825,3.23771055e-05,10,2,1
0.0001,370,0.00285150879,0.00254566479,3.25089095e-05,10,1,1
0.0001,371,0.00286030001,0.00255268184,3.24308494e-05,11,0,1
0.0001,372,0.00286716688,0.00256017921,3.26692825e-05,10,2,1
0.0001,373,0.00287513179,0.00256738928,3.27987291e-05,10,1,1
0.0001,374,0.00288300449,0.0025746508,3.28608367e-05,10,2,1
0.0001,375,0.00289153354,0.00258165784,3.2848704e-05,11,0,1
0.0001,376,0.00289945537,0.00258889678,3.29484319e-05,11,0,1
0.0001,377,0.0029069311,0.00259630568,3.32280761e-05,10,1,1
0.0001,378,0.00291473628,0.00260357955,3.3315624e-05,10,1,1
0.0001,379,0.00292366534,0.00261058146,3.32257914e-05,11,0,1
0.0001,380,0.00293054758,0.0026180977,3.34806828e-05,10,2,1
0.0001,381,0.00293826312,0.0026251208,3.33759308e-05,10,1,1
0.0001,382,0.00294675468,0.00263239909,3.35623154e-05,11,0,1
0.0001,383,0.00295495777,0.00263962056,3.36468511e-05,11,0,1
0.0001,384,0.00296228682,0.00264710747,3.38738755e-05,10,2,1
0.0001,385,0.00297022285,0.00265436177,3.39800317e-05,10,2,1
0.0001,386,0.00297833257,0.00266156509,3.41186897e-05,10,1,1
0.0001,387,0.00298627373,0.00266882498,3.42195781e-05,10,1,1
0.0001,388,0.00299509242,0.00267586764,3.41262021e-05,11,0,1
0.0001,389,0.003003038,0.00268313126,3.42265193e-05,11,0,1
0.0001,390,0.00300994306,0.00269067381,3.44830114e-05,10,2,1
0.0001,391,0.00301849982,0.00269770785,3.44492655e-05,11,0,1
0.0001,392,0.00302645052,0.00270497752,3.45499284e-05,11,0,1
0.0001,393,0.00303440355,0.00271224882,3.46504894e-05,11,0,1
0.0001,394,0.00304180011,0.00271973293,3.49127185e-05,10,1,1
0.0001,395,0.00305031403,0.00272679701,3.4852008e-05,11,0,1
0.0001,396,0.00305767148,0.00273431512,3.50798473e-05,10,2,1
0.0001,397,0.0030662315,0.00274135312,3.50538976e-05,11,0,1
0.0001,398,0.00307419128,0.0027486328,3.51546441e-05,11,0,1
0.0001,399,0.00308160624,0.00275613461,3.54089498e-05,10,1,1
0.0001,400,0.00309012202,0.00276320125,3.53568757e-05,11,0,1
0.0001,401,0.00309748924,0.00277073053,3.55920565e-05,10,2,1
0.0001,402,0.00310523226,0.00277776551,3.54838194e-05,10,1,1
0.0001,403,0.00311446353,0.0027850226,3.56381424e-05,11,0,1
0.0001,404,0.00312243495,0.00279231416,3.57391327e-05,11,0,1
0.0001,405,0.00312997471,0.00279965415,3.58635407e-05,11,0,1
0.0001,406,0.00313838571,0.00280690612,3.59424375e-05,11,0,1
0.0001,407,0.0031457583,0.00281426962,3.60773629e-05,11,0,1
0.0001,408,0.00315434439,0.0028215046,3.61454804e-05,11,0,1
0.0001,409,0.00316134817,0.00282907672,3.64276384e-05,10,1,1
0.0001,410,0.00316933054,0.00283638015,3.65333981e-05,10,1,1
0.0001,411,0.00317829405,0.00284341606,3.64504122e-05,11,0,1
0.0001,412,0.00318628037,0.00285072438,3.65524211e-05,11,0,1
0.0001,413,0.00319329184,0.00285830395,3.68473848e-05,10,1,1
0.0001,414,0.00320226373,0.00286534731,3.67570283e-05,11,0,1
0.0001,415,0.00320982188,0.00287270686,3.68820693e-05,11,0,1
0.0001,416,0.00321764522,0.00288004312,3.69950503e-05,11,0,1
0.0001,417,0.0032252688,0.00288756564,3.72550821e-05,10,1,1
0.0001,418,0.00323424349,0.00289461273,3.71652859e-05,11,0,1
0.0001,419,0.00324224541,0.00290193572,3.72679679e-05,11,0,1
0.0001,420,0.00325024384,0.00290925708,3.73700168e-05,11,0,1
0.0001,421,0.00325727277,0.00291685644,3.76773278e-05,10,1,1
0.0001,422,0.00326625397,0.00292390911,3.75749405e-05,11,0,1
0.0001,423,0.00327329268,0.00293151964,3.78636323e-05,10,1,1
0.0001,424,0.00328100007,0.00293862727,3.77188371e-05,10,1,1
0.0001,425,0.00328931375,0.00294618518,3.80698839e-05,10,1,1
0.0001,426,0.00329786236,0.00295328652,3.80099627e-05,11,0,1
0.0001,427,0.00330630969,0.00296057574,3.80889724e-05,11,0,1
0.0001,428,0.00331432605,0.0029679141,3.81917598e-05,11,0,1
0.0001,429,0.00332234427,0.00297525502,3.82948856e-05,11,0,1
0.0001,430,0.00332939532,0.00298287976,3.85976928e-05,10,1,1
0.0001,431,0.00333768898,0.00299002719,3.85433013e-05,11,0,1
0.0001,432,0.00334513863,0.00299731689,3.85385247e-05,10,1,1
0.0001,433,0.00335342367,0.0030049514,3.88712833e-05,10,2,1
0.0001,434,0.00336203142,0.00301203737,3.8835602e-05,11,0,1
0.0001,435,0.00337049435,0.00301934173,3.89146917e-05,11,0,1
0.0001,436,0.00337852468,0.00302669592,3.90178975e-05,11,0,1
0.0001,437,0.00338612706,0.00303410273,3.91465219e-05,11,0,1
0.0001,438,0.00339459279,0.00304141059,3.92253423e-05,11,0,1
0.0001,439,0.00340262987,0.00304877106,3.93290975e-05,11,0,1
0.0001,440,0.0034097021,0.00305642001,3.96407268e-05,10,1,1
0.0001,441,0.0034176982,0.00306381518,3.97074145e-05,10,2,1
0.0001,442,0.00342631876,0.00307091395,3.96657197e-05,11,0,1
0.0001,443,0.00343383383,0.00307852356,3.99443888e-05,10,1,1
0.0001,444,0.00344284065,0.00308560231,3.98490629e-05,11,0,1
0.0001,445,0.00345089007,0.00309297559,3.99533856e-05,11,0,1
0.0001,446,0.00345850643,0.003100398,4.00823956e-05,11,0,1
0.0001,447,0.00346655911,0.00310777477,4.01867874e-05,11,0,1
0.0001,448,0.00347461086,0.00311515201,4.02911246e-05,11,0,1
0.0001,449,0.00348213734,0.00312277465,4.05799874e-05,10,1,1
0.0001,450,0.00349072344,0.00312991394,4.04999955e-05,11,0,1
0.0001,451,0.00349820917,0.00313757197,4.07511143e-05,10,2,1
0.0001,452,0.00350631541,0.00314492779,4.08906672e-05,10,1,1
0.0001,453,0.00351433409,0.00315234694,4.09570421e-05,10,2,1
0.0001,454,0.00352212484,0.0031594676,4.08263586e-05,10,1,1
0.0001,455,0.0035314667,0.00316680083,4.09981585e-05,11,0,1
0.0001,456,0.00353910145,0.00317424396,4.11284636e-05,11,0,1
0.0001,457,0.00354717276,0.00318164029,4.1233634e-05,11,0,1
0.0001,458,0.00355567597,0.00318898656,4.13131784e-05,11,0,1
0.0001,459,0.00356374844,0.00319638499,4.14181013e-05,11,0,1
0.0001,460,0.00357182394,0.00320378598,4.15231734e-05,11,0,1
0.0001,461,0.0035799027,0.00321119069,4.16286966e-05,11,0,1
0.0001,462,0.00358798238,0.0032185954,4.17338015e-05,11,0,1
0.0001,463,0.00359481713,0.00322605995,4.17962074e-05,10,1,1
0.0001,464,0.00360242091,0.0032328961,4.16122566e-05,10,0,1
0.0001,465,0.00361222913,0.00324082165,4.20502547e-05,11,0,1
0.0001,466,0.00362031581,0.00324823568,4.21559926e-05,11,0,1
0.0001,467,0.00362840388,0.0032556497,4.22613448e-05,11,0,1
0.0001,468,0.00363549707,0.00326340296,4.25485341e-05,10,2,1
0.0001,469,0.00364398351,0.00327056041,4.25112994e-05,11,0,1
0.0001,470,0.00365207717,0.00327798165,4.26173501e-05,11,0,1
0.0001,471,0.00365982577,0.00328563666,4.28975618e-05,10,1,1
0.0001,472,0.00366817508,0.0032928437,4.28364438e-05,11,0,1
0.0001,473,0.00367637002,0.0033002561,4.2935535e-05,11,0,1
0.0001,474,0.00368447043,0.00330768386,4.30415093e-05,11,0,1
0.0001,475,0.00369274337,0.0033150909,4.31356093e-05,11,0,1
0.0001,476,0.00370000442,0.0033225033,4.31453882e-05,10,1,1
0.0001,477,0.00370938377,0.00332990335,4.3321259e-05,11,0,1
0.0001,478,0.00371689326,0.00333741866,4.3467473e-05,11,0,1
0.0001,479,0.00372517249,0.00334483176,4.35611255e-05,11,0,1
0.0001,480,0.00373328524,0.00335227279,4.36679511e-05,11,0,1
0.0001,481,0.00374055468,0.00335969427,4.36773953e-05,10,1,1
0.0001,482,0.0037495147,0.00336715882,4.38812494e-05,11,0,1
0.0001,483,0.00375806354,0.00337455072,4.39606083e-05,11,0,1
0.0001,484,0.00376618211,0.00338199828,4.40674376e-05,11,0,1
0.0001,485,0.00377331837,0.0033897988,4.43660319e-05,10,2,1
0.0001,486,0.00378242601,0.00339689991,4.42813107e-05,11,0,1
0.0001,487,0.00379055366,0.00340435538,4.43886929e-05,11,0,1
0.0001,488,0.00379769714,0.00341216475,4.46777558e-05,10,2,1
0.0001,489,0.00380637776,0.00341932382,4.46304002e-05,11,0,1
0.0001,490,0.00381450821,0.00342678349,4.47376369e-05,11,0,1
0.0001,491,0.00382264168,0.00343424594,4.48449791e-05,11,0,1
0.0001,492,0.00383077445,0.00344170886,4.49525614e-05,11,0,1
0.0001,493,0.00383864669,0.00344921323,4.50799198e-05,11,0,1
0.0001,494,0.00384747842,0.00345658697,4.51397063e-05,11,0,1
0.0001,495,0.00385518861,0.00346411252,4.52753666e-05,11,0,1
0.0001,496,0.00386333023,0.00347158383,4.53831053e-05,11,0,1
0.0001,497,0.00387130585,0.00347908214,4.55035515e-05,11,0,1
0.0001,498,0.00387962,0.00348653411,4.55988738e-05,11,0,1
0.0001,499,0.0038877679,0.00349401147,4.57067035e-05,11,0,1
0.0001,500,0.00389541406,0.00350176287,4.60146184e-05,10,1,1
0.0001,501,0.00390449539,0.00350891473,4.58943432e-05,11,0,1
0.0001,502,0.00391167728,0.00351676485,4.61872041e-05,10,2,1
0.0001,503,0.00392080331,0.00352388341,4.61105774e-05,11,0,1
0.0001,504,0.00392895984,0.00353136985,4.62184798e-05,11,0,1
0.0001,505,0.00393642532,0.00353895733,4.63762044e-05,11,0,1
0.0001,506,0.00394434994,0.00354668382,4.66689089e-05,10,1,1
0.0001,507,0.00395344105,0.00355384382,4.65437843e-05,11,0,1
0.0001,508,0.00396117382,0.00356139499,4.66808087e-05,11,0,1
0.0001,509,0.00396934059,0.00356889307,4.67895989e-05,11,0,1
0.0001,510,0.00397612527,0.00357574434,4.64862715e-05,10,0,1
0.0001,511,0.00398567691,0.00358389318,4.70071063e-05,11,0,1
0.0001,512,0.00399427535,0.00359133747,4.7086869e-05,11,0,1
0.0001,513,0.0040024505,0.0035988423,4.71956082e-05,11,0,1
0.0001,514,0.00401019631,0.00360640837,4.73339496e-05,11,0,1
0.0001,515,0.00401837286,0.00361391646,4.74428743e-05,11,0,1
0.0001,516,0.00402638456,0.00362145482,4.75655033e-05,11,0,1
0.0001,517,0.00403516274,0.00362888235,4.7631951e-05,11,0,1
0.0001,518,0.00404334394,0.00363639765,4.77412432e-05,11,0,1
0.0001,519,0.00405109813,0.0036439714,4.78797083e-05,11,0,1
0.0001,520,0.00405928539,0.00365149113,4.79890732e-05,11,0,1
0.0001,521,0.00406790245,0.00365895359,4.80693561e-05,11,0,1
0.0001,522,0.00407566363,0.00366653525,4.82084652e-05,11,0,1
0.0001,523,0.00408332562,0.00367438374,4.84766206e-05,10,2,1
0.0001,524,0.00409204746,0.00368158543,4.84275297e-05,11,0,1
0.0001,525,0.0041002431,0.00368911354,4.85372038e-05,11,0,1
0.0001,526,0.00410827249,0.00369667169,4.86607532e-05,11,0,1
0.0001,527,0.00411637733,0.00370421866,4.87781253e-05,11,0,1
0.0001,528,0.00412457855,0.00371175352,4.88881815e-05,11,0,1
0.0001,529,0.00413287617,0.00371927512,4.89907288e-05,11,0,1
0.0001,530,0.00414167857,0.00372672873,4.90575985e-05,11,0,1
0.0001,531,0.00414896756,0.00373461633,4.94123815e-05,10,1,1
0.0001,532,0.00415808894,0.0037418087,4.92772015e-05,11,0,1
0.0001,533,0.00416630274,0.00374935404,4.93877633e-05,11,0,1
0.0001,534,0.00417324342,0.00375694758,4.94293563e-05,10,1,1
0.0001,535,0.00418177433,0.00376483845,4.98087902e-05,10,2,1
0.0001,536,0.0041909446,0.00377199892,4.97189285e-05,11,0,1
0.0001,537,0.00419873372,0.00377961132,4.98596528e-05,11,0,1
0.0001,538,0.00420609582,0.0037871392,4.98588706e-05,10,1,1
0.0001,539,0.00421560369,0.00379466126,5.00508104e-05,11,0,1
0.0001,540,0.00422382634,0.00380221941,5.01618197e-05,11,0,1
0.0001,541,0.0042316257,0.00380984182,5.03030678e-05,11,0,1
0.0001,542,0.00423985161,0.00381740299,5.04138698e-05,11,0,1
0.0001,543,0.00424807798,0.00382496603,5.05248827e-05,11,0,1
0.0001,544,0.00425673928,0.00383247249,5.06056458e-05,11,0,1
0.0001,545,0.00426454283,0.00384010118,5.07473596e-05,11,0,1
0.0001,546,0.00427229377,0.0038479655,5.10859209e-05,10,1,1
0.0001,547,0.00428144168,0.00385518116,5.09388919e-05,11,0,1
0.0001,548,0.00428925036,0.00386281544,5.10808713e-05,11,0,1
0.0001,549,0.00429701107,0.00387069024,5.14191051e-05,10,1,1
0.0001,550,0.00430524955,0.00387826492,5.15402353e-05,10,1,1
0.0001,551,0.00431313645,0.00388554088,5.13171763e-05,10,1,1
0.0001,552,0.00432170695,0.00389347319,5.16994332e-05,10,2,1
0.0001,553,0.0043308991,0.00390065392,5.16081382e-05,11,0,1
0.0001,554,0.00433824211,0.00390860299,5.19774694e-05,10,1,1
0.0001,555,0.00434612995,0.00391591201,5.1760966e-05,10,1,1
0.0001,556,0.00435437635,0.00392346503,5.1871124e-05,10,1,1
0.0001,557,0.00436390564,0.00393100921,5.20554677e-05,11,0,1
0.0001,558,0.00437216135,0.00393860182,5.21674192e-05,11,0,1
0.0001,559,0.00438042171,0.00394619815,5.22797454e-05,11,0,1
0.0001,560,0.00438867975,0.00395379402,5.23912749e-05,11,0,1
0.0001,561,0.00439651683,0.00396145834,5.25353898e-05,11,0,1
0.0001,562,0.00440477952,0.00396905933,5.2647767e-05,11,0,1
0.0001,563,0.00441347528,0.00397660071,5.27290213e-05,11,0,1
0.0001,564,0.00442084018,0.00398457376,5.31111946e-05,10,1,1
0.0001,565,0.00442873547,0.0039918921,5.28742457e-05,10,1,1
0.0001,566,0.00443828292,0.00399942184,5.30661237e-05,11,0,1
0.0001,567,0.00444655679,0.00400703354,5.31790829e-05,11,0,1
0.0001,568,0.00445389934,0.00401506387,5.34995706e-05,10,2,1
0.0001,569,0.00446268497,0.00402232818,5.34366227e-05,11,0,1
0.0001,570,0.00447138865,0.00402987981,5.3517404e-05,11,0,1
0.0001,571,0.00447924295,0.00403756415,5.36627085e-05,11,0,1
0.0001,572,0.0044875266,0.0040451875,5.37759734e-05,11,0,1
0.0001,573,0.00449580979,0.00405280851,5.3888798e-05,11,0,1
0.0001,574,0.00450409716,0.00406043464,5.40021792e-05,11,0,1
0.0001,575,0.00451152446,0.0040680361,5.39980392e-05,10,1,1
0.0001,576,0.00451983977,0.00407571904,5.41261616e-05,10,1,1
0.0001,577,0.00452811085,0.00408330048,5.42280177e-05,10,1,1
0.0001,578,0.00453679403,0.00409126794,5.47015552e-05,10,1,1
0.0001,579,0.00454506092,0.00409895321,5.47435448e-05,10,2,1
0.0001,580,0.00455300417,0.00410624314,5.45678267e-05,10,1,1
0.0001,581,0.00456215627,0.00411386881,5.47968775e-05,11,0,1
0.0001,582,0.00456961151,0.0041214982,5.48058561e-05,10,1,1
0.0001,583,0.00457918877,0.00412908755,5.49916294e-05,11,0,1
0.0001,584,0.0045874943,0.00413673278,5.51056473e-05,11,0,1
0.0001,585,0.00459537422,0.00414444599,5.5252498e-05,11,0,1
0.0001,586,0.00460283505,0.00415208237,5.52592865e-05,10,1,1
0.0001,587,0.00461152894,0.00416006241,5.57346793e-05,10,1,1
0.0001,588,0.00462073321,0.00416733231,5.55617335e-05,11,0,1
0.0001,589,0.00462816097,0.00417537568,5.59515829e-05,10,1,1
0.0001,590,0.00463648001,0.00418303488,5.6061639e-05,10,1,1
0.0001,591,0.00464479811,0.00419069408,5.61772904e-05,10,1,1
0.0001,592,0.0046535763,0.00419803197,5.60528024e-05,11,0,1
0.0001,593,0.00466144364,0.00420602132,5.64038783e-05,10,1,1
0.0001,594,0.00466976687,0.00421368564,5.65226655e-05,10,1,1
0.0001,595,0.00467809662,0.00422135647,5.66266172e-05,10,1,1
0.0001,596,0.00468730181,0.00422863057,5.64780275e-05,11,0,1
0.0001,597,0.004694717,0.00423674099,5.68077558e-05,10,2,1
0.0001,598,0.0047026691,0.00424401183,5.66161398e-05,10,1,1
0.0001,599,0.00471187104,0.00425171712,5.68568648e-05,11,0,1
0.0001,600,0.00471971883,0.00425976794,5.71555538e-05,10,2,1
0.0001,601,0.00472808955,0.00426740106,5.73331999e-05,10,1,1
0.0001,602,0.00473643187,0.0042750854,5.74424266e-05,10,1,1
0.0001,603,0.00474476907,0.00428276509,5.75659287e-05,10,1,1
0.0001,604,0.00475311372,0.00429045176,5.76826569e-05,10,1,1
0.0001,605,0.00476233475,0.00429774122,5.75143786e-05,11,0,1
0.0001,606,0.00477025751,0.00430549961,5.76642306e-05,11,0,1
0.0001,607,0.00477816025,0.00431352574,5.80155902e-05,10,1,1
0.0001,608,0.00478695566,0.00432088273,5.78953222e-05,11,0,1
0.0001,609,0.00479530869,0.00432857824,5.80112901e-05,11,0,1
0.0001,610,0.00480318163,0.004336657,5.83124129e-05,10,2,1
0.0001,611,0.00481115608,0.00434395159,5.812171e-05,10,1,1
0.0001,612,0.00481949653,0.00435163733,5.82234716e-05,10,1,1
0.0001,613,0.00482916227,0.00435931049,5.84406152e-05,11,0,1
0.0001,614,0.00483752601,0.00436701626,5.85568559e-05,11,0,1
0.0001,615,0.00484546041,0.00437479047,5.87073737e-05,11,0,1
0.0001,616,0.00485382695,0.00438250042,5.88237963e-05,11,0,1
0.0001,617,0.00486261863,0.00439014146,5.89053925e-05,11,0,1
0.0001,618,0.00487056188,0.00439792452,5.90566742e-05,11,0,1
0.0001,619,0.0048784907,0.00440597907,5.94235316e-05,10,1,1
0.0001,620,0.00488683116,0.0044137449,5.94738631e-05,10,2,1
0.0001,621,0.00489568152,0.00442107581,5.94064113e-05,11,0,1
0.0001,622,0.00490318611,0.0044287662,5.93922305e-05,10,1,1
0.0001,623,0.00491196383,0.00443691062,5.98257102e-05,10,2,1
0.0001,624,0.00492034247,0.00444463454,5.99475025e-05,10,2,1
0.0001,625,0.0049287593,0.00445231562,6.01273641e-05,10,1,1
0.0001,626,0.00493713887,0.00446004001,6.02596701e-05,10,1,1
0.0001,627,0.00494639575,0.004467363,6.00728272e-05,11,0,1
0.0001,628,0.00495478371,0.00447509624,6.01900647e-05,11,0,1
0.0001,629,0.00496230461,0.00448324159,6.0606144e-05,10,1,1
0.0001,630,0.00497066882,0.0044910321,6.06511676e-05,10,2,1
0.0001,631,0.00497813104,0.00449787825,6.01692445e-05,10,0,1
0.0001,632,0.00498776371,0.00450615119,6.07110887e-05,11,0,1
0.0001,633,0.00499674911,0.00451379083,6.07765687e-05,11,0,1
0.0001,634,0.00500314636,0.00452078553,6.04136949e-05,10,0,1
0.0001,635,0.00501355156,0.00452928245,6.10117677e-05,11,0,1
0.0001,636,0.00502105616,0.00453749578,6.13706798e-05,10,2,1
0.0001,637,0.00502908183,0.00454487465,6.11598007e-05,10,1,1
0.0001,638,0.00503876526,0.00455253525,6.136499e-05,11,0,1
0.0001,639,0.00504717184,0.00456028851,6.14823657e-05,11,0,1
0.0001,640,0.00505558634,0.00456804875,6.16011457e-05,11,0,1
0.0001,641,0.00506357336,0.00457588024,6.17552359e-05,11,0,1
0.0001,642,0.00507241162,0.00458356785,6.18371632e-05,11,0,1
0.0001,643,0.00508040236,0.00459140353,6.19916245e-05,11,0,1
0.0001,644,0.00508796377,0.00459915353,6.19905768e-05,10,1,1
0.0001,645,0.00509766629,0.00460686302,6.21919171e-05,11,0,1
0.0001,646,0.00510566216,0.00461470429,6.23468077e-05,11,0,1
0.0001,647,0.00511450972,0.0046224012,6.24284876e-05,11,0,1
0.0001,648,0.00512293587,0.00463017542,6.25472094e-05,11,0,1
0.0001,649,0.00513050705,0.00463837665,6.29763817e-05,10,1,1
0.0001,650,0.00513936952,0.00464580301,6.28218913e-05,11,0,1
0.0001,651,0.00514780032,0.00465358095,6.29404167e-05,11,0,1
0.0001,652,0.0051566558,0.00466128672,6.30219438e-05,11,0,1
0.0001,653,0.00516509404,0.00466907257,6.31418297e-05,11,0,1
0.0001,654,0.00517267967,0.00467728917,6.35630859e-05,10,1,1
0.0001,655,0.00518069183,0.00468473975,6.32914162e-05,10,1,1
0.0001,656,0.00518911472,0.00469251303,6.33934178e-05,10,1,1
0.0001,657,0.00519681629,0.00469944859,6.31214789e-05,10,0,1
0.0001,658,0.00520687131,0.00470809126,6.3774416e-05,11,0,1
0.0001,659,0.00521532027,0.00471588876,6.38943311e-05,11,0,1
0.0001,660,0.00522418972,0.00472360896,6.39761347e-05,11,0,1
0.0001,661,0.00523263868,0.00473140785,6.40957296e-05,11,0,1
0.0001,662,0.00524109416,0.00473921094,6.42156228e-05,11,0,1
0.0001,663,0.00524869608,0.00474744756,6.4656866e-05,10,1,1
0.0001,664,0.00525712548,0.00475530839,6.46992485e-05,10,2,1
0.0001,665,0.00526603684,0.00476270169,6.46123735e-05,11,0,1
0.0001,666,0.00527491886,0.004770434,6.46944536e-05,11,0,1
0.0001,667,0.00528253661,0.00477868645,6.51230366e-05,10,1,1
0.0001,668,0.00529184565,0.00478606066,6.49349749e-05,11,0,1
0.0001,669,0.00529988715,0.00479395175,6.50928487e-05,11,0,1
0.0001,670,0.00530835241,0.00480176741,6.52130257e-05,11,0,1
0.0001,671,0.00531596458,0.00480960682,6.52010203e-05,10,1,1
0.0001,672,0.00532487687,0.00481777871,6.572446e-05,10,1,1
0.0001,673,0.0053333519,0.00482560368,6.58436038e-05,10,1,1
0.0001,674,0.0053422437,0.00483306078,6.56954435e-05,11,0,1
0.0001,675,0.00535114156,0.00484080892,6.57773344e-05,11,0,1
0.0001,676,0.00535877701,0.00484908279,6.62237144e-05,10,1,1
0.0001,677,0.00536681432,0.00485656224,6.59200887e-05,10,1,1
0.0001,678,0.00537531357,0.00486441143,6.60548685e-05,10,1,1
0.0001,679,0.00538464542,0.00487221731,6.62988823e-05,11,0,1
0.0001,680,0.00539226038,0.00488003157,6.62869716e-05,10,1,1
0.0001,681,0.00540117454,0.00488831941,6.67518179e-05,10,2,1
0.0001,682,0.00540924771,0.00489572156,6.65377302e-05,10,1,1
0.0001,683,0.00541816,0.00490400847,6.69887304e-05,10,2,1
0.0001,684,0.00542709418,0.00491142506,6.69048313e-05,11,0,1
0.0001,685,0.00543558924,0.00491927238,6.70261434e-05,11,0,1
0.0001,686,0.00544409035,0.00492712483,6.71479866e-05,11,0,1
0.0001,687,0.00545258867,0.00493497541,6.72694296e-05,11,0,1
0.0001,688,0.00546109024,0.00494282972,6.73910836e-05,11,0,1
0.0001,689,0.00546959275,0.0049506845,6.75127521e-05,11,0,1
0.0001,690,0.00547851995,0.00495846383,6.75956908e-05,11,0,1
0.0001,691,0.00548660569,0.00496640336,6.77565331e-05,11,0,1
0.0001,692,0.00549511053,0.00497426325,6.7878289e-05,11,0,1
0.0001,693,0.00550362421,0.00498212827,6.80004669e-05,11,0,1
0.0001,694,0.00551255886,0.0049899146,6.80831872e-05,11,0,1
0.0001,695,0.00551978499,0.00499784434,6.8114794e-05,10,1,1
0.0001,696,0.00552832056,0.00500576384,6.82414247e-05,10,1,1
0.0001,697,0.00553768547,0.00501360418,6.84893821e-05,11,0,1
0.0001,698,0.00554662989,0.00502139889,6.85722407e-05,11,0,1
0.0001,699,0.00555382948,0.00502930675,6.85755585e-05,10,1,1
0.0001,700,0.00556240743,0.00503726583,6.87333959e-05,10,1,1
0.0001,701,0.00557161681,0.00504514854,6.89974986e-05,11,0,1
0.0001,702,0.00558014447,0.00505303033,6.91200548e-05,11,0,1
0.0001,703,0.00558795361,0.00506084599,6.90803354e-05,10,1,1
0.0001,704,0.00559649616,0.00506874267,6.92122194e-05,10,1,1
0.0001,705,0.00560632534,0.00507657276,6.94303453e-05,11,0,1
0.0001,706,0.00561443856,0.00508454395,6.95936542e-05,11,0,1
0.0001,707,0.00562209496,0.00509240618,6.95730196e-05,10,1,1
0.0001,708,0.0056298296,0.00509941392,6.92701797e-05,10,0,1
0.0001,709,0.00564047694,0.00510814646,6.99226948e-05,11,0,1
0.0001,710,0.00564859854,0.00511612464,7.00861128e-05,11,0,1
0.0001,711,0.00565714622,0.00512402644,7.02098041e-05,11,0,1
0.0001,712,0.00566526642,0.00513237435,7.05515849e-05,10,2,1
0.0001,713,0.00567424158,0.00513983238,7.04565173e-05,11,0,1
0.0001,714,0.00568278972,0.00514773792,7.05801285e-05,11,0,1
0.0001,715,0.00569134345,0.00515564578,7.07034269e-05,11,0,1
0.0001,716,0.00569989812,0.00516355736,7.08276275e-05,11,0,1
0.0001,717,0.00570845511,0.00517146988,7.09511805e-05,11,0,1
0.0001,718,0.0057170135,0.00517938472,7.10752647e-05,11,0,1
0.0001,719,0.00572557468,0.00518730236,7.11992179e-05,11,0,1
0.0001,720,0.00573372003,0.00519567635,7.15325295e-05,10,2,1
0.0001,721,0.00574312638,0.0052030622,7.14074922e-05,11,0,1
0.0001,722,0.00575126801,0.00521106413,7.15717324e-05,11,0,1
0.0001,723,0.00575896725,0.00521900412,7.15507922e-05,10,1,1
0.0001,724,0.00576687604,0.00522630848,7.13295376e-05,10,0,1
0.0001,725,0.00577611336,0.00523486454,7.18017109e-05,10,1,1
0.0001,726,0.00578597141,0.00524269184,7.20283206e-05,11,0,1
0.0001,727,0.00579325762,0.00525072403,7.20467287e-05,10,1,1
0.0001,728,0.00580270123,0.00525864214,7.23183985e-05,11,0,1
0.0001,729,0.0058112829,0.00526658073,7.24434358e-05,11,0,1
0.0001,730,0.0058202832,0.00527443504,7.25266073e-05,11,0,1
0.0001,731,0.00582803041,0.00528291753,7.29197927e-05,10,2,1
0.0001,732,0.00583561556,0.00528994622,7.23340927e-05,10,0,1
0.0001,733,0.00584604032,0.00529826339,7.29012609e-05,11,0,1
0.0001,734,0.00585332094,0.00530626252,7.29181484e-05,10,1,1
0.0001,735,0.00586193707,0.00531426631,7.305092e-05,10,1,1
0.0001,736,0.00586987333,0.00532159861,7.28378363e-05,10,0,1
0.0001,737,0.00587959681,0.00533055002,7.37570808e-05,10,1,1
0.0001,738,0.00588704366,0.00533748791,7.30724714e-05,10,0,1
0.0001,739,0.00589631405,0.00534604676,7.35612848e-05,10,1,1
0.0001,740,0.00590493437,0.00535405707,7.36891598e-05,10,1,1
0.0001,741,0.00591400173,0.00536239007,7.42454067e-05,10,1,1
0.0001,742,0.00592298945,0.00536994636,7.40721953e-05,11,0,1
0.0001,743,0.00593159627,0.00537791289,7.41982367e-05,11,0,1
0.0001,744,0.00594062638,0.00538579607,7.42821649e-05,11,0,1
0.0001,745,0.00594923459,0.00539376354,7.44073914e-05,11,0,1
0.0001,746,0.0059578428,0.00540173193,7.45327779e-05,11,0,1
0.0001,747,0.00596515276,0.00540976319,7.4551499e-05,10,1,1
0.0001,748,0.00597380707,0.0054178061,7.469517e-05,10,1,1
0.0001,749,0.0059828693,0.00542621966,7.51823973e-05,10,2,1
0.0001,750,0.0059915185,0.00543414475,7.53697095e-05,10,1,1
0.0001,751,0.00600010902,0.00544218021,7.54383946e-05,10,2,1
0.0001,752,0.00600913772,0.00544969318,7.53339045e-05,11,0,1
0.0001,753,0.00601598667,0.00545668183,7.48388629e-05,10,0,1
0.0001,754,0.00602598861,0.00546614127,7.58138412e-05,10,2,1
0.0001,755,0.006035442,0.00547357183,7.56715017e-05,11,0,1
0.0001,756,0.0060440721,0.00548156584,7.57987e-05,11,0,1
0.0001,757,0.00605188916,0.00549012469,7.61765841e-05,10,2,1
0.0001,758,0.00606003078,0.0054976088,7.59429822e-05,10,1,1
0.0001,759,0.00606868276,0.0055056205,7.60823023e-05,10,1,1
0.0001,760,0.0060773096,0.00551360985,7.61991541e-05,10,1,1
0.0001,761,0.00608598627,0.00552167743,7.63421267e-05,10,1,1
0.0001,762,0.00609589554,0.00552955549,7.65595687e-05,11,0,1
0.0001,763,0.00610454055,0.00553756207,7.66872836e-05,11,0,1
0.0001,764,0.00611318648,0.00554557005,7.68140671e-05,11,0,1
0.0001,765,0.00611998141,0.00555319991,7.64869765e-05,10,0,1
0.0001,766,0.00613006577,0.005561681,7.71128398e-05,11,0,1
0.0001,767,0.00613913778,0.00556960795,7.71973064e-05,11,0,1
0.0001,768,0.00614737347,0.00557771279,7.73684296e-05,11,0,1
0.0001,769,0.00615644874,0.00558564393,7.7453049e-05,11,0,1
0.0001,770,0.00616468815,0.00559375295,7.76239176e-05,11,0,1
0.0001,771,0.00617318507,0.00560181402,7.77724272e-05,11,0,1
0.0001,772,0.00618163636,0.00561022107,7.82036586e-05,10,1,1
0.0001,773,0.00619029999,0.00561824767,7.83323339e-05,10,1,1
0.0001,774,0.00619933754,0.00562585378,7.81363051e-05,11,0,1
0.0001,775,0.00620763889,0.00563431252,7.85784432e-05,10,1,1
0.0001,776,0.00621709414,0.00564183015,7.83490395e-05,11,0,1
0.0001,777,0.00622534705,0.00564995501,7.85220545e-05,11,0,1
0.0001,778,0.00623401999,0.00565799186,7.86503224e-05,11,0,1
0.0001,779,0.00624311762,0.00566594489,7.87356839e-05,11,0,1
0.0001,780,0.00625179196,0.0056739822,7.88634716e-05,11,0,1
0.0001,781,0.00626005186,0.00568211451,7.90362028e-05,11,0,1
0.0001,782,0.00626873132,0.00569015928,7.91649363e-05,11,0,1
0.0001,783,0.00627702847,0.00569869997,7.95329397e-05,10,2,1
0.0001,784,0.00628571399,0.00570674986,7.96603854e-05,10,2,1
0.0001,785,0.00629388774,0.00571427075,7.93906293e-05,10,1,1
0.0001,786,0.00630260352,0.00572234858,7.95420638e-05,10,1,1
0.0001,787,0.00631128903,0.00573039986,7.96649474e-05,10,1,1
0.0001,788,0.00632047979,0.00573897501,8.01654533e-05,10,2,1
0.0001,789,0.00632938975,0.00574657321,8.00895796e-05,11,0,1
0.0001,790,0.00633866666,0.00575450482,8.01537462e-05,11,0,1
0.0001,791,0.00634605251,0.00576262595,8.01674905e-05,10,1,1
0.0001,792,0.00635527261,0.00577122997,8.06840835e-05,10,2,1
0.0001,793,0.00636345753,0.00577876158,8.04299634e-05,10,1,1
0.0001,794,0.00637305342,0.00578686316,8.07171818e-05,11,0,1
0.0001,795,0.00638176035,0.00579493539,8.0847065e-05,11,0,1
0.0001,796,0.00638897438,0.00580248982,8.04338633e-05,10,0,1
0.0001,797,0.00639767246,0.0058105546,8.05540694e-05,10,0,1
0.0001,798,0.00640751794,0.00581967179,8.14613595e-05,10,2,1
0.0001,799,0.00641623233,0.00582775287,8.15952299e-05,10,2,1
0.0001,800,0.00642531551,0.00583532406,8.14973391e-05,11,0,1
0.0001,801,0.00643445319,0.00584331667,8.15817912e-05,11,0,1
0.0001,802,0.00644317409,0.00585140474,8.17130203e-05,11,0,1
0.0001,803,0.0064518908,0.00585948955,8.18421904e-05,11,0,1
0.0001,804,0.00645834766,0.00586660905,8.13589868e-05,10,0,1
0.0001,805,0.00646706903,0.00587469852,8.14871528e-05,10,0,1
0.0001,806,0.00647675432,0.00588382687,8.21169961e-05,10,1,1
0.0001,807,0.00648679445,0.00589186186,8.23641676e-05,11,0,1
0.0001,808,0.00649323734,0.00589897064,8.1867307e-05,10,0,1
0.0001,809,0.00650347676,0.00590867037,8.29129858e-05,10,2,1
0.0001,810,0.00651070848,0.00591517799,8.21332214e-05,10,0,1
0.0001,811,0.00652131718,0.00592436502,8.29350538e-05,11,0,1
0.0001,812,0.00653005717,0.00593247265,8.30660938e-05,11,0,1
0.0001,813,0.0065379194,0.00594056584,8.30497302e-05,10,1,1
0.0001,814,0.00654754089,0.00594869256,8.33286904e-05,11,0,1
0.0001,815,0.00655628741,0.00595680764,8.34606035e-05,11,0,1
0.0001,816,0.00656503206,0.00596492039,8.3591498e-05,11,0,1
0.0001,817,0.00657378091,0.00597303966,8.37237894e-05,11,0,1
0.0001,818,0.00658252882,0.00598115707,8.3855266e-05,11,0,1
0.0001,819,0.00659170095,0.00598918647,8.39409404e-05,11,0,1
0.0001,820,0.00660003629,0.00599740213,8.41186629e-05,11,0,1
0.0001,821,0.00660920888,0.00600543246,8.4203748e-05,11,0,1
0.0001,822,0.00661796145,0.00601355918,8.43358357e-05,11,0,1
0.0001,823,0.00662539667,0.00602173759,8.43355811e-05,10,1,1
0.0001,824,0.00663548941,0.00602982333,8.46003022e-05,11,0,1
0.0001,825,0.00664347457,0.00603857171,8.50335346e-05,10,2,1
0.0001,826,0.00665302249,0.006046094,8.48650088e-05,11,0,1
0.0001,827,0.00666178344,0.00605422864,8.49965145e-05,11,0,1
0.0001,828,0.00666978303,0.00606299099,8.54198734e-05,10,2,1
0.0001,829,0.00667855702,0.00607113447,8.55515391e-05,10,2,1
0.0001,830,0.0066857799,0.0060776379,8.47515912e-05,10,0,1
0.0001,831,0.0066968794,0.00608680258,8.55273538e-05,11,0,1
0.0001,832,0.00670372695,0.00609451253,8.51496443e-05,10,0,1
0.0001,833,0.00671443297,0.00610309886,8.57921914e-05,11,0,1
0.0001,834,0.00672321673,0.00611125212,8.59252978e-05,11,0,1
0.0001,835,0.00673122285,0.00612002704,8.63626119e-05,10,2,1
0.0001,836,0.00674078474,0.00612756331,8.61911976e-05,11,0,1
0.0001,837,0.00674915453,0.00613581622,8.63713285e-05,11,0,1
0.0001,838,0.00675836159,0.00614388241,8.64577669e-05,11,0,1
0.0001,839,0.00676715095,0.00615204358,8.65907205e-05,11,0,1
0.0001,840,0.00677400688,0.00615976518,8.62060115e-05,10,0,1
0.0001,841,0.00678278832,0.00616791984,8.6330765e-05,10,0,1
0.0001,842,0.00679353718,0.00617654901,8.69923024e-05,11,0,1
0.0001,843,0.00680233538,0.00618471624,8.71246739e-05,11,0,1
0.0001,844,0.00681071961,0.00619298499,8.73059471e-05,11,0,1
0.0001,845,0.00681952061,0.00620116061,8.74402976e-05,11,0,1
0.0001,846,0.00682832859,0.00620933948,8.75743062e-05,11,0,1
0.0001,847,0.00683713099,0.00621751649,8.77079583e-05,11,0,1
0.0001,848,0.0068459427,0.00622569909,8.78420251e-05,11,0,1
0.0001,849,0.00685440795,0.00623442326,8.82210152e-05,10,2,1
0.0001,850,0.00686321827,0.00624260725,8.83667744e-05,10,2,1
0.0001,851,0.00687238155,0.0062502576,8.82447348e-05,11,0,1
0.0001,852,0.00688160909,0.00625834707,8.83303946e-05,11,0,1
0.0001,853,0.00689043058,0.00626654131,8.84656838e-05,11,0,1
0.0001,854,0.00689924695,0.00627472904,8.85986519e-05,11,0,1
0.0001,855,0.00690765493,0.00628302572,8.87824644e-05,11,0,1
0.0001,856,0.00691454113,0.00629008235,8.82143213e-05,10,0,1
0.0001,857,0.00692571932,0.00629932247,8.90022784e-05,11,0,1
0.0001,858,0.00693413336,0.00630762568,8.91864256e-05,11,0,1
0.0001,859,0.00694296136,0.00631582877,8.932122e-05,11,0,1
0.0001,860,0.00695221173,0.00632393919,8.94080877e-05,11,0,1
0.0001,861,0.00696104486,0.00633214694,8.95428821e-05,11,0,1
0.0001,862,0.00696791848,0.00633989507,8.91430172e-05,10,0,1
0.0001,863,0.0069783004,0.00634866627,8.98616709e-05,11,0,1
0.0001,864,0.00698755449,0.00635678228,8.99478619e-05,11,0,1
0.0001,865,0.00699639693,0.00636499794,9.00832893e-05,11,0,1
0.0001,866,0.00700524123,0.00637321686,9.02188767e-05,11,0,1
0.0001,867,0.00701367296,0.00638153963,9.0404028e-05,11,0,1
0.0001,868,0.00702252006,0.00638976367,9.05399138e-05,11,0,1
0.0001,869,0.00703137089,0.00639798911,9.06756904e-05,11,0,1
0.0001,870,0.00704063568,0.0064061149,9.07623471e-05,11,0,1
0.0001,871,0.00704873865,0.00641499646,9.12042451e-05,10,2,1
0.0001,872,0.00705595734,0.00642150315,9.03607361e-05,10,0,1
0.0001,873,0.0070648198,0.00642974162,9.0501504e-05,10,0,1
0.0001,874,0.00707366783,0.0064379666,9.06290879e-05,10,0,1
0.0001,875,0.0070845047,0.00644738041,9.14913107e-05,11,0,1
0.0001,876,0.00709304586,0.00645618467,9.1867827e-05,10,2,1
0.0001,877,0.00710190181,0.00646441802,9.20300081e-05,10,2,1
0.0001,878,0.00711077824,0.0064726714,9.21426108e-05,10,2,1
0.0001,879,0.00711965188,0.00648092153,9.22693434e-05,10,2,1
0.0001,880,0.00712884124,0.00648860028,9.21734681e-05,11,0,1
0.0001,881,0.00713616656,0.00649629068,9.17265861e-05,10,0,1
0.0001,882,0.00714625744,0.00650566071,9.27153887e-05,10,2,1
0.0001,883,0.0071554645,0.00651335577,9.25839122e-05,11,0,1
0.0001,884,0.00716341753,0.00652156118,9.25289205e-05,10,1,1
0.0001,885,0.00717322156,0.00652986951,9.28576046e-05,11,0,1
0.0001,886,0.00718251942,0.0065380279,9.29439921e-05,11,0,1
0.0001,887,0.00719009759,0.00654637255,9.29668458e-05,10,1,1
0.0001,888,0.00720029091,0.00655455515,9.32190233e-05,11,0,1
0.0001,889,0.00720734987,0.00656251516,9.26904031e-05,10,0,1
0.0001,890,0.0072180666,0.00657109031,9.34938216e-05,11,0,1
0.0001,891,0.00722654676,0.00657946477,9.36820143e-05,11,0,1
0.0001,892,0.00723511865,0.00658830395,9.4087176e-05,10,2,1
0.0001,893,0.00724433362,0.00659600832,9.39567763e-05,11,0,1
0.0001,894,0.00725323567,0.00660428917,9.4094903e-05,11,0,1
0.0001,895,0.00726125017,0.00661255512,9.40752507e-05,10,1,1
0.0001,896,0.00727072684,0.00662142783,9.46148357e-05,10,2,1
0.0001,897,0.00727962889,0.00662971055,9.47601366e-05,10,2,1
0.0001,898,0.00728926249,0.0066373162,9.45961292e-05,11,0,1
0.0001,899,0.00729573844,0.0066444939,9.40398313e-05,10,0,1
0.0001,900,0.00730576878,0.0066539729,9.47535664e-05,10,1,1
0.0001,901,0.00731599052,0.00666218344,9.50102403e-05,11,0,1
0.0001,902,0.00732448976,0.00667058211,9.52000846e-05,11,0,1
0.0001,903,0.00733381929,0.00667877262,9.52865812e-05,11,0,1
0.0001,904,0.00734140817,0.0066871359,9.52922783e-05,10,1,1
0.0001,905,0.00735093094,0.00669605378,9.58812161e-05,10,2,1
0.0001,906,0.00736057619,0.00670367153,9.57026932e-05,11,0,1
0.0001,907,0.00736908708,0.00671208138,9.58932796e-05,11,0,1
0.0001,908,0.00737596955,0.00671915151,9.52714618e-05,10,0,1
0.0001,909,0.00738678128,0.00672874413,9.61952974e-05,11,0,1
0.0001,910,0.00739571312,0.00673705526,9.63339407e-05,11,0,1
0.0001,911,0.00740521681,0.00674521597,9.63977436e-05,11,0,1
0.0001,912,0.00741414865,0.00675352896,9.65361323e-05,11,0,1
0.0001,913,0.00742308563,0.00676184846,9.66760417e-05,11,0,1
0.0001,914,0.00743202446,0.00677016843,9.68160966e-05,11,0,1
0.0001,915,0.00743895723,0.00677799713,9.63900675e-05,10,0,1
0.0001,916,0.00744948536,0.00678691361,9.71458503e-05,11,0,1
0.0001,917,0.00745884143,0.006795133,9.72337803e-05,11,0,1
0.0001,918,0.00746737514,0.00680356892,9.74259165e-05,11,0,1
0.0001,919,0.00747632328,0.00681189867,9.75656076e-05,11,0,1
0.0001,920,0.00748568447,0.00682012178,9.76534866e-05,11,0,1
0.0001,921,0.00749463495,0.00682845479,9.77926029e-05,11,0,1
0.0001,922,0.00750359055,0.00683679478,9.79338656e-05,11,0,1
0.0001,923,0.00751013868,0.00684404653,9.74060749e-05,10,0,1
0.0001,924,0.00752078462,0.00685416581,9.85365623e-05,10,2,1
0.0001,925,0.00752802892,0.00686070602,9.76684678e-05,10,0,1
0.0001,926,0.00753811095,0.0068702423,9.83771752e-05,10,1,1
0.0001,927,0.00754797133,0.00687861023,9.86871892e-05,11,0,1
0.0001,928,0.00755734136,0.00688685058,9.87754611e-05,11,0,1
0.0001,929,0.00756631652,0.00689520221,9.89157779e-05,11,0,1
0.0001,930,0.00757282972,0.00690242695,9.83579957e-05,10,0,1
0.0001,931,0.00758175319,0.006910739,9.84655126e-05,10,0,1
0.0001,932,0.00759252254,0.00692097424,9.96433009e-05,10,2,1
0.0001,933,0.00760219991,0.00692862226,9.94783113e-05,11,0,1
0.0001,934,0.00761076389,0.0069370917,9.96727904e-05,11,0,1
0.0001,935,0.00761974277,0.00694545498,9.98133764e-05,11,0,1
0.0001,936,0.00762872398,0.00695382059,9.99552212e-05,11,0,1
0.0001,937,0.00763811544,0.00696207676,0.000100042293,11,0,1
0.0001,938,0.00764709897,0.00697044563,0.000100183817,11,0,1
0.0001,939,0.00765475631,0.0069788876,0.000100187215,10,1,1
0.0001,940,0.00766507396,0.00698718941,0.000100466415,11,0,1
0.0001,941,0.00767406309,0.0069955634,0.000100607605,11,0,1
0.0001,942,0.00768264476,0.00700405333,0.000100803205,11,0,1
0.0001,943,0.00769147975,0.0070124804,0.000100969941,11,0,1
0.0001,944,0.00770047866,0.00702086557,0.00010111212,11,0,1
0.0001,945,0.00771004241,0.00702908868,0.000101175276,11,0,1
0.0001,946,0.00771863293,0.0070375856,0.000101371188,11,0,1
0.0001,947,0.00772736128,0.00704659382,0.000101759506,10,2,1
0.0001,948,0.00773704983,0.00705425208,0.000101601123,11,0,1
0.0001,949,0.00774605526,0.00706264423,0.000101742902,11,0,1
0.0001,950,0.00775465323,0.0070711514,0.000101939811,11,0,1
0.0001,951,0.00776366144,0.00707954681,0.000102082202,11,0,1
0.0001,952,0.00777308224,0.00708783371,0.000102169972,11,0,1
0.0001,953,0.00778209884,0.00709623471,0.000102312748,11,0,1
0.0001,954,0.00779111451,0.0071046371,0.000102455517,11,0,1
0.0001,955,0.00779877231,0.00711309072,0.000102437763,10,1,1
0.0001,956,0.00780915003,0.00712145073,0.000102741076,11,0,1
0.0001,957,0.00781817175,0.00712985871,0.000102883634,11,0,1
0.0001,958,0.00782719534,0.00713826995,0.000103026578,11,0,1
0.0001,959,0.00783421006,0.00714619504,0.000102596328,10,0,1
0.0001,960,0.00784525089,0.00715510081,0.000103313454,11,0,1
0.0001,961,0.0078542782,0.00716351811,0.000103456587,11,0,1
0.0001,962,0.00786290225,0.00717205135,0.000103654907,11,0,1
0.0001,963,0.00787193514,0.00718047377,0.0001037986,11,0,1
0.0001,964,0.00788005441,0.00718886405,0.000103754399,10,1,1
0.0001,965,0.00789000653,0.00719732232,0.000104085266,11,0,1
0.0001,966,0.00789877865,0.0072063799,0.000104485065,10,2,1
0.0001,967,0.0079084998,0.0072140703,0.000104318133,11,0,1
0.0001,968,0.00791620743,0.0072225742,0.000104321429,10,1,1
0.0001,969,0.00792658981,0.00723093795,0.000104605788,11,0,1
0.0001,970,0.00793495588,0.00724011473,0.000105069455,10,2,1
0.0001,971,0.00794427376,0.00724792527,0.000104948951,11,0,1
0.0001,972,0.00795185938,0.00725592114,0.000104315346,10,0,1
0.0001,973,0.00796093605,0.007264385,0.000104474566,10,0,1
0.0001,974,0.00796928816,0.00727192685,0.000104570361,10,0,1
0.0001,975,0.00797834247,0.00728037208,0.000104713807,10,0,1
0.0001,976,0.00798742473,0.00728884246,0.000104875777,10,0,1
0.0001,977,0.00799861085,0.00729860272,0.000105815212,11,0,1
0.0001,978,0.00800808426,0.00730694085,0.000105903484,11,0,1
0.0001,979,0.00801583752,0.00731549365,0.000105926607,10,1,1
0.0001,980,0.00802487321,0.00732392306,0.00010604682,10,1,1
0.0001,981,0.00803528354,0.0073323152,0.000106338121,11,0,1
0.0001,982,0.0080439467,0.00734089408,0.000106540057,11,0,1
0.0001,983,0.00805135816,0.00734870415,0.000106013234,10,0,1
0.0001,984,0.00806116685,0.00735778222,0.00010663124,10,1,1
0.0001,985,0.00807157997,0.00736617669,0.000106918575,11,0,1
0.0001,986,0.00808024872,0.00737476256,0.000107120701,11,0,1
0.0001,987,0.00808933005,0.0073832348,0.00010726606,11,0,1
0.0001,988,0.00809841137,0.0073917089,0.000107411099,11,0,1
0.0001,989,0.00810790807,0.00740007171,0.000107500869,11,0,1
0.0001,990,0.00811494514,0.00740803359,0.000107048458,10,0,1
0.0001,991,0.00812403951,0.0074165198,0.000107199332,10,0,1
0.0001,992,0.00813382771,0.00742558204,0.000107786465,10,1,1
0.0001,993,0.00814292207,0.00743406825,0.000107934495,10,1,1
0.0001,994,0.00815269537,0.00744324736,0.00010857021,10,2,1
0.0001,995,0.00815992616,0.00744978711,0.000107643042,10,0,1
0.0001,996,0.00817155745,0.007459471,0.000108522137,11,0,1
0.0001,997,0.00818024855,0.00746808015,0.000108725297,11,0,1
0.0001,998,0.00818786863,0.00747611932,0.000108074863,10,0,1
0.0001,999,0.00819886476,0.00748495758,0.000108960936,11,0,1
0.0001,1000,0.00820740685,0.00749362726,0.000109190987,11,0,1
0.0001,1001,0.00821666885,0.00750207528,0.0001093108,11,0,1
0.0001,1002,0.00822552945,0.00751123019,0.000109735396,10,2,1
0.0001,1003,0.00823395886,0.00751904119,0.000109399523,10,1,1
0.0001,1004,0.00824441575,0.00752747944,0.000109694061,11,0,1
0.0001,1005,0.00825312454,0.00753610767,0.000109898814,11,0,1
0.0001,1006,0.00826224219,0.00754461996,0.000110045461,11,0,1
0.0001,1007,0.00827177335,0.00755302142,0.000110136156,11,0,1
0.0001,1008,0.008279562,0.00756161753,0.000110142544,10,1,1
0.0001,1009,0.00829001889,0.00757005578,0.000110430134,11,0,1
0.0001,1010,0.00829873607,0.0075786938,0.000110634683,11,0,1
0.0001,1011,0.00830786303,0.00758721679,0.000110781817,11,0,1
0.0001,1012,0.00831480138,0.00759437401,0.00011009934,10,0,1
0.0001,1013,0.0083258776,0.0076049231,0.000111375062,10,2,1
0.0001,1014,0.00833526719,0.00761280581,0.000111225607,11,0,1
0.0001,1015,0.00834439881,0.0076213344,0.00011137301,11,0,1
0.0001,1016,0.00835353415,0.00762986764,0.000111520902,11,0,1
0.0001,1017,0.00836308952,0.00763828959,0.000111611655,11,0,1
0.0001,1018,0.0083718216,0.00764694624,0.000111817499,11,0,1
0.0001,1019,0.00838072225,0.00765614538,0.000112244546,10,2,1
0.0001,1020,0.00839010999,0.00766402762,0.00011211339,11,0,1
0.0001,1021,0.00839901157,0.00767322816,0.00011256455,10,2,1
0.0001,1022,0.00840840861,0.00768111972,0.000112410227,11,0,1
0.0001,1023,0.00841532927,0.00768826343,0.000111704328,10,0,1
1e-05,0,4.56188936e-05,0,0,14,0,1
1e-05,1,5.28754099e-05,6.5389554e-06,7.52592229e-08,14,0,1
1e-05,2,6.01681313e-05,1.30814151e-05,1.51852902e-07,14,0,1
1e-05,3,6.73988179e-05,1.96249621e-05,2.27885494e-07,14,0,1
1e-05,4,7.46934456e-05,2.61700698e-05,3.03934769e-07,14,0,1
1e-05,5,8.19584602e-05,3.27171147e-05,3.80063369e-07,14,0,1
1e-05,6,8.92253302e-05,3.92659713e-05,4.5624725e-07,14,0,1
1e-05,7,9.68217209e-05,4.58161012e-05,5.31620799e-07,13,2,1
1e-05,8,0.000103979604,5.23625276e-05,6.00366434e-07,13,2,1
1e-05,9,0.000110992856,5.89169467e-05,6.81304982e-07,14,0,1
1e-05,10,0.000118250769,6.54801333e-05,7.58092426e-07,14,0,1
1e-05,11,0.000125543753,7.20392636e-05,8.34191837e-07,14,0,1
1e-05,12,0.000132821384,7.85991651e-05,9.10373387e-07,14,0,1
1e-05,13,0.000140100601,8.5160842e-05,9.86609962e-07,14,0,1
1e-05,14,0.000147733546,9.17303842e-05,1.07112282e-06,13,2,1
1e-05,15,0.000154697249,9.82956626e-05,1.14932595e-06,14,0,1
1e-05,16,0.00016233194,0.000104863655,1.22519259e-06,13,2,1
1e-05,17,0.000169268664,0.00011143252,1.30354488e-06,14,0,1
1e-05,18,0.000176876172,0.000118004275,1.37924417e-06,13,2,1
1e-05,19,0.000183824392,0.000124576851,1.45765171e-06,14,0,1
1e-05,20,0.000191458006,0.000131152105,1.53368489e-06,13,2,1
1e-05,21,0.000198409456,0.000137728275,1.61230219e-06,14,0,1
1e-05,22,0.000206077471,0.000144307123,1.6884419e-06,13,2,1
1e-05,23,0.000213023886,0.000150886757,1.76760364e-06,14,0,1
1e-05,24,0.000220322676,0.000157468778,1.84513931e-06,14,0,1
1e-05,25,0.000227622804,0.000164052646,1.92273637e-06,14,0,1
1e-05,26,0.000234902502,0.000170638581,1.99993269e-06,14,0,1
1e-05,27,0.000242206268,0.000177226073,2.07763742e-06,14,0,1
1e-05,28,0.000249534205,0.000183815166,2.1558983e-06,14,0,1
1e-05,29,0.000256818952,0.000190406601,2.23320421e-06,14,0,1
1e-05,30,0.000264128554,0.000196999768,2.30974206e-06,14,0,1
1e-05,31,0.000271438592,0.000203594289,2.3890068e-06,14,0,1
1e-05,32,0.000278751191,0.000210190905,2.46700347e-06,14,0,1
1e-05,33,0.000286065362,0.000216789354,2.54504539e-06,14,0,1
1e-05,34,0.000293755002,0.000223390249,2.62119511e-06,13,2,1
1e-05,35,0.000300721265,0.000229991245,2.70195596e-06,14,0,1
1e-05,36,0.000308392104,0.000236596243,2.77746244e-06,13,2,1
1e-05,37,0.000315712998,0.00024320191,2.8556351e-06,13,2,1
1e-05,38,0.000322662177,0.000249808712,2.93615813e-06,14,0,1
1e-05,39,0.000330360606,0.000256418745,3.01234968e-06,13,2,1
1e-05,40,0.000337687001,0.000263029884,3.09083157e-06,13,2,1
1e-05,41,0.000345036824,0.000269642798,3.16942669e-06,13,2,1
1e-05,42,0.000351970899,0.000276256935,3.25010205e-06,14,0,1
1e-05,43,0.000359302474,0.000282873545,3.32872924e-06,14,0,1
1e-05,44,0.000366635679,0.000289492018,3.40741644e-06,14,0,1
1e-05,45,0.000373970601,0.000296112208,3.48616913e-06,14,0,1
1e-05,46,0.000381305174,0.000302734552,3.56391251e-06,14,0,1
1e-05,47,0.0003886458,0.000309358205,3.64383845e-06,14,0,1
1e-05,48,0.00039598599,0.000315983954,3.72275122e-06,14,0,1
1e-05,49,0.000403341284,0.000322582753,3.76897719e-06,13,1,1
1e-05,50,0.000410671579,0.000329240866,3.88077569e-06,14,0,1
1e-05,51,0.000418017094,0.000335872086,3.9598699e-06,14,0,1
1e-05,52,0.000425364095,0.000342505053,4.03903186e-06,14,0,1
1e-05,53,0.000432710862,0.000349140202,4.11702877e-06,14,0,1
1e-05,54,0.000440063537,0.000355776574,4.19752359e-06,14,0,1
1e-05,55,0.00044743839,0.000362414576,4.27785017e-06,14,0,1
1e-05,56,0.000454792287,0.000369054906,4.35725769e-06,14,0,1
1e-05,57,0.000462125929,0.000375697564,4.43569525e-06,14,0,1
1e-05,58,0.00046949528,0.000382307422,4.47642742e-06,13,1,1
1e-05,59,0.00047723949,0.000388988235,4.59172406e-06,13,2,1
1e-05,60,0.00048460043,0.000395635929,4.67129667e-06,13,2,1
1e-05,61,0.000491588726,0.000402283738,4.75517299e-06,14,0,1
1e-05,62,0.000499328016,0.000408936699,4.83033364e-06,13,2,1
1e-05,63,0.000506694429,0.000415589777,4.91034189e-06,13,2,1
1e-05,64,0.00051369064,0.000422247773,4.97770316e-06,13,1,1
1e-05,65,0.000521350419,0.000428902218,5.06838114e-06,13,2,1
1e-05,66,0.000528428587,0.000435558381,5.15457486e-06,14,0,1
1e-05,67,0.000535779516,0.000442219462,5.23339941e-06,14,0,1
1e-05,68,0.000543176837,0.000448880921,5.31473233e-06,14,0,1
1e-05,69,0.000550850353,0.000455547648,5.3884205e-06,13,2,1
1e-05,70,0.000557931955,0.000462210795,5.47513355e-06,14,0,1
1e-05,71,0.000565312221,0.000468878687,5.5554242e-06,14,0,1
1e-05,72,0.000572671765,0.000475548964,5.63447065e-06,14,0,1
1e-05,73,0.000580077642,0.000482219446,5.71618966e-06,14,0,1
1e-05,74,0.000587463146,0.000488892721,5.79664902e-06,14,0,1
1e-05,75,0.000595225662,0.00049556978,5.8720334e-06,13,2,1
1e-05,76,0.000602216809,0.000502245384,5.95640631e-06,14,0,1
1e-05,77,0.000609607378,0.000508924131,6.03702438e-06,14,0,1
1e-05,78,0.000616999692,0.000515604625,6.11770611e-06,14,0,1
1e-05,79,0.000624394044,0.000522287039,6.19847015e-06,14,0,1
1e-05,80,0.000631812087,0.000528970442,6.28072212e-06,14,0,1
1e-05,81,0.000639292703,0.00053565728,6.33066202e-06,13,1,1
1e-05,82,0.00064661348,0.000542350463,6.42110581e-06,13,1,1
1e-05,83,0.000653987867,0.000549034914,6.52203107e-06,14,0,1
1e-05,84,0.000661391532,0.000555727165,6.599269e-06,14,0,1
1e-05,85,0.000668817607,0.000562419067,6.68572102e-06,14,0,1
1e-05,86,0.000676223659,0.000569113996,6.7668966e-06,14,0,1
1e-05,87,0.000683609629,0.000575812068,6.84656607e-06,14,0,1
1e-05,88,0.000691019464,0.000582511013,6.9278376e-06,14,0,1
1e-05,89,0.000698453281,0.000589210715,7.01077579e-06,14,0,1
1e-05,90,0.000706242688,0.000595915713,7.08597008e-06,13,2,1
1e-05,91,0.00071325741,0.00060261914,7.169946e-06,14,0,1
1e-05,92,0.000721074874,0.000609326409,7.24903884e-06,13,2,1
1e-05,93,0.00072809495,0.000616032979,7.33511797e-06,14,0,1
1e-05,94,0.000735613983,0.000622747932,7.40026599e-06,13,1,1
1e-05,95,0.00074300298,0.000629460032,7.47926151e-06,13,1,1
1e-05,96,0.000750383304,0.000636167184,7.58193892e-06,14,0,1
1e-05,97,0.000758124224,0.000642885978,7.65488949e-06,13,2,1
1e-05,98,0.000765235745,0.000649599591,7.74566251e-06,14,0,1
1e-05,99,0.000772642612,0.000656319666,7.82584084e-06,14,0,1
1e-05,100,0.000780073635,0.000663040846,7.90783724e-06,14,0,1
1e-05,101,0.000787846046,0.000669765985,7.98270685e-06,13,2,1
1e-05,102,0.000794940337,0.000676488155,8.07199285e-06,14,0,1
1e-05,103,0.000802716997,0.000683217018,8.14715531e-06,13,2,1
1e-05,104,0.000809836667,0.000689941808,8.23827395e-06,14,0,1
1e-05,105,0.000817275897,0.000696671836,8.32059686e-06,14,0,1
1e-05,106,0.000824840157,0.000703406287,8.35377068e-06,13,1,1
1e-05,107,0.000832242076,0.000710138411,8.44432998e-06,13,1,1
1e-05,108,0.000839687011,0.000716874201,8.52667381e-06,13,1,1
1e-05,109,0.000847029325,0.000723611796,8.64845424e-06,14,0,1
1e-05,110,0.000854477461,0.000730350963,8.73106728e-06,14,0,1
1e-05,111,0.000861927576,0.000737092283,8.81369306e-06,14,0,1
1e-05,112,0.000869379321,0.000743835175,8.89641706e-06,14,0,1
1e-05,113,0.000876936945,0.000750579871,8.93806009e-06,13,1,1
1e-05,114,0.000884307432,0.000757324917,9.06461355e-06,13,1,1
1e-05,115,0.000891767384,0.000764074037,9.14700286e-06,14,0,1
1e-05,116,0.000899308361,0.000770825893,9.18608475e-06,13,1,1
1e-05,117,0.000906708708,0.000777585083,9.29656289e-06,13,1,1
1e-05,118,0.000914149103,0.000784330827,9.39606616e-06,14,0,1
1e-05,119,0.000921590778,0.000791087805,9.47706485e-06,14,0,1
1e-05,120,0.000929079019,0.000797844317,9.56242184e-06,14,0,1
1e-05,121,0.000936627795,0.000804604846,9.59919817e-06,13,1,1
1e-05,122,0.00094401557,0.0008113652,9.72903399e-06,14,0,1
1e-05,123,0.000951486756,0.000818128465,9.81241919e-06,14,0,1
1e-05,124,0.000959236815,0.000824898772,9.82467645e-06,14,2,1
1e-05,125,0.000966456544,0.00083166972,9.96157269e-06,13,1,1
1e-05,126,0.00097386085,0.000838401204,1.00177031e-05,14,0,1
1e-05,127,0.000981325982,0.000845156144,1.00978305e-05,14,0,1
1e-05,128,0.000988819054,0.000851944089,1.01842961e-05,14,0,1
1e-05,129,0.000996300252,0.000858718122,1.0267684e-05,14,0,1
1e-05,130,0.00100385584,0.000865532376,1.03793664e-05,13,1,1
1e-05,131,0.00101126858,0.000872271834,1.04346072e-05,14,0,1
1e-05,132,0.00101883779,0.000879087369,1.05586942e-05,13,1,1
1e-05,133,0.00102624379,0.00088583288,1.06018142e-05,14,0,1
1e-05,134,0.00103372056,0.00089259987,1.06822636e-05,14,0,1
1e-05,135,0.00104121258,0.000899384904,1.07659343e-05,14,0,1
1e-05,136,0.00104880298,0.000906225527,1.08950371e-05,13,1,1
1e-05,137,0.00105629861,0.000913014694,1.09791945e-05,13,1,1
1e-05,138,0.00106403872,0.000919805025,1.09916646e-05,14,2,1
1e-05,139,0.00107119838,0.000926543842,1.11015152e-05,14,0,1
1e-05,140,0.00107887539,0.000933380565,1.12287034e-05,13,1,1
1e-05,141,0.00108621584,0.000940151862,1.12730304e-05,14,0,1
1e-05,142,0.00109370612,0.000946932356,1.13537844e-05,14,0,1
1e-05,143,0.00110121211,0.000953732291,1.14379745e-05,14,0,1
1e-05,144,0.00110881787,0.000960590784,1.15704906e-05,13,1,1
1e-05,145,0.00111640629,0.000967381755,1.16518604e-05,13,1,1
1e-05,146,0.00112375501,0.000974161201,1.16945403e-05,14,0,1
1e-05,147,0.00113125413,0.00098095031,1.17754234e-05,14,0,1
1e-05,148,0.00113876897,0.000987759442,1.18599173e-05,14,0,1
1e-05,149,0.00114628579,0.00099457067,1.19445012e-05,14,0,1
1e-05,150,0.00115380413,0.00100138341,1.20291597e-05,14,0,1
1e-05,151,0.00116132433,0.00100819825,1.21138746e-05,14,0,1
1e-05,152,0.00116894534,0.00101507455,1.2249172e-05,13,1,1
1e-05,153,0.00117638381,0.00102187565,1.23929785e-05,14,0,1
1e-05,154,0.00118412334,0.00102869992,1.2419634e-05,13,1,1
1e-05,155,0.00119151163,0.00103552814,1.25280239e-05,13,1,1
1e-05,156,0.00119911914,0.00104234216,1.25705392e-05,13,1,1
1e-05,157,0.00120657147,0.00104917854,1.26991818e-05,13,1,1
1e-05,158,0.0012140316,0.00105599768,1.28124411e-05,14,0,1
1e-05,159,0.001221566,0.00106282765,1.28983311e-05,14,0,1
1e-05,160,0.00122917863,0.00106966891,1.29488644e-05,13,1,1
1e-05,161,0.00123663899,0.00107649458,1.30578228e-05,14,0,1
1e-05,162,0.00124442228,0.00108333107,1.30486806e-05,13,1,1
1e-05,163,0.00125171337,0.00109016651,1.32357582e-05,14,0,1
1e-05,164,0.00125926407,0.00109700463,1.33284684e-05,14,0,1
1e-05,165,0.00126680871,0.00110384542,1.3414694e-05,14,0,1
1e-05,166,0.00127434824,0.0011106896,1.34943457e-05,14,0,1
1e-05,167,0.00128198077,0.0011175432,1.35500341e-05,13,1,1
1e-05,168,0.00128966104,0.00112438109,1.35734381e-05,13,1,1
1e-05,169,0.00129700638,0.00113122817,1.37601965e-05,14,0,1
1e-05,170,0.00130455254,0.00113807968,1.38398827e-05,14,0,1
1e-05,171,0.00131210778,0.00114493165,1.39263939e-05,14,0,1
1e-05,172,0.00131967256,0.00115178456,1.40199409e-05,14,0,1
1e-05,173,0.00132749544,0.00115863897,1.41481023e-05,14,2,1
1e-05,174,0.00133505999,0.00116549083,1.42098506e-05,13,1,1
1e-05,175,0.001342342,0.00117235282,1.43008929e-05,14,0,1
1e-05,176,0.00134990329,0.00117921294,1.43989555e-05,14,0,1
1e-05,177,0.00135779264,0.00118606759,1.45000377e-05,13,1,1
1e-05,178,0.0013653182,0.0011929326,1.45868617e-05,13,1,1
1e-05,179,0.00137260929,0.00119980937,1.46493621e-05,14,0,1
1e-05,180,0.00138017768,0.00120667671,1.47478986e-05,14,0,1
1e-05,181,0.00138803991,0.00121354242,1.48417084e-05,13,1,1
1e-05,182,0.00139555859,0.0012204214,1.49557263e-05,14,2,1
1e-05,183,0.00140312407,0.00122729538,1.48936233e-05,13,1,1
1e-05,184,0.00141048513,0.00123417424,1.50890228e-05,14,0,1
1e-05,185,0.00141806854,0.00124105357,1.51652312e-05,14,0,1
1e-05,186,0.00142565044,0.0012479336,1.52528446e-05,14,0,1
1e-05,187,0.00143321999,0.00125480746,1.53759538e-05,14,0,1
1e-05,188,0.00144094159,0.001261711,1.53801029e-05,13,1,1
1e-05,189,0.00144839333,0.0012685773,1.55518319e-05,14,0,1
1e-05,190,0.0014561587,0.00127547886,1.5562262e-05,13,1,1
1e-05,191,0.00146360951,0.0012823568,1.56994283e-05,14,0,1
1e-05,192,0.00147145696,0.00128923694,1.58344083e-05,14,1,1
1e-05,193,0.0014787598,0.00129613804,1.59042102e-05,14,0,1
1e-05,194,0.00148637162,0.00130303495,1.59761476e-05,14,0,1
1e-05,195,0.00149395352,0.00130992953,1.60808941e-05,14,0,1
1e-05,196,0.00150155346,0.00131682854,1.61692333e-05,14,0,1
1e-05,197,0.00150917051,0.00132373092,1.62409415e-05,14,0,1
1e-05,198,0.00151677383,0.00133063341,1.63293917e-05,14,0,1
1e-05,199,0.00152437866,0.00133753754,1.64179091e-05,14,0,1
1e-05,200,0.00153223332,0.0013444348,1.65426864e-05,14,1,1
1e-05,201,0.00153986958,0.00135134137,1.66311365e-05,14,1,1
1e-05,202,0.0015473892,0.00135826552,1.67356575e-05,14,2,1
1e-05,203,0.00155480066,0.00136516965,1.67977487e-05,14,0,1
1e-05,204,0.00156271388,0.00137207191,1.69088817e-05,14,1,1
1e-05,205,0.00157006015,0.00137900072,1.69532341e-05,14,0,1
1e-05,206,0.00157767721,0.00138591777,1.70420717e-05,14,0,1
1e-05,207,0.0015852662,0.0013928347,1.71539614e-05,14,0,1
1e-05,208,0.00159291795,0.0013997585,1.72201399e-05,14,0,1
1e-05,209,0.00160067668,0.00140668813,1.7372422e-05,14,2,1
1e-05,210,0.00160837919,0.00141359656,1.74477263e-05,14,1,1
1e-05,211,0.00161606038,0.00142051908,1.75345176e-05,14,1,1
1e-05,212,0.00162363355,0.00142745173,1.76268895e-05,14,1,1
1e-05,213,0.00163131801,0.00143437798,1.7713799e-05,14,1,1
1e-05,214,0.00163889455,0.00144131412,1.78056234e-05,14,1,1
1e-05,215,0.00164658378,0.00144824514,1.78931714e-05,14,1,1
1e-05,216,0.00165394903,0.00145519443,1.79351446e-05,14,0,1
1e-05,217,0.00166185515,0.00146211835,1.80725274e-05,14,1,1
1e-05,218,0.00166943879,0.00146906218,1.81652777e-05,14,1,1
1e-05,219,0.00167686539,0.00147601403,1.82040421e-05,14,0,1
1e-05,220,0.00168450747,0.00148295751,1.82939621e-05,14,0,1
1e-05,221,0.00169215142,0.0014899032,1.8383962e-05,14,0,1
1e-05,222,0.00169979758,0.00149685051,1.84736236e-05,14,0,1
1e-05,223,0.0017074449,0.00150379958,1.85637546e-05,14,0,1
1e-05,224,0.00171506382,0.00151074817,1.86783691e-05,14,0,1
1e-05,225,0.00172274548,0.00151770376,1.87439982e-05,14,0,1
1e-05,226,0.00173039804,0.00152465806,1.88340564e-05,14,0,1
1e-05,227,0.0017380222,0.00153161224,1.89492766e-05,14,0,1
1e-05,228,0.00174567872,0.00153857097,1.90396877e-05,14,0,1
1e-05,229,0.00175333733,0.00154553144,1.91301879e-05,14,0,1
1e-05,230,0.00176102831,0.0015524968,1.91954259e-05,14,0,1
1e-05,231,0.00176865933,0.00155945809,1.93113956e-05,14,0,1
1e-05,232,0.00177632237,0.00156642369,1.94020104e-05,14,0,1
1e-05,233,0.00178407633,0.00157339743,1.94334079e-05,14,0,1
1e-05,234,0.0017916864,0.00158036489,1.95578323e-05,14,0,1
1e-05,235,0.00179954479,0.0015873271,1.97044501e-05,14,1,1
1e-05,236,0.00180729479,0.00159429503,1.97918816e-05,14,1,1
1e-05,237,0.00181466748,0.00160128262,1.98564194e-05,14,0,1
1e-05,238,0.00182264124,0.00160824752,1.99745809e-05,14,1,1
1e-05,239,0.00183004863,0.00161524187,2.00123832e-05,14,0,1
1e-05,240,0.00183799525,0.00162220781,2.01566145e-05,14,1,1
1e-05,241,0.00184537587,0.00162920367,2.02209412e-05,14,0,1
1e-05,242,0.00185305695,0.00163618836,2.03123254e-05,14,0,1
1e-05,243,0.00186098414,0.00164316595,2.043315e-05,14,1,1
1e-05,244,0.00186845614,0.00165016658,2.04683674e-05,14,0,1
1e-05,245,0.00187614281,0.00165715709,2.05597771e-05,14,0,1
1e-05,246,0.00188383204,0.00166414992,2.06510449e-05,14,0,1
1e-05,247,0.0018915215,0.00167114381,2.07427438e-05,14,0,1
1e-05,248,0.0018992445,0.00167814177,2.08141537e-05,14,0,1
1e-05,249,0.00190690882,0.00168513879,2.09257669e-05,14,0,1
1e-05,250,0.00191474054,0.00169214653,2.10924445e-05,14,2,1
1e-05,251,0.00192251499,0.00169912819,2.11689148e-05,14,1,1
1e-05,252,0.00193013728,0.00170615222,2.12770337e-05,14,2,1
1e-05,253,0.00193767063,0.00171314622,2.13208623e-05,14,0,1
1e-05,254,0.00194557838,0.00172014709,2.1445403e-05,14,1,1
1e-05,255,0.00195332244,0.00172715378,2.15360906e-05,14,1,1
1e-05,256,0.00196081516,0.00173417723,2.15692053e-05,14,0,1
1e-05,257,0.00196873723,0.0017411781,2.17208435e-05,14,1,1
1e-05,258,0.00197650166,0.00174818863,2.18096902e-05,14,1,1
1e-05,259,0.00198413455,0.00175521174,2.19066751e-05,14,1,1
1e-05,260,0.0019916282,0.00176223833,2.19667309e-05,14,0,1
1e-05,261,0.00199956377,0.00176925142,2.20925776e-05,14,1,1
1e-05,262,0.00200706068,0.00177628128,2.21518967e-05,14,0,1
1e-05,263,0.00201478018,0.00178330613,2.22445742e-05,14,0,1
1e-05,264,0.00202250085,0.00179033261,2.23371717e-05,14,0,1
1e-05,265,0.0020304434,0.00179735315,2.24643227e-05,14,1,1
1e-05,266,0.00203816849,0.00180438347,2.25569984e-05,14,1,1
1e-05,267,0.00204567378,0.00181142311,2.26157463e-05,14,0,1
1e-05,268,0.00205340167,0.0018184568,2.27086002e-05,14,0,1
1e-05,269,0.00206113094,0.00182549213,2.28016197e-05,14,0,1
1e-05,270,0.00206886278,0.00183253014,2.28947447e-05,14,0,1
1e-05,271,0.00207662699,0.00183957291,2.29581419e-05,14,0,1
1e-05,272,0.00208436185,0.00184661429,2.30513087e-05,14,0,1
1e-05,273,0.00209209882,0.00185365789,2.31445829e-05,14,0,1
1e-05,274,0.00209980668,0.00186069973,2.32677648e-05,14,0,1
1e-05,275,0.00210784585,0.0018677325,2.33916471e-05,14,1,1
1e-05,276,0.00211545802,0.00187480869,2.35071966e-05,14,2,1
1e-05,277,0.00212306413,0.00188185018,2.35179068e-05,14,0,1
1e-05,278,0.00213099946,0.00188889168,2.36782998e-05,14,1,1
1e-05,279,0.00213874644,0.00189594575,2.37700697e-05,14,1,1
1e-05,280,0.00214630738,0.00190301426,2.37984204e-05,14,0,1
1e-05,281,0.00215402804,0.00191006984,2.39228793e-05,14,0,1
1e-05,282,0.00216178061,0.00191712996,2.40168702e-05,14,0,1
1e-05,283,0.00216953503,0.00192419183,2.41107391e-05,14,0,1
1e-05,284,0.00217729202,0.00193125638,2.42046208e-05,14,0,1
1e-05,285,0.00218505063,0.00193832268,2.42987535e-05,14,0,1
1e-05,286,0.00219305442,0.00194537966,2.44278672e-05,14,1,1
1e-05,287,0.00220074132,0.00195247331,2.4541996e-05,14,2,1
1e-05,288,0.00220855675,0.00195952388,2.46191248e-05,14,1,1
1e-05,289,0.00221632165,0.00196659681,2.4712961e-05,14,1,1
1e-05,290,0.00222411263,0.00197367021,2.48057659e-05,14,1,1
1e-05,291,0.00223188219,0.00198074756,2.49004443e-05,14,1,1
1e-05,292,0.00223965244,0.00198782654,2.49947607e-05,14,1,1
1e-05,293,0.00224718195,0.00199491903,2.50534831e-05,14,0,1
1e-05,294,0.0022549564,0.00200200197,2.51481506e-05,14,0,1
1e-05,295,0.00226273271,0.00200908701,2.52428654e-05,14,0,1
1e-05,296,0.00227051112,0.00201617414,2.53375656e-05,14,0,1
1e-05,297,0.00227832142,0.00202326616,2.5399966e-05,14,0,1
1e-05,298,0.00228610355,0.00203035725,2.54945553e-05,14,0,1
1e-05,299,0.00229402538,0.00203745975,2.56797248e-05,14,2,1
1e-05,300,0.00230188528,0.00204452965,2.57546199e-05,14,1,1
1e-05,301,0.00230972725,0.00205162144,2.58457148e-05,14,1,1
1e-05,302,0.00231724884,0.00205873931,2.58741456e-05,14,0,1
1e-05,303,0.00232503936,0.00206583948,2.59695917e-05,14,0,1
1e-05,304,0.00233280146,0.00207293825,2.60978813e-05,14,0,1
1e-05,305,0.00234089349,0.00208002608,2.62275225e-05,14,1,1
1e-05,306,0.00234861113,0.00208713859,2.63270085e-05,14,1,1
1e-05,307,0.00235648686,0.00209423876,2.64177288e-05,14,1,1
1e-05,308,0.00236419425,0.00210135779,2.65201706e-05,14,1,1
1e-05,309,0.00237179082,0.00210847729,2.65753988e-05,14,0,1
1e-05,310,0.00237983745,0.00211557909,2.67087307e-05,14,1,1
1e-05,311,0.00238739885,0.00212270604,2.67666874e-05,14,0,1
1e-05,312,0.0023952059,0.0021298232,2.68625663e-05,14,0,1
1e-05,313,0.00240323576,0.00213693408,2.69988577e-05,14,1,1
1e-05,314,0.00241112313,0.00214404683,2.70898527e-05,14,1,1
1e-05,315,0.00241893576,0.00215117051,2.71859826e-05,14,1,1
1e-05,316,0.00242645177,0.00215831189,2.72464276e-05,14,0,1
1e-05,317,0.00243447372,0.00216543092,2.73837195e-05,14,1,1
1e-05,318,0.00244233012,0.00217255601,2.74785507e-05,14,1,1
1e-05,319,0.00244990527,0.00217969809,2.75349448e-05,14,0,1
1e-05,320,0.00245778821,0.00218683667,2.7570477e-05,14,0,1
1e-05,321,0.00246557989,0.00219396851,2.7692593e-05,14,0,1
1e-05,322,0.00247354456,0.00220111571,2.78854823e-05,14,2,1
1e-05,323,0.0024814452,0.00220822776,2.796019e-05,14,1,1
1e-05,324,0.00248906063,0.00221538381,2.79818087e-05,14,0,1
1e-05,325,0.00249692216,0.00222252798,2.80516506e-05,14,0,1
1e-05,326,0.00250472408,0.00222967053,2.81749617e-05,14,0,1
1e-05,327,0.00251282426,0.00223679445,2.83432037e-05,14,1,1
1e-05,328,0.00252039288,0.00224396354,2.83683403e-05,14,0,1
1e-05,329,0.00252819993,0.00225110957,2.85011265e-05,14,0,1
1e-05,330,0.00253628311,0.00225824886,2.8638251e-05,14,1,1
1e-05,331,0.00254417816,0.00226539723,2.873218e-05,14,1,1
1e-05,332,0.00255172327,0.00227256981,2.87922394e-05,14,0,1
1e-05,333,0.0025595997,0.00227973168,2.88527735e-05,14,0,1
1e-05,334,0.0025676596,0.00228687492,2.90273019e-05,14,1,1
1e-05,335,0.00257543451,0.00229406334,2.91478227e-05,14,2,1
1e-05,336,0.00258333376,0.00230120076,2.92236145e-05,14,1,1
1e-05,337,0.0025912642,0.0023083589,2.93170142e-05,14,1,1
1e-05,338,0.00259882002,0.00231554336,2.93761914e-05,14,0,1
1e-05,339,0.00260667503,0.00232271152,2.94737001e-05,14,0,1
1e-05,340,0.00261453213,0.002329882,2.95713508e-05,14,0,1
1e-05,341,0.00262261252,0.00233704527,2.97120077e-05,14,1,1
1e-05,342,0.00263045845,0.00234422111,2.98102641e-05,14,1,1
1e-05,343,0.00263811601,0.0023514065,2.98646992e-05,14,0,1
1e-05,344,0.00264598103,0.0023585849,2.99625463e-05,14,0,1
1e-05,345,0.00265387748,0.00236576865,3.00229585e-05,14,0,1
1e-05,346,0.00266171573,0.00237294706,3.01586006e-05,14,0,1
1e-05,347,0.0026696166,0.00238013524,3.02186272e-05,14,0,1
1e-05,348,0.00267748861,0.00238732155,3.0316889e-05,14,0,1
1e-05,349,0.00268555176,0.00239449507,3.04976238e-05,14,1,1
1e-05,350,0.00269323867,0.00240169978,3.05128706e-05,14,0,1
1e-05,351,0.0027010846,0.00240888679,3.0649644e-05,14,0,1
1e-05,352,0.00270896405,0.0024160808,3.07479822e-05,14,0,1
1e-05,353,0.00271708821,0.00242326292,3.08893505e-05,14,1,1
1e-05,354,0.0027249339,0.00243046507,3.09910138e-05,14,1,1
1e-05,355,0.00273261219,0.00243767328,3.1043739e-05,14,0,1
1e-05,356,0.00274049887,0.00244487473,3.11423901e-05,14,0,1
1e-05,357,0.00274855923,0.00245209434,3.13088167e-05,14,2,1
1e-05,358,0.00275630783,0.00245928718,3.13008895e-05,14,0,1
1e-05,359,0.0027642569,0.00246649049,3.14876561e-05,14,0,1
1e-05,360,0.00277230632,0.00247368566,3.15818979e-05,14,1,1
1e-05,361,0.0027802554,0.0024808913,3.16778933e-05,14,1,1
1e-05,362,0.00278806128,0.00248811394,3.17818376e-05,14,1,1
1e-05,363,0.00279575447,0.00249533774,3.18349194e-05,14,0,1
1e-05,364,0.00280382787,0.00250257086,3.20035797e-05,14,2,1
1e-05,365,0.00281176367,0.00250976346,3.20806976e-05,14,1,1
1e-05,366,0.00281946268,0.00251699355,3.21327825e-05,14,0,1
1e-05,367,0.00282736914,0.00252421596,3.22322121e-05,14,0,1
1e-05,368,0.00283549749,0.00253142905,3.23779459e-05,14,1,1
1e-05,369,0.00284336018,0.00253868336,3.25019682e-05,14,2,1
1e-05,370,0.00285139633,0.0025458755,3.2571148e-05,14,1,1
1e-05,371,0.00285901269,0.00255312468,3.26306108e-05,14,0,1
1e-05,372,0.00286710169,0.00256037409,3.28008318e-05,14,2,1
1e-05,373,0.00287508965,0.00256757718,3.2875414e-05,14,1,1
1e-05,374,0.00288293883,0.00257484475,3.29999893e-05,14,2,1
1e-05,375,0.00289071701,0.00258206949,3.29890208e-05,14,0,1
1e-05,376,0.00289864046,0.00258930959,3.30888361e-05,14,0,1
1e-05,377,0.00290683075,0.00259652711,3.3273318e-05,14,1,1
1e-05,378,0.00291470368,0.00260377605,3.33780772e-05,14,1,1
1e-05,379,0.00292238756,0.00261103525,3.34303513e-05,14,0,1
1e-05,380,0.00293049146,0.00261830003,3.36041412e-05,14,2,1
1e-05,381,0.00293844589,0.00262552407,3.36820085e-05,14,1,1
1e-05,382,0.00294627203,0.00263278442,3.37833226e-05,14,0,1
1e-05,383,0.00295415055,0.00264004176,3.37900783e-05,14,0,1
1e-05,384,0.00296223047,0.00264731003,3.40057704e-05,14,2,1
1e-05,385,0.00297016883,0.00265456643,3.41072373e-05,14,2,1
1e-05,386,0.00297823269,0.00266178721,3.41765626e-05,14,1,1
1e-05,387,0.00298617594,0.00266904873,3.42774547e-05,14,1,1
1e-05,388,0.00299382349,0.00267633167,3.43353131e-05,14,0,1
1e-05,389,0.00300177,0.00268359669,3.44361397e-05,14,0,1
1e-05,390,0.00300989114,0.00269088009,3.46122106e-05,14,2,1
1e-05,391,0.00301770028,0.00269813696,3.45951557e-05,14,0,1
1e-05,392,0.00302565191,0.00270540733,3.46961315e-05,14,0,1
1e-05,393,0.0030336054,0.00271268003,3.47973764e-05,14,0,1
1e-05,394,0.0030417738,0.00271993526,3.49898728e-05,14,1,1
1e-05,395,0.00304951775,0.00272723055,3.49998372e-05,14,0,1
1e-05,396,0.00305762002,0.00273452187,3.52193711e-05,14,2,1
1e-05,397,0.00306543964,0.00274178991,3.52019342e-05,14,0,1
1e-05,398,0.00307340152,0.00274907122,3.53031719e-05,14,0,1
1e-05,399,0.00308157736,0.00275633461,3.54963086e-05,14,1,1
1e-05,400,0.00308933225,0.00276364107,3.55061202e-05,14,0,1
1e-05,401,0.00309744407,0.00277094287,3.57286917e-05,14,2,1
1e-05,402,0.00310544623,0.00277820462,3.58068464e-05,14,1,1
1e-05,403,0.0031132116,0.00278550619,3.58554316e-05,14,0,1
1e-05,404,0.00312118512,0.00279279961,3.59571932e-05,14,0,1
1e-05,405,0.00312919216,0.00280010025,3.60148551e-05,14,0,1
1e-05,406,0.00313713867,0.00280739344,3.61613711e-05,14,0,1
1e-05,407,0.00314517925,0.00281469384,3.63180407e-05,14,0,1
1e-05,408,0.00315309875,0.00282199401,3.63653817e-05,14,0,1
1e-05,409,0.00316132465,0.00282928185,3.65167325e-05,14,1,1
1e-05,410,0.00316930981,0.00283658737,3.661956e-05,14,1,1
1e-05,411,0.0031770519,0.00284390943,3.66724489e-05,14,0,1
1e-05,412,0.00318504102,0.00285121915,3.67747671e-05,14,0,1
1e-05,413,0.00319327484,0.00285851466,3.6928006e-05,14,1,1
1e-05,414,0.00320102321,0.00286584324,3.69799382e-05,14,0,1
1e-05,415,0.00320904818,0.0028731632,3.70372145e-05,14,0,1
1e-05,416,0.00321707316,0.00288047595,3.72410068e-05,14,0,1
1e-05,417,0.00322525343,0.00288777822,3.73388248e-05,14,1,1
1e-05,418,0.00323300948,0.00289511494,3.73908697e-05,14,0,1
1e-05,419,0.00324101117,0.00290243817,3.74938536e-05,14,0,1
1e-05,420,0.00324901426,0.00290976255,3.75964446e-05,14,0,1
1e-05,421,0.00325726275,0.00291707343,3.77523065e-05,14,1,1
1e-05,422,0.00326502556,0.00292441761,3.78026671e-05,14,0,1
1e-05,423,0.00327327661,0.00293173129,3.79564881e-05,14,1,1
1e-05,424,0.0032812336,0.00293907267,3.80657184e-05,14,1,1
1e-05,425,0.00328929885,0.00294639776,3.81632744e-05,14,1,1
1e-05,426,0.0032971024,0.00295375683,3.81690697e-05,14,0,1
1e-05,427,0.0033050857,0.0029610889,3.83192237e-05,14,0,1
1e-05,428,0.00331310299,0.00296842866,3.84227824e-05,14,0,1
1e-05,429,0.00332112261,0.00297577097,3.85263411e-05,14,0,1
1e-05,430,0.0033293881,0.00298309908,3.86826796e-05,14,1,1
1e-05,431,0.00333725614,0.00299046258,3.87922992e-05,14,0,1
1e-05,432,0.0033453994,0.00299779908,3.88936351e-05,14,1,1
1e-05,433,0.0033533955,0.00300517888,3.90238383e-05,14,2,1
1e-05,434,0.00336127984,0.00301251654,3.89976703e-05,14,0,1
1e-05,435,0.00336927851,0.0030198649,3.91492722e-05,14,0,1
1e-05,436,0.0033773107,0.00302722049,3.9253362e-05,14,0,1
1e-05,437,0.00338537735,0.00303458422,3.93094706e-05,14,0,1
1e-05,438,0.0033933809,0.00304193795,3.94617091e-05,14,0,1
1e-05,439,0.00340141775,0.00304929819,3.95658462e-05,14,0,1
1e-05,440,0.00340970233,0.00305664656,3.9724513e-05,14,1,1
1e-05,441,0.00341767585,0.00306404755,3.98591037e-05,14,2,1
1e-05,442,0.00342557463,0.0030714008,3.9830662e-05,14,0,1
1e-05,443,0.00343383127,0.00307874777,4.00371573e-05,14,1,1
1e-05,444,0.00344163529,0.00308613596,4.00883437e-05,14,0,1
1e-05,445,0.00344968354,0.00309350877,4.01928919e-05,14,0,1
1e-05,446,0.00345776579,0.00310088973,4.02490114e-05,14,0,1
1e-05,447,0.00346581847,0.00310826674,4.03538288e-05,14,0,1
1e-05,448,0.00347387278,0.00311564561,4.04584716e-05,14,0,1
1e-05,449,0.0034821413,0.00312300469,4.06673935e-05,14,1,1
1e-05,450,0.00348998746,0.00313040987,4.06682229e-05,14,0,1
1e-05,451,0.00349819171,0.00313780899,4.09085005e-05,14,2,1
1e-05,452,0.00350632006,0.00314515829,4.09824825e-05,14,1,1
1e-05,453,0.00351431756,0.00315258466,4.1118783e-05,14,2,1
1e-05,454,0.00352239399,0.0031599456,4.1198371e-05,14,1,1
1e-05,455,0.00353027368,0.00316734845,4.1243351e-05,14,0,1
1e-05,456,0.00353837339,0.00317474804,4.12990703e-05,14,0,1
1e-05,457,0.00354644493,0.00318214484,4.14042806e-05,14,0,1
1e-05,458,0.00355448527,0.00318953721,4.1560088e-05,14,0,1
1e-05,459,0.00356255984,0.00319693726,4.16654584e-05,14,0,1
1e-05,460,0.00357063627,0.00320433988,4.17713563e-05,14,0,1
1e-05,461,0.00357871479,0.0032117446,4.18769741e-05,14,0,1
1e-05,462,0.00358679472,0.00321915071,4.19828575e-05,14,0,1
1e-05,463,0.00359508442,0.00322654843,4.21520672e-05,14,1,1
1e-05,464,0.0036030272,0.00323389797,4.22045196e-05,13,0,1
1e-05,465,0.00361104542,0.00324138068,4.23007987e-05,14,0,1
1e-05,466,0.00361913373,0.0032487954,4.2406813e-05,14,0,1
1e-05,467,0.00362722273,0.00325621152,4.25131511e-05,14,0,1
1e-05,468,0.00363549194,0.00326365069,4.27090672e-05,14,2,1
1e-05,469,0.00364346779,0.00327105052,4.27884661e-05,14,0,1
1e-05,470,0.00365156308,0.00327847223,4.28950298e-05,14,0,1
1e-05,471,0.00365984091,0.00328587648,4.29953943e-05,14,1,1
1e-05,472,0.00366778416,0.00329332147,4.31089211e-05,14,0,1
1e-05,473,0.00367585663,0.00330074853,4.32148809e-05,14,0,1
1e-05,474,0.0036839596,0.00330817886,4.33217465e-05,14,0,1
1e-05,475,0.00369203417,0.00331561547,4.33131427e-05,14,0,1
1e-05,476,0.00370031479,0.00332303136,4.35338443e-05,14,1,1
1e-05,477,0.0037082152,0.00333047798,4.35786424e-05,14,0,1
1e-05,478,0.00371638639,0.00333791715,4.37496128e-05,14,0,1
1e-05,479,0.0037244691,0.00334536214,4.37403141e-05,14,0,1
1e-05,480,0.00373258279,0.00335280364,4.38470306e-05,14,0,1
1e-05,481,0.00374087202,0.00336022861,4.40696022e-05,14,1,1
1e-05,482,0.00374881295,0.00336769084,4.40614531e-05,14,0,1
1e-05,483,0.00375690055,0.0033751328,4.4221415e-05,14,0,1
1e-05,484,0.00376502192,0.00338258268,4.43286845e-05,14,0,1
1e-05,485,0.00377332279,0.00339005515,4.45296246e-05,14,2,1
1e-05,486,0.00378126791,0.00339748664,4.45436963e-05,14,0,1
1e-05,487,0.00378939463,0.00340494234,4.46512859e-05,14,0,1
1e-05,488,0.00379770133,0.00341242109,4.48517203e-05,14,2,1
1e-05,489,0.00380568323,0.00341986376,4.48136125e-05,14,0,1
1e-05,490,0.00381381484,0.00342732435,4.49210092e-05,14,0,1
1e-05,491,0.00382194878,0.00343478797,4.50284861e-05,14,0,1
1e-05,492,0.00383008365,0.00344225252,4.51365013e-05,14,0,1
1e-05,493,0.00383827742,0.00344971474,4.53648281e-05,14,0,1
1e-05,494,0.00384632894,0.00345718255,4.54061228e-05,14,0,1
1e-05,495,0.00385450129,0.00346465944,4.54607944e-05,14,0,1
1e-05,496,0.00386264385,0.00347213168,4.55679328e-05,14,0,1
1e-05,497,0.00387081783,0.00347960182,4.57972747e-05,14,0,1
1e-05,498,0.00387893501,0.00348708313,4.57846618e-05,14,0,1
1e-05,499,0.00388708385,0.00349456235,4.58928844e-05,14,0,1
1e-05,500,0.00389544596,0.00350201852,4.61166237e-05,14,1,1
1e-05,501,0.00390335359,0.00350951869,4.61643831e-05,14,0,1
1e-05,502,0.00391168846,0.00351702701,4.63683718e-05,14,2,1
1e-05,503,0.00391966337,0.00352448993,4.63819815e-05,14,0,1
1e-05,504,0.00392782083,0.00353197847,4.64906698e-05,14,0,1
1e-05,505,0.00393606769,0.00353946956,4.66677448e-05,14,0,1
1e-05,506,0.00394438533,0.00354694226,4.67699392e-05,14,1,1
1e-05,507,0.00395230483,0.0035544557,4.68172948e-05,14,0,1
1e-05,508,0.00396050187,0.0035619582,4.68702638e-05,14,0,1
1e-05,509,0.0039686691,0.00356945721,4.69798688e-05,14,0,1
1e-05,510,0.00397686195,0.00357687077,4.71523745e-05,13,0,1
1e-05,511,0.00398500822,0.00358445896,4.71982275e-05,14,0,1
1e-05,512,0.00399314798,0.0035919568,4.73629734e-05,14,0,1
1e-05,513,0.00400132267,0.00359946303,4.74725603e-05,14,0,1
1e-05,514,0.00400952948,0.00360697694,4.7526315e-05,14,0,1
1e-05,515,0.00401770789,0.00361448713,4.76354035e-05,14,0,1
1e-05,516,0.0040259175,0.00362199405,4.78701622e-05,14,0,1
1e-05,517,0.00403403724,0.00362950633,4.79110386e-05,14,0,1
1e-05,518,0.00404222077,0.00363702211,4.80205126e-05,14,0,1
1e-05,519,0.00405043829,0.00364454719,4.80739291e-05,14,0,1
1e-05,520,0.00405862555,0.00365206669,4.81832976e-05,14,0,1
1e-05,521,0.004066783,0.00365958223,4.83502299e-05,14,0,1
1e-05,522,0.00407500472,0.00366711244,4.84037737e-05,14,0,1
1e-05,523,0.0040833489,0.00367465662,4.86690878e-05,14,2,1
1e-05,524,0.00409139181,0.00368216098,4.87492289e-05,14,0,1
1e-05,525,0.00409958744,0.00368969049,4.8859547e-05,14,0,1
1e-05,526,0.00410781708,0.00369722256,4.8971342e-05,14,0,1
1e-05,527,0.00411604298,0.00370475557,4.90825842e-05,14,0,1
1e-05,528,0.00412424561,0.00371229136,4.91931642e-05,14,0,1
1e-05,529,0.00413242402,0.00371982926,4.93031475e-05,14,0,1
1e-05,530,0.00414056797,0.00372736761,4.93430125e-05,14,0,1
1e-05,531,0.00414901879,0.00373488921,4.9518243e-05,14,1,1
1e-05,532,0.00415698346,0.00374245178,4.95641361e-05,14,0,1
1e-05,533,0.00416519586,0.00374999805,4.96750581e-05,14,0,1
1e-05,534,0.00417361688,0.00375753245,4.98566005e-05,14,1,1
1e-05,535,0.00418180646,0.00376511994,4.9998911e-05,14,2,1
1e-05,536,0.00418984145,0.00377264665,5.00079113e-05,14,0,1
1e-05,537,0.00419809064,0.00378020061,5.01894465e-05,14,0,1
1e-05,538,0.00420648698,0.00378774107,5.02998664e-05,14,1,1
1e-05,539,0.0042145038,0.00379531318,5.03415249e-05,14,0,1
1e-05,540,0.00422272831,0.00380287226,5.04528398e-05,14,0,1
1e-05,541,0.00423098402,0.0038104339,5.06350698e-05,14,0,1
1e-05,542,0.00423921226,0.00381799671,5.07467084e-05,14,0,1
1e-05,543,0.00424744142,0.00382556207,5.0858238e-05,14,0,1
1e-05,544,0.00425564358,0.00383312907,5.08988378e-05,14,0,1
1e-05,545,0.00426390814,0.00384069909,5.10817481e-05,14,0,1
1e-05,546,0.00427235663,0.00384824886,5.11891849e-05,14,1,1
1e-05,547,0.00428035017,0.00385584286,5.12337356e-05,14,0,1
1e-05,548,0.00428861985,0.00386341801,5.14175263e-05,14,0,1
1e-05,549,0.00429707393,0.00387097406,5.15248939e-05,14,1,1
1e-05,550,0.00430531707,0.00387855293,5.16380751e-05,14,1,1
1e-05,551,0.00431352528,0.00388614065,5.17548542e-05,14,1,1
1e-05,552,0.00432174839,0.00389376283,5.18986562e-05,14,2,1
1e-05,553,0.00432981364,0.00390132284,5.19062232e-05,14,0,1
1e-05,554,0.00433830637,0.0039088889,5.20860121e-05,14,1,1
1e-05,555,0.00434650574,0.0039164871,5.22055852e-05,14,1,1
1e-05,556,0.00435477728,0.00392407598,5.23165145e-05,14,1,1
1e-05,557,0.00436282717,0.00393168302,5.23555718e-05,14,0,1
1e-05,558,0.00437108381,0.00393927703,5.24681527e-05,14,0,1
1e-05,559,0.00437934371,0.00394687429,5.25809992e-05,14,0,1
1e-05,560,0.004387605,0.00395447295,5.26935437e-05,14,0,1
1e-05,561,0.00439589843,0.00396207394,5.28799064e-05,14,0,1
1e-05,562,0.00440416485,0.00396967726,5.29929384e-05,14,0,1
1e-05,563,0.00441240054,0.00397728058,5.30323159e-05,14,0,1
1e-05,564,0.00442091376,0.0039848676,5.32149606e-05,14,1,1
1e-05,565,0.00442913035,0.00399248535,5.33335478e-05,14,1,1
1e-05,566,0.00443721376,0.00400010776,5.33713246e-05,14,0,1
1e-05,567,0.00444548856,0.00400772039,5.34847677e-05,14,0,1
1e-05,568,0.00445394916,0.00401536096,5.37057495e-05,14,2,1
1e-05,569,0.00446207356,0.00402295217,5.37859451e-05,14,0,1
1e-05,570,0.00447032368,0.00403057039,5.38247623e-05,14,0,1
1e-05,571,0.00447863713,0.00403819233,5.40131878e-05,14,0,1
1e-05,572,0.00448692078,0.00404581474,5.4126871e-05,14,0,1
1e-05,573,0.00449520629,0.00405343901,5.42405978e-05,14,0,1
1e-05,574,0.00450349366,0.00406106561,5.43544957e-05,14,0,1
1e-05,575,0.00451195985,0.00406867871,5.44676404e-05,14,1,1
1e-05,576,0.00452023558,0.00407631369,5.45849252e-05,14,1,1
1e-05,577,0.00452854577,0.00408394262,5.46961346e-05,14,1,1
1e-05,578,0.00453687692,0.00409157015,5.48065618e-05,14,1,1
1e-05,579,0.0045451154,0.0040992545,5.49582765e-05,14,2,1
1e-05,580,0.00455341861,0.00410685409,5.50402547e-05,14,1,1
1e-05,581,0.00456156069,0.0041145077,5.51534213e-05,14,0,1
1e-05,582,0.00457004039,0.00412213523,5.52688289e-05,14,1,1
1e-05,583,0.00457813684,0.00412979443,5.53062309e-05,14,0,1
1e-05,584,0.00458644377,0.00413744058,5.54204526e-05,14,0,1
1e-05,585,0.0045947819,0.00414508907,5.56116502e-05,14,0,1
1e-05,586,0.00460326904,0.00415272452,5.57270469e-05,14,1,1
1e-05,587,0.00461161695,0.00416036882,5.5837525e-05,14,1,1
1e-05,588,0.00461968686,0.00416804524,5.58791871e-05,14,0,1
1e-05,589,0.00462824665,0.00417567976,5.60658336e-05,14,1,1
1e-05,590,0.00463656336,0.00418333756,5.61802844e-05,14,1,1
1e-05,591,0.00464488333,0.00419099815,5.62954519e-05,14,1,1
1e-05,592,0.00465299329,0.00419868482,5.64161819e-05,14,0,1
1e-05,593,0.00466152793,0.00420632446,5.65254122e-05,14,1,1
1e-05,594,0.00466985442,0.00421399157,5.66411472e-05,14,1,1
1e-05,595,0.00467817951,0.00422165915,5.67551833e-05,14,1,1
1e-05,596,0.00468626618,0.00422935281,5.67994939e-05,14,0,1
1e-05,597,0.00469478313,0.00423705252,5.70278244e-05,14,2,1
1e-05,598,0.00470313709,0.00424468424,5.71074852e-05,14,1,1
1e-05,599,0.00471129548,0.00425237697,5.72244389e-05,14,0,1
1e-05,600,0.00471978728,0.0042600818,5.7375215e-05,14,2,1
1e-05,601,0.00472818222,0.00426771166,5.74505866e-05,14,1,1
1e-05,602,0.00473652128,0.00427539321,5.75656959e-05,14,1,1
1e-05,603,0.0047448636,0.00428307801,5.76825332e-05,14,1,1
1e-05,604,0.00475320732,0.00429076375,5.77986466e-05,14,1,1
1e-05,605,0.00476130983,0.00429847464,5.78406689e-05,14,0,1
1e-05,606,0.00476969033,0.00430616736,5.80361011e-05,14,0,1
1e-05,607,0.00477825105,0.00431383494,5.81454151e-05,14,1,1
1e-05,608,0.00478639035,0.00432155374,5.8268648e-05,14,0,1
1e-05,609,0.00479474338,0.00432924926,5.83850306e-05,14,0,1
1e-05,610,0.00480325567,0.00433697551,5.85370544e-05,14,2,1
1e-05,611,0.00481163338,0.00434463285,5.86176357e-05,14,1,1
1e-05,612,0.0048199906,0.00435233302,5.87325485e-05,14,1,1
1e-05,613,0.00482814526,0.00436005415,5.87712129e-05,14,0,1
1e-05,614,0.00483650807,0.00436776085,5.88880284e-05,14,0,1
1e-05,615,0.00484490348,0.00437546987,5.90849304e-05,14,0,1
1e-05,616,0.00485326909,0.00438317936,5.92017968e-05,14,0,1
1e-05,617,0.00486160628,0.00439089024,5.92381803e-05,14,0,1
1e-05,618,0.00487000775,0.00439860625,5.94358316e-05,14,0,1
1e-05,619,0.00487859314,0.00440629851,5.9547092e-05,14,1,1
1e-05,620,0.00488691172,0.004414069,5.9705897e-05,14,2,1
1e-05,621,0.00489512971,0.00442176079,5.97874023e-05,14,0,1
1e-05,622,0.0049036839,0.00442946656,5.99035011e-05,14,1,1
1e-05,623,0.00491204392,0.00443723518,6.0058188e-05,14,2,1
1e-05,624,0.00492042489,0.0044449605,6.01763059e-05,14,2,1
1e-05,625,0.00492886407,0.0044526374,6.02514265e-05,14,1,1
1e-05,626,0.00493724877,0.00446036691,6.03707813e-05,14,1,1
1e-05,627,0.00494539365,0.00446812389,6.04106317e-05,14,0,1
1e-05,628,0.00495378207,0.00447585713,6.0528313e-05,14,0,1
1e-05,629,0.0049624159,0.00448356941,6.07234069e-05,14,1,1
1e-05,630,0.00497075496,0.00449136132,6.08830742e-05,14,2,1
1e-05,631,0.00497920625,0.00449899584,6.09174494e-05,14,0,1
1e-05,632,0.00498741865,0.00450681569,6.10838688e-05,14,0,1
1e-05,633,0.00499575585,0.00451455917,6.11173527e-05,14,0,1
1e-05,634,0.00500418572,0.00452220486,6.12442818e-05,13,0,1
1e-05,635,0.00501255738,0.00453005312,6.13540033e-05,14,0,1
1e-05,636,0.00502115069,0.00453783292,6.15940226e-05,14,2,1
1e-05,637,0.00502956007,0.00454554474,6.16754478e-05,14,1,1
1e-05,638,0.00503777619,0.00455331057,6.17088008e-05,14,0,1
1e-05,639,0.0050461865,0.00456106756,6.18271515e-05,14,0,1
1e-05,640,0.00505459821,0.00456882594,6.1945917e-05,14,0,1
1e-05,641,0.00506304204,0.00457658619,6.21483268e-05,14,0,1
1e-05,642,0.00507142581,0.00458434736,6.21833606e-05,14,0,1
1e-05,643,0.00507987477,0.0045921132,6.23860105e-05,14,0,1
1e-05,644,0.00508847134,0.00459986273,6.25055327e-05,14,1,1
1e-05,645,0.00509668421,0.00460764673,6.25398534e-05,14,0,1
1e-05,646,0.00510513829,0.00461541815,6.27431145e-05,14,0,1
1e-05,647,0.00511353137,0.00462318957,6.27776753e-05,14,0,1
1e-05,648,0.00512195751,0.00463096285,6.28965354e-05,14,0,1
1e-05,649,0.00513063092,0.00463871611,6.30960785e-05,14,1,1
1e-05,650,0.00513884984,0.0046465206,6.32203155e-05,14,0,1
1e-05,651,0.0051472811,0.00465429993,6.33397576e-05,14,0,1
1e-05,652,0.00515568396,0.00466208113,6.33741656e-05,14,0,1
1e-05,653,0.00516412081,0.00466986559,6.34937605e-05,14,0,1
1e-05,654,0.00517280074,0.00467762677,6.3692627e-05,14,1,1
1e-05,655,0.00518118963,0.00468542753,6.38203055e-05,14,1,1
1e-05,656,0.0051896316,0.00469321851,6.39381396e-05,14,1,1
1e-05,657,0.00519790873,0.00470091915,6.39812497e-05,13,0,1
1e-05,658,0.00520636048,0.00470881909,6.41782026e-05,14,0,1
1e-05,659,0.00521480897,0.00471661612,6.42982995e-05,14,0,1
1e-05,660,0.0052232272,0.00472441316,6.43323292e-05,14,0,1
1e-05,661,0.00523167709,0.00473221298,6.44521497e-05,14,0,1
1e-05,662,0.0052401307,0.0047400156,6.45724213e-05,14,0,1
1e-05,663,0.00524882879,0.00474779448,6.47749621e-05,14,1,1
1e-05,664,0.00525723398,0.0047556581,6.49394206e-05,14,2,1
1e-05,665,0.00526553253,0.00476343604,6.50203438e-05,14,0,1
1e-05,666,0.00527396239,0.00477124564,6.50540387e-05,14,0,1
1e-05,667,0.00528266793,0.00477903336,6.52554299e-05,14,1,1
1e-05,668,0.00529089011,0.00478687417,6.52953167e-05,14,0,1
1e-05,669,0.00529938843,0.00479469215,6.55031326e-05,14,0,1
1e-05,670,0.00530785648,0.00480251014,6.56240591e-05,14,0,1
1e-05,671,0.00531648565,0.00481031556,6.57464843e-05,14,1,1
1e-05,672,0.00532500958,0.00481812609,6.58596327e-05,14,1,1
1e-05,673,0.00533348275,0.00482594967,6.59805301e-05,14,1,1
1e-05,674,0.00534174778,0.00483380398,6.61084778e-05,14,0,1
1e-05,675,0.00535019347,0.00484163128,6.61417507e-05,14,0,1
1e-05,676,0.00535891764,0.00484943716,6.63463143e-05,14,1,1
1e-05,677,0.0053673475,0.00485728262,6.64734616e-05,14,1,1
1e-05,678,0.00537583092,0.00486511691,6.65966072e-05,14,1,1
1e-05,679,0.00538415555,0.00487296795,6.67154673e-05,14,0,1
1e-05,680,0.00539282057,0.00488078874,6.68369175e-05,14,1,1
1e-05,681,0.00540129282,0.00488867797,6.69994552e-05,14,2,1
1e-05,682,0.00540980138,0.00489647314,6.70814989e-05,14,1,1
1e-05,683,0.00541827735,0.0049043661,6.7242494e-05,14,2,1
1e-05,684,0.00542661175,0.00491218269,6.73244649e-05,14,0,1
1e-05,685,0.00543510867,0.00492003141,6.74465409e-05,14,0,1
1e-05,686,0.00544360839,0.00492788292,6.75686824e-05,14,0,1
1e-05,687,0.00545210717,0.00493573584,6.76907148e-05,14,0,1
1e-05,688,0.00546060968,0.00494359061,6.78130382e-05,14,0,1
1e-05,689,0.00546911405,0.00495144725,6.79353761e-05,14,0,1
1e-05,690,0.00547758769,0.00495930389,6.79676596e-05,14,0,1
1e-05,691,0.00548612885,0.00496716751,6.81802048e-05,14,0,1
1e-05,692,0.00549463928,0.0049750302,6.83027465e-05,14,0,1
1e-05,693,0.0055031511,0.00498289568,6.8425361e-05,14,0,1
1e-05,694,0.00551163312,0.00499076163,6.8457397e-05,14,0,1
1e-05,695,0.00552035589,0.00499861222,6.86713174e-05,14,1,1
1e-05,696,0.00552885747,0.00500648748,6.87965949e-05,14,1,1
1e-05,697,0.00553721748,0.00501437578,6.89166482e-05,14,0,1
1e-05,698,0.00554570835,0.00502225058,6.89485896e-05,14,0,1
1e-05,699,0.00555443903,0.00503010908,6.91598834e-05,14,1,1
1e-05,700,0.00556294806,0.00503799273,6.92891481e-05,14,1,1
1e-05,701,0.00557134533,0.00504588895,6.94108385e-05,14,0,1
1e-05,702,0.00557987392,0.00505377166,6.95341514e-05,14,0,1
1e-05,703,0.00558855105,0.00506163808,6.96546776e-05,14,1,1
1e-05,704,0.00559708523,0.00506952638,6.97792566e-05,14,1,1
1e-05,705,0.00560541078,0.00507743331,6.98106887e-05,14,0,1
1e-05,706,0.00561397988,0.00508532627,7.00263918e-05,14,0,1
1e-05,707,0.00562269473,0.0050932006,7.01491736e-05,14,1,1
1e-05,708,0.00563104078,0.00510100089,7.01916579e-05,13,0,1
1e-05,709,0.00563956937,0.0051090112,7.0304879e-05,14,0,1
1e-05,710,0.00564814359,0.00511691067,7.05214479e-05,14,0,1
1e-05,711,0.00565669127,0.00512481295,7.06455321e-05,14,0,1
1e-05,712,0.00566540845,0.00513274129,7.08078369e-05,13,1,1
1e-05,713,0.00567379035,0.00514062308,7.08936786e-05,14,0,1
1e-05,714,0.00568234036,0.00514852954,7.10177846e-05,14,0,1
1e-05,715,0.00569089502,0.00515643973,7.1142058e-05,14,0,1
1e-05,716,0.00569945155,0.00516435225,7.12665787e-05,14,0,1
1e-05,717,0.005708009,0.00517226569,7.13910122e-05,14,0,1
1e-05,718,0.00571656832,0.005180181,7.15155038e-05,14,0,1
1e-05,719,0.00572512858,0.00518809818,7.16400027e-05,14,0,1
1e-05,720,0.00573386671,0.00519604422,7.18012743e-05,13,1,1
1e-05,721,0.00574222673,0.00520393951,7.17956427e-05,14,0,1
1e-05,722,0.00575082516,0.0052118646,7.20143289e-05,14,0,1
1e-05,723,0.00575955398,0.00521977432,7.21404431e-05,14,1,1
1e-05,724,0.00576817337,0.00522762723,7.2206647e-05,14,0,1
1e-05,725,0.0057766973,0.00523563195,7.23907287e-05,14,1,1
1e-05,726,0.00578508107,0.00524357893,7.24198908e-05,14,0,1
1e-05,727,0.00579384994,0.00525149796,7.26406433e-05,14,1,1
1e-05,728,0.00580226723,0.00525944959,7.27647275e-05,14,0,1
1e-05,729,0.00581084844,0.00526738865,7.28901359e-05,14,0,1
1e-05,730,0.00581939891,0.00527532678,7.29203603e-05,14,0,1
1e-05,731,0.00582819106,0.00528329564,7.3181116e-05,13,1,1
1e-05,732,0.00583673408,0.00529115042,7.32288099e-05,14,0,1
1e-05,733,0.00584515836,0.00529916026,7.3297073e-05,14,0,1
1e-05,734,0.00585395703,0.00530708954,7.35170906e-05,14,1,1
1e-05,735,0.00586253265,0.00531504443,7.36457441e-05,14,1,1
1e-05,736,0.00587117439,0.00532292109,7.37142618e-05,14,0,1
1e-05,737,0.00587977236,0.00533093698,7.3890682e-05,14,1,1
1e-05,738,0.00588836567,0.00533882948,7.39636889e-05,14,0,1
1e-05,739,0.00589693617,0.00534686213,7.41489712e-05,14,1,1
1e-05,740,0.00590552017,0.00535482541,7.427745e-05,14,1,1
1e-05,741,0.00591417495,0.00536277425,7.43934725e-05,14,1,1
1e-05,742,0.00592256896,0.00537076918,7.45266734e-05,14,0,1
1e-05,743,0.00593117718,0.00537873618,7.46532314e-05,14,0,1
1e-05,744,0.00593975559,0.00538670504,7.46828955e-05,14,0,1
1e-05,745,0.0059483666,0.0053946753,7.48093298e-05,14,0,1
1e-05,746,0.00595697807,0.00540264649,7.4935655e-05,14,0,1
1e-05,747,0.00596580096,0.00541060138,7.51588886e-05,14,1,1
1e-05,748,0.00597440312,0.00541858422,7.52898195e-05,14,1,1
1e-05,749,0.00598304113,0.00542660337,7.54536741e-05,13,1,1
1e-05,750,0.00599169126,0.00543452892,7.55316651e-05,14,1,1
1e-05,751,0.00600028597,0.00544256764,7.57083253e-05,13,1,1
1e-05,752,0.00600872887,0.00545052812,7.57944363e-05,14,0,1
1e-05,753,0.00601732684,0.0054583922,7.58317474e-05,13,0,1
1e-05,754,0.00602616649,0.00546652917,7.60891126e-05,13,1,1
1e-05,755,0.00603458239,0.0054744943,7.60783005e-05,14,0,1
1e-05,756,0.00604321435,0.00548248738,7.62055279e-05,14,0,1
1e-05,757,0.00605206471,0.00549050933,7.64680008e-05,13,1,1
1e-05,758,0.00606069108,0.00549845863,7.65581717e-05,14,1,1
1e-05,759,0.00606933096,0.00550645962,7.668732e-05,14,1,1
1e-05,760,0.00607796945,0.00551446015,7.68138634e-05,14,1,1
1e-05,761,0.00608659629,0.00552246859,7.6945631e-05,14,1,1
1e-05,762,0.00609504711,0.00553048914,7.69707549e-05,14,0,1
1e-05,763,0.00610369304,0.00553849712,7.70986808e-05,14,0,1
1e-05,764,0.00611233991,0.00554650556,7.72263593e-05,14,0,1
1e-05,765,0.00612115348,0.00555445207,7.74154905e-05,14,0,1
1e-05,766,0.00612967182,0.00556253176,7.75821682e-05,14,0,1
1e-05,767,0.00613829494,0.00557054672,7.76107627e-05,14,0,1
1e-05,768,0.00614698138,0.00557856588,7.78388348e-05,14,0,1
1e-05,769,0.00615560589,0.00558658363,7.78672475e-05,14,0,1
1e-05,770,0.00616429746,0.00559460744,7.80957853e-05,14,0,1
1e-05,771,0.00617298996,0.00560263218,7.82263596e-05,14,0,1
1e-05,772,0.00618183147,0.00561062573,7.83472497e-05,14,1,1
1e-05,773,0.00619049743,0.00561865512,7.84760196e-05,14,1,1
1e-05,774,0.00619895291,0.00562671525,7.86105811e-05,14,0,1
1e-05,775,0.0062078326,0.00563471625,7.8732417e-05,14,1,1
1e-05,776,0.00621625921,0.00564277964,7.87677345e-05,14,0,1
1e-05,777,0.00622496335,0.00565081649,7.89976475e-05,14,0,1
1e-05,778,0.00623363908,0.00565885566,7.91268103e-05,14,0,1
1e-05,779,0.00624228315,0.00566689437,7.91547718e-05,14,0,1
1e-05,780,0.00625096075,0.00567493634,7.92837964e-05,14,0,1
1e-05,781,0.00625967188,0.00568298157,7.95145534e-05,14,0,1
1e-05,782,0.00626835413,0.0056910282,7.96439272e-05,14,0,1
1e-05,783,0.00627722964,0.00569910323,7.98162e-05,13,1,1
1e-05,784,0.00628591655,0.00570715358,7.99455738e-05,13,1,1
1e-05,785,0.00629458949,0.0057151583,8.00316193e-05,14,1,1
1e-05,786,0.00630328059,0.00572321378,8.01640272e-05,14,1,1
1e-05,787,0.00631197076,0.00573126972,8.02931172e-05,14,1,1
1e-05,788,0.00632068096,0.00573937641,8.04624869e-05,13,1,1
1e-05,789,0.00632921513,0.0057474114,8.05542368e-05,14,0,1
1e-05,790,0.00633784989,0.00575547293,8.05797754e-05,14,0,1
1e-05,791,0.00634675752,0.00576351723,8.08115583e-05,14,1,1
1e-05,792,0.00635547657,0.00577163277,8.09830963e-05,13,1,1
1e-05,793,0.00636416208,0.00577965286,8.10724741e-05,14,1,1
1e-05,794,0.00637269206,0.00578774745,8.12034559e-05,14,0,1
1e-05,795,0.00638139807,0.00579581968,8.13339502e-05,14,0,1
1e-05,796,0.00639023492,0.00580382254,8.14202649e-05,14,0,1
1e-05,797,0.00639894605,0.0058118999,8.15493477e-05,14,0,1
1e-05,798,0.00640772935,0.00582007878,8.17657856e-05,13,1,1
1e-05,799,0.0064164442,0.00582815986,8.18973422e-05,13,1,1
1e-05,800,0.00642496254,0.0058362158,8.19874112e-05,14,0,1
1e-05,801,0.00643365039,0.00584430108,8.2014245e-05,14,0,1
1e-05,802,0.00644237082,0.00585238868,8.21453868e-05,14,0,1
1e-05,803,0.00645109219,0.00586047675,8.22758157e-05,14,0,1
1e-05,804,0.00645980984,0.00586843863,8.24160088e-05,13,0,1
1e-05,805,0.00646853587,0.00587653276,8.25468742e-05,13,0,1
1e-05,806,0.00647747843,0.00588473538,8.27731128e-05,14,1,1
1e-05,807,0.00648600096,0.00589285512,8.2800645e-05,14,0,1
1e-05,808,0.00649472326,0.00590082351,8.29391502e-05,13,0,1
1e-05,809,0.00650369795,0.00590908574,8.32116057e-05,13,1,1
1e-05,810,0.00651219301,0.00591702899,8.32029909e-05,13,0,1
1e-05,811,0.00652097492,0.0059252698,8.34319508e-05,14,0,1
1e-05,812,0.00652971352,0.00593337696,8.35636747e-05,14,0,1
1e-05,813,0.00653863326,0.00594146503,8.3696621e-05,14,1,1
1e-05,814,0.00654719863,0.0059495992,8.38275009e-05,14,0,1
1e-05,815,0.00655594654,0.00595771521,8.39596614e-05,14,0,1
1e-05,816,0.00656469306,0.00596583076,8.40916618e-05,14,0,1
1e-05,817,0.00657344237,0.00597394863,8.42239533e-05,14,0,1
1e-05,818,0.00658219494,0.00598207023,8.43561502e-05,14,0,1
1e-05,819,0.00659091538,0.00599019043,8.43821763e-05,14,0,1
1e-05,820,0.00659970054,0.00599831436,8.46209296e-05,14,0,1
1e-05,821,0.00660842843,0.00600644201,8.46470502e-05,14,0,1
1e-05,822,0.00661718752,0.00601457059,8.47788324e-05,14,0,1
1e-05,823,0.00662615756,0.00602268055,8.50162542e-05,14,1,1
1e-05,824,0.00663471175,0.00603083428,8.50442884e-05,14,0,1
1e-05,825,0.00664370973,0.00603899639,8.5330219e-05,13,1,1
1e-05,826,0.00665224483,0.00604710728,8.53102829e-05,14,0,1
1e-05,827,0.0066610123,0.00605524518,8.54421669e-05,14,0,1
1e-05,828,0.00667002052,0.00606341567,8.57271662e-05,13,1,1
1e-05,829,0.00667879311,0.00607155776,8.58601561e-05,13,1,1
1e-05,830,0.00668731658,0.00607953966,8.58495769e-05,13,0,1
1e-05,831,0.00669610873,0.00608782377,8.59752763e-05,14,0,1
1e-05,832,0.0067050457,0.0060958988,8.61715307e-05,14,0,1
1e-05,833,0.00671366742,0.00610412424,8.62414017e-05,14,0,1
1e-05,834,0.00672244886,0.00611227704,8.6375032e-05,14,0,1
1e-05,835,0.00673147198,0.00612046104,8.66634218e-05,13,1,1
1e-05,836,0.00674001873,0.00612858962,8.66423361e-05,14,0,1
1e-05,837,0.00674884021,0.0061367508,8.68843199e-05,14,0,1
1e-05,838,0.00675759837,0.00614491152,8.69094947e-05,14,0,1
1e-05,839,0.00676639192,0.00615307689,8.70433287e-05,14,0,1
1e-05,840,0.00677534193,0.00616116636,8.72404926e-05,14,0,1
1e-05,841,0.00678413874,0.00616933499,8.73731915e-05,14,0,1
1e-05,842,0.00679277815,0.00617757952,8.7444947e-05,14,0,1
1e-05,843,0.00680157868,0.00618575234,8.75794503e-05,14,0,1
1e-05,844,0.00681041088,0.00619392609,8.7823013e-05,14,0,1
1e-05,845,0.00681921607,0.00620210357,8.79574654e-05,14,0,1
1e-05,846,0.00682802126,0.00621028198,8.80920124e-05,14,0,1
1e-05,847,0.00683683017,0.00621846318,8.82265886e-05,14,0,1
1e-05,848,0.00684563722,0.00622664392,8.83610119e-05,14,0,1
1e-05,849,0.00685466267,0.00623485725,8.85403133e-05,13,1,1
1e-05,850,0.00686347485,0.00624304358,8.8677305e-05,13,1,1
1e-05,851,0.00687207887,0.00625120476,8.87655333e-05,14,0,1
1e-05,852,0.00688086543,0.00625939574,8.87897331e-05,14,0,1
1e-05,853,0.00688968506,0.00626758859,8.8925015e-05,14,0,1
1e-05,854,0.00689850468,0.00627578236,8.9060115e-05,14,0,1
1e-05,855,0.00690736016,0.00628398079,8.93059914e-05,14,0,1
1e-05,856,0.00691613415,0.00629203953,8.93394681e-05,13,0,1
1e-05,857,0.00692497985,0.00630037906,8.94654731e-05,14,0,1
1e-05,858,0.00693383906,0.00630858215,8.97120772e-05,14,0,1
1e-05,859,0.00694267219,0.00631678943,8.98475846e-05,14,0,1
1e-05,860,0.00695147458,0.00632499764,8.98717044e-05,14,0,1
1e-05,861,0.00696030911,0.00633320631,9.00072337e-05,14,0,1
1e-05,862,0.00696930289,0.00634134095,9.02071552e-05,14,0,1
1e-05,863,0.00697801728,0.00634963298,9.03906111e-05,14,0,1
1e-05,864,0.0069868248,0.00635784725,9.04140325e-05,14,0,1
1e-05,865,0.00699566677,0.00636606431,9.0550333e-05,14,0,1
1e-05,866,0.00700451201,0.00637428463,9.06867572e-05,14,0,1
1e-05,867,0.00701339031,0.00638250774,9.09347291e-05,14,0,1
1e-05,868,0.00702223834,0.00639073132,9.10710951e-05,14,0,1
1e-05,869,0.00703108916,0.00639895815,9.12074756e-05,14,0,1
1e-05,870,0.00703990972,0.00640718499,9.12311734e-05,14,0,1
1e-05,871,0.00704901293,0.00641544443,9.15271739e-05,13,1,1
1e-05,872,0.00705759833,0.00642350689,9.15121273e-05,13,0,1
1e-05,873,0.00706645614,0.00643174071,9.16495701e-05,13,0,1
1e-05,874,0.00707531394,0.00643997546,9.17848593e-05,13,0,1
1e-05,875,0.00708423322,0.00644835923,9.20271268e-05,14,0,1
1e-05,876,0.00709331874,0.00645663077,9.22077597e-05,13,1,1
1e-05,877,0.00710218213,0.00646487018,9.23496555e-05,13,1,1
1e-05,878,0.00711105391,0.00647311751,9.24822743e-05,13,1,1
1e-05,879,0.0071199243,0.0064813653,9.26175417e-05,13,1,1
1e-05,880,0.00712857302,0.00648958422,9.27124056e-05,14,0,1
1e-05,881,0.00713757239,0.00649775658,9.28032168e-05,14,0,1
1e-05,882,0.00714654149,0.00650611427,9.30362294e-05,13,1,1
1e-05,883,0.0071552014,0.00651434436,9.31246832e-05,14,0,1
1e-05,884,0.00716425711,0.00652257679,9.32595576e-05,14,1,1
1e-05,885,0.00717296172,0.00653086044,9.33997653e-05,14,0,1
1e-05,886,0.00718181441,0.00653912174,9.34225391e-05,14,0,1
1e-05,887,0.0071909097,0.00654736301,9.36760116e-05,14,1,1
1e-05,888,0.00719958637,0.00655565085,9.3698196e-05,14,0,1
1e-05,889,0.00720857736,0.00656385999,9.39125675e-05,14,0,1
1e-05,890,0.00721736718,0.00657218834,9.39735546e-05,14,0,1
1e-05,891,0.00722629391,0.00658046221,9.42273473e-05,14,0,1
1e-05,892,0.00723540969,0.00658876309,9.44145722e-05,13,1,1
1e-05,893,0.00724408496,0.00659701182,9.45038191e-05,14,0,1
1e-05,894,0.00725298282,0.00660528941,9.46421133e-05,14,0,1
1e-05,895,0.00726206182,0.00661354512,9.4782321e-05,14,1,1
1e-05,896,0.00727101602,0.00662188325,9.49638925e-05,13,1,1
1e-05,897,0.00727991899,0.0066301669,9.51037946e-05,13,1,1
1e-05,898,0.00728856865,0.00663842354,9.50802496e-05,14,0,1
1e-05,899,0.00729744835,0.0066465647,9.5227093e-05,13,0,1
1e-05,900,0.00730659766,0.00665497966,9.5474461e-05,14,1,1
1e-05,901,0.00731530041,0.00666329544,9.54964053e-05,14,0,1
1e-05,902,0.00732424716,0.00667159073,9.57519878e-05,14,0,1
1e-05,903,0.00733313151,0.00667988649,9.57741358e-05,14,0,1
1e-05,904,0.007342258,0.00668816082,9.60289544e-05,14,1,1
1e-05,905,0.00735123223,0.00669651758,9.62183767e-05,13,1,1
1e-05,906,0.00735989446,0.00670479191,9.61915575e-05,14,0,1
1e-05,907,0.00736885052,0.00671309698,9.64483988e-05,14,0,1
1e-05,908,0.00737771392,0.00672125537,9.64772917e-05,13,0,1
1e-05,909,0.00738673704,0.0067297155,9.67295928e-05,14,0,1
1e-05,910,0.00739566796,0.00673802756,9.68692621e-05,14,0,1
1e-05,911,0.00740453741,0.00674634008,9.688914e-05,14,0,1
1e-05,912,0.00741347158,0.00675465632,9.70286637e-05,14,0,1
1e-05,913,0.00742240855,0.00676297443,9.71683912e-05,14,0,1
1e-05,914,0.00743134553,0.00677129347,9.73084389e-05,14,0,1
1e-05,915,0.00744043989,0.00677953288,9.75164439e-05,14,0,1
1e-05,916,0.00744925998,0.00678794086,9.77067102e-05,14,0,1
1e-05,917,0.00745817274,0.00679626688,9.77282325e-05,14,0,1
1e-05,918,0.00746715162,0.0068045971,9.79873585e-05,14,0,1
1e-05,919,0.0074760979,0.00681292545,9.81277262e-05,14,0,1
1e-05,920,0.00748501671,0.00682125799,9.81493213e-05,14,0,1
1e-05,921,0.00749396905,0.00682959426,9.82898782e-05,14,0,1
1e-05,922,0.00750292372,0.006837931,9.84301805e-05,14,0,1
1e-05,923,0.00751184765,0.00684612058,9.85864899e-05,13,0,1
1e-05,924,0.00752110174,0.00685464032,9.88810498e-05,13,1,1
1e-05,925,0.00752976444,0.00686280336,9.88653192e-05,13,0,1
1e-05,926,0.00753896916,0.0068712756,9.9113975e-05,14,1,1
1e-05,927,0.00754775433,0.00687964773,9.92539208e-05,14,0,1
1e-05,928,0.0075566899,0.0068879975,9.9274177e-05,14,0,1
1e-05,929,0.00756565481,0.00689634634,9.94163565e-05,14,0,1
1e-05,930,0.00757459085,0.0069045499,9.9568977e-05,13,0,1
1e-05,931,0.00758355856,0.00691290153,9.97050083e-05,13,0,1
1e-05,932,0.00759283919,0.00692144642,0.000100007252,13,1,1
1e-05,933,0.00760154659,0.00692977477,9.99814802e-05,14,0,1
1e-05,934,0.00761055481,0.00693813758,0.000100243677,14,0,1
1e-05,935,0.00761953602,0.00694650272,0.000100385427,14,0,1
1e-05,936,0.00762851676,0.00695486879,0.00010052741,14,0,1
1e-05,937,0.00763746724,0.00696323533,0.000100547804,14,0,1
1e-05,938,0.0076464531,0.00697160605,0.000100689394,14,0,1
1e-05,939,0.00765564945,0.00697995303,0.000100951853,14,1,1
1e-05,940,0.00766442902,0.0069883531,0.00010097387,14,0,1
1e-05,941,0.00767342094,0.00699672988,0.00010111602,14,0,1
1e-05,942,0.00768244639,0.00700510992,0.000101379883,14,0,1
1e-05,943,0.00769147277,0.00701349182,0.000101524507,14,0,1
1e-05,944,0.00770047074,0.00702187512,0.00010166713,14,0,1
1e-05,945,0.00770940725,0.00703025982,0.000101685262,14,0,1
1e-05,946,0.00771843921,0.00703864777,0.00010194991,14,0,1
1e-05,947,0.00772768212,0.0070470674,0.00010213819,13,1,1
1e-05,948,0.0077364156,0.00705542695,0.000102112761,14,0,1
1e-05,949,0.00774542149,0.00706382003,0.000102255726,14,0,1
1e-05,950,0.00775446324,0.0070722173,0.000102521182,14,0,1
1e-05,951,0.00776347332,0.00708061457,0.000102664242,14,0,1
1e-05,952,0.00777245499,0.00708901417,0.00010268412,14,0,1
1e-05,953,0.00778146833,0.00709741516,0.000102827325,14,0,1
1e-05,954,0.00779048586,0.00710581988,0.000102970931,14,0,1
1e-05,955,0.00779971341,0.00711419946,0.000103233549,14,1,1
1e-05,956,0.00780852605,0.00712263491,0.000103257087,14,0,1
1e-05,957,0.00781755056,0.00713104708,0.000103400846,14,0,1
1e-05,958,0.00782657322,0.00713945832,0.000103544313,14,0,1
1e-05,959,0.00783575419,0.00714778714,0.000103761689,14,0,1
1e-05,960,0.0078446297,0.00715629105,0.000103831713,14,0,1
1e-05,961,0.00785366166,0.0071647102,0.000103975188,14,0,1
1e-05,962,0.00786272436,0.00717313122,0.0001042433,14,0,1
1e-05,963,0.00787175819,0.00718155364,0.000104387407,14,0,1
1e-05,964,0.00788097456,0.00718995417,0.000104531297,14,1,1
1e-05,965,0.00788983516,0.00719840731,0.000104675666,14,0,1
1e-05,966,0.00789912045,0.00720686745,0.000104867751,13,1,1
1e-05,967,0.00790788513,0.00721526658,0.000104839855,14,0,1
1e-05,968,0.00791713782,0.00722367363,0.000105107756,14,1,1
1e-05,969,0.00792597607,0.00723213702,0.000105128245,14,0,1
1e-05,970,0.00793530326,0.0072406074,0.000105447398,13,1,1
1e-05,971,0.00794410706,0.00724901585,0.000105542786,14,0,1
1e-05,972,0.00795322563,0.00725739263,0.000105646206,14,0,1
1e-05,973,0.00796227995,0.007265836,0.000105793493,14,0,1
1e-05,974,0.00797119085,0.00727418531,0.000105859486,13,0,1
1e-05,975,0.00798024889,0.00728263427,0.000106004372,13,0,1
1e-05,976,0.00798930973,0.00729108555,0.000106152358,13,0,1
1e-05,977,0.00799844973,0.00729970075,0.000106412772,14,0,1
1e-05,978,0.00800748169,0.00730814971,0.000106552565,14,0,1
1e-05,979,0.00801675674,0.0073165847,0.00010670472,14,1,1
1e-05,980,0.00802582689,0.00732504483,0.000106847321,14,1,1
1e-05,981,0.00803468563,0.00733352639,0.000106988969,14,0,1
1e-05,982,0.00804379024,0.0073419963,0.000107140135,14,0,1
1e-05,983,0.00805298425,0.00735037075,0.000107230138,14,0,1
1e-05,984,0.00806211866,0.00735890167,0.000107430598,14,1,1
1e-05,985,0.00807098672,0.00736739393,0.000107572108,14,0,1
1e-05,986,0.00808010157,0.00737587223,0.000107723601,14,0,1
1e-05,987,0.00808918104,0.00738434494,0.000107869695,14,0,1
1e-05,988,0.00809826516,0.0073928209,0.000108015665,14,0,1
1e-05,989,0.00810731947,0.00740129501,0.000108156499,14,0,1
1e-05,990,0.00811655819,0.00740968902,0.000108255685,14,0,1
1e-05,991,0.00812564883,0.0074181715,0.000108402943,14,0,1
1e-05,992,0.00813479815,0.00742671825,0.000108599153,14,1,1
1e-05,993,0.00814389158,0.00743520493,0.000108746004,14,1,1
1e-05,994,0.00815306418,0.007443754,0.000108947614,13,1,1
1e-05,995,0.00816182699,0.00745204883,0.000108926928,13,0,1
1e-05,996,0.00817097444,0.00746070035,0.000109182532,14,0,1
1e-05,997,0.00818010885,0.00746920006,0.000109334898,14,0,1
1e-05,998,0.00818927772,0.0074776304,0.000109439592,14,0,1
1e-05,999,0.00819828734,0.00748619344,0.000109623361,14,0,1
1e-05,1000,0.00820745714,0.00749469968,0.000109778441,14,0,1
1e-05,1001,0.0082165366,0.00750320265,0.000109923334,14,0,1
1e-05,1002,0.00822590571,0.00751174148,0.000110122841,13,1,1
1e-05,1003,0.00823493861,0.00752018765,0.000110216606,14,1,1
1e-05,1004,0.00824384391,0.00752872089,0.000110359913,14,0,1
1e-05,1005,0.00825299509,0.0075372383,0.000110513225,14,0,1
1e-05,1006,0.00826211646,0.00754575431,0.000110660898,14,0,1
1e-05,1007,0.00827120431,0.00755426474,0.00011080307,14,0,1
1e-05,1008,0.00828053709,0.00756275887,0.000110955938,14,1,1
1e-05,1009,0.00828945357,0.00757130375,0.000111098758,14,0,1
1e-05,1010,0.00829861313,0.00757983187,0.000111252404,14,0,1
1e-05,1011,0.00830774382,0.00758835627,0.000111400383,14,0,1
1e-05,1012,0.00831678882,0.00759671535,0.000111428089,13,0,1
1e-05,1013,0.00832626503,0.00760544417,0.00011175283,13,1,1
1e-05,1014,0.00833514426,0.00761394482,0.000111845293,14,0,1
1e-05,1015,0.00834428146,0.00762247806,0.000111993722,14,0,1
1e-05,1016,0.00835342053,0.00763101317,0.000112142108,14,0,1
1e-05,1017,0.00836252887,0.00763954502,0.000112285292,14,0,1
1e-05,1018,0.00837170612,0.0076480913,0.000112439491,14,0,1
1e-05,1019,0.00838111155,0.00765666412,0.000112640992,13,1,1
1e-05,1020,0.00839000009,0.00766517781,0.000112737165,14,0,1
1e-05,1021,0.00839940179,0.00767375156,0.000112942951,13,1,1
1e-05,1022,0.00840830058,0.00768227223,0.000113035087,14,0,1
1e-05,1023,0.00841736328,0.00769065041,0.000113059919,13,0,1
1e-06,0,4.54577457e-05,0,0,19,0,1
1e-06,1,5.2716292e-05,6.5402819e-06,7.6658992e-08,19,0,1
1e-06,2,5.99790583e-05,1.30822073e-05,1.53325743e-07,19,0,1
1e-06,3,6.72440001e-05,1.96259625e-05,2.30075244e-07,19,0,1
1e-06,4,7.44995923e-05,2.61720652e-05,3.07019889e-07,19,0,1
1e-06,5,8.17719774e-05,3.27197849e-05,3.84341206e-07,19,0,1
1e-06,6,8.90382653e-05,3.92684051e-05,4.60721282e-07,19,0,1
1e-06,7,9.63374259e-05,4.58203976e-05,5.37731125e-07,19,2,1
1e-06,8,0.000103629951,5.23732488e-05,6.15534987e-07,19,2,1
1e-06,9,0.000110858324,5.89276242e-05,6.92043386e-07,19,0,1
1e-06,10,0.000118128039,6.54842734e-05,7.69257952e-07,19,0,1
1e-06,11,0.000125401071,7.20417302e-05,8.4613157e-07,19,0,1
1e-06,12,0.000132680405,7.86034943e-05,9.24831625e-07,19,0,1
1e-06,13,0.000139959971,8.51655859e-05,1.00227419e-06,19,0,1
1e-06,14,0.000147271217,9.17304496e-05,1.07900212e-06,19,2,1
1e-06,15,0.000154524256,9.8295146e-05,1.15733428e-06,19,0,1
1e-06,16,0.000161838194,0.000104863764,1.23407449e-06,19,2,1
1e-06,17,0.000169090083,0.000111432135,1.31189711e-06,19,0,1
1e-06,18,0.000176434725,0.000118004231,1.39110603e-06,19,2,1
1e-06,19,0.000183675264,0.000124575716,1.46700881e-06,19,0,1
1e-06,20,0.000191007886,0.000131152206,1.54702934e-06,19,2,1
1e-06,21,0.000198260328,0.000137727009,1.62263791e-06,19,0,1
1e-06,22,0.000205583303,0.000144307298,1.70065391e-06,19,2,1
1e-06,23,0.00021284548,0.000150886204,1.77889569e-06,19,0,1
1e-06,24,0.000220144109,0.000157468225,1.85692784e-06,19,0,1
1e-06,25,0.000227444543,0.000164052093,1.93502183e-06,19,0,1
1e-06,26,0.000234753679,0.000170637068,2.01271769e-06,19,0,1
1e-06,27,0.000242057256,0.000177224501,2.09092309e-06,19,0,1
1e-06,28,0.000249355857,0.000183814525,2.16965532e-06,19,0,1
1e-06,29,0.000256669882,0.000190404855,2.24748919e-06,19,0,1
1e-06,30,0.00026399747,0.000197000263,2.32769025e-06,19,0,1
1e-06,31,0.000271295256,0.000203595017,2.40697864e-06,19,0,1
1e-06,32,0.000278601889,0.000210189071,2.48276638e-06,19,0,1
1e-06,33,0.000285916176,0.000216787375,2.56130511e-06,19,0,1
1e-06,34,0.000293260207,0.000223390438,2.64006098e-06,19,2,1
1e-06,35,0.000300542975,0.000229990444,2.71915019e-06,19,0,1
1e-06,36,0.000307909562,0.000236596476,2.80128688e-06,19,2,1
1e-06,37,0.000315230805,0.000243202157,2.88019419e-06,19,2,1
1e-06,38,0.000322513253,0.000249806471,2.95486871e-06,19,0,1
1e-06,39,0.000329878239,0.000256419007,3.0381525e-06,19,2,1
1e-06,40,0.000337185804,0.000263030321,3.11336203e-06,19,2,1
1e-06,41,0.000344531552,0.000269643177,3.1925797e-06,18,1,1
1e-06,42,0.000351827359,0.000276257808,3.27451176e-06,19,0,1
1e-06,43,0.00035915355,0.000282871013,3.34989045e-06,19,0,1
1e-06,44,0.000366486551,0.000289489399,3.42909516e-06,19,0,1
1e-06,45,0.000373821735,0.00029610956,3.50831533e-06,19,0,1
1e-06,46,0.000381165941,0.000302730827,3.58693387e-06,19,0,1
1e-06,47,0.000388496614,0.000309355441,3.66698305e-06,19,0,1
1e-06,48,0.000395837007,0.000315981073,3.74639944e-06,19,0,1
1e-06,49,0.000403254409,0.000322612323,3.83015049e-06,18,1,1
1e-06,50,0.000410528562,0.000329241971,3.90981722e-06,19,0,1
1e-06,51,0.000417868083,0.000335869059,3.98498469e-06,19,0,1
1e-06,52,0.000425215054,0.000342501997,4.06463596e-06,19,0,1
1e-06,53,0.000432572386,0.000349141337,4.14802616e-06,19,0,1
1e-06,54,0.000439920637,0.000355777825,4.22882476e-06,19,0,1
1e-06,55,0.000447260274,0.000362413208,4.30486352e-06,19,0,1
1e-06,56,0.000454614492,0.000369053538,4.38476854e-06,19,0,1
1e-06,57,0.000461976859,0.000375694217,4.46374361e-06,19,0,1
1e-06,58,0.000469410123,0.00038234255,4.54883548e-06,18,1,1
1e-06,59,0.000476729998,0.000388989021,4.62879507e-06,18,1,1
1e-06,60,0.000484095042,0.000395636715,4.70573605e-06,18,1,1
1e-06,61,0.00049141096,0.000402282312,4.7851272e-06,19,0,1
1e-06,62,0.000498835579,0.000408937485,4.87037141e-06,18,1,1
1e-06,63,0.000506188429,0.000415590359,4.94594406e-06,18,1,1
1e-06,64,0.000513591862,0.000422244717,5.03055526e-06,18,1,1
1e-06,65,0.000520929694,0.000428902014,5.11272401e-06,19,2,1
1e-06,66,0.000528250937,0.00043555678,5.18698562e-06,19,0,1
1e-06,67,0.000535630505,0.000442215474,5.26641725e-06,19,0,1
1e-06,68,0.000543005823,0.000448883191,5.35422441e-06,19,0,1
1e-06,69,0.000550426135,0.000455547561,5.43527358e-06,19,2,1
1e-06,70,0.000557754363,0.000462209282,5.50952063e-06,19,0,1
1e-06,71,0.000565134513,0.00046887694,5.59028831e-06,19,0,1
1e-06,72,0.000572531018,0.000475550973,5.67540428e-06,19,0,1
1e-06,73,0.00057990005,0.000482217845,5.75203831e-06,19,0,1
1e-06,74,0.000587285555,0.000488891033,5.83298561e-06,19,0,1
1e-06,75,0.000594715879,0.00049557077,5.91910066e-06,18,1,1
1e-06,76,0.000602069951,0.000502247538,5.99868281e-06,19,0,1
1e-06,77,0.000609465293,0.000508926052,6.08167738e-06,19,0,1
1e-06,78,0.00061685266,0.000515606778,6.16109855e-06,19,0,1
1e-06,79,0.000624246604,0.000522289192,6.24238692e-06,19,0,1
1e-06,80,0.000631634495,0.00052896858,6.31999455e-06,19,0,1
1e-06,81,0.000639110338,0.000535658794,6.40767894e-06,19,1,1
1e-06,82,0.00064651412,0.000542346679,6.48857667e-06,18,1,1
1e-06,83,0.000653841184,0.000549037242,6.56820885e-06,19,0,1
1e-06,84,0.000661257247,0.00055572862,6.65054085e-06,19,0,1
1e-06,85,0.000668640132,0.000562416972,6.72746592e-06,19,0,1
1e-06,86,0.000676053227,0.000569116906,6.81682923e-06,19,0,1
1e-06,87,0.000683462946,0.000575814396,6.89495573e-06,19,0,1
1e-06,88,0.000690877438,0.000582512992,6.97886117e-06,19,0,1
1e-06,89,0.000698276039,0.000589208794,7.05448019e-06,19,0,1
1e-06,90,0.00070573634,0.000595916237,7.13668851e-06,18,1,1
1e-06,91,0.000713124289,0.000602620654,7.22344794e-06,19,0,1
1e-06,92,0.000720564974,0.000609327515,7.30666261e-06,18,1,1
1e-06,93,0.000727948383,0.000616035424,7.38686504e-06,19,0,1
1e-06,94,0.000735438371,0.000622744381,7.47199465e-06,19,1,1
1e-06,95,0.000742868287,0.000629456132,7.55399697e-06,19,1,1
1e-06,96,0.000750206178,0.00063616503,7.6290562e-06,19,0,1
1e-06,97,0.000757669099,0.000642886094,7.71003124e-06,19,2,1
1e-06,98,0.000765058736,0.000649597379,7.7937575e-06,19,0,1
1e-06,99,0.00077249622,0.000656322518,7.88090074e-06,19,0,1
1e-06,100,0.000779931725,0.000663043058,7.96584027e-06,19,0,1
1e-06,101,0.00078738865,0.000669766043,8.03991679e-06,19,2,1
1e-06,102,0.000794793596,0.000676490716,8.12869712e-06,19,0,1
1e-06,103,0.000802259136,0.000683217309,8.20521836e-06,19,2,1
1e-06,104,0.000809659308,0.000689939363,8.28933571e-06,19,0,1
1e-06,105,0.000817098888,0.000696669449,8.37212519e-06,19,0,1
1e-06,106,0.000824609597,0.000703406928,8.463624e-06,19,1,1
1e-06,107,0.000832061924,0.000710140506,8.54624705e-06,19,1,1
1e-06,108,0.000839507033,0.000716876471,8.62933302e-06,19,1,1
1e-06,109,0.000846883166,0.000723614765,8.70906297e-06,19,0,1
1e-06,110,0.000854331651,0.000730354339,8.7922117e-06,19,0,1
1e-06,111,0.000861785782,0.000737094495,8.87819806e-06,19,0,1
1e-06,112,0.00086923351,0.000743838318,8.95870835e-06,19,0,1
1e-06,113,0.000876731472,0.000750582723,9.03379441e-06,19,1,1
1e-06,114,0.000884215755,0.000757328584,9.12808082e-06,18,1,1
1e-06,115,0.000891590491,0.000764071359,9.20343427e-06,19,0,1
1e-06,116,0.000899128034,0.000770827639,9.29600446e-06,19,1,1
1e-06,117,0.000906579604,0.000777580368,9.3660874e-06,19,1,1
1e-06,118,0.00091397221,0.000784327975,9.45398642e-06,19,0,1
1e-06,119,0.000921444967,0.000791091006,9.54323332e-06,19,0,1
1e-06,120,0.000928902242,0.000797841698,9.6213198e-06,19,0,1
1e-06,121,0.000936448225,0.000804607058,9.71451573e-06,19,1,1
1e-06,122,0.000943845953,0.000811368984,9.80002369e-06,19,0,1
1e-06,123,0.000951309979,0.000818125729,9.87280509e-06,19,0,1
1e-06,124,0.000958833145,0.000824898074,9.96843755e-06,19,2,1
1e-06,125,0.000966327148,0.000831663667,1.00574389e-05,19,1,1
1e-06,126,0.000973733841,0.000838426582,1.01248079e-05,19,0,1
1e-06,127,0.000981225166,0.000845204282,1.02180074e-05,19,0,1
1e-06,128,0.000988691696,0.0008519697,1.02931062e-05,19,0,1
1e-06,129,0.000996173476,0.000858744083,1.03773536e-05,19,0,1
1e-06,130,0.00100373966,0.000865526847,1.04708379e-05,18,1,1
1e-06,131,0.00101114926,0.000872305478,1.05577838e-05,19,0,1
1e-06,132,0.00101871172,0.00087908475,1.0639731e-05,18,1,1
1e-06,133,0.00102611806,0.000885866059,1.07323121e-05,19,0,1
1e-06,134,0.00103362149,0.000892650918,1.08089835e-05,19,0,1
1e-06,135,0.0010411134,0.000899436418,1.0893702e-05,19,0,1
1e-06,136,0.00104868133,0.000906222791,1.09801331e-05,19,1,1
1e-06,137,0.00105617195,0.000913011725,1.10631245e-05,18,1,1
1e-06,138,0.00106362405,0.000919803337,1.11579793e-05,19,2,1
1e-06,139,0.00107109966,0.000926596695,1.12330445e-05,19,0,1
1e-06,140,0.00107865583,0.000933390693,1.13205888e-05,19,1,1
1e-06,141,0.00108609069,0.000940186903,1.14114137e-05,19,0,1
1e-06,142,0.00109360775,0.000946986314,1.14881186e-05,19,0,1
1e-06,143,0.0011011078,0.000953785435,1.15791026e-05,19,0,1
1e-06,144,0.00110867794,0.000960587233,1.16675401e-05,19,1,1
1e-06,145,0.0011161695,0.000967391185,1.17352547e-05,19,1,1
1e-06,146,0.00112363044,0.000974197348,1.1837803e-05,19,0,1
1e-06,147,0.00113115681,0.000981006422,1.19145225e-05,19,0,1
1e-06,148,0.0011386649,0.00098781439,1.20061504e-05,19,0,1
1e-06,149,0.00114618242,0.000994626083,1.20916029e-05,19,0,1
1e-06,150,0.00115370052,0.00100143906,1.21772582e-05,19,0,1
1e-06,151,0.00116122095,0.00100825424,1.22629244e-05,19,0,1
1e-06,152,0.00116880354,0.00101507083,1.23317895e-05,19,1,1
1e-06,153,0.00117626181,0.00102189102,1.24292474e-05,19,0,1
1e-06,154,0.00118382939,0.00102871063,1.25056731e-05,19,1,1
1e-06,155,0.00119138241,0.00103553303,1.26096684e-05,19,1,1
1e-06,156,0.00119889481,0.00104235741,1.26963841e-05,19,1,1
1e-06,157,0.00120644004,0.00104918319,1.27609273e-05,19,1,1
1e-06,158,0.0012139075,0.00105601293,1.285906e-05,19,0,1
1e-06,159,0.0012214419,0.00106284278,1.29453601e-05,19,0,1
1e-06,160,0.00122904335,0.0010696731,1.30191884e-05,19,1,1
1e-06,161,0.00123652746,0.00107650692,1.31209836e-05,19,0,1
1e-06,162,0.00124409492,0.00108334247,1.31944789e-05,19,1,1
1e-06,163,0.00125160196,0.00109017978,1.32959485e-05,19,0,1
1e-06,164,0.00125913857,0.00109701895,1.33855556e-05,19,0,1
1e-06,165,0.00126668531,0.00110386149,1.34633501e-05,19,0,1
1e-06,166,0.00127423659,0.00111070299,1.35556847e-05,19,0,1
1e-06,167,0.00128186529,0.00111754728,1.36415865e-05,19,1,1
1e-06,168,0.00128936511,0.00112439401,1.3740505e-05,19,1,1
1e-06,169,0.00129688147,0.00113124331,1.38189935e-05,19,0,1
1e-06,170,0.00130444206,0.00113809342,1.39025888e-05,19,0,1
1e-06,171,0.00131200335,0.0011449469,1.398532e-05,19,0,1
1e-06,172,0.00131955324,0.00115179992,1.40762713e-05,19,0,1
1e-06,173,0.00132714899,0.00115865748,1.41662276e-05,19,2,1
1e-06,174,0.0013347069,0.00116551248,1.42613644e-05,19,1,1
1e-06,175,0.00134224189,0.00117237365,1.4334275e-05,19,0,1
1e-06,176,0.00134979549,0.00117923412,1.44327842e-05,19,0,1
1e-06,177,0.00135738822,0.00118609751,1.45262375e-05,19,1,1
1e-06,178,0.00136497233,0.00119296217,1.46104412e-05,19,1,1
1e-06,179,0.0013725094,0.00119982951,1.46904886e-05,19,0,1
1e-06,180,0.00138007046,0.00120669871,1.47825176e-05,19,0,1
1e-06,181,0.00138768821,0.00121356908,1.48702493e-05,19,1,1
1e-06,182,0.00139524532,0.00122044189,1.49661682e-05,19,2,1
1e-06,183,0.00140283699,0.00122731575,1.50534415e-05,19,1,1
1e-06,184,0.00141037395,0.00123419287,1.51334007e-05,19,0,1
1e-06,185,0.00141796505,0.0012410715,1.52163866e-05,19,0,1
1e-06,186,0.00142555358,0.00124795293,1.52956982e-05,19,0,1
1e-06,187,0.0014331257,0.00125483458,1.53882429e-05,19,0,1
1e-06,188,0.00144075335,0.00126171636,1.54942099e-05,19,1,1
1e-06,189,0.00144829182,0.00126860221,1.55761682e-05,19,0,1
1e-06,190,0.00145595078,0.00127549015,1.5660029e-05,19,1,1
1e-06,191,0.00146349508,0.00128238066,1.57388931e-05,19,0,1
1e-06,192,0.00147110829,0.00128927152,1.58378516e-05,19,1,1
1e-06,193,0.00147865957,0.001296164,1.59291521e-05,19,0,1
1e-06,194,0.0014862665,0.00130305905,1.60125019e-05,19,0,1
1e-06,195,0.00149385561,0.00130995654,1.6100892e-05,19,0,1
1e-06,196,0.00150145579,0.00131685555,1.61888311e-05,19,0,1
1e-06,197,0.00150906784,0.00132375641,1.62728484e-05,19,0,1
1e-06,198,0.00151666894,0.00133065809,1.63666664e-05,19,0,1
1e-06,199,0.00152427668,0.00133756339,1.64497978e-05,19,0,1
1e-06,200,0.00153190177,0.00134446891,1.65530528e-05,19,1,1
1e-06,201,0.00153951196,0.00135137571,1.66465561e-05,19,1,1
1e-06,202,0.00154711143,0.00135828729,1.67370381e-05,19,2,1
1e-06,203,0.00155470183,0.00136519864,1.68158804e-05,19,0,1
1e-06,204,0.00156235765,0.00137211126,1.69131508e-05,19,1,1
1e-06,205,0.00156994467,0.00137902913,1.69829455e-05,19,0,1
1e-06,206,0.00157756254,0.00138594687,1.70720887e-05,19,0,1
1e-06,207,0.00158516876,0.00139286486,1.71708161e-05,19,0,1
1e-06,208,0.00159280607,0.00139978505,1.72575092e-05,19,0,1
1e-06,209,0.00160043442,0.0014067099,1.73612789e-05,19,2,1
1e-06,210,0.00160807022,0.00141363346,1.7448041e-05,19,1,1
1e-06,211,0.00161570683,0.00142056099,1.75334026e-05,19,1,1
1e-06,212,0.00162332598,0.00142748991,1.76233752e-05,19,1,1
1e-06,213,0.00163096364,0.00143441919,1.77163056e-05,19,1,1
1e-06,214,0.00163858628,0.00144135184,1.78063165e-05,19,1,1
1e-06,215,0.00164622162,0.001448286,1.79008111e-05,19,1,1
1e-06,216,0.00165383972,0.00145522295,1.79731596e-05,19,0,1
1e-06,217,0.00166148611,0.00146215956,1.80826009e-05,19,1,1
1e-06,218,0.00166912377,0.00146909989,1.81709165e-05,19,1,1
1e-06,219,0.00167675735,0.00147604337,1.82415697e-05,19,0,1
1e-06,220,0.00168440933,0.00148298638,1.83300763e-05,19,0,1
1e-06,221,0.00169203605,0.00148993277,1.84206874e-05,19,0,1
1e-06,222,0.00169968908,0.0014968795,1.85120771e-05,19,0,1
1e-06,223,0.00170733663,0.00150382856,1.86021425e-05,19,0,1
1e-06,224,0.00171497697,0.0015107803,1.86983725e-05,19,0,1
1e-06,225,0.00172263768,0.00151773333,1.87826081e-05,19,0,1
1e-06,226,0.0017302999,0.00152468716,1.88733902e-05,19,0,1
1e-06,227,0.00173793489,0.00153164414,1.89726306e-05,19,0,1
1e-06,228,0.00174559117,0.00153860275,1.90632145e-05,19,0,1
1e-06,229,0.00175324967,0.00154556334,1.91542622e-05,19,0,1
1e-06,230,0.00176091935,0.00155252579,1.9237983e-05,19,0,1
1e-06,231,0.00176857202,0.00155949022,1.93344822e-05,19,0,1
1e-06,232,0.00177623611,0.00156645675,1.94252862e-05,19,0,1
1e-06,233,0.00178394967,0.00157342409,1.95308967e-05,19,0,1
1e-06,234,0.00179159048,0.00158039539,1.95957437e-05,19,0,1
1e-06,235,0.00179925398,0.0015873661,1.97091467e-05,19,1,1
1e-06,236,0.00180692796,0.0015943388,1.98040289e-05,19,1,1
1e-06,237,0.00181458239,0.00160131638,1.9877898e-05,19,0,1
1e-06,238,0.00182227546,0.00160829211,1.99848237e-05,19,1,1
1e-06,239,0.00182995258,0.00161527272,2.0053154e-05,19,0,1
1e-06,240,0.00183763006,0.0016222531,2.01680614e-05,19,1,1
1e-06,241,0.00184528949,0.00162923685,2.02466872e-05,19,0,1
1e-06,242,0.00185297104,0.00163622177,2.03365671e-05,19,0,1
1e-06,243,0.00186066166,0.00164320797,2.04465559e-05,19,1,1
1e-06,244,0.00186836068,0.00165019813,2.05099877e-05,19,0,1
1e-06,245,0.00187604688,0.00165718817,2.06017721e-05,19,0,1
1e-06,246,0.00188374857,0.00166417973,2.07224148e-05,19,0,1
1e-06,247,0.00189142535,0.00167117466,2.07873309e-05,19,0,1
1e-06,248,0.00189913437,0.0016781711,2.09024329e-05,19,0,1
1e-06,249,0.00190682581,0.00168516906,2.09972568e-05,19,0,1
1e-06,250,0.00191449607,0.00169216981,2.10864273e-05,19,2,1
1e-06,251,0.00192218786,0.00169917103,2.11832412e-05,19,1,1
1e-06,252,0.00192988943,0.0017061769,2.12722989e-05,19,2,1
1e-06,253,0.0019375931,0.00171318068,2.13466374e-05,19,0,1
1e-06,254,0.00194529817,0.00172018819,2.14553329e-05,19,1,1
1e-06,255,0.00195300078,0.00172719709,2.15508262e-05,19,1,1
1e-06,256,0.00196073321,0.00173420866,2.16433145e-05,19,0,1
1e-06,257,0.00196841639,0.00174122257,2.17340075e-05,19,1,1
1e-06,258,0.00197613914,0.00174823683,2.18246387e-05,19,1,1
1e-06,259,0.00198384142,0.00175525434,2.19174672e-05,19,1,1
1e-06,260,0.00199155137,0.00176227349,2.19941285e-05,19,0,1
1e-06,261,0.00199926458,0.00176929322,2.21065893e-05,19,1,1
1e-06,262,0.00200699409,0.0017763169,2.21767441e-05,19,0,1
1e-06,263,0.00201470312,0.00178334117,2.22721355e-05,19,0,1
1e-06,264,0.00202242401,0.00179036788,2.23649622e-05,19,0,1
1e-06,265,0.00203014049,0.00179739587,2.24798205e-05,19,1,1
1e-06,266,0.00203786581,0.00180442678,2.25716431e-05,19,1,1
1e-06,267,0.00204560789,0.00181145896,2.26406264e-05,19,0,1
1e-06,268,0.00205332576,0.00181849301,2.27362671e-05,19,0,1
1e-06,269,0.00206105527,0.00182552857,2.28300123e-05,19,0,1
1e-06,270,0.0020687962,0.00183256599,2.29212183e-05,19,0,1
1e-06,271,0.00207656389,0.00183960551,2.30394453e-05,19,0,1
1e-06,272,0.00208429853,0.00184664689,2.31325103e-05,19,0,1
1e-06,273,0.00209201965,0.00185369095,2.32234779e-05,19,0,1
1e-06,274,0.00209973147,0.00186073664,2.32966268e-05,19,0,1
1e-06,275,0.00210747402,0.00186778384,2.34123327e-05,19,1,1
1e-06,276,0.00211520679,0.00187483372,2.35059742e-05,19,2,1
1e-06,277,0.00212300103,0.00188188255,2.36011329e-05,19,0,1
1e-06,278,0.00213069376,0.00188893604,2.36959186e-05,19,1,1
1e-06,279,0.00213845051,0.00189599104,2.37859149e-05,19,1,1
1e-06,280,0.00214622845,0.00190304802,2.38794892e-05,19,0,1
1e-06,281,0.00215396308,0.00191010709,2.39500932e-05,19,0,1
1e-06,282,0.0021617068,0.00191716815,2.40465451e-05,19,0,1
1e-06,283,0.00216947077,0.00192422967,2.41384078e-05,19,0,1
1e-06,284,0.00217724056,0.0019312934,2.42610349e-05,19,0,1
1e-06,285,0.00218498637,0.00193836051,2.43259128e-05,19,0,1
1e-06,286,0.00219272799,0.00194542808,2.44486055e-05,19,1,1
1e-06,287,0.0022004887,0.00195250032,2.45418341e-05,19,2,1
1e-06,288,0.0022082529,0.00195957022,2.46374238e-05,19,1,1
1e-06,289,0.002216022,0.00196664361,2.47299831e-05,19,1,1
1e-06,290,0.0022237869,0.00197371934,2.48265314e-05,19,1,1
1e-06,291,0.00223156088,0.00198079692,2.49188906e-05,19,1,1
1e-06,292,0.00223933207,0.00198787637,2.50141766e-05,19,1,1
1e-06,293,0.00224711932,0.00199495815,2.5109026e-05,19,0,1
1e-06,294,0.00225490634,0.00200204086,2.52064274e-05,19,0,1
1e-06,295,0.00226266962,0.00200912566,2.5299054e-05,19,0,1
1e-06,296,0.00227046153,0.00201621326,2.53962735e-05,19,0,1
1e-06,297,0.00227826927,0.00202330109,2.54914339e-05,20,0,1
1e-06,298,0.00228605163,0.00203039218,2.55865361e-05,20,0,1
1e-06,299,0.00229377137,0.00203748816,2.56808053e-05,19,2,1
1e-06,300,0.00230156141,0.00204458064,2.57757893e-05,19,1,1
1e-06,301,0.00230935356,0.00205167662,2.5871328e-05,19,1,1
1e-06,302,0.00231719692,0.00205877447,2.59675289e-05,20,0,1
1e-06,303,0.00232498767,0.0020658744,2.60629258e-05,20,0,1
1e-06,304,0.0023327521,0.00207297783,2.61582463e-05,19,0,1
1e-06,305,0.00234052609,0.00208008243,2.62509075e-05,19,1,1
1e-06,306,0.00234831031,0.00208718842,2.6348087e-05,19,1,1
1e-06,307,0.00235611503,0.00209429581,2.6444297e-05,19,1,1
1e-06,308,0.00236390787,0.00210140669,2.65394883e-05,19,1,1
1e-06,309,0.00237174309,0.0021085178,2.66366114e-05,19,0,1
1e-06,310,0.00237951521,0.00211563194,2.67313862e-05,19,1,1
1e-06,311,0.00238735159,0.00212274678,2.68283911e-05,19,0,1
1e-06,312,0.00239515817,0.00212986395,2.69243828e-05,19,0,1
1e-06,313,0.00240293541,0.00213698437,2.70192686e-05,19,1,1
1e-06,314,0.00241075177,0.0021441048,2.71159406e-05,19,1,1
1e-06,315,0.00241856463,0.00215122802,2.72121324e-05,19,1,1
1e-06,316,0.00242640451,0.00215835311,2.73090063e-05,19,0,1
1e-06,317,0.0024341878,0.00216548098,2.74039157e-05,19,1,1
1e-06,318,0.00244200788,0.00217260933,2.75007496e-05,19,1,1
1e-06,319,0.002449858,0.00217973976,2.75981674e-05,19,0,1
1e-06,320,0.00245769764,0.00218687183,2.76949322e-05,20,0,1
1e-06,321,0.00246553216,0.00219400669,2.77914223e-05,20,0,1
1e-06,322,0.00247333944,0.00220114575,2.78899388e-05,19,1,1
1e-06,323,0.00248112436,0.00220828271,2.79835149e-05,19,1,1
1e-06,324,0.0024890129,0.00221542199,2.8081553e-05,20,0,1
1e-06,325,0.00249683275,0.00222256477,2.81785033e-05,20,0,1
1e-06,326,0.00250467588,0.00222970825,2.82752953e-05,20,0,1
1e-06,327,0.00251245545,0.00223685522,2.83713052e-05,19,1,1
1e-06,328,0.00252034632,0.00224400265,2.84693124e-05,20,0,1
1e-06,329,0.00252815429,0.00225115241,2.856625e-05,19,0,1
1e-06,330,0.00253596343,0.00225830497,2.8662249e-05,19,1,1
1e-06,331,0.00254381006,0.00226545846,2.87599341e-05,19,1,1
1e-06,332,0.00255167927,0.00227261428,2.88579431e-05,19,0,1
1e-06,333,0.00255955267,0.00227977079,2.89554791e-05,20,0,1
1e-06,334,0.00256734039,0.0022869315,2.90515891e-05,19,1,1
1e-06,335,0.00257522846,0.00229409384,2.91523666e-05,19,1,1
1e-06,336,0.0025830376,0.00230125594,2.9246421e-05,19,1,1
1e-06,337,0.0025908961,0.00230842037,2.93447665e-05,19,1,1
1e-06,338,0.00259877555,0.00231558736,2.94431229e-05,19,0,1
1e-06,339,0.00260663242,0.00232275669,2.95408827e-05,19,0,1
1e-06,340,0.00261448906,0.0023299274,2.96386752e-05,19,0,1
1e-06,341,0.00262231636,0.00233710022,2.97351835e-05,19,1,1
1e-06,342,0.00263017672,0.00234427536,2.98328869e-05,19,1,1
1e-06,343,0.00263807294,0.0023514512,2.99325511e-05,19,0,1
1e-06,344,0.00264593773,0.00235863007,3.00306383e-05,19,0,1
1e-06,345,0.00265383371,0.00236580963,3.01289583e-05,20,0,1
1e-06,346,0.00266167335,0.00237299292,3.02270164e-05,19,0,1
1e-06,347,0.0026695719,0.00238017575,3.03254619e-05,20,0,1
1e-06,348,0.00267744437,0.00238736253,3.04238183e-05,20,0,1
1e-06,349,0.00268525677,0.00239455164,3.05207031e-05,19,1,1
1e-06,350,0.0026931942,0.00240174052,3.06207112e-05,20,0,1
1e-06,351,0.00270104152,0.00240893266,3.07190639e-05,19,0,1
1e-06,352,0.00270892261,0.00241612713,3.08177077e-05,19,0,1
1e-06,353,0.00271677226,0.00242332299,3.0915151e-05,19,1,1
1e-06,354,0.00272465358,0.00243052142,3.10135656e-05,19,1,1
1e-06,355,0.00273257075,0.00243772008,3.11139229e-05,19,0,1
1e-06,356,0.00274045672,0.00244492106,3.12128104e-05,19,0,1
1e-06,357,0.00274835317,0.0024521267,3.13139462e-05,19,1,1
1e-06,358,0.00275626522,0.00245932932,3.14109311e-05,20,0,1
1e-06,359,0.00276414002,0.00246653729,3.15101934e-05,20,0,1
1e-06,360,0.00277199107,0.00247374666,3.16077712e-05,19,1,1
1e-06,361,0.00277989171,0.00248095742,3.17074882e-05,19,1,1
1e-06,362,0.00278778234,0.00248817168,3.18057246e-05,19,1,1
1e-06,363,0.00279571442,0.00249538547,3.19067985e-05,19,0,1
1e-06,364,0.00280362228,0.00250260392,3.20085273e-05,19,1,1
1e-06,365,0.00281148613,0.00250982237,3.21040643e-05,19,1,1
1e-06,366,0.00281942287,0.00251704175,3.22052219e-05,19,0,1
1e-06,367,0.00282732933,0.00252426439,3.23048189e-05,19,0,1
1e-06,368,0.00283520622,0.00253148959,3.2402997e-05,19,1,1
1e-06,369,0.00284315529,0.00253871782,3.25066758e-05,19,1,1
1e-06,370,0.00285103475,0.00254594395,3.26031259e-05,19,1,1
1e-06,371,0.00285897451,0.00255317427,3.27039452e-05,19,0,1
1e-06,372,0.00286689657,0.00256040855,3.28061506e-05,19,1,1
1e-06,373,0.00287477649,0.00256764074,3.29025715e-05,19,1,1
1e-06,374,0.00288273301,0.00257487874,3.30060539e-05,19,1,1
1e-06,375,0.00289067766,0.00258211349,3.31042356e-05,20,0,1
1e-06,376,0.00289859995,0.00258935313,3.3204451e-05,20,0,1
1e-06,377,0.0029064687,0.00259659532,3.3303877e-05,19,1,1
1e-06,378,0.00291439123,0.00260384008,3.34038232e-05,19,1,1
1e-06,379,0.00292234938,0.00261108507,3.35052755e-05,19,0,1
1e-06,380,0.00293028611,0.00261833519,3.36084231e-05,19,1,1
1e-06,381,0.00293817837,0.00262558297,3.37045858e-05,19,1,1
1e-06,382,0.00294615817,0.00263283378,3.3807275e-05,20,0,1
1e-06,383,0.00295411143,0.00264008692,3.39077742e-05,20,0,1
1e-06,384,0.00296202442,0.00264734426,3.4010809e-05,19,1,1
1e-06,385,0.00296996348,0.00265460159,3.41117484e-05,19,1,1
1e-06,386,0.00297787413,0.00266185915,3.42091334e-05,19,1,1
1e-06,387,0.00298581761,0.00266912067,3.43100837e-05,19,1,1
1e-06,388,0.00299378624,0.00267638266,3.44119253e-05,19,0,1
1e-06,389,0.00300173322,0.00268364744,3.45130029e-05,19,0,1
1e-06,390,0.00300968718,0.00269091665,3.46168308e-05,19,1,1
1e-06,391,0.00301766209,0.00269818283,3.47155583e-05,20,0,1
1e-06,392,0.00302561396,0.00270545343,3.48168323e-05,20,0,1
1e-06,393,0.00303356722,0.00271272589,3.49181682e-05,20,0,1
1e-06,394,0.00304146321,0.00272000185,3.50180999e-05,19,1,1
1e-06,395,0.00304948119,0.00272727688,3.51210401e-05,20,0,1
1e-06,396,0.00305741606,0.00273455912,3.52248899e-05,19,1,1
1e-06,397,0.00306540215,0.00274183601,3.53241958e-05,20,0,1
1e-06,398,0.0030733645,0.00274911802,3.54258736e-05,20,0,1
1e-06,399,0.0030812684,0.00275640283,3.55259472e-05,19,1,1
1e-06,400,0.00308929686,0.00276368903,3.5629444e-05,20,0,1
1e-06,401,0.00309723965,0.00277097966,3.57337667e-05,19,1,1
1e-06,402,0.00310517219,0.00277826819,3.58314428e-05,19,1,1
1e-06,403,0.00311317621,0.00278555928,3.59350815e-05,19,0,1
1e-06,404,0.00312114996,0.0027928527,3.60371487e-05,19,0,1
1e-06,405,0.00312915584,0.00280014798,3.61395178e-05,20,0,1
1e-06,406,0.00313710375,0.00280744699,3.62415158e-05,19,0,1
1e-06,407,0.00314510288,0.00281474623,3.63441395e-05,20,0,1
1e-06,408,0.00315306499,0.00282204873,3.64461739e-05,19,0,1
1e-06,409,0.00316101778,0.00282935216,3.65470733e-05,19,1,1
1e-06,410,0.00316900224,0.00283665699,3.66496133e-05,19,1,1
1e-06,411,0.00317701837,0.00284396345,3.67535904e-05,19,0,1
1e-06,412,0.00318500726,0.0028512734,3.68562069e-05,19,0,1
1e-06,413,0.00319296797,0.00285858521,3.6957561e-05,19,1,1
1e-06,414,0.00320098968,0.00286589772,3.70616908e-05,19,0,1
1e-06,415,0.00320901349,0.00287321187,3.71647075e-05,20,0,1
1e-06,416,0.00321699912,0.00288052997,3.72677205e-05,20,0,1
1e-06,417,0.00322494749,0.00288784946,3.736894e-05,19,1,1
1e-06,418,0.00323297759,0.00289517059,3.74733754e-05,19,0,1
1e-06,419,0.00324097835,0.00290249288,3.75764903e-05,19,0,1
1e-06,420,0.00324898073,0.0029098175,3.76796161e-05,19,0,1
1e-06,421,0.00325695658,0.00291714515,3.77816068e-05,19,1,1
1e-06,422,0.00326499227,0.00292447256,3.78861223e-05,19,0,1
1e-06,423,0.00327297184,0.00293180393,3.79879748e-05,19,1,1
1e-06,424,0.00328097888,0.00293913693,3.80908459e-05,19,1,1
1e-06,425,0.00328899501,0.00294647156,3.8194903e-05,19,1,1
1e-06,426,0.00329707004,0.00295380666,3.83002371e-05,20,0,1
1e-06,427,0.00330505357,0.00296114525,3.84036321e-05,19,0,1
1e-06,428,0.00331307203,0.00296848547,3.85073618e-05,19,0,1
1e-06,429,0.00332109071,0.00297582732,3.86111205e-05,19,0,1
1e-06,430,0.00332908379,0.00298317289,3.87135842e-05,19,1,1
1e-06,431,0.00333715067,0.002990518,3.88192784e-05,20,0,1
1e-06,432,0.00334512978,0.0029978673,3.89209963e-05,19,1,1
1e-06,433,0.00335319294,0.00300521916,3.90296918e-05,19,1,1
1e-06,434,0.00336124748,0.00301256706,3.91312424e-05,20,0,1
1e-06,435,0.00336924801,0.00301992241,3.92352013e-05,19,0,1
1e-06,436,0.00337727973,0.00302727753,3.93394366e-05,19,0,1
1e-06,437,0.00338534545,0.00303463428,3.94439849e-05,20,0,1
1e-06,438,0.0033933504,0.00304199499,3.95481547e-05,19,0,1
1e-06,439,0.00340138841,0.00304935663,3.96526084e-05,19,0,1
1e-06,440,0.00340939872,0.00305672106,3.97557487e-05,19,1,1
1e-06,441,0.00341747329,0.00306408829,3.98646625e-05,19,1,1
1e-06,442,0.00342554343,0.00307145226,3.9966606e-05,20,0,1
1e-06,443,0.00343352952,0.00307882368,4.00695644e-05,19,1,1
1e-06,444,0.00344160548,0.00308619416,4.01759207e-05,19,0,1
1e-06,445,0.00344965374,0.00309356698,4.02807782e-05,19,0,1
1e-06,446,0.00345773646,0.00310094166,4.03859376e-05,20,0,1
1e-06,447,0.0034657896,0.00310831959,4.04909661e-05,20,0,1
1e-06,448,0.00347384391,0.00311569846,4.05960091e-05,20,0,1
1e-06,449,0.00348183955,0.00312308106,4.06994768e-05,19,1,1
1e-06,450,0.00348995789,0.00313046225,4.08063497e-05,20,0,1
1e-06,451,0.00349799031,0.00313785113,4.09143649e-05,19,1,1
1e-06,452,0.00350601878,0.00314523536,4.10152279e-05,19,1,1
1e-06,453,0.00351411477,0.0031526261,4.11250221e-05,19,1,1
1e-06,454,0.0035221451,0.00316001591,4.12253758e-05,19,1,1
1e-06,455,0.00353024504,0.00316740805,4.13332018e-05,19,0,1
1e-06,456,0.00353834522,0.00317480089,4.14390306e-05,20,0,1
1e-06,457,0.00354641723,0.00318219862,4.15447139e-05,20,0,1
1e-06,458,0.00355445826,0.00318959751,4.16502735e-05,19,0,1
1e-06,459,0.00356253237,0.00319699757,4.17560877e-05,19,0,1
1e-06,460,0.00357060879,0.00320440065,4.18619966e-05,19,0,1
1e-06,461,0.00357868848,0.00321180583,4.19679673e-05,19,0,1
1e-06,462,0.00358676794,0.00321921171,4.20739925e-05,19,0,1
1e-06,463,0.00359481806,0.00322662061,4.2178508e-05,19,1,1
1e-06,464,0.00360290054,0.00323403161,4.22840385e-05,19,1,1
1e-06,465,0.00361101935,0.00324144238,4.23925085e-05,19,0,1
1e-06,466,0.00361910742,0.0032488571,4.24988284e-05,19,0,1
1e-06,467,0.00362719595,0.00325627252,4.26051847e-05,19,0,1
1e-06,468,0.00363529008,0.00326369354,4.27147788e-05,19,1,1
1e-06,469,0.00364340097,0.00327111059,4.28185012e-05,20,0,1
1e-06,470,0.00365149626,0.00327853253,4.29251013e-05,20,0,1
1e-06,471,0.00365954335,0.00328595773,4.30297659e-05,19,1,1
1e-06,472,0.0036676845,0.00329338247,4.31385452e-05,20,0,1
1e-06,473,0.00367579167,0.00330081023,4.32452798e-05,20,0,1
1e-06,474,0.00368389464,0.00330824032,4.33521163e-05,20,0,1
1e-06,475,0.00369200902,0.00331567111,4.3458931e-05,20,0,1
1e-06,476,0.00370005216,0.00332310703,4.35636721e-05,19,1,1
1e-06,477,0.00370819122,0.00333054154,4.36727496e-05,19,0,1
1e-06,478,0.00371632189,0.00333797955,4.37802955e-05,20,0,1
1e-06,479,0.00372444419,0.00334541779,4.3887314e-05,20,0,1
1e-06,480,0.00373255764,0.00335285952,4.39946198e-05,20,0,1
1e-06,481,0.00374061102,0.00336030591,4.40997501e-05,19,1,1
1e-06,482,0.00374879059,0.00336774904,4.42093733e-05,20,0,1
1e-06,483,0.00375687657,0.00337519706,4.43166355e-05,19,0,1
1e-06,484,0.00376499793,0.00338264648,4.44241814e-05,19,0,1
1e-06,485,0.00377312233,0.00339010055,4.45351761e-05,19,1,1
1e-06,486,0.00378124509,0.00339755137,4.46395061e-05,19,0,1
1e-06,487,0.00378937088,0.00340500614,4.47472812e-05,19,0,1
1e-06,488,0.00379750039,0.00341246556,4.48582286e-05,19,1,1
1e-06,489,0.00380566111,0.00341992173,4.49632571e-05,20,0,1
1e-06,490,0.00381379365,0.00342738302,4.50711996e-05,20,0,1
1e-06,491,0.00382192689,0.00343484571,4.51792293e-05,20,0,1
1e-06,492,0.00383006129,0.00344231026,4.52873828e-05,20,0,1
1e-06,493,0.00383818173,0.00344977924,4.53958237e-05,20,0,1
1e-06,494,0.00384630566,0.00345724728,4.55035442e-05,19,0,1
1e-06,495,0.00385447987,0.00346471788,4.56121306e-05,20,0,1
1e-06,496,0.00386262243,0.00347219058,4.57205242e-05,20,0,1
1e-06,497,0.00387075567,0.00347966561,4.58291688e-05,20,0,1
1e-06,498,0.00387891429,0.00348714273,4.59375224e-05,20,0,1
1e-06,499,0.0038870615,0.00349462056,4.60461379e-05,20,0,1
1e-06,500,0.00389515259,0.00350210397,4.61528762e-05,19,1,1
1e-06,501,0.00390333356,0.00350958575,4.62632852e-05,19,0,1
1e-06,502,0.00391148264,0.00351706776,4.63709694e-05,19,1,1
1e-06,503,0.00391964242,0.00352455629,4.64809891e-05,19,0,1
1e-06,504,0.00392779987,0.00353204459,4.65899284e-05,19,0,1
1e-06,505,0.00393597456,0.00353953545,4.66994497e-05,20,0,1
1e-06,506,0.00394409243,0.00354702887,4.68063845e-05,19,1,1
1e-06,507,0.00395228434,0.00355452253,4.69172155e-05,19,0,1
1e-06,508,0.00396048231,0.00356201851,4.70266896e-05,20,0,1
1e-06,509,0.00396864861,0.00356951659,4.71359781e-05,20,0,1
1e-06,510,0.00397675252,0.00357701909,4.72424654e-05,19,1,1
1e-06,511,0.00398498867,0.00358451973,4.73548171e-05,20,0,1
1e-06,512,0.00399312843,0.00359202409,4.74640547e-05,19,0,1
1e-06,513,0.00400130218,0.00359953009,4.75736342e-05,19,0,1
1e-06,514,0.00400951132,0.00360703794,4.76835667e-05,20,0,1
1e-06,515,0.00401768927,0.00361454766,4.77932663e-05,20,0,1
1e-06,516,0.00402585883,0.00362206111,4.79032169e-05,20,0,1
1e-06,517,0.00403401861,0.00362957548,4.80126837e-05,19,0,1
1e-06,518,0.00404220307,0.00363709196,4.81226161e-05,19,0,1
1e-06,519,0.0040504206,0.00364460889,4.8232876e-05,20,0,1
1e-06,520,0.00405860739,0.00365212816,4.83429358e-05,20,0,1
1e-06,521,0.00406676391,0.00365965092,4.845285e-05,19,0,1
1e-06,522,0.00407498796,0.00366717437,4.85633318e-05,20,0,1
1e-06,523,0.00408314262,0.00367469853,4.86721183e-05,19,1,1
1e-06,524,0.00409137458,0.00368222781,4.8783957e-05,20,0,1
1e-06,525,0.00409957208,0.00368975778,4.8894377e-05,20,0,1
1e-06,526,0.00410775887,0.00369728985,4.9005037e-05,20,0,1
1e-06,527,0.00411595311,0.00370482379,4.91156934e-05,20,0,1
1e-06,528,0.00412415573,0.00371235958,4.92263025e-05,20,0,1
1e-06,529,0.00413236674,0.00371989817,4.93369807e-05,20,0,1
1e-06,530,0.0041405512,0.00372743839,4.94473643e-05,19,0,1
1e-06,531,0.00414872915,0.00373497978,4.955646e-05,19,1,1
1e-06,532,0.00415696763,0.00374252256,4.96690918e-05,19,0,1
1e-06,533,0.00416517863,0.00375006837,4.9780072e-05,19,0,1
1e-06,534,0.00417336263,0.0037576179,4.9889095e-05,19,1,1
1e-06,535,0.0041816039,0.00376516464,5.00012829e-05,19,1,1
1e-06,536,0.00418982469,0.00377271743,5.01135146e-05,19,0,1
1e-06,537,0.00419807667,0.00378027046,5.02250623e-05,20,0,1
1e-06,538,0.00420623366,0.00378782745,5.03338779e-05,19,1,1
1e-06,539,0.00421448704,0.0037953842,5.04475538e-05,19,0,1
1e-06,540,0.00422271155,0.00380294328,5.05590506e-05,19,0,1
1e-06,541,0.00423097052,0.00381050352,5.0670893e-05,20,0,1
1e-06,542,0.00423919922,0.00381806726,5.07825134e-05,20,0,1
1e-06,543,0.00424742932,0.00382563332,5.08942139e-05,20,0,1
1e-06,544,0.00425562728,0.00383320032,5.10057216e-05,19,0,1
1e-06,545,0.00426389417,0.00384076941,5.11178441e-05,20,0,1
1e-06,546,0.00427206932,0.00384834222,5.12278057e-05,19,1,1
1e-06,547,0.00428033434,0.00385591434,5.13414634e-05,19,0,1
1e-06,548,0.00428860588,0.00386348786,5.14537933e-05,20,0,1
1e-06,549,0.00429678755,0.00387106813,5.15639404e-05,19,1,1
1e-06,550,0.00430503068,0.00387864746,5.16762739e-05,19,1,1
1e-06,551,0.00431327336,0.00388622866,5.17880326e-05,19,1,1
1e-06,552,0.0043215449,0.00389380846,5.19013774e-05,19,1,1
1e-06,553,0.00432980014,0.00390139641,5.2014926e-05,19,0,1
1e-06,554,0.00433802139,0.00390898343,5.21256188e-05,19,1,1
1e-06,555,0.00434627011,0.00391657325,5.22373812e-05,19,1,1
1e-06,556,0.00435452629,0.00392416399,5.23504095e-05,19,1,1
1e-06,557,0.00436281227,0.00393175613,5.2465286e-05,19,0,1
1e-06,558,0.0043710703,0.00393935107,5.25780524e-05,19,0,1
1e-06,559,0.0043793302,0.00394694833,5.26909207e-05,19,0,1
1e-06,560,0.00438759243,0.00395454746,5.28038108e-05,19,0,1
1e-06,561,0.00439588958,0.00396214752,5.29170866e-05,20,0,1
1e-06,562,0.00440415461,0.00396975037,5.30301477e-05,20,0,1
1e-06,563,0.00441238936,0.00397735648,5.31430305e-05,19,0,1
1e-06,564,0.0044206297,0.00398496399,5.32545237e-05,19,1,1
1e-06,565,0.00442889705,0.00399257289,5.33667335e-05,19,1,1
1e-06,566,0.00443720166,0.00400018319,5.34828287e-05,19,0,1
1e-06,567,0.00444547692,0.00400779583,5.35962499e-05,19,0,1
1e-06,568,0.00445374753,0.00401540846,5.37086453e-05,19,1,1
1e-06,569,0.00446206564,0.00402302621,5.38235872e-05,20,0,1
1e-06,570,0.0044703125,0.00403064676,5.3936943e-05,19,0,1
1e-06,571,0.00447862828,0.00403826637,5.40509209e-05,20,0,1
1e-06,572,0.00448691193,0.00404588832,5.41646914e-05,20,0,1
1e-06,573,0.00449519837,0.00405351352,5.42785601e-05,20,0,1
1e-06,574,0.00450348528,0.00406113965,5.43924762e-05,20,0,1
1e-06,575,0.00451171119,0.00406877045,5.45037765e-05,19,1,1
1e-06,576,0.00452000275,0.00407640217,5.46176525e-05,19,1,1
1e-06,577,0.00452829711,0.00408403482,5.47320305e-05,19,1,1
1e-06,578,0.0045365938,0.00409166841,5.48468925e-05,19,1,1
1e-06,579,0.00454491377,0.00409930246,5.49616561e-05,19,1,1
1e-06,580,0.0045531881,0.00410694536,5.5074408e-05,19,1,1
1e-06,581,0.00456155278,0.00411458267,5.51919657e-05,20,0,1
1e-06,582,0.00456979219,0.00412222743,5.53039608e-05,19,1,1
1e-06,583,0.00457812706,0.00412987079,5.5420729e-05,19,0,1
1e-06,584,0.00458643353,0.00413751742,5.55353763e-05,19,0,1
1e-06,585,0.00459477538,0.00414516497,5.56503874e-05,20,0,1
1e-06,586,0.00460302178,0.00415281765,5.57626299e-05,19,1,1
1e-06,587,0.00461133709,0.00416047033,5.58780739e-05,19,1,1
1e-06,588,0.00461967802,0.00416812301,5.59946639e-05,19,0,1
1e-06,589,0.00462796772,0.00417578174,5.61078377e-05,19,1,1
1e-06,590,0.00463628396,0.00418343907,5.62228015e-05,19,1,1
1e-06,591,0.0046446044,0.0041911006,5.63379908e-05,19,1,1
1e-06,592,0.00465298677,0.00419876073,5.64553811e-05,20,0,1
1e-06,593,0.00466124807,0.00420642644,5.6568435e-05,19,1,1
1e-06,594,0.00466957409,0.00421409402,5.6683868e-05,19,1,1
1e-06,595,0.00467790104,0.0042217616,5.67991156e-05,19,1,1
1e-06,596,0.00468625827,0.00422943197,5.69167169e-05,19,0,1
1e-06,597,0.00469458289,0.00423710234,5.70311277e-05,19,1,1
1e-06,598,0.00470289309,0.0042447811,5.71454766e-05,19,1,1
1e-06,599,0.00471129036,0.00425245427,5.72640056e-05,20,0,1
1e-06,600,0.00471958704,0.00426013162,5.73783655e-05,19,1,1
1e-06,601,0.00472790422,0.00426781503,5.74935148e-05,19,1,1
1e-06,602,0.00473624421,0.00427549751,5.76093298e-05,19,1,1
1e-06,603,0.00474458653,0.00428318186,5.77254541e-05,19,1,1
1e-06,604,0.00475293025,0.00429086806,5.78415638e-05,19,1,1
1e-06,605,0.00476130424,0.00429855613,5.79596126e-05,19,0,1
1e-06,606,0.00476968475,0.00430624466,5.80761516e-05,20,0,1
1e-06,607,0.00477797491,0.00431394065,5.81900786e-05,19,1,1
1e-06,608,0.00478638755,0.00432163337,5.83088768e-05,20,0,1
1e-06,609,0.00479474012,0.00432932843,5.84253139e-05,20,0,1
1e-06,610,0.00480305543,0.00433702627,5.85403614e-05,19,1,1
1e-06,611,0.00481138984,0.00434473064,5.86556525e-05,19,1,1
1e-06,612,0.00481974892,0.00435243268,5.87721443e-05,19,1,1
1e-06,613,0.00482813921,0.00436013564,5.889159e-05,19,0,1
1e-06,614,0.00483650109,0.00436784048,5.90084092e-05,19,0,1
1e-06,615,0.00484490069,0.00437554857,5.91255775e-05,20,0,1
1e-06,616,0.00485326722,0.00438325899,5.92425386e-05,20,0,1
1e-06,617,0.00486160256,0.0043909736,5.93593286e-05,19,0,1
1e-06,618,0.00487000635,0.00439868635,5.94767298e-05,20,0,1
1e-06,619,0.00487831701,0.00440640468,5.95916317e-05,19,1,1
1e-06,620,0.00488671148,0.00441412022,5.97096114e-05,19,1,1
1e-06,621,0.00489512878,0.00442184089,5.98285078e-05,20,0,1
1e-06,622,0.00490344362,0.00442956714,5.99430132e-05,19,1,1
1e-06,623,0.00491184462,0.00443728687,6.00618405e-05,19,1,1
1e-06,624,0.00492022559,0.00444501266,6.01794964e-05,19,1,1
1e-06,625,0.0049285898,0.0044527445,6.02962791e-05,19,1,1
1e-06,626,0.0049369745,0.00446047448,6.0414186e-05,19,1,1
1e-06,627,0.004945389,0.00446820632,6.05337918e-05,19,0,1
1e-06,628,0.00495377835,0.00447594048,6.0651626e-05,19,0,1
1e-06,629,0.00496214209,0.00448367791,6.07676702e-05,19,1,1
1e-06,630,0.00497055566,0.00449141348,6.08863629e-05,19,1,1
1e-06,631,0.00497894362,0.00449914858,6.09992967e-05,19,0,1
1e-06,632,0.00498737907,0.00450689904,6.1124214e-05,20,0,1
1e-06,633,0.00499575306,0.00451464346,6.12419753e-05,19,0,1
1e-06,634,0.00500412239,0.00452239113,6.13570373e-05,19,1,1
1e-06,635,0.00501255505,0.0045301374,6.14786331e-05,19,0,1
1e-06,636,0.00502095278,0.00453788647,6.15961908e-05,19,1,1
1e-06,637,0.00502933655,0.00454564346,6.1712577e-05,19,1,1
1e-06,638,0.00503777526,0.00455339625,6.18341874e-05,19,0,1
1e-06,639,0.00504618464,0.00456115277,6.19528364e-05,19,0,1
1e-06,640,0.00505459495,0.00456890929,6.20715728e-05,19,0,1
1e-06,641,0.00506304391,0.00457666954,6.21906802e-05,20,0,1
1e-06,642,0.00507142488,0.00458443305,6.23092492e-05,19,0,1
1e-06,643,0.00507987617,0.00459219608,6.2428524e-05,20,0,1
1e-06,644,0.00508823199,0.00459996564,6.25447574e-05,19,1,1
1e-06,645,0.00509668374,0.00460773287,6.26663532e-05,19,0,1
1e-06,646,0.00510521978,0.00461551873,6.27879781e-05,20,0,1
1e-06,647,0.0051135309,0.00462327572,6.29047499e-05,19,0,1
1e-06,648,0.00512195798,0.00463104947,6.3024112e-05,19,0,1
1e-06,649,0.00513036037,0.00463882834,6.31415751e-05,19,1,1
1e-06,650,0.00513885356,0.00464660488,6.32632728e-05,20,0,1
1e-06,651,0.00514728343,0.00465438375,6.3382824e-05,20,0,1
1e-06,652,0.00515568536,0.00466216914,6.35021279e-05,19,0,1
1e-06,653,0.00516412081,0.00466995267,6.36218465e-05,19,0,1
1e-06,654,0.00517253205,0.00467774039,6.37395206e-05,19,1,1
1e-06,655,0.00518096937,0.00468552997,6.38583588e-05,19,1,1
1e-06,656,0.00518941088,0.00469332049,6.39780192e-05,19,1,1
1e-06,657,0.00519785425,0.00470111333,6.4098007e-05,19,1,1
1e-06,658,0.00520636514,0.00470890431,6.42217492e-05,20,0,1
1e-06,659,0.0052148914,0.00471671764,6.4344058e-05,20,0,1
1e-06,660,0.00522322766,0.00472450024,6.44617976e-05,19,0,1
1e-06,661,0.00523167849,0.00473230146,6.45820837e-05,19,0,1
1e-06,662,0.00524013257,0.00474010408,6.47024353e-05,19,0,1
1e-06,663,0.00524856057,0.00474790996,6.48209898e-05,19,1,1
1e-06,664,0.005257037,0.00475571351,6.49423528e-05,19,1,1
1e-06,665,0.00526553998,0.00476352358,6.50643487e-05,20,0,1
1e-06,666,0.00527396472,0.00477133458,6.51846422e-05,19,0,1
1e-06,667,0.00528240018,0.00477914885,6.53032694e-05,19,1,1
1e-06,668,0.00529089337,0.00478696357,6.54262112e-05,19,0,1
1e-06,669,0.00529939355,0.00479477784,6.55474141e-05,20,0,1
1e-06,670,0.00530786114,0.00480259582,6.56683696e-05,20,0,1
1e-06,671,0.00531626726,0.00481042033,6.57858909e-05,19,1,1
1e-06,672,0.00532474322,0.00481824297,6.59080324e-05,19,1,1
1e-06,673,0.00533321686,0.00482606702,6.60291771e-05,19,1,1
1e-06,674,0.0053418302,0.00483390922,6.61551749e-05,20,0,1
1e-06,675,0.00535019813,0.00484172255,6.62739621e-05,19,0,1
1e-06,676,0.00535865081,0.00484955404,6.63934406e-05,19,1,1
1e-06,677,0.00536713004,0.00485738786,6.65136031e-05,19,1,1
1e-06,678,0.0053756116,0.00486522121,6.66353371e-05,19,1,1
1e-06,679,0.00538416393,0.00487305596,6.67603817e-05,20,0,1
1e-06,680,0.00539258728,0.0048808977,6.68790381e-05,19,1,1
1e-06,681,0.00540109817,0.00488873664,6.70025038e-05,19,1,1
1e-06,682,0.00540956855,0.00489658257,6.71228772e-05,19,1,1
1e-06,683,0.00541808177,0.00490442337,6.72461392e-05,19,1,1
1e-06,684,0.0054266206,0.00491227163,6.7369685e-05,20,0,1
1e-06,685,0.00543511659,0.00492011989,6.74917974e-05,20,0,1
1e-06,686,0.00544369547,0.0049279891,6.76162308e-05,20,0,1
1e-06,687,0.0054521882,0.00493584201,6.77384014e-05,20,0,1
1e-06,688,0.00546061993,0.00494367955,6.7858462e-05,20,0,1
1e-06,689,0.00546912337,0.00495153666,6.79808509e-05,20,0,1
1e-06,690,0.00547759514,0.00495939748,6.81030215e-05,19,0,1
1e-06,691,0.00548613723,0.00496725552,6.82258542e-05,20,0,1
1e-06,692,0.00549464813,0.00497512007,6.83484759e-05,20,0,1
1e-06,693,0.00550323632,0.00498300418,6.84735132e-05,20,0,1
1e-06,694,0.00551163964,0.0049908543,6.85935884e-05,19,0,1
1e-06,695,0.00552012585,0.00499872398,6.87137799e-05,19,1,1
1e-06,696,0.00552864186,0.00500659505,6.88362052e-05,19,1,1
1e-06,697,0.00553722819,0.00501446659,6.89626977e-05,20,0,1
1e-06,698,0.00554571487,0.00502234371,6.90854213e-05,19,0,1
1e-06,699,0.005554209,0.00503022177,6.92054527e-05,19,1,1
1e-06,700,0.00556273339,0.00503810169,6.93286638e-05,19,1,1
1e-06,701,0.00557131553,0.00504598068,6.94556002e-05,20,0,1
1e-06,702,0.00557984412,0.00505386386,6.95789422e-05,20,0,1
1e-06,703,0.00558832195,0.0050617517,6.96989446e-05,19,1,1
1e-06,704,0.00559685472,0.00506963907,6.98226067e-05,19,1,1
1e-06,705,0.0056054187,0.0050775269,6.99489465e-05,19,0,1
1e-06,706,0.00561406789,0.00508543663,7.00753299e-05,20,0,1
1e-06,707,0.00562246516,0.00509331329,7.01935132e-05,19,1,1
1e-06,708,0.00563100399,0.00510120951,7.03166952e-05,19,1,1
1e-06,709,0.00563957868,0.00510910666,7.04440899e-05,19,0,1
1e-06,710,0.00564823253,0.00511702197,7.0570808e-05,20,0,1
1e-06,711,0.00565670244,0.00512490515,7.0692462e-05,20,0,1
1e-06,712,0.00566520775,0.00513280835,7.08151638e-05,19,1,1
1e-06,713,0.0056738602,0.00514073297,7.09431333e-05,20,0,1
1e-06,714,0.00568243582,0.00514864177,7.10675158e-05,20,0,1
1e-06,715,0.00569098024,0.00515655149,7.11917673e-05,20,0,1
1e-06,716,0.00569946459,0.00516444445,7.13138652e-05,20,0,1
1e-06,717,0.00570802297,0.00517235883,7.14383859e-05,20,0,1
1e-06,718,0.00571666332,0.00518029323,7.15654169e-05,20,0,1
1e-06,719,0.00572522497,0.0051882118,7.16900468e-05,20,0,1
1e-06,720,0.00573366182,0.00519611128,7.18106312e-05,19,1,1
1e-06,721,0.00574223697,0.0052040359,7.19368036e-05,19,0,1
1e-06,722,0.00575089967,0.00521197729,7.20643584e-05,20,0,1
1e-06,723,0.00575934304,0.00521988655,7.21831748e-05,19,1,1
1e-06,724,0.00576793123,0.00522780558,7.23038393e-05,19,0,1
1e-06,725,0.00577648822,0.0052357465,7.24333659e-05,19,1,1
1e-06,726,0.00578509318,0.00524367718,7.25619975e-05,19,0,1
1e-06,727,0.00579364039,0.00525161251,7.26837534e-05,19,1,1
1e-06,728,0.0058023585,0.00525956461,7.28153464e-05,20,0,1
1e-06,729,0.0058108652,0.00526748272,7.293831e-05,20,0,1
1e-06,730,0.00581941195,0.0052754255,7.30635002e-05,19,0,1
1e-06,731,0.00582798664,0.00528336549,7.31880355e-05,19,1,1
1e-06,732,0.00583655387,0.00529130641,7.33087218e-05,19,0,1
1e-06,733,0.00584516954,0.00529925758,7.34404384e-05,19,0,1
1e-06,734,0.00585373072,0.00530720688,7.35632348e-05,19,1,1
1e-06,735,0.00586232264,0.00531515852,7.36887087e-05,19,1,1
1e-06,736,0.00587093271,0.0053230999,7.38105373e-05,19,0,1
1e-06,737,0.00587951625,0.00533106504,7.39420357e-05,19,1,1
1e-06,738,0.00588812586,0.00533901062,7.40622709e-05,19,0,1
1e-06,739,0.00589671126,0.00534698041,7.41936383e-05,19,1,1
1e-06,740,0.00590531202,0.00535494136,7.43193741e-05,19,1,1
1e-06,741,0.00591391977,0.00536290463,7.44466379e-05,19,1,1
1e-06,742,0.00592265464,0.0053708856,7.457826e-05,20,0,1
1e-06,743,0.00593119441,0.00537883211,7.4702235e-05,20,0,1
1e-06,744,0.0059397677,0.00538680283,7.48284874e-05,19,0,1
1e-06,745,0.00594837917,0.00539477402,7.49551182e-05,19,0,1
1e-06,746,0.00595699064,0.00540274521,7.50817999e-05,19,0,1
1e-06,747,0.00596557884,0.00541072292,7.52056221e-05,19,1,1
1e-06,748,0.00597419403,0.0054186997,7.53321947e-05,19,1,1
1e-06,749,0.00598283345,0.00542667555,7.54613357e-05,19,1,1
1e-06,750,0.00599143701,0.00543465931,7.55869187e-05,19,1,1
1e-06,751,0.00600007875,0.00544264074,7.57155576e-05,19,1,1
1e-06,752,0.00600881828,0.00545064453,7.58466704e-05,20,0,1
1e-06,753,0.00601730775,0.00545861572,7.59671748e-05,19,1,1
1e-06,754,0.00602595648,0.00546660088,7.60972107e-05,19,1,1
1e-06,755,0.00603459543,0.00547459349,7.6225806e-05,19,0,1
1e-06,756,0.00604322832,0.0054825875,7.6353288e-05,19,0,1
1e-06,757,0.00605185423,0.00549058197,7.64792785e-05,19,1,1
1e-06,758,0.0060604699,0.00549858157,7.66054436e-05,19,1,1
1e-06,759,0.00606911024,0.00550658256,7.67334059e-05,19,1,1
1e-06,760,0.00607774919,0.00551458308,7.68610189e-05,19,1,1
1e-06,761,0.00608639093,0.0055225878,7.69886392e-05,19,1,1
1e-06,762,0.00609506294,0.00553059066,7.71198538e-05,19,0,1
1e-06,763,0.00610370794,0.0055385977,7.72478961e-05,19,0,1
1e-06,764,0.0061123562,0.00554660754,7.73759821e-05,19,0,1
1e-06,765,0.00612097979,0.00555461552,7.74981745e-05,19,0,1
1e-06,766,0.00612969417,0.00556263188,7.76328015e-05,20,0,1
1e-06,767,0.0061383117,0.0055706501,7.77607856e-05,19,0,1
1e-06,768,0.0061470042,0.00557866693,7.78896065e-05,20,0,1
1e-06,769,0.00615562219,0.00558668608,7.80176997e-05,19,0,1
1e-06,770,0.00616431888,0.00559470709,7.81466442e-05,20,0,1
1e-06,771,0.00617296901,0.00560273184,7.82755305e-05,20,0,1
1e-06,772,0.00618157908,0.0056107589,7.84014119e-05,19,1,1
1e-06,773,0.00619024551,0.00561878784,7.85302254e-05,19,1,1
1e-06,774,0.00619897572,0.00562681537,7.86617384e-05,20,0,1
1e-06,775,0.00620757975,0.00563484943,7.8787918e-05,19,1,1
1e-06,776,0.00621627737,0.00564288301,7.89193728e-05,19,0,1
1e-06,777,0.0062249871,0.00565091753,7.90488411e-05,20,0,1
1e-06,778,0.0062336619,0.00565895624,7.9178033e-05,20,0,1
1e-06,779,0.00624230038,0.00566699775,7.93069921e-05,19,0,1
1e-06,780,0.00625097938,0.00567504112,7.94363441e-05,19,0,1
1e-06,781,0.00625976594,0.00568310544,7.9568832e-05,20,0,1
1e-06,782,0.00626845704,0.0056911516,7.96983441e-05,20,0,1
1e-06,783,0.0062770159,0.0056991782,7.98237525e-05,19,1,1
1e-06,784,0.00628570328,0.00570722949,7.99534027e-05,19,1,1
1e-06,785,0.00629437156,0.00571528496,8.00810521e-05,19,1,1
1e-06,786,0.00630306173,0.00572333997,8.02112263e-05,19,1,1
1e-06,787,0.0063117547,0.00573139777,8.0341073e-05,19,1,1
1e-06,788,0.00632046675,0.00573945278,8.04725423e-05,19,1,1
1e-06,789,0.00632919744,0.00574751431,8.06046155e-05,20,0,1
1e-06,790,0.00633786758,0.00575557677,8.07341276e-05,19,0,1
1e-06,791,0.00634654239,0.00576364622,8.08612094e-05,19,1,1
1e-06,792,0.00635526096,0.00577170914,8.09932244e-05,19,1,1
1e-06,793,0.00636394694,0.00577978184,8.1121907e-05,19,1,1
1e-06,794,0.00637278147,0.00578787224,8.12585567e-05,20,0,1
1e-06,795,0.00638142461,0.00579592306,8.13863735e-05,20,0,1
1e-06,796,0.00639006868,0.00580399437,8.15096937e-05,19,0,1
1e-06,797,0.0063987812,0.00581207313,8.16401589e-05,19,0,1
1e-06,798,0.00640751002,0.00582015468,8.17765176e-05,19,1,1
1e-06,799,0.00641622627,0.00582823716,8.1907463e-05,19,1,1
1e-06,800,0.00642505987,0.00583634106,8.20428904e-05,20,0,1
1e-06,801,0.00643367181,0.00584440865,8.21708018e-05,19,0,1
1e-06,802,0.00644239178,0.00585249485,8.23018927e-05,19,0,1
1e-06,803,0.00645111408,0.00586058479,8.24329763e-05,19,0,1
1e-06,804,0.00645980844,0.00586867752,8.25601746e-05,19,1,1
1e-06,805,0.00646853447,0.00587677117,8.2691462e-05,19,1,1
1e-06,806,0.00647726702,0.00588486856,8.28237389e-05,19,1,1
1e-06,807,0.00648602331,0.00589296361,8.29583587e-05,19,0,1
1e-06,808,0.00649472885,0.00590106752,8.30857389e-05,19,1,1
1e-06,809,0.00650348235,0.00590916583,8.32203586e-05,19,1,1
1e-06,810,0.00651219534,0.00591727067,8.33490631e-05,19,1,1
1e-06,811,0.00652100239,0.00592537457,8.34854363e-05,20,0,1
1e-06,812,0.00652974285,0.00593348313,8.36173058e-05,20,0,1
1e-06,813,0.00653841998,0.00594159681,8.37458647e-05,19,1,1
1e-06,814,0.0065472289,0.00594970584,8.38812775e-05,20,0,1
1e-06,815,0.00655597402,0.00595781999,8.40133798e-05,20,0,1
1e-06,816,0.00656472286,0.00596593786,8.41455694e-05,20,0,1
1e-06,817,0.00657347078,0.00597405434,8.42777954e-05,20,0,1
1e-06,818,0.00658222428,0.0059821764,8.44101087e-05,19,0,1
1e-06,819,0.00659093913,0.00599029986,8.45421746e-05,19,0,1
1e-06,820,0.00659973361,0.00599842472,8.46750336e-05,20,0,1
1e-06,821,0.00660845265,0.00600655237,8.4807245e-05,19,0,1
1e-06,822,0.00661721127,0.00601468002,8.49398784e-05,19,0,1
1e-06,823,0.00662594708,0.00602281466,8.5069194e-05,19,1,1
1e-06,824,0.00663473736,0.00603094557,8.52054291e-05,19,0,1
1e-06,825,0.00664349226,0.00603907881,8.53373276e-05,19,1,1
1e-06,826,0.00665226812,0.00604721718,8.54712853e-05,19,0,1
1e-06,827,0.00666103791,0.00605535647,8.56043334e-05,19,0,1
1e-06,828,0.00666979887,0.00606349623,8.57361811e-05,19,1,1
1e-06,829,0.00667857146,0.00607163878,8.58693675e-05,19,1,1
1e-06,830,0.00668732729,0.00607978832,8.59996871e-05,19,1,1
1e-06,831,0.00669613434,0.00608793553,8.6137341e-05,19,0,1
1e-06,832,0.00670488412,0.00609607715,8.62638044e-05,19,0,1
1e-06,833,0.00671369256,0.00610423507,8.64042959e-05,19,0,1
1e-06,834,0.00672247447,0.0061123874,8.65378679e-05,19,0,1
1e-06,835,0.00673124846,0.0061205416,8.66705377e-05,19,1,1
1e-06,836,0.00674004527,0.00612870185,8.68053248e-05,19,0,1
1e-06,837,0.00674887234,0.00613685977,8.69394935e-05,20,0,1
1e-06,838,0.00675762584,0.00614502467,8.70730873e-05,19,0,1
1e-06,839,0.00676641846,0.00615318865,8.72071105e-05,19,0,1
1e-06,840,0.0067751836,0.00616134796,8.73340905e-05,19,0,1
1e-06,841,0.00678398134,0.00616951752,8.74680627e-05,19,0,1
1e-06,842,0.00679280516,0.00617769174,8.76095728e-05,19,0,1
1e-06,843,0.00680160569,0.00618586503,8.7743887e-05,19,0,1
1e-06,844,0.00681044627,0.00619403832,8.78786886e-05,20,0,1
1e-06,845,0.00681925006,0.0062022144,8.80131483e-05,20,0,1
1e-06,846,0.00682805479,0.00621039188,8.81476954e-05,20,0,1
1e-06,847,0.00683686277,0.00621857215,8.82823224e-05,20,0,1
1e-06,848,0.00684567494,0.00622675661,8.84170731e-05,20,0,1
1e-06,849,0.00685443683,0.00623494107,8.85501067e-05,19,1,1
1e-06,850,0.00686324993,0.00624312693,8.86852285e-05,19,1,1
1e-06,851,0.00687211473,0.00625131652,8.88217037e-05,19,0,1
1e-06,852,0.00688089384,0.00625950936,8.89563671e-05,19,0,1
1e-06,853,0.006889713,0.00626770221,8.90914816e-05,19,0,1
1e-06,854,0.00689853448,0.00627589738,8.92266689e-05,19,0,1
1e-06,855,0.00690739555,0.00628409302,8.93623655e-05,20,0,1
1e-06,856,0.00691615464,0.00629229657,8.94930417e-05,19,1,1
1e-06,857,0.00692500919,0.00630049407,8.96327401e-05,19,0,1
1e-06,858,0.00693387911,0.00630869763,8.97686987e-05,20,0,1
1e-06,859,0.00694270898,0.00631690305,8.99042789e-05,20,0,1
1e-06,860,0.00695150485,0.00632511312,9.00395826e-05,19,0,1
1e-06,861,0.00696033752,0.00633332087,9.01752937e-05,19,0,1
1e-06,862,0.00696914969,0.00634152815,9.03038454e-05,19,0,1
1e-06,863,0.0069780522,0.00634974474,9.04474655e-05,20,0,1
1e-06,864,0.00698685646,0.00635796366,9.05830675e-05,19,0,1
1e-06,865,0.0069956989,0.00636618119,9.07191861e-05,19,0,1
1e-06,866,0.00700454367,0.00637440197,9.08553266e-05,19,0,1
1e-06,867,0.00701342756,0.00638262136,9.09919836e-05,20,0,1
1e-06,868,0.00702227699,0.00639084633,9.11282914e-05,20,0,1
1e-06,869,0.00703119114,0.00639912672,9.12667165e-05,19,0,1
1e-06,870,0.00703994092,0.00640730187,9.14007978e-05,19,0,1
1e-06,871,0.00704878569,0.00641553104,9.15361306e-05,19,1,1
1e-06,872,0.00705762347,0.00642376766,9.16696008e-05,19,1,1
1e-06,873,0.00706648268,0.00643200241,9.18063524e-05,19,1,1
1e-06,874,0.00707534188,0.00644023903,9.19430895e-05,19,1,1
1e-06,875,0.00708427187,0.00644847378,9.20848106e-05,19,0,1
1e-06,876,0.00709308591,0.00645671366,9.22197141e-05,19,1,1
1e-06,877,0.00710195396,0.00646495819,9.23573971e-05,19,1,1
1e-06,878,0.00711082015,0.00647320226,9.24939377e-05,19,1,1
1e-06,879,0.0071196924,0.00648145098,9.26309658e-05,19,1,1
1e-06,880,0.00712861214,0.00648969878,9.27704823e-05,20,0,1
1e-06,881,0.00713742059,0.00649794564,9.29002854e-05,19,0,1
1e-06,882,0.00714631472,0.00650620507,9.30438691e-05,19,1,1
1e-06,883,0.00715523819,0.00651445752,9.31828326e-05,20,0,1
1e-06,884,0.00716405408,0.00652271975,9.33163683e-05,19,1,1
1e-06,885,0.00717300177,0.00653097639,9.34581622e-05,20,0,1
1e-06,886,0.00718184747,0.00653924095,9.35955031e-05,19,0,1
1e-06,887,0.00719070621,0.00654750597,9.37301447e-05,19,1,1
1e-06,888,0.00719961897,0.00655576913,9.38713274e-05,19,0,1
1e-06,889,0.00720847398,0.00656403415,9.39994643e-05,19,0,1
1e-06,890,0.00721740071,0.00657230709,9.41474573e-05,19,0,1
1e-06,891,0.00722633395,0.00658057909,9.42860643e-05,19,0,1
1e-06,892,0.00723517826,0.00658885157,9.44227504e-05,19,1,1
1e-06,893,0.00724412641,0.0065971287,9.45626525e-05,20,0,1
1e-06,894,0.00725302426,0.00660540629,9.47010776e-05,19,0,1
1e-06,895,0.00726186018,0.00661369041,9.48359811e-05,19,1,1
1e-06,896,0.00727078132,0.00662197126,9.49761452e-05,19,1,1
1e-06,897,0.00727968663,0.00663025584,9.51149195e-05,19,1,1
1e-06,898,0.00728860358,0.00663854368,9.52551927e-05,19,0,1
1e-06,899,0.00729748327,0.00664683431,9.53895142e-05,19,1,1
1e-06,900,0.00730639743,0.00665512541,9.55295909e-05,19,1,1
1e-06,901,0.00731533719,0.00666341698,9.56719523e-05,19,0,1
1e-06,902,0.00732429046,0.00667170901,9.58114542e-05,20,0,1
1e-06,903,0.00733317016,0.00668000989,9.59502358e-05,19,0,1
1e-06,904,0.00734206056,0.00668830983,9.60858379e-05,19,1,1
1e-06,905,0.0073509966,0.00669660699,9.62274717e-05,19,1,1
1e-06,906,0.00735993031,0.00670491252,9.63681377e-05,19,0,1
1e-06,907,0.00736889569,0.00671321806,9.6508069e-05,19,0,1
1e-06,908,0.00737775397,0.00672152825,9.66425505e-05,19,1,1
1e-06,909,0.0073867375,0.00672983425,9.67875676e-05,20,0,1
1e-06,910,0.00739566935,0.00673814723,9.69273315e-05,20,0,1
1e-06,911,0.00740457606,0.00674646348,9.70664987e-05,19,0,1
1e-06,912,0.00741350977,0.00675477926,9.72063426e-05,19,0,1
1e-06,913,0.00742244534,0.0067630969,9.73463248e-05,19,0,1
1e-06,914,0.00743138185,0.00677141501,9.74863942e-05,19,0,1
1e-06,915,0.0074402974,0.00677973218,9.76188603e-05,19,0,1
1e-06,916,0.00744930468,0.006788061,9.77671443e-05,19,0,1
1e-06,917,0.00745820859,0.00679638842,9.79070173e-05,19,0,1
1e-06,918,0.00746719539,0.0068047177,9.80477926e-05,19,0,1
1e-06,919,0.00747614354,0.00681304745,9.81883059e-05,19,0,1
1e-06,920,0.0074850563,0.00682138279,9.83284554e-05,19,0,1
1e-06,921,0.0074940077,0.00682971766,9.84690851e-05,19,0,1
1e-06,922,0.00750296237,0.00683805486,9.86098312e-05,19,0,1
1e-06,923,0.00751188817,0.00684639439,9.87465319e-05,19,1,1
1e-06,924,0.00752086379,0.00685473159,9.88902102e-05,19,1,1
1e-06,925,0.00752980635,0.00686307903,9.90281696e-05,19,1,1
1e-06,926,0.00753877033,0.00687142415,9.9170109e-05,19,1,1
1e-06,927,0.0075477995,0.00687976787,9.93150315e-05,19,0,1
1e-06,928,0.00755672762,0.00688812044,9.94558941e-05,19,0,1
1e-06,929,0.00756569533,0.00689647207,9.95971641e-05,19,0,1
1e-06,930,0.00757463835,0.00690482976,9.97341485e-05,19,1,1
1e-06,931,0.00758360792,0.00691318326,9.98751493e-05,19,1,1
1e-06,932,0.00759259658,0.00692153536,0.000100019774,19,1,1
1e-06,933,0.00760158524,0.00692989957,0.000100163124,19,0,1
1e-06,934,0.00761060277,0.00693825912,0.000100305282,19,0,1
1e-06,935,0.00761958212,0.00694662379,0.000100447025,19,0,1
1e-06,936,0.00762856519,0.00695499126,0.000100588943,19,0,1
1e-06,937,0.00763750961,0.00696336199,0.000100730431,19,0,1
1e-06,938,0.00764649361,0.00697173178,0.000100872508,19,0,1
1e-06,939,0.00765545527,0.0069801067,0.000101010861,19,1,1
1e-06,940,0.00766447093,0.00698847929,0.000101156795,19,0,1
1e-06,941,0.00767346285,0.006996857,0.000101299098,19,0,1
1e-06,942,0.00768249575,0.00700523471,0.000101441896,19,0,1
1e-06,943,0.00769148115,0.00701361708,0.000101584614,20,0,1
1e-06,944,0.00770047586,0.00702199806,0.000101727142,20,0,1
1e-06,945,0.00770944823,0.00703038555,0.000101869053,19,0,1
1e-06,946,0.00771848625,0.00703876931,0.000102012142,19,0,1
1e-06,947,0.00772744045,0.00704716006,0.000102152553,19,1,1
1e-06,948,0.00773645705,0.00705555361,0.000102297388,19,0,1
1e-06,949,0.0077454634,0.00706394762,0.000102440303,19,0,1
1e-06,950,0.00775451306,0.00707234163,0.000102583814,20,0,1
1e-06,951,0.00776352361,0.0070807403,0.000102726925,19,0,1
1e-06,952,0.00777249923,0.00708914408,0.000102869701,19,0,1
1e-06,953,0.0077815135,0.00709754508,0.000103012979,19,0,1
1e-06,954,0.00779053057,0.00710594933,0.000103156366,19,0,1
1e-06,955,0.00779952249,0.00711435685,0.000103295737,19,1,1
1e-06,956,0.00780857075,0.00712276436,0.000103443293,19,0,1
1e-06,957,0.00781759247,0.00713117467,0.000103586906,19,0,1
1e-06,958,0.00782661699,0.00713958684,0.000103730636,19,0,1
1e-06,959,0.00783561822,0.00714799576,0.000103866805,19,0,1
1e-06,960,0.0078446744,0.00715641957,0.000104018269,19,0,1
1e-06,961,0.00785370637,0.00716484059,0.000104162231,19,0,1
1e-06,962,0.00786277466,0.00717325695,0.00010430668,19,0,1
1e-06,963,0.00787181035,0.00718168076,0.000104450817,19,0,1
1e-06,964,0.00788078271,0.00719011016,0.000104590952,19,1,1
1e-06,965,0.00788988639,0.00719853397,0.000104739302,19,0,1
1e-06,966,0.00789887644,0.00720696431,0.000104881343,19,1,1
1e-06,967,0.0079079289,0.0072153951,0.000105027633,19,0,1
1e-06,968,0.00791694969,0.00722383382,0.000105168408,19,1,1
1e-06,969,0.00792602077,0.00723226694,0.000105316787,19,0,1
1e-06,970,0.00793505926,0.00724070426,0.000105459796,19,1,1
1e-06,971,0.00794415921,0.00724914391,0.000105606705,19,0,1
1e-06,972,0.00795313902,0.00725758495,0.000105740546,19,0,1
1e-06,973,0.00796219334,0.00726602972,0.000105885934,19,0,1
1e-06,974,0.00797125697,0.00727448193,0.000106036263,19,1,1
1e-06,975,0.00798031595,0.00728293089,0.000106181396,19,1,1
1e-06,976,0.00798937399,0.00729137938,0.000106326755,19,1,1
1e-06,977,0.00799850468,0.00729982881,0.00010647715,19,0,1
1e-06,978,0.00800753012,0.00730828708,0.000106622123,19,0,1
1e-06,979,0.0080165714,0.00731674628,0.00010676407,19,1,1
1e-06,980,0.00802563783,0.00732520409,0.000106909181,19,1,1
1e-06,981,0.00803473312,0.00733366329,0.000107058659,19,0,1
1e-06,982,0.00804384425,0.00734212529,0.000107204833,19,0,1
1e-06,983,0.00805285573,0.00735058682,0.000107341744,19,0,1
1e-06,984,0.00806193333,0.00735906465,0.000107492298,19,1,1
1e-06,985,0.00807103515,0.00736753037,0.000107642045,19,0,1
1e-06,986,0.00808015373,0.00737599982,0.000107788539,19,0,1
1e-06,987,0.00808923598,0.00738447485,0.00010793464,19,0,1
1e-06,988,0.0080983201,0.00739295082,0.000108080843,19,0,1
1e-06,989,0.0081073679,0.00740143145,0.000108226697,19,0,1
1e-06,990,0.00811642967,0.00740990555,0.000108365122,19,0,1
1e-06,991,0.00812551938,0.00741838757,0.000108511675,19,0,1
1e-06,992,0.00813461188,0.00742688123,0.000108662134,19,1,1
1e-06,993,0.00814370532,0.00743536698,0.000108808774,19,1,1
1e-06,994,0.00815281644,0.00744385272,0.000108957996,19,1,1
1e-06,995,0.0081618987,0.00745234918,0.000109101849,19,1,1
1e-06,996,0.00817102566,0.00746084005,0.000109253153,19,0,1
1e-06,997,0.00818016473,0.00746933231,0.000109400527,19,0,1
1e-06,998,0.00818919856,0.00747782923,0.000109536391,19,0,1
1e-06,999,0.0081983367,0.00748633035,0.000109694287,19,0,1
1e-06,1000,0.0082074739,0.00749483146,0.000109842265,20,0,1
1e-06,1001,0.00821659248,0.00750333397,0.000109989276,19,0,1
1e-06,1002,0.00822565425,0.0075118402,0.00011013457,19,1,1
1e-06,1003,0.00823475514,0.00752035342,0.000110279776,19,1,1
1e-06,1004,0.008243897,0.00752886105,0.000110431269,19,0,1
1e-06,1005,0.00825305097,0.00753737055,0.000110579284,19,0,1
1e-06,1006,0.0082621742,0.0075458861,0.00011072708,19,0,1
1e-06,1007,0.00827125646,0.00755440444,0.000110874476,19,0,1
1e-06,1008,0.00828035362,0.00756292418,0.000111018504,19,1,1
1e-06,1009,0.0082895048,0.00757144345,0.000111170353,19,0,1
1e-06,1010,0.00829867087,0.00757996459,0.000111318841,19,0,1
1e-06,1011,0.00830780249,0.00758849038,0.000111467059,19,0,1
1e-06,1012,0.00831686612,0.00759702083,0.000111609952,19,1,1
1e-06,1013,0.0083260173,0.00760554709,0.000111761889,19,1,1
1e-06,1014,0.0083352048,0.00761407986,0.000111912057,19,0,1
1e-06,1015,0.00834433921,0.00762261031,0.000112060487,19,0,1
1e-06,1016,0.00835347734,0.00763114588,0.000112209011,19,0,1
1e-06,1017,0.00836258288,0.00763968797,0.000112357317,19,0,1
1e-06,1018,0.00837176479,0.00764822541,0.000112506532,19,0,1
1e-06,1019,0.00838086009,0.00765676703,0.000112653201,19,1,1
1e-06,1020,0.00839005969,0.00766531238,0.000112804279,19,0,1
1e-06,1021,0.00839915685,0.0076738568,0.000112951595,19,1,1
1e-06,1022,0.00840835832,0.00768240634,0.000113102331,19,0,1
1e-06,1023,0.00841744617,0.00769096101,0.000113245958,19,1,1
1e-07,0,4.54192232e-05,0,0,27,0,1
1e-07,1,5.26779986e-05,6.54037467e-06,7.69214878e-08,27,0,1
1e-07,2,5.99409213e-05,1.30825683e-05,1.53905049e-07,27,0,1
1e-07,3,6.71998059e-05,1.96265973e-05,2.3095896e-07,27,0,1
1e-07,4,7.44674471e-05,2.61723526e-05,3.08019452e-07,27,0,1
1e-07,5,8.17338878e-05,3.27200505e-05,3.85214236e-07,27,0,1
1e-07,6,8.90023803e-05,3.92694565e-05,4.6250193e-07,27,0,1
1e-07,7,9.62658378e-05,4.5820736e-05,5.39803693e-07,26,2,1
1e-07,8,0.000103544604,5.2373809e-05,6.17074193e-07,26,2,1
1e-07,9,0.000110810026,5.89285664e-05,6.94416201e-07,27,0,1
1e-07,10,0.000118084761,6.54853502e-05,7.7207153e-07,27,0,1
1e-07,11,0.000125361927,7.20438766e-05,8.49410299e-07,27,0,1
1e-07,12,0.000132642366,7.86041346e-05,9.27144299e-07,27,0,1
1e-07,13,0.000139923359,8.51662408e-05,1.00474949e-06,27,0,1
1e-07,14,0.000147200917,9.17303842e-05,1.08247889e-06,26,2,1
1e-07,15,0.000154486115,9.82960992e-05,1.16037972e-06,27,0,1
1e-07,16,0.00016176494,0.000104863655,1.23824293e-06,26,1,1
1e-07,17,0.000169053048,0.000111432993,1.31584784e-06,27,0,1
1e-07,18,0.000176347763,0.000118003896,1.39349731e-06,26,2,1
1e-07,19,0.000183633252,0.000124577258,1.47202866e-06,27,0,1
1e-07,20,0.000190930616,0.000131152075,1.54975214e-06,26,2,1
1e-07,21,0.000198215523,0.000137728697,1.62787285e-06,27,0,1
1e-07,22,0.000205509961,0.000144307138,1.7063802e-06,26,1,1
1e-07,23,0.000212812985,0.000150887456,1.78454286e-06,27,0,1
1e-07,24,0.000220108195,0.000157469491,1.86246837e-06,27,0,1
1e-07,25,0.00022741346,0.000164053417,1.94113318e-06,27,0,1
1e-07,26,0.000234710402,0.000170639149,2.01961871e-06,27,0,1
1e-07,27,0.000242015289,0.000177226626,2.09804853e-06,27,0,1
1e-07,28,0.000249322067,0.000183816024,2.17658226e-06,27,0,1
1e-07,29,0.000256624422,0.000190407096,2.25474287e-06,27,0,1
1e-07,30,0.000263935392,0.00019700019,2.33377091e-06,27,0,1
1e-07,31,0.000271246769,0.000203594958,2.41249131e-06,27,0,1
1e-07,32,0.00027856027,0.000210191545,2.49119535e-06,27,0,1
1e-07,33,0.00028587252,0.00021678998,2.5694444e-06,27,0,1
1e-07,34,0.00029318739,0.000223390249,2.64886876e-06,26,1,1
1e-07,35,0.0003005123,0.00022999238,2.72770058e-06,27,0,1
1e-07,36,0.000307824957,0.000236596228,2.80677864e-06,26,1,1
1e-07,37,0.00031514687,0.000243201939,2.88574074e-06,26,1,1
1e-07,38,0.000322471664,0.000249809498,2.96487633e-06,27,0,1
1e-07,39,0.000329791277,0.000256418629,3.0434685e-06,26,1,1
1e-07,40,0.000337117759,0.000263029797,3.12267935e-06,26,1,1
1e-07,41,0.000344447268,0.000269643002,3.20245681e-06,26,1,1
1e-07,42,0.000351777504,0.000276257721,3.28121178e-06,27,0,1
1e-07,43,0.000359109748,0.000282874331,3.36051858e-06,27,0,1
1e-07,44,0.000366443157,0.00028949292,3.44080991e-06,27,0,1
1e-07,45,0.00037377642,0.000296113052,3.5195867e-06,27,0,1
1e-07,46,0.000381113932,0.000302735192,3.59899605e-06,27,0,1
1e-07,47,0.000388456567,0.000309359166,3.6792826e-06,27,0,1
1e-07,48,0.000395795621,0.000315984915,3.75905165e-06,27,0,1
1e-07,49,0.000403135666,0.000322612468,3.83859106e-06,26,1,1
1e-07,50,0.000410479144,0.000329241768,3.91775984e-06,27,0,1
1e-07,51,0.000417823816,0.000335873046,3.99768805e-06,27,0,1
1e-07,52,0.000425170059,0.000342506013,4.07764992e-06,27,0,1
1e-07,53,0.000432520465,0.000349141046,4.15839258e-06,27,0,1
1e-07,54,0.000439870346,0.000355777622,4.2375259e-06,27,0,1
1e-07,55,0.000447223836,0.000362416031,4.31770013e-06,27,0,1
1e-07,56,0.000454582245,0.000369056535,4.39854603e-06,27,0,1
1e-07,57,0.000461938325,0.000375698699,4.4786093e-06,27,0,1
1e-07,58,0.000469289866,0.000382342696,4.5589104e-06,26,1,1
1e-07,59,0.000476648856,0.00038898841,4.63929155e-06,26,1,1
1e-07,60,0.000484010321,0.000395636132,4.71968724e-06,26,1,1
1e-07,61,0.000491376792,0.000402285543,4.79906885e-06,27,0,1
1e-07,62,0.000498735753,0.000408936379,4.87971738e-06,26,1,1
1e-07,63,0.000506102224,0.000415589719,4.9602445e-06,26,1,1
1e-07,64,0.00051347015,0.000422244309,5.04077525e-06,26,1,1
1e-07,65,0.000520846166,0.000428901869,5.12212137e-06,26,2,1
1e-07,66,0.000528216653,0.000435560243,5.20207414e-06,27,0,1
1e-07,67,0.000535586849,0.000442220655,5.2830469e-06,27,0,1
1e-07,68,0.000542967173,0.000448883016,5.36486823e-06,27,0,1
1e-07,69,0.000550340512,0.000455547095,5.44528575e-06,26,2,1
1e-07,70,0.000557721825,0.000462213036,5.52540268e-06,27,0,1
1e-07,71,0.000565101625,0.000468880753,5.60640547e-06,27,0,1
1e-07,72,0.000572481309,0.000475550332,5.6876047e-06,27,0,1
1e-07,73,0.000579866872,0.000482221745,5.77012634e-06,27,0,1
1e-07,74,0.000587253657,0.00048889505,5.85118778e-06,27,0,1
1e-07,75,0.000594633399,0.000495569315,5.93136974e-06,26,1,1
1e-07,76,0.000602023443,0.000502246781,6.01283637e-06,27,0,1
1e-07,77,0.000609415642,0.000508925412,6.09397648e-06,27,0,1
1e-07,78,0.000616809295,0.000515606371,6.17677688e-06,27,0,1
1e-07,79,0.000624204462,0.000522288727,6.25817574e-06,27,0,1
1e-07,80,0.00063160283,0.000528972887,6.33972149e-06,27,0,1
1e-07,81,0.0006389966,0.00053565891,6.42085934e-06,26,1,1
1e-07,82,0.000646394212,0.000542346912,6.50248785e-06,26,1,1
1e-07,83,0.000653796422,0.000549036369,6.58342015e-06,27,0,1
1e-07,84,0.000661196886,0.000555727922,6.66536198e-06,27,0,1
1e-07,85,0.000668610446,0.000562421628,6.74822695e-06,27,0,1
1e-07,86,0.000676016498,0.000569116732,6.8301697e-06,27,0,1
1e-07,87,0.000683418009,0.000575813581,6.9108778e-06,27,0,1
1e-07,88,0.000690830057,0.000582512643,6.99435532e-06,27,0,1
1e-07,89,0.000698241813,0.000589213334,7.07487106e-06,27,0,1
1e-07,90,0.000705651357,0.000595916004,7.15849546e-06,26,1,1
1e-07,91,0.000713070156,0.000602620479,7.24071333e-06,27,0,1
1e-07,92,0.000720481912,0.00060932606,7.3217052e-06,26,1,1
1e-07,93,0.000727904611,0.000616034784,7.40556288e-06,27,0,1
1e-07,94,0.000735323178,0.000622744497,7.48715411e-06,26,1,1
1e-07,95,0.000742747507,0.000629456539,7.56968939e-06,26,1,1
1e-07,96,0.000750174338,0.000636170094,7.65271398e-06,27,0,1
1e-07,97,0.000757606758,0.000642885454,7.73344618e-06,26,2,1
1e-07,98,0.00076502614,0.000649602851,7.81809558e-06,27,0,1
1e-07,99,0.000772453786,0.000656321878,7.90071772e-06,27,0,1
1e-07,100,0.000779883412,0.000663042825,7.9835454e-06,27,0,1
1e-07,101,0.000787322409,0.000669765461,8.06469052e-06,26,2,1
1e-07,102,0.000794750405,0.000676489959,8.14723626e-06,27,0,1
1e-07,103,0.000802191673,0.000683216611,8.23152095e-06,26,2,1
1e-07,104,0.000809623045,0.000689944485,8.31355555e-06,27,0,1
1e-07,105,0.000817066466,0.000696674862,8.39597851e-06,27,0,1
1e-07,106,0.000824504124,0.000703406928,8.48051786e-06,26,1,1
1e-07,107,0.000831947429,0.000710140448,8.56368206e-06,26,1,1
1e-07,108,0.00083939149,0.000716876471,8.64701542e-06,26,1,1
1e-07,109,0.000846840558,0.000723614008,8.73085264e-06,27,0,1
1e-07,110,0.000854286714,0.000730353117,8.81452797e-06,27,0,1
1e-07,111,0.000861736829,0.000737094437,8.8979441e-06,27,0,1
1e-07,112,0.000869186304,0.000743837038,8.97980317e-06,27,0,1
1e-07,113,0.000876641541,0.000750582374,9.06412333e-06,26,1,1
1e-07,114,0.000884096604,0.000757328991,9.14781049e-06,26,1,1
1e-07,115,0.000891556789,0.000764077471,9.22974414e-06,27,0,1
1e-07,116,0.000899011502,0.00077082793,9.31445902e-06,26,1,1
1e-07,117,0.00090647192,0.00077758031,9.39836355e-06,26,1,1
1e-07,118,0.000913939555,0.000784334145,9.48322213e-06,27,0,1
1e-07,119,0.000921402243,0.000791090133,9.56704207e-06,27,0,1
1e-07,120,0.000928867375,0.00079784781,9.64907576e-06,27,0,1
1e-07,121,0.000936333323,0.000804607698,9.73415536e-06,26,1,1
1e-07,122,0.000943807885,0.000811368925,9.81898575e-06,27,0,1
1e-07,123,0.000951280352,0.000818132365,9.90286571e-06,27,0,1
1e-07,124,0.00095874531,0.000824897201,9.98582891e-06,26,1,1
1e-07,125,0.000966220978,0.000831664598,1.00712587e-05,26,1,1
1e-07,126,0.000973698217,0.000838433218,1.01541327e-05,27,0,1
1e-07,127,0.000981174991,0.000845203642,1.02384238e-05,27,0,1
1e-07,128,0.000988660497,0.000851976394,1.03246712e-05,27,0,1
1e-07,129,0.000996139832,0.000858750776,1.04068813e-05,27,0,1
1e-07,130,0.00100361998,0.000865527254,1.04929613e-05,26,1,1
1e-07,131,0.00101110933,0.000872305012,1.05785439e-05,27,0,1
1e-07,132,0.00101859192,0.000879085157,1.06621692e-05,26,1,1
1e-07,133,0.00102608604,0.000885866815,1.07477199e-05,27,0,1
1e-07,134,0.00103357539,0.000892650452,1.08324439e-05,27,0,1
1e-07,135,0.00104106404,0.000899435836,1.091792e-05,27,0,1
1e-07,136,0.00104855665,0.000906223198,1.10019973e-05,26,1,1
1e-07,137,0.00105605263,0.000913012249,1.10869105e-05,26,1,1
1e-07,138,0.00106354966,0.000919803046,1.11703175e-05,26,1,1
1e-07,139,0.00107105053,0.000926596287,1.12578828e-05,27,0,1
1e-07,140,0.0010785507,0.000933391042,1.1341951e-05,26,1,1
1e-07,141,0.00108605716,0.000940187252,1.14279719e-05,27,0,1
1e-07,142,0.0010935606,0.000946985965,1.15131279e-05,27,0,1
1e-07,143,0.00110106589,0.00095378625,1.15986313e-05,27,0,1
1e-07,144,0.00110857259,0.000960588222,1.16833135e-05,26,1,1
1e-07,145,0.00111608184,0.000967392407,1.17682121e-05,26,1,1
1e-07,146,0.00112359622,0.000974198047,1.18522003e-05,27,0,1
1e-07,147,0.00113110931,0.000981005607,1.19404922e-05,27,0,1
1e-07,148,0.00113862311,0.000987815321,1.20264103e-05,27,0,1
1e-07,149,0.00114613899,0.000994626433,1.21093008e-05,27,0,1
1e-07,150,0.00115365884,0.00100143999,1.21978892e-05,27,0,1
1e-07,151,0.00116117776,0.00100825483,1.22840629e-05,27,0,1
1e-07,152,0.00116869877,0.00101507211,1.23684122e-05,26,1,1
1e-07,153,0.00117622723,0.0010218909,1.24552862e-05,27,0,1
1e-07,154,0.00118374813,0.00102871144,1.25398019e-05,26,1,1
1e-07,155,0.0011912745,0.00103553396,1.26259119e-05,26,1,1
1e-07,156,0.0011988054,0.00104235834,1.27126059e-05,26,1,1
1e-07,157,0.00120633654,0.00104918436,1.27989988e-05,26,1,1
1e-07,158,0.00121387269,0.00105601246,1.28859419e-05,27,0,1
1e-07,159,0.00122140779,0.00106284197,1.29720138e-05,27,0,1
1e-07,160,0.00122893765,0.00106967427,1.30571452e-05,26,1,1
1e-07,161,0.00123647565,0.00107650808,1.31468005e-05,27,0,1
1e-07,162,0.00124401995,0.00108334341,1.32299656e-05,26,1,1
1e-07,163,0.00125156017,0.00109018059,1.33193025e-05,27,0,1
1e-07,164,0.00125910435,0.00109701988,1.34060256e-05,27,0,1
1e-07,165,0.00126665225,0.00110386079,1.34911952e-05,27,0,1
1e-07,166,0.00127419655,0.00111070427,1.3578092e-05,27,0,1
1e-07,167,0.00128174247,0.00111754867,1.36642466e-05,26,1,1
1e-07,168,0.00128929305,0.00112439517,1.37519601e-05,26,1,1
1e-07,169,0.00129684713,0.00113124377,1.3840091e-05,27,0,1
1e-07,170,0.00130439713,0.00113809435,1.39277081e-05,27,0,1
1e-07,171,0.0013119576,0.00114494632,1.40125685e-05,27,0,1
1e-07,172,0.00131951272,0.00115180074,1.4101518e-05,27,0,1
1e-07,173,0.00132707122,0.00115865667,1.41869405e-05,26,1,1
1e-07,174,0.00133463694,0.00116551435,1.4272211e-05,26,1,1
1e-07,175,0.00134219474,0.00117237435,1.436202e-05,27,0,1
1e-07,176,0.00134975801,0.00117923494,1.44476999e-05,27,0,1
1e-07,177,0.00135732698,0.00118609879,1.45346876e-05,26,1,1
1e-07,178,0.00136489677,0.00119296426,1.46220546e-05,26,1,1
1e-07,179,0.00137246237,0.00119983114,1.4713034e-05,27,0,1
1e-07,180,0.00138003298,0.00120669999,1.47980554e-05,27,0,1
1e-07,181,0.0013876101,0.00121357106,1.48862928e-05,26,1,1
1e-07,182,0.00139517884,0.00122044317,1.49762673e-05,26,1,1
1e-07,183,0.00140275829,0.00122731808,1.50625965e-05,26,1,1
1e-07,184,0.0014103374,0.00123419438,1.51521454e-05,27,0,1
1e-07,185,0.00141791592,0.00124107278,1.5239998e-05,27,0,1
1e-07,186,0.00142549875,0.00124795281,1.53243363e-05,27,0,1
1e-07,187,0.00143308344,0.0012548347,1.54126246e-05,27,0,1
1e-07,188,0.00144066941,0.00126171892,1.55022644e-05,26,1,1
1e-07,189,0.00144825818,0.00126860489,1.55919897e-05,27,0,1
1e-07,190,0.00145584473,0.0012754926,1.56782426e-05,26,1,1
1e-07,191,0.00146343478,0.00128238113,1.57651702e-05,27,0,1
1e-07,192,0.00147103344,0.00128927326,1.58546791e-05,26,1,1
1e-07,193,0.00147862535,0.00129616633,1.59417377e-05,27,0,1
1e-07,194,0.00148621912,0.00130306173,1.60340933e-05,27,0,1
1e-07,195,0.00149381708,0.00130995782,1.61193457e-05,27,0,1
1e-07,196,0.00150141912,0.00131685683,1.62073029e-05,27,0,1
1e-07,197,0.00150901778,0.00132375723,1.62964188e-05,27,0,1
1e-07,198,0.00151662028,0.00133065949,1.63854547e-05,27,0,1
1e-07,199,0.00152422558,0.00133756408,1.64742141e-05,27,0,1
1e-07,200,0.00153184275,0.00134447124,1.6564707e-05,26,1,1
1e-07,201,0.00153944653,0.00135137921,1.66532045e-05,26,1,1
1e-07,202,0.00154705346,0.00135828939,1.67431699e-05,26,1,1
1e-07,203,0.00155466527,0.00136520097,1.68349779e-05,27,0,1
1e-07,204,0.00156228035,0.00137211452,1.69199047e-05,26,1,1
1e-07,205,0.00156989682,0.00137903087,1.70108888e-05,27,0,1
1e-07,206,0.00157751422,0.00138594827,1.70999465e-05,27,0,1
1e-07,207,0.00158513174,0.00139286707,1.71915926e-05,27,0,1
1e-07,208,0.00159275439,0.00139978866,1.72787313e-05,27,0,1
1e-07,209,0.00160037552,0.00140671164,1.73678891e-05,26,1,1
1e-07,210,0.00160800386,0.00141363661,1.74549132e-05,26,1,1
1e-07,211,0.00161563163,0.00142056355,1.75461591e-05,26,1,1
1e-07,212,0.00162326277,0.00142749236,1.7635004e-05,26,1,1
1e-07,213,0.00163088855,0.00143442291,1.77239199e-05,26,1,1
1e-07,214,0.00163852074,0.00144135498,1.78151586e-05,26,1,1
1e-07,215,0.00164615421,0.00144828996,1.79035032e-05,26,1,1
1e-07,216,0.00165378407,0.00145522575,1.79988692e-05,27,0,1
1e-07,217,0.00166142487,0.00146216387,1.80851966e-05,26,1,1
1e-07,218,0.00166906766,0.0014691042,1.81724754e-05,26,1,1
1e-07,219,0.00167670089,0.00147604581,1.82689764e-05,27,0,1
1e-07,220,0.00168434542,0.00148298964,1.83570592e-05,27,0,1
1e-07,221,0.00169198867,0.00148993521,1.84474811e-05,27,0,1
1e-07,222,0.00169963378,0.00149688276,1.85395802e-05,27,0,1
1e-07,223,0.00170728215,0.00150383241,1.86282723e-05,27,0,1
1e-07,224,0.00171493215,0.00151078298,1.87205042e-05,27,0,1
1e-07,225,0.00172258238,0.00151773647,1.8810535e-05,27,0,1
1e-07,226,0.00173023751,0.00152469135,1.88990489e-05,27,0,1
1e-07,227,0.0017378917,0.0015316481,1.89916045e-05,27,0,1
1e-07,228,0.00174554798,0.00153860694,1.90812334e-05,27,0,1
1e-07,229,0.00175320846,0.00154556765,1.91711842e-05,27,0,1
1e-07,230,0.00176086673,0.00155252952,1.92613825e-05,27,0,1
1e-07,231,0.00176852976,0.00155949406,1.93550095e-05,27,0,1
1e-07,232,0.00177619059,0.00156645989,1.94468848e-05,27,0,1
1e-07,233,0.00178385654,0.00157342874,1.95346583e-05,27,0,1
1e-07,234,0.0017915247,0.00158039853,1.9626912e-05,27,0,1
1e-07,235,0.00179919531,0.00158737041,1.97138543e-05,26,1,1
1e-07,236,0.00180686987,0.00159434427,1.9805906e-05,26,1,1
1e-07,237,0.00181453722,0.00160131953,1.99017832e-05,27,0,1
1e-07,238,0.00182221679,0.001608297,1.99883416e-05,26,1,1
1e-07,239,0.00182988751,0.00161527679,2.00838149e-05,27,0,1
1e-07,240,0.00183756836,0.00162225764,2.01721796e-05,26,1,1
1e-07,241,0.00184524606,0.00162924104,2.02659212e-05,27,0,1
1e-07,242,0.00185292808,0.00163622573,2.03584605e-05,27,0,1
1e-07,243,0.00186061836,0.00164321251,2.04449425e-05,26,1,1
1e-07,244,0.00186829455,0.00165020162,2.05417982e-05,27,0,1
1e-07,245,0.0018759818,0.00165719225,2.06338118e-05,27,0,1
1e-07,246,0.0018836708,0.00166418485,2.07248104e-05,27,0,1
1e-07,247,0.0018913619,0.00167117966,2.08165293e-05,27,0,1
1e-07,248,0.00189905323,0.00167817564,2.09084064e-05,27,0,1
1e-07,249,0.00190674758,0.00168517395,2.10005583e-05,27,0,1
1e-07,250,0.00191444368,0.00169217424,2.10916514e-05,26,1,1
1e-07,251,0.00192215329,0.00169917592,2.11861588e-05,27,1,1
1e-07,252,0.00192984124,0.0017061804,2.12747545e-05,26,1,1
1e-07,253,0.0019375449,0.0017131858,2.1368327e-05,27,0,1
1e-07,254,0.00194525823,0.00172019331,2.14622451e-05,27,1,1
1e-07,255,0.00195295527,0.00172720291,2.15499567e-05,26,1,1
1e-07,256,0.00196065707,0.00173421483,2.1645661e-05,27,0,1
1e-07,257,0.00196837774,0.00174122769,2.17384895e-05,26,1,1
1e-07,258,0.0019760814,0.00174824311,2.18263867e-05,26,1,1
1e-07,259,0.00198380044,0.00175525958,2.19237336e-05,27,1,1
1e-07,260,0.00199150247,0.00176227849,2.20168331e-05,27,0,1
1e-07,261,0.00199922756,0.00176929904,2.21112568e-05,27,1,1
1e-07,262,0.00200693402,0.00177632214,2.22030576e-05,27,0,1
1e-07,263,0.00201465399,0.00178334687,2.22955332e-05,27,0,1
1e-07,264,0.00202237419,0.00179037324,2.23891529e-05,27,0,1
1e-07,265,0.0020301051,0.00179740181,2.24815085e-05,26,1,1
1e-07,266,0.00203782972,0.0018044319,2.2574879e-05,26,1,1
1e-07,267,0.00204554922,0.00181146432,2.26669599e-05,27,0,1
1e-07,268,0.00205327594,0.00181849767,2.27612873e-05,27,0,1
1e-07,269,0.00206100545,0.00182553427,2.28541248e-05,27,0,1
1e-07,270,0.00206873729,0.00183257193,2.29480065e-05,27,0,1
1e-07,271,0.00207646959,0.00183961145,2.30406004e-05,27,0,1
1e-07,272,0.00208420539,0.00184665329,2.31332469e-05,27,0,1
1e-07,273,0.00209194212,0.001853697,2.32270449e-05,27,0,1
1e-07,274,0.00209968188,0.00186074222,2.33210394e-05,27,0,1
1e-07,275,0.00210742978,0.00186778919,2.34152649e-05,26,1,1
1e-07,276,0.00211516535,0.00187483907,2.35062107e-05,26,1,1
1e-07,277,0.00212290883,0.00188189012,2.36014348e-05,27,0,1
1e-07,278,0.00213066651,0.00188894279,2.36960186e-05,27,1,1
1e-07,279,0.00213841256,0.00189599756,2.37914319e-05,27,1,1
1e-07,280,0.00214615162,0.00190305419,2.38837129e-05,27,0,1
1e-07,281,0.00215390418,0.00191011291,2.39784604e-05,27,0,1
1e-07,282,0.0021616572,0.00191717374,2.40720601e-05,27,0,1
1e-07,283,0.00216941163,0.00192423572,2.4166171e-05,27,0,1
1e-07,284,0.00217716722,0.00193129969,2.42613969e-05,27,0,1
1e-07,285,0.00218492793,0.00193836656,2.4354702e-05,27,0,1
1e-07,286,0.00219269888,0.00194543437,2.4449082e-05,27,1,1
1e-07,287,0.00220044935,0.00195250462,2.45407755e-05,26,1,1
1e-07,288,0.00220822333,0.00195957627,2.46391937e-05,27,1,1
1e-07,289,0.00221598893,0.0019666506,2.47315766e-05,26,1,1
1e-07,290,0.00222375873,0.00197372586,2.48271517e-05,27,1,1
1e-07,291,0.00223152642,0.00198080367,2.49233017e-05,27,1,1
1e-07,292,0.00223929924,0.00198788312,2.50165867e-05,27,1,1
1e-07,293,0.00224706111,0.00199496467,2.51104302e-05,27,0,1
1e-07,294,0.00225483486,0.00200204784,2.52059963e-05,27,0,1
1e-07,295,0.00226261071,0.00200913264,2.53015041e-05,27,0,1
1e-07,296,0.00227038842,0.00201621954,2.53962262e-05,27,0,1
1e-07,297,0.00227816892,0.002023309,2.54906627e-05,27,0,1
1e-07,298,0.00228595035,0.0020303994,2.55859159e-05,27,0,1
1e-07,299,0.00229373551,0.00203749212,2.56788408e-05,26,1,1
1e-07,300,0.00230153301,0.0020445874,2.57768152e-05,27,1,1
1e-07,301,0.0023093198,0.00205168384,2.58727123e-05,26,1,1
1e-07,302,0.00231709611,0.00205878145,2.59675453e-05,27,0,1
1e-07,303,0.00232488732,0.00206588279,2.60621709e-05,27,0,1
1e-07,304,0.00233268132,0.00207298505,2.61583027e-05,27,0,1
1e-07,305,0.00234048744,0.00208008895,2.62548601e-05,27,1,1
1e-07,306,0.00234828051,0.00208719447,2.63506772e-05,27,1,1
1e-07,307,0.00235608104,0.00209430256,2.64464961e-05,27,1,1
1e-07,308,0.00236387947,0.00210141321,2.65419185e-05,27,1,1
1e-07,309,0.00237167021,0.00210852432,2.66378338e-05,27,0,1
1e-07,310,0.00237948517,0.00211563846,2.67337255e-05,27,1,1
1e-07,311,0.00238727895,0.0021227533,2.68290969e-05,27,0,1
1e-07,312,0.00239508785,0.0021298714,2.69244192e-05,27,0,1
1e-07,313,0.00240290654,0.00213699113,2.70216606e-05,27,1,1
1e-07,314,0.00241071847,0.00214411225,2.71170138e-05,26,1,1
1e-07,315,0.00241853134,0.00215123524,2.72139223e-05,27,1,1
1e-07,316,0.00242633489,0.00215836102,2.73089754e-05,27,0,1
1e-07,317,0.002434158,0.00216548727,2.7407601e-05,27,1,1
1e-07,318,0.00244197901,0.00217261631,2.75018247e-05,26,1,1
1e-07,319,0.00244978769,0.00217974745,2.75983912e-05,27,0,1
1e-07,320,0.00245760847,0.00218687952,2.76941428e-05,27,0,1
1e-07,321,0.00246543135,0.00219401438,2.77908621e-05,27,0,1
1e-07,322,0.00247326097,0.00220115064,2.78842963e-05,26,1,1
1e-07,323,0.0024810934,0.00220828992,2.79864053e-05,27,1,1
1e-07,324,0.00248891325,0.00221543014,2.80816239e-05,27,0,1
1e-07,325,0.00249674357,0.00222257222,2.81779394e-05,27,0,1
1e-07,326,0.00250457483,0.00222971616,2.82749388e-05,27,0,1
1e-07,327,0.0025124196,0.00223686174,2.837377e-05,27,1,1
1e-07,328,0.00252024457,0.00224400964,2.84688576e-05,27,0,1
1e-07,329,0.00252808351,0.00225116033,2.85664792e-05,27,0,1
1e-07,330,0.00253593223,0.00225831196,2.86652466e-05,27,1,1
1e-07,331,0.00254377467,0.00226546521,2.87623425e-05,27,1,1
1e-07,332,0.00255160732,0.0022726215,2.88587216e-05,27,0,1
1e-07,333,0.00255945139,0.00227977824,2.89559175e-05,27,0,1
1e-07,334,0.00256730989,0.00228693802,2.90545595e-05,27,1,1
1e-07,335,0.00257515232,0.00229409942,2.91521101e-05,26,1,1
1e-07,336,0.0025830071,0.00230126292,2.92499644e-05,27,1,1
1e-07,337,0.00259086373,0.00230842852,2.93467911e-05,27,1,1
1e-07,338,0.00259870384,0.00231559481,2.94444217e-05,27,0,1
1e-07,339,0.00260656001,0.00232276414,2.95421669e-05,27,0,1
1e-07,340,0.00261441711,0.00232993439,2.96394428e-05,27,0,1
1e-07,341,0.00262228795,0.00233710767,2.97381885e-05,27,1,1
1e-07,342,0.00263014529,0.00234428165,2.98372197e-05,27,1,1
1e-07,343,0.00263800123,0.00235145888,2.99338899e-05,27,0,1
1e-07,344,0.00264586601,0.00235863728,3.00318898e-05,27,0,1
1e-07,345,0.0026537329,0.00236581778,3.01291366e-05,27,0,1
1e-07,346,0.00266160187,0.00237300014,3.02281624e-05,27,0,1
1e-07,347,0.00266947225,0.00238018436,3.03254255e-05,27,0,1
1e-07,348,0.00267734402,0.00238737091,3.04238747e-05,27,0,1
1e-07,349,0.00268522487,0.00239455816,3.05248141e-05,27,1,1
1e-07,350,0.00269309338,0.0024017489,3.06208312e-05,27,0,1
1e-07,351,0.00270097121,0.00240894104,3.07203627e-05,27,0,1
1e-07,352,0.0027088502,0.00241613458,3.0819032e-05,27,0,1
1e-07,353,0.00271673989,0.00242333044,3.09191746e-05,27,1,1
1e-07,354,0.00272462331,0.00243052794,3.10173564e-05,27,1,1
1e-07,355,0.00273249904,0.00243772706,3.11152107e-05,27,0,1
1e-07,356,0.00274038594,0.00244492921,3.12141929e-05,27,0,1
1e-07,357,0.00274827937,0.00245213229,3.13138153e-05,26,1,1
1e-07,358,0.00275616487,0.0024593377,3.14110403e-05,27,0,1
1e-07,359,0.00276405783,0.00246654521,3.15088619e-05,27,0,1
1e-07,360,0.00277196197,0.00247375434,3.16108089e-05,27,1,1
1e-07,361,0.00277985749,0.00248096557,3.17105223e-05,27,1,1
1e-07,362,0.00278775324,0.00248817913,3.18099301e-05,27,1,1
1e-07,363,0.00279564271,0.00249539339,3.19081664e-05,27,0,1
1e-07,364,0.0028035515,0.00250260928,3.20090185e-05,26,1,1
1e-07,365,0.0028114561,0.00250982912,3.21081861e-05,27,1,1
1e-07,366,0.00281935139,0.00251704943,3.22066153e-05,27,0,1
1e-07,367,0.00282725831,0.00252427231,3.23062268e-05,27,0,1
1e-07,368,0.00283517502,0.00253149727,3.24074135e-05,27,1,1
1e-07,369,0.00284308591,0.00253872364,3.25071123e-05,26,1,1
1e-07,370,0.00285100075,0.00254595187,3.26065128e-05,27,1,1
1e-07,371,0.00285890279,0.00255318219,3.27053494e-05,27,0,1
1e-07,372,0.00286682206,0.00256041414,3.28004062e-05,26,1,1
1e-07,373,0.00287474482,0.00256764889,3.29068207e-05,27,1,1
1e-07,374,0.00288265804,0.00257488387,3.30008115e-05,26,1,1
1e-07,375,0.00289057614,0.00258212164,3.31043593e-05,27,0,1
1e-07,376,0.00289849914,0.00258936244,3.32047748e-05,27,0,1
1e-07,377,0.00290643354,0.00259660394,3.33075441e-05,27,1,1
1e-07,378,0.00291435956,0.00260384846,3.34079159e-05,27,1,1
1e-07,379,0.00292227906,0.00261109369,3.35067161e-05,27,0,1
1e-07,380,0.00293021789,0.00261834101,3.36087323e-05,26,1,1
1e-07,381,0.0029381488,0.00262559089,3.3709337e-05,27,1,1
1e-07,382,0.00294607691,0.00263284263,3.38060272e-05,27,0,1
1e-07,383,0.00295401108,0.00264009554,3.39078761e-05,27,0,1
1e-07,384,0.00296195806,0.00264735171,3.40113038e-05,26,1,1
1e-07,385,0.00296989596,0.00265460741,3.41121231e-05,26,1,1
1e-07,386,0.00297783874,0.00266186753,3.42130406e-05,27,1,1
1e-07,387,0.00298578176,0.00266912836,3.431398e-05,27,1,1
1e-07,388,0.00299371709,0.00267639197,3.44134314e-05,27,0,1
1e-07,389,0.0030016629,0.00268365652,3.45145054e-05,27,0,1
1e-07,390,0.00300962012,0.00269092293,3.46171837e-05,26,1,1
1e-07,391,0.00301756151,0.00269819167,3.47155874e-05,27,0,1
1e-07,392,0.00302551407,0.00270546251,3.48168687e-05,27,0,1
1e-07,393,0.00303346803,0.00271273521,3.49181973e-05,27,0,1
1e-07,394,0.00304143201,0.00272001,3.50225127e-05,27,1,1
1e-07,395,0.00304938084,0.00272728596,3.51210692e-05,27,0,1
1e-07,396,0.00305734947,0.00273456494,3.52254719e-05,26,1,1
1e-07,397,0.00306530157,0.00274184532,3.53244104e-05,27,0,1
1e-07,398,0.00307326531,0.00274912803,3.54259246e-05,27,0,1
1e-07,399,0.00308123766,0.00275641168,3.55305747e-05,27,1,1
1e-07,400,0.00308919651,0.00276369811,3.56295241e-05,27,0,1
1e-07,401,0.00309717073,0.00277098641,3.57336248e-05,26,1,1
1e-07,402,0.00310514099,0.00277827494,3.58362595e-05,27,1,1
1e-07,403,0.00311310659,0.00278556813,3.59366641e-05,27,0,1
1e-07,404,0.00312108081,0.00279286224,3.60387312e-05,27,0,1
1e-07,405,0.00312905689,0.00280015729,3.61395178e-05,27,0,1
1e-07,406,0.0031370339,0.00280745537,3.62430837e-05,27,0,1
1e-07,407,0.00314501533,0.00281475578,3.63431136e-05,27,0,1
1e-07,408,0.0031529949,0.00282205711,3.64477382e-05,27,0,1
1e-07,409,0.00316098589,0.00282936008,3.65518026e-05,27,1,1
1e-07,410,0.00316897035,0.00283666537,3.66543027e-05,27,1,1
1e-07,411,0.00317694922,0.00284397323,3.67551838e-05,27,0,1
1e-07,412,0.0031849388,0.00285128341,3.68578258e-05,27,0,1
1e-07,413,0.003192937,0.00285859429,3.69622139e-05,27,1,1
1e-07,414,0.00320092076,0.00286590727,3.70631205e-05,27,0,1
1e-07,415,0.00320891477,0.00287322211,3.71646856e-05,27,0,1
1e-07,416,0.00321691111,0.00288053858,3.72666254e-05,27,0,1
1e-07,417,0.00322491606,0.00288785808,3.73736548e-05,27,1,1
1e-07,418,0.00323290844,0.00289518037,3.74750343e-05,27,0,1
1e-07,419,0.00324090966,0.00290250266,3.75782038e-05,27,0,1
1e-07,420,0.00324891252,0.00290982728,3.76814205e-05,27,0,1
1e-07,421,0.00325692538,0.00291715376,3.77862234e-05,27,1,1
1e-07,422,0.00326492358,0.00292448187,3.7887934e-05,27,0,1
1e-07,423,0.0032729425,0.00293181301,3.79922421e-05,27,1,1
1e-07,424,0.00328095048,0.00293914578,3.80963284e-05,27,1,1
1e-07,425,0.00328896428,0.00294648041,3.81998361e-05,27,1,1
1e-07,426,0.00329697062,0.00295381714,3.83003717e-05,27,0,1
1e-07,427,0.00330498582,0.00296115526,3.84052109e-05,27,0,1
1e-07,428,0.00331300357,0.00296849548,3.85088679e-05,27,0,1
1e-07,429,0.00332102249,0.00297583733,3.86127977e-05,27,0,1
1e-07,430,0.00332905306,0.00298318174,3.87184009e-05,27,1,1
1e-07,431,0.00333707011,0.00299052801,3.8817423e-05,27,0,1
1e-07,432,0.00334510184,0.00299787568,3.89259694e-05,27,1,1
1e-07,433,0.00335312937,0.00300522568,3.90302812e-05,26,1,1
1e-07,434,0.00336114876,0.00301257777,3.91312642e-05,27,0,1
1e-07,435,0.00336917886,0.00301993149,3.92370494e-05,27,0,1
1e-07,436,0.00337721105,0.00302728708,3.93411683e-05,27,0,1
1e-07,437,0.00338524627,0.00303464523,3.94439739e-05,27,0,1
1e-07,438,0.00339328195,0.003042005,3.95499083e-05,27,0,1
1e-07,439,0.00340131996,0.00304936687,3.96543328e-05,27,0,1
1e-07,440,0.00340936845,0.00305673061,3.97606491e-05,27,1,1
1e-07,441,0.00341741182,0.00306409597,3.98651755e-05,26,1,1
1e-07,442,0.00342544541,0.00307146343,3.99667988e-05,27,0,1
1e-07,443,0.00343349855,0.00307883252,4.00746321e-05,27,1,1
1e-07,444,0.00344153726,0.00308620417,4.01776415e-05,27,0,1
1e-07,445,0.00344958622,0.00309357769,4.0282488e-05,27,0,1
1e-07,446,0.0034576375,0.00310095283,4.03860395e-05,27,0,1
1e-07,447,0.00346569042,0.00310833077,4.049161e-05,27,0,1
1e-07,448,0.00347374403,0.00311570871,4.05961146e-05,27,0,1
1e-07,449,0.00348180858,0.0031230899,4.07044936e-05,27,1,1
1e-07,450,0.00348985964,0.00313047389,4.08063788e-05,27,0,1
1e-07,451,0.00349792931,0.00313785858,4.09149397e-05,26,1,1
1e-07,452,0.00350598921,0.0031452456,4.10203575e-05,27,1,1
1e-07,453,0.00351405446,0.00315263425,4.11256879e-05,26,1,1
1e-07,454,0.00352211716,0.00316002499,4.1231262e-05,27,1,1
1e-07,455,0.00353017659,0.00316741783,4.13350244e-05,27,0,1
1e-07,456,0.00353824697,0.003174813,4.14391106e-05,27,0,1
1e-07,457,0.00354631757,0.00318220933,4.15448558e-05,27,0,1
1e-07,458,0.00355438981,0.00318960799,4.16520852e-05,27,0,1
1e-07,459,0.00356246461,0.00319700828,4.17580886e-05,27,0,1
1e-07,460,0.00357054104,0.0032044109,4.1863801e-05,27,0,1
1e-07,461,0.00357862026,0.00321181607,4.19697899e-05,27,0,1
1e-07,462,0.00358669995,0.00321922218,4.20758151e-05,27,0,1
1e-07,463,0.00359479035,0.00322663039,4.2183834e-05,27,1,1
1e-07,464,0.00360287237,0.00323403999,4.2289983e-05,27,1,1
1e-07,465,0.00361095043,0.00324145192,4.23942765e-05,27,0,1
1e-07,466,0.0036190392,0.00324886711,4.2500611e-05,27,0,1
1e-07,467,0.00362712843,0.00325628323,4.2607011e-05,27,0,1
1e-07,468,0.00363523071,0.00326370145,4.27153027e-05,26,1,1
1e-07,469,0.00364331342,0.0032711206,4.28170424e-05,27,0,1
1e-07,470,0.00365140871,0.00327854301,4.29239371e-05,27,0,1
1e-07,471,0.00365951331,0.00328596774,4.30351211e-05,27,1,1
1e-07,472,0.00366760511,0.00329339318,4.31418448e-05,27,0,1
1e-07,473,0.00367570529,0.00330082141,4.3244032e-05,27,0,1
1e-07,474,0.00368380733,0.00330825103,4.33507521e-05,27,0,1
1e-07,475,0.0036919103,0.00331568276,4.34590838e-05,27,0,1
1e-07,476,0.00370002398,0.00332311657,4.35694747e-05,27,1,1
1e-07,477,0.00370812416,0.00333055248,4.36746486e-05,27,0,1
1e-07,478,0.00371623505,0.00333798979,4.37790732e-05,27,0,1
1e-07,479,0.00372434547,0.00334542943,4.38874231e-05,27,0,1
1e-07,480,0.00373245915,0.00335287163,4.39946562e-05,27,0,1
1e-07,481,0.00374058192,0.00336031476,4.41055745e-05,27,1,1
1e-07,482,0.00374869024,0.00336775929,4.42094861e-05,27,0,1
1e-07,483,0.00375680998,0.00337520801,4.43185636e-05,27,0,1
1e-07,484,0.00376493041,0.00338265719,4.44261168e-05,27,0,1
1e-07,485,0.00377306412,0.00339010847,4.45356309e-05,26,1,1
1e-07,486,0.0037811771,0.00339756138,4.4641467e-05,27,0,1
1e-07,487,0.00378930452,0.00340501755,4.47492057e-05,27,0,1
1e-07,488,0.00379744335,0.00341247465,4.48589271e-05,26,1,1
1e-07,489,0.00380556239,0.00341993337,4.49633117e-05,27,0,1
1e-07,490,0.0038136933,0.00342739373,4.50713414e-05,27,0,1
1e-07,491,0.00382182933,0.00343485898,4.51794149e-05,27,0,1
1e-07,492,0.0038299642,0.00344232353,4.52875829e-05,27,0,1
1e-07,493,0.0038381028,0.00344979041,4.53992252e-05,27,0,1
1e-07,494,0.00384623976,0.00345725869,4.55055342e-05,27,0,1
1e-07,495,0.00385438115,0.00346472953,4.56122507e-05,27,0,1
1e-07,496,0.00386252278,0.00347220153,4.57206843e-05,27,0,1
1e-07,497,0.00387067022,0.00347967795,4.5827881e-05,27,0,1
1e-07,498,0.0038788158,0.00348715461,4.59376788e-05,27,0,1
1e-07,499,0.00388696231,0.00349463173,4.60463489e-05,27,0,1
1e-07,500,0.00389512233,0.00350211374,4.61585223e-05,27,1,1
1e-07,501,0.00390326581,0.00350959646,4.62653334e-05,27,0,1
1e-07,502,0.00391143095,0.00351708126,4.63760225e-05,26,1,1
1e-07,503,0.00391957583,0.00352456793,4.64830264e-05,27,0,1
1e-07,504,0.00392773328,0.00353205623,4.65919256e-05,27,0,1
1e-07,505,0.00393589633,0.00353954779,4.67029749e-05,27,0,1
1e-07,506,0.00394406309,0.00354703912,4.68120743e-05,27,1,1
1e-07,507,0.00395221775,0.0035545337,4.69192819e-05,27,0,1
1e-07,508,0.00396038359,0.00356203015,4.70268496e-05,27,0,1
1e-07,509,0.00396855036,0.00356952869,4.71361782e-05,27,0,1
1e-07,510,0.00397672644,0.00357702957,4.72491884e-05,27,1,1
1e-07,511,0.00398488948,0.00358453137,4.73550572e-05,27,0,1
1e-07,512,0.00399306184,0.00359203573,4.74661065e-05,27,0,1
1e-07,513,0.00400123559,0.00359954126,4.75756897e-05,27,0,1
1e-07,514,0.00400941353,0.00360705052,4.76838068e-05,27,0,1
1e-07,515,0.00401759055,0.00361456024,4.77934445e-05,27,0,1
1e-07,516,0.00402577128,0.00362207228,4.79020891e-05,27,0,1
1e-07,517,0.00403395202,0.00362958643,4.8014801e-05,27,0,1
1e-07,518,0.00404213602,0.00363710267,4.81246825e-05,27,0,1
1e-07,519,0.00405032188,0.00364462053,4.82330033e-05,27,0,1
1e-07,520,0.00405850913,0.00365214096,4.83431468e-05,27,0,1
1e-07,521,0.00406669825,0.00365966302,4.84549564e-05,27,0,1
1e-07,522,0.0040748897,0.00366718695,4.85634373e-05,27,0,1
1e-07,523,0.00408309326,0.00367471226,4.86774152e-05,26,1,1
1e-07,524,0.00409127679,0.00368224038,4.87839861e-05,27,0,1
1e-07,525,0.00409947429,0.00368977082,4.88945989e-05,27,0,1
1e-07,526,0.00410767272,0.00369730196,4.90037273e-05,27,0,1
1e-07,527,0.00411587395,0.00370483613,4.91193678e-05,27,0,1
1e-07,528,0.00412407657,0.00371237262,4.92300132e-05,27,0,1
1e-07,529,0.00413228059,0.00371991028,4.93357438e-05,27,0,1
1e-07,530,0.00414048368,0.00372744934,4.94494379e-05,27,0,1
1e-07,531,0.00414870074,0.00373499119,4.95623935e-05,27,1,1
1e-07,532,0.00415690104,0.0037425342,4.96712746e-05,27,0,1
1e-07,533,0.00416511204,0.00375007978,4.9782222e-05,27,0,1
1e-07,534,0.00417333422,0.00375762768,4.98954469e-05,27,1,1
1e-07,535,0.00418155268,0.00376517675,5.00064853e-05,26,1,1
1e-07,536,0.00418975903,0.00377272954,5.01156392e-05,27,0,1
1e-07,537,0.00419797935,0.0037802835,5.02252187e-05,27,0,1
1e-07,538,0.00420620618,0.00378783816,5.0340419e-05,27,1,1
1e-07,539,0.00421442138,0.00379539584,5.04497621e-05,27,0,1
1e-07,540,0.00422264636,0.00380295585,5.0561237e-05,27,0,1
1e-07,541,0.00423087226,0.00381051633,5.06710239e-05,27,0,1
1e-07,542,0.00423910003,0.0038180796,5.07826917e-05,27,0,1
1e-07,543,0.00424733013,0.00382564496,5.08943704e-05,27,0,1
1e-07,544,0.00425556162,0.00383321196,5.10079335e-05,27,0,1
1e-07,545,0.00426379684,0.00384078245,5.1118066e-05,27,0,1
1e-07,546,0.00427204045,0.0038483534,5.12338411e-05,27,1,1
1e-07,547,0.00428026915,0.00385592645,5.13437044e-05,27,0,1
1e-07,548,0.00428850902,0.00386350206,5.14538588e-05,27,0,1
1e-07,549,0.00429675914,0.0038710793,5.15700485e-05,27,1,1
1e-07,550,0.00430500135,0.00387865864,5.16822656e-05,27,1,1
1e-07,551,0.00431324588,0.00388623914,5.17945446e-05,27,1,1
1e-07,552,0.004321496,0.0038938222,5.19067908e-05,26,1,1
1e-07,553,0.00432973402,0.00390140852,5.20171488e-05,27,0,1
1e-07,554,0.00433799252,0.00390899461,5.21317925e-05,27,1,1
1e-07,555,0.0043462445,0.00391658442,5.22443879e-05,27,1,1
1e-07,556,0.00435449881,0.0039241747,5.23570234e-05,27,1,1
1e-07,557,0.00436274661,0.00393176824,5.24674761e-05,27,0,1
1e-07,558,0.00437100511,0.00393936317,5.25802716e-05,27,0,1
1e-07,559,0.00437926501,0.00394696044,5.26932054e-05,27,0,1
1e-07,560,0.00438752677,0.00395455956,5.28060991e-05,27,0,1
1e-07,561,0.0043957918,0.00396216102,5.29171484e-05,27,0,1
1e-07,562,0.00440405682,0.00396976341,5.3030195e-05,27,0,1
1e-07,563,0.00441232324,0.00397736859,5.31452897e-05,27,0,1
1e-07,564,0.00442060176,0.00398497563,5.32607191e-05,27,1,1
1e-07,565,0.00442887098,0.0039925836,5.33739621e-05,27,1,1
1e-07,566,0.00443713646,0.0040001953,5.3485106e-05,27,0,1
1e-07,567,0.0044454122,0.00400780886,5.35985673e-05,27,0,1
1e-07,568,0.00445369957,0.00401542243,5.37141568e-05,26,1,1
1e-07,569,0.00446196692,0.00402303925,5.38238382e-05,27,0,1
1e-07,570,0.00447024778,0.00403065886,5.39392277e-05,27,0,1
1e-07,571,0.00447853049,0.00403827988,5.40512592e-05,27,0,1
1e-07,572,0.00448681414,0.00404590182,5.41649861e-05,27,0,1
1e-07,573,0.00449509965,0.00405352656,5.42788257e-05,27,0,1
1e-07,574,0.00450338749,0.00406115316,5.4392629e-05,27,0,1
1e-07,575,0.00451168604,0.00406878302,5.45107687e-05,27,1,1
1e-07,576,0.00451997621,0.00407641288,5.4624863e-05,27,1,1
1e-07,577,0.00452827057,0.004084046,5.47390082e-05,27,1,1
1e-07,578,0.00453656679,0.00409168098,5.48532153e-05,27,1,1
1e-07,579,0.00454486767,0.0040993169,5.49673932e-05,26,1,1
1e-07,580,0.00455316156,0.0041069556,5.50818331e-05,27,1,1
1e-07,581,0.00456145545,0.00411459664,5.5192224e-05,27,0,1
1e-07,582,0.00456976565,0.00412223861,5.53108184e-05,27,1,1
1e-07,583,0.00457806373,0.00412988476,5.54231301e-05,27,0,1
1e-07,584,0.00458636926,0.00413753092,5.55377701e-05,27,0,1
1e-07,585,0.00459467899,0.00414517988,5.56506893e-05,27,0,1
1e-07,586,0.0046029957,0.00415282929,5.57695676e-05,27,1,1
1e-07,587,0.00461130869,0.00416048197,5.58844404e-05,27,1,1
1e-07,588,0.00461961469,0.00416813744,5.59970867e-05,27,0,1
1e-07,589,0.00462793931,0.00417579338,5.61143679e-05,27,1,1
1e-07,590,0.00463625696,0.00418345211,5.62294299e-05,27,1,1
1e-07,591,0.00464457646,0.00419111224,5.63445938e-05,27,1,1
1e-07,592,0.00465288898,0.0041987747,5.64556976e-05,27,0,1
1e-07,593,0.00466122059,0.00420643901,5.65751216e-05,27,1,1
1e-07,594,0.00466954755,0.00421410659,5.66905073e-05,27,1,1
1e-07,595,0.00467787543,0.00422177603,5.6805955e-05,27,1,1
1e-07,596,0.00468619494,0.00422944548,5.69191579e-05,27,0,1
1e-07,597,0.00469453819,0.00423711818,5.70369921e-05,26,1,1
1e-07,598,0.00470286654,0.00424479274,5.7152738e-05,27,1,1
1e-07,599,0.00471119396,0.00425246917,5.72642675e-05,27,0,1
1e-07,600,0.00471954187,0.00426014652,5.73842008e-05,26,1,1
1e-07,601,0.00472787721,0.00426782807,5.75001795e-05,27,1,1
1e-07,602,0.00473621767,0.00427551055,5.76161146e-05,27,1,1
1e-07,603,0.00474456046,0.00428319536,5.77321771e-05,27,1,1
1e-07,604,0.00475290464,0.00429088203,5.78482832e-05,27,1,1
1e-07,605,0.00476124045,0.00429856963,5.79620391e-05,27,0,1
1e-07,606,0.00476958835,0.00430625957,5.80764754e-05,27,0,1
1e-07,607,0.00477794744,0.00431395369,5.81969871e-05,27,1,1
1e-07,608,0.00478629069,0.00432164734,5.83091169e-05,27,0,1
1e-07,609,0.00479464419,0.00432934379,5.84255613e-05,27,0,1
1e-07,610,0.00480301213,0.0043370421,5.85463349e-05,26,1,1
1e-07,611,0.00481136283,0.00434474181,5.86630122e-05,27,1,1
1e-07,612,0.00481972285,0.00435244478,5.87796712e-05,27,1,1
1e-07,613,0.00482807588,0.00436014961,5.8894042e-05,27,0,1
1e-07,614,0.00483643916,0.00436785584,5.90108975e-05,27,0,1
1e-07,615,0.00484480429,0.0043755644,5.91257012e-05,27,0,1
1e-07,616,0.0048531699,0.00438327389,5.92428078e-05,27,0,1
1e-07,617,0.0048615383,0.00439098617,5.93618824e-05,27,0,1
1e-07,618,0.00486990996,0.00439870125,5.94769481e-05,27,0,1
1e-07,619,0.00487829,0.00440641725,5.95985366e-05,27,1,1
1e-07,620,0.00488666911,0.00441413652,5.97157341e-05,26,1,1
1e-07,621,0.00489503145,0.00442185625,5.98286351e-05,27,0,1
1e-07,622,0.00490341755,0.00442957925,5.99505984e-05,27,1,1
1e-07,623,0.00491180224,0.00443730317,6.00679632e-05,26,1,1
1e-07,624,0.00492018322,0.00444502896,6.01855536e-05,26,1,1
1e-07,625,0.00492856326,0.004452758,6.0303264e-05,27,1,1
1e-07,626,0.00493694842,0.00446048845,6.04210109e-05,27,1,1
1e-07,627,0.00494532706,0.00446822122,6.05363275e-05,27,0,1
1e-07,628,0.00495371595,0.00447595492,6.0654198e-05,27,0,1
1e-07,629,0.00496211648,0.00448369188,6.07745715e-05,27,1,1
1e-07,630,0.00497051282,0.00449142931,6.08924674e-05,26,1,1
1e-07,631,0.00497889472,0.00449916953,6.10097341e-05,26,0,1
1e-07,632,0.00498729153,0.00450691208,6.11287251e-05,27,0,1
1e-07,633,0.00499569019,0.00451465743,6.12446165e-05,27,0,1
1e-07,634,0.00500409817,0.0045224037,6.13653247e-05,27,1,1
1e-07,635,0.00501249265,0.00453015231,6.14812161e-05,27,0,1
1e-07,636,0.00502091087,0.00453790277,6.16020989e-05,26,1,1
1e-07,637,0.00502931047,0.00454565464,6.17206606e-05,27,1,1
1e-07,638,0.00503771147,0.00455340976,6.18367631e-05,27,0,1
1e-07,639,0.00504612178,0.00456116628,6.19554921e-05,27,0,1
1e-07,640,0.00505453395,0.00456892513,6.20741121e-05,27,0,1
1e-07,641,0.00506294705,0.00457668491,6.21909712e-05,27,0,1
1e-07,642,0.00507136248,0.00458444748,6.23119267e-05,27,0,1
1e-07,643,0.00507978071,0.00459221238,6.2428684e-05,27,0,1
1e-07,644,0.00508820871,0.00459997915,6.25524262e-05,27,1,1
1e-07,645,0.00509662088,0.00460774731,6.26689871e-05,27,0,1
1e-07,646,0.0051050433,0.00461551687,6.27859408e-05,27,0,1
1e-07,647,0.00511346851,0.00462328969,6.29073984e-05,27,0,1
1e-07,648,0.00512189558,0.00463106483,6.30267459e-05,27,0,1
1e-07,649,0.00513033196,0.00463884044,6.31486764e-05,27,1,1
1e-07,650,0.00513875484,0.00464661885,6.32635347e-05,27,0,1
1e-07,651,0.00514718704,0.00465439958,6.33830059e-05,27,0,1
1e-07,652,0.00515562203,0.00466218265,6.35048273e-05,27,0,1
1e-07,653,0.00516405795,0.00466996711,6.36244949e-05,27,0,1
1e-07,654,0.00517250644,0.00467775436,6.37468183e-05,27,1,1
1e-07,655,0.00518094283,0.00468554115,6.38666461e-05,27,1,1
1e-07,656,0.00518938713,0.00469333353,6.39865757e-05,27,1,1
1e-07,657,0.0051978305,0.0047011259,6.41065999e-05,27,1,1
1e-07,658,0.00520626968,0.00470892107,6.42220111e-05,27,0,1
1e-07,659,0.0052147177,0.00471671764,6.43422172e-05,27,0,1
1e-07,660,0.00522316573,0.00472451607,6.4464497e-05,27,0,1
1e-07,661,0.00523161702,0.00473231636,6.45847977e-05,27,0,1
1e-07,662,0.00524007063,0.00474011898,6.47051638e-05,27,0,1
1e-07,663,0.00524853496,0.00474792439,6.4828193e-05,27,1,1
1e-07,664,0.00525699696,0.00475573028,6.49486174e-05,26,1,1
1e-07,665,0.00526544312,0.00476353941,6.50646471e-05,27,0,1
1e-07,666,0.00527390232,0.00477134902,6.51874216e-05,27,0,1
1e-07,667,0.00528237363,0.00477916142,6.53106836e-05,27,1,1
1e-07,668,0.00529083004,0.00478697708,6.54289179e-05,27,0,1
1e-07,669,0.0052992967,0.00479479367,6.55475378e-05,27,0,1
1e-07,670,0.00530776661,0.00480261352,6.56687407e-05,27,0,1
1e-07,671,0.00531624258,0.00481043244,6.57944256e-05,27,1,1
1e-07,672,0.00532471715,0.00481825648,6.59155558e-05,27,1,1
1e-07,673,0.00533319125,0.00482608145,6.60367295e-05,27,1,1
1e-07,674,0.00534165837,0.00483390782,6.61531376e-05,27,0,1
1e-07,675,0.00535013666,0.00484173745,6.6276858e-05,27,0,1
1e-07,676,0.00535862474,0.00484956754,6.64007966e-05,27,1,1
1e-07,677,0.00536710536,0.0048574009,6.65222615e-05,27,1,1
1e-07,678,0.00537559018,0.00486523611,6.66438791e-05,27,1,1
1e-07,679,0.00538406754,0.00487307273,6.67606655e-05,27,0,1
1e-07,680,0.00539256306,0.0048809112,6.6887209e-05,27,1,1
1e-07,681,0.00540105812,0.00488875248,6.70089212e-05,26,1,1
1e-07,682,0.00540954294,0.00489659561,6.7130859e-05,27,1,1
1e-07,683,0.00541804265,0.0049044406,6.72527094e-05,26,1,1
1e-07,684,0.00542652234,0.00491228653,6.73698669e-05,27,0,1
1e-07,685,0.00543502066,0.00492013711,6.74921757e-05,27,0,1
1e-07,686,0.00544351991,0.00492798816,6.76144118e-05,27,0,1
1e-07,687,0.00545202196,0.00493584201,6.77366188e-05,27,0,1
1e-07,688,0.005460524,0.00494369725,6.78588185e-05,27,0,1
1e-07,689,0.00546902744,0.00495155342,6.79811565e-05,27,0,1
1e-07,690,0.00547753321,0.00495941192,6.81058373e-05,27,0,1
1e-07,691,0.00548604364,0.00496727508,6.82262616e-05,27,0,1
1e-07,692,0.00549455266,0.0049751373,6.83487597e-05,27,0,1
1e-07,693,0.00550306542,0.00498300279,6.84715778e-05,27,0,1
1e-07,694,0.0055115791,0.00499087013,6.8596506e-05,27,0,1
1e-07,695,0.00552010257,0.00499873888,6.87220163e-05,27,1,1
1e-07,696,0.00552861998,0.00500661042,6.88449218e-05,27,1,1
1e-07,697,0.00553713227,0.00501448382,6.89628359e-05,27,0,1
1e-07,698,0.0055456534,0.00502235861,6.90882589e-05,27,0,1
1e-07,699,0.00555418571,0.00503023667,6.92140893e-05,27,1,1
1e-07,700,0.00556271058,0.00503811566,6.9337395e-05,27,1,1
1e-07,701,0.00557123078,0.00504599698,6.94605769e-05,27,0,1
1e-07,702,0.0055797603,0.00505388062,6.95839553e-05,27,0,1
1e-07,703,0.00558829866,0.0050617666,6.9707472e-05,27,1,1
1e-07,704,0.00559683191,0.00506965397,6.9831025e-05,27,1,1
1e-07,705,0.00560536049,0.00507754507,6.99518641e-05,27,0,1
1e-07,706,0.00561389653,0.00508543523,7.00733071e-05,27,0,1
1e-07,707,0.00562244188,0.00509332819,7.02020188e-05,27,1,1
1e-07,708,0.00563098025,0.00510122208,7.03258629e-05,27,1,1
1e-07,709,0.00563951768,0.00510912202,7.04470731e-05,27,0,1
1e-07,710,0.00564806303,0.0051170229,7.05689527e-05,27,0,1
1e-07,711,0.00565660838,0.00512492331,7.06928331e-05,27,0,1
1e-07,712,0.00566517096,0.00513282698,7.08218504e-05,27,1,1
1e-07,713,0.00567370653,0.00514073204,7.09412707e-05,27,0,1
1e-07,714,0.005682257,0.00514863897,7.10655004e-05,27,0,1
1e-07,715,0.00569081167,0.00515654916,7.11899629e-05,27,0,1
1e-07,716,0.00569936913,0.00516446261,7.13143309e-05,27,0,1
1e-07,717,0.00570792658,0.00517237559,7.14387716e-05,27,0,1
1e-07,718,0.00571648637,0.00518029183,7.1563336e-05,27,0,1
1e-07,719,0.00572504848,0.0051882104,7.1688024e-05,27,0,1
1e-07,720,0.0057336255,0.0051961299,7.18176452e-05,27,1,1
1e-07,721,0.00574217644,0.00520405173,7.19397576e-05,27,0,1
1e-07,722,0.0057507446,0.00521197636,7.20622411e-05,27,0,1
1e-07,723,0.00575932069,0.00521990191,7.21924007e-05,27,1,1
1e-07,724,0.0057678842,0.00522782933,7.23163321e-05,26,0,1
1e-07,725,0.00577646587,0.00523576047,7.24425918e-05,27,1,1
1e-07,726,0.00578503218,0.00524369208,7.25650025e-05,27,0,1
1e-07,727,0.00579361757,0.00525162695,7.26930157e-05,27,1,1
1e-07,728,0.00580218714,0.00525956182,7.28134255e-05,27,0,1
1e-07,729,0.00581076974,0.00526750181,7.29387539e-05,27,0,1
1e-07,730,0.00581935048,0.00527544087,7.30665342e-05,27,0,1
1e-07,731,0.00582794938,0.00528338319,7.31948458e-05,27,1,1
1e-07,732,0.00583653431,0.00529132644,7.33198613e-05,27,0,1
1e-07,733,0.00584510993,0.00529927434,7.34435234e-05,27,0,1
1e-07,734,0.00585370837,0.00530722272,7.35720823e-05,27,1,1
1e-07,735,0.00586230168,0.00531517435,7.36980073e-05,27,1,1
1e-07,736,0.00587088522,0.00532312365,7.38228555e-05,26,0,1
1e-07,737,0.00587949157,0.00533108041,7.39500028e-05,27,1,1
1e-07,738,0.00588807976,0.00533903576,7.40749601e-05,26,0,1
1e-07,739,0.0058966889,0.00534699624,7.42023476e-05,27,1,1
1e-07,740,0.00590529013,0.00535495672,7.43286073e-05,27,1,1
1e-07,741,0.00591389602,0.00536292046,7.44548961e-05,27,1,1
1e-07,742,0.0059224912,0.00537088374,7.45812504e-05,27,0,1
1e-07,743,0.00593109988,0.00537885167,7.47077647e-05,27,0,1
1e-07,744,0.00593970763,0.00538681913,7.48316452e-05,27,0,1
1e-07,745,0.00594831957,0.00539479032,7.49582468e-05,27,0,1
1e-07,746,0.00595693337,0.00540276477,7.50849431e-05,27,0,1
1e-07,747,0.00596555602,0.00541073829,7.52145934e-05,27,1,1
1e-07,748,0.00597417261,0.00541871507,7.53414934e-05,27,1,1
1e-07,749,0.00598279806,0.0054266951,7.54683642e-05,27,1,1
1e-07,750,0.00599141326,0.00543467468,7.55954316e-05,27,1,1
1e-07,751,0.00600006431,0.00544265984,7.57227244e-05,27,1,1
1e-07,752,0.00600865157,0.00545064313,7.58497044e-05,27,0,1
1e-07,753,0.00601728493,0.00545862969,7.5977041e-05,27,1,1
1e-07,754,0.00602594391,0.0054666237,7.61045376e-05,27,1,1
1e-07,755,0.00603453768,0.00547461212,7.62289055e-05,27,0,1
1e-07,756,0.00604317058,0.00548260566,7.63565477e-05,27,0,1
1e-07,757,0.00605181791,0.00549060013,7.64867582e-05,27,1,1
1e-07,758,0.00606044754,0.00549859693,7.66145386e-05,27,1,1
1e-07,759,0.00606908696,0.00550659746,7.67423262e-05,27,1,1
1e-07,760,0.00607772684,0.00551459892,7.68700993e-05,27,1,1
1e-07,761,0.00608636811,0.0055226027,7.69979961e-05,27,1,1
1e-07,762,0.00609500334,0.00553060742,7.7123128e-05,27,0,1
1e-07,763,0.00610364974,0.0055386154,7.72511412e-05,27,0,1
1e-07,764,0.00611229753,0.00554662524,7.73792272e-05,27,0,1
1e-07,765,0.00612096023,0.00555463647,7.7509605e-05,26,0,1
1e-07,766,0.00612959871,0.00556265097,7.76384841e-05,27,0,1
1e-07,767,0.00613825163,0.0055706664,7.77639871e-05,27,0,1
1e-07,768,0.00614690827,0.00557868509,7.78952817e-05,27,0,1
1e-07,769,0.00615556492,0.0055867047,7.80209375e-05,27,0,1
1e-07,770,0.00616422482,0.00559472712,7.81523777e-05,27,0,1
1e-07,771,0.00617288612,0.00560275093,7.82810603e-05,27,0,1
1e-07,772,0.00618155766,0.0056107766,7.84098665e-05,27,1,1
1e-07,773,0.00619022269,0.00561880507,7.8538651e-05,27,1,1
1e-07,774,0.00619888073,0.00562683539,7.86674864e-05,27,0,1
1e-07,775,0.00620755693,0.00563486619,7.87965109e-05,27,1,1
1e-07,776,0.00621622102,0.00564290257,7.89227488e-05,27,0,1
1e-07,777,0.0062248921,0.00565093756,7.90546183e-05,27,0,1
1e-07,778,0.00623356644,0.00565897534,7.91838247e-05,27,0,1
1e-07,779,0.00624224124,0.00566701405,7.93102809e-05,27,0,1
1e-07,780,0.00625092024,0.00567505788,7.94395746e-05,27,0,1
1e-07,781,0.00625960156,0.00568310311,7.95719097e-05,27,0,1
1e-07,782,0.00626828335,0.00569114927,7.97014363e-05,27,0,1
1e-07,783,0.00627700426,0.00569920102,7.9831254e-05,27,1,1
1e-07,784,0.00628569722,0.00570725044,7.99609625e-05,27,1,1
1e-07,785,0.00629435107,0.00571530173,8.00905182e-05,27,1,1
1e-07,786,0.00630304031,0.00572335627,8.02204013e-05,27,1,1
1e-07,787,0.00631173188,0.00573141314,8.0350299e-05,27,1,1
1e-07,788,0.00632043183,0.00573947234,8.04801384e-05,27,1,1
1e-07,789,0.00632911641,0.0057475348,8.06102689e-05,27,0,1
1e-07,790,0.00633781264,0.00575559773,8.07375618e-05,27,0,1
1e-07,791,0.00634652004,0.00576366205,8.08706754e-05,27,1,1
1e-07,792,0.00635522651,0.0057717287,8.10008569e-05,27,1,1
1e-07,793,0.00636392459,0.00577979768,8.11313439e-05,27,1,1
1e-07,794,0.00637262035,0.00578786852,8.12616927e-05,27,0,1
1e-07,795,0.00638133008,0.00579594309,8.13922525e-05,27,0,1
1e-07,796,0.00639004912,0.00580401532,8.15221065e-05,26,0,1
1e-07,797,0.00639876258,0.00581209455,8.165279e-05,26,0,1
1e-07,798,0.00640747603,0.00582017424,8.17842956e-05,27,1,1
1e-07,799,0.00641619181,0.00582825625,8.19151392e-05,27,1,1
1e-07,800,0.00642489363,0.00583633874,8.20460991e-05,27,0,1
1e-07,801,0.00643361174,0.00584442401,8.21741705e-05,27,0,1
1e-07,802,0.00644233497,0.00585251441,8.23052469e-05,27,0,1
1e-07,803,0.00645105541,0.00586060155,8.24364033e-05,27,0,1
1e-07,804,0.00645978749,0.00586869288,8.2570652e-05,27,1,1
1e-07,805,0.00646851351,0.00587678654,8.27019685e-05,27,1,1
1e-07,806,0.0064772428,0.00588488299,8.28333577e-05,27,1,1
1e-07,807,0.00648596743,0.00589298271,8.29618439e-05,27,0,1
1e-07,808,0.00649470743,0.00590108288,8.30964127e-05,27,1,1
1e-07,809,0.00650344742,0.00590918446,8.32279475e-05,27,1,1
1e-07,810,0.00651217671,0.0059172879,8.33597587e-05,27,1,1
1e-07,811,0.00652090833,0.00592539506,8.34914608e-05,27,0,1
1e-07,812,0.00652964879,0.00593350455,8.36233448e-05,27,0,1
1e-07,813,0.0065383967,0.00594161218,8.37553816e-05,27,1,1
1e-07,814,0.00654713344,0.00594972586,8.38873166e-05,27,0,1
1e-07,815,0.00655587856,0.00595783954,8.40194189e-05,27,0,1
1e-07,816,0.0065646274,0.00596595695,8.41516012e-05,27,0,1
1e-07,817,0.00657337671,0.00597407483,8.42838635e-05,27,0,1
1e-07,818,0.00658212882,0.00598219596,8.44161841e-05,27,0,1
1e-07,819,0.00659088278,0.00599031942,8.45456088e-05,27,0,1
1e-07,820,0.00659963675,0.00599844242,8.46811017e-05,27,0,1
1e-07,821,0.00660839444,0.0060065696,8.48107084e-05,27,0,1
1e-07,822,0.00661715446,0.00601469912,8.49433563e-05,27,0,1
1e-07,823,0.00662592426,0.00602283003,8.50791548e-05,27,1,1
1e-07,824,0.00663468055,0.00603096467,8.5208987e-05,27,0,1
1e-07,825,0.00664345827,0.00603909837,8.53448437e-05,27,1,1
1e-07,826,0.00665221224,0.00604723627,8.54748068e-05,27,0,1
1e-07,827,0.0066609811,0.0060553751,8.56078041e-05,27,0,1
1e-07,828,0.0066697658,0.00606351579,8.57439882e-05,27,1,1
1e-07,829,0.00667853886,0.00607165974,8.58772401e-05,27,1,1
1e-07,830,0.00668730726,0.00607980508,8.60105793e-05,27,1,1
1e-07,831,0.00669607753,0.00608795322,8.61409062e-05,27,0,1
1e-07,832,0.00670486828,0.00609610137,8.62765664e-05,26,0,1
1e-07,833,0.00671363669,0.0061042551,8.64077956e-05,27,0,1
1e-07,834,0.00672241952,0.00611240836,8.65415059e-05,27,0,1
1e-07,835,0.00673121586,0.00612056162,8.66781702e-05,27,1,1
1e-07,836,0.00673999125,0.0061287228,8.68088682e-05,27,0,1
1e-07,837,0.00674877875,0.00613688212,8.69457872e-05,27,0,1
1e-07,838,0.00675756857,0.00614504376,8.7076638e-05,27,0,1
1e-07,839,0.00676636118,0.00615320774,8.7210683e-05,27,0,1
1e-07,840,0.00677516731,0.00616137218,8.73470417e-05,26,0,1
1e-07,841,0.00678396365,0.00616954034,8.74811521e-05,26,0,1
1e-07,842,0.00679274881,0.0061777113,8.76131526e-05,27,0,1
1e-07,843,0.00680154888,0.00618588366,8.7747525e-05,27,0,1
1e-07,844,0.00681035127,0.00619405881,8.78849387e-05,27,0,1
1e-07,845,0.006819156,0.00620223582,8.80194202e-05,27,0,1
1e-07,846,0.00682796305,0.00621041516,8.81540109e-05,27,0,1
1e-07,847,0.00683676917,0.00621859403,8.82886306e-05,27,0,1
1e-07,848,0.00684557948,0.00622677803,8.84233959e-05,27,0,1
1e-07,849,0.00685440376,0.0062349611,8.85581539e-05,27,1,1
1e-07,850,0.0068632178,0.00624314789,8.86930866e-05,27,1,1
1e-07,851,0.0068720202,0.00625133794,8.8828041e-05,27,0,1
1e-07,852,0.00688083703,0.00625952799,8.89600051e-05,27,0,1
1e-07,853,0.00688965712,0.00626772176,8.90951051e-05,27,0,1
1e-07,854,0.00689847814,0.00627591647,8.92304452e-05,27,0,1
1e-07,855,0.00690730149,0.00628411397,8.93686956e-05,27,0,1
1e-07,856,0.00691613508,0.00629231334,8.95041667e-05,27,1,1
1e-07,857,0.00692495517,0.00630051596,8.96364363e-05,27,0,1
1e-07,858,0.00693378318,0.00630871765,8.97750142e-05,27,0,1
1e-07,859,0.00694261398,0.00631692307,8.99106089e-05,27,0,1
1e-07,860,0.00695144804,0.00632513175,9.00431987e-05,27,0,1
1e-07,861,0.00696028303,0.00633334182,9.0179019e-05,27,0,1
1e-07,862,0.00696913339,0.00634155329,9.03171676e-05,26,0,1
1e-07,863,0.00697795954,0.00634976709,9.04538829e-05,27,0,1
1e-07,864,0.00698679918,0.00635798275,9.05867491e-05,27,0,1
1e-07,865,0.00699564256,0.00636620075,9.0722795e-05,27,0,1
1e-07,866,0.00700448686,0.0063744206,9.0859081e-05,27,0,1
1e-07,867,0.00701333489,0.00638264418,9.09984374e-05,27,0,1
1e-07,868,0.00702218246,0.00639086729,9.11347597e-05,27,0,1
1e-07,869,0.00703103328,0.00639909366,9.12711621e-05,27,0,1
1e-07,870,0.00703988411,0.0064073205,9.14045086e-05,27,0,1
1e-07,871,0.00704875169,0.00641555106,9.1544207e-05,27,1,1
1e-07,872,0.00705760624,0.00642378675,9.1680995e-05,27,1,1
1e-07,873,0.00706646359,0.00643202011,9.18177175e-05,27,1,1
1e-07,874,0.00707532372,0.00644025626,9.19545128e-05,27,1,1
1e-07,875,0.00708417688,0.00644849427,9.20912789e-05,27,0,1
1e-07,876,0.00709305564,0.00645673554,9.22282488e-05,27,1,1
1e-07,877,0.00710192276,0.00646498008,9.23654006e-05,27,1,1
1e-07,878,0.00711078942,0.00647322414,9.25024724e-05,27,1,1
1e-07,879,0.00711966259,0.00648147287,9.26396751e-05,27,1,1
1e-07,880,0.00712851854,0.00648972066,9.27770088e-05,27,0,1
1e-07,881,0.00713740382,0.00649797078,9.29136149e-05,26,0,1
1e-07,882,0.00714628119,0.00650622463,9.30518945e-05,27,1,1
1e-07,883,0.00715514645,0.00651448127,9.31894028e-05,27,0,1
1e-07,884,0.00716403546,0.00652273931,9.33271003e-05,27,1,1
1e-07,885,0.0071729091,0.00653099921,9.34647396e-05,27,0,1
1e-07,886,0.00718179299,0.00653926097,9.35993958e-05,27,0,1
1e-07,887,0.00719068572,0.00654752413,9.37405202e-05,27,1,1
1e-07,888,0.00719956495,0.00655579008,9.38751327e-05,27,0,1
1e-07,889,0.00720846327,0.0065640579,9.40159007e-05,27,0,1
1e-07,890,0.00721734855,0.0065723299,9.4151299e-05,27,0,1
1e-07,891,0.00722623896,0.00658059958,9.42926345e-05,27,0,1
1e-07,892,0.00723514846,0.00658887392,9.44309868e-05,27,1,1
1e-07,893,0.00724403281,0.00659715105,9.45692736e-05,27,0,1
1e-07,894,0.00725293206,0.00660542957,9.47077206e-05,27,0,1
1e-07,895,0.00726184249,0.0066137109,9.48464003e-05,27,1,1
1e-07,896,0.00727074966,0.00662199175,9.49848181e-05,27,1,1
1e-07,897,0.00727965403,0.0066302754,9.51234979e-05,27,1,1
1e-07,898,0.00728855003,0.0066385651,9.52590126e-05,27,0,1
1e-07,899,0.00729746744,0.00664685434,9.54012576e-05,27,1,1
1e-07,900,0.0073063788,0.00665514497,9.5540192e-05,27,1,1
1e-07,901,0.00731528178,0.006663437,9.56757867e-05,27,0,1
1e-07,902,0.00732419919,0.00667173369,9.58181772e-05,27,0,1
1e-07,903,0.00733311381,0.00668002898,9.59540121e-05,27,0,1
1e-07,904,0.0073420424,0.00668832939,9.60967009e-05,27,1,1
1e-07,905,0.00735096727,0.00669663027,9.62359118e-05,27,1,1
1e-07,906,0.00735987537,0.00670493301,9.63719576e-05,27,0,1
1e-07,907,0.00736880302,0.00671324041,9.65148283e-05,27,0,1
1e-07,908,0.00737773441,0.00672154594,9.66544685e-05,27,1,1
1e-07,909,0.00738665741,0.00672985706,9.67940941e-05,27,0,1
1e-07,910,0.00739558879,0.00673816958,9.69338216e-05,27,0,1
1e-07,911,0.00740451925,0.0067464821,9.70703841e-05,27,0,1
1e-07,912,0.00741345389,0.00675479788,9.72102716e-05,27,0,1
1e-07,913,0.00742239133,0.00676311785,9.73502247e-05,27,0,1
1e-07,914,0.00743133016,0.00677143782,9.74903814e-05,27,0,1
1e-07,915,0.00744028203,0.00677975919,9.76328956e-05,26,0,1
1e-07,916,0.00744921155,0.00678808382,9.77739255e-05,27,0,1
1e-07,917,0.00745815644,0.00679641077,9.79109245e-05,27,0,1
1e-07,918,0.00746710412,0.00680474052,9.80546829e-05,27,0,1
1e-07,919,0.00747604901,0.00681306841,9.81951089e-05,27,0,1
1e-07,920,0.00748499855,0.00682140049,9.8332348e-05,27,0,1
1e-07,921,0.00749395182,0.00682973675,9.84731814e-05,27,0,1
1e-07,922,0.00750290835,0.00683807582,9.86137602e-05,27,0,1
1e-07,923,0.00751187094,0.00684641348,9.87580788e-05,27,1,1
1e-07,924,0.00752083585,0.00685475534,9.88988031e-05,27,1,1
1e-07,925,0.00752978632,0.0068630958,9.90398767e-05,27,1,1
1e-07,926,0.0075387531,0.00687144464,9.91809356e-05,27,1,1
1e-07,927,0.00754770776,0.00687979208,9.9321951e-05,27,0,1
1e-07,928,0.00755667314,0.00688814092,9.94598158e-05,27,0,1
1e-07,929,0.00756564224,0.00689649396,9.96011877e-05,27,0,1
1e-07,930,0.00757462066,0.00690484792,9.97460011e-05,27,1,1
1e-07,931,0.00758358883,0.00691320095,9.98873656e-05,27,1,1
1e-07,932,0.00759256724,0.00692155818,0.000100028781,27,1,1
1e-07,933,0.00760153215,0.00692992052,0.00010016725,27,0,1
1e-07,934,0.0076105101,0.00693828333,0.000100312209,27,0,1
1e-07,935,0.00761949085,0.00694664847,0.000100453995,27,0,1
1e-07,936,0.00762847206,0.00695501501,0.000100595906,27,0,1
1e-07,937,0.00763745513,0.00696338248,0.00010073444,27,0,1
1e-07,938,0.00764644099,0.00697175413,0.000100876525,27,0,1
1e-07,939,0.00765543524,0.0069801244,0.00010102208,27,1,1
1e-07,940,0.00766441599,0.00698849931,0.000101160833,27,0,1
1e-07,941,0.00767341023,0.00699687935,0.000101303172,27,0,1
1e-07,942,0.00768240495,0.00700525893,0.00010144891,27,0,1
1e-07,943,0.00769139873,0.0070136385,0.000101591402,27,0,1
1e-07,944,0.0077003967,0.00702202227,0.000101733916,27,0,1
1e-07,945,0.00770939514,0.0070304079,0.000101873215,27,0,1
1e-07,946,0.00771839451,0.00703879399,0.000102019199,27,0,1
1e-07,947,0.00772741204,0.00704718335,0.000102161903,27,1,1
1e-07,948,0.00773640536,0.00705557689,0.000102301536,27,0,1
1e-07,949,0.00774541311,0.0070639709,0.000102444508,27,0,1
1e-07,950,0.00775442086,0.00707236584,0.000102590864,27,0,1
1e-07,951,0.00776343187,0.00708076358,0.000102734019,27,0,1
1e-07,952,0.00777244521,0.00708916411,0.000102873862,27,0,1
1e-07,953,0.00778145948,0.00709756603,0.000103017206,27,0,1
1e-07,954,0.00779047655,0.00710597029,0.000103160535,27,0,1
1e-07,955,0.00779950339,0.00711437501,0.00010330732,27,1,1
1e-07,956,0.00780851673,0.00712278532,0.000103447521,27,0,1
1e-07,957,0.00781753939,0.00713119609,0.000103591083,27,0,1
1e-07,958,0.00782656483,0.00713960966,0.000103734754,27,0,1
1e-07,959,0.00783560239,0.0071480223,0.000103881132,26,0,1
1e-07,960,0.00784462132,0.00715644145,0.000104022518,27,0,1
1e-07,961,0.00785365142,0.00716486061,0.000104166422,27,0,1
1e-07,962,0.00786268525,0.00717328303,0.000104313833,27,0,1
1e-07,963,0.00787171908,0.00718170451,0.000104457948,27,0,1
1e-07,964,0.00788076501,0.00719013065,0.000104602273,27,1,1
1e-07,965,0.00788979232,0.00719855633,0.000104746417,27,0,1
1e-07,966,0.0078988485,0.00720698666,0.000104890772,27,1,1
1e-07,967,0.00790787674,0.00721541839,0.000105031875,27,0,1
1e-07,968,0.00791693106,0.00722385338,0.00010517989,27,1,1
1e-07,969,0.00792596675,0.00723228743,0.000105320978,27,0,1
1e-07,970,0.00793503039,0.00724072661,0.000105469117,27,1,1
1e-07,971,0.0079440698,0.00724916859,0.000105613952,27,0,1
1e-07,972,0.00795312971,0.00725760963,0.000105758307,27,0,1
1e-07,973,0.00796218403,0.00726605486,0.000105903317,27,0,1
1e-07,974,0.00797124021,0.00727450196,0.000106048923,27,1,1
1e-07,975,0.00798029732,0.00728294905,0.000106194049,27,1,1
1e-07,976,0.00798935816,0.00729139941,0.000106339292,27,1,1
1e-07,977,0.00799841154,0.00729985256,0.000106484425,27,0,1
1e-07,978,0.00800747704,0.0073083085,0.000106626314,27,0,1
1e-07,979,0.00801655184,0.00731676444,0.00010677542,27,1,1
1e-07,980,0.00802561827,0.00732522365,0.000106920867,27,1,1
1e-07,981,0.0080346819,0.00733368611,0.000107063053,27,0,1
1e-07,982,0.00804375485,0.00734215043,0.000107212174,27,0,1
1e-07,983,0.00805283897,0.0073506129,0.000107357002,26,0,1
1e-07,984,0.0080619147,0.00735908421,0.000107503969,27,1,1
1e-07,985,0.00807098486,0.00736755459,0.000107646403,27,0,1
1e-07,986,0.00808006339,0.0073760259,0.000107795844,27,0,1
1e-07,987,0.00808914565,0.00738449953,0.000107941967,27,0,1
1e-07,988,0.0080982307,0.00739297736,0.000108088192,27,0,1
1e-07,989,0.00810731482,0.00740145333,0.000108231012,27,0,1
1e-07,990,0.00811641477,0.00740993349,0.000108380045,26,0,1
1e-07,991,0.00812550448,0.00741841551,0.000108526481,26,0,1
1e-07,992,0.00813459512,0.00742690219,0.000108674016,27,1,1
1e-07,993,0.00814368855,0.0074353884,0.000108820626,27,1,1
1e-07,994,0.0081527885,0.00744387694,0.000108967281,27,1,1
1e-07,995,0.00816188101,0.00745236734,0.000109114248,27,1,1
1e-07,996,0.00817097351,0.0074608624,0.000109257431,27,0,1
1e-07,997,0.00818007719,0.00746935932,0.000109407971,27,0,1
1e-07,998,0.00818918832,0.00747785438,0.000109554487,27,0,1
1e-07,999,0.00819828641,0.00748635409,0.000109698667,27,0,1
1e-07,1000,0.00820739381,0.00749485567,0.00010984941,27,0,1
1e-07,1001,0.00821650494,0.00750336051,0.000109996719,27,0,1
1e-07,1002,0.00822563004,0.00751186581,0.000110144123,27,1,1
1e-07,1003,0.00823473837,0.00752037345,0.000110291672,27,1,1
1e-07,1004,0.00824384578,0.00752888434,0.000110435591,27,0,1
1e-07,1005,0.00825296249,0.00753739569,0.000110586843,27,0,1
1e-07,1006,0.00826208293,0.00754591124,0.00011073456,27,0,1
1e-07,1007,0.00827120617,0.00755442912,0.000110878842,27,0,1
1e-07,1008,0.00828033686,0.0075629456,0.000111030422,27,1,1
1e-07,1009,0.0082894545,0.0075714672,0.000111174704,27,0,1
1e-07,1010,0.00829858333,0.00757999159,0.000111326379,27,0,1
1e-07,1011,0.00830771215,0.00758851552,0.000111474568,27,0,1
1e-07,1012,0.00831685029,0.00759704132,0.00011162291,27,1,1
1e-07,1013,0.00832598936,0.00760557037,0.000111771136,27,1,1
1e-07,1014,0.00833511353,0.00761410408,0.000111919544,27,0,1
1e-07,1015,0.00834425166,0.00762263779,0.000112068068,27,0,1
1e-07,1016,0.00835339073,0.00763117289,0.000112216643,27,0,1
1e-07,1017,0.00836253073,0.00763970986,0.000112361879,27,0,1
1e-07,1018,0.00837167446,0.00764824916,0.000112514012,27,0,1
1e-07,1019,0.00838083401,0.00765679171,0.000112662914,27,1,1
1e-07,1020,0.00838996749,0.00766533567,0.000112811817,27,0,1
1e-07,1021,0.00839913078,0.00767388148,0.000112960879,27,1,1
1e-07,1022,0.00840827078,0.00768243242,0.000113109956,27,0,1
1e-07,1023,0.00841743033,0.00769098196,0.00011325923,27,1,1
1e-08,0,4.54038054e-05,0,0,38,0,1
1e-08,1,5.26625845e-05,6.54039832e-06,7.69885986e-08,38,0,1
1e-08,2,5.9922706e-05,1.30826047e-05,1.54036357e-07,38,0,1
1e-08,3,6.71854214e-05,1.96266192e-05,2.3114265e-07,38,0,1
1e-08,4,7.44494755e-05,2.61724508e-05,3.08312053e-07,38,0,1
1e-08,5,8.17153777e-05,3.27200796e-05,3.85521389e-07,38,0,1
1e-08,6,8.89825606e-05,3.92695256e-05,4.62784527e-07,38,0,1
1e-08,7,9.62534614e-05,4.58207724e-05,5.40112637e-07,38,2,1
1e-08,8,0.000103523635,5.23738418e-05,6.17520982e-07,37,1,1
1e-08,9,0.00011079578,5.89287374e-05,6.949723e-07,38,0,1
1e-08,10,0.000118070231,6.54854302e-05,7.72480291e-07,38,0,1
1e-08,11,0.000125346676,7.20439348e-05,8.50050583e-07,38,0,1
1e-08,12,0.000132624133,7.86042292e-05,9.27638325e-07,38,0,1
1e-08,13,0.000139903743,8.51663717e-05,1.00537454e-06,38,0,1
1e-08,14,0.000147185579,9.17303114e-05,1.08306824e-06,37,1,1
1e-08,15,0.00015446826,9.82960701e-05,1.16091383e-06,38,0,1
1e-08,16,0.000161754404,0.000104863655,1.23872701e-06,37,1,1
1e-08,17,0.000169039224,0.000111433008,1.31663978e-06,38,0,1
1e-08,18,0.000176328205,0.000118004209,1.39458916e-06,37,1,1
1e-08,19,0.000183617682,0.000124577215,1.47262665e-06,38,0,1
1e-08,20,0.000190909763,0.000131152061,1.55074872e-06,37,1,1
1e-08,21,0.000198202615,0.000137728653,1.62884965e-06,38,0,1
1e-08,22,0.000205499047,0.000144307065,1.7070123e-06,37,1,1
1e-08,23,0.000212794534,0.000150887383,1.78531661e-06,38,0,1
1e-08,24,0.000220093498,0.000157469476,1.86368948e-06,38,0,1
1e-08,25,0.000227393917,0.000164053403,1.94206154e-06,38,0,1
1e-08,26,0.000234695966,0.00017063909,2.0204875e-06,38,0,1
1e-08,27,0.000241999835,0.000177226611,2.0989803e-06,38,0,1
1e-08,28,0.000249305333,0.000183815981,2.1775304e-06,38,0,1
1e-08,29,0.000256612489,0.000190407067,2.25605504e-06,38,0,1
1e-08,30,0.000263922237,0.000197000118,2.33478931e-06,38,0,1
1e-08,31,0.000271232042,0.000203594871,2.41344537e-06,38,0,1
1e-08,32,0.00027854502,0.000210191545,2.49229515e-06,38,0,1
1e-08,33,0.000285858841,0.000216789878,2.57105626e-06,38,0,1
1e-08,34,0.000293176185,0.000223390205,2.64998107e-06,37,1,1
1e-08,35,0.000300492364,0.000229992263,2.72892521e-06,38,0,1
1e-08,36,0.00030781317,0.000236596155,2.80793984e-06,37,1,1
1e-08,37,0.00031513453,0.000243201896,2.88699448e-06,37,1,1
1e-08,38,0.000322456239,0.000249809469,2.96621124e-06,38,0,1
1e-08,39,0.000329781149,0.000256418803,3.04533705e-06,37,1,1
1e-08,40,0.000337108213,0.000263029913,3.12455404e-06,37,1,1
1e-08,41,0.000344437693,0.000269642973,3.20393747e-06,38,1,1
1e-08,42,0.000351764786,0.00027625775,3.28329838e-06,38,0,1
1e-08,43,0.000359096244,0.000282874389,3.36271592e-06,38,0,1
1e-08,44,0.000366429507,0.000289492804,3.44209934e-06,38,0,1
1e-08,45,0.00037376472,0.000296112994,3.52163534e-06,38,0,1
1e-08,46,0.000381100981,0.000302735076,3.6012143e-06,38,0,1
1e-08,47,0.000388439832,0.000309359108,3.68098517e-06,38,0,1
1e-08,48,0.000395780196,0.000315984886,3.76070057e-06,38,0,1
1e-08,49,0.00040312382,0.000322612439,3.84049872e-06,38,1,1
1e-08,50,0.000410465407,0.000329241739,3.92018819e-06,38,0,1
1e-08,51,0.000417811098,0.00033587293,4.00020963e-06,38,0,1
1e-08,52,0.000425158272,0.000342505984,4.08002006e-06,38,0,1
1e-08,53,0.000432507601,0.000349140959,4.16013472e-06,38,0,1
1e-08,54,0.000439857598,0.000355777505,4.24007567e-06,38,0,1
1e-08,55,0.000447209895,0.000362416147,4.32021488e-06,38,0,1
1e-08,56,0.000454564113,0.000369056448,4.40053827e-06,38,0,1
1e-08,57,0.000461919757,0.000375698553,4.48061428e-06,38,0,1
1e-08,58,0.000469279563,0.000382342521,4.560869e-06,38,1,1
1e-08,59,0.000476639369,0.000388988352,4.64137156e-06,37,1,1
1e-08,60,0.0004840006,0.000395636074,4.72181364e-06,38,1,1
1e-08,61,0.000491360726,0.000402285514,4.80230983e-06,38,0,1
1e-08,62,0.000498726789,0.000408936758,4.88270643e-06,38,1,1
1e-08,63,0.000506093376,0.000415589951,4.96326629e-06,38,1,1
1e-08,64,0.000513462175,0.00042224495,5.04404943e-06,38,1,1
1e-08,65,0.000520829228,0.000428901549,5.12479664e-06,37,1,1
1e-08,66,0.00052820053,0.000435560185,5.20541516e-06,38,0,1
1e-08,67,0.000535574218,0.000442220713,5.28639521e-06,38,0,1
1e-08,68,0.00054294907,0.0004488829,5.36730204e-06,38,0,1
1e-08,69,0.000550325785,0.000455547008,5.44820159e-06,37,1,1
1e-08,70,0.000557703956,0.000462212862,5.52907159e-06,38,0,1
1e-08,71,0.000565084105,0.000468880608,5.61011802e-06,38,0,1
1e-08,72,0.000572466583,0.000475550216,5.69139047e-06,38,0,1
1e-08,73,0.000579849817,0.000482221687,5.77243736e-06,38,0,1
1e-08,74,0.000587235496,0.000488894875,5.8538667e-06,38,0,1
1e-08,75,0.000594625017,0.000495569955,5.93509094e-06,37,1,1
1e-08,76,0.000602011569,0.000502246898,6.01647935e-06,38,0,1
1e-08,77,0.000609402312,0.000508925703,6.09788822e-06,38,0,1
1e-08,78,0.000616794336,0.00051560608,6.17917522e-06,38,0,1
1e-08,79,0.000624188629,0.00052228861,6.2607096e-06,38,0,1
1e-08,80,0.000631584902,0.000528972887,6.34251728e-06,38,0,1
1e-08,81,0.000638983794,0.000535658794,6.42420855e-06,38,1,1
1e-08,82,0.00064638356,0.000542346679,6.50561742e-06,38,1,1
1e-08,83,0.000653782859,0.000549036544,6.58768113e-06,38,0,1
1e-08,84,0.000661185535,0.00055572798,6.66940059e-06,38,0,1
1e-08,85,0.000668590306,0.000562421395,6.75139427e-06,38,0,1
1e-08,86,0.000675996125,0.000569116499,6.83315102e-06,38,0,1
1e-08,87,0.000683404505,0.000575813698,6.91526702e-06,38,0,1
1e-08,88,0.000690814515,0.000582512643,6.99739121e-06,38,0,1
1e-08,89,0.000698226155,0.000589213392,7.07955996e-06,38,0,1
1e-08,90,0.000705642102,0.000595916004,7.16170962e-06,38,1,1
1e-08,91,0.000713054673,0.000602620072,7.24395477e-06,38,0,1
1e-08,92,0.000720473239,0.000609326584,7.3259971e-06,37,1,1
1e-08,93,0.000727889827,0.000616034667,7.40857286e-06,38,0,1
1e-08,94,0.000735312176,0.000622744497,7.4910472e-06,38,1,1
1e-08,95,0.000742733711,0.000629456306,7.57328371e-06,38,1,1
1e-08,96,0.000750155654,0.000636169745,7.65590903e-06,38,0,1
1e-08,97,0.000757581613,0.000642885396,7.73863303e-06,37,1,1
1e-08,98,0.000765008619,0.000649602502,7.82119423e-06,38,0,1
1e-08,99,0.000772437779,0.000656321645,7.90403192e-06,38,0,1
1e-08,100,0.000779869268,0.000663042651,7.98690144e-06,38,0,1
1e-08,101,0.000787301105,0.000669765228,8.06961725e-06,37,1,1
1e-08,102,0.000794735504,0.000676489843,8.15261046e-06,38,0,1
1e-08,103,0.000802171649,0.000683216611,8.23543996e-06,37,1,1
1e-08,104,0.000809609715,0.000689944893,8.31870148e-06,38,0,1
1e-08,105,0.000817048945,0.000696674862,8.40175744e-06,38,0,1
1e-08,106,0.000824492192,0.000703406869,8.48485706e-06,38,1,1
1e-08,107,0.000831934682,0.000710140564,8.56777842e-06,38,1,1
1e-08,108,0.000839379383,0.000716876355,8.65110087e-06,38,1,1
1e-08,109,0.000846824201,0.000723613601,8.73436784e-06,38,0,1
1e-08,110,0.000854272977,0.000730353233,8.81791857e-06,38,0,1
1e-08,111,0.000861723034,0.000737094379,8.90136198e-06,38,0,1
1e-08,112,0.000869174954,0.000743837329,8.98496273e-06,38,0,1
1e-08,113,0.000876630133,0.000750582083,9.06821242e-06,38,1,1
1e-08,114,0.000884085661,0.000757328642,9.15213968e-06,38,1,1
1e-08,115,0.000891540607,0.000764077413,9.23580956e-06,38,0,1
1e-08,116,0.000899001432,0.000770827814,9.31957584e-06,38,1,1
1e-08,117,0.000906462199,0.000777579844,9.4033694e-06,38,1,1
1e-08,118,0.000913922559,0.000784334145,9.48730667e-06,38,0,1
1e-08,119,0.000921386352,0.000791089959,9.57101929e-06,38,0,1
1e-08,120,0.000928852533,0.000797847868,9.65517756e-06,38,0,1
1e-08,121,0.000936321507,0.000804607407,9.73887654e-06,38,1,1
1e-08,122,0.000943788968,0.000811368693,9.82304391e-06,38,0,1
1e-08,123,0.000951260328,0.000818131957,9.90750959e-06,38,0,1
1e-08,124,0.000958733843,0.000824897084,9.99157419e-06,37,1,1
1e-08,125,0.000966209569,0.000831664249,1.00756233e-05,38,1,1
1e-08,126,0.000973684073,0.000838433043,1.01604219e-05,38,0,1
1e-08,127,0.000981162069,0.0008452037,1.02444701e-05,38,0,1
1e-08,128,0.000988641405,0.00085197587,1.0328913e-05,38,0,1
1e-08,129,0.000996123534,0.000858750718,1.04134606e-05,38,0,1
1e-08,130,0.00100360892,0.000865526788,1.04983592e-05,38,1,1
1e-08,131,0.0010110921,0.000872305012,1.05826493e-05,38,0,1
1e-08,132,0.00101858075,0.000879084808,1.06672487e-05,38,1,1
1e-08,133,0.00102606765,0.000885866582,1.07522228e-05,38,0,1
1e-08,134,0.00103355793,0.000892650336,1.08371223e-05,38,0,1
1e-08,135,0.00104105088,0.000899436011,1.09220837e-05,38,0,1
1e-08,136,0.00104854547,0.000906222907,1.10067722e-05,38,1,1
1e-08,137,0.00105604215,0.000913012249,1.10921155e-05,38,1,1
1e-08,138,0.00106353755,0.000919803104,1.1177026e-05,37,1,1
1e-08,139,0.00107103679,0.000926596287,1.12623284e-05,38,0,1
1e-08,140,0.00107853953,0.000933390635,1.13474607e-05,38,1,1
1e-08,141,0.00108603982,0.000940187136,1.1432433e-05,38,0,1
1e-08,142,0.001093545,0.000946985965,1.15180892e-05,38,0,1
1e-08,143,0.00110105099,0.000953786017,1.16034398e-05,38,0,1
1e-08,144,0.00110856153,0.000960588106,1.16888023e-05,37,1,1
1e-08,145,0.00111607055,0.000967391999,1.17738246e-05,38,1,1
1e-08,146,0.00112357945,0.000974197523,1.18595835e-05,38,0,1
1e-08,147,0.00113109348,0.000981005607,1.19455144e-05,38,0,1
1e-08,148,0.00113860844,0.000987815205,1.2031197e-05,38,0,1
1e-08,149,0.00114612503,0.000994626549,1.21167513e-05,38,0,1
1e-08,150,0.00115364348,0.00100143964,1.2202654e-05,38,0,1
1e-08,151,0.00116116391,0.00100825471,1.2288624e-05,38,0,1
1e-08,152,0.00116868806,0.00101507199,1.23740892e-05,38,1,1
1e-08,153,0.00117620965,0.00102189055,1.2460393e-05,38,0,1
1e-08,154,0.00118373719,0.00102871121,1.25466031e-05,38,1,1
1e-08,155,0.00119126437,0.00103553361,1.26322493e-05,38,1,1
1e-08,156,0.00119879388,0.00104235823,1.27188951e-05,38,1,1
1e-08,157,0.00120632513,0.00104918436,1.28050269e-05,38,1,1
1e-08,158,0.00121385546,0.00105601235,1.28913998e-05,38,0,1
1e-08,159,0.00122138963,0.00106284232,1.29775981e-05,38,0,1
1e-08,160,0.00122892787,0.00106967415,1.30636417e-05,38,1,1
1e-08,161,0.0012364639,0.0010765075,1.31506185e-05,38,0,1
1e-08,162,0.00124400423,0.00108334282,1.32367368e-05,38,1,1
1e-08,163,0.00125154434,0.00109018001,1.33232361e-05,38,0,1
1e-08,164,0.0012590884,0.00109701976,1.3410332e-05,38,0,1
1e-08,165,0.00126663258,0.00110386056,1.34968623e-05,38,0,1
1e-08,166,0.00127418048,0.00111070403,1.35839391e-05,38,0,1
1e-08,167,0.00128173013,0.00111754867,1.36703102e-05,38,1,1
1e-08,168,0.00128928002,0.00112439506,1.37572279e-05,38,1,1
1e-08,169,0.00129683025,0.00113124342,1.38443138e-05,38,0,1
1e-08,170,0.00130438525,0.00113809435,1.39316171e-05,38,0,1
1e-08,171,0.00131194014,0.00114494609,1.40185321e-05,38,0,1
1e-08,172,0.00131949747,0.00115180027,1.41054988e-05,38,0,1
1e-08,173,0.00132705912,0.00115865667,1.41926739e-05,37,1,1
1e-08,174,0.00133461854,0.001165514,1.42798508e-05,38,1,1
1e-08,175,0.00134218007,0.00117237354,1.43676862e-05,38,0,1
1e-08,176,0.00134974509,0.00117923552,1.44550386e-05,38,0,1
1e-08,177,0.00135731185,0.00118609855,1.4542059e-05,38,1,1
1e-08,178,0.00136488082,0.00119296357,1.46298289e-05,38,1,1
1e-08,179,0.00137244829,0.00119983067,1.47174551e-05,38,0,1
1e-08,180,0.00138002005,0.00120669999,1.48052895e-05,38,0,1
1e-08,181,0.00138759555,0.00121357106,1.48928857e-05,38,1,1
1e-08,182,0.0013951693,0.00122044364,1.49803773e-05,37,1,1
1e-08,183,0.00140274724,0.00122731784,1.506839e-05,38,1,1
1e-08,184,0.00141032308,0.00123419426,1.51560926e-05,38,0,1
1e-08,185,0.00141790393,0.00124107301,1.52440343e-05,38,0,1
1e-08,186,0.00142548583,0.00124795304,1.53320489e-05,38,0,1
1e-08,187,0.00143306947,0.00125483482,1.54202153e-05,38,0,1
1e-08,188,0.00144065614,0.00126171845,1.55082489e-05,38,1,1
1e-08,189,0.00144824327,0.001268605,1.55965026e-05,38,0,1
1e-08,190,0.00145583297,0.00127549178,1.56845854e-05,38,1,1
1e-08,191,0.00146342302,0.00128238159,1.57730246e-05,38,0,1
1e-08,192,0.00147101679,0.00128927291,1.58610874e-05,38,1,1
1e-08,193,0.00147860986,0.00129616598,1.59505362e-05,38,0,1
1e-08,194,0.00148620619,0.00130306114,1.60384461e-05,38,0,1
1e-08,195,0.0014938052,0.00130995887,1.61270382e-05,38,0,1
1e-08,196,0.00150140398,0.00131685671,1.62153556e-05,38,0,1
1e-08,197,0.00150900579,0.00132375758,1.63044406e-05,38,0,1
1e-08,198,0.00151660945,0.00133066031,1.639324e-05,38,0,1
1e-08,199,0.00152421452,0.00133756478,1.64815301e-05,38,0,1
1e-08,200,0.00153182319,0.00134447135,1.65710389e-05,38,1,1
1e-08,201,0.00153943081,0.00135137874,1.66603349e-05,38,1,1
1e-08,202,0.00154704181,0.00135828927,1.6748776e-05,37,1,1
1e-08,203,0.00155465282,0.0013652012,1.6837912e-05,38,0,1
1e-08,204,0.00156226847,0.0013721151,1.69274099e-05,38,1,1
1e-08,205,0.00156988273,0.00137903041,1.70162875e-05,38,0,1
1e-08,206,0.00157750025,0.00138594804,1.71053998e-05,38,0,1
1e-08,207,0.00158511999,0.00139286765,1.71948705e-05,38,0,1
1e-08,208,0.00159274007,0.00139978807,1.72841246e-05,38,0,1
1e-08,209,0.00160036469,0.00140671199,1.73735298e-05,37,1,1
1e-08,210,0.00160798931,0.00141363672,1.74634843e-05,38,1,1
1e-08,211,0.00161561591,0.00142056367,1.75531004e-05,38,1,1
1e-08,212,0.00162324356,0.00142749213,1.76427948e-05,38,1,1
1e-08,213,0.00163087389,0.00143442303,1.77319489e-05,38,1,1
1e-08,214,0.00163850642,0.00144135521,1.78217488e-05,38,1,1
1e-08,215,0.00164613873,0.00144828937,1.79119706e-05,38,1,1
1e-08,216,0.00165377313,0.00145522587,1.80017414e-05,38,0,1
1e-08,217,0.00166141184,0.0014621641,1.80917305e-05,38,1,1
1e-08,218,0.00166905066,0.00146910443,1.81818232e-05,38,1,1
1e-08,219,0.0016766903,0.00147604605,1.82713156e-05,38,0,1
1e-08,220,0.00168433285,0.00148298964,1.83615921e-05,38,0,1
1e-08,221,0.00169197668,0.00148993544,1.84519613e-05,38,0,1
1e-08,222,0.00169962295,0.00149688264,1.8541934e-05,38,0,1
1e-08,223,0.00170726993,0.00150383206,1.86322141e-05,38,0,1
1e-08,224,0.00171491946,0.0015107831,1.87227706e-05,38,0,1
1e-08,225,0.00172257109,0.00151773635,1.88131835e-05,38,0,1
1e-08,226,0.001730224,0.00152469124,1.89041148e-05,38,0,1
1e-08,227,0.00173787912,0.0015316481,1.89944731e-05,38,0,1
1e-08,228,0.00174553553,0.00153860683,1.9085368e-05,38,0,1
1e-08,229,0.00175319449,0.00154556765,1.91758245e-05,38,0,1
1e-08,230,0.00176085508,0.00155253033,1.92665011e-05,38,0,1
1e-08,231,0.00176851673,0.00155949465,1.93575361e-05,38,0,1
1e-08,232,0.0017761793,0.00156645989,1.9447989e-05,38,0,1
1e-08,233,0.00178384595,0.00157342863,1.95390276e-05,38,0,1
1e-08,234,0.00179151329,0.0015803983,1.96302208e-05,38,0,1
1e-08,235,0.00179918262,0.00158737041,1.9721936e-05,38,1,1
1e-08,236,0.00180685497,0.0015943445,1.98125254e-05,38,1,1
1e-08,237,0.00181452581,0.00160131988,1.99035967e-05,38,0,1
1e-08,238,0.00182220084,0.00160829723,1.99954065e-05,38,1,1
1e-08,239,0.00182987703,0.00161527714,2.00860595e-05,38,0,1
1e-08,240,0.00183755602,0.00162225799,2.01777693e-05,38,1,1
1e-08,241,0.00184523384,0.00162924093,2.02686988e-05,38,0,1
1e-08,242,0.00185291644,0.00163622643,2.03604959e-05,38,0,1
1e-08,243,0.00186060078,0.00164321333,2.04525877e-05,38,1,1
1e-08,244,0.00186828512,0.0016502022,2.05435117e-05,38,0,1
1e-08,245,0.00187597121,0.0016571926,2.06357072e-05,38,0,1
1e-08,246,0.00188366033,0.00166418531,2.07275225e-05,38,0,1
1e-08,247,0.00189135096,0.00167117978,2.08189285e-05,38,0,1
1e-08,248,0.00189904298,0.00167817541,2.09111713e-05,38,0,1
1e-08,249,0.00190673745,0.00168517418,2.10026756e-05,38,0,1
1e-08,250,0.00191443507,0.00169217435,2.10957314e-05,38,1,1
1e-08,251,0.00192213128,0.00169917615,2.1187876e-05,38,1,1
1e-08,252,0.00192983111,0.00170617993,2.12784616e-05,37,1,1
1e-08,253,0.00193753152,0.00171318569,2.1372005e-05,38,0,1
1e-08,254,0.00194523565,0.00172019366,2.14642787e-05,38,1,1
1e-08,255,0.00195294013,0.00172720267,2.15564196e-05,38,1,1
1e-08,256,0.00196064683,0.00173421483,2.16487915e-05,38,0,1
1e-08,257,0.00196835492,0.00174122758,2.17413544e-05,38,1,1
1e-08,258,0.0019760658,0.00174824346,2.18340629e-05,38,1,1
1e-08,259,0.00198377762,0.0017552604,2.19267367e-05,38,1,1
1e-08,260,0.00199149013,0.00176227884,2.20192269e-05,38,0,1
1e-08,261,0.00199920684,0.00176929997,2.21123864e-05,38,1,1
1e-08,262,0.00200692355,0.00177632307,2.22047365e-05,38,0,1
1e-08,263,0.00201464212,0.00178334699,2.22972449e-05,38,0,1
1e-08,264,0.00202236301,0.00179037382,2.2390419e-05,38,0,1
1e-08,265,0.00203008647,0.00179740193,2.24837931e-05,38,1,1
1e-08,266,0.00203781179,0.00180443283,2.25763833e-05,38,1,1
1e-08,267,0.00204553688,0.00181146432,2.26693792e-05,38,0,1
1e-08,268,0.00205326476,0.00181849836,2.27628079e-05,38,0,1
1e-08,269,0.00206099474,0.00182553462,2.28556273e-05,38,0,1
1e-08,270,0.00206872704,0.00183257298,2.29493071e-05,38,0,1
1e-08,271,0.00207645958,0.00183961156,2.30426358e-05,38,0,1
1e-08,272,0.00208419538,0.00184665387,2.31355298e-05,38,0,1
1e-08,273,0.00209193258,0.00185369747,2.32290058e-05,38,0,1
1e-08,274,0.00209967117,0.00186074281,2.33232095e-05,38,0,1
1e-08,275,0.00210741255,0.00186779001,2.34171293e-05,38,1,1
1e-08,276,0.0021151565,0.0018748393,2.35104617e-05,38,1,1
1e-08,277,0.00212289812,0.00188189023,2.3603654e-05,38,0,1
1e-08,278,0.00213064533,0.0018889436,2.36981559e-05,38,1,1
1e-08,279,0.002138393,0.00189599814,2.37923305e-05,38,1,1
1e-08,280,0.002146143,0.001903055,2.38865396e-05,38,0,1
1e-08,281,0.002153893,0.00191011361,2.39799901e-05,38,0,1
1e-08,282,0.00216164603,0.00191717409,2.40739664e-05,38,0,1
1e-08,283,0.00216940069,0.00192423607,2.41680737e-05,38,0,1
1e-08,284,0.00217715767,0.00193130039,2.42623173e-05,38,0,1
1e-08,285,0.00218491629,0.00193836715,2.43565319e-05,38,0,1
1e-08,286,0.002192677,0.00194543484,2.4451303e-05,38,1,1
1e-08,287,0.00220044074,0.00195250567,2.4545996e-05,38,1,1
1e-08,288,0.00220820308,0.00195957697,2.46399122e-05,38,1,1
1e-08,289,0.00221596891,0.0019666506,2.47347216e-05,38,1,1
1e-08,290,0.00222373661,0.00197372679,2.48291108e-05,38,1,1
1e-08,291,0.00223150593,0.00198080391,2.49237673e-05,38,1,1
1e-08,292,0.00223927735,0.00198788382,2.50185985e-05,38,1,1
1e-08,293,0.00224705017,0.0019949656,2.51128258e-05,38,0,1
1e-08,294,0.00225482392,0.00200204807,2.52077152e-05,38,0,1
1e-08,295,0.0022626014,0.00200913381,2.53024846e-05,38,0,1
1e-08,296,0.00227037887,0.00201622001,2.53976959e-05,38,0,1
1e-08,297,0.00227815984,0.0020233097,2.54920942e-05,38,0,1
1e-08,298,0.0022859415,0.00203040033,2.55872728e-05,38,0,1
1e-08,299,0.00229372713,0.00203749328,2.56832445e-05,38,1,1
1e-08,300,0.00230151089,0.00204458809,2.57787015e-05,38,1,1
1e-08,301,0.00230929838,0.00205168477,2.58741184e-05,38,1,1
1e-08,302,0.00231708703,0.00205878261,2.59686149e-05,38,0,1
1e-08,303,0.00232487824,0.00206588302,2.60638881e-05,38,0,1
1e-08,304,0.00233267038,0.00207298552,2.61596306e-05,38,0,1
1e-08,305,0.00234046555,0.00208008941,2.62554422e-05,38,1,1
1e-08,306,0.00234826142,0.00208719587,2.63512738e-05,38,1,1
1e-08,307,0.00235605962,0.00209430372,2.6447171e-05,38,1,1
1e-08,308,0.00236385968,0.00210141344,2.65423405e-05,38,1,1
1e-08,309,0.0023716602,0.00210852502,2.66379047e-05,38,0,1
1e-08,310,0.00237946468,0.00211563893,2.67341402e-05,38,1,1
1e-08,311,0.00238726917,0.00212275446,2.68301337e-05,38,0,1
1e-08,312,0.00239507621,0.0021298721,2.69262091e-05,38,0,1
1e-08,313,0.00240288652,0.00213699206,2.70225064e-05,38,1,1
1e-08,314,0.00241069659,0.00214411295,2.71189765e-05,38,1,1
1e-08,315,0.00241850899,0.00215123571,2.72148209e-05,38,1,1
1e-08,316,0.00242632348,0.00215836125,2.73107544e-05,38,0,1
1e-08,317,0.00243413984,0.00216548843,2.74072754e-05,38,1,1
1e-08,318,0.00244195759,0.00217261747,2.75039656e-05,38,1,1
1e-08,319,0.00244977674,0.00217974791,2.7599599e-05,38,0,1
1e-08,320,0.00245759962,0.00218688045,2.76971114e-05,38,0,1
1e-08,321,0.00246542296,0.00219401531,2.7792421e-05,38,0,1
1e-08,322,0.00247324747,0.00220115157,2.7890379e-05,38,1,1
1e-08,323,0.00248107454,0.00220829062,2.79867472e-05,38,1,1
1e-08,324,0.00248890393,0.00221543084,2.80840104e-05,38,0,1
1e-08,325,0.00249673426,0.00222257362,2.81796238e-05,38,0,1
1e-08,326,0.00250456668,0.00222971709,2.82775763e-05,38,0,1
1e-08,327,0.00251239981,0.00223686313,2.83744666e-05,38,1,1
1e-08,328,0.00252023735,0.00224401127,2.84716098e-05,38,0,1
1e-08,329,0.00252807373,0.0022511608,2.85679944e-05,38,0,1
1e-08,330,0.00253591384,0.00225831335,2.86662034e-05,38,1,1
1e-08,331,0.00254375511,0.00226546684,2.87633484e-05,38,1,1
1e-08,332,0.00255159824,0.00227262219,2.88596675e-05,38,0,1
1e-08,333,0.00255944417,0.00227978011,2.89577365e-05,38,0,1
1e-08,334,0.00256729079,0.00228693988,2.90552271e-05,38,1,1
1e-08,335,0.00257513905,0.00229410059,2.91529232e-05,38,1,1
1e-08,336,0.0025829887,0.00230126362,2.92501027e-05,38,1,1
1e-08,337,0.00259084092,0.00230842922,2.93482772e-05,38,1,1
1e-08,338,0.00259869429,0.00231559575,2.94453621e-05,38,0,1
1e-08,339,0.00260655093,0.00232276483,2.95427817e-05,38,0,1
1e-08,340,0.0026144085,0.00232993555,2.96405124e-05,38,0,1
1e-08,341,0.002622267,0.0023371079,2.97393381e-05,38,1,1
1e-08,342,0.00263012969,0.00234428374,2.98373816e-05,38,1,1
1e-08,343,0.00263799215,0.00235146005,2.99344811e-05,38,0,1
1e-08,344,0.00264585693,0.00235863845,3.00325082e-05,38,0,1
1e-08,345,0.00265372475,0.00236581918,3.01304644e-05,38,0,1
1e-08,346,0.00266159256,0.00237300177,3.02289318e-05,38,0,1
1e-08,347,0.00266947667,0.00238018599,3.03283232e-05,39,0,1
1e-08,348,0.00267733447,0.00238737161,3.04254772e-05,38,0,1
1e-08,349,0.00268520834,0.00239455956,3.05247777e-05,38,1,1
1e-08,350,0.00269308547,0.0024017503,3.06232942e-05,38,0,1
1e-08,351,0.00270096213,0.00240894174,3.07209957e-05,38,0,1
1e-08,352,0.00270884158,0.00241613528,3.08195595e-05,38,0,1
1e-08,353,0.00271672313,0.00242333184,3.0918829e-05,38,1,1
1e-08,354,0.00272460445,0.00243052817,3.10180694e-05,38,1,1
1e-08,355,0.00273249019,0.00243772846,3.11157564e-05,38,0,1
1e-08,356,0.00274037663,0.00244492968,3.12147058e-05,38,0,1
1e-08,357,0.00274826633,0.00245213369,3.1314572e-05,38,1,1
1e-08,358,0.00275615766,0.0024593398,3.1413605e-05,38,0,1
1e-08,359,0.00276405038,0.00246654707,3.15126017e-05,38,0,1
1e-08,360,0.00277194101,0.00247375527,3.16118785e-05,38,1,1
1e-08,361,0.00277983723,0.00248096674,3.17112463e-05,38,1,1
1e-08,362,0.00278773485,0.0024881796,3.1810283e-05,38,1,1
1e-08,363,0.00279563409,0.00249539432,3.1908683e-05,38,0,1
1e-08,364,0.00280353613,0.00250261137,3.20088729e-05,38,1,1
1e-08,365,0.0028114384,0.00250983075,3.21087391e-05,38,1,1
1e-08,366,0.00281934417,0.00251705153,3.22071828e-05,38,0,1
1e-08,367,0.00282724993,0.00252427347,3.23069617e-05,38,0,1
1e-08,368,0.00283515803,0.00253149844,3.24073299e-05,38,1,1
1e-08,369,0.00284306915,0.00253872504,3.25074252e-05,38,1,1
1e-08,370,0.00285098027,0.00254595303,3.26071822e-05,38,1,1
1e-08,371,0.00285889488,0.00255318359,3.27058515e-05,38,0,1
1e-08,372,0.00286681019,0.00256041554,3.28070528e-05,38,1,1
1e-08,373,0.00287472783,0.00256765028,3.29069917e-05,38,1,1
1e-08,374,0.0028826464,0.00257488526,3.30069561e-05,38,1,1
1e-08,375,0.00289056823,0.00258212374,3.31069932e-05,38,0,1
1e-08,376,0.00289849262,0.00258936407,3.32073032e-05,38,0,1
1e-08,377,0.00290641561,0.0025966058,3.33076423e-05,38,1,1
1e-08,378,0.00291434187,0.0026038494,3.3407905e-05,38,1,1
1e-08,379,0.00292227021,0.00261109439,3.35073055e-05,38,0,1
1e-08,380,0.00293020066,0.00261834241,3.36090307e-05,38,1,1
1e-08,381,0.00293813203,0.00262559182,3.37094789e-05,38,1,1
1e-08,382,0.00294606807,0.00263284403,3.38102182e-05,39,0,1
1e-08,383,0.00295400387,0.0026400967,3.39108774e-05,39,0,1
1e-08,384,0.0029619406,0.00264735264,3.4011231e-05,38,1,1
1e-08,385,0.00296987919,0.0026546095,3.41124251e-05,38,1,1
1e-08,386,0.00297781872,0.00266186777,3.42132626e-05,38,1,1
1e-08,387,0.00298576197,0.00266912905,3.43141946e-05,38,1,1
1e-08,388,0.00299370801,0.00267639267,3.44142245e-05,38,0,1
1e-08,389,0.00300165475,0.00268365815,3.45152112e-05,38,0,1
1e-08,390,0.00300960243,0.0026909241,3.46175002e-05,38,1,1
1e-08,391,0.00301755429,0.00269819307,3.47186069e-05,38,0,1
1e-08,392,0.00302550686,0.00270546391,3.48200119e-05,39,0,1
1e-08,393,0.00303346012,0.00271273637,3.49212678e-05,38,0,1
1e-08,394,0.00304141478,0.00272001186,3.5022691e-05,38,1,1
1e-08,395,0.00304937386,0.00272728782,3.51242743e-05,38,0,1
1e-08,396,0.00305733178,0.00273456587,3.52257011e-05,38,1,1
1e-08,397,0.00306529342,0.00274184695,3.53272626e-05,38,0,1
1e-08,398,0.00307325763,0.0027491292,3.5429126e-05,39,0,1
1e-08,399,0.0030812202,0.00275641261,3.55307056e-05,38,1,1
1e-08,400,0.0030891893,0.00276369951,3.56326964e-05,39,0,1
1e-08,401,0.00309715653,0.0027709878,3.57344979e-05,38,1,1
1e-08,402,0.00310512516,0.00277827703,3.58362813e-05,38,1,1
1e-08,403,0.00311309798,0.00278556906,3.59375117e-05,38,0,1
1e-08,404,0.00312107289,0.00279286341,3.60406411e-05,38,0,1
1e-08,405,0.00312904804,0.00280015869,3.614249e-05,38,0,1
1e-08,406,0.00313702598,0.002807457,3.62450264e-05,38,0,1
1e-08,407,0.00314500695,0.00281475671,3.634717e-05,39,0,1
1e-08,408,0.00315298606,0.00282205781,3.64495027e-05,38,0,1
1e-08,409,0.00316096889,0.00282936194,3.65520063e-05,38,1,1
1e-08,410,0.00316895405,0.00283666747,3.665435e-05,38,1,1
1e-08,411,0.00317694154,0.00284397486,3.67571774e-05,38,0,1
1e-08,412,0.00318492972,0.00285128364,3.6859783e-05,38,0,1
1e-08,413,0.00319291907,0.00285859522,3.69623958e-05,38,1,1
1e-08,414,0.00320091285,0.00286590913,3.70650305e-05,38,0,1
1e-08,415,0.00320890709,0.00287322304,3.71680799e-05,39,0,1
1e-08,416,0.00321690273,0.00288054044,3.72707655e-05,38,0,1
1e-08,417,0.00322489883,0.00288785947,3.73738767e-05,38,1,1
1e-08,418,0.00323289866,0.00289518037,3.74758456e-05,38,0,1
1e-08,419,0.00324090128,0.00290250382,3.75800919e-05,38,0,1
1e-08,420,0.00324890297,0.00290982798,3.76822936e-05,38,0,1
1e-08,421,0.00325690839,0.00291715516,3.77864053e-05,38,1,1
1e-08,422,0.00326491473,0.00292448327,3.78896148e-05,38,0,1
1e-08,423,0.00327292387,0.00293181464,3.79930862e-05,38,1,1
1e-08,424,0.00328093371,0.00293914671,3.80964957e-05,38,1,1
1e-08,425,0.00328894658,0.00294648181,3.82000362e-05,38,1,1
1e-08,426,0.00329697365,0.00295381853,3.83037404e-05,39,0,1
1e-08,427,0.0033049765,0.00296115573,3.84072628e-05,38,0,1
1e-08,428,0.00331299426,0.00296849618,3.85109597e-05,38,0,1
1e-08,429,0.00332101458,0.00297583919,3.86147185e-05,38,0,1
1e-08,430,0.00332903652,0.00298318383,3.87186083e-05,38,1,1
1e-08,431,0.0033370601,0.00299052871,3.88226144e-05,39,0,1
1e-08,432,0.00334508391,0.00299787731,3.89265006e-05,38,1,1
1e-08,433,0.00335311168,0.00300522754,3.90306523e-05,38,1,1
1e-08,434,0.00336114084,0.0030125794,3.91347276e-05,38,0,1
1e-08,435,0.00336917094,0.00301993289,3.92389593e-05,38,0,1
1e-08,436,0.00337720406,0.00302728894,3.93432274e-05,38,0,1
1e-08,437,0.00338523835,0.00303464662,3.94473718e-05,38,0,1
1e-08,438,0.0033932738,0.00304200617,3.95519455e-05,38,0,1
1e-08,439,0.00340131181,0.0030493685,3.96553914e-05,38,0,1
1e-08,440,0.00340935076,0.00305673177,3.97608528e-05,38,1,1
1e-08,441,0.00341739296,0.00306409691,3.98653028e-05,38,1,1
1e-08,442,0.00342543796,0.00307146483,3.99702149e-05,39,0,1
1e-08,443,0.00343348086,0.00307883392,4.00747049e-05,38,1,1
1e-08,444,0.00344152842,0.00308620534,4.01795587e-05,38,0,1
1e-08,445,0.00344957737,0.00309357885,4.02835612e-05,38,0,1
1e-08,446,0.00345762912,0.003100954,4.03895392e-05,38,0,1
1e-08,447,0.00346568297,0.00310833193,4.04944622e-05,38,0,1
1e-08,448,0.00347373751,0.0031157108,4.05996616e-05,38,0,1
1e-08,449,0.00348179159,0.00312309177,4.07047155e-05,38,1,1
1e-08,450,0.00348985218,0.00313047506,4.08100459e-05,39,0,1
1e-08,451,0.00349791022,0.00313785952,4.09152854e-05,38,1,1
1e-08,452,0.00350597291,0.0031452477,4.10205939e-05,38,1,1
1e-08,453,0.00351403607,0.00315263565,4.11257533e-05,38,1,1
1e-08,454,0.00352210109,0.00316002662,4.12314439e-05,38,1,1
1e-08,455,0.00353016937,0.00316741969,4.13371381e-05,38,0,1
1e-08,456,0.00353823975,0.0031748144,4.14427632e-05,39,0,1
1e-08,457,0.00354631082,0.00318221073,4.15484719e-05,39,0,1
1e-08,458,0.0035543812,0.00318960915,4.16539406e-05,38,0,1
1e-08,459,0.00356245646,0.00319700968,4.17600422e-05,38,0,1
1e-08,460,0.00357053196,0.00320441183,4.18651434e-05,38,0,1
1e-08,461,0.00357861118,0.00321181677,4.19718453e-05,38,0,1
1e-08,462,0.00358669274,0.00321922381,4.20779943e-05,38,0,1
1e-08,463,0.00359477336,0.00322663202,4.21839868e-05,38,1,1
1e-08,464,0.003602857,0.00323404209,4.22900594e-05,38,1,1
1e-08,465,0.00361094414,0.00324145448,4.23965284e-05,38,0,1
1e-08,466,0.00361903082,0.00324886828,4.25028375e-05,38,0,1
1e-08,467,0.00362712052,0.00325628463,4.26092265e-05,38,0,1
1e-08,468,0.00363521161,0.00326370308,4.27156519e-05,38,1,1
1e-08,469,0.00364330551,0.0032711227,4.28221101e-05,39,0,1
1e-08,470,0.00365140033,0.00327854441,4.29287538e-05,38,0,1
1e-08,471,0.00365949562,0.00328596891,4.30353539e-05,38,1,1
1e-08,472,0.0036675951,0.00329339411,4.31420631e-05,39,0,1
1e-08,473,0.00367569691,0.00330082281,4.32488923e-05,39,0,1
1e-08,474,0.00368379871,0.00330825243,4.33558562e-05,39,0,1
1e-08,475,0.00369190308,0.00331568462,4.34627145e-05,38,0,1
1e-08,476,0.00370000745,0.00332311844,4.35696893e-05,38,1,1
1e-08,477,0.00370811648,0.00333055435,4.36768969e-05,38,0,1
1e-08,478,0.00371622667,0.00333799142,4.3784039e-05,39,0,1
1e-08,479,0.00372433895,0.00334543176,4.38912539e-05,39,0,1
1e-08,480,0.0037324524,0.00335287303,4.39985379e-05,39,0,1
1e-08,481,0.00374056539,0.00336031662,4.41057782e-05,38,1,1
1e-08,482,0.00374868326,0.00336776092,4.42133132e-05,39,0,1
1e-08,483,0.00375680206,0.0033752094,4.43208046e-05,38,0,1
1e-08,484,0.00376492203,0.00338265859,4.4428285e-05,38,0,1
1e-08,485,0.00377304479,0.00339010986,4.4536002e-05,38,1,1
1e-08,486,0.00378117035,0.00339756371,4.46437189e-05,38,0,1
1e-08,487,0.00378929591,0.00340501871,4.47515049e-05,38,0,1
1e-08,488,0.00379742449,0.00341247628,4.48592327e-05,38,1,1
1e-08,489,0.00380555447,0.00341993431,4.49672225e-05,38,0,1
1e-08,490,0.00381368748,0.00342739676,4.50752195e-05,38,0,1
1e-08,491,0.00382182072,0.00343485922,4.51832711e-05,38,0,1
1e-08,492,0.00382995605,0.0034423247,4.529129e-05,38,0,1
1e-08,493,0.00383809349,0.00344979158,4.53995854e-05,39,0,1
1e-08,494,0.00384623115,0.00345725985,4.55078407e-05,38,0,1
1e-08,495,0.0038543737,0.00346473092,4.56161615e-05,39,0,1
1e-08,496,0.00386251695,0.00347220455,4.57245733e-05,39,0,1
1e-08,497,0.00387066207,0.00347967981,4.58330614e-05,39,0,1
1e-08,498,0.00387880835,0.00348715577,4.59415896e-05,38,0,1
1e-08,499,0.00388695719,0.00349463499,4.60501979e-05,38,0,1
1e-08,500,0.00389510486,0.00350211561,4.61587588e-05,38,1,1
1e-08,501,0.00390325766,0.00350959762,4.62676217e-05,38,0,1
1e-08,502,0.00391141232,0.00351708289,4.63763063e-05,38,1,1
1e-08,503,0.00391956791,0.00352456933,4.64853292e-05,38,0,1
1e-08,504,0.00392772537,0.00353205809,4.6594294e-05,38,0,1
1e-08,505,0.00393588655,0.00353954895,4.67033242e-05,39,0,1
1e-08,506,0.0039440454,0.00354704098,4.68123071e-05,38,1,1
1e-08,507,0.00395220844,0.00355453463,4.69203296e-05,38,0,1
1e-08,508,0.00396037567,0.00356203131,4.70308405e-05,38,0,1
1e-08,509,0.00396854244,0.00356953009,4.71401509e-05,39,0,1
1e-08,510,0.00397671014,0.00357703096,4.72494066e-05,38,1,1
1e-08,511,0.0039848825,0.00358453393,4.73589316e-05,38,0,1
1e-08,512,0.00399305299,0.00359203713,4.7468413e-05,38,0,1
1e-08,513,0.00400122954,0.00359954452,4.75780944e-05,38,0,1
1e-08,514,0.00400940562,0.00360705145,4.76877358e-05,38,0,1
1e-08,515,0.00401759427,0.00361456163,4.77975009e-05,39,0,1
1e-08,516,0.0040257643,0.00362207484,4.7907266e-05,39,0,1
1e-08,517,0.00403394457,0.00362958875,4.80171475e-05,38,0,1
1e-08,518,0.0040421281,0.0036371043,4.81271054e-05,38,0,1
1e-08,519,0.00405031443,0.0036446224,4.82369687e-05,38,0,1
1e-08,520,0.00405850215,0.00365214306,4.83472031e-05,38,0,1
1e-08,521,0.00406668894,0.00365966349,4.84573429e-05,38,0,1
1e-08,522,0.00407488225,0.00366718811,4.8567581e-05,39,0,1
1e-08,523,0.00408307463,0.00367471529,4.86778772e-05,38,1,1
1e-08,524,0.0040912698,0.00368224224,4.87882353e-05,38,0,1
1e-08,525,0.0040994687,0.00368977385,4.88987134e-05,39,0,1
1e-08,526,0.00410766527,0.00369730429,4.90091224e-05,38,0,1
1e-08,527,0.0041158665,0.00370483892,4.91196733e-05,39,0,1
1e-08,528,0.00412406726,0.00371237332,4.92303225e-05,38,0,1
1e-08,529,0.00413227128,0.00371991144,4.93411317e-05,39,0,1
1e-08,530,0.00414047763,0.00372745236,4.94518754e-05,38,0,1
1e-08,531,0.00414868305,0.00373499235,4.95626591e-05,38,1,1
1e-08,532,0.00415689405,0.00374253746,4.96736102e-05,38,0,1
1e-08,533,0.00416510599,0.00375008257,4.97847213e-05,38,0,1
1e-08,534,0.00417331839,0.00375763047,4.98956579e-05,38,1,1
1e-08,535,0.00418153405,0.00376518001,5.00069182e-05,38,1,1
1e-08,536,0.00418975018,0.00377273001,5.01181312e-05,38,0,1
1e-08,537,0.00419797003,0.00378028397,5.02293478e-05,38,0,1
1e-08,538,0.00420619035,0.00378783979,5.03406591e-05,38,1,1
1e-08,539,0.00421441346,0.00379539793,5.04521377e-05,38,0,1
1e-08,540,0.00422263844,0.00380295748,5.0563729e-05,38,0,1
1e-08,541,0.00423086528,0.00381051842,5.06752767e-05,38,0,1
1e-08,542,0.00423909351,0.00381808286,5.07867808e-05,38,0,1
1e-08,543,0.00424732501,0.00382564776,5.08986559e-05,39,0,1
1e-08,544,0.00425555464,0.00383321475,5.10104292e-05,38,0,1
1e-08,545,0.00426378939,0.00384078431,5.1122166e-05,38,0,1
1e-08,546,0.00427202415,0.00384835573,5.12339902e-05,38,1,1
1e-08,547,0.00428026216,0.00385592901,5.13462001e-05,38,0,1
1e-08,548,0.00428850111,0.00386350323,5.14581552e-05,38,0,1
1e-08,549,0.00429674098,0.0038710807,5.15702886e-05,38,1,1
1e-08,550,0.00430498598,0.00387866166,5.16825312e-05,38,1,1
1e-08,551,0.00431323005,0.00388624193,5.17947628e-05,38,1,1
1e-08,552,0.00432147738,0.00389382499,5.19070891e-05,38,1,1
1e-08,553,0.0043297261,0.00390140992,5.20196845e-05,38,0,1
1e-08,554,0.00433797622,0.0039089974,5.21320726e-05,38,1,1
1e-08,555,0.00434622774,0.00391658535,5.22446026e-05,38,1,1
1e-08,556,0.00435448298,0.00392417703,5.23572635e-05,38,1,1
1e-08,557,0.00436273962,0.0039317701,5.24701099e-05,38,0,1
1e-08,558,0.00437099719,0.00393936504,5.25828727e-05,38,0,1
1e-08,559,0.00437925709,0.0039469623,5.26957228e-05,38,0,1
1e-08,560,0.00438751979,0.00395456189,5.28086748e-05,38,0,1
1e-08,561,0.00439578388,0.00396216195,5.29216741e-05,38,0,1
1e-08,562,0.00440404983,0.00396976573,5.30347388e-05,38,0,1
1e-08,563,0.00441231532,0.00397736998,5.31478581e-05,38,0,1
1e-08,564,0.00442058453,0.00398497796,5.32609702e-05,38,1,1
1e-08,565,0.00442885561,0.0039925864,5.33742314e-05,38,1,1
1e-08,566,0.00443712901,0.00400019716,5.34877254e-05,38,0,1
1e-08,567,0.00444540475,0.00400781073,5.36011721e-05,38,0,1
1e-08,568,0.00445368001,0.00401542429,5.37146298e-05,38,1,1
1e-08,569,0.00446195854,0.00402304111,5.38281347e-05,38,0,1
1e-08,570,0.00447023939,0.00403066026,5.39418506e-05,38,0,1
1e-08,571,0.00447852397,0.00403828174,5.4055592e-05,38,0,1
1e-08,572,0.00448680669,0.00404590368,5.41693698e-05,39,0,1
1e-08,573,0.0044950936,0.00405352889,5.42832313e-05,39,0,1
1e-08,574,0.00450338144,0.00406115549,5.4397151e-05,38,0,1
1e-08,575,0.00451166881,0.00406878395,5.45110161e-05,38,1,1
1e-08,576,0.00451996038,0.00407641521,5.46250776e-05,38,1,1
1e-08,577,0.00452825334,0.0040840474,5.47392156e-05,38,1,1
1e-08,578,0.0045365491,0.00409168238,5.48533608e-05,38,1,1
1e-08,579,0.00454484671,0.00409931876,5.49678698e-05,38,1,1
1e-08,580,0.00455314619,0.0041069584,5.50821278e-05,38,1,1
1e-08,581,0.004561448,0.0041145985,5.51965895e-05,38,0,1
1e-08,582,0.00456974935,0.00412224093,5.5311044e-05,38,1,1
1e-08,583,0.00457805535,0.00412988663,5.54257822e-05,38,0,1
1e-08,584,0.00458636088,0.00413753185,5.55404258e-05,38,0,1
1e-08,585,0.00459467061,0.00414518034,5.56551386e-05,39,0,1
1e-08,586,0.00460298033,0.00415283209,5.57698222e-05,38,1,1
1e-08,587,0.00461129146,0.00416048383,5.5884695e-05,38,1,1
1e-08,588,0.0046196063,0.00416813837,5.59997425e-05,38,0,1
1e-08,589,0.00462792162,0.00417579524,5.61146444e-05,38,1,1
1e-08,590,0.00463624066,0.0041834549,5.62297464e-05,38,1,1
1e-08,591,0.0046445583,0.00419111364,5.63448812e-05,38,1,1
1e-08,592,0.00465288293,0.00419877656,5.64602342e-05,39,0,1
1e-08,593,0.00466120476,0.00420644181,5.65753908e-05,38,1,1
1e-08,594,0.00466953032,0.00421410892,5.66907765e-05,38,1,1
1e-08,595,0.00467785774,0.00422177697,5.68062351e-05,38,1,1
1e-08,596,0.00468618656,0.00422944687,5.69218973e-05,38,0,1
1e-08,597,0.00469451863,0.00423712051,5.70374796e-05,38,1,1
1e-08,598,0.00470285071,0.00424479507,5.7153029e-05,38,1,1
1e-08,599,0.00471118605,0.0042524701,5.72688732e-05,38,0,1
1e-08,600,0.00471952045,0.00426014792,5.73846628e-05,38,1,1
1e-08,601,0.00472786045,0.0042678304,5.75004706e-05,38,1,1
1e-08,602,0.00473619858,0.00427551102,5.76164093e-05,38,1,1
1e-08,603,0.00474454323,0.00428319722,5.77323844e-05,38,1,1
1e-08,604,0.00475288648,0.00429088296,5.78485524e-05,38,1,1
1e-08,605,0.00476123299,0.0042985715,5.79648695e-05,38,0,1
1e-08,606,0.00476958184,0.00430626143,5.8081092e-05,39,0,1
1e-08,607,0.00477792975,0.00431395415,5.81972272e-05,38,1,1
1e-08,608,0.00478631444,0.00432167482,5.83146975e-05,38,0,1
1e-08,609,0.00479463721,0.00432934565,5.84303052e-05,38,0,1
1e-08,610,0.00480299024,0.0043370435,5.85467933e-05,38,1,1
1e-08,611,0.00481134746,0.00434474461,5.86632887e-05,38,1,1
1e-08,612,0.00481970608,0.00435244618,5.87799841e-05,38,1,1
1e-08,613,0.00482806796,0.00436015101,5.88968833e-05,38,0,1
1e-08,614,0.00483643031,0.00436785724,5.9013626e-05,38,0,1
1e-08,615,0.00484479731,0.00437556626,5.91306234e-05,38,0,1
1e-08,616,0.00485316524,0.00438327715,5.92476172e-05,39,0,1
1e-08,617,0.00486153085,0.00439098896,5.93646473e-05,38,0,1
1e-08,618,0.00486990297,0.00439870358,5.94817902e-05,38,0,1
1e-08,619,0.00487827323,0.00440642005,5.95988422e-05,38,1,1
1e-08,620,0.00488664769,0.00441413792,5.97162143e-05,38,1,1
1e-08,621,0.00489502633,0.00442185951,5.98335973e-05,38,0,1
1e-08,622,0.00490340125,0.00442958111,5.99508239e-05,38,1,1
1e-08,623,0.00491178082,0.00443730503,6.00684652e-05,38,1,1
1e-08,624,0.00492016226,0.00444503082,6.01860156e-05,38,1,1
1e-08,625,0.00492854603,0.00445276033,6.03035878e-05,38,1,1
1e-08,626,0.00493693072,0.00446048984,6.04212873e-05,38,1,1
1e-08,627,0.00494531915,0.00446822261,6.05391724e-05,38,0,1
1e-08,628,0.00495370803,0.00447595678,6.06570429e-05,38,0,1
1e-08,629,0.00496209785,0.00448369281,6.07748552e-05,38,1,1
1e-08,630,0.0049704928,0.00449143257,6.08929622e-05,38,1,1
1e-08,631,0.00497888587,0.00449917186,6.10108837e-05,38,1,1
1e-08,632,0.00498728454,0.00450691441,6.11292053e-05,39,0,1
1e-08,633,0.00499568321,0.00451465975,6.12474469e-05,38,0,1
1e-08,634,0.00500408141,0.0045224051,6.1365572e-05,38,1,1
1e-08,635,0.00501248473,0.00453015417,6.14839955e-05,38,0,1
1e-08,636,0.00502088899,0.00453790417,6.16025354e-05,38,1,1
1e-08,637,0.0050292965,0.00454565836,6.17209589e-05,38,1,1
1e-08,638,0.00503770448,0.00455341162,6.1839688e-05,38,0,1
1e-08,639,0.00504611433,0.00456116861,6.19583443e-05,38,0,1
1e-08,640,0.0050545265,0.00456892746,6.20770661e-05,38,0,1
1e-08,641,0.00506294053,0.00457668677,6.21959116e-05,38,0,1
1e-08,642,0.00507135503,0.00458444934,6.23148007e-05,38,0,1
1e-08,643,0.00507977419,0.00459221425,6.24337481e-05,39,0,1
1e-08,644,0.00508819055,0.00459998008,6.25526591e-05,38,1,1
1e-08,645,0.00509661343,0.00460774964,6.26719266e-05,38,0,1
1e-08,646,0.00510503678,0.00461551966,6.27910049e-05,38,0,1
1e-08,647,0.00511346199,0.00462329248,6.2910367e-05,38,0,1
1e-08,648,0.00512188813,0.00463106716,6.30296345e-05,38,0,1
1e-08,649,0.00513031473,0.00463884231,6.31489747e-05,38,1,1
1e-08,650,0.00513874972,0.00464662258,6.32686133e-05,38,0,1
1e-08,651,0.00514718238,0.00465440331,6.33881427e-05,38,0,1
1e-08,652,0.00515561318,0.00466218404,6.35077013e-05,38,0,1
1e-08,653,0.00516405143,0.0046699699,6.36274708e-05,38,0,1
1e-08,654,0.00517248781,0.00467775576,6.37471167e-05,38,1,1
1e-08,655,0.00518092839,0.00468554441,6.3866959e-05,38,1,1
1e-08,656,0.00518937176,0.00469333585,6.39868886e-05,38,1,1
1e-08,657,0.0051978142,0.00470112776,6.41068909e-05,38,1,1
1e-08,658,0.00520626269,0.00470892293,6.42271334e-05,38,0,1
1e-08,659,0.00521470979,0.00471671904,6.43472813e-05,38,0,1
1e-08,660,0.00522315688,0.004724517,6.44674292e-05,38,0,1
1e-08,661,0.0052316091,0.00473231776,6.4587759e-05,38,0,1
1e-08,662,0.00524006272,0.00474012084,6.47081688e-05,38,0,1
1e-08,663,0.00524851913,0.00474792719,6.48285277e-05,38,1,1
1e-08,664,0.00525697507,0.00475573214,6.49490903e-05,38,1,1
1e-08,665,0.00526543614,0.00476354174,6.50697548e-05,38,0,1
1e-08,666,0.00527389487,0.00477135135,6.5190412e-05,38,0,1
1e-08,667,0.00528235687,0.00477916421,6.53109673e-05,38,1,1
1e-08,668,0.00529082306,0.00478697941,6.54319592e-05,38,0,1
1e-08,669,0.00529928925,0.0047947946,6.5552842e-05,38,0,1
1e-08,670,0.00530775962,0.00480261538,6.56738557e-05,38,0,1
1e-08,671,0.00531622907,0.00481043709,6.57947385e-05,38,1,1
1e-08,672,0.00532470085,0.00481825974,6.59158832e-05,38,1,1
1e-08,673,0.00533317495,0.00482608378,6.60370861e-05,38,1,1
1e-08,674,0.00534165278,0.00483391108,6.61584927e-05,38,0,1
1e-08,675,0.00535012968,0.00484173978,6.6279812e-05,38,0,1
1e-08,676,0.00535860891,0.0048495708,6.6401095e-05,38,1,1
1e-08,677,0.0053670886,0.00485740229,6.65225525e-05,38,1,1
1e-08,678,0.00537557481,0.00486523891,6.66441483e-05,38,1,1
1e-08,679,0.00538406102,0.00487307552,6.67658533e-05,38,0,1
1e-08,680,0.00539254677,0.004880914,6.68875e-05,38,1,1
1e-08,681,0.00540103624,0.0048887548,6.70094305e-05,38,1,1
1e-08,682,0.00540952804,0.00489659887,6.71311864e-05,38,1,1
1e-08,683,0.00541802077,0.00490444293,6.72532187e-05,38,1,1
1e-08,684,0.00542651815,0.00491229026,6.7375302e-05,39,0,1
1e-08,685,0.00543501507,0.00492013991,6.74973999e-05,38,0,1
1e-08,686,0.00544351293,0.00492799003,6.76195486e-05,38,0,1
1e-08,687,0.00545201451,0.00493584387,6.77418211e-05,38,0,1
1e-08,688,0.00546051655,0.00494369864,6.78641372e-05,38,0,1
1e-08,689,0.00546902046,0.00495155528,6.79864897e-05,38,0,1
1e-08,690,0.00547752623,0.00495941471,6.8108995e-05,38,0,1
1e-08,691,0.00548603479,0.00496727601,6.82315149e-05,38,0,1
1e-08,692,0.00549454661,0.00497513963,6.83541584e-05,38,0,1
1e-08,693,0.00550305843,0.00498300465,6.84768384e-05,38,0,1
1e-08,694,0.00551156979,0.00499087106,6.85995328e-05,38,0,1
1e-08,695,0.00552008627,0.00499874121,6.87223073e-05,38,1,1
1e-08,696,0.00552860508,0.00500661368,6.88452419e-05,38,1,1
1e-08,697,0.00553712528,0.00501448568,6.89683802e-05,38,0,1
1e-08,698,0.00554564642,0.00502236141,6.9091453e-05,38,0,1
1e-08,699,0.00555416988,0.00503023947,6.92144386e-05,38,1,1
1e-08,700,0.00556269335,0.00503811706,6.93376423e-05,38,1,1
1e-08,701,0.00557122147,0.00504599791,6.94611008e-05,39,0,1
1e-08,702,0.00557975378,0.00505388388,6.95845083e-05,39,0,1
1e-08,703,0.00558828143,0.00506176753,6.97077776e-05,38,1,1
1e-08,704,0.00559681514,0.00506965583,6.98313233e-05,38,1,1
1e-08,705,0.00560535025,0.0050775446,6.99550874e-05,38,0,1
1e-08,706,0.00561388955,0.00508543709,7.00787641e-05,38,0,1
1e-08,707,0.00562242744,0.00509333238,7.02023535e-05,38,1,1
1e-08,708,0.00563096674,0.00510122674,7.03261758e-05,38,1,1
1e-08,709,0.00563950976,0.00510912389,7.04502309e-05,38,0,1
1e-08,710,0.00564805511,0.00511702336,7.05741986e-05,38,0,1
1e-08,711,0.00565660093,0.00512492564,7.069821e-05,38,0,1
1e-08,712,0.00566514861,0.0051328293,7.08223961e-05,38,1,1
1e-08,713,0.00567370048,0.00514073484,7.09466258e-05,38,0,1
1e-08,714,0.00568225281,0.00514864316,7.10709137e-05,38,0,1
1e-08,715,0.00569080701,0.00515655242,7.11952889e-05,38,0,1
1e-08,716,0.00569936214,0.005164464,7.13197223e-05,38,0,1
1e-08,717,0.00570792146,0.00517237978,7.14442576e-05,38,0,1
1e-08,718,0.00571648078,0.00518029509,7.15688366e-05,38,0,1
1e-08,719,0.00572504057,0.0051882118,7.16934737e-05,38,0,1
1e-08,720,0.00573360268,0.0051961313,7.18181691e-05,38,1,1
1e-08,721,0.00574216805,0.0052040536,7.19430391e-05,38,0,1
1e-08,722,0.00575073715,0.00521197775,7.20679309e-05,38,0,1
1e-08,723,0.00575930392,0.00521990331,7.2192699e-05,38,1,1
1e-08,724,0.00576787535,0.00522783166,7.23177218e-05,38,1,1
1e-08,725,0.00577644957,0.0052357628,7.24429046e-05,38,1,1
1e-08,726,0.00578502472,0.00524369488,7.25682694e-05,38,0,1
1e-08,727,0.00579360081,0.00525162881,7.26933431e-05,38,1,1
1e-08,728,0.00580218202,0.00525956554,7.28188897e-05,38,0,1
1e-08,729,0.00581076182,0.00526750321,7.29442836e-05,38,0,1
1e-08,730,0.00581934396,0.00527544366,7.3069823e-05,38,0,1
1e-08,731,0.00582793029,0.00528338784,7.31953915e-05,38,1,1
1e-08,732,0.00583651476,0.00529133016,7.33209745e-05,38,0,1
1e-08,733,0.00584510434,0.00529927807,7.34468122e-05,38,0,1
1e-08,734,0.0058536916,0.00530722458,7.3572417e-05,38,1,1
1e-08,735,0.00586228631,0.00531517761,7.36983566e-05,38,1,1
1e-08,736,0.00587087777,0.00532312738,7.38242234e-05,38,1,1
1e-08,737,0.00587947574,0.00533108413,7.39503666e-05,38,1,1
1e-08,738,0.00588807324,0.00533903996,7.40763935e-05,38,1,1
1e-08,739,0.00589667074,0.00534699671,7.42026168e-05,38,1,1
1e-08,740,0.0059052743,0.00535495905,7.43288983e-05,38,1,1
1e-08,741,0.00591387646,0.00536292046,7.44552453e-05,38,1,1
1e-08,742,0.00592248514,0.00537088653,7.45818543e-05,38,0,1
1e-08,743,0.00593109243,0.0053788526,7.47083177e-05,39,0,1
1e-08,744,0.00593970157,0.00538682286,7.48349121e-05,38,0,1
1e-08,745,0.00594831165,0.00539479265,7.49615574e-05,38,0,1
1e-08,746,0.00595692452,0.00540276524,7.50882755e-05,38,0,1
1e-08,747,0.00596553972,0.00541074015,7.52149572e-05,38,1,1
1e-08,748,0.00597415725,0.00541871833,7.53418135e-05,38,1,1
1e-08,749,0.0059827771,0.00542669743,7.54689099e-05,38,1,1
1e-08,750,0.00599139603,0.00543467747,7.5595839e-05,38,1,1
1e-08,751,0.00600001914,0.00544266077,7.57230519e-05,38,1,1
1e-08,752,0.00600864645,0.00545064686,7.58503156e-05,38,0,1
1e-08,753,0.00601727096,0.00545863388,7.59773902e-05,38,1,1
1e-08,754,0.00602589967,0.0054666223,7.61048505e-05,38,1,1
1e-08,755,0.00603453023,0.00547461491,7.62322597e-05,38,0,1
1e-08,756,0.00604316173,0.00548260659,7.63598218e-05,38,0,1
1e-08,757,0.00605179742,0.00549060339,7.64873694e-05,38,1,1
1e-08,758,0.00606043311,0.00549860066,7.66149242e-05,38,1,1
1e-08,759,0.00606907159,0.00550660072,7.67426682e-05,38,1,1
1e-08,760,0.006077711,0.00551460171,7.68704413e-05,38,1,1
1e-08,761,0.00608635228,0.00552260503,7.69983308e-05,38,1,1
1e-08,762,0.00609499682,0.00553061068,7.71264604e-05,38,0,1
1e-08,763,0.00610364322,0.00553861912,7.72545172e-05,38,0,1
1e-08,764,0.00611229055,0.00554662803,7.73826032e-05,38,0,1
1e-08,765,0.00612094067,0.00555463927,7.75107401e-05,38,0,1
1e-08,766,0.00612959266,0.00556265377,7.76391098e-05,38,0,1
1e-08,767,0.00613824511,0.00557066919,7.77674431e-05,38,0,1
1e-08,768,0.00614690222,0.00557868788,7.78958856e-05,38,0,1
1e-08,769,0.00615555746,0.00558670703,7.80243281e-05,38,0,1
1e-08,770,0.0061642169,0.00559472758,7.81529379e-05,38,0,1
1e-08,771,0.0061728796,0.00560275326,7.82815623e-05,38,0,1
1e-08,772,0.00618154043,0.00561077939,7.84102231e-05,38,1,1
1e-08,773,0.00619020546,0.00561880739,7.85390293e-05,38,1,1
1e-08,774,0.00619887561,0.00562683912,7.86681048e-05,38,0,1
1e-08,775,0.00620754156,0.00563487038,7.87969184e-05,38,1,1
1e-08,776,0.00621621311,0.00564290443,7.89260885e-05,38,0,1
1e-08,777,0.00622488651,0.00565094035,7.9055244e-05,38,0,1
1e-08,778,0.00623356039,0.00565897813,7.91844359e-05,38,0,1
1e-08,779,0.00624223566,0.0056670187,7.93137151e-05,38,0,1
1e-08,780,0.00625091419,0.00567506067,7.94430962e-05,38,0,1
1e-08,781,0.00625959458,0.00568310451,7.95724991e-05,38,0,1
1e-08,782,0.00626827683,0.00569115113,7.9702033e-05,38,0,1
1e-08,783,0.00627696142,0.00569920149,7.98315887e-05,38,1,1
1e-08,784,0.00628564507,0.00570724998,7.99612244e-05,38,1,1
1e-08,785,0.00629433617,0.00571530592,8.00909183e-05,38,1,1
1e-08,786,0.00630302355,0.00572335813,8.02206923e-05,38,1,1
1e-08,787,0.00631171698,0.0057314164,8.03506264e-05,38,1,1
1e-08,788,0.00632041041,0.00573947467,8.04807278e-05,38,1,1
1e-08,789,0.00632910756,0.00574753573,8.06108583e-05,39,0,1
1e-08,790,0.00633780472,0.00575559959,8.0740967e-05,38,0,1
1e-08,791,0.0063465042,0.00576366484,8.08710611e-05,38,1,1
1e-08,792,0.00635520462,0.00577173056,8.10014681e-05,38,1,1
1e-08,793,0.00636390829,0.00577980001,8.11317295e-05,38,1,1
1e-08,794,0.00637261663,0.00578787317,8.12623475e-05,38,0,1
1e-08,795,0.00638132216,0.00579594448,8.13928855e-05,38,0,1
1e-08,796,0.00639003189,0.00580402091,8.15234089e-05,38,0,1
1e-08,797,0.00639874255,0.00581209781,8.16540996e-05,38,0,1
1e-08,798,0.00640745368,0.0058201761,8.17848777e-05,38,1,1
1e-08,799,0.00641617039,0.00582825905,8.19157576e-05,38,1,1
1e-08,800,0.00642488617,0.00583634013,8.20467103e-05,39,0,1
1e-08,801,0.00643360615,0.00584442867,8.21777503e-05,38,0,1
1e-08,802,0.00644232845,0.00585251721,8.23088194e-05,38,0,1
1e-08,803,0.00645104982,0.00586060621,8.24399758e-05,38,0,1
1e-08,804,0.00645977352,0.005868698,8.25710085e-05,38,1,1
1e-08,805,0.00646850048,0.00587679213,8.27023614e-05,38,1,1
1e-08,806,0.0064772279,0.00588488672,8.28337434e-05,38,1,1
1e-08,807,0.00648595905,0.00589298503,8.29653873e-05,38,0,1
1e-08,808,0.00649469113,0.00590108475,8.30967838e-05,38,1,1
1e-08,809,0.006503426,0.00590918679,8.32285659e-05,38,1,1
1e-08,810,0.00651216088,0.00591729023,8.3360108e-05,38,1,1
1e-08,811,0.00652090274,0.00592539785,8.34921084e-05,38,0,1
1e-08,812,0.00652964087,0.00593350502,8.36239706e-05,38,0,1
1e-08,813,0.00653837994,0.00594161451,8.37557309e-05,38,1,1
1e-08,814,0.00654712832,0.00594972866,8.38879496e-05,39,0,1
1e-08,815,0.00655587437,0.0059578442,8.40200591e-05,38,0,1
1e-08,816,0.00656461995,0.00596595788,8.41522124e-05,38,0,1
1e-08,817,0.00657336926,0.00597407715,8.4284402e-05,38,0,1
1e-08,818,0.00658212462,0.00598220062,8.4416868e-05,38,0,1
1e-08,819,0.00659087487,0.00599032128,8.45492614e-05,38,0,1
1e-08,820,0.0065996293,0.00599844428,8.46817275e-05,38,0,1
1e-08,821,0.00660839025,0.00600657519,8.48143682e-05,38,0,1
1e-08,822,0.00661714654,0.00601470098,8.49469943e-05,38,0,1
1e-08,823,0.0066259075,0.00602283189,8.50795404e-05,38,1,1
1e-08,824,0.00663467171,0.0060309656,8.52125668e-05,38,0,1
1e-08,825,0.00664343778,0.00603910116,8.5345433e-05,38,1,1
1e-08,826,0.00665220385,0.00604723766,8.54784084e-05,38,0,1
1e-08,827,0.00666097458,0.00605537882,8.56115003e-05,38,0,1
1e-08,828,0.00666974485,0.00606351905,8.5744563e-05,38,1,1
1e-08,829,0.00667851791,0.00607166253,8.58778003e-05,38,1,1
1e-08,830,0.00668729097,0.00607980695,8.60109358e-05,38,1,1
1e-08,831,0.00669607008,0.00608795602,8.61445151e-05,38,0,1
1e-08,832,0.00670485059,0.00609610602,8.62778834e-05,38,0,1
1e-08,833,0.00671362923,0.00610425649,8.64115063e-05,38,0,1
1e-08,834,0.00672241161,0.00611241069,8.65450857e-05,38,0,1
1e-08,835,0.00673119491,0.00612056488,8.6678745e-05,38,1,1
1e-08,836,0.00673998194,0.00612872327,8.68125644e-05,38,0,1
1e-08,837,0.00674877223,0.00613688398,8.69464347e-05,38,0,1
1e-08,838,0.00675756112,0.00614504563,8.70803196e-05,38,0,1
1e-08,839,0.00676635327,0.0061532096,8.72143646e-05,38,0,1
1e-08,840,0.00677515008,0.0061613773,8.73483586e-05,38,0,1
1e-08,841,0.00678394549,0.00616954453,8.74825055e-05,38,0,1
1e-08,842,0.00679274229,0.00617771456,8.76168633e-05,38,0,1
1e-08,843,0.00680154283,0.00618588692,8.7751192e-05,38,0,1
1e-08,844,0.00681034476,0.00619406067,8.78855863e-05,38,0,1
1e-08,845,0.00681914901,0.00620223721,8.80200896e-05,38,0,1
1e-08,846,0.0068279542,0.00621041562,8.81546366e-05,38,0,1
1e-08,847,0.00683676265,0.00621859636,8.82892855e-05,38,0,1
1e-08,848,0.0068455725,0.00622677896,8.84240071e-05,38,0,1
1e-08,849,0.00685438467,0.00623496622,8.85588088e-05,38,1,1
1e-08,850,0.00686319731,0.00624315161,8.86936759e-05,38,1,1
1e-08,851,0.00687201554,0.00625134166,8.88287032e-05,38,0,1
1e-08,852,0.0068808319,0.00625953311,8.89637449e-05,38,0,1
1e-08,853,0.0068896506,0.00626772549,8.90988522e-05,38,0,1
1e-08,854,0.00689847022,0.0062759188,8.92340468e-05,38,0,1
1e-08,855,0.0069072945,0.0062841149,8.93693723e-05,38,0,1
1e-08,856,0.00691611925,0.00629231613,8.95045014e-05,38,1,1
1e-08,857,0.00692494772,0.00630051829,8.96401034e-05,38,0,1
1e-08,858,0.00693377899,0.00630872231,8.97757418e-05,38,0,1
1e-08,859,0.00694260793,0.00631692586,8.99113293e-05,38,0,1
1e-08,860,0.00695144013,0.00632513408,9.00470041e-05,38,0,1
1e-08,861,0.00696027512,0.00633334368,9.01827589e-05,38,0,1
1e-08,862,0.00696911151,0.00634155376,9.03184846e-05,38,0,1
1e-08,863,0.00697795348,0.00634976989,9.04545741e-05,39,0,1
1e-08,864,0.0069867936,0.00635798695,9.05905836e-05,38,0,1
1e-08,865,0.0069956379,0.0063662054,9.07266804e-05,38,0,1
1e-08,866,0.00700447988,0.00637442386,9.08628062e-05,38,0,1
1e-08,867,0.00701332791,0.00638264604,9.09990631e-05,38,0,1
1e-08,868,0.0070221778,0.00639087101,9.11354146e-05,38,0,1
1e-08,869,0.00703102909,0.00639909785,9.1271846e-05,38,0,1
1e-08,870,0.00703987665,0.00640732329,9.14082848e-05,38,0,1
1e-08,871,0.00704873307,0.00641555572,9.15448472e-05,38,1,1
1e-08,872,0.00705759134,0.00642379047,9.16813733e-05,38,1,1
1e-08,873,0.00706644775,0.0064320229,9.1818074e-05,38,1,1
1e-08,874,0.00707530743,0.00644025905,9.19548693e-05,38,1,1
1e-08,875,0.00708417315,0.00644849893,9.2091992e-05,38,0,1
1e-08,876,0.00709303468,0.00645673927,9.22288818e-05,38,1,1
1e-08,877,0.00710190181,0.00646498334,9.23659827e-05,38,1,1
1e-08,878,0.007110768,0.00647322601,9.25030909e-05,38,1,1
1e-08,879,0.00711963978,0.0064814752,9.264033e-05,38,1,1
1e-08,880,0.00712851156,0.00648972206,9.27776928e-05,38,0,1
1e-08,881,0.00713738659,0.00649797497,9.29149901e-05,38,0,1
1e-08,882,0.00714626024,0.00650622789,9.30524839e-05,38,1,1
1e-08,883,0.00715514179,0.00651448499,9.31901013e-05,38,0,1
1e-08,884,0.00716401776,0.0065227407,9.33275369e-05,38,1,1
1e-08,885,0.00717290258,0.00653100153,9.34654527e-05,38,0,1
1e-08,886,0.00718178414,0.00653926283,9.36031793e-05,38,0,1
1e-08,887,0.00719067035,0.00654752739,9.37408913e-05,38,1,1
1e-08,888,0.00719955936,0.00655579427,9.38790472e-05,38,0,1
1e-08,889,0.00720844511,0.00656405929,9.40168247e-05,38,0,1
1e-08,890,0.00721733831,0.00657233037,9.41551334e-05,38,0,1
1e-08,891,0.00722623337,0.00658060284,9.42933839e-05,38,0,1
1e-08,892,0.0072351289,0.00658887811,9.44316271e-05,38,1,1
1e-08,893,0.00724402675,0.00659715384,9.45699867e-05,38,0,1
1e-08,894,0.00725292694,0.00660543283,9.47084336e-05,38,0,1
1e-08,895,0.00726182619,0.00661371322,9.48467641e-05,38,1,1
1e-08,896,0.0072707287,0.00662199454,9.49854584e-05,38,1,1
1e-08,897,0.00727963587,0.00663028145,9.51241745e-05,38,1,1
1e-08,898,0.00728854118,0.0066385665,9.52629634e-05,38,0,1
1e-08,899,0.00729745021,0.00664685573,9.54016214e-05,38,1,1
1e-08,900,0.0073063625,0.0066551473,9.55406067e-05,38,1,1
1e-08,901,0.00731527619,0.00666344119,9.56797885e-05,38,0,1
1e-08,902,0.00732418941,0.00667173322,9.58188393e-05,38,0,1
1e-08,903,0.00733310683,0.0066800327,9.59580066e-05,38,0,1
1e-08,904,0.00734202564,0.00668833219,9.60971156e-05,38,1,1
1e-08,905,0.00735094678,0.00669663353,9.62365739e-05,38,1,1
1e-08,906,0.00735986838,0.0067049358,9.63760249e-05,38,0,1
1e-08,907,0.00736879371,0.00671324087,9.65155195e-05,38,0,1
1e-08,908,0.00737771904,0.00672154874,9.66549123e-05,38,1,1
1e-08,909,0.00738665042,0.00672985986,9.6794749e-05,39,0,1
1e-08,910,0.00739558227,0.00673817191,9.69344983e-05,39,0,1
1e-08,911,0.00740451273,0.00674648583,9.70743276e-05,38,0,1
1e-08,912,0.00741344551,0.00675480021,9.72142007e-05,38,0,1
1e-08,913,0.00742238294,0.00676311925,9.73541901e-05,38,0,1
1e-08,914,0.00743132178,0.00677143969,9.74942741e-05,38,0,1
1e-08,915,0.00744026434,0.00677976338,9.76343508e-05,38,0,1
1e-08,916,0.0074492055,0.00678808661,9.77746822e-05,38,0,1
1e-08,917,0.00745814759,0.00679641217,9.79149627e-05,38,0,1
1e-08,918,0.00746709714,0.00680474192,9.80553959e-05,38,0,1
1e-08,919,0.00747604296,0.0068130712,9.81958583e-05,38,0,1
1e-08,920,0.00748499297,0.00682140514,9.83363934e-05,38,0,1
1e-08,921,0.00749394624,0.00682974095,9.84770886e-05,38,0,1
1e-08,922,0.00750290183,0.00683807954,9.86178202e-05,38,0,1
1e-08,923,0.00751185557,0.00684641628,9.87584135e-05,38,1,1
1e-08,924,0.00752081536,0.00685475906,9.88994434e-05,38,1,1
1e-08,925,0.00752977561,0.00686310232,9.90402623e-05,38,1,1
1e-08,926,0.00753873819,0.00687144883,9.91814013e-05,38,1,1
1e-08,927,0.00754769938,0.00687979208,9.93226349e-05,38,0,1
1e-08,928,0.00755666662,0.00688814465,9.94638831e-05,38,0,1
1e-08,929,0.00756563386,0.00689649582,9.96051676e-05,38,0,1
1e-08,930,0.00757460529,0.00690485118,9.97463503e-05,38,1,1
1e-08,931,0.00758357346,0.00691320421,9.98877804e-05,38,1,1
1e-08,932,0.00759254908,0.0069215633,0.000100029523,38,1,1
1e-08,933,0.0076015261,0.00692992471,0.000100171215,38,0,1
1e-08,934,0.00761050545,0.00693828706,0.000100312936,38,0,1
1e-08,935,0.0076194834,0.00694665033,0.000100454708,38,0,1
1e-08,936,0.00762846787,0.00695501873,0.000100596641,38,0,1
1e-08,937,0.00763745001,0.00696338713,0.000100738587,38,0,1
1e-08,938,0.00764643494,0.00697175786,0.000100880628,38,0,1
1e-08,939,0.00765542081,0.00698012952,0.000101022517,38,1,1
1e-08,940,0.00766440993,0.0069885035,0.000101164929,38,0,1
1e-08,941,0.00767340232,0.00699688122,0.00010130724,38,0,1
1e-08,942,0.00768239656,0.00700525986,0.000101449652,38,0,1
1e-08,943,0.00769140059,0.00701364037,0.000101592064,39,0,1
1e-08,944,0.00770038785,0.0070220232,0.0001017346,39,0,1
1e-08,945,0.00770938909,0.00703041162,0.000101877275,38,0,1
1e-08,946,0.00771839079,0.00703879818,0.000102019985,38,0,1
1e-08,947,0.00772739109,0.00704718614,0.000102162645,38,1,1
1e-08,948,0.00773639511,0.00705557689,0.000102305567,38,0,1
1e-08,949,0.00774540333,0.00706397183,0.000102448539,38,0,1
1e-08,950,0.00775441527,0.00707236957,0.000102591635,38,0,1
1e-08,951,0.00776342768,0.0070807673,0.000102734732,38,0,1
1e-08,952,0.0077724373,0.00708916644,0.000102877937,38,0,1
1e-08,953,0.00778145576,0.00709757116,0.000103021281,38,0,1
1e-08,954,0.00779046956,0.00710597308,0.000103164617,38,0,1
1e-08,955,0.00779948849,0.00711437967,0.000103307859,38,1,1
1e-08,956,0.00780851068,0.00712278904,0.000103451588,38,0,1
1e-08,957,0.00781753287,0.00713119889,0.00010359523,38,0,1
1e-08,958,0.00782655831,0.00713961245,0.000103738945,38,0,1
1e-08,959,0.00783558656,0.00714802742,0.000103882645,38,0,1
1e-08,960,0.0078446148,0.00715644471,0.000104026607,38,0,1
1e-08,961,0.00785364583,0.0071648648,0.000104170562,38,0,1
1e-08,962,0.00786267873,0.00717328442,0.000104314611,38,0,1
1e-08,963,0.00787171535,0.00718170917,0.000104458733,38,0,1
1e-08,964,0.00788074918,0.00719013391,0.000104602688,38,1,1
1e-08,965,0.0078897886,0.00719856098,0.000104747218,38,0,1
1e-08,966,0.00789882895,0.00720699178,0.000104891529,38,1,1
1e-08,967,0.00790787116,0.00721542304,0.000105036037,38,0,1
1e-08,968,0.00791691616,0.00722385757,0.000105180421,38,1,1
1e-08,969,0.00792596303,0.00723229395,0.000105325191,38,0,1
1e-08,970,0.00793501176,0.0072407308,0.000105469859,38,1,1
1e-08,971,0.00794406515,0.00724917324,0.000105614752,38,0,1
1e-08,972,0.00795311481,0.00725761475,0.000105759398,38,0,1
1e-08,973,0.00796216819,0.00726605719,0.000105904313,38,0,1
1e-08,974,0.00797122438,0.00727450429,0.00010604936,38,1,1
1e-08,975,0.00798028149,0.00728295231,0.000106194464,38,1,1
1e-08,976,0.00798934512,0.00729140546,0.000106339743,38,1,1
1e-08,977,0.00799840875,0.00729985768,0.000106485211,38,0,1
1e-08,978,0.00800747145,0.00730831362,0.000106630592,38,0,1
1e-08,979,0.00801653508,0.0073167677,0.000106775828,38,1,1
1e-08,980,0.0080256043,0.0073252283,0.00010692139,38,1,1
1e-08,981,0.00803467445,0.00733368983,0.000107067186,38,0,1
1e-08,982,0.00804375019,0.00734215416,0.000107212923,38,0,1
1e-08,983,0.00805282407,0.00735061942,0.000107358632,38,0,1
1e-08,984,0.00806189608,0.00735908514,0.000107504406,38,1,1
1e-08,985,0.00807097554,0.00736755598,0.000107650529,38,0,1
1e-08,986,0.0080800578,0.00737602916,0.000107796644,38,0,1
1e-08,987,0.00808913913,0.00738450233,0.000107942753,38,0,1
1e-08,988,0.00809822418,0.0073929783,0.000108088963,38,0,1
1e-08,989,0.0081073083,0.00740145659,0.000108235254,38,0,1
1e-08,990,0.00811639801,0.00740993768,0.000108381581,38,0,1
1e-08,991,0.00812548865,0.00741842063,0.000108528016,38,0,1
1e-08,992,0.00813458022,0.00742690591,0.000108674511,38,1,1
1e-08,993,0.00814367086,0.00743539026,0.000108821114,38,1,1
1e-08,994,0.00815277174,0.00744388299,0.00010896803,38,1,1
1e-08,995,0.0081618689,0.00745237432,0.000109114699,38,1,1
1e-08,996,0.00817096699,0.00746086519,0.000109261746,38,0,1
1e-08,997,0.0081800716,0.00746936165,0.000109408764,38,0,1
1e-08,998,0.00818917435,0.0074778595,0.0001095556,38,0,1
1e-08,999,0.00819827989,0.00748635828,0.000109702916,38,0,1
1e-08,1000,0.00820738729,0.007494858,0.000109850145,38,0,1
1e-08,1001,0.00821649935,0.0075033647,0.000109997512,38,0,1
1e-08,1002,0.00822560675,0.00751186721,0.000110144814,38,1,1
1e-08,1003,0.00823472161,0.0075203767,0.00011029216,38,1,1
1e-08,1004,0.00824384019,0.00752888899,0.000110439963,38,0,1
1e-08,1005,0.0082529569,0.00753739895,0.000110587607,38,0,1
1e-08,1006,0.00826207828,0.0075459145,0.000110735346,38,0,1
1e-08,1007,0.00827119779,0.00755443098,0.000110883157,38,0,1
1e-08,1008,0.00828032196,0.00756295072,0.000111030873,38,1,1
1e-08,1009,0.00828944519,0.00757146766,0.000111179055,38,0,1
1e-08,1010,0.00829858053,0.00757999718,0.00011132723,38,0,1
1e-08,1011,0.00830770377,0.00758851646,0.000111475325,38,0,1
1e-08,1012,0.00831683539,0.00759704551,0.000111623376,38,1,1
1e-08,1013,0.0083259698,0.00760557456,0.000111771835,38,1,1
1e-08,1014,0.00833510607,0.00761410547,0.000111920279,38,0,1
1e-08,1015,0.00834424514,0.00762264058,0.000112068825,38,0,1
1e-08,1016,0.00835338235,0.00763117429,0.0001122174,38,0,1
1e-08,1017,0.00836252328,0.00763971172,0.00011236612,38,0,1
1e-08,1018,0.0083716698,0.00764825381,0.000112514856,38,0,1
1e-08,1019,0.00838081632,0.0076567973,0.000112663656,38,1,1
1e-08,1020,0.00838996377,0.00766534032,0.000112812639,38,0,1
1e-08,1021,0.00839911029,0.00767388521,0.000112961578,38,1,1
1e-08,1022,0.00840826333,0.00768243428,0.000113110764,38,0,1
1e-08,1023,0.00841741543,0.00769098522,0.000113259688,38,1,1
