dt,traj,s1,s2,s3,converged
0.5,0,0.000646254048,1.73515687e-07,4.92691665e-09,1
0.5,1,0.00163401105,0.000889011368,1.46089442e-05,1
0.5,2,0.00265128352,0.00180915499,3.02733242e-05,1
0.5,3,0.0037003234,0.0027687985,4.76713831e-05,1
0.5,4,0.0047790166,0.003755935,6.58284262e-05,1
0.5,5,0.00588892773,0.00477626827,8.52173689e-05,1
0.5,6,0.00703066029,0.00583049376,0.000105902713,1
0.5,7,0.00820469856,0.00691926014,0.000127952837,1
0.5,8,0.00941171311,0.00804331806,0.000151408574,1
0.5,9,0.0106521901,0.00920333154,0.000176385802,1
0.5,10,0.0114425272,0.0099466797,0.000150902546,1
0.5,11,0.0126987025,0.0111300647,0.000173404813,1
0.5,12,0.0139892474,0.0123505732,0.000197525631,1
0.5,13,0.0153147709,0.0136089642,0.000223341602,1
0.5,14,0.0166759081,0.0149059836,0.000250931247,1
0.5,15,0.0180732366,0.0162423905,0.000280377455,1
0.5,16,0.0195073746,0.017618956,0.000311764627,1
0.5,17,0.0209789872,0.0190364793,0.000345182081,1
0.5,18,0.0224886984,0.02049575,0.000380721875,1
0.5,19,0.0240371041,0.0219975505,0.000418476848,1
0.5,20,0.0256249011,0.0235427339,0.000458547263,1
0.5,21,0.0272638053,0.0251427367,0.000502796378,1
0.5,22,0.0289328918,0.0267776977,0.000547890901,1
0.5,23,0.0306434073,0.0284585729,0.000595618621,1
0.5,24,0.0323959701,0.0301861949,0.000646091357,1
0.5,25,0.0341912955,0.0319614522,0.000699426804,1
0.5,26,0.0360300951,0.0337852426,0.000755748537,1
0.5,27,0.0379130542,0.0356584452,0.000815179083,1
0.5,28,0.0398409367,0.0375820063,0.000877851911,1
0.5,29,0.0418144427,0.0395568386,0.000943899446,1
0.5,30,0.0438342877,0.0415838659,0.0010134622,1
0.5,31,0.045901224,0.0436640345,0.00108668278,1
0.5,32,0.0480159745,0.0457983054,0.00116371014,1
0.5,33,0.0501794256,0.0479877293,0.00124470284,1
0.5,34,0.052392222,0.0502332039,0.00132981665,1
0.5,35,0.0546551757,0.0525357611,0.00141921616,1
0.5,36,0.0569690764,0.0548964217,0.00151307276,1
0.5,37,0.0593347847,0.0573162548,0.00161156442,1
0.5,38,0.0617529862,0.0597962104,0.00171486847,1
0.5,39,0.0642246455,0.0623374693,0.00182317896,1
0.5,40,0.0667503849,0.064940922,0.0019366811,1
0.5,41,0.0693313107,0.0676078945,0.00205558958,1
0.5,42,0.0719680786,0.0703393146,0.00218010019,1
0.5,43,0.0746615455,0.0731362924,0.00231042807,1
0.5,44,0.0774126053,0.0759999827,0.00244679512,1
0.5,45,0.0802222341,0.0789316222,0.00258943578,1
0.5,46,0.0830911398,0.081932202,0.00273857405,1
0.5,47,0.0860203356,0.085002996,0.00289446232,1
0.5,48,0.0890107453,0.0881452039,0.00305734831,1
0.5,49,0.0920631438,0.0913599059,0.0032274879,1
0.5,50,0.0951786414,0.0946484953,0.00340515724,1
0.5,51,0.09835805,0.0980120674,0.00359062152,1
0.5,52,0.101602316,0.101451866,0.00378416665,1
0.5,53,0.104912393,0.104969166,0.00398608437,1
0.5,54,0.108289279,0.108565271,0.00419668248,1
0.5,55,0.111733928,0.11224144,0.00441626739,1
0.5,56,0.115247481,0.11599911,0.00464517344,1
0.5,57,0.118830629,0.119839333,0.0048837075,1
0.5,58,0.122484662,0.12376371,0.00513223046,1
0.5,59,0.126210392,0.127773404,0.00539108226,1
0.5,60,0.130008951,0.131869853,0.00566063263,1
0.5,61,0.133881435,0.136054531,0.00594125781,1
0.5,62,0.137828767,0.140328705,0.00623333175,1
0.5,63,0.141851977,0.144693717,0.00653724466,1
0.5,64,0.145952404,0.149151325,0.00685343705,1
0.5,65,0.150130764,0.153702557,0.00718228519,1
0.5,66,0.154388502,0.158349246,0.00752426311,1
0.5,67,0.158726394,0.163092583,0.00787978619,1
0.5,68,0.163145751,0.167934194,0.00824932195,1
0.5,69,0.167647764,0.172875673,0.00863335654,1
0.5,70,0.172233328,0.17791836,0.0090323519,1
0.5,71,0.176903769,0.183063909,0.00944682211,1
0.5,72,0.18166025,0.188313931,0.00987728592,1
0.5,73,0.186503872,0.1936699,0.0103242677,1
0.5,74,0.191435814,0.199133411,0.0107883047,1
0.5,75,0.196457252,0.204706073,0.0112699606,1
0.5,76,0.201569527,0.210389674,0.0117698284,1
0.5,77,0.206773713,0.216185644,0.0122884819,1
0.5,78,0.212071136,0.222095802,0.012826547,1
0.5,79,0.217462912,0.228121683,0.0133846318,1
0.5,80,0.222950384,0.234265074,0.0139633985,1
0.5,81,0.228534743,0.24052763,0.0145635009,1
0.5,82,0.234217405,0.246911228,0.0151856299,1
0.5,83,0.239999443,0.253417373,0.0158304702,1
0.5,84,0.245882303,0.260047972,0.0164987594,1
0.5,85,0.251867265,0.266804814,0.0171912257,1
0.5,86,0.257955611,0.273689598,0.0179086365,1
0.5,87,0.264148593,0.280704081,0.018651763,1
0.5,88,0.270447761,0.28785038,0.0194214322,1
0.5,89,0.27685383,0.295129776,0.020218065,1
0.5,90,0.283369094,0.302544713,0.0210431945,1
0.5,91,0.289994538,0.310096979,0.0218974017,1
0.5,92,0.296731502,0.317788303,0.0227815472,1
0.5,93,0.303581297,0.325620502,0.023696553,1
0.5,94,0.310545444,0.333595634,0.0246433653,1
0.5,95,0.317625165,0.341715485,0.0256229341,1
0.5,96,0.324822247,0.349982291,0.026636295,1
0.5,97,0.332137942,0.358397901,0.027684439,1
0.5,98,0.339573562,0.366964132,0.0287684016,1
0.5,99,0.347130716,0.375683129,0.0298892595,1
0.5,100,0.354810715,0.38455677,0.0310481098,1
0.5,101,0.362615228,0.393587261,0.0322460905,1
0.5,102,0.370545924,0.402776778,0.0334843919,1
0.5,103,0.378603876,0.412127018,0.0347641371,1
0.5,104,0.386790812,0.421640277,0.0360865816,1
0.5,105,0.395108163,0.431318462,0.0374529511,1
0.5,106,0.40355736,0.44116357,0.0388645157,1
0.5,107,0.412140369,0.451178312,0.0403226689,1
0.5,108,0.420858145,0.461363971,0.0418286324,1
0.5,109,0.429712802,0.471723408,0.0433839038,1
0.5,110,0.438705355,0.482258171,0.044989787,1
0.5,111,0.447837949,0.492970943,0.0466478318,1
0.5,112,0.457111955,0.503863692,0.0483594984,1
0.5,113,0.466528654,0.514938354,0.0501262397,1
0.5,114,0.476090014,0.526197433,0.0519496799,1
0.5,115,0.485797465,0.537642956,0.0538313836,1
0.5,116,0.495653003,0.549277544,0.0557730794,1
0.5,117,0.505657494,0.561102509,0.0577762574,1
0.5,118,0.515813112,0.573120832,0.0598427653,1
0.5,119,0.526121736,0.585334837,0.0619744062,1
0.5,120,0.536584377,0.597746134,0.0641728342,1
0.5,121,0.547203064,0.610357404,0.0664399937,1
0.5,122,0.557979167,0.623170614,0.0687776804,1
0.5,123,0.56891489,0.636188567,0.0711879432,1
0.5,124,0.580011249,0.649412751,0.0736726224,1
0.5,125,0.591270387,0.662846088,0.0762338415,1
0.5,126,0.602693796,0.676490426,0.0788736194,1
0.5,127,0.614283442,0.690348625,0.0815941095,1
0.5,128,0.626040816,0.704422414,0.0843974575,1
0.5,129,0.63796711,0.71871388,0.0872857869,1
0.5,130,0.650064886,0.733225942,0.0902614444,1
0.5,131,0.662335157,0.747960269,0.0933267027,1
0.5,132,0.674776912,0.762915969,0.0964822099,1
0.5,133,0.687397718,0.778101921,0.0997336805,1
0.5,134,0.700196505,0.79351747,0.103082061,1
0.5,135,0.713174701,0.809164345,0.106529705,1
0.5,136,0.726334274,0.825045109,0.110079348,1
0.5,137,0.739677072,0.841162264,0.113733619,1
0.5,138,0.753203988,0.857517242,0.117495,1
0.5,139,0.766917706,0.874113142,0.121366501,1
0.5,140,0.780819237,0.890951276,0.125350684,1
0.5,141,0.794911146,0.908035159,0.129450694,1
0.5,142,0.809194207,0.925365925,0.133669198,1
0.5,143,0.823670626,0.942946076,0.138009325,1
0.5,144,0.838341475,0.960777164,0.142473906,1
0.5,145,0.853209376,0.978862524,0.147066385,1
0.5,146,0.868275404,0.997203469,0.151789635,1
0.5,147,0.883541167,1.01580215,0.156646937,1
0.5,148,0.89900887,1.03466105,0.161641777,1
0.5,149,0.914679348,1.05378163,0.166777223,1
0.5,150,0.930555165,1.07316661,0.172056973,1
0.5,151,0.946637154,1.09281731,0.177484289,1
0.5,152,0.962927639,1.11273646,0.183062941,1
0.5,153,0.979428351,1.13292599,0.18879658,1
0.5,154,0.996139646,1.15338647,0.194688544,1
0.5,155,1.01306415,1.1741209,0.200742841,1
0.5,156,1.0302031,1.19513106,0.206963301,1
0.5,157,1.04755843,1.21641874,0.213353842,1
0.5,158,1.06513119,1.23798549,0.21991837,1
0.5,159,1.08292353,1.25983357,0.226661116,1
0.5,160,1.10093641,1.28196406,0.233585954,1
0.5,161,1.1191709,1.30437803,0.240696937,1
0.5,162,1.13762927,1.32707822,0.247998655,1
0.5,163,1.15631342,1.35006618,0.255495489,1
0.5,164,1.17522299,1.3733418,0.263191342,1
0.5,165,1.19436145,1.396909,0.271091521,1
0.5,166,1.21372867,1.42076683,0.279199719,1
0.5,167,1.23332667,1.44491756,0.287520975,1
0.5,168,1.25315678,1.46936274,0.296060175,1
0.5,169,0.533766687,0.596253097,0.0471362248,0
0.5,170,0.538759589,0.602819145,0.0479203239,0
0.5,171,0.543782353,0.609432459,0.0487150513,0
0.5,172,0.548834324,0.616092443,0.0495203994,0
0.5,173,0.553915918,0.622800171,0.0503366143,0
0.5,174,0.559027791,0.629555523,0.0511637814,0
0.5,175,0.564169168,0.636358678,0.0520020425,0
0.5,176,0.569340885,0.643210232,0.0528514981,0
0.5,177,0.574542999,0.650110185,0.05371226,0
0.5,178,0.579775453,0.657058418,0.0545844696,0
0.5,179,0.585038304,0.664056003,0.0554682799,0
0.5,180,0.590331435,0.671102107,0.0563637689,0
0.5,181,0.595655978,0.678197742,0.057271108,0
0.5,182,0.601010919,0.685342908,0.0581904128,0
0.5,183,0.606396914,0.692537665,0.0591218211,0
0.5,184,0.611814201,0.699782908,0.0600654744,0
0.5,185,0.617262602,0.707077682,0.0610214435,0
0.5,186,0.622742653,0.714423597,0.0619900003,0
0.5,187,0.628253937,0.721819997,0.0629711747,0
0.5,188,0.633796811,0.729267538,0.0639651492,0
0.5,189,0.639371634,0.73676604,0.0649720132,0
0.5,190,0.644978046,0.744315863,0.0659919754,0
0.5,191,0.650617123,0.751917779,0.0670251548,0
0.5,192,0.656287789,0.759571373,0.0680716857,0
0.5,193,0.661991239,0.76727736,0.069131732,0
0.5,194,0.667726576,0.775035441,0.0702054277,0
0.5,195,0.673495054,0.782846332,0.0712929219,0
0.5,196,0.679295957,0.790710211,0.0723943859,0
0.5,197,0.685129523,0.798627019,0.0735099167,0
0.5,198,0.690996051,0.806597292,0.0746397376,0
0.5,199,0.696896076,0.81462121,0.0757839605,0
0.5,200,0.702829123,0.822699368,0.0769427866,0
0.5,201,0.708795488,0.830831349,0.0781163201,0
0.5,202,0.714795709,0.839017987,0.0793047771,0
0.5,203,0.720828772,0.847258627,0.0805082247,0
0.5,204,0.726896882,0.855554938,0.0817269534,0
0.5,205,0.732997835,0.863905787,0.0829609856,0
0.5,206,0.739133358,0.872312427,0.0842106417,0
0.5,207,0.745303154,0.880774617,0.085475944,0
0.5,208,0.751507163,0.889293075,0.0867572129,0
0.5,209,0.757745564,0.897867143,0.0880544931,0
0.5,210,0.764018774,0.906497836,0.0893680006,0
0.5,211,0.770326972,0.915185511,0.0906979293,0
0.5,212,0.77666986,0.923929811,0.0920444056,0
0.5,213,0.783047676,0.932731509,0.0934076682,0
0.5,214,0.789460778,0.941590488,0.0947878361,0
0.5,215,0.795909286,0.950506985,0.0961851031,0
0.5,216,0.802393258,0.959481835,0.0975997299,0
0.5,217,0.808912814,0.968514979,0.099031806,0
0.5,218,0.81546849,0.977606714,0.100481577,0
0.5,219,0.822059691,0.986756861,0.101949148,0
0.5,220,0.828687012,0.995965779,0.103434779,0
0.5,221,0.835350871,1.00523484,0.104938708,0
0.5,222,0.842050791,1.01456296,0.106461056,0
0.5,223,0.848787546,1.02395093,0.108002022,0
0.5,224,0.85556078,1.03339946,0.109561831,0
0.5,225,0.862370729,1.0429076,0.111140594,0
0.5,226,0.869217634,1.05247676,0.112738661,0
0.5,227,0.876101732,1.06210685,0.114356115,0
0.5,228,0.883023322,1.07179832,0.115993239,0
0.5,229,0.889982104,1.08155107,0.117650196,0
0.5,230,0.896978736,1.09136581,0.11932721,0
0.5,231,0.904013097,1.1012423,0.121024519,0
0.5,232,0.911085188,1.11118126,0.12274228,0
0.5,233,0.918195307,1.12118256,0.124480709,0
0.5,234,0.925343573,1.13124681,0.12624009,0
0.5,235,0.932530284,1.14137399,0.128020525,0
0.5,236,0.939755678,1.15156496,0.129822388,0
0.5,237,0.947019339,1.1618191,0.131645769,0
0.5,238,0.954322159,1.17213762,0.13349095,0
0.5,239,0.961663783,1.18251991,0.13535817,0
0.5,240,0.969044507,1.19296682,0.137247622,0
0.5,241,0.976464629,1.20347881,0.139159575,0
0.5,242,0.98392427,1.21405566,0.141094252,0
0.5,243,0.991423309,1.22469795,0.143051922,0
0.5,244,0.998962343,1.23540616,0.145032734,0
0.5,245,1.00654101,1.24617958,0.14703697,0
0.5,246,1.01416016,1.25701964,0.149064958,0
0.5,247,1.02181923,1.26792598,0.151116803,0
0.5,248,1.02951896,1.27889931,0.153192863,0
0.5,249,1.03725922,1.28993964,0.155293286,0
0.5,250,1.04504061,1.30104768,0.157418475,0
0.5,251,1.05286241,1.31222284,0.159568563,0
0.5,252,1.06072545,1.32346606,0.161743745,0
0.5,253,1.06862986,1.33477783,0.163944483,0
0.5,254,1.07657576,1.34615767,0.16617088,0
0.5,255,1.08456278,1.35760617,0.168423235,0
0.5,256,1.092592,1.36912441,0.170701906,0
0.5,257,1.10066307,1.38071191,0.173007056,0
0.5,258,1.10877621,1.39236891,0.175338954,0
0.5,259,1.11693168,1.40409601,0.177697912,0
0.5,260,1.12512922,1.41589308,0.180084229,0
0.5,261,1.13336945,1.42776072,0.182498083,0
0.5,262,1.14165258,1.43969917,0.184939861,0
0.5,263,1.14997876,1.45170891,0.187409818,0
0.5,264,1.15834808,1.46379018,0.189908266,0
0.5,265,1.16676056,1.47594309,0.192435458,0
0.5,266,1.1752162,1.48816776,0.194991633,0
0.5,267,1.18371594,1.50046539,0.197577223,0
0.5,268,1.19225919,1.51283538,0.200192377,0
0.5,269,1.20084667,1.52527821,0.202837527,0
0.5,270,1.2094779,1.53779399,0.205512881,0
0.5,271,1.21815407,1.55038416,0.208218843,0
0.5,272,1.22687447,1.56304753,0.21095559,0
0.5,273,1.23563945,1.57578504,0.213723555,0
0.5,274,1.24444973,1.5885973,0.216523007,0
0.5,275,1.25330448,1.60148406,0.219354257,0
0.5,276,1.26220441,1.61444581,0.22221756,0
0.5,277,1.27115011,1.62748277,0.225113362,0
0.5,278,1.28014159,1.64059603,0.228041917,0
0.5,279,1.28917837,1.65378439,0.231003568,0
0.5,280,1.29826117,1.66704953,0.233998641,0
0.5,281,1.30739045,1.68039131,0.2370276,0
0.5,282,1.31656551,1.69380951,0.240090519,0
0.5,283,1.32578731,1.70730507,0.243187934,0
0.5,284,1.33505559,1.72087801,0.246320084,0
0.5,285,1.34437132,1.73452926,0.24948743,0
0.5,286,1.35373354,1.74825788,0.252690226,0
0.5,287,1.36314332,1.76206529,0.255928904,0
0.5,288,1.37260008,1.77595091,0.259203643,0
0.5,289,1.38210452,1.78991604,0.262515098,0
0.5,290,1.39165664,1.80396008,0.265863389,0
0.5,291,1.40125692,1.81808376,0.269248873,0
0.5,292,1.41090524,1.83228743,0.272672057,0
0.5,293,1.42060184,1.84657121,0.276133388,0
0.5,294,1.43034685,1.86093521,0.279632837,0
0.5,295,1.44014072,1.87538016,0.283171356,0
0.5,296,1.44998324,1.88990641,0.286748797,0
0.5,297,1.45987511,1.90451407,0.290365905,0
0.5,298,1.46981621,1.91920328,0.294022948,0
0.5,299,1.47980642,1.9339745,0.297720194,0
0.5,300,1.48984647,1.9488281,0.30145824,0
0.5,301,1.4999361,1.96376383,0.305237323,0
0.5,302,1.51007652,1.97878337,0.309058011,0
0.5,303,1.52026629,1.99388564,0.312920481,0
0.5,304,1.53050625,2.00907087,0.31682533,0
0.5,305,1.54079747,2.02434063,0.320772976,0
0.5,306,1.55113924,2.03969479,0.324763805,0
0.5,307,1.56153142,2.05513239,0.328797996,0
0.5,308,1.57197475,2.07065463,0.332876295,0
0.5,309,1.58247006,2.08626294,0.336998969,0
0.5,310,1.59301615,2.10195565,0.341166466,0
0.5,311,1.60361385,2.11773372,0.345379233,0
0.5,312,1.61426449,2.1335988,0.349637836,0
0.5,313,1.62496591,2.14954853,0.353942335,0
0.5,314,1.63572025,2.16558576,0.358293504,0
0.5,315,1.64652658,2.18170929,0.3626917,0
0.5,316,1.65738523,2.19791937,0.367137253,0
0.5,317,1.66829741,2.2142179,0.371630907,0
0.5,318,1.67926192,2.23060322,0.37617287,0
0.5,319,1.69028044,2.24707723,0.380763829,0
0.5,320,1.70135093,2.26363778,0.385403752,0
0.5,321,1.71247578,2.28028774,0.390093595,0
0.5,322,1.72365463,2.29702711,0.394833833,0
0.5,323,1.73488677,2.31385446,0.399624467,0
0.5,324,1.7461729,2.33077097,0.40446642,0
0.5,325,1.75751328,2.34777689,0.409360141,0
0.5,326,1.76890802,2.36487293,0.414305836,0
0.5,327,1.78035724,2.38205862,0.419304192,0
0.5,328,1.79186201,2.3993361,0.424355656,0
0.5,329,1.80342126,2.41670322,0.429460913,0
0.5,330,1.81503546,2.43416071,0.434620053,0
0.5,331,1.8267051,2.45170999,0.43983376,0
0.5,332,1.83842957,2.46934962,0.445102751,0
0.5,333,1.85021019,2.48708153,0.450427145,0
0.5,334,1.86204648,2.50490499,0.455807686,0
0.5,335,1.87393904,2.52282119,0.461245,0
0.5,336,1.88588738,2.54082918,0.466739386,0
0.5,337,1.89789224,2.55893016,0.47229138,0
0.5,338,1.90995359,2.5771234,0.477901578,0
0.5,339,1.92207134,2.59541011,0.483570486,0
0.5,340,1.93424606,2.61379004,0.489298731,0
0.5,341,1.94647765,2.63226342,0.49508667,0
0.5,342,1.95876658,2.65083075,0.500934839,0
0.5,343,1.97111273,2.66949201,0.506843925,0
0.5,344,1.98351598,2.68824673,0.512814343,0
0.5,345,1.99597704,2.70709682,0.518846869,0
0.5,346,2.00849581,2.72604036,0.524941504,0
0.5,347,2.02107286,2.74507976,0.531099379,0
0.5,348,2.03370762,2.76421404,0.537320793,0
0.5,349,2.04640102,2.78344345,0.543606341,0
0.5,350,2.05915165,2.80276775,0.549956739,0
0.5,351,2.07196116,2.82218742,0.556372106,0
0.5,352,2.08482981,2.84170389,0.562853396,0
0.5,353,2.09775734,2.86131549,0.569401085,0
0.5,354,2.11074352,2.88102365,0.576015949,0
0.5,355,2.12378836,2.90082788,0.582698047,0
0.5,356,2.13689256,2.92072821,0.589448154,0
0.5,357,2.15005589,2.94072509,0.596267045,0
0.5,358,2.16327906,2.96081972,0.603155375,0
0.5,359,2.17656422,2.98101568,0.61010921,0
0.5,360,2.1899066,3.00130415,0.617137372,0
0.5,361,2.20330906,3.02168965,0.624236405,0
0.5,362,2.21677113,3.04217219,0.631406844,0
0.5,363,2.23029232,3.06275105,0.638649523,0
0.5,364,2.24387503,3.08342934,0.64596498,0
0.5,365,2.25751734,3.10420418,0.653353453,0
0.5,366,2.27122068,3.12507725,0.660816014,0
0.5,367,2.28498363,3.14604855,0.668353379,0
0.5,368,2.29880714,3.16711664,0.675965428,0
0.5,369,2.31269169,3.18828368,0.683653414,0
0.5,370,2.32663679,3.20954871,0.691417336,0
0.5,371,2.34064221,3.2309103,0.699258387,0
0.5,372,2.35470963,3.25237274,0.707177103,0
0.5,373,2.36883736,3.27393222,0.715173841,0
0.5,374,2.38302517,3.29558825,0.723249257,0
0.5,375,2.39727545,3.31734467,0.731403828,0
0.5,376,2.41158676,3.33919978,0.739638329,0
0.5,377,2.42595816,3.36115098,0.747953475,0
0.5,378,2.44039202,3.38320327,0.756349862,0
0.5,379,2.45488691,3.40535259,0.764827728,0
0.5,380,2.46944237,3.42759919,0.77338773,0
0.5,381,2.48405981,3.44994569,0.782030821,0
0.5,382,2.49873829,3.47238922,0.790757358,0
0.5,383,2.51347876,3.49493241,0.799567997,0
0.5,384,2.52827978,3.51757169,0.808463395,0
0.5,385,2.54314351,3.54031134,0.817444205,0
0.5,386,2.5580678,3.56314778,0.826511025,0
0.5,387,2.57305336,3.58608222,0.835664272,0
0.5,388,2.58810091,3.60911536,0.844904423,0
0.5,389,2.60320973,3.6322453,0.854232311,0
0.5,390,2.61838007,3.65547299,0.863648891,0
0.5,391,2.63361168,3.6787982,0.873154044,0
0.5,392,2.64890575,3.70222211,0.88274914,0
0.5,393,2.66425943,3.72574162,0.892433584,0
0.5,394,2.67967606,3.74935937,0.902209342,0
0.5,395,2.69515324,3.77307415,0.912076235,0
0.5,396,2.7106905,3.79688334,0.9220348,0
0.5,397,2.72629547,3.82080102,0.932094634,0
0.5,398,2.74195576,3.84480476,0.942238569,0
0.5,399,2.75767756,3.86890531,0.952476561,0
0.5,400,2.77346134,3.89310241,0.962808371,0
0.5,401,2.78930473,3.91739392,0.97323519,0
0.5,402,2.80521011,3.94178224,0.983757019,0
0.5,403,2.82117462,3.96626401,0.994374931,0
0.5,404,2.83720112,3.99084234,1.00508928,0
0.5,405,2.85328722,4.0155139,1.01589954,0
0.5,406,2.86943483,4.04028177,1.02680838,0
0.5,407,2.88564157,4.06514215,1.03781426,0
0.5,408,2.9019084,4.09009552,1.04891944,0
0.5,409,2.91823602,4.11514425,1.06012344,0
0.5,410,2.93462253,4.14028502,1.07142663,0
0.5,411,1,0,0,0
0.5,412,1,0,0,0
0.5,413,1,0,0,0
0.5,414,1,0,0,0
0.5,415,1,0,0,0
0.5,416,1,0,0,0
0.5,417,1,0,0,0
0.5,418,1,0,0,0
0.5,419,1,0,0,0
0.5,420,1,0,0,0
0.5,421,1,0,0,0
0.5,422,1,0,0,0
0.5,423,1,0,0,0
0.5,424,1,0,0,0
0.5,425,1,0,0,0
0.5,426,1,0,0,0
0.5,427,1,0,0,0
0.5,428,1,0,0,0
0.5,429,1,0,0,0
0.5,430,1,0,0,0
0.5,431,1,0,0,0
0.5,432,1,0,0,0
0.5,433,1,0,0,0
0.5,434,1,0,0,0
0.5,435,1,0,0,0
0.5,436,1,0,0,0
0.5,437,1,0,0,0
0.5,438,1,0,0,0
0.5,439,1,0,0,0
0.5,440,1,0,0,0
0.5,441,1,0,0,0
0.5,442,1,0,0,0
0.5,443,1,0,0,0
0.5,444,1,0,0,0
0.5,445,1,0,0,0
0.5,446,1,0,0,0
0.5,447,1,0,0,0
0.5,448,1,0,0,0
0.5,449,1,0,0,0
0.5,450,1,0,0,0
0.5,451,1,0,0,0
0.5,452,1,0,0,0
0.5,453,1,0,0,0
0.5,454,1,0,0,0
0.5,455,1,0,0,0
0.5,456,1,0,0,0
0.5,457,1,0,0,0
0.5,458,1,0,0,0
0.5,459,1,0,0,0
0.5,460,1,0,0,0
0.5,461,1,0,0,0
0.5,462,1,0,0,0
0.5,463,1,0,0,0
0.5,464,1,0,0,0
0.5,465,1,0,0,0
0.5,466,1,0,0,0
0.5,467,1,0,0,0
0.5,468,1,0,0,0
0.5,469,1,0,0,0
0.5,470,1,0,0,0
0.5,471,1,0,0,0
0.5,472,1,0,0,0
0.5,473,1,0,0,0
0.5,474,1,0,0,0
0.5,475,1,0,0,0
0.5,476,1,0,0,0
0.5,477,1,0,0,0
0.5,478,1,0,0,0
0.5,479,1,0,0,0
0.5,480,1,0,0,0
0.5,481,1,0,0,0
0.5,482,1,0,0,0
0.5,483,1,0,0,0
0.5,484,1,0,0,0
0.5,485,1,0,0,0
0.5,486,1,0,0,0
0.5,487,1,0,0,0
0.5,488,1,0,0,0
0.5,489,1,0,0,0
0.5,490,1,0,0,0
0.5,491,1,0,0,0
0.5,492,1,0,0,0
0.5,493,1,0,0,0
0.5,494,1,0,0,0
0.5,495,1,0,0,0
0.5,496,1,0,0,0
0.5,497,1,0,0,0
0.5,498,1,0,0,0
0.5,499,1,0,0,0
0.5,500,1,0,0,0
0.5,501,1,0,0,0
0.5,502,1,0,0,0
0.5,503,1,0,0,0
0.5,504,1,0,0,0
0.5,505,1,0,0,0
0.5,506,1,0,0,0
0.5,507,1,0,0,0
0.5,508,1,0,0,0
0.5,509,1,0,0,0
0.5,510,1,0,0,0
0.5,511,1,0,0,0
0.5,512,1,0,0,0
0.5,513,1,0,0,0
0.5,514,1,0,0,0
0.5,515,1,0,0,0
0.5,516,1,0,0,0
0.5,517,1,0,0,0
0.5,518,1,0,0,0
0.5,519,1,0,0,0
0.5,520,1,0,0,0
0.5,521,1,0,0,0
0.5,522,1,0,0,0
0.5,523,1,0,0,0
0.5,524,1,0,0,0
0.5,525,1,0,0,0
0.5,526,1,0,0,0
0.5,527,1,0,0,0
0.5,528,1,0,0,0
0.5,529,1,0,0,0
0.5,530,1,0,0,0
0.5,531,1,0,0,0
0.5,532,1,0,0,0
0.5,533,1,0,0,0
0.5,534,1,0,0,0
0.5,535,1,0,0,0
0.5,536,1,0,0,0
0.5,537,1,0,0,0
0.5,538,1,0,0,0
0.5,539,1,0,0,0
0.5,540,1,0,0,0
0.5,541,1,0,0,0
0.5,542,1,0,0,0
0.5,543,1,0,0,0
0.5,544,1,0,0,0
0.5,545,1,0,0,0
0.5,546,1,0,0,0
0.5,547,1,0,0,0
0.5,548,1,0,0,0
0.5,549,1,0,0,0
0.5,550,1,0,0,0
0.5,551,1,0,0,0
0.5,552,1,0,0,0
0.5,553,1,0,0,0
0.5,554,1,0,0,0
0.5,555,1,0,0,0
0.5,556,1,0,0,0
0.5,557,1,0,0,0
0.5,558,1,0,0,0
0.5,559,1,0,0,0
0.5,560,1,0,0,0
0.5,561,1,0,0,0
0.5,562,1,0,0,0
0.5,563,1,0,0,0
0.5,564,1,0,0,0
0.5,565,1,0,0,0
0.5,566,1,0,0,0
0.5,567,1,0,0,0
0.5,568,1,0,0,0
0.5,569,1,0,0,0
0.5,570,1,0,0,0
0.5,571,1,0,0,0
0.5,572,1,0,0,0
0.5,573,1,0,0,0
0.5,574,1,0,0,0
0.5,575,1,0,0,0
0.5,576,1,0,0,0
0.5,577,1,0,0,0
0.5,578,1,0,0,0
0.5,579,1,0,0,0
0.5,580,1,0,0,0
0.5,581,1,0,0,0
0.5,582,1,0,0,0
0.5,583,1,0,0,0
0.5,584,1,0,0,0
0.5,585,1,0,0,0
0.5,586,1,0,0,0
0.5,587,1,0,0,0
0.5,588,1,0,0,0
0.5,589,1,0,0,0
0.5,590,1,0,0,0
0.5,591,1,0,0,0
0.5,592,1,0,0,0
0.5,593,1,0,0,0
0.5,594,1,0,0,0
0.5,595,1,0,0,0
0.5,596,1,0,0,0
0.5,597,1,0,0,0
0.5,598,1,0,0,0
0.5,599,1,0,0,0
0.5,600,1,0,0,0
0.5,601,1,0,0,0
0.5,602,1,0,0,0
0.5,603,1,0,0,0
0.5,604,1,0,0,0
0.5,605,1,0,0,0
0.5,606,1,0,0,0
0.5,607,1,0,0,0
0.5,608,1,0,0,0
0.5,609,1,0,0,0
0.5,610,1,0,0,0
0.5,611,1,0,0,0
0.5,612,1,0,0,0
0.5,613,1,0,0,0
0.5,614,1,0,0,0
0.5,615,1,0,0,0
0.5,616,1,0,0,0
0.5,617,1,0,0,0
0.5,618,1,0,0,0
0.5,619,1,0,0,0
0.5,620,1,0,0,0
0.5,621,1,0,0,0
0.5,622,1,0,0,0
0.5,623,1,0,0,0
0.5,624,1,0,0,0
0.5,625,1,0,0,0
0.5,626,1,0,0,0
0.5,627,1,0,0,0
0.5,628,1,0,0,0
0.5,629,1,0,0,0
0.5,630,1,0,0,0
0.5,631,1,0,0,0
0.5,632,1,0,0,0
0.5,633,1,0,0,0
0.5,634,1,0,0,0
0.5,635,1,0,0,0
0.5,636,1,0,0,0
0.5,637,1,0,0,0
0.5,638,1,0,0,0
0.5,639,1,0,0,0
0.5,640,1,0,0,0
0.5,641,1,0,0,0
0.5,642,1,0,0,0
0.5,643,1,0,0,0
0.5,644,1,0,0,0
0.5,645,1,0,0,0
0.5,646,1,0,0,0
0.5,647,1,0,0,0
0.5,648,1,0,0,0
0.5,649,1,0,0,0
0.5,650,1,0,0,0
0.5,651,1,0,0,0
0.5,652,1,0,0,0
0.5,653,1,0,0,0
0.5,654,1,0,0,0
0.5,655,1,0,0,0
0.5,656,1,0,0,0
0.5,657,1,0,0,0
0.5,658,1,0,0,0
0.5,659,1,0,0,0
0.5,660,1,0,0,0
0.5,661,1,0,0,0
0.5,662,1,0,0,0
0.5,663,1,0,0,0
0.5,664,1,0,0,0
0.5,665,1,0,0,0
0.5,666,1,0,0,0
0.5,667,1,0,0,0
0.5,668,1,0,0,0
0.5,669,1,0,0,0
0.5,670,1,0,0,0
0.5,671,1,0,0,0
0.5,672,1,0,0,0
0.5,673,1,0,0,0
0.5,674,1,0,0,0
0.5,675,1,0,0,0
0.5,676,1,0,0,0
0.5,677,1,0,0,0
0.5,678,1,0,0,0
0.5,679,1,0,0,0
0.5,680,1,0,0,0
0.5,681,1,0,0,0
0.5,682,1,0,0,0
0.5,683,1,0,0,0
0.5,684,1,0,0,0
0.5,685,1,0,0,0
0.5,686,1,0,0,0
0.5,687,1,0,0,0
0.5,688,1,0,0,0
0.5,689,1,0,0,0
0.5,690,1,0,0,0
0.5,691,1,0,0,0
0.5,692,1,0,0,0
0.5,693,1,0,0,0
0.5,694,1,0,0,0
0.5,695,1,0,0,0
0.5,696,1,0,0,0
0.5,697,1,0,0,0
0.5,698,1,0,0,0
0.5,699,1,0,0,0
0.5,700,1,0,0,0
0.5,701,1,0,0,0
0.5,702,1,0,0,0
0.5,703,1,0,0,0
0.5,704,1,0,0,0
0.5,705,1,0,0,0
0.5,706,1,0,0,0
0.5,707,1,0,0,0
0.5,708,1,0,0,0
0.5,709,1,0,0,0
0.5,710,1,0,0,0
0.5,711,1,0,0,0
0.5,712,1,0,0,0
0.5,713,1,0,0,0
0.5,714,1,0,0,0
0.5,715,1,0,0,0
0.5,716,1,0,0,0
0.5,717,1,0,0,0
0.5,718,1,0,0,0
0.5,719,1,0,0,0
0.5,720,1,0,0,0
0.5,721,1,0,0,0
0.5,722,1,0,0,0
0.5,723,1,0,0,0
0.5,724,1,0,0,0
0.5,725,1,0,0,0
0.5,726,1,0,0,0
0.5,727,1,0,0,0
0.5,728,1,0,0,0
0.5,729,1,0,0,0
0.5,730,1,0,0,0
0.5,731,1,0,0,0
0.5,732,1,0,0,0
0.5,733,1,0,0,0
0.5,734,1,0,0,0
0.5,735,1,0,0,0
0.5,736,1,0,0,0
0.5,737,1,0,0,0
0.5,738,1,0,0,0
0.5,739,1,0,0,0
0.5,740,1,0,0,0
0.5,741,1,0,0,0
0.5,742,1,0,0,0
0.5,743,1,0,0,0
0.5,744,1,0,0,0
0.5,745,1,0,0,0
0.5,746,1,0,0,0
0.5,747,1,0,0,0
0.5,748,1,0,0,0
0.5,749,1,0,0,0
0.5,750,1,0,0,0
0.5,751,1,0,0,0
0.5,752,1,0,0,0
0.5,753,1,0,0,0
0.5,754,1,0,0,0
0.5,755,1,0,0,0
0.5,756,1,0,0,0
0.5,757,1,0,0,0
0.5,758,1,0,0,0
0.5,759,1,0,0,0
0.5,760,1,0,0,0
0.5,761,1,0,0,0
0.5,762,1,0,0,0
0.5,763,1,0,0,0
0.5,764,1,0,0,0
0.5,765,1,0,0,0
0.5,766,1,0,0,0
0.5,767,1,0,0,0
0.5,768,1,0,0,0
0.5,769,1,0,0,0
0.5,770,1,0,0,0
0.5,771,1,0,0,0
0.5,772,1,0,0,0
0.5,773,1,0,0,0
0.5,774,1,0,0,0
0.5,775,1,0,0,0
0.5,776,1,0,0,0
0.5,777,1,0,0,0
0.5,778,1,0,0,0
0.5,779,1,0,0,0
0.5,780,1,0,0,0
0.5,781,1,0,0,0
0.5,782,1,0,0,0
0.5,783,1,0,0,0
0.5,784,1,0,0,0
0.5,785,1,0,0,0
0.5,786,1,0,0,0
0.5,787,1,0,0,0
0.5,788,1,0,0,0
0.5,789,1,0,0,0
0.5,790,1,0,0,0
0.5,791,1,0,0,0
0.5,792,1,0,0,0
0.5,793,1,0,0,0
0.5,794,1,0,0,0
0.5,795,1,0,0,0
0.5,796,1,0,0,0
0.5,797,1,0,0,0
0.5,798,1,0,0,0
0.5,799,1,0,0,0
0.5,800,1,0,0,0
0.5,801,1,0,0,0
0.5,802,1,0,0,0
0.5,803,1,0,0,0
0.5,804,1,0,0,0
0.5,805,1,0,0,0
0.5,806,1,0,0,0
0.5,807,1,0,0,0
0.5,808,1,0,0,0
0.5,809,1,0,0,0
0.5,810,1,0,0,0
0.5,811,1,0,0,0
0.5,812,1,0,0,0
0.5,813,1,0,0,0
0.5,814,1,0,0,0
0.5,815,1,0,0,0
0.5,816,1,0,0,0
0.5,817,1,0,0,0
0.5,818,1,0,0,0
0.5,819,1,0,0,0
0.5,820,1,0,0,0
0.5,821,1,0,0,0
0.5,822,1,0,0,0
0.5,823,1,0,0,0
0.5,824,1,0,0,0
0.5,825,1,0,0,0
0.5,826,1,0,0,0
0.5,827,1,0,0,0
0.5,828,1,0,0,0
0.5,829,1,0,0,0
0.5,830,1,0,0,0
0.5,831,1,0,0,0
0.5,832,1,0,0,0
0.5,833,1,0,0,0
0.5,834,1,0,0,0
0.5,835,1,0,0,0
0.5,836,1,0,0,0
0.5,837,1,0,0,0
0.5,838,1,0,0,0
0.5,839,1,0,0,0
0.5,840,1,0,0,0
0.5,841,1,0,0,0
0.5,842,1,0,0,0
0.5,843,1,0,0,0
0.5,844,1,0,0,0
0.5,845,1,0,0,0
0.5,846,1,0,0,0
0.5,847,1,0,0,0
0.5,848,1,0,0,0
0.5,849,1,0,0,0
0.5,850,1,0,0,0
0.5,851,1,0,0,0
0.5,852,1,0,0,0
0.5,853,1,0,0,0
0.5,854,1,0,0,0
0.5,855,1,0,0,0
0.5,856,1,0,0,0
0.5,857,1,0,0,0
0.5,858,1,0,0,0
0.5,859,1,0,0,0
0.5,860,1,0,0,0
0.5,861,1,0,0,0
0.5,862,1,0,0,0
0.5,863,1,0,0,0
0.5,864,1,0,0,0
0.5,865,1,0,0,0
0.5,866,1,0,0,0
0.5,867,1,0,0,0
0.5,868,1,0,0,0
0.5,869,1,0,0,0
0.5,870,1,0,0,0
0.5,871,1,0,0,0
0.5,872,1,0,0,0
0.5,873,1,0,0,0
0.5,874,1,0,0,0
0.5,875,1,0,0,0
0.5,876,1,0,0,0
0.5,877,1,0,0,0
0.5,878,1,0,0,0
0.5,879,1,0,0,0
0.5,880,1,0,0,0
0.5,881,1,0,0,0
0.5,882,1,0,0,0
0.5,883,1,0,0,0
0.5,884,1,0,0,0
0.5,885,1,0,0,0
0.5,886,1,0,0,0
0.5,887,1,0,0,0
0.5,888,1,0,0,0
0.5,889,1,0,0,0
0.5,890,1,0,0,0
0.5,891,1,0,0,0
0.5,892,1,0,0,0
0.5,893,1,0,0,0
0.5,894,1,0,0,0
0.5,895,1,0,0,0
0.5,896,1,0,0,0
0.5,897,1,0,0,0
0.5,898,1,0,0,0
0.5,899,1,0,0,0
0.5,900,1,0,0,0
0.5,901,1,0,0,0
0.5,902,1,0,0,0
0.5,903,1,0,0,0
0.5,904,1,0,0,0
0.5,905,1,0,0,0
0.5,906,1,0,0,0
0.5,907,1,0,0,0
0.5,908,1,0,0,0
0.5,909,1,0,0,0
0.5,910,1,0,0,0
0.5,911,1,0,0,0
0.5,912,1,0,0,0
0.5,913,1,0,0,0
0.5,914,1,0,0,0
0.5,915,1,0,0,0
0.5,916,1,0,0,0
0.5,917,1,0,0,0
0.5,918,1,0,0,0
0.5,919,1,0,0,0
0.5,920,1,0,0,0
0.5,921,1,0,0,0
0.5,922,1,0,0,0
0.5,923,1,0,0,0
0.5,924,1,0,0,0
0.5,925,1,0,0,0
0.5,926,1,0,0,0
0.5,927,1,0,0,0
0.5,928,1,0,0,0
0.5,929,1,0,0,0
0.5,930,1,0,0,0
0.5,931,1,0,0,0
0.5,932,1,0,0,0
0.5,933,1,0,0,0
0.5,934,1,0,0,0
0.5,935,1,0,0,0
0.5,936,1,0,0,0
0.5,937,1,0,0,0
0.5,938,1,0,0,0
0.5,939,1,0,0,0
0.5,940,1,0,0,0
0.5,941,1,0,0,0
0.5,942,1,0,0,0
0.5,943,1,0,0,0
0.5,944,1,0,0,0
0.5,945,1,0,0,0
0.5,946,1,0,0,0
0.5,947,1,0,0,0
0.5,948,1,0,0,0
0.5,949,1,0,0,0
0.5,950,1,0,0,0
0.5,951,1,0,0,0
0.5,952,1,0,0,0
0.5,953,1,0,0,0
0.5,954,1,0,0,0
0.5,955,1,0,0,0
0.5,956,1,0,0,0
0.5,957,1,0,0,0
0.5,958,1,0,0,0
0.5,959,1,0,0,0
0.5,960,1,0,0,0
0.5,961,1,0,0,0
0.5,962,1,0,0,0
0.5,963,1,0,0,0
0.5,964,1,0,0,0
0.5,965,1,0,0,0
0.5,966,1,0,0,0
0.5,967,1,0,0,0
0.5,968,1,0,0,0
0.5,969,1,0,0,0
0.5,970,1,0,0,0
0.5,971,1,0,0,0
0.5,972,1,0,0,0
0.5,973,1,0,0,0
0.5,974,1,0,0,0
0.5,975,1,0,0,0
0.5,976,1,0,0,0
0.5,977,1,0,0,0
0.5,978,1,0,0,0
0.5,979,1,0,0,0
0.5,980,1,0,0,0
0.5,981,1,0,0,0
0.5,982,1,0,0,0
0.5,983,1,0,0,0
0.5,984,1,0,0,0
0.5,985,1,0,0,0
0.5,986,1,0,0,0
0.5,987,1,0,0,0
0.5,988,1,0,0,0
0.5,989,1,0,0,0
0.5,990,1,0,0,0
0.5,991,1,0,0,0
0.5,992,1,0,0,0
0.5,993,1,0,0,0
0.5,994,1,0,0,0
0.5,995,1,0,0,0
0.5,996,1,0,0,0
0.5,997,1,0,0,0
0.5,998,1,0,0,0
0.5,999,1,0,0,0
0.5,1000,1,0,0,0
0.5,1001,1,0,0,0
0.5,1002,1,0,0,0
0.5,1003,1,0,0,0
0.5,1004,1,0,0,0
0.5,1005,1,0,0,0
0.5,1006,1,0,0,0
0.5,1007,1,0,0,0
0.5,1008,1,0,0,0
0.5,1009,1,0,0,0
0.5,1010,1,0,0,0
0.5,1011,1,0,0,0
0.5,1012,1,0,0,0
0.5,1013,1,0,0,0
0.5,1014,1,0,0,0
0.5,1015,1,0,0,0
0.5,1016,1,0,0,0
0.5,1017,1,0,0,0
0.5,1018,1,0,0,0
0.5,1019,1,0,0,0
0.5,1020,1,0,0,0
0.5,1021,1,0,0,0
0.5,1022,1,0,0,0
0.5,1023,1,0,0,0
0.25,0,5.09998645e-05,0,0,1
0.25,1,0.0010013103,0.000858402636,1.06508414e-05,1
0.25,2,0.00198058854,0.00174728583,2.23021434e-05,1
0.25,3,0.00298936153,0.00266729156,3.50065675e-05,1
0.25,4,0.00402816152,0.00361907016,4.88188016e-05,1
0.25,5,0.0050975359,0.00460328767,6.37960402e-05,1
0.25,6,0.00619802438,0.00562060811,7.9997204e-05,1
0.25,7,0.00733018667,0.00667171832,9.7483935e-05,1
0.25,8,0.00849458389,0.00775730563,0.000116320116,1
0.25,9,0.00969178788,0.00887807552,0.000136572271,1
0.25,10,0.0109223705,0.0100347362,0.000158309209,1
0.25,11,0.012186924,0.0112280138,0.000181602692,1
0.25,12,0.0134860314,0.0124586346,0.000206526965,1
0.25,13,0.0148202935,0.0137273436,0.000233158935,1
0.25,14,0.0161903258,0.0150349047,0.000261579175,1
0.25,15,0.0175967347,0.016382074,0.000291870267,1
0.25,16,0.0190401413,0.0177696217,0.000324118184,1
0.25,17,0.0205211844,0.0191983525,0.000358412799,1
0.25,18,0.0220404901,0.0206690449,0.000394846225,1
0.25,19,0.0235987138,0.0221825205,0.000433514651,1
0.25,20,0.0251965094,0.0237396006,0.000474517583,1
0.25,21,0.0268345419,0.0253411233,0.000517958135,1
0.25,22,0.0285134539,0.026987901,0.000563942012,1
0.25,23,0.0300476495,0.0285038725,0.000601096253,1
0.25,24,0.0318002179,0.0302337129,0.000651744718,1
0.25,25,0.0335955806,0.032011237,0.000705252227,1
0.25,26,0.0354344025,0.0338372923,0.000761738629,1
0.25,27,0.0373151824,0.0357106663,0.000823097071,1
0.25,28,0.0392429903,0.0376364477,0.00088598131,1
0.25,29,0.0412164479,0.0396135375,0.000952236296,1
0.25,30,0.0432362519,0.0416428372,0.0010220001,1
0.25,31,0.0453031436,0.0437253043,0.00109541672,1
0.25,32,0.0474212915,0.0458652191,0.0011727016,1
0.25,33,0.0495848358,0.0480571203,0.00125388778,1
0.25,34,0.0517977849,0.0503051393,0.00133919122,1
0.25,35,0.0540608838,0.0526102483,0.00142877607,1
0.25,36,0.0563749783,0.0549735203,0.00152281462,1
0.25,37,0.0587408245,0.0573959462,0.00162148231,1
0.25,38,0.0611592308,0.0598785616,0.00172495958,1
0.25,39,0.0636310875,0.0624225065,0.00183344027,1
0.25,40,0.0661571696,0.0650287792,0.00194711413,1
0.25,41,0.068738237,0.0676984116,0.00206617918,1
0.25,42,0.0713752806,0.0704326332,0.00219084998,1
0.25,43,0.0740690306,0.0732324347,0.00232133432,1
0.25,44,0.0768204555,0.076099053,0.00245785899,1
0.25,45,0.0796303526,0.0790335387,0.00260064774,1
0.25,46,0.0824996382,0.0820370913,0.00274993759,1
0.25,47,0.0854292065,0.0851108655,0.00290597184,1
0.25,48,0.0884199589,0.0882560685,0.00306900195,1
0.25,49,0.0914728567,0.0914739072,0.00323928823,1
0.25,50,0.0945887491,0.0947655514,0.0034170954,1
0.25,51,0.0977685899,0.0981322378,0.00360269868,1
0.25,52,0.101013333,0.101575226,0.00379638281,1
0.25,53,0.104323976,0.105095811,0.00399844395,1
0.25,54,0.107701413,0.108695187,0.0042091799,1
0.25,55,0.111146681,0.112374723,0.00442890683,1
0.25,56,0.11466068,0.11613562,0.00465793861,1
0.25,57,0.118244566,0.119979367,0.00489661843,1
0.25,58,0.12189921,0.123907171,0.00514527876,1
0.25,59,0.125625625,0.127920359,0.00540427025,1
0.25,60,0.129424885,0.132020369,0.00567395845,1
0.25,61,0.133298039,0.136208549,0.00595471635,1
0.25,62,0.137246162,0.140486389,0.00624693418,1
0.25,63,0.14127019,0.144855037,0.00655258913,1
0.25,64,0.145371318,0.149316236,0.00686905161,1
0.25,65,0.149550632,0.153871357,0.00719820056,1
0.25,66,0.15380916,0.158521771,0.0075404644,1
0.25,67,0.15814805,0.163269043,0.00789629295,1
0.25,68,0.162568316,0.168114543,0.00826613419,1
0.25,69,0.167071238,0.173059955,0.00865047798,1
0.25,70,0.171657845,0.178106666,0.00904979836,1
0.25,71,0.176329345,0.183256313,0.00946459733,1
0.25,72,0.181086883,0.188510418,0.00989539456,1
0.25,73,0.185931683,0.193870619,0.0103427246,1
0.25,74,0.190864772,0.199338391,0.0108071156,1
0.25,75,0.195887446,0.204915389,0.0112891346,1
0.25,76,0.201000899,0.210603267,0.0117893657,1
0.25,77,0.206206381,0.216403708,0.0123083992,1
0.25,78,0.211505041,0.222318247,0.0128468368,1
0.25,79,0.216898292,0.228348792,0.0134053295,1
0.25,80,0.222387075,0.234496713,0.0139844846,1
0.25,81,0.22797288,0.240763918,0.0145849874,1
0.25,82,0.233657017,0.247152224,0.0152075328,1
0.25,83,0.239440486,0.253663063,0.015852781,1
0.25,84,0.245324954,0.26029858,0.0165215004,1
0.25,85,0.251311392,0.267060161,0.0172143858,1
0.25,86,0.257401347,0.273949921,0.0179322306,1
0.25,87,0.263596058,0.28096953,0.0186757986,1
0.25,88,0.269896924,0.288120866,0.0194459073,1
0.25,89,0.276305228,0.295405746,0.0202433709,1
0.25,90,0.282822192,0.302825838,0.021069007,1
0.25,91,0.289449513,0.310383379,0.0219237376,1
0.25,92,0.296188325,0.318079978,0.0228084233,1
0.25,93,0.303040028,0.325917602,0.0237239804,1
0.25,94,0.310006171,0.333898216,0.0246713571,1
0.25,95,0.317088187,0.342023849,0.0256515369,1
0.25,96,0.324287266,0.350296199,0.0266654696,1
0.25,97,0.331604928,0.358717382,0.0277141891,1
0.25,98,0.339042872,0.367289543,0.0287987757,1
0.25,99,0.346602172,0.376014292,0.0299202427,1
0.25,100,0.354284495,0.384893894,0.031079717,1
0.25,101,0.362091422,0.393930465,0.0322783403,1
0.25,102,0.370024204,0.403125793,0.033517234,1
0.25,103,0.378084511,0.412482113,0.0347976163,1
0.25,104,0.386273861,0.422001511,0.0361206979,1
0.25,105,0.394593596,0.431685865,0.0374877006,1
0.25,106,0.403045475,0.441537559,0.0388999507,1
0.25,107,0.411630809,0.451558381,0.0403586961,1
0.25,108,0.420351297,0.461750686,0.0418653339,1
0.25,109,0.429208368,0.472116411,0.0434212051,1
0.25,110,0.438203603,0.48265782,0.0450277366,1
0.25,111,0.44733882,0.493377209,0.0466864072,1
0.25,112,0.456615269,0.504276395,0.0483986288,1
0.25,113,0.46603477,0.515357971,0.050165996,1
0.25,114,0.475598931,0.526623905,0.0519900359,1
0.25,115,0.485309124,0.538076341,0.0538723171,1
0.25,116,0.495167345,0.549717784,0.0558145419,1
0.25,117,0.505174696,0.561549842,0.0578182563,1
0.25,118,0.515333176,0.573575258,0.0598852783,1
0.25,119,0.525644243,0.585795939,0.0620172955,1
0.25,120,0.536109805,0.598214626,0.0642161965,1
0.25,121,0.546731114,0.61083293,0.0664836913,1
0.25,122,0.557510018,0.623653293,0.0688217208,1
0.25,123,0.568448544,0.636678576,0.0712322965,1
0.25,124,0.579547763,0.649910212,0.0737172216,1
0.25,125,0.590809703,0.66335088,0.0762786195,1
0.25,126,0.602235854,0.677002728,0.0789185017,1
0.25,127,0.613827825,0.690867841,0.0816389471,1
0.25,128,0.625587761,0.704949081,0.0844422281,1
0.25,129,0.637517035,0.719248295,0.0873304605,1
0.25,130,0.649617195,0.733767748,0.0903059021,1
0.25,131,0.66188997,0.748509526,0.0933708102,1
0.25,132,0.674337268,0.763476312,0.0965275988,1
0.25,133,0.686960638,0.778670073,0.0997786522,1
0.25,134,0.699761808,0.794093251,0.103126451,1
0.25,135,0.712742507,0.809748054,0.106573485,1
0.25,136,0.725904584,0.825636864,0.110122353,1
0.25,137,0.739249349,0.841761529,0.113775626,1
0.25,138,0.752778828,0.858124673,0.117536023,1
0.25,139,0.766494393,0.874728203,0.121406168,1
0.25,140,0.780398548,0.891574979,0.125389099,1
0.25,141,0.794492126,0.908666492,0.12948744,1
0.25,142,0.808776975,0.926005006,0.133704111,1
0.25,143,0.823254883,0.943593025,0.138042182,1
0.25,144,0.837927341,0.961432219,0.142504543,1
0.25,145,0.852796674,0.979525626,0.147094503,1
0.25,146,0.867863774,0.99787432,0.151814967,1
0.25,147,0.88313067,1.01648092,0.156669304,1
0.25,148,0.898599267,1.03534794,0.16166085,1
0.25,149,0.914270878,1.05447674,0.16679281,1
0.25,150,0.930146694,1.07386911,0.172068447,1
0.25,151,0.946229339,1.09352803,0.177491605,1
0.25,152,0.962520003,1.11345518,0.183065683,1
0.25,153,0.97901994,1.13365197,0.188794136,1
0.25,154,0.995730996,1.15412056,0.194680721,1
0.25,155,1.01265502,1.17486322,0.200729311,1
0.25,156,1.02979279,1.19588089,0.206943378,1
0.25,157,1.04714668,1.2171762,0.213327155,1
0.25,158,1.06471848,1.23875141,0.219884709,1
0.25,159,1.0825032,1.26060045,0.226616859,1
0.25,160,1.1005137,1.28273845,0.233533308,1
0.25,161,1.11874557,1.30516016,0.24063535,1
0.25,162,1.13720143,1.32786822,0.247927681,1
0.25,163,1.15588176,1.35086346,0.255414248,1
0.25,164,1.17478836,1.37414765,0.263099611,1
0.25,165,1.19392276,1.39772224,0.270988226,1
0.25,166,1.21328521,1.42158747,0.279084176,1
0.25,167,1.23287868,1.44574666,0.287392795,1
0.25,168,1.25270331,1.47019923,0.295918107,1
0.25,169,1.27276075,1.4949472,0.304665178,1
0.25,170,1.29305255,1.51999211,0.313638866,1
0.25,171,1.31357956,1.5453341,0.322843909,1
0.25,172,1.33434319,1.57097459,0.332285404,1
0.25,173,1.35534406,1.59691429,0.341968089,1
0.25,174,1.37658393,1.62315416,0.351897538,1
0.25,175,1.39806318,1.64969444,0.362078249,1
0.25,176,1.41978383,1.6765368,0.372516394,1
0.25,177,1.44174612,1.70368075,0.38321656,1
0.25,178,1.46395111,1.73112738,0.39418453,1
0.25,179,1.48640025,1.75887704,0.405425578,1
0.25,180,1.50909352,1.78692937,0.416945308,1
0.25,181,1.53203154,1.81528401,0.428748786,1
0.25,182,1.55521631,1.84394693,0.440833211,1
0.25,183,1.57864809,1.87290955,0.453222096,1
0.25,184,1.60232711,1.90217495,0.465912193,1
0.25,185,1.62625432,1.93174362,0.47890991,1
0.25,186,1.65042996,1.96161401,0.492220551,1
0.25,187,1.67485499,1.9917866,0.505850613,1
0.25,188,1.69953012,2.0222609,0.519806147,1
0.25,189,1.7244544,2.05303478,0.534092665,1
0.25,190,1.74962902,2.08410859,0.548716962,1
0.25,191,1.77505445,2.11548114,0.563685417,1
0.25,192,1.80073035,2.14715075,0.579003572,1
0.25,193,1.82665741,2.17911673,0.594678581,1
0.25,194,1.8528347,2.21137643,0.610715926,1
0.25,195,1.87926257,2.24392891,0.627122581,1
0.25,196,1.90594196,2.27677345,0.64390552,1
0.25,197,1.93287086,2.30990601,0.661070049,1
0.25,198,1.96005106,2.34332681,0.678624392,1
0.25,199,1.9874804,2.37703204,0.696573615,1
0.25,200,2.01515889,2.41101885,0.714924693,1
0.25,201,2.04308653,2.4452858,0.733684897,1
0.25,202,2.07126236,2.47982979,0.752860546,1
0.25,203,2.09968519,2.51464725,0.772458136,1
0.25,204,2.1283555,2.54973602,0.792485118,1
0.25,205,2.15727186,2.58509254,0.812947989,1
0.25,206,2.18643284,2.62071252,0.833853066,1
0.25,207,2.21583724,2.65659332,0.855207503,1
0.25,208,2.24548483,2.69273043,0.877018452,1
0.25,209,2.27537346,2.72911882,0.899291873,1
0.25,210,2.30550146,2.76575518,0.922034979,1
0.25,211,2.33586788,2.80263472,0.945254505,1
0.25,212,2.36647129,2.83975315,0.968957067,1
0.25,213,2.39730978,2.87710524,0.993150353,1
0.25,214,2.42838168,2.91468549,1.01784015,1
0.25,215,2.4596839,2.95248842,1.043033,1
0.25,216,2.49121618,2.99050927,1.06873667,1
0.25,217,2.52297497,3.02874112,1.09495699,1
0.25,218,2.55495811,3.06717777,1.12169993,1
0.25,219,2.58716488,3.10581589,1.14897394,1
0.25,220,2.61958981,3.1446445,1.1767838,1
0.25,221,2.65223193,3.18365908,1.2051363,1
0.25,222,2.6850884,3.22285271,1.23403835,1
0.25,223,2.71815538,3.26221752,1.26349568,1
0.25,224,2.75143099,3.30174708,1.29351509,1
0.25,225,2.78491068,3.34143162,1.32410145,1
0.25,226,2.81859398,3.38127041,1.35526288,1
0.25,227,2.85247326,3.42124414,1.38700318,1
0.25,228,2.88654685,3.46134925,1.41932869,1
0.25,229,2.92081118,3.50157785,1.45224595,1
0.25,230,2.95526195,3.54191971,1.48575938,1
0.25,231,2.98989487,3.58236623,1.51987469,1
0.25,232,3.02470732,3.62290931,1.55459869,1
0.25,233,3.05969214,3.66353631,1.58993411,1
0.25,234,3.09484673,3.70423913,1.6258868,1
0.25,235,3.13016558,3.74500704,1.66246164,1
0.25,236,3.1656456,3.78583169,1.69966388,1
0.25,237,3.20127869,3.82669854,1.73749697,1
0.25,238,3.23706293,3.86759996,1.77596593,1
0.25,239,3.27299023,3.90852189,1.81507373,1
0.25,240,3.30905747,3.94945574,1.8548249,1
0.25,241,3.34525728,3.99038744,1.89522278,1
0.25,242,3.38158488,4.03130722,1.93627143,1
0.25,243,3.41803455,4.07220173,1.9779731,1
0.25,244,3.45459986,4.11305952,2.02033138,1
0.25,245,3.49127412,4.15386677,2.06334782,1
0.25,246,3.52805424,4.19461536,2.10703039,1
0.25,247,3.56492805,4.23528481,2.15137196,1
0.25,248,3.60189247,4.27586603,2.19637918,1
0.25,249,3.63893986,4.31634521,2.24205303,1
0.25,250,3.67606258,4.35670805,2.28839374,1
0.25,251,3.71325445,4.39694214,2.33540416,1
0.25,252,3.75050879,4.43703318,2.38308477,1
0.25,253,3.78781676,4.47696686,2.43143415,1
0.25,254,3.82517147,4.5167284,2.48045349,1
0.25,255,3.86256504,4.55630445,2.53014231,1
0.25,256,3.8999896,4.59568024,2.58049941,1
0.25,257,3.93743849,4.63484049,2.63152504,1
0.25,258,3.97490072,4.67376995,2.68321514,1
0.25,259,4.01237011,4.7124548,2.73557019,1
0.25,260,4.04983711,4.75087833,2.78858614,1
0.25,261,4.08729458,4.78902769,2.84226298,1
0.25,262,4.12473154,4.8268857,2.89659381,1
0.25,263,4.16214228,4.86443806,2.95157957,1
0.25,264,4.19951677,4.9016695,3.00721526,1
0.25,265,4.23684359,4.93856287,3.06349468,1
0.25,266,4.27411604,4.97510433,3.12041354,1
0.25,267,4.31132603,5.01127815,3.17797112,1
0.25,268,4.34845972,5.04706764,3.23615432,1
0.25,269,4.38551283,5.08245945,3.29496622,1
0.25,270,4.422472,5.11743546,3.35439324,1
0.25,271,4.45932961,5.15198135,3.41443253,1
0.25,272,2.53891325,3.24986792,0.970925689,0
0.25,273,2.56285286,3.28177023,0.988113046,0
0.25,274,2.58694172,3.31385756,1.00555861,0
0.25,275,2.61117697,3.34612656,1.02326393,0
0.25,276,2.63556004,3.37857771,1.04123259,0
0.25,277,2.6600914,3.41121054,1.05946815,0
0.25,278,2.68477035,3.44402289,1.07797241,0
0.25,279,2.70959711,3.47701478,1.09674942,0
0.25,280,2.73457098,3.51018405,1.11580169,0
0.25,281,2.75969267,3.54353094,1.13513255,0
0.25,282,2.78496027,3.57705164,1.15474415,0
0.25,283,2.81037569,3.61074686,1.17464018,0
0.25,284,2.83593678,3.64461422,1.19482315,0
0.25,285,2.86164474,3.67865324,1.21529627,0
0.25,286,2.88749838,3.71286154,1.23606277,0
0.25,287,2.91349792,3.74723768,1.25712538,0
0.25,288,2.93964338,3.7817812,1.27848792,0
0.25,289,2.96593332,3.81648874,1.30015206,0
0.25,290,2.99236822,3.85136032,1.32212198,0
0.25,291,3.01894689,3.88639188,1.34439981,0
0.25,292,3.04567075,3.92158508,1.36699045,0
0.25,293,3.07253742,3.95693517,1.38989472,0
0.25,294,3.09954715,3.99244142,1.41311669,0
0.25,295,3.12669992,4.02810192,1.43665957,0
0.25,296,3.15399361,4.06391287,1.46052527,0
0.25,297,3.18143034,4.09987545,1.48471904,0
0.25,298,3.20900631,4.13598394,1.50924134,0
0.25,299,3.2367239,4.17223883,1.53409719,0
0.25,300,3.26458025,4.20863628,1.55928826,0
0.25,301,3.29257631,4.24517441,1.58481884,0
0.25,302,3.32071114,4.28185225,1.61069107,0
0.25,303,3.34898305,4.31866455,1.63690805,0
0.25,304,3.37739182,4.35560989,1.66347241,0
0.25,305,3.40593719,4.39268684,1.69038856,0
0.25,306,3.434618,4.42989159,1.71765852,0
0.25,307,3.46343803,4.46723461,1.74527657,0
0.25,308,3.49238777,4.50468826,1.77326238,0
0.25,309,3.52146673,4.54225731,1.80160689,0
0.25,310,3.55068111,4.57994795,1.83032107,0
0.25,311,3.58002663,4.61775208,1.85940409,0
0.25,312,3.6095016,4.65566635,1.88885784,0
0.25,313,3.6391058,4.69368839,1.91868591,0
0.25,314,3.66883826,4.73181486,1.94889116,0
0.25,315,3.69869828,4.77004337,1.97947717,0
0.25,316,3.72868347,4.80836868,2.01044559,0
0.25,317,3.75879383,4.84678888,2.04179859,0
0.25,318,3.78902769,4.88530016,2.07354069,0
0.25,319,3.81938386,4.9238987,2.10567427,0
0.25,320,3.84986162,4.9625802,2.13820052,0
0.25,321,3.8804574,5.00134182,2.17112303,0
0.25,322,3.9111743,5.04018116,2.2044456,0
0.25,323,3.94200706,5.07909203,2.23816919,0
0.25,324,3.97295618,5.11807156,2.27229691,0
0.25,325,4.00402117,5.15711689,2.30683279,0
0.25,326,4.03519678,5.19622135,2.34177518,0
0.25,327,4.0664854,5.23538303,2.37713146,0
0.25,328,4.09788465,5.27459717,2.41290116,0
0.25,329,4.12939167,5.31385899,2.4490881,0
0.25,330,4.16100502,5.35316467,2.48569298,0
0.25,331,4.19272423,5.39250946,2.52271867,0
0.25,332,4.22454834,5.43188953,2.56016874,0
0.25,333,4.25647354,5.4713006,2.59804392,0
0.25,334,4.28849888,5.51073647,2.63634634,0
0.25,335,4.32062292,5.55019379,2.67507911,0
0.25,336,4.35284328,5.58966732,2.71424294,0
0.25,337,4.38515902,5.6291523,2.75384164,0
0.25,338,4.41756773,5.66864395,2.79387569,0
0.25,339,4.45006704,5.70813704,2.83434629,0
0.25,340,4.482656,5.74762726,2.87525797,0
0.25,341,4.51533127,5.78710842,2.91660905,0
0.25,342,4.54809189,5.82657623,2.95840311,0
0.25,343,4.58093691,5.86602545,3.00064325,0
0.25,344,4.61386108,5.90545082,3.04332781,0
0.25,345,4.64686394,5.94484568,3.08646083,0
0.25,346,4.67994642,5.98420906,3.13004375,0
0.25,347,4.71309996,6.02352858,3.17407489,0
0.25,348,4.7463274,6.06280375,3.21856022,0
0.25,349,4.77962351,6.10202694,3.26349545,0
0.25,350,4.81298733,6.14119244,3.3088851,0
0.25,351,4.84641743,6.18029499,3.35473156,0
0.25,352,4.87991333,6.2193327,3.40107393,0
0.25,353,4.91346645,6.2582922,3.44783664,0
0.25,354,4.9470768,6.29717302,3.49505591,0
0.25,355,6.26041842,5.50219917,9.19162178,1
0.25,356,6.25916004,5.47489166,9.24824047,1
0.25,357,6.25733662,5.44708824,9.30415726,1
0.25,358,6.25494766,5.41880417,9.35935402,1
0.25,359,6.25200462,5.39005375,9.41384125,1
0.25,360,6.24851036,5.36085701,9.46760273,1
0.25,361,6.24446774,5.33122349,9.5206356,1
0.25,362,6.23988152,5.30117083,9.57293224,1
0.25,363,6.23475933,5.27071571,9.62449074,1
0.25,364,6.22910547,5.23987436,9.67530251,1
0.25,365,6.22292566,5.20865965,9.72536755,1
0.25,366,6.21622276,5.17708731,9.77467918,1
0.25,367,6.20900536,5.1451745,9.82323456,1
0.25,368,6.20127964,5.11293697,9.8710289,1
0.25,369,6.19304895,5.08038521,9.91806602,1
0.25,370,2.27105188,3.19314766,0.664358377,0
0.25,371,2.28456831,3.21402049,0.671606421,0
0.25,372,2.298141,3.23498797,0.678922296,0
0.25,373,2.31176925,3.25604868,0.686306357,0
0.25,374,2.32545567,3.27720594,0.693760455,0
0.25,375,2.33919716,3.29845572,0.701283276,0
0.25,376,2.35299611,3.31980133,0.70887655,0
0.25,377,2.36685157,3.34124136,0.716540277,0
0.25,378,2.38076448,3.36277723,0.724275589,0
0.25,379,2.39473462,3.38440847,0.732082665,0
0.25,380,2.40876102,3.40613317,0.739961565,0
0.25,381,2.42284584,3.42795515,0.747914016,0
0.25,382,2.43698788,3.44987249,0.755939543,0
0.25,383,2.45118666,3.47188544,0.76403904,0
0.25,384,2.46544385,3.493994,0.77221328,0
0.25,385,2.47975969,3.51620007,0.78046304,0
0.25,386,2.49413252,3.53850079,0.788787842,0
0.25,387,2.50856328,3.56089854,0.797189355,0
0.25,388,2.52305198,3.58339214,0.805667043,0
0.25,389,2.53760004,3.60598326,0.814222991,0
0.25,390,2.55220604,3.62867093,0.822857022,0
0.25,391,2.5668714,3.65145636,0.831569672,0
0.25,392,2.58159328,3.67433596,0.840360582,0
0.25,393,2.59637594,3.69731522,0.849232376,0
0.25,394,2.61121655,3.7203908,0.858184278,0
0.25,395,2.62611651,3.74356365,0.867217064,0
0.25,396,2.64107466,3.76683307,0.876331151,0
0.25,397,2.65609264,3.79020095,0.88552779,0
0.25,398,2.67117023,3.81366634,0.894807458,0
0.25,399,2.68630695,3.83722925,0.904170394,0
0.25,400,2.70150375,3.86089087,0.913617611,0
0.25,401,2.71675992,3.88464975,0.923149347,0
0.25,402,2.73207569,3.90850639,0.932766199,0
0.25,403,2.74745154,3.9324615,0.942469358,0
0.25,404,2.762887,3.95651436,0.952258587,0
0.25,405,2.77838206,3.98066497,0.962135315,0
0.25,406,2.79393792,4.00491428,0.97209996,0
0.25,407,2.80955386,4.02926254,0.98215276,0
0.25,408,2.82522964,4.05370808,0.99229461,0
0.25,409,2.84096646,4.07825279,1.00252652,0
0.25,410,2.85676384,4.10289621,1.01284885,0
0.25,411,2.87262154,4.12763691,1.02326167,0
0.25,412,2.88854098,4.15247869,1.03376698,0
0.25,413,2.90452027,4.17741728,1.04436421,0
0.25,414,2.92056084,4.20245504,1.05505455,0
0.25,415,2.93666315,4.22759342,1.06583905,0
0.25,416,2.95282602,4.2528286,1.07671738,0
0.25,417,2.96904993,4.27816343,1.08769071,0
0.25,418,2.9853344,4.30359554,1.09875941,0
0.25,419,3.00168133,4.32912827,1.10992515,0
0.25,420,3.01808977,4.35475922,1.12118745,0
0.25,421,3.03455973,4.3804903,1.13254821,0
0.25,422,3.05109072,4.40631819,1.14400625,0
0.25,423,0.96817708,1.39020693,0.107257962,0
0.25,424,0.971197307,1.39564216,0.107852951,0
0.25,425,0.97422272,1.40108979,0.108450525,0
0.25,426,0.977252841,1.40655005,0.109050587,0
0.25,427,0.980288684,1.41202271,0.109653234,0
0.25,428,0.983329773,1.41750824,0.110258475,0
0.25,429,0.986375928,1.42300618,0.110866293,0
0.25,430,0.989427567,1.42851675,0.111476704,0
0.25,431,0.992484152,1.43403983,0.112089686,0
0.25,432,0.995546043,1.43957543,0.11270532,0
0.25,433,0.998613358,1.44512403,0.113323569,0
0.25,434,1.00168574,1.45068514,0.113944426,0
0.25,435,1.00476348,1.45625901,0.114567943,0
0.25,436,1.00784671,1.46184564,0.11519412,0
0.25,437,1.01093483,1.4674443,0.115822896,0
0.25,438,1.01402855,1.47305667,0.116454385,0
0.25,439,1.01712751,1.47868156,0.117088549,0
0.25,440,1.02023196,1.48431897,0.117725402,0
0.25,441,1.02334177,1.48996973,0.118364953,0
0.25,442,1.02645612,1.49563265,0.11900717,0
0.25,443,1.02957654,1.50130844,0.119652115,0
0.25,444,1.03270209,1.50699735,0.120299809,0
0.25,445,1.035833,1.51269937,0.120950229,0
0.25,446,1.03896904,1.51841378,0.12160337,0
0.25,447,1.04211056,1.52414107,0.122259229,0
0.25,448,1.04525757,1.52988183,0.122917913,0
0.25,449,1.04840982,1.53563499,0.123579331,0
0.25,450,1.05156791,1.54140174,0.124243572,0
0.25,451,1.05473065,1.54718101,0.124910556,0
0.25,452,1.05789936,1.55297351,0.125580385,0
0.25,453,1.0610733,1.55877888,0.126253009,0
0.25,454,1.06425261,1.56459773,0.126928449,0
0.25,455,1.06743729,1.57042944,0.127606705,0
0.25,456,1.07062769,1.57627439,0.128287837,0
0.25,457,1.07382321,1.58213222,0.128971785,0
0.25,458,1.0770241,1.58800328,0.129658625,0
0.25,459,1.08023059,1.59388733,0.130348295,0
0.25,460,1.08344257,1.59978509,0.131040871,0
0.25,461,1.08665991,1.60569561,0.131736323,0
0.25,462,1.08988285,1.61161947,0.132434666,0
0.25,463,1.09311116,1.61755693,0.133135974,0
0.25,464,1.09634495,1.62350714,0.133840173,0
0.25,465,1.09958422,1.62947059,0.134547278,0
0.25,466,1.10282898,1.63544762,0.135257334,0
0.25,467,1.10607934,1.64143777,0.135970354,0
0.25,468,1.10933506,1.64744139,0.13668631,0
0.25,469,1.11259651,1.65345836,0.137405246,0
0.25,470,1.11586344,1.65948915,0.138127193,0
0.25,471,1.1191361,1.66553295,0.138852134,0
0.25,472,1.12241375,1.67159009,0.139580041,0
0.25,473,1.12569702,1.67766047,0.140310943,0
0.25,474,1.128986,1.68374443,0.141044915,0
0.25,475,1.13228083,1.68984246,0.141781911,0
0.25,476,1.13558102,1.69595373,0.142521948,0
0.25,477,1.13888669,1.70207787,0.143265039,0
0.25,478,1.14219797,1.70821619,0.144011185,0
0.25,479,1.14551497,1.71436822,0.14476043,0
0.25,480,1.14883757,1.72053385,0.14551276,0
0.25,481,1.15216553,1.7267127,0.146268189,0
0.25,482,1.15549922,1.73290527,0.147026718,0
0.25,483,1.15883863,1.73911166,0.147788376,0
0.25,484,1.16218376,1.74533165,0.148553148,0
0.25,485,1.16553426,1.75156534,0.149321094,0
0.25,486,1.16889048,1.75781298,0.150092155,0
0.25,487,1.17225254,1.76407397,0.150866404,0
0.25,488,1.17562032,1.77034891,0.151643813,0
0.25,489,1.17899323,1.77663732,0.15242441,0
0.25,490,1.18237245,1.78294027,0.153208226,0
0.25,491,1.1857568,1.78925622,0.153995171,0
0.25,492,1.18914723,1.79558682,0.154785439,0
0.25,493,1.19254327,1.80193055,0.155578867,0
0.25,494,1.19594491,1.80828869,0.156375602,0
0.25,495,1.1993525,1.81466067,0.157175511,0
0.25,496,1.2027657,1.82104659,0.157978773,0
0.25,497,1.20618463,1.82744634,0.158785254,0
0.25,498,1.20960891,1.83385956,0.159595028,0
0.25,499,1.21303952,1.84028745,0.160408109,0
0.25,500,1.21647549,1.84672928,0.16122444,0
0.25,501,1.2199173,1.85318482,0.162044153,0
0.25,502,1.22336519,1.85965478,0.162867174,0
0.25,503,1.22681868,1.86613905,0.163693547,0
0.25,504,1.23027778,1.87263727,0.164523318,0
0.25,505,1.23374319,1.87914956,0.165356427,0
0.25,506,1.23721385,1.88567591,0.166192904,0
0.25,507,1.24069035,1.89221632,0.167032778,0
0.25,508,1.24417281,1.89877081,0.16787605,0
0.25,509,1.24766123,1.90534019,0.168722764,0
0.25,510,1.25115538,1.91192329,0.169572845,0
0.25,511,1.25465524,1.91852045,0.170426399,0
0.25,512,1.25816119,1.92513251,0.171283454,0
0.25,513,1.26167285,1.93175864,0.172143906,0
0.25,514,1.2651906,1.93839908,0.173007846,0
0.25,515,1.26871419,1.94505382,0.173875302,0
0.25,516,1.27224326,1.9517231,0.174746215,0
0.25,517,1.27577853,1.95840681,0.17562063,0
0.25,518,1.27931941,1.96510434,0.176498577,0
0.25,519,1.28286672,1.97181678,0.177380085,0
0.25,520,1.28641963,1.97854364,0.17826511,0
0.25,521,1.28997838,1.98528504,0.17915374,0
0.25,522,1.29354322,1.99204087,0.180045873,0
0.25,523,1.29711401,1.99881113,0.180941656,0
0.25,524,1.30069065,2.00559592,0.181840986,0
0.25,525,1.30427337,2.01239586,0.182743952,0
0.25,526,1.3078618,2.01920938,0.183650509,0
0.25,527,1.31145644,2.02603841,0.184560701,0
0.25,528,1.31505692,2.03288174,0.18547456,0
0.25,529,1.3186636,2.03973985,0.186392069,0
0.25,530,1.32227612,2.04661226,0.187313259,0
0.25,531,1.32589459,2.0534997,0.188238114,0
0.25,532,1.32951903,2.06040168,0.189166665,0
0.25,533,1.33314979,2.06731844,0.190098926,0
0.25,534,1.33678663,2.0742507,0.191035002,0
0.25,535,1.34042907,2.08119655,0.19197467,0
0.25,536,1.34407783,2.08815813,0.192918137,0
0.25,537,1.34773278,2.09513426,0.193865374,0
0.25,538,1.3513937,2.10212564,0.194816425,0
0.25,539,1.35506058,2.10913157,0.195771232,0
0.25,540,1.35873365,2.11615205,0.196729779,0
0.25,541,1.36241269,2.12318778,0.197692201,0
0.25,542,1.36609793,2.13023877,0.198658451,0
0.25,543,1.36978936,2.13730454,0.199628532,0
0.25,544,1.37348676,2.1443851,0.200602472,0
0.25,545,1.37719035,2.15148115,0.201580256,0
0.25,546,1.38090026,2.15859246,0.20256196,0
0.25,547,1.3846159,2.16571808,0.203547463,0
0.25,548,1.38833809,2.17285943,0.204536974,0
0.25,549,1.39206624,2.18001556,0.205530345,0
0.25,550,1.39580059,2.18718672,0.20652768,0
0.25,551,1.3995409,2.19437265,0.207528919,0
0.25,552,1.40328801,2.20157504,0.208534211,0
0.25,553,1.40704072,2.20879149,0.209543392,0
0.25,554,1.41079998,2.21602416,0.210556611,0
0.25,555,1.41456544,2.22327185,0.211573794,0
0.25,556,1.41833699,2.23053408,0.212594971,0
0.25,557,1.42211485,2.23781252,0.213620216,0
0.25,558,1.42589879,2.24510598,0.214649498,0
0.25,559,1.42968822,2.25241399,0.215705544,0
0.25,560,1.43348515,2.25973892,0.216742814,0
0.25,561,1.43728781,2.26707816,0.217783988,0
0.25,562,1.44109702,2.27443361,0.218829438,0
0.25,563,1.44491267,2.28180408,0.219878867,0
0.25,564,1.4487344,2.28919053,0.220932513,0
0.25,565,1.45256233,2.296592,0.221990228,0
0.25,566,1.4563967,2.3040092,0.223052129,0
0.25,567,1.46023738,2.3114419,0.224118173,0
0.25,568,1.46408451,2.31889033,0.225188434,0
0.25,569,1.46793807,2.3263545,0.226262867,0
0.25,570,1.4717977,2.33383369,0.227341503,0
0.25,571,1.47566378,2.3413291,0.2284244,0
0.25,572,1.47953641,2.34884,0.229511499,0
0.25,573,1.48341489,2.35636616,0.230602801,0
0.25,574,1.4873004,2.36390877,0.231698483,0
0.25,575,1.4911921,2.37146688,0.232798368,0
0.25,576,1.49509001,2.37904096,0.233902588,0
0.25,577,1.49899459,2.38663054,0.235011101,0
0.25,578,1.50290537,2.39423585,0.23612389,0
0.25,579,1.50682306,2.40185738,0.237241179,0
0.25,580,1.51074672,2.40949488,0.238362715,0
0.25,581,1.51467705,2.41714764,0.239488617,0
0.25,582,1.51861382,2.42481709,0.240618944,0
0.25,583,1.5225569,2.43250227,0.241753653,0
0.25,584,1.52650642,2.44020319,0.242892772,0
0.25,585,1.53046286,2.44792032,0.244036362,0
0.25,586,1.5344255,2.45565343,0.245184347,0
0.25,587,1.53839481,2.46340275,0.246336833,0
0.25,588,1.54237044,2.4711678,0.247493789,0
0.25,589,1.5463531,2.47895026,0.248655304,0
0.25,590,1.55034137,2.48674655,0.249821186,0
0.25,591,1.55433691,2.49456072,0.250991732,0
0.25,592,1.55833876,2.50239015,0.252166748,0
0.25,593,1.56234741,2.51023626,0.253346324,0
0.25,594,1.56636238,2.51809883,0.254530519,0
0.25,595,1.57038403,2.52597737,0.255719274,0
0.25,596,1.57441258,2.53387284,0.256912708,0
0.25,597,1.5784471,2.54178333,0.258110583,0
0.25,598,1.58248901,2.54971123,0.259313285,0
0.25,599,1.58653688,2.5576551,0.260520548,0
0.25,600,1.59059191,2.56561542,0.261732489,0
0.25,601,1.59465361,2.5735929,0.262949169,0
0.25,602,1.5987215,2.58158588,0.264170498,0
0.25,603,1.60279632,2.58959508,0.265396506,0
0.25,604,1.60687804,2.59762192,0.266627371,0
0.25,605,1.61096597,2.60566449,0.267862886,0
0.25,606,1.61505985,2.61371922,0.269093871,0
0.25,607,1.61916184,2.62179565,0.27033931,0
0.25,608,1.62327003,2.62988782,0.271589547,0
0.25,609,1.62738526,2.63799715,0.272844672,0
0.25,610,1.63150692,2.64612293,0.274104506,0
0.25,611,1.63563514,2.65426469,0.275369227,0
0.25,612,1.63977075,2.66242409,0.276638806,0
0.25,613,1.64391279,2.6705997,0.277913272,0
0.25,614,1.64806151,2.67879272,0.279192686,0
0.25,615,1.65221715,2.68700123,0.280476958,0
0.25,616,1.65637946,2.69522786,0.281766206,0
0.25,617,1.66054893,2.70347118,0.283060402,0
0.25,618,1.66472459,2.71173024,0.284359485,0
0.25,619,1.66890764,2.72000742,0.285663664,0
0.25,620,1.67309713,2.72830105,0.286972821,0
0.25,621,1.6772939,2.7366116,0.288286954,0
0.25,622,1.68149734,2.74493933,0.289606124,0
0.25,623,1.68570805,2.75328445,0.29093051,0
0.25,624,1.68992484,2.76164556,0.292259693,0
0.25,625,1.69414926,2.77002478,0.293594211,0
0.25,626,1.69838035,2.77842045,0.294933707,0
0.25,627,1.70261836,2.78683376,0.296278358,0
0.25,628,1.70686269,2.79526305,0.297628075,0
0.25,629,1.71111488,2.80371046,0.298983008,0
0.25,630,1.71537352,2.81217504,0.300343215,0
0.25,631,1.7196393,2.82065654,0.301708549,0
0.25,632,1.723912,2.82915568,0.303079069,0
0.25,633,1.72819173,2.837672,0.304454803,0
0.25,634,1.73247862,2.84620595,0.305835932,0
0.25,635,1.73677182,2.85475588,0.307222098,0
0.25,636,1.74107265,2.8633244,0.308613688,0
0.25,637,1.7453804,2.87190986,0.310010582,0
0.25,638,1.7496953,2.88051343,0.311412811,0
0.25,639,1.75401711,2.88913345,0.312820375,0
0.25,640,1.75834608,2.89777207,0.314233273,0
0.25,641,1.76268172,2.90642691,0.315651506,0
0.25,642,1.76702511,2.9151001,0.317075193,0
0.25,643,1.77137518,2.92379069,0.318504333,0
0.25,644,1.77573216,2.93249869,0.319938838,0
0.25,645,1.78009677,2.94122458,0.321378767,0
0.25,646,1.78446817,2.9499681,0.32282424,0
0.25,647,1.78884685,2.95872927,0.324275255,0
0.25,648,1.79323244,2.96750784,0.325731665,0
0.25,649,1.79762578,2.97630477,0.327193618,0
0.25,650,1.80202556,2.98511887,0.328661114,0
0.25,651,1.80643249,2.99395013,0.330134124,0
0.25,652,1.81084728,3.00280094,0.331612885,0
0.25,653,1.81526887,3.01166844,0.33309716,0
0.25,654,1.81969774,3.02055359,0.334587067,0
0.25,655,1.82413363,3.02945757,0.336082578,0
0.25,656,1.82857704,3.03837895,0.33758381,0
0.25,657,1.83302772,3.04731822,0.339090645,0
0.25,658,1.83748591,3.05627632,0.340603381,0
0.25,659,1.84195089,3.06525207,0.342121661,0
0.25,660,1.84642363,3.07424545,0.343645781,0
0.25,661,1.85090303,3.0832572,0.345175534,0
0.25,662,1.85539019,3.09228683,0.346711099,0
0.25,663,1.85988474,3.10133481,0.348252475,0
0.25,664,1.8643862,3.11040044,0.349799812,0
0.25,665,1.8688947,3.11948395,0.351352781,0
0.25,666,1.87341154,3.12858725,0.3529118,0
0.25,667,1.87793541,3.13770795,0.354476511,0
0.25,668,1.88246596,3.14684582,0.356047183,0
0.25,669,1.88700485,3.15600419,0.357623816,0
0.25,670,1.89155054,3.16517949,0.359206378,0
0.25,671,1.89610386,3.17437339,0.360794902,0
0.25,672,1.90066457,3.18358588,0.362389326,0
0.25,673,1.90523267,3.19281602,0.3639898,0
0.25,674,1.9098084,3.20206571,0.365596443,0
0.25,675,1.9143914,3.21133375,0.367208987,0
0.25,676,1.91898191,3.22061968,0.368827611,0
0.25,677,1.92357981,3.22992468,0.370452344,0
0.25,678,1.92818534,3.23924804,0.372083247,0
0.25,679,1.93279803,3.24858928,0.373720139,0
0.25,680,1.93741918,3.25795102,0.37536329,0
0.25,681,1.94204688,3.26733041,0.37701261,0
0.25,682,1.94668245,3.27672815,0.37866804,0
0.25,683,1.95132565,3.28614473,0.380329758,0
0.25,684,1.95597649,3.29558039,0.381997734,0
0.25,685,1.96063447,3.30503464,0.38367188,0
0.25,686,1.96530104,3.31450868,0.385352463,0
0.25,687,1.96997404,3.32400012,0.387039155,0
0.25,688,1.97465515,3.33351088,0.388732135,0
0.25,689,1.97934413,3.34304118,0.390431613,0
0.25,690,1.98404074,3.3525908,0.392137557,0
0.25,691,1.98874474,3.36215806,0.393849611,0
0.25,692,1.99345648,3.37174511,0.395568281,0
0.25,693,1.9981755,3.38135028,0.39729321,0
0.25,694,2.00290251,3.39097524,0.399024785,0
0.25,695,2.00763702,3.40061855,0.400762588,0
0.25,696,2.01237965,3.41028261,0.402507097,0
0.25,697,2.01713037,3.41996503,0.404258132,0
0.25,698,2.02188826,3.42966652,0.406015575,0
0.25,699,2.02665377,3.43938684,0.407779694,0
0.25,700,2.03142738,3.44912672,0.409550309,0
0.25,701,2.03620863,3.45888686,0.41132763,0
0.25,702,2.04099703,3.46866441,0.413111508,0
0.25,703,2.04579473,3.47846365,0.414902121,0
0.25,704,2.0505991,3.48828077,0.41669932,0
0.25,705,2.05541182,3.49811769,0.418503404,0
0.25,706,2.06023192,3.50797367,0.420314103,0
0.25,707,2.06506014,3.51784945,0.422131568,0
0.25,708,2.06989622,3.52774501,0.423955739,0
0.25,709,2.07474041,3.53765988,0.425786763,0
0.25,710,2.07959175,3.54759383,0.427624583,0
0.25,711,2.08445191,3.55754852,0.429469258,0
0.25,712,2.08931971,3.56752253,0.431320906,0
0.25,713,2.09419537,3.57751536,0.433179289,0
0.25,714,2.09907866,3.58752847,0.435044616,0
0.25,715,2.10397053,3.59756184,0.436916947,0
0.25,716,2.10886788,3.60761142,0.438794196,0
0.25,717,2.11377525,3.61768341,0.440680534,0
0.25,718,2.11869049,3.62777567,0.442573667,0
0.25,719,2.12361431,3.63788819,0.444473982,0
0.25,720,2.12854552,3.64801955,0.446381271,0
0.25,721,2.13348484,3.65817118,0.448295712,0
0.25,722,2.13843226,3.66834283,0.450217128,0
0.25,723,2.14338827,3.67853522,0.452145845,0
0.25,724,2.14835191,3.68874717,0.454081744,0
0.25,725,2.15332341,3.6989789,0.456024706,0
0.25,726,2.15830278,3.70923018,0.457974821,0
0.25,727,2.16329098,3.71950269,0.459932327,0
0.25,728,2.16828728,3.72979546,0.461897075,0
0.25,729,2.17329144,3.74010849,0.463869065,0
0.25,730,2.17830372,3.75044107,0.465848297,0
0.25,731,2.18332434,3.76079369,0.46783489,0
0.25,732,2.18835306,3.77116728,0.469828933,0
0.25,733,2.19338989,3.78156066,0.471830219,0
0.25,734,2.19843531,3.79197478,0.473838985,0
0.25,735,2.20348883,3.80240989,0.475855261,0
0.25,736,2.20855045,3.8128643,0.477878869,0
0.25,737,2.21361995,3.82333946,0.479910016,0
0.25,738,2.2186985,3.83383584,0.481948733,0
0.25,739,2.22378445,3.84435177,0.483994991,0
0.25,740,2.22887969,3.85488915,0.486048758,0
0.25,741,2.23398232,3.86544657,0.488110095,0
0.25,742,2.23909378,3.87602544,0.490179121,0
0.25,743,2.2442131,3.88662338,0.492255658,0
0.25,744,2.24934125,3.89724278,0.494339973,0
0.25,745,2.25447798,3.90788412,0.496432006,0
0.25,746,2.2596221,3.91854429,0.498531729,0
0.25,747,2.26477575,3.92922688,0.5006392,0
0.25,748,2.26993728,3.93992972,0.50275445,0
0.25,749,2.27510691,3.95065308,0.504877567,0
0.25,750,2.28028536,3.96139669,0.507008433,0
0.25,751,2.28547239,3.97216272,0.509147048,0
0.25,752,2.29066801,3.9829495,0.511293828,0
0.25,753,2.29587126,3.99375653,0.513448358,0
0.25,754,2.30108356,4.00458479,0.515610695,0
0.25,755,2.30630422,4.01543474,0.517781198,0
0.25,756,2.31153393,4.02630663,0.519959867,0
0.25,757,2.31677151,4.03719807,0.522146344,0
0.25,758,2.32201862,4.04811192,0.524340868,0
0.25,759,2.32727337,4.05904531,0.526543558,0
0.25,760,2.33253717,4.07000208,0.528754234,0
0.25,761,2.33780861,4.08097744,0.530973017,0
0.25,762,2.34308934,4.09197569,0.533200026,0
0.25,763,2.34837866,4.10299492,0.5354352,0
0.25,764,2.3536768,4.11403704,0.537678778,0
0.25,765,2.35898352,4.12509918,0.539930344,0
0.25,766,2.36429882,4.13618326,0.542190433,0
0.25,767,2.36962271,4.14728832,0.544458568,0
0.25,768,2.37495565,4.15841579,0.546735287,0
0.25,769,2.38029671,4.16956425,0.54902029,0
0.25,770,2.38564682,4.18073416,0.551313639,0
0.25,771,2.39100552,4.19192553,0.553615332,0
0.25,772,2.3963728,4.20313931,0.555925667,0
0.25,773,2.40174961,4.21437502,0.558244407,0
0.25,774,2.40713453,4.22563124,0.560571551,0
0.25,775,2.41252851,4.23691034,0.562907279,0
0.25,776,2.41793084,4.24820995,0.565251648,0
0.25,777,2.42334223,4.25953293,0.567604661,0
0.25,778,2.42876267,4.27087688,0.569966197,0
0.25,779,2.4341917,4.28224277,0.572336376,0
0.25,780,2.43962955,4.2936306,0.574715316,0
0.25,781,2.44507742,4.30504227,0.577103257,0
0.25,782,2.45053244,4.31647348,0.579499424,0
0.25,783,2.45599842,4.32792902,0.581904769,0
0.25,784,2.46147108,4.33940411,0.584318638,0
0.25,785,2.46695447,4.35090399,0.586741507,0
0.25,786,2.47244549,4.3624239,0.589173079,0
0.25,787,2.47794676,4.37396812,0.591613829,0
0.25,788,2.4834559,4.38553238,0.594063222,0
0.25,789,2.48897505,4.39712048,0.596521914,0
0.25,790,2.49450231,4.40873051,0.598989308,0
0.25,791,2.5000391,4.42036295,0.601465881,0
0.25,792,2.50558472,4.43201733,0.603951395,0
0.25,793,2.51113963,4.44369507,0.606446028,0
0.25,794,2.51670337,4.45539427,0.6089499,0
0.25,795,2.52227592,4.46711636,0.611462891,0
0.25,796,2.52785873,4.47886181,0.613985002,0
0.25,797,2.53344965,4.49062872,0.616516471,0
0.25,798,2.5390501,4.50241852,0.61905694,0
0.25,799,2.54465961,4.51423168,0.621606886,0
0.25,800,2.55027843,4.5260663,0.624166071,0
0.25,801,2.55590677,4.53792572,0.626734793,0
0.25,802,2.56154299,4.54980564,0.629312515,0
0.25,803,2.56718969,4.5617094,0.631900072,0
0.25,804,2.57284498,4.57363558,0.634496689,0
0.25,805,2.57850981,4.58558559,0.637103021,0
0.25,806,2.58418465,4.59755898,0.63971889,0
0.25,807,2.58986759,4.60955381,0.642343879,0
0.25,808,2.59556007,4.62157202,0.64497894,0
0.25,809,2.60126162,4.63361263,0.647623539,0
0.25,810,2.60697317,4.64567661,0.650277495,0
0.25,811,2.61269426,4.65776539,0.652941465,0
0.25,812,2.61842418,4.6698761,0.655614913,0
0.25,813,2.62416387,4.68201017,0.658298314,0
0.25,814,2.62991214,4.69416666,0.660991371,0
0.25,815,2.63567066,4.70634747,0.663694382,0
0.25,816,2.64143848,4.71855211,0.666406929,0
0.25,817,2.64721537,4.73077917,0.66912967,0
0.25,818,2.65300179,4.74302912,0.671861768,0
0.25,819,2.65879846,4.75530434,0.674604535,0
0.25,820,2.66460419,4.76760197,0.677356958,0
0.25,821,2.67041922,4.77992296,0.680119455,0
0.25,822,2.67624307,4.79226542,0.682891786,0
0.25,823,2.68207765,4.80463457,0.685674667,0
0.25,824,2.687922,4.81702709,0.688467324,0
0.25,825,2.6937747,4.8294425,0.691270292,0
0.25,826,2.69963694,4.84187937,0.694083154,0
0.25,827,2.70551014,4.85434437,0.696906745,0
0.25,828,2.71139145,4.8668294,0.699739993,0
0.25,829,2.7172842,4.87934065,0.702583909,0
0.25,830,2.72318578,4.89187574,0.705438316,0
0.25,831,2.72909665,4.90443325,0.708302975,0
0.25,832,2.73501801,4.91701651,0.711178064,0
0.25,833,2.7409482,4.9296217,0.714063227,0
0.25,834,2.74688816,4.94225121,0.716959298,0
0.25,835,2.75283837,4.95490646,0.71986562,0
0.25,836,2.7587986,4.96758604,0.722782791,0
0.25,837,2.76476717,4.98028564,0.725710034,0
0.25,838,2.77074695,4.99301386,0.728648424,0
0.25,839,2.77673554,5.00576305,0.731597245,0
0.25,840,2.78273582,5.01854086,0.734557152,0
0.25,841,2.7887435,5.03133821,0.737527132,0
0.25,842,2.79476213,5.0441618,0.740508258,0
0.25,843,2.80079079,5.05700922,0.743500173,0
0.25,844,2.80682945,5.06988287,0.746502936,0
0.25,845,2.81287766,5.08277893,0.749516487,0
0.25,846,2.81893635,5.09570074,0.752540946,0
0.25,847,2.82500434,5.10864639,0.755576491,0
0.25,848,2.83108234,5.12161732,0.758623123,0
0.25,849,2.8371706,5.13461161,0.761680484,0
0.25,850,2.84326935,5.1476326,0.764749229,0
0.25,851,2.84937668,5.16067553,0.767828822,0
0.25,852,2.85549498,5.17374516,0.770919859,0
0.25,853,2.86162353,5.18683958,0.774021864,0
0.25,854,2.86776233,5.19995785,0.777130246,0
0.25,855,2.87391019,5.21310043,0.780254543,0
0.25,856,2.88006878,5.22626829,0.783390403,0
0.25,857,2.88623738,5.23946238,0.786537528,0
0.25,858,2.89241624,5.25268126,0.789696336,0
0.25,859,2.89860439,5.26592255,0.792866111,0
0.25,860,2.90480471,5.2791934,0.796048045,0
0.25,861,2.91101313,5.29248524,0.799240708,0
0.25,862,2.91723275,5.30580378,0.802445412,0
0.25,863,2.92346287,5.31914806,0.805661321,0
0.25,864,2.92970276,5.33251667,0.80888927,0
0.25,865,2.93595243,5.34591007,0.812128186,0
0.25,866,2.94221282,5.35932922,0.815379679,0
0.25,867,2.94848371,5.3727746,0.818642497,0
0.25,868,2.95476556,5.3862462,0.821917415,0
0.25,869,2.96105576,5.39973927,0.825203717,0
0.25,870,2.96735811,5.41326189,0.828502178,0
0.25,871,2.97366953,5.42680693,0.831812263,0
0.25,872,2.97999287,5.4403801,0.835134745,0
0.25,873,2.98632574,5.45397758,0.83846879,0
0.25,874,2.99266839,5.46760035,0.841815174,0
0.25,875,2.99902201,5.4812479,0.845173538,0
0.25,876,3.00538683,5.49492455,0.848543882,0
0.25,877,3.01176119,5.50862455,0.851926684,0
0.25,878,3.01814604,5.52234983,0.855321348,0
0.25,879,3.02454233,5.53610229,0.858728707,0
0.25,880,3.03094745,5.54987812,0.862147927,0
0.25,881,3.03736472,5.56368351,0.865579724,0
0.25,882,3.04379225,5.57751274,0.869023621,0
0.25,883,3.05023026,5.59136915,0.872480571,0
0.25,884,3.05667758,5.60524845,0.875948966,0
0.25,885,3.06313729,5.61915731,0.879430771,0
0.25,886,3.0696063,5.63309002,0.882924676,0
0.25,887,3.07608676,5.6470499,0.886431396,0
0.25,888,3.08257723,5.66103554,0.889950335,0
0.25,889,3.08907914,5.67504787,0.893482327,0
0.25,890,3.09559178,5.68908691,0.897027075,0
0.25,891,3.10211492,5.70315218,0.900584459,0
0.25,892,3.10864854,5.71724319,0.904154539,0
0.25,893,3.11519289,5.73136044,0.907737672,0
0.25,894,3.12174726,5.74550247,0.911333323,0
0.25,895,3.12831354,5.75967312,0.914942503,0
0.25,896,3.13489056,5.77386999,0.91856432,0
0.25,897,3.14147854,5.78809452,0.922199249,0
0.25,898,3.14807701,5.80234432,0.925847173,0
0.25,899,3.15468621,5.81662035,0.929508507,0
0.25,900,3.16130662,5.83092451,0.933182657,0
0.25,901,3.16793823,5.84525537,0.936870098,0
0.25,902,3.17457962,5.85961151,0.940570712,0
0.25,903,3.18123293,5.8739953,0.944284856,0
0.25,904,3.18789601,5.88840437,0.948012114,0
0.25,905,3.1945715,5.90284252,0.951752901,0
0.25,906,3.20125723,5.91730595,0.95550698,0
0.25,907,3.20795465,5.93179846,0.959275007,0
0.25,908,3.21466255,5.9463172,0.963056028,0
0.25,909,3.22138119,5.96086216,0.966851115,0
0.25,910,3.22811127,5.97543335,0.970659316,0
0.25,911,3.23485255,5.99003363,0.974481404,0
0.25,912,3.2416048,6.00465965,0.97831738,0
0.25,913,3.24836802,6.01931381,0.982167065,0
0.25,914,3.25514245,6.03399467,0.98603034,0
0.25,915,3.26192784,6.04870319,0.989907682,0
0.25,916,3.2687242,6.06343746,0.993798912,0
0.25,917,3.27553248,6.07820177,0.997704208,0
0.25,918,3.28235102,6.09299088,1.00162327,0
0.25,919,3.28918242,6.10781097,1.0055567,0
0.25,920,3.29602337,6.12265491,1.00950313,0
0.25,921,3.30287623,6.13752794,1.01346481,0
0.25,922,3.30974078,6.15242958,1.01744068,0
0.25,923,3.31661654,6.1673584,1.02143049,0
0.25,924,3.32350278,6.18231297,1.02543449,0
0.25,925,3.33040214,6.197299,1.02945328,0
0.25,926,3.33731079,6.21230936,1.03348649,0
0.25,927,3.34423161,6.22734785,1.03753352,0
0.25,928,3.35116458,6.24241638,1.04159558,0
0.25,929,3.35810709,6.25750923,1.0456717,0
0.25,930,3.36506271,6.2726326,1.04976296,0
0.25,931,3.37202907,6.28778315,1.05386829,0
0.25,932,3.37900782,6.30296373,1.05798876,0
0.25,933,3.38599682,6.31816912,1.06212378,0
0.25,934,3.3929975,6.33340406,1.06627369,0
0.25,935,3.40001035,6.34866714,1.07043803,0
0.25,936,3.40703392,6.36395788,1.07461774,0
0.25,937,3.41407013,6.37927771,1.07881224,0
0.25,938,3.42111683,6.39462519,1.08302188,0
0.25,939,3.42817521,6.40999985,1.08724606,0
0.25,940,3.43524694,6.42540693,1.09148622,0
0.25,941,3.44232774,6.44083738,1.09574056,0
0.25,942,3.44942212,6.4562993,1.10001075,0
0.25,943,3.45652676,6.47178745,1.10429597,0
0.25,944,3.46364474,6.48730707,1.1085968,0
0.25,945,3.47077274,6.50285292,1.11291218,0
0.25,946,3.47791266,6.51842594,1.11724365,0
0.25,947,3.48506522,6.53403091,1.1215899,0
0.25,948,3.4922297,6.5496645,1.12595248,0
0.25,949,3.49940419,6.56532288,1.13032997,0
0.25,950,3.50659275,6.58101463,1.13472366,0
0.25,951,3.51379132,6.59673119,1.13913286,0
0.25,952,3.52100348,6.61248112,1.14355755,0
0.25,953,3.5282259,6.62825584,1.14799809,0
0.25,954,3.53546119,6.64406204,1.15245473,0
0.25,955,3.54270649,6.65989304,1.15692663,0
0.25,956,3.54996634,6.67575741,1.1614151,0
0.25,957,3.55723667,6.69164896,1.16591918,0
0.25,958,3.5645206,6.70757389,1.17043555,0
0.25,959,3.57181478,6.72352362,1.17497194,0
0.25,960,3.57912183,6.73950338,1.17952406,0
0.25,961,3.58644009,6.75551176,1.18409276,0
0.25,962,3.5937705,6.7715497,1.18867743,0
0.25,963,3.60111237,6.7876153,1.19327843,0
0.25,964,3.6084671,6.80371189,1.19789612,0
0.25,965,3.61583471,6.819839,1.20252991,0
0.25,966,3.62321353,6.83599377,1.2071805,0
0.25,967,3.63060331,6.85217619,1.21184695,0
0.25,968,3.63800669,6.86839056,1.21653092,0
0.25,969,3.6454215,6.88463354,1.22123039,0
0.25,970,3.65284944,6.90090752,1.22594738,0
0.25,971,3.66028857,6.91720915,1.23068094,0
0.25,972,3.66774035,6.9335413,1.23543119,0
0.25,973,3.67520475,6.94990444,1.24019825,0
0.25,974,3.68268108,6.9662962,1.24498296,0
0.25,975,3.69016933,6.98271656,1.24978375,0
0.25,976,3.69766998,6.99916792,1.25460184,0
0.25,977,3.70518327,7.01564837,1.2594372,0
0.25,978,3.71270871,7.03215981,1.26428986,0
0.25,979,3.72024608,7.04870033,1.26915908,0
0.25,980,3.72779512,7.06526852,1.27404559,0
0.25,981,3.73535872,7.08187151,1.27895021,0
0.25,982,3.74293208,7.09849977,1.28387117,0
0.25,983,3.75052023,7.11516237,1.28881049,0
0.25,984,3.75811934,7.13185215,1.29376674,0
0.25,985,3.76573157,7.1485734,1.29874098,0
0.25,986,3.77335525,7.1653223,1.30373192,0
0.25,987,3.78099346,7.18210602,1.30874169,0
0.25,988,3.78864193,7.19891548,1.31376827,0
0.25,989,3.79630423,7.21575832,1.31881297,0
0.25,990,3.80397868,7.23262978,1.32387519,0
0.25,991,3.81166506,7.24953079,1.32895601,0
0.25,992,3.81936431,7.26646328,1.33405423,0
0.25,993,3.82707763,7.28342867,1.33917093,0
0.25,994,3.83480144,7.30042076,1.34430492,0
0.25,995,3.84253955,7.31744623,1.34945762,0
0.25,996,3.85028982,7.33450127,1.35462856,0
0.25,997,3.85805154,7.35158491,1.35981762,0
0.25,998,3.86582613,7.36869907,1.36502492,0
0.25,999,3.8736155,7.385849,1.37025094,0
0.25,1000,3.88141465,7.40302277,1.37549448,0
0.25,1001,3.88922834,7.42023087,1.38075733,0
0.25,1002,3.89705396,7.43746948,1.38603818,0
0.25,1003,3.90489364,7.454741,1.39133835,0
0.25,1004,3.91274548,7.47204161,1.39665639,0
0.25,1005,3.92060947,7.4893713,1.40199363,0
0.25,1006,3.92848611,7.50673151,1.40734923,0
0.25,1007,3.93637729,7.52412748,1.41272509,0
0.25,1008,3.94427896,7.54154921,1.418118,0
0.25,1009,3.95219564,7.55900669,1.42353082,0
0.25,1010,3.96012425,7.57649136,1.42896271,0
0.25,1011,3.96806526,7.59400797,1.43441391,0
0.25,1012,3.97601962,7.61155558,1.43988311,0
0.25,1013,3.98398709,7.62913561,1.44537282,0
0.25,1014,3.99196744,7.64674711,1.45088112,0
0.25,1015,3.9999609,7.66438961,1.45640886,0
0.25,1016,4.00796604,7.68206072,1.46195638,0
0.25,1017,4.01598692,7.69976759,1.46752286,0
0.25,1018,4.02401924,7.71750355,1.47310901,0
0.25,1019,4.03206396,7.73526955,1.4787147,0
0.25,1020,4.04012203,7.75306797,1.48434031,0
0.25,1021,4.04819393,7.77089882,1.4899857,0
0.25,1022,4.05627823,7.78876114,1.49565041,0
0.25,1023,1,0,0,0
0.125,0,4.5567147e-05,0,0,1
0.125,1,0.000990249566,0.000853283564,1.03359689e-05,1
0.125,2,0.00196376536,0.001736901,2.17202523e-05,1
0.125,3,0.00296664564,0.00265149726,3.41204141e-05,1
0.125,4,0.00399942091,0.00359772053,4.76189343e-05,1
0.125,5,0.0050626304,0.00457622856,6.22722728e-05,1
0.125,6,0.00615682127,0.00558769284,7.81390554e-05,1
0.125,7,0.00728254393,0.00663278764,9.52802438e-05,1
0.125,8,0.00844036601,0.0077122096,0.000113759321,1
0.125,9,0.00963085052,0.00882665347,0.000133642025,1
0.125,10,0.0108545749,0.0099768294,0.000154996669,1
0.125,11,0.0121121174,0.0111634536,0.000177894224,1
0.125,12,0.013404076,0.0123872664,0.000202408497,1
0.125,13,0.0147310439,0.0136490026,0.000228615827,1
0.125,14,0.0160936303,0.0149494158,0.000256595726,1
0.125,15,0.0174924489,0.0162892733,0.00028643047,1
0.125,16,0.018928105,0.0176693331,0.00031820513,1
0.125,17,0.0204012506,0.019090401,0.000352008705,1
0.125,18,0.0219125003,0.0205532517,0.000387932523,1
0.125,19,0.0234625172,0.0220587142,0.000426072336,1
0.125,20,0.0250519402,0.0236075912,0.000466526282,1
0.125,21,0.0266814418,0.0252007227,0.000509396894,1
0.125,22,0.0283516813,0.0268389471,0.000554789964,1
0.125,23,0.0300633367,0.0285231154,0.000602814951,1
0.125,24,0.0318171084,0.0302541088,0.000653586176,1
0.125,25,0.0336136594,0.0320327766,0.000707220112,1
0.125,26,0.0354537182,0.0338600352,0.000763839576,1
0.125,27,0.0373379923,0.0357367769,0.000823570357,1
0.125,28,0.0392671824,0.0376639031,0.000886542606,1
0.125,29,0.041242037,0.0396423638,0.000952891423,1
0.125,30,0.0432632789,0.0416730829,0.00102275668,1
0.125,31,0.0453316569,0.043757014,0.00109628285,1
0.125,32,0.0474479422,0.0458951369,0.00117361953,1
0.125,33,0.0496128649,0.0480884016,0.00125492061,1
0.125,34,0.0518272258,0.050337825,0.00134034664,1
0.125,35,0.0540917963,0.0526444092,0.00143006304,1
0.125,36,0.0564073734,0.0550091639,0.00152424001,1
0.125,37,0.0587747172,0.0574330874,0.00162305264,1
0.125,38,0.0611946806,0.0599172749,0.00172668567,1
0.125,39,0.0636681095,0.0624627918,0.00183532806,1
0.125,40,0.0661957711,0.0650706738,0.00194917258,1
0.125,41,0.0687784851,0.0677419826,0.00206841901,1
0.125,42,0.0714171603,0.0704778656,0.00219338434,1
0.125,43,0.0741126388,0.073279433,0.00232408079,1
0.125,44,0.076865755,0.0761477798,0.00246082363,1
0.125,45,0.0796774402,0.0790841058,0.00260384451,1
0.125,46,0.0825484768,0.0820894539,0.00275337393,1
0.125,47,0.0854798928,0.085165143,0.00290966267,1
0.125,48,0.0884725004,0.0883122534,0.00307295611,1
0.125,49,0.0915272757,0.0915320441,0.00324351829,1
0.125,50,0.0946450755,0.0948256776,0.00342161115,1
0.125,51,0.0978268832,0.0981944129,0.00360751501,1
0.125,52,0.101073638,0.101639509,0.0038015137,1
0.125,53,0.104386285,0.105162188,0.00400389917,1
0.125,54,0.107765794,0.108763747,0.00421497505,1
0.125,55,0.111213125,0.112445451,0.00443505216,1
0.125,56,0.11472933,0.116208673,0.00466445647,1
0.125,57,0.118315302,0.120054632,0.00490351208,1
0.125,58,0.121972188,0.123984814,0.00515257288,1
0.125,59,0.125700846,0.128000364,0.00541197369,1
0.125,60,0.129502386,0.132102817,0.0056820903,1
0.125,61,0.13337788,0.136293516,0.0059632957,1
0.125,62,0.137328297,0.1405738,0.00625596987,1
0.125,63,0.141354799,0.144945174,0.00656051608,1
0.125,64,0.145458445,0.149409086,0.00687734131,1
0.125,65,0.149640158,0.153966799,0.00720685627,1
0.125,66,0.153901234,0.158619985,0.00754950847,1
0.125,67,0.158242643,0.163369983,0.0079057347,1
0.125,68,0.162665561,0.168218374,0.00827599969,1
0.125,69,0.167171136,0.173166648,0.00866077375,1
0.125,70,0.171760485,0.178216353,0.00906054769,1
0.125,71,0.176434755,0.183369026,0.00947581884,1
0.125,72,0.18119508,0.188626215,0.00990710314,1
0.125,73,0.185948148,0.193891078,0.0103442352,1
0.125,74,0.190881744,0.199359372,0.0108086867,1
0.125,75,0.19590506,0.204937041,0.011290784,1
0.125,76,0.201018974,0.210625425,0.0117910756,1
0.125,77,0.206225097,0.216426536,0.0123101892,1
0.125,78,0.211524308,0.222341686,0.0128487032,1
0.125,79,0.216917962,0.228372678,0.0134072555,1
0.125,80,0.222407416,0.2345213,0.0139865028,1
0.125,81,0.227993786,0.24078913,0.0145870894,1
0.125,82,0.233678401,0.247177973,0.0152097102,1
0.125,83,0.239462614,0.253689587,0.0158550683,1
0.125,84,0.245347708,0.260325789,0.0165238827,1
0.125,85,0.251334816,0.267088115,0.0172168743,1
0.125,86,0.257425398,0.273978561,0.0179348215,1
0.125,87,0.263620675,0.280998796,0.0186784938,1
0.125,88,0.269922167,0.288150817,0.019448705,1
0.125,89,0.276331156,0.295436442,0.0202462841,1
0.125,90,0.282848865,0.302857339,0.0210720543,1
0.125,91,0.289476782,0.310415536,0.0219269004,1
0.125,92,0.296216339,0.318112999,0.0228117295,1
0.125,93,0.303068727,0.325951338,0.0237274095,1
0.125,94,0.310035586,0.333932787,0.0246749371,1
0.125,95,0.317118287,0.342059195,0.0256552547,1
0.125,96,0.324318051,0.35033235,0.0266693346,1
0.125,97,0.331636548,0.358754396,0.0277182199,1
0.125,98,0.339075118,0.367327303,0.0288029537,1
0.125,99,0.346635252,0.376052976,0.0299245901,1
0.125,100,0.35431841,0.384933531,0.0310842469,1
0.125,101,0.362126052,0.393970937,0.0322830416,1
0.125,102,0.370059699,0.403167218,0.0335221365,1
0.125,103,0.37812081,0.412524462,0.034802705,1
0.125,104,0.386310905,0.422044694,0.0361259691,1
0.125,105,0.394631505,0.431730062,0.0374931842,1
0.125,106,0.403084219,0.44158268,0.0389056392,1
0.125,107,0.411670387,0.451604486,0.0403646119,1
0.125,108,0.420391768,0.461797833,0.0418714806,1
0.125,109,0.429249734,0.472164571,0.0434275866,1
0.125,110,0.438245863,0.482706994,0.045034349,1
0.125,111,0.447381854,0.493427277,0.0466932431,1
0.125,112,0.456659436,0.504327834,0.0484057739,1
0.125,113,0.466079831,0.515410364,0.0501733869,1
0.125,114,0.475644767,0.526677251,0.051997669,1
0.125,115,0.485355914,0.53813076,0.0538802259,1
0.125,116,0.495215029,0.549773216,0.0558227189,1
0.125,117,0.505223453,0.561606586,0.0578267574,1
0.125,118,0.515382826,0.573633075,0.05989407,1
0.125,119,0.525694907,0.585855007,0.0620264001,1
0.125,120,0.536161423,0.598274767,0.0642256066,1
0.125,121,0.546783805,0.610894322,0.0664934441,1
0.125,122,0.557563841,0.623716116,0.0688318461,1
0.125,123,0.568503201,0.636742353,0.071242705,1
0.125,124,0.579603434,0.649975181,0.0737279803,1
0.125,125,0.590866208,0.663416982,0.0762897134,1
0.125,126,0.60229373,0.677070379,0.0789300278,1
0.125,127,0.613886952,0.690937042,0.0816508979,1
0.125,128,0.625647843,0.705019474,0.0844545588,1
0.125,129,0.63757807,0.71931988,0.0873431638,1
0.125,130,0.649679303,0.733840585,0.0903190002,1
0.125,131,0.661953211,0.748583853,0.0933843404,1
0.125,132,0.674401641,0.76355195,0.0965415537,1
0.125,133,0.687026083,0.778747141,0.0997930616,1
0.125,134,0.699828625,0.794171929,0.103141375,1
0.125,135,0.712810397,0.809828162,0.106588855,1
0.125,136,0.725973427,0.825718164,0.110138163,1
0.125,137,0.739319384,0.84184432,0.113791898,1
0.125,138,0.752850175,0.858209133,0.117552832,1
0.125,139,0.766567051,0.874814212,0.121423528,1
0.125,140,0.780471921,0.891662121,0.125406876,1
0.125,141,0.794566989,0.9087556,0.129505843,1
0.125,142,0.80885303,0.926095724,0.13372305,1
0.125,143,0.823332131,0.943685234,0.138061672,1
0.125,144,0.83800596,0.961526275,0.14252466,1
0.125,145,0.852876127,0.979620278,0.147114679,1
0.125,146,0.867944598,0.997970819,0.151835755,1
0.125,147,0.883212805,1.01657927,0.156690642,1
0.125,148,0.898682356,1.03544748,0.161682636,1
0.125,149,0.914355099,1.05457795,0.166815132,1
0.125,150,0.930232406,1.07397234,0.172091454,1
0.125,151,0.946316302,1.09363294,0.177515209,1
0.125,152,0.962607741,1.11356127,0.183089703,1
0.125,153,0.979109287,1.13376033,0.188818857,1
0.125,154,0.995821834,1.15423083,0.194706127,1
0.125,155,1.01274633,1.17497444,0.200755,1
0.125,156,1.02988625,1.19599485,0.206970036,1
0.125,157,1.0472405,1.21729219,0.21335575,1
0.125,158,1.06481266,1.23886836,0.219913721,1
0.125,159,1.08260441,1.26072609,0.226649523,1
0.125,160,1.1006161,1.28286612,0.233566791,1
0.125,161,1.11884975,1.30529046,0.240669966,1
0.125,162,1.13730669,1.32800055,0.24796316,1
0.125,163,1.1559881,1.35099757,0.255450606,1
0.125,164,1.17489636,1.37428439,0.263137132,1
0.125,165,1.19403148,1.39786065,0.271026492,1
0.125,166,1.21339238,1.42172468,0.27912426,1
0.125,167,1.23298681,1.44588566,0.287433833,1
0.125,168,1.2528125,1.47034049,0.295960248,1
0.125,169,1.27287149,1.4950912,0.30470857,1
0.125,170,1.29316425,1.52013803,0.313683301,1
0.125,171,1.31369221,1.54548228,0.322889447,1
0.125,172,1.33445692,1.57112527,0.332332194,1
0.125,173,1.35545897,1.59706748,0.34201622,1
0.125,174,1.37669981,1.62330961,0.351946831,1
0.125,175,1.39818048,1.64985287,0.362129152,1
0.125,176,1.41990185,1.67669737,0.372568369,1
0.125,177,1.44186485,1.70384049,0.383258492,1
0.125,178,1.46407104,1.73128963,0.394226849,1
0.125,179,1.48652053,1.75904131,0.405468106,1
0.125,180,1.50921476,1.78709638,0.416988224,1
0.125,181,1.53215408,1.81545448,0.428792387,1
0.125,182,1.55534005,1.84411633,0.440886647,1
0.125,183,1.57877243,1.87308097,0.453276485,1
0.125,184,1.60245228,1.902349,0.465967715,1
0.125,185,1.62638068,1.93192005,0.478966415,1
0.125,186,1.65055621,1.96179259,0.492282391,1
0.125,187,1.67497647,1.99196064,0.50590682,1
0.125,188,1.6996516,2.02243686,0.519863069,1
0.125,189,1.72457659,2.0532136,0.53415066,1
0.125,190,1.74975193,2.08428979,0.548775971,1
0.125,191,1.77517736,2.11566424,0.563744903,1
0.125,192,1.80085361,2.14733601,0.579063952,1
0.125,193,1.8267833,2.17930698,0.594741344,1
0.125,194,1.85296094,2.21156955,0.610779762,1
0.125,195,1.87938964,2.24412513,0.62718761,1
0.125,196,1.90606833,2.27697134,0.643970847,1
0.125,197,1.93299758,2.31010699,0.661136508,1
0.125,198,1.96017718,2.34352946,0.67869103,1
0.125,199,1.98760653,2.37723708,0.696641088,1
0.125,200,2.01528549,2.41122723,0.714993358,1
0.125,201,2.04321289,2.4454968,0.733754396,1
0.125,202,2.07138872,2.48004365,0.75293076,1
0.125,203,2.09981155,2.51486397,0.772529244,1
0.125,204,2.12848234,2.54995632,0.792557359,1
0.125,205,2.15739751,2.58531475,0.813020349,1
0.125,206,2.18655825,2.62093806,0.83392632,1
0.125,207,2.21596265,2.65682173,0.855281711,1
0.125,208,2.24561071,2.69296265,0.877093732,1
0.125,209,2.27549911,2.7293551,0.899368167,1
0.125,210,2.30562735,2.7659955,0.922112465,1
0.125,211,2.33599401,2.80287862,0.945332766,1
0.125,212,2.36659718,2.84000063,0.969036579,1
0.125,213,2.3974359,2.87735677,0.99323082,1
0.125,214,2.4285078,2.91494155,1.01792192,1
0.125,215,2.4598105,2.95274854,1.04311562,1
0.125,216,2.49134398,2.99077511,1.06882155,1
0.125,217,2.52310228,3.02901101,1.09504223,1
0.125,218,2.55508685,3.06745362,1.12178743,1
0.125,219,2.58729362,3.10609627,1.14906275,1
0.125,220,2.61971951,3.14493036,1.17687404,1
0.125,221,2.65236282,3.18395114,1.20522857,1
0.125,222,2.68522024,3.22315049,1.23413241,1
0.125,223,2.71828938,3.2625246,1.26359296,1
0.125,224,2.75156641,3.30206037,1.29361415,1
0.125,225,2.78504872,3.34175301,1.32420373,1
0.125,226,2.81873202,3.38159323,1.35536647,1
0.125,227,2.8526144,3.42157483,1.38710999,1
0.125,228,2.88669109,3.46168804,1.41943872,1
0.125,229,2.92095852,3.50192475,1.4523592,1
0.125,230,2.95541382,3.54227662,1.48587751,1
0.125,231,2.99005055,3.58273196,1.51999652,1
0.125,232,3.02486753,3.62328482,1.55472517,1
0.125,233,3.05985737,3.66392183,1.590065,1
0.125,234,3.09501719,3.70463514,1.62602305,1
0.125,235,3.13034272,3.74541473,1.6626035,1
0.125,236,3.1658287,3.7862494,1.69981158,1
0.125,237,3.2014699,3.82712889,1.73765111,1
0.125,238,3.23726106,3.86804199,1.77612627,1
0.125,239,3.27319908,3.90897918,1.81524312,1
0.125,240,3.30927467,3.94992566,1.85500145,1
0.125,241,3.34548521,3.99087286,1.89540839,1
0.125,242,3.3818264,4.03181028,1.93646693,1
0.125,243,3.41828871,4.07272148,1.97817957,1
0.125,244,3.45486784,4.11359644,2.0205493,1
0.125,245,3.49155712,4.15442181,2.06357813,1
0.125,246,3.52835083,4.19518518,2.10726929,1
0.125,247,3.56524181,4.23587418,2.15162396,1
0.125,248,3.60222387,4.27647495,2.19664502,1
0.125,249,3.63929081,4.31697512,2.24233437,1
0.125,250,3.67643547,4.35736084,2.28869247,1
0.125,251,3.71365047,4.39761829,2.33572149,1
0.125,252,3.7509284,4.4377327,2.38341999,1
0.125,253,3.78826237,4.4776907,2.43178988,1
0.125,254,3.82564449,4.51747894,2.48083091,1
0.125,255,3.86306763,4.5570817,2.53054285,1
0.125,256,3.90052485,4.59648609,2.58092642,1
0.125,257,3.93800592,4.63567448,2.6319766,1
0.125,258,3.97550416,4.67463493,2.68369579,1
0.125,259,4.01301098,4.71335077,2.73608041,1
0.125,260,4.05051851,4.75180721,2.78912878,1
0.125,261,4.08801842,4.7899909,2.84283972,1
0.125,262,4.12550163,4.8278842,2.89720845,1
0.125,263,4.16295958,4.86547279,2.95223212,1
0.125,264,4.20038223,4.90274048,3.00790596,1
0.125,265,4.23776388,4.93967342,3.0642302,1
0.125,266,4.2750926,4.97625446,3.12119603,1
0.125,267,4.31236029,5.01246977,3.17880058,1
0.125,268,4.34955692,5.04830217,3.23703694,1
0.125,269,4.38667393,5.0837369,3.29590082,1
0.125,270,4.42370129,5.11875772,3.3553853,1
0.125,271,4.46062994,5.1533494,3.41548443,1
0.125,272,4.4974494,5.18749666,3.47619009,1
0.125,273,4.5341568,5.22118902,3.53750324,1
0.125,274,4.57073116,5.25440168,3.59940243,1
0.125,275,4.60716772,5.28712273,3.66188478,1
0.125,276,4.64345551,5.31933832,3.72494078,1
0.125,277,4.67958546,5.35103226,3.78856468,1
0.125,278,4.71554804,5.3821907,3.8527441,1
0.125,279,4.75133276,5.41279745,3.91746974,1
0.125,280,4.78692913,5.44283867,3.9827311,1
0.125,281,4.82232857,5.47229958,4.04851961,1
0.125,282,4.85751677,5.50116444,4.11481714,1
0.125,283,4.89248705,5.52942085,4.18161774,1
0.125,284,4.92722845,5.55705404,4.24890804,1
0.125,285,4.96173048,5.5840497,4.31667566,1
0.125,286,4.99598265,5.61039495,4.38490534,1
0.125,287,5.02997494,5.63607693,4.45358706,1
0.125,288,5.06369686,5.66108084,4.52270317,1
0.125,289,5.09713793,5.68539572,4.59224224,1
0.125,290,5.13028908,5.70900869,4.66218948,1
0.125,291,5.16313887,5.73190689,4.73252821,1
0.125,292,5.19567776,5.75407887,4.80324459,1
0.125,293,5.22789526,5.77551317,4.87432194,1
0.125,294,5.25978184,5.79619837,4.94574594,1
0.125,295,5.29132795,5.81612492,5.01749849,1
0.125,296,5.32252169,5.83528137,5.08956337,1
0.125,297,5.35335445,5.85365725,5.16192245,1
0.125,298,5.38381767,5.87124443,5.23456097,1
0.125,299,5.41389942,5.88803244,5.30745697,1
0.125,300,5.44359255,5.90401363,5.38059759,1
0.125,301,5.47288609,5.91917944,5.4539628,1
0.125,302,5.50177097,5.93352127,5.52753258,1
0.125,303,5.5302372,5.94703197,5.6012888,1
0.125,304,5.55827665,5.95970535,5.67521238,1
0.125,305,5.58588123,5.97153473,5.74928713,1
0.125,306,5.61303997,5.9825139,5.82349062,1
0.125,307,5.63974667,5.99263811,5.89780426,1
0.125,308,5.6659894,6.00190115,5.97220564,1
0.125,309,5.6917634,6.01030016,6.0466795,1
0.125,310,5.71705818,6.01783037,6.12120247,1
0.125,311,5.74186802,6.02448797,6.19575882,1
0.125,312,5.7661829,6.03027105,6.27032471,1
0.125,313,5.78999615,6.03517723,6.3448782,1
0.125,314,5.81330013,6.03920412,6.41940403,1
0.125,315,5.83608866,6.04235077,6.49388027,1
0.125,316,5.85835361,6.04461718,6.56828499,1
0.125,317,5.88008833,6.04600191,6.64260006,1
0.125,318,5.9012866,6.04650593,6.7168026,1
0.125,319,5.92194176,6.04613113,6.79087448,1
0.125,320,5.94204903,6.04487801,6.86479473,1
0.125,321,5.96160078,6.04274845,6.93854284,1
0.125,322,5.98059225,6.03974533,7.01209927,1
0.125,323,5.99901867,6.03587151,7.08544636,1
0.125,324,6.01687431,6.03113222,7.1585598,1
0.125,325,6.03415966,6.02552891,7.23143959,1
0.125,326,6.05085897,6.01906729,7.30403233,1
0.125,327,6.06697464,6.01175404,7.3763361,1
0.125,328,6.08250141,6.00359297,7.44833183,1
0.125,329,6.09743547,5.99459028,7.52000046,1
0.125,330,6.11177397,5.98475456,7.59132099,1
0.125,331,6.1255126,5.97409058,7.66227818,1
0.125,332,6.13865089,5.96261263,7.73284531,1
0.125,333,6.15118313,5.95031929,7.80301762,1
0.125,334,6.16312075,5.93731451,7.87274075,1
0.125,335,6.17443609,5.92342281,7.94206142,1
0.125,336,6.18514061,5.90874529,8.01093292,1
0.125,337,6.19523239,5.8932929,8.07933521,1
0.125,338,6.20470905,5.87707615,8.14725113,1
0.125,339,6.21357107,5.86010599,8.21466446,1
0.125,340,6.22181606,5.84239292,8.2815609,1
0.125,341,6.2294445,5.82394791,8.34792614,1
0.125,342,6.23645687,5.80478477,8.41374207,1
0.125,343,6.24284983,5.78491116,8.47899532,1
0.125,344,6.24861479,5.76429367,8.54366684,1
0.125,345,6.25377703,5.74305153,8.60775566,1
0.125,346,6.25832462,5.72114134,8.67123985,1
0.125,347,6.26225805,5.69857502,8.73411083,1
0.125,348,6.26557875,5.67536783,8.79635334,1
0.125,349,6.26828957,5.65153265,8.85795593,1
0.125,350,6.27039099,5.62708521,8.91890907,1
0.125,351,6.27188492,5.60203552,8.97920322,1
0.125,352,6.27277565,5.57640314,9.03882313,1
0.125,353,6.27306318,5.55019999,9.09776306,1
0.125,354,6.27275324,5.52344131,9.15601063,1
0.125,355,6.27184725,5.49614429,9.21355629,1
0.125,356,6.27034807,5.46831942,9.27039623,1
0.125,357,6.26826143,5.43998766,9.32651711,1
0.125,358,6.26558828,5.41115999,9.38191223,1
0.125,359,6.26233578,5.38185406,9.4365778,1
0.125,360,6.25850582,5.35208607,9.4905014,1
0.125,361,6.25410414,5.32186937,9.5436821,1
0.125,362,6.24913406,5.29122066,9.59611225,1
0.125,363,6.2436018,5.26015663,9.64778614,1
0.125,364,6.23751211,5.22869205,9.69869804,1
0.125,365,6.23087025,5.1968441,9.7488451,1
0.125,366,6.22368145,5.1646266,9.79822254,1
0.125,367,6.21595097,5.13205671,9.84682655,1
0.125,368,6.20768452,5.0991478,9.89465618,1
0.125,369,6.19889021,5.06591988,9.94170666,1
0.125,370,6.18956852,5.03238106,9.98797607,1
0.125,371,6.17973804,4.998559,10.0334711,1
0.125,372,6.16939116,4.96445847,10.0781736,1
0.125,373,6.15853882,4.93009567,10.1220922,1
0.125,374,6.14718914,4.89548922,10.165225,1
0.125,375,6.13534975,4.86065435,10.2075729,1
0.125,376,6.12302446,4.82560062,10.249136,1
0.125,377,6.11022377,4.79034996,10.2899132,1
0.125,378,6.09695148,4.75491142,10.3299084,1
0.125,379,6.08321762,4.71930408,10.3691196,1
0.125,380,6.06902742,4.68353844,10.4075518,1
0.125,381,6.05439043,4.64763165,10.4452057,1
0.125,382,6.03931189,4.61159706,10.4820814,1
0.125,383,6.02380037,4.57544422,10.5181856,1
0.125,384,6.00786495,4.53919315,10.5535183,1
0.125,385,5.9915123,4.50285482,10.5880852,1
0.125,386,5.97474766,4.46643829,10.6218882,1
0.125,387,5.95758247,4.42996168,10.654933,1
0.125,388,5.94002199,4.39343309,10.6872215,1
0.125,389,5.92207623,4.35687017,10.7187614,1
0.125,390,5.90375519,4.3202939,10.7495556,1
0.125,391,5.88505983,4.28369331,10.7796097,1
0.125,392,5.86600256,4.24709034,10.8089275,1
0.125,393,5.8465929,4.21049976,10.8375168,1
0.125,394,5.8268342,4.17392826,10.8653803,1
0.125,395,5.80673933,4.13739109,10.8925276,1
0.125,396,5.78631306,4.10089779,10.9189615,1
0.125,397,5.76556492,4.06445503,10.9446907,1
0.125,398,5.74450207,4.02806664,10.9697332,1
0.125,399,5.72313309,3.99176121,10.994072,1
0.125,400,5.70146608,3.95553899,11.0177231,1
0.125,401,5.67950821,3.91940928,11.0406961,1
0.125,402,5.65726805,3.88337994,11.0629978,1
0.125,403,5.63475466,3.84746265,11.0846348,1
0.125,404,5.61197376,3.81166387,11.1056147,1
0.125,405,5.5889349,3.77599168,11.125946,1
0.125,406,5.56564474,3.74045444,11.1456356,1
0.125,407,5.5421114,3.70505929,11.1646919,1
0.125,408,5.51834345,3.66981602,11.1831207,1
0.125,409,5.49434757,3.6347301,11.2009325,1
0.125,410,5.47013235,3.59980941,11.218133,1
0.125,411,5.4457016,3.56505537,11.2347307,1
0.125,412,5.42106915,3.53048468,11.2507353,1
0.125,413,5.39623928,3.49609733,11.2661533,1
0.125,414,5.3712182,3.46189904,11.2809935,1
0.125,415,5.34601164,3.42789364,11.2952642,1
0.125,416,5.32063103,3.3940897,11.3089733,1
0.125,417,5.295084,3.36049557,11.3221312,1
0.125,418,5.26937485,3.32711148,11.3347425,1
0.125,419,5.24351072,3.29394436,11.346817,1
0.125,420,5.21749878,3.26099634,11.3583641,1
0.125,421,5.19134712,3.22827458,11.3693924,1
0.125,422,5.16506195,3.19578195,11.3799086,1
0.125,423,5.13864803,3.16352153,11.3899212,1
0.125,424,5.11211395,3.13149881,11.3994389,1
0.125,425,5.08546543,3.09971356,11.4084702,1
0.125,426,5.05870867,3.06817317,11.4170237,1
0.125,427,5.03185177,3.03687978,11.425106,1
0.125,428,5.0048995,3.00583482,11.4327278,1
0.125,429,4.97785854,2.9750421,11.4398956,1
0.125,430,4.95073128,2.9445014,11.4466171,1
0.125,431,4.92352962,2.91421843,11.4529018,1
0.125,432,4.89625597,2.88419271,11.4587574,1
0.125,433,4.86891651,2.85442829,11.4641914,1
0.125,434,4.84151649,2.82492614,11.4692097,1
0.125,435,4.81406116,2.79568577,11.4738235,1
0.125,436,4.78656006,2.76671338,11.4780407,1
0.125,437,4.75901318,2.73800588,11.4818659,1
0.125,438,4.73142672,2.70956492,11.4853086,1
0.125,439,4.70380926,2.68139219,11.4883776,1
0.125,440,4.67616224,2.65348768,11.4910784,1
0.125,441,4.64849091,2.62585235,11.4934187,1
0.125,442,4.62079668,2.59848022,11.4954052,1
0.125,443,4.59309292,2.57138419,11.4970474,1
0.125,444,4.56538153,2.54456043,11.4983521,1
0.125,445,4.53766441,2.51800561,11.4993258,1
0.125,446,4.50994778,2.49172235,11.4999733,1
0.125,447,4.48223495,2.46570849,11.5003052,1
0.125,448,4.45453072,2.43996429,11.5003281,1
0.125,449,4.42683887,2.41448927,11.5000448,1
0.125,450,4.39916229,2.38928246,11.4994659,1
0.125,451,4.3715086,2.36434579,11.4985962,1
0.125,452,4.34387732,2.33967447,11.4974442,1
0.125,453,4.31627464,2.31526923,11.4960155,1
0.125,454,4.28870392,2.2911315,11.4943142,1
0.125,455,4.26116848,2.26725817,11.4923487,1
0.125,456,4.23368168,2.24366426,11.490118,1
0.125,457,4.20622921,2.22031879,11.4876413,1
0.125,458,4.17882156,2.19723344,11.4849186,1
0.125,459,4.15146399,2.17440987,11.4819565,1
0.125,460,4.12415791,2.15184164,11.4787598,1
0.125,461,4.09690571,2.12953258,11.4753342,1
0.125,462,4.06971264,2.10747933,11.4716854,1
0.125,463,4.0425806,2.08567929,11.4678192,1
0.125,464,4.01551247,2.0641315,11.4637413,1
0.125,465,3.98850918,2.04283142,11.4594574,1
0.125,466,3.96157622,2.0217824,11.4549704,1
0.125,467,3.93471408,2.00098014,11.4502878,1
0.125,468,3.90792656,1.98042178,11.4454136,1
0.125,469,3.88121462,1.96010685,11.4403543,1
0.125,470,3.85458088,1.94003105,11.435113,1
0.125,471,3.82802796,1.92019582,11.4296942,1
0.125,472,3.80155802,1.90059543,11.4241066,1
0.125,473,3.77517295,1.88123083,11.4183502,1
0.125,474,3.74887609,1.86209869,11.4124317,1
0.125,475,3.72266746,1.84319711,11.4063568,1
0.125,476,3.69654965,1.82452273,11.4001274,1
0.125,477,3.67052269,1.80607295,11.3937492,1
0.125,478,3.6445899,1.78784609,11.3872252,1
0.125,479,3.61875463,1.76984239,11.3805628,1
0.125,480,3.59301448,1.75205564,11.3737602,1
0.125,481,3.56737614,1.7344873,11.3668289,1
0.125,482,3.54183316,1.71712947,11.359766,1
0.125,483,3.51639438,1.69998574,11.3525791,1
0.125,484,3.49105978,1.68305087,11.345274,1
0.125,485,3.46582651,1.66632152,11.3378468,1
0.125,486,3.44069982,1.64979696,11.3303108,1
0.125,487,3.41567993,1.63347483,11.3226624,1
0.125,488,3.39076781,1.61735272,11.314909,1
0.125,489,3.36596322,1.60142541,11.3070517,1
0.125,490,3.34126687,1.5856936,11.2990932,1
0.125,491,3.31668139,1.5701524,11.2910404,1
0.125,492,3.29220605,1.5548017,11.2828922,1
0.125,493,3.26784372,1.53963768,11.2746572,1
0.125,494,3.24359369,1.52465773,11.2663326,1
0.125,495,3.21945763,1.50986075,11.2579241,1
0.125,496,3.19543457,1.49524236,11.2494354,1
0.125,497,3.17152524,1.48080051,11.2408686,1
0.125,498,3.14774919,1.46656942,11.2321825,1
0.125,499,3.12407827,1.45247376,11.2234917,1
0.125,500,3.10051775,1.43855047,11.2147045,1
0.125,501,3.0770731,1.4247936,11.2058487,1
0.125,502,3.05374789,1.41120267,11.1969328,1
0.125,503,3.03053713,1.39777434,11.1879501,1
0.125,504,3.00744557,1.38450587,11.1789122,1
0.125,505,2.98446941,1.37139368,11.1698122,1
0.125,506,2.96161246,1.35843563,11.1606627,1
0.125,507,2.93887377,1.34563279,11.1514568,1
0.125,508,2.91625309,1.33297777,11.1422033,1
0.125,509,2.89375043,1.320472,11.1329002,1
0.125,510,2.87136698,1.30811083,11.1235523,1
0.125,511,2.84910154,1.2958926,11.1141605,1
0.125,512,2.82695293,1.28381503,11.1047249,1
0.125,513,2.80492234,1.27187407,11.095253,1
0.125,514,2.78301239,1.26007104,11.0857439,1
0.125,515,2.76121974,1.24840176,11.0761976,1
0.125,516,2.73954558,1.23686397,11.066618,1
0.125,517,2.7179873,1.22545338,11.0570059,1
0.125,518,2.6965487,1.21417058,11.0473652,1
0.125,519,2.6752274,1.20301247,11.0376949,1
0.125,520,2.65401864,1.19198012,11.0279846,1
0.125,521,2.63293171,1.18106365,11.0182648,1
0.125,522,2.61196065,1.17026615,11.0085182,1
0.125,523,2.59110618,1.15958261,10.9987526,1
0.125,524,2.57036829,1.14901495,10.988966,1
0.125,525,2.54974484,1.13855624,10.9791603,1
0.125,526,2.5292356,1.12820649,10.9693394,1
0.125,527,2.50884199,1.11796284,10.9595013,1
0.125,528,2.48856544,1.10782707,10.9496517,1
0.125,529,2.46840096,1.09779263,10.9397869,1
0.125,530,2.44835091,1.08786058,10.9299126,1
0.125,531,2.42841268,1.0780251,10.9200249,1
0.125,532,2.40858507,1.06828499,10.9101286,1
0.125,533,2.38887167,1.05864167,10.9002275,1
0.125,534,2.36927056,1.04909062,10.8903198,1
0.125,535,2.34977889,1.03962934,10.8804064,1
0.125,536,2.33039927,1.03025794,10.8704891,1
0.125,537,2.31112766,1.02097273,10.860569,1
0.125,538,2.29196644,1.01177239,10.850646,1
0.125,539,2.27291179,1.00265431,10.8407249,1
0.125,540,2.25396776,0.993618071,10.8308039,1
0.125,541,2.23512983,0.984660506,10.8208847,1
0.125,542,2.21639705,0.975779474,10.8109655,1
0.125,543,2.19777226,0.966975808,10.8010511,1
0.125,544,2.17925215,0.958245099,10.7911415,1
0.125,545,2.16083622,0.949584961,10.7812366,1
0.125,546,2.14252472,0.940995514,10.7713394,1
0.125,547,2.12431574,0.932474673,10.7614498,1
0.125,548,2.10621667,0.924044013,10.7515221,1
0.125,549,2.08821416,0.915655434,10.7416496,1
0.125,550,2.0703125,0.907331049,10.7317867,1
0.125,551,2.0525105,0.899066746,10.7219353,1
0.125,552,2.03480792,0.890861988,10.7120953,1
0.125,553,2.017205,0.882716119,10.7022676,1
0.125,554,1.9996984,0.874625862,10.6924515,1
0.125,555,1.98228955,0.866590381,10.6826506,1
0.125,556,1.96497536,0.858606279,10.672864,1
0.125,557,1.9477582,0.850676358,10.6630907,1
0.125,558,1.93063593,0.842795491,10.6533365,1
0.125,559,1.91360664,0.834963083,10.6435966,1
0.125,560,1.89667177,0.827178001,10.6338749,1
0.125,561,1.87982726,0.819436848,10.6241703,1
0.125,562,1.86307359,0.811739266,10.6144838,1
0.125,563,1.84641218,0.804085076,10.6048183,1
0.125,564,1.82983875,0.796470881,10.5951672,1
0.125,565,1.81335449,0.788895845,10.5855417,1
0.125,566,1.79695964,0.781359971,10.5759363,1
0.125,567,1.7806499,0.773860216,10.5663462,1
0.125,568,1.76442051,0.766389608,10.5567799,1
0.125,569,1.74828172,0.75895685,10.5472355,1
0.125,570,1.73224044,0.751584709,10.5376568,1
0.125,571,1.71630263,0.744259477,10.5281363,1
0.125,572,1.70042419,0.736930728,10.5186615,1
0.125,573,1.68462753,0.729631066,10.5092077,1
0.125,574,1.66891265,0.722359061,10.4997787,1
0.125,575,1.65327764,0.715112329,10.4903755,1
0.125,576,1.63772225,0.707890034,10.480998,1
0.125,577,1.6222465,0.700692534,10.4716454,1
0.125,578,1.60684919,0.693517506,10.4623184,1
0.125,579,1.59152722,0.686361849,10.4530191,1
0.125,580,1.57628155,0.679225683,10.4437485,1
0.125,581,1.5611136,0.672110438,10.4345045,1
0.125,582,1.54601979,0.66501236,10.4252872,1
0.125,583,1.53099751,0.657928467,10.4160976,1
0.125,584,1.51604986,0.650861681,10.4069376,1
0.125,585,1.50117397,0.643808484,10.3978071,1
0.125,586,1.48636842,0.636767685,10.3887043,1
0.125,587,1.47163224,0.629736841,10.379632,1
0.125,588,1.4569664,0.622717798,10.3705902,1
0.125,589,1.44236755,0.615706682,10.361578,1
0.125,590,1.42783713,0.608704209,10.3525982,1
0.125,591,1.41337299,0.60170871,10.343648,1
0.125,592,1.3989749,0.594719648,10.3347282,1
0.125,593,1.38463974,0.58773315,10.3258419,1
0.125,594,1.37037063,0.580753326,10.3169861,1
0.125,595,1.3561635,0.573774576,10.3081608,1
0.125,596,1.34201646,0.56679517,10.2993717,1
0.125,597,1.32793117,0.559817433,10.2906113,1
0.125,598,1.31390905,0.55284369,10.281888,1
0.125,599,1.2999444,0.545865119,10.2731943,1
0.125,600,1.2860378,0.538881898,10.2645369,1
0.125,601,1.27219462,0.531917751,10.2558527,1
0.125,602,7.72495174,3.69101954,18.3669758,0
0.125,603,7.70086718,3.64631891,18.386219,0
0.125,604,7.67660713,3.60175419,18.4050369,0
0.125,605,7.65217781,3.55733442,18.4234428,0
0.125,606,7.62757778,3.51305151,18.4414387,0
0.125,607,7.60281563,3.46892071,18.4590263,0
0.125,608,7.57788706,3.42493677,18.4762077,0
0.125,609,7.55280256,3.38110876,18.4929924,0
0.125,610,7.52755833,3.33743334,18.5093822,0
0.125,611,7.50216198,3.29391813,18.5253792,0
0.125,612,7.47661638,3.25056744,18.5409908,0
0.125,613,1.11022401,0.447499931,10.1549835,1
0.125,614,1.09705007,0.440385014,10.1468077,1
0.125,615,1.08392072,0.433252692,10.138669,1
0.125,616,1.07083678,0.42610234,10.1305685,1
0.125,617,1.05779898,0.418936372,10.1225042,1
0.125,618,1.04480135,0.411747515,10.1144762,1
0.125,619,1.03184903,0.404541552,10.1064873,1
0.125,620,1.0189358,0.397312641,10.0985346,1
0.125,621,1.00606596,0.390063733,10.090621,1
0.125,622,0.9932307,0.382787526,10.0827436,1
0.125,623,0.980439544,0.375492692,10.0749044,1
0.125,624,0.967682362,0.368168712,10.0671053,1
0.125,625,0.954964995,0.360822856,10.0593414,1
0.125,626,0.942284226,0.353449583,10.0516205,1
0.125,627,0.929639101,0.346050382,10.0439348,1
0.125,628,0.917027831,0.338622034,10.0362911,1
0.125,629,0.904452324,0.331166595,10.0286856,1
0.125,630,0.891835928,0.323603392,10.0211,1
0.125,631,0.879320264,0.316083074,10.0135708,1
0.125,632,0.866834164,0.308529556,10.0060806,1
0.125,633,0.854381561,0.300945997,9.99863243,1
0.125,634,0.841957688,0.293329358,9.99122047,1
0.125,635,0.82956183,0.28567794,9.98385143,1
0.125,636,0.817195773,0.27799356,9.9765234,1
0.125,637,0.804855466,0.27027303,9.96923447,1
0.125,638,0.792540789,0.262515098,9.96198654,1
0.125,639,0.780254483,0.254722595,9.95478058,1
0.125,640,0.767992496,0.246893227,9.94761467,1
0.125,641,0.755754113,0.239023894,9.94049072,1
0.125,642,0.743539572,0.231116235,9.93340683,1
0.125,643,0.731347561,0.223169416,9.92636395,1
0.125,644,0.719177842,0.21518226,9.91936398,1
0.125,645,0.707027674,0.207151607,9.91240788,1
0.125,646,10.9535379,10.1214819,18.6678314,0
0.125,647,10.9620981,10.0895414,18.7419376,0
0.125,648,10.9704018,10.057188,18.8157539,0
0.125,649,10.9784431,10.0244217,18.8892784,0
0.125,650,10.9862251,9.99124432,18.9625053,0
0.125,651,10.9937458,9.95766068,19.0354309,0
0.125,652,11.001008,9.92367554,19.1080513,0
0.125,653,11.008008,9.88928986,19.1803665,0
0.125,654,11.0147476,9.85451031,19.2523651,0
0.125,655,11.021225,9.8193388,19.3240471,0
0.125,656,11.027441,9.78377724,19.3954105,0
0.125,657,11.0333939,9.74783134,19.4664497,0
0.125,658,11.0390873,9.71150398,19.5371666,0
0.125,659,11.0445156,9.67480087,19.6075478,0
0.125,660,11.0496845,9.63772202,19.677597,0
0.125,661,11.0545902,9.60027504,19.7473106,0
0.125,662,11.0592308,9.56245708,19.816679,0
0.125,663,11.063612,9.52428627,19.8856983,0
0.125,664,11.0677299,9.4857502,19.95438,0
0.125,665,11.0715847,9.44686604,20.0227032,0
0.125,666,11.0751772,9.40762329,20.0906792,0
0.125,667,11.0785084,9.3680439,20.1582947,0
0.125,668,11.0815754,9.32811546,20.2255516,0
0.125,669,11.0843811,9.28785038,20.2924423,0
0.125,670,4.37106991,7.22909641,1.97538376,0
0.125,671,4.38536787,7.25510693,1.98748589,0
0.125,672,4.39969873,7.28117895,1.99965203,0
0.125,673,4.41406059,7.30730915,2.01188016,0
0.125,674,4.42845535,7.33349991,2.02417326,0
0.125,675,4.44288254,7.3597517,2.03653026,0
0.125,676,4.45734024,7.38606167,2.04895067,0
0.125,677,4.47182941,7.41243029,2.06143498,0
0.125,678,4.48635006,7.43885803,2.07398343,0
0.125,679,4.50090313,7.46534777,2.08659768,0
0.125,680,4.51548767,7.4918952,2.0992763,0
0.125,681,4.53010368,7.51850033,2.11202002,0
0.125,682,4.54475355,7.54516888,2.12483048,0
0.125,683,4.55943394,7.57189465,2.1377058,0
0.125,684,4.57414627,7.5986805,2.15064812,0
0.125,685,4.58889008,7.625525,2.16365552,0
0.125,686,4.60366631,7.65242958,2.17673087,0
0.125,687,4.61847496,7.67939329,2.18987226,0
0.125,688,4.63331461,7.70641565,2.20308113,0
0.125,689,4.64818764,7.73349953,2.21635795,0
0.125,690,4.66309166,7.76064014,2.22970176,0
0.125,691,4.67802954,7.78784418,2.24311495,0
0.125,692,4.69299698,7.81510258,2.25659466,0
0.125,693,4.70799828,7.84242249,2.27014399,0
0.125,694,4.72303104,7.86980104,2.28376198,0
0.125,695,4.73809624,7.89723921,2.29744935,0
0.125,696,4.75319386,7.92473698,2.31120634,0
0.125,697,4.76832294,7.95229435,2.32503247,0
0.125,698,4.78348494,7.97991037,2.3389287,0
0.125,699,4.79867887,8.00758457,2.35289526,0
0.125,700,4.81390476,8.03531742,2.36693192,0
0.125,701,4.82916403,8.06311131,2.38104057,0
0.125,702,4.84445477,8.09096336,2.39521861,0
0.125,703,4.85977793,8.11887455,2.40946937,0
0.125,704,4.87513256,8.14684296,2.42379093,0
0.125,705,4.89052105,8.1748724,2.43818498,0
0.125,706,4.90594101,8.20295906,2.45265055,0
0.125,707,4.9213953,8.23110771,2.46719098,0
0.125,708,4.93688011,8.25931168,2.48180246,0
0.125,709,4.95239735,8.28757572,2.49648666,0
0.125,710,4.96794748,8.31589794,2.51124454,0
0.125,711,4.98353052,8.34428024,2.52607679,0
0.125,712,4.99914455,8.37271881,2.54098153,0
0.125,713,5.0147934,8.40121841,2.55596161,0
0.125,714,5.03047276,8.42977428,2.57101583,0
0.125,715,5.04618502,8.45838833,2.58614469,0
0.125,716,5.06193066,8.48706436,2.60134935,0
0.125,717,5.07770824,8.51579475,2.61662889,0
0.125,718,5.09351826,8.54458427,2.63198376,0
0.125,719,5.10936165,8.57343483,2.64741635,0
0.125,720,5.12523746,8.6023407,2.6629231,0
0.125,721,5.14114571,8.63130569,2.67850733,0
0.125,722,5.15708733,8.66032982,2.69416928,0
0.125,723,5.17306042,8.68941021,2.70990705,0
0.125,724,5.18906498,8.71854591,2.72572112,0
0.125,725,5.20510435,8.74774456,2.74161482,0
0.125,726,5.22117805,8.77700233,2.757586,0
0.125,727,5.2372818,8.80631447,2.77363539,0
0.125,728,5.25341797,8.83568192,2.7897625,0
0.125,729,5.26958799,8.86511135,2.80597043,0
0.125,730,5.28578997,8.89459515,2.82225633,0
0.125,731,5.30202675,8.92413998,2.83862329,0
0.125,732,5.31829453,8.95373917,2.8550694,0
0.125,733,5.33459616,8.98339844,2.87159562,0
0.125,734,5.35092783,9.01311111,2.88820028,0
0.125,735,5.36729622,9.04288578,2.90488982,0
0.125,736,5.38369656,9.07271671,2.92165828,0
0.125,737,5.40012741,9.1026001,2.93850684,0
0.125,738,5.4165926,9.13254356,2.95543814,0
0.125,739,5.43309116,9.16254425,2.97245169,0
0.125,740,5.44962168,9.1926012,2.98954654,0
0.125,741,5.46618462,9.22271538,3.0067246,0
0.125,742,5.48278046,9.25288391,3.02398419,0
0.125,743,5.49941063,9.28311253,3.04132915,0
0.125,744,5.51607275,9.3133955,3.05875635,0
0.125,745,5.53276825,9.34373569,3.07626796,0
0.125,746,5.54949617,9.3741312,3.09386253,0
0.125,747,5.56625748,9.40458488,3.11154294,0
0.125,748,5.5830512,9.43509197,3.12930608,0
0.125,749,5.59987831,9.46565628,3.14715552,0
0.125,750,5.61673832,9.49627876,3.16509032,0
0.125,751,5.63363075,9.52695465,3.18311119,0
0.125,752,5.65055609,9.55768585,3.20121694,0
0.125,753,5.6675148,9.58847237,3.21940947,0
0.125,754,5.68450642,9.6193161,3.2376883,0
0.125,755,5.70153141,9.6502161,3.25605488,0
0.125,756,5.71858978,9.68116951,3.27450752,0
0.125,757,5.73568153,9.71218109,3.29304957,0
0.125,758,5.7528038,9.74324512,3.31167746,0
0.125,759,5.76995993,9.77436256,3.33039355,0
0.125,760,5.78714943,9.80553818,3.34919834,0
0.125,761,5.80437374,9.8367691,3.36809301,0
0.125,762,5.82162762,9.86805153,3.38707495,0
0.125,763,5.83891678,9.89939022,3.40614748,0
0.125,764,5.85623837,9.93078327,3.42530942,0
0.125,765,5.87359238,9.96222878,3.44455981,0
0.125,766,5.89097977,9.9937315,3.46390343,0
0.125,767,5.90840054,10.0252857,3.48333597,0
0.125,768,5.92585468,10.0568972,3.50285983,0
0.125,769,5.94334173,10.088562,3.5224762,0
0.125,770,5.96085978,10.1202765,3.54218149,0
0.125,771,5.97841358,10.1520491,3.56198096,0
0.125,772,5.99599743,10.1838722,3.58187056,0
0.125,773,6.01361656,10.2157497,3.6018548,0
0.125,774,6.03126907,10.2476807,3.62193108,0
0.125,775,6.04895258,10.279664,3.64209962,0
0.125,776,6.06667042,10.3117008,3.66236353,0
0.125,777,6.08442068,10.3437901,3.68272066,0
0.125,778,6.1022048,10.3759327,3.70317149,0
0.125,779,6.12001991,10.4081268,3.72371578,0
0.125,780,6.13787031,10.4403763,3.74435711,0
0.125,781,6.15575314,10.4726763,3.7650938,0
0.125,782,6.17366743,10.5050259,3.78592277,0
0.125,783,6.19161606,10.5374298,3.80684948,0
0.125,784,6.20959759,10.5698853,3.82787323,0
0.125,785,6.22761393,10.602396,3.84899426,0
0.125,786,6.24565792,10.6349487,3.87020636,0
0.125,787,6.26373863,10.6675606,3.8915205,0
0.125,788,6.28185177,10.700222,3.91293049,0
0.125,789,6.29999828,10.732935,3.93443966,0
0.125,790,6.31817627,10.7656975,3.95604467,0
0.125,791,6.33638954,10.7985125,3.9777503,0
0.125,792,6.35463333,10.8313761,3.99955273,0
0.125,793,6.3729105,10.8642902,4.02145481,0
0.125,794,6.39122105,10.8972549,4.0434556,0
0.125,795,6.40956402,10.9302702,4.065557,0
0.125,796,6.42793941,10.9633331,4.08775663,0
0.125,797,6.44634914,10.9964504,4.11005974,0
0.125,798,6.46479034,11.0296135,4.13246107,0
0.125,799,6.48326683,11.06283,4.15496588,0
0.125,800,6.50177288,11.0960903,4.17756891,0
0.125,801,6.52031517,11.129406,4.20027781,0
0.125,802,6.53888655,11.1627645,4.22308397,0
0.125,803,6.55749273,11.1961727,4.24599409,0
0.125,804,6.57612991,11.2296295,4.26900578,0
0.125,805,6.59480238,11.2631388,4.29212332,0
0.125,806,6.61350584,11.2966919,4.315341,0
0.125,807,6.63224316,11.3302956,4.33866501,0
0.125,808,6.65101099,11.3639431,4.36209011,0
0.125,809,6.66981506,11.397644,4.38562298,0
0.125,810,6.68864965,11.4313869,4.40925789,0
0.125,811,6.70751667,11.4651804,4.43299675,0
0.125,812,6.72641659,11.4990177,4.4568429,0
0.125,813,6.74535036,11.5329056,4.48079538,0
0.125,814,2.58333707,4.64458418,0.636830688,0
0.125,815,2.58880496,4.65628576,0.63930881,0
0.125,816,2.5942812,4.6680088,0.641795397,0
0.125,817,2.59976435,4.67975187,0.64428997,0
0.125,818,2.6052556,4.69151402,0.646792471,0
0.125,819,2.61075401,4.70329666,0.649303079,0
0.125,820,2.61626101,4.71510077,0.651822031,0
0.125,821,2.62177515,4.72692394,0.654349148,0
0.125,822,2.62729669,4.73876667,0.656884313,0
0.125,823,2.63282585,4.75062943,0.659427583,0
0.125,824,2.63836312,4.76251316,0.661979258,0
0.125,825,2.64390731,4.77441549,0.664539039,0
0.125,826,2.64946008,4.78633976,0.667107224,0
0.125,827,2.65502024,4.79828358,0.669683695,0
0.125,828,2.66058779,4.81024742,0.67226851,0
0.125,829,2.66616273,4.82223129,0.674861312,0
0.125,830,2.67174625,4.83423662,0.677463055,0
0.125,831,2.67733669,4.84626055,0.680072486,0
0.125,832,2.68293619,4.85830688,0.682691276,0
0.125,833,2.68854165,4.87037086,0.685317516,0
0.125,834,2.69415617,4.88245726,0.687952816,0
0.125,835,2.69977808,4.8945632,0.690596342,0
0.125,836,2.70540714,4.90668964,0.693248391,0
0.125,837,2.71104383,4.91883564,0.695908844,0
0.125,838,2.71668959,4.93100357,0.698578238,0
0.125,839,2.72234201,4.94319105,0.701255858,0
0.125,840,2.72800255,4.95539904,0.70394206,0
0.125,841,2.73367071,4.96762753,0.706636965,0
0.125,842,2.73934698,4.97987747,0.709340572,0
0.125,843,2.74503088,4.99214649,0.712052703,0
0.125,844,2.75072265,5.00443649,0.714773595,0
0.125,845,2.75642157,5.01674652,0.717502892,0
0.125,846,2.76212931,5.02907848,0.720241487,0
0.125,847,2.76784468,5.04143047,0.722988367,0
0.125,848,2.77356744,5.05380249,0.725744247,0
0.125,849,2.77929783,5.06619453,0.728508711,0
0.125,850,2.78503728,5.07860994,0.731282413,0
0.125,851,2.79078341,5.09104395,0.734064519,0
0.125,852,2.79653788,5.10349941,0.736855805,0
0.125,853,2.80229974,5.11597443,0.739655554,0
0.125,854,2.80807066,5.12847328,0.742465019,0
0.125,855,2.81384802,5.14098883,0.745282471,0
0.125,856,2.81963468,5.15352869,0.748109698,0
0.125,857,2.82542753,5.16608572,0.750945091,0
0.125,858,2.83122897,5.17866611,0.753790021,0
0.125,859,2.83703852,5.19126606,0.756643713,0
0.125,860,2.84285641,5.20388842,0.759507,0
0.125,861,2.84868145,5.21652985,0.762378693,0
0.125,862,2.8545146,5.22919369,0.765259981,0
0.125,863,2.86035562,5.24187708,0.768149912,0
0.125,864,2.86620569,5.25458336,0.771049798,0
0.125,865,2.87206316,5.26730967,0.773958445,0
0.125,866,2.87792778,5.28005695,0.776876211,0
0.125,867,2.88380051,5.29282427,0.779802799,0
0.125,868,2.88968229,5.30561495,0.78273952,0
0.125,869,2.89557052,5.31842422,0.785684824,0
0.125,870,2.90146828,5.33125687,0.788640022,0
0.125,871,2.90737295,5.34410858,0.791603982,0
0.125,872,2.91328645,5.35698318,0.794577837,0
0.125,873,2.91920614,5.36987591,0.797560036,0
0.125,874,2.92513633,5.3827939,0.800552845,0
0.125,875,2.93107295,5.39573002,0.803554416,0
0.125,876,2.93701839,5.4086895,0.806566,0
0.125,877,2.94297218,5.42166948,0.809586763,0
0.125,878,2.94893265,5.43466902,0.812616646,0
0.125,879,2.95490217,5.44769192,0.815656483,0
0.125,880,2.96087933,5.46073437,0.818705559,0
0.125,881,2.96686482,5.47379923,0.82176441,0
0.125,882,2.97285795,5.48688507,0.824832678,0
0.125,883,2.97886014,5.4999938,0.827911079,0
0.125,884,2.98486948,5.51312208,0.830998659,0
0.125,885,2.99088669,5.52627087,0.834095836,0
0.125,886,2.99691248,5.53944302,0.837202847,0
0.125,887,3.00294662,5.55263662,0.840319812,0
0.125,888,3.00898838,5.56585026,0.843446255,0
0.125,889,3.01503897,5.57908726,0.846582949,0
0.125,890,3.02109718,5.59234428,0.849729061,0
0.125,891,3.02716398,5.60562372,0.852884948,0
0.125,892,3.03323746,5.61892223,0.856050491,0
0.125,893,3.03932095,5.63224602,0.859226465,0
0.125,894,3.04541183,5.64558935,0.862412095,0
0.125,895,3.05151129,5.6589551,0.865607917,0
0.125,896,3.05761766,5.67234039,0.868812859,0
0.125,897,3.06373358,5.68575001,0.872028708,0
0.125,898,3.06985664,5.69917965,0.875254214,0
0.125,899,3.07598877,5.71263123,0.878489852,0
0.125,900,3.08212852,5.72610378,0.881735265,0
0.125,901,3.08827686,5.7395997,0.884991109,0
0.125,902,3.09443331,5.75311756,0.888256907,0
0.125,903,3.10059786,5.76665592,0.891532779,0
0.125,904,3.10677075,5.78021622,0.894818962,0
0.125,905,3.11295271,5.79380035,0.898115695,0
0.125,906,3.11914158,5.80740309,0.901421964,0
0.125,907,3.12533903,5.82102871,0.904738724,0
0.125,908,3.13154459,5.83467627,0.908065677,0
0.125,909,3.13775921,5.84834671,0.911403298,0
0.125,910,3.14398098,5.86203814,0.914750814,0
0.125,911,3.15021181,5.87575102,0.918108881,0
0.125,912,3.15645099,5.88948679,0.921477497,0
0.125,913,3.16269851,5.9032445,0.924856484,0
0.125,914,3.16895366,5.91702366,0.928245544,0
0.125,915,3.17521739,5.93082523,0.931645393,0
0.125,916,3.18148994,5.94464874,0.935055554,0
0.125,917,3.18776989,5.95849323,0.938476264,0
0.125,918,3.1940589,5.97236109,0.941907406,0
0.125,919,3.20035648,5.98625183,0.945349753,0
0.125,920,3.20666218,6.00016403,0.948802233,0
0.125,921,3.21297598,6.01409721,0.952265382,0
0.125,922,3.21929812,6.02805328,0.955739021,0
0.125,923,3.22562838,6.04203176,0.95922339,0
0.125,924,3.23196793,6.05603266,0.962718844,0
0.125,925,3.23831463,6.07005405,0.966223359,0
0.125,926,3.24467039,6.08409834,0.969739914,0
0.125,927,3.25103426,6.09816456,0.973267257,0
0.125,928,3.25740767,6.11225557,0.976805747,0
0.125,929,3.26378775,6.12636566,0.980354607,0
0.125,930,3.27017736,6.14050102,0.983914852,0
0.125,931,3.27657533,6.15465736,0.987485826,0
0.125,932,3.28298187,6.16883612,0.991067588,0
0.125,933,3.28939652,6.18303776,0.994660497,0
0.125,934,3.29581976,6.19726086,0.998264134,0
0.125,935,3.30225134,6.21150637,1.00187886,0
0.125,936,3.3086915,6.22577572,1.00550497,0
0.125,937,3.31513882,6.24006367,1.00914145,0
0.125,938,3.32159638,6.25437832,1.01278961,0
0.125,939,3.3280623,6.26871443,1.01644909,0
0.125,940,3.33453608,6.28307199,1.02011907,0
0.125,941,3.34101868,6.29745388,1.02380073,0
0.125,942,3.34751034,6.3118577,1.02749372,0
0.125,943,3.35400963,6.32628441,1.03119755,0
0.125,944,3.3605175,6.3407321,1.03491294,0
0.125,945,3.36703372,6.35520267,1.03863919,0
0.125,946,3.37355995,6.36969757,1.04237747,0
0.125,947,3.38009262,6.38421345,1.04612637,0
0.125,948,3.38663507,6.39875317,1.0498873,0
0.125,949,3.3931849,6.41331339,1.05365896,0
0.125,950,3.39974427,6.42789841,1.05744255,0
0.125,951,3.40631223,6.44250584,1.06123734,0
0.125,952,3.41288877,6.45713615,1.06504416,0
0.125,953,3.41947436,6.47178936,1.0688622,0
0.125,954,3.42606759,6.4864645,1.07269156,0
0.125,955,3.43266964,6.50116253,1.07653272,0
0.125,956,3.43928146,6.51588535,1.08038604,0
0.125,957,3.44589996,6.53062916,1.08425033,0
0.125,958,3.45252848,6.54539633,1.08812654,0
0.125,959,3.45916414,6.56018496,1.09201384,0
0.125,960,3.46581101,6.57499981,1.09591413,0
0.125,961,3.47246408,6.58983517,1.09982502,0
0.125,962,3.47912645,6.60469341,1.1037482,0
0.125,963,3.48579741,6.61957455,1.10768306,0
0.125,964,3.49247861,6.63448143,1.11163056,0
0.125,965,3.49916697,6.64940834,1.11558914,0
0.125,966,3.50586414,6.66435909,1.11955965,0
0.125,967,3.51257014,6.67933226,1.12354231,0
0.125,968,3.51928568,6.69433117,1.12753749,0
0.125,969,3.52600908,6.70935154,1.13154399,0
0.125,970,3.53274083,6.72439384,1.13556254,0
0.125,971,3.5394814,6.73945999,1.13959312,0
0.125,972,3.54623175,6.75455093,1.14363658,0
0.125,973,3.55298853,6.76966143,1.14769053,0
0.125,974,3.55975628,6.78479862,1.15175819,0
0.125,975,3.56653261,6.79995918,1.15583801,0
0.125,976,3.57331657,6.81514072,1.15992939,0
0.125,977,3.58011055,6.83034706,1.16403317,0
0.125,978,3.58691263,6.84557486,1.16814923,0
0.125,979,3.59372354,6.8608284,1.17227829,0
0.125,980,3.60054255,6.8761034,1.17641866,0
0.125,981,3.60737038,6.89140129,1.18057132,0
0.125,982,3.61420918,6.90672493,1.18473756,0
0.125,983,3.62105513,6.9220705,1.18891573,0
0.125,984,3.62791014,6.93744087,1.19310629,0
0.125,985,3.63477302,6.95283222,1.19730914,0
0.125,986,3.64164448,6.96824646,1.20152414,0
0.125,987,3.64852667,6.98368645,1.20575273,0
0.125,988,3.65541697,6.99915028,1.20999336,0
0.125,989,3.66231561,7.01463604,1.21424663,0
0.125,990,3.66922331,7.03014565,1.21851265,0
0.125,991,3.67614031,7.04568005,1.22279143,0
0.125,992,3.68306589,7.06123638,1.22708297,0
0.125,993,3.69000006,7.07681608,1.23138726,0
0.125,994,3.69694281,7.09241867,1.23570347,0
0.125,995,3.70389652,7.10804939,1.2400341,0
0.125,996,3.71085691,7.12370014,1.24437666,0
0.125,997,3.71782732,7.13937616,1.24873245,0
0.125,998,3.72480488,7.15507317,1.2531004,0
0.125,999,3.7317934,7.17079639,1.25748205,0
0.125,1000,3.73879051,7.18654156,1.26187623,0
0.125,1001,3.74579716,7.20231342,1.26628423,0
0.125,1002,3.75281048,7.21810436,1.27070403,0
0.125,1003,3.75983477,7.23392296,1.27513814,0
0.125,1004,3.76686764,7.2497654,1.279585,0
0.125,1005,3.77390981,7.26563072,1.28404474,0
0.125,1006,3.78095913,7.28151703,1.28851712,0
0.125,1007,3.7880187,7.29743052,1.29300368,0
0.125,1008,3.79508686,7.31336594,1.29750276,0
0.125,1009,3.80216455,7.32932758,1.30201578,0
0.125,1010,3.80925083,7.34531069,1.30654156,0
0.125,1011,3.81634665,7.3613205,1.31108117,0
0.125,1012,3.82345152,7.37735224,1.31563401,0
0.125,1013,3.8305645,7.39340782,1.32019997,0
0.125,1014,3.83768725,7.4094882,1.32477963,0
0.125,1015,3.84481955,7.42559338,1.32937312,0
0.125,1016,3.85195923,7.44172049,1.33397937,0
0.125,1017,3.85910869,7.45787144,1.33859909,0
0.125,1018,3.8662672,7.47404766,1.34323275,0
0.125,1019,3.87343597,7.49025059,1.34788036,0
0.125,1020,3.88061285,7.50647402,1.35254133,0
0.125,1021,3.88779855,7.52272272,1.35721588,0
0.125,1022,3.89499354,7.53899479,1.36190414,0
0.125,1023,3.90219736,7.55529118,1.36660588,0
0.0625,0,4.5405377e-05,0,0,1
0.0625,1,0.000989583903,0.00085282739,1.03193906e-05,1
0.0625,2,0.00196258514,0.0017359769,2.16300778e-05,1
0.0625,3,0.00296493527,0.00265008886,3.39873732e-05,1
0.0625,4,0.00399716571,0.00359581178,4.74402477e-05,1
0.0625,5,0.00505981408,0.00457380293,6.20471328e-05,1
0.0625,6,0.00615343032,0.00558473496,7.78667381e-05,1
0.0625,7,0.00727859605,0.00662931101,9.49843161e-05,1
0.0625,8,0.00843581557,0.00770817138,0.000113417998,1
0.0625,9,0.00962568633,0.00882203877,0.000133254347,1
0.0625,10,0.0108487792,0.00997162051,0.000154561683,1
0.0625,11,0.0121056782,0.0111576375,0.000177410911,1
0.0625,12,0.0133969691,0.012380816,0.000201875431,1
0.0625,13,0.0147232646,0.0136419116,0.000228032062,1
0.0625,14,0.0160851479,0.0149416532,0.000255959749,1
0.0625,15,0.0174832474,0.0162808187,0.000285740884,1
0.0625,16,0.0189181808,0.0176601857,0.00031746077,1
0.0625,17,0.0203905702,0.0190805215,0.000351207156,1
0.0625,18,0.0219010636,0.0205426402,0.000387073116,1
0.0625,19,0.0234502945,0.0220473371,0.000425152888,1
0.0625,20,0.0250389166,0.0235954318,0.000465545483,1
0.0625,21,0.0266676005,0.0251877643,0.00050835259,1
0.0625,22,0.028337311,0.0268254559,0.000553990423,1
0.0625,23,0.0300481282,0.028508801,0.000601963431,1
0.0625,24,0.0318010338,0.0302389376,0.000652680465,1
0.0625,25,0.0335967317,0.0320167579,0.000706351653,1
0.0625,26,0.0354358926,0.0338431224,0.000762916752,1
0.0625,27,0.0373192467,0.0357189476,0.000822590722,1
0.0625,28,0.0392475016,0.0376451425,0.000885503599,1
0.0625,29,0.0412214026,0.0396226421,0.000951790833,1
0.0625,30,0.0432416722,0.0416523851,0.00102159195,1
0.0625,31,0.0453090556,0.0437353104,0.00109505071,1
0.0625,32,0.0474243127,0.045872394,0.00117231673,1
0.0625,33,0.0495882146,0.048064623,0.00125354785,1
0.0625,34,0.0518015102,0.0503129698,0.00133889762,1
0.0625,35,0.0540649854,0.0526184291,0.00142853346,1
0.0625,36,0.056379471,0.0549820624,0.00152262719,1
0.0625,37,0.0587456934,0.0574048385,0.00162135297,1
0.0625,38,0.0611645095,0.0598878413,0.00172489521,1
0.0625,39,0.0636367574,0.0624321476,0.00183344225,1
0.0625,40,0.0661632046,0.0650387779,0.00194718677,1
0.0625,41,0.068744719,0.067708835,0.00206632982,1
0.0625,42,0.0713821575,0.070443444,0.00219108141,1
0.0625,43,0.0740763694,0.0732436851,0.0023216533,1
0.0625,44,0.0768281966,0.0761106834,0.00245826691,1
0.0625,45,0.0796385631,0.0790456384,0.00260115345,1
0.0625,46,0.0825083107,0.0820496306,0.00275054434,1
0.0625,47,0.0854383409,0.0851238668,0.00290668523,1
0.0625,48,0.0884295702,0.0882695243,0.00306982757,1
0.0625,49,0.0914829299,0.0914878249,0.00324023026,1
0.0625,50,0.0945992917,0.0947799385,0.00341815851,1
0.0625,51,0.0977796391,0.0981471241,0.00360389007,1
0.0625,52,0.101024918,0.101590648,0.00379771041,1
0.0625,53,0.104336068,0.105111726,0.00399991032,1
0.0625,54,0.10771402,0.108711623,0.00421079155,1
0.0625,55,0.111159794,0.112391658,0.00443066796,1
0.0625,56,0.114674382,0.116153151,0.00465986133,1
0.0625,57,0.118258752,0.11999739,0.00489869993,1
0.0625,58,0.121913947,0.12392576,0.00514753116,1
0.0625,59,0.125640944,0.127939522,0.00540669961,1
0.0625,60,0.129440784,0.132040128,0.00567657221,1
0.0625,61,0.133314505,0.136228904,0.00595754292,1
0.0625,62,0.137263238,0.140507355,0.00624995818,1
0.0625,63,0.141287938,0.144876778,0.00655423058,1
0.0625,64,0.145389691,0.149338633,0.00687076664,1
0.0625,65,0.149569601,0.153894365,0.00719999149,1
0.0625,66,0.153828785,0.158545479,0.00754233683,1
0.0625,67,0.158168286,0.163293391,0.0078982478,1
0.0625,68,0.162589282,0.168139681,0.00826818589,1
0.0625,69,0.167092875,0.173085779,0.00865261722,1
0.0625,70,0.171680197,0.178133264,0.00905203726,1
0.0625,71,0.176352352,0.183283612,0.00946693402,1
0.0625,72,0.181110635,0.188538507,0.00989783835,1
0.0625,73,0.185956076,0.193899408,0.010345269,1
0.0625,74,0.19088994,0.199367985,0.0108097745,1
0.0625,75,0.195913345,0.204945788,0.0112919137,1
0.0625,76,0.201027572,0.2106345,0.0117922649,1
0.0625,77,0.206233829,0.21643576,0.0123114241,1
0.0625,78,0.211533248,0.222351149,0.0128499931,1
0.0625,79,0.216927245,0.228382513,0.0134086171,1
0.0625,80,0.222416878,0.234531343,0.0139879165,1
0.0625,81,0.228003532,0.240799487,0.0145885721,1
0.0625,82,0.233688369,0.247188553,0.0152112525,1
0.0625,83,0.239472821,0.253700465,0.0158566777,1
0.0625,84,0.245358109,0.260336876,0.0165255535,1
0.0625,85,0.251345396,0.26709941,0.0172186103,1
0.0625,86,0.257436275,0.273990184,0.0179366339,1
0.0625,87,0.26363185,0.281010747,0.0186803844,1
0.0625,88,0.269933581,0.288163066,0.0194506738,1
0.0625,89,0.276342839,0.295448959,0.020248333,1
0.0625,90,0.282860816,0.302870184,0.021074187,1
0.0625,91,0.289488941,0.310428619,0.0219291113,1
0.0625,92,0.296228737,0.318126321,0.0228140131,1
0.0625,93,0.303081483,0.325965077,0.0237298012,1
0.0625,94,0.31004867,0.333946884,0.0246774219,1
0.0625,95,0.31713149,0.34207347,0.0256578177,1
0.0625,96,0.32433176,0.350347161,0.0266720206,1
0.0625,97,0.331650436,0.358769447,0.0277209971,1
0.0625,98,0.339089274,0.367342651,0.0288058277,1
0.0625,99,0.346649736,0.376068681,0.0299275778,1
0.0625,100,0.354333133,0.384949535,0.0310873389,1
0.0625,101,0.362141192,0.393987387,0.032286264,1
0.0625,102,0.370075107,0.403183967,0.0335254632,1
0.0625,103,0.378136545,0.412541598,0.0348061584,1
0.0625,104,0.386326998,0.422062248,0.0361295566,1
0.0625,105,0.394647956,0.431748003,0.0374968983,1
0.0625,106,0.403100967,0.441600949,0.0389094837,1
0.0625,107,0.411687404,0.451623082,0.0403685756,1
0.0625,108,0.420409083,0.461816728,0.0418755747,1
0.0625,109,0.429267168,0.472183675,0.0434319302,1
0.0625,110,0.438263774,0.482726604,0.0450388752,1
0.0625,111,0.447400093,0.493447304,0.0466979109,1
0.0625,112,0.456677884,0.504348099,0.0484105758,1
0.0625,113,0.466098607,0.515431046,0.0501783416,1
0.0625,114,0.475663871,0.526698291,0.0520027839,1
0.0625,115,0.485375524,0.538152397,0.0538855381,1
0.0625,116,0.495234966,0.54979521,0.0558281951,1
0.0625,117,0.505243659,0.561628878,0.0578323975,1
0.0625,118,0.515403509,0.573655844,0.0598998964,1
0.0625,119,0.525715947,0.585878253,0.0620324314,1
0.0625,120,0.53618294,0.59829855,0.0642318428,1
0.0625,121,0.54680562,0.610918403,0.0664998591,1
0.0625,122,0.557586074,0.623740673,0.0688384548,1
0.0625,123,0.568525672,0.636767268,0.0712494999,1
0.0625,124,0.579626322,0.650000513,0.0737349987,1
0.0625,125,0.590889633,0.66344291,0.0762969628,1
0.0625,126,0.602317214,0.677096426,0.0789374337,1
0.0625,127,0.613910854,0.690963507,0.0816585422,1
0.0625,128,0.625672042,0.705046356,0.0844623819,1
0.0625,129,0.637602568,0.71934706,0.0873511955,1
0.0625,130,0.649704516,0.733868599,0.0903273448,1
0.0625,131,0.661978781,0.748612225,0.0933929086,1
0.0625,132,0.674427569,0.763580739,0.0965503752,1
0.0625,133,0.687052608,0.778776646,0.0998021811,1
0.0625,134,0.699855268,0.794201612,0.103150658,1
0.0625,135,0.712837636,0.809858382,0.106598459,1
0.0625,136,0.726000965,0.825748801,0.11014799,1
0.0625,137,0.739347577,0.841875732,0.11380206,1
0.0625,138,0.752878547,0.858240664,0.117563181,1
0.0625,139,0.7665959,0.874846339,0.121434182,1
0.0625,140,0.780501127,0.891694665,0.125417799,1
0.0625,141,0.794596493,0.908788443,0.129516989,1
0.0625,142,0.808882952,0.926129043,0.133734509,1
0.0625,143,0.823362529,0.943719089,0.138073415,1
0.0625,144,0.838036835,0.961560607,0.1425367,1
0.0625,145,0.85290736,0.979655504,0.14712739,1
0.0625,146,0.867976367,0.998006642,0.151848868,1
0.0625,147,0.883244991,1.01661563,0.156704098,1
0.0625,148,0.898715079,1.03548455,0.161696494,1
0.0625,149,0.914387941,1.05461514,0.166829273,1
0.0625,150,0.930265665,1.0740099,0.172105938,1
0.0625,151,0.946349919,1.09367108,0.17753002,1
0.0625,152,0.962641954,1.11360002,0.183104932,1
0.0625,153,0.97914356,1.13379908,0.188834384,1
0.0625,154,0.995856225,1.15426981,0.194721937,1
0.0625,155,1.0127815,1.17501438,0.200771391,1
0.0625,156,1.02992141,1.19603479,0.206986606,1
0.0625,157,1.04727721,1.21733272,0.213371485,1
0.0625,158,1.06484985,1.23890948,0.21992968,1
0.0625,159,1.08264172,1.26076722,0.226665586,1
0.0625,160,1.10065377,1.28290749,0.233583078,1
0.0625,161,1.11888778,1.30533218,0.240686432,1
0.0625,162,1.13734519,1.32804275,0.24797982,1
0.0625,163,1.15602708,1.35104036,0.255467594,1
0.0625,164,1.17493546,1.37432718,0.26315406,1
0.0625,165,1.19407141,1.39790428,0.271043807,1
0.0625,166,1.21343613,1.42177284,0.279141188,1
0.0625,167,1.23303103,1.4459343,0.28745085,1
0.0625,168,1.25285745,1.47038996,0.295977503,1
0.0625,169,1.27291656,1.49514067,0.304725766,1
0.0625,170,1.29320991,1.52018809,0.313700587,1
0.0625,171,1.31373847,1.54553294,0.322906792,1
0.0625,172,1.33450317,1.57117581,0.332349181,1
0.0625,173,1.3555057,1.59711838,0.342033178,1
0.0625,174,1.37674725,1.62336135,0.351963758,1
0.0625,175,1.39822817,1.64990485,0.362145871,1
0.0625,176,1.41995013,1.67674983,0.372584939,1
0.0625,177,1.4419142,1.70389748,0.383286506,1
0.0625,178,1.46412027,1.73134649,0.394255221,1
0.0625,179,1.48657072,1.75909925,0.405497491,1
0.0625,180,1.50926542,1.78715479,0.417018205,1
0.0625,181,1.53220534,1.81551349,0.428823143,1
0.0625,182,1.55539119,1.84417546,0.440917999,1
0.0625,183,1.57882416,1.87314093,0.453308642,1
0.0625,184,1.60250461,1.90240932,0.466000646,1
0.0625,185,1.62643278,1.93198049,0.478999913,1
0.0625,186,1.65060949,1.96185374,0.492312312,1
0.0625,187,1.6750356,1.99202931,0.505944133,1
0.0625,188,1.69971108,2.022506,0.519901216,1
0.0625,189,1.72463739,2.05328393,0.534190178,1
0.0625,190,1.7498132,2.08436084,0.548816442,1
0.0625,191,1.77523923,2.11573601,0.563786387,1
0.0625,192,1.80091608,2.14740872,0.579106629,1
0.0625,193,1.8268435,2.17937708,0.594783187,1
0.0625,194,1.85302186,2.21164036,0.610822737,1
0.0625,195,1.87945139,2.24419689,0.627231956,1
0.0625,196,1.90613031,2.27704334,0.644016147,1
0.0625,197,1.93306077,2.31018019,0.661181927,1
0.0625,198,1.9602412,2.34360409,0.67873776,1
0.0625,199,1.98767102,2.37731218,0.69668889,1
0.0625,200,2.01535034,2.4113028,0.715042293,1
0.0625,201,2.04327893,2.44557381,0.733804762,1
0.0625,202,2.071455,2.48012114,0.752982378,1
0.0625,203,2.09987903,2.51494265,0.772582293,1
0.0625,204,2.12854958,2.55003476,0.792611301,1
0.0625,205,2.15746665,2.58539534,0.813076496,1
0.0625,206,2.18662715,2.62101793,0.833984554,1
0.0625,207,2.21603251,2.65690231,0.855341434,1
0.0625,208,2.24568129,2.69304419,0.877155185,1
0.0625,209,2.27557015,2.72943711,0.899431169,1
0.0625,210,2.30569839,2.76607704,0.922176301,1
0.0625,211,2.33606577,2.80296135,0.945398688,1
0.0625,212,2.36667037,2.84008479,0.969104886,1
0.0625,213,2.3975091,2.87744069,0.99330014,1
0.0625,214,2.42858124,2.91502571,1.01799273,1
0.0625,215,2.45988536,2.95283437,1.04318941,1
0.0625,216,2.49141812,2.99085975,1.06889558,1
0.0625,217,2.52317858,3.02909756,1.09511948,1
0.0625,218,2.55516338,3.06754065,1.12186646,1
0.0625,219,2.58736992,3.10618234,1.14914298,1
0.0625,220,2.61979651,3.14501739,1.17695653,1
0.0625,221,2.65244007,3.18404055,1.20530868,1
0.0625,222,2.6852982,3.22324038,1.23421443,1
0.0625,223,2.7183671,3.26261163,1.26367676,1
0.0625,224,2.75164485,3.30214787,1.29369998,1
0.0625,225,2.78512788,3.34184074,1.32429159,1
0.0625,226,2.81881166,3.3816812,1.35545647,1
0.0625,227,2.8526957,3.42166138,1.38720596,1
0.0625,228,2.88677311,3.46178007,1.41952837,1
0.0625,229,2.92104125,3.50201702,1.45245087,1
0.0625,230,2.95549655,3.54236841,1.48597038,1
0.0625,231,2.990134,3.58282447,1.52009153,1
0.0625,232,3.02495122,3.62337708,1.55482173,1
0.0625,233,3.05994248,3.66401529,1.59016418,1
0.0625,234,3.09510326,3.70472884,1.62612438,1
0.0625,235,3.13042927,3.74550843,1.66270709,1
0.0625,236,3.16591573,3.78634357,1.69991696,1
0.0625,237,3.20155764,3.8272233,1.73775876,1
0.0625,238,3.23734975,3.86813688,1.77623653,1
0.0625,239,3.27328682,3.9090724,1.81535375,1
0.0625,240,3.30936527,3.9500227,1.8551122,1
0.0625,241,3.34557652,3.9909699,1.89552116,1
0.0625,242,3.38191748,4.03190565,1.93658173,1
0.0625,243,3.41838026,4.07281685,1.97829604,1
0.0625,244,3.45495939,4.11369085,2.0206666,1
0.0625,245,3.49164915,4.15451622,2.06369734,1
0.0625,246,3.52844453,4.19528055,2.1073916,1
0.0625,247,3.56533527,4.23596811,2.15174913,1
0.0625,248,3.60231853,4.27656889,2.19677234,1
0.0625,249,3.63938594,4.31706858,2.24246335,1
0.0625,250,3.67653108,4.35745382,2.28882432,1
0.0625,251,3.71374679,4.3977108,2.33585477,1
0.0625,252,3.75102663,4.43782616,2.3835566,1
0.0625,253,3.78836441,4.47778893,2.43192601,1
0.0625,254,3.82574773,4.51757669,2.48096895,1
0.0625,255,3.86317229,4.55717945,2.53068352,1
0.0625,256,3.90063119,4.59658432,2.58106947,1
0.0625,257,3.93811345,4.63577271,2.63212299,1
0.0625,258,3.97561336,4.67473364,2.68384457,1
0.0625,259,4.01312113,4.713449,2.73623109,1
0.0625,260,4.05063057,4.75190592,2.78928208,1
0.0625,261,4.0881319,4.79008865,2.84299517,1
0.0625,262,4.12561607,4.827981,2.89736652,1
0.0625,263,4.16307545,4.86556911,2.95239258,1
0.0625,264,4.20050097,4.90283728,3.00807047,1
0.0625,265,4.23788357,4.93977022,3.06439662,1
0.0625,266,4.27521324,4.97635031,3.12136364,1
0.0625,267,4.31248283,5.01256514,3.17897081,1
0.0625,268,4.34968233,5.04839754,3.23721147,1
0.0625,269,4.38680506,5.08383799,3.29607582,1
0.0625,270,4.42383623,5.11885977,3.35556531,1
0.0625,271,4.46076727,5.15345192,3.41566706,1
0.0625,272,4.49759102,5.18759966,3.47637701,1
0.0625,273,4.53429508,5.22128677,3.53768611,1
0.0625,274,4.57087278,5.25450039,3.59958863,1
0.0625,275,4.6073122,5.28722191,3.6620748,1
0.0625,276,4.64360285,5.31943655,3.72513437,1
0.0625,277,4.67973757,5.35113192,3.78876209,1
0.0625,278,4.71570301,5.38228941,3.85294437,1
0.0625,279,4.75149107,5.41289663,3.91767383,1
0.0625,280,4.78709126,5.44293737,3.98293853,1
0.0625,281,4.82249212,5.47239685,4.04872799,1
0.0625,282,4.85768509,5.50126266,4.11503029,1
0.0625,283,4.89265919,5.5295186,4.1818347,1
0.0625,284,4.92740488,5.55715227,4.2491293,1
0.0625,285,4.96191359,5.58415222,4.31689787,1
0.0625,286,4.99617052,5.61049795,4.38513327,1
0.0625,287,5.0301671,5.63617992,4.45381737,1
0.0625,288,5.0638938,5.66118479,4.52293873,1
0.0625,289,5.09734011,5.68549919,4.59248304,1
0.0625,290,5.13049555,5.70911217,4.66243362,1
0.0625,291,5.16335058,5.73201227,4.73277426,1
0.0625,292,5.1958952,5.75418425,4.80349541,1
0.0625,293,5.22811842,5.77561903,4.87457848,1
0.0625,294,5.26001024,5.79630518,4.94600677,1
0.0625,295,5.29156113,5.81623125,5.01776505,1
0.0625,296,5.32276201,5.83538818,5.08983517,1
0.0625,297,5.35360146,5.85376501,5.16220093,1
0.0625,298,5.38406992,5.8713522,5.23484421,1
0.0625,299,5.41415882,5.88814068,5.30774784,1
0.0625,300,5.44385767,5.90412188,5.38089466,1
0.0625,301,5.47315693,5.91928673,5.45426512,1
0.0625,302,5.50204802,5.93362904,5.52784157,1
0.0625,303,5.53051758,5.94713736,5.60160017,1
0.0625,304,5.55856323,5.95980978,5.67553186,1
0.0625,305,5.58617496,5.97163963,5.74961424,1
0.0625,306,5.61334038,5.98261786,5.82382488,1
0.0625,307,5.64005232,5.99274111,5.8981452,1
0.0625,308,5.6663022,6.00200367,5.97255564,1
0.0625,309,5.69208288,6.01040173,6.04703856,1
0.0625,310,5.71738529,6.01793003,6.12157249,1
0.0625,311,5.74220037,6.02458668,6.19613552,1
0.0625,312,5.76652479,6.03037453,6.27070618,1
0.0625,313,5.79034519,6.03527927,6.34527254,1
0.0625,314,5.81365633,6.03930473,6.41980839,1
0.0625,315,5.83645058,6.04244947,6.49429417,1
0.0625,316,5.85872126,6.0447135,6.5687089,1
0.0625,317,5.88046265,6.04609632,6.64303446,1
0.0625,318,5.90166712,6.04659843,6.71724844,1
0.0625,319,5.922328,6.04621983,6.79133129,1
0.0625,320,5.94244051,6.04496336,6.86526394,1
0.0625,321,5.96199846,6.04282999,6.93902588,1
0.0625,322,5.98099518,6.03982306,7.01259613,1
0.0625,323,5.99942684,6.03594589,7.08595419,1
0.0625,324,6.0172863,6.03119993,7.15908098,1
0.0625,325,6.03457069,6.02559233,7.23195839,1
0.0625,326,6.05127382,6.01912546,7.30456543,1
0.0625,327,6.06739283,6.01180649,7.37688112,1
0.0625,328,6.08292294,6.00363922,7.44889069,1
0.0625,329,6.09786034,5.99463034,7.52057314,1
0.0625,330,6.11220074,5.98478651,7.59190845,1
0.0625,331,6.12594175,5.97411585,7.66287899,1
0.0625,332,6.13908052,5.9626255,7.73346663,1
0.0625,333,6.15161371,5.95032263,7.80365467,1
0.0625,334,6.16353893,5.93721676,7.87342405,1
0.0625,335,6.1748538,5.92331648,7.94275665,1
0.0625,336,6.18555689,5.9086318,8.01163769,1
0.0625,337,6.19564724,5.89317131,8.08005142,1
0.0625,338,6.20512247,5.8769474,8.14797783,1
0.0625,339,6.21398163,5.85996962,8.2154026,1
0.0625,340,6.22222376,5.84224796,8.28231144,1
0.0625,341,6.22984886,5.8237958,8.34868622,1
0.0625,342,6.23685646,5.80462122,8.41451931,1
0.0625,343,6.24324703,5.78474236,8.47978592,1
0.0625,344,6.2490201,5.76416731,8.54447937,1
0.0625,345,6.25417614,5.74290895,8.60858345,1
0.0625,346,6.2587204,5.72099352,8.67207432,1
0.0625,347,6.26264811,5.69841909,8.73495197,1
0.0625,348,6.26596212,5.67519617,8.79721069,1
0.0625,349,6.26866341,5.65134144,8.85883331,1
0.0625,350,6.27075529,5.62687588,8.91980267,1
0.0625,351,6.27223969,5.60180712,8.98011303,1
0.0625,352,6.27311897,5.57615471,9.03974915,1
0.0625,353,6.27339458,5.54993057,9.09870434,1
0.0625,354,6.27307177,5.52314997,9.15697098,1
0.0625,355,6.2721529,5.49582958,9.21453476,1
0.0625,356,6.2706399,5.4679842,9.27138901,1
0.0625,357,6.268538,5.43962765,9.32752609,1
0.0625,358,6.26585007,5.41077709,9.38293743,1
0.0625,359,6.26257992,5.38144588,9.43761921,1
0.0625,360,6.2587328,5.35165167,9.49155903,1
0.0625,361,6.25431299,5.32141018,9.54475403,1
0.0625,362,6.24932384,5.29073429,9.59720039,1
0.0625,363,6.24377251,5.2596426,9.64888859,1
0.0625,364,6.23766232,5.22815084,9.69981575,1
0.0625,365,6.23099899,5.1962738,9.74997616,1
0.0625,366,6.22378731,5.16402626,9.7993679,1
0.0625,367,6.21603489,5.13142586,9.84798717,1
0.0625,368,6.20774508,5.09848785,9.8958292,1
0.0625,369,6.1989255,5.06522703,9.94289207,1
0.0625,370,6.18958139,5.0316596,9.98917389,1
0.0625,371,6.17971945,4.99780083,10.0346737,1
0.0625,372,6.16934538,4.96366596,10.0793877,1
0.0625,373,6.15846682,4.9292717,10.1233168,1
0.0625,374,6.14709044,4.89463234,10.16646,1
0.0625,375,6.13522148,4.85976124,10.2088184,1
0.0625,376,6.12286854,4.82467604,10.2503901,1
0.0625,377,6.1100378,4.78939009,10.2911777,1
0.0625,378,6.09673643,4.75391817,10.3311806,1
0.0625,379,6.0829711,4.71827412,10.3704004,1
0.0625,380,6.06875086,4.68247414,10.4088392,1
0.0625,381,6.05408144,4.64653015,10.4464989,1
0.0625,382,6.0389719,4.61045933,10.4833813,1
0.0625,383,6.02342939,4.57427216,10.5194921,1
0.0625,384,6.00746012,4.53798246,10.5548306,1
0.0625,385,5.99107218,4.50160503,10.5894022,1
0.0625,386,5.97427559,4.46515369,10.623209,1
0.0625,387,5.95707703,4.42864037,10.6562576,1
0.0625,388,5.93948174,4.39207506,10.688549,1
0.0625,389,5.92150068,4.35547304,10.7200909,1
0.0625,390,5.90314198,4.3188467,10.750886,1
0.0625,391,5.88441181,4.28220654,10.7809401,1
0.0625,392,5.86531973,4.24556684,10.810257,1
0.0625,393,5.84587145,4.20893478,10.8388443,1
0.0625,394,5.82607794,4.17232561,10.8667068,1
0.0625,395,5.80594587,4.13574839,10.8938513,1
0.0625,396,5.78548384,4.09921455,10.9202824,1
0.0625,397,5.76469755,4.06273317,10.9460058,1
0.0625,398,5.74359894,4.02631664,10.9710302,1
0.0625,399,5.72219181,3.98997068,10.9953613,1
0.0625,400,5.70048809,3.95371008,11.0190067,1
0.0625,401,5.67849302,3.91754103,11.0419722,1
0.0625,402,5.65621519,3.88147354,11.0642643,1
0.0625,403,5.63366365,3.84551597,11.0858936,1
0.0625,404,5.61084652,3.80967927,11.106863,1
0.0625,405,5.58776855,3.77396679,11.1271839,1
0.0625,406,5.5644412,3.73839092,11.146862,1
0.0625,407,5.54086971,3.70295811,11.165906,1
0.0625,408,5.51706409,3.6676755,11.1843214,1
0.0625,409,5.49302959,3.63255024,11.2021189,1
0.0625,410,5.46877718,3.59759235,11.219305,1
0.0625,411,5.44431067,3.56280398,11.2358885,1
0.0625,412,5.41963768,3.52819157,11.2518759,1
0.0625,413,5.39476919,3.4937644,11.2672768,1
0.0625,414,5.36970997,3.4595294,11.2820988,1
0.0625,415,5.34446621,3.42548656,11.2963524,1
0.0625,416,5.31904984,3.39164877,11.3100424,1
0.0625,417,5.29346323,3.35801649,11.3231783,1
0.0625,418,5.26771688,3.32459617,11.3357697,1
0.0625,419,5.24181366,3.29139042,11.3478222,1
0.0625,420,5.215765,3.25840735,11.3593483,1
0.0625,421,5.18957615,3.22565031,11.3703527,1
0.0625,422,5.16325092,3.19312,11.3808441,1
0.0625,423,5.13679981,3.16082382,11.3908319,1
0.0625,424,5.11022711,3.1287632,11.4003258,1
0.0625,425,5.08354187,3.09694624,11.4093313,1
0.0625,426,5.05674744,3.06536961,11.4178572,1
0.0625,427,5.02985191,3.03404069,11.4259129,1
0.0625,428,5.0028615,3.00296116,11.433507,1
0.0625,429,4.97578192,2.97213387,11.4406452,1
0.0625,430,4.94861889,2.94155979,11.4473391,1
0.0625,431,4.92137957,2.91124296,11.4535933,1
0.0625,432,4.89406776,2.88118458,11.4594183,1
0.0625,433,4.8666873,2.85138392,11.4648199,1
0.0625,434,4.83924961,2.82184696,11.4698086,1
0.0625,435,4.81175804,2.79257512,11.47439,1
0.0625,436,4.78421688,2.76356816,11.4785728,1
0.0625,437,4.7566309,2.73482609,11.4823656,1
0.0625,438,4.72900772,2.70635295,11.485775,1
0.0625,439,4.70135212,2.67814827,11.4888096,1
0.0625,440,4.67366695,2.65021157,11.4914751,1
0.0625,441,4.6459589,2.62254524,11.4937811,1
0.0625,442,4.61823177,2.59514809,11.4957333,1
0.0625,443,4.59049129,2.5680213,11.4973402,1
0.0625,444,4.56274033,2.54116488,11.4986076,1
0.0625,445,4.53498554,2.5145793,11.4995451,1
0.0625,446,4.50723171,2.48826432,11.5001583,1
0.0625,447,4.47947979,2.46221781,11.500453,1
0.0625,448,4.4517374,2.43644381,11.5004368,1
0.0625,449,4.42400646,2.41093683,11.5001163,1
0.0625,450,4.39629221,2.38569975,11.4995003,1
0.0625,451,4.36860085,2.36073256,11.4985952,1
0.0625,452,4.34093046,2.33603072,11.4974022,1
0.0625,453,4.3132925,2.31159878,11.4959364,1
0.0625,454,4.28567982,2.28742576,11.4941978,1
0.0625,455,4.25810528,2.26352239,11.4921923,1
0.0625,456,4.23056984,2.23988152,11.4899292,1
0.0625,457,4.20307827,2.21650386,11.4874172,1
0.0625,458,4.17563105,2.19338703,11.4846563,1
0.0625,459,4.14823341,2.17053175,11.4816542,1
0.0625,460,4.1208868,2.14793253,11.4784203,1
0.0625,461,4.0935955,2.12559128,11.4749556,1
0.0625,462,4.06636,2.1035037,11.4712677,1
0.0625,463,4.03918505,2.08166909,11.4673605,1
0.0625,464,4.0120759,2.06008863,11.4632444,1
0.0625,465,3.98503208,2.03875828,11.4589195,1
0.0625,466,3.9580586,2.01767731,11.4543934,1
0.0625,467,3.93115377,1.99685454,11.449688,1
0.0625,468,3.90432501,1.97626424,11.4447756,1
0.0625,469,3.87756824,1.95591331,11.4396734,1
0.0625,470,3.85088873,1.93580616,11.434371,1
0.0625,471,3.82429338,1.91593695,11.4289131,1
0.0625,472,3.79778147,1.89630461,11.4232845,1
0.0625,473,3.77135468,1.87690592,11.41749,1
0.0625,474,3.74501395,1.85774004,11.4115295,1
0.0625,475,3.71876001,1.83880234,11.4054127,1
0.0625,476,3.6925993,1.82009411,11.3991432,1
0.0625,477,3.66653061,1.8016119,11.392725,1
0.0625,478,3.64055443,1.78335166,11.3861599,1
0.0625,479,3.61467528,1.76531398,11.3794556,1
0.0625,480,3.58889174,1.74749279,11.3726139,1
0.0625,481,3.56320906,1.72988975,11.3656406,1
0.0625,482,3.53762484,1.71250057,11.3585386,1
0.0625,483,3.5121398,1.69532013,11.3513107,1
0.0625,484,3.48676038,1.67835116,11.3439627,1
0.0625,485,3.46148443,1.66158855,11.3364964,1
0.0625,486,3.43631363,1.64503002,11.3289185,1
0.0625,487,3.41124821,1.62867284,11.3212299,1
0.0625,488,3.38629007,1.61251414,11.3134336,1
0.0625,489,3.3614409,1.59655356,11.3055344,1
0.0625,490,3.33670044,1.58078694,11.2975368,1
0.0625,491,3.31207085,1.5652132,11.2894402,1
0.0625,492,3.28755331,1.54982877,11.2812538,1
0.0625,493,3.26314449,1.53462923,11.2729759,1
0.0625,494,3.23885059,1.51961541,11.2646112,1
0.0625,495,3.21466827,1.50478315,11.2561607,1
0.0625,496,3.19060183,1.49013186,11.2476311,1
0.0625,497,3.16664696,1.4756546,11.2390232,1
0.0625,498,3.14280987,1.46135497,11.23034,1
0.0625,499,3.11908579,1.44722486,11.2215824,1
0.0625,500,3.09547806,1.43326521,11.2127562,1
0.0625,501,3.07198906,1.41947341,11.2038651,1
0.0625,502,3.04863334,1.40587735,11.1949348,1
0.0625,503,3.02536249,1.39240611,11.1858883,1
0.0625,504,3.00222135,1.37909997,11.1768074,1
0.0625,505,2.97919941,1.3659513,11.1676702,1
0.0625,506,2.95629168,1.35295463,11.1584768,1
0.0625,507,2.93350434,1.34011233,11.1492319,1
0.0625,508,2.91080618,1.32737982,11.1399488,1
0.0625,509,2.88825393,1.31483459,11.1306047,1
0.0625,510,2.86582041,1.3024348,11.1212158,1
0.0625,511,2.84350586,1.29017782,11.111783,1
0.0625,512,2.82130766,1.27806067,11.1023064,1
0.0625,513,2.79922867,1.26608181,11.0927925,1
0.0625,514,2.77726984,1.25424075,11.0832424,1
0.0625,515,2.75542688,1.24253142,11.0736542,1
0.0625,516,2.73370266,1.23095345,11.0640326,1
0.0625,517,2.71209502,1.219504,11.0543795,1
0.0625,518,2.69060659,1.2081821,11.0446959,1
0.0625,519,2.66923475,1.19698441,11.0349846,1
0.0625,520,2.64798093,1.18590951,11.0252457,1
0.0625,521,2.62684321,1.17495346,11.0154819,1
0.0625,522,2.60588074,1.1641221,11.0058041,1
0.0625,523,2.58497596,1.15339947,10.9959965,1
0.0625,524,2.56418467,1.14278805,10.986167,1
0.0625,525,2.54351091,1.13228929,10.9763203,1
0.0625,526,2.5229516,1.12190044,10.9664536,1
0.0625,527,2.50250769,1.1116178,10.9565735,1
0.0625,528,2.48217773,1.10143948,10.9466782,1
0.0625,529,2.46196151,1.09136367,10.9367714,1
0.0625,530,2.44185829,1.08138812,10.9268522,1
0.0625,531,2.42186928,1.07151306,10.9169226,1
0.0625,532,2.40199065,1.06173217,10.9069843,1
0.0625,533,2.38222361,1.05204535,10.8970385,1
0.0625,534,2.36257005,1.04245305,10.8870869,1
0.0625,535,2.34302616,1.03295028,10.8771296,1
0.0625,536,2.32357931,1.0235275,10.8671551,1
0.0625,537,2.30425382,1.01419806,10.8571901,1
0.0625,538,2.28503776,1.00495458,10.8472204,1
0.0625,539,2.26593018,0.995793819,10.8372536,1
0.0625,540,2.24693108,0.986714661,10.8272848,1
0.0625,541,2.22803736,0.977712512,10.8173199,1
0.0625,542,2.2092514,0.968788564,10.8073559,1
0.0625,543,2.19056988,0.959938765,10.7973957,1
0.0625,544,2.17199421,0.951162577,10.7874403,1
0.0625,545,2.15352154,0.942457378,10.7774897,1
0.0625,546,2.13515234,0.933821917,10.7675438,1
0.0625,547,2.11694431,0.925322533,10.757659,1
0.0625,548,2.09877968,0.916820288,10.7477312,1
0.0625,549,2.08071804,0.908384383,10.737812,1
0.0625,550,2.06275702,0.900010765,10.7279034,1
0.0625,551,2.0448947,0.89169699,10.7180042,1
0.0625,552,2.02713203,0.883443952,10.7081156,1
0.0625,553,2.00946689,0.875246704,10.6982403,1
0.0625,554,1.99190068,0.86710757,10.6883774,1
0.0625,555,1.97442937,0.859020829,10.6785278,1
0.0625,556,1.95705414,0.850986719,10.6686945,1
0.0625,557,1.93977475,0.843004584,10.6588745,1
0.0625,558,1.92258739,0.835070252,10.6490679,1
0.0625,559,1.90549564,0.827184916,10.6392813,1
0.0625,560,1.88849688,0.819347203,10.6295109,1
0.0625,561,1.87158656,0.811551869,10.6197548,1
0.0625,562,1.85476899,0.803800642,10.6100216,1
0.0625,563,1.83804417,0.796093106,10.6003056,1
0.0625,564,1.82140505,0.788423002,10.5906086,1
0.0625,565,1.80485582,0.780793488,10.5809317,1
0.0625,566,1.78839421,0.773200631,10.5712757,1
0.0625,567,1.772017,0.765642822,10.5616388,1
0.0625,568,1.75572753,0.758120656,10.5520248,1
0.0625,569,1.73952305,0.750631154,10.5424356,1
0.0625,570,1.72340131,0.743173182,10.5328665,1
0.0625,571,1.70736384,0.735746205,10.5233192,1
0.0625,572,1.6914084,0.728347421,10.5137978,1
0.0625,573,1.67553401,0.720975995,10.5043011,1
0.0625,574,1.65973973,0.71363461,10.4948196,1
0.0625,575,1.64402509,0.706313729,10.4853725,1
0.0625,576,1.62838984,0.699017286,10.4759502,1
0.0625,577,1.61283171,0.691741943,10.4665537,1
0.0625,578,1.59735012,0.68448782,10.4571829,1
0.0625,579,1.58194637,0.677254736,10.4478397,1
0.0625,580,1.56661677,0.670038939,10.4385242,1
0.0625,581,1.55136013,0.662838697,10.4292364,1
0.0625,582,1.53617787,0.655656219,10.4199743,1
0.0625,583,1.5210681,0.648487687,10.4107437,1
0.0625,584,1.50603175,0.641334832,10.4015388,1
0.0625,585,1.49105835,0.634186625,10.3923626,1
0.0625,586,1.47616124,0.62705642,10.3832159,1
0.0625,587,1.4613297,0.619931877,10.3741026,1
0.0625,588,1.4464258,0.612660885,10.3649807,1
0.0625,589,1.43172979,0.605553567,10.3559217,1
0.0625,590,1.41710043,0.598453045,10.3468943,1
0.0625,591,1.40253556,0.591356695,10.3378983,1
0.0625,592,1.38803458,0.5842641,10.3289347,1
0.0625,593,1.37359667,0.577174604,10.3199997,1
0.0625,594,1.35922265,0.57008785,10.3110991,1
0.0625,595,1.34491014,0.563001752,10.3022318,1
0.0625,596,1.33065808,0.555915475,10.293395,1
0.0625,597,1.31646776,0.548829556,10.2845898,1
0.0625,598,1.30233514,0.541739404,10.2758207,1
0.0625,599,1.28825951,0.534645379,10.2670822,1
0.0625,600,1.27424359,0.52754879,10.2583809,1
0.0625,601,1.26028311,0.520446718,10.2497101,1
0.0625,602,1.2465359,0.51350832,10.2411585,1
0.0625,603,1.23268723,0.50639385,10.2325602,1
0.0625,604,1.21889138,0.499269247,10.2239981,1
0.0625,605,1.20514894,0.49213624,10.2154694,1
0.0625,606,1.19146013,0.484993845,10.2069788,1
0.0625,607,1.17781961,0.477838039,10.1985188,1
0.0625,608,1.16422999,0.470668852,10.1901007,1
0.0625,609,1.1506896,0.463487625,10.1817141,1
0.0625,610,1.13719702,0.456291199,10.1733627,1
0.0625,611,1.12375605,0.449083507,10.1650505,1
0.0625,612,1.11035752,0.441854805,10.1567736,1
0.0625,613,1.09700894,0.434613496,10.1485338,1
0.0625,614,1.08370256,0.42735064,10.1403313,1
0.0625,615,1.07044017,0.420069277,10.132165,1
0.0625,616,1.05722141,0.412768245,10.1240368,1
0.0625,617,1.04404759,0.405448437,10.1159477,1
0.0625,618,1.03091288,0.398104727,10.1078949,1
0.0625,619,1.01781988,0.39073962,10.0998783,1
0.0625,620,1.00476789,0.383351803,10.0919037,1
0.0625,621,0.991753817,0.375939071,10.0839653,1
0.0625,622,0.978779733,0.368502587,10.076066,1
0.0625,623,0.965842068,0.361039013,10.0682049,1
0.0625,624,0.952940702,0.353548437,10.0603848,1
0.0625,625,0.940075815,0.3460311,10.0526009,1
0.0625,626,0.927235246,0.338464111,10.0448875,1
0.0625,627,0.914440453,0.330889851,10.0371847,1
0.0625,628,0.901678741,0.32328546,10.02952,1
0.0625,629,0.888947845,0.315648139,10.0218964,1
0.0625,630,0.876250505,0.307980657,10.0143137,1
0.0625,631,0.86358279,0.300280213,10.0067682,1
0.0625,632,0.850946724,0.292547584,9.99926567,1
0.0625,633,0.83833921,0.284779847,9.99180317,1
0.0625,634,0.82576257,0.276979923,9.98438168,1
0.0625,635,0.813210905,0.269141197,9.9770031,1
0.0625,636,0.800687253,0.261267722,9.96966267,1
0.0625,637,0.788191378,0.253358334,9.9623661,1
0.0625,638,0.775720894,0.245411098,9.9551096,1
0.0625,639,0.763272882,0.237423018,9.94789505,1
0.0625,640,0.750848591,0.229394972,9.94072437,1
0.0625,641,0.738451064,0.221330792,9.93359566,1
0.0625,642,0.726073384,0.213223323,9.926507,1
0.0625,643,0.713718355,0.205074802,9.91946316,1
0.0625,644,0.701384425,0.19688499,9.91246128,1
0.0625,645,0.689068854,0.188649788,9.90550232,1
0.0625,646,0.67677331,0.180372044,9.89858532,1
0.0625,647,0.664498091,0.172051251,9.8917141,1
0.0625,648,0.652238131,0.163682207,9.88488579,1
0.0625,649,0.63999784,0.155270696,9.87809944,1
0.0625,650,0.627774,0.146812499,9.87135792,1
0.0625,651,0.615564585,0.138305813,9.86466026,1
0.0625,652,0.603368759,0.129749492,9.85800743,1
0.0625,653,0.591189623,0.121147007,9.85140038,1
0.0625,654,0.579023242,0.11249496,9.84483433,1
0.0625,655,0.566869676,0.103792801,9.83831596,1
0.0625,656,0.554727256,0.0950391218,9.83184242,1
0.0625,657,0.542594075,0.0862318128,9.82541084,1
0.0625,658,0.530473232,0.0773744136,9.81902695,1
0.0625,659,0.518367767,0.0684739649,9.81268501,1
0.0625,660,0.506267071,0.059511438,9.80639362,1
0.0625,661,0.494175076,0.0504952446,9.80014801,1
0.0625,662,0.482090533,0.0414241478,9.79395008,1
0.0625,663,0.470012546,0.032296896,9.78779697,1
0.0625,664,0.457943231,0.0231165737,9.78168964,1
0.0625,665,0.445878804,0.013878271,9.77563095,1
0.0625,666,0.433818728,0.00458222628,9.76961994,1
0.0625,667,0.421763092,-0.00477132946,9.76365376,1
0.0625,668,0.409711748,-0.0141829625,9.75773716,1
0.0625,669,0.397661,-0.0236563459,9.75186634,1
0.0625,670,0.385613739,-0.0331879258,9.74604511,1
0.0625,671,0.373569578,-0.0427789688,9.74027252,1
0.0625,672,0.361527264,-0.0524287373,9.73454571,1
0.0625,673,0.349482805,-0.0621440709,9.72887039,1
0.0625,674,0.337437391,-0.0719223022,9.72324371,1
0.0625,675,0.325391382,-0.0817623883,9.71766472,1
0.0625,676,0.313344359,-0.0916660205,9.71213818,1
0.0625,677,0.301292777,-0.101635583,9.70665932,1
0.0625,678,0.28924045,-0.111667752,9.7012291,1
0.0625,679,0.277183115,-0.121766597,9.69584942,1
0.0625,680,0.265122235,-0.131930649,9.69052124,1
0.0625,681,0.253056139,-0.142161787,9.68524361,1
0.0625,682,0.24098447,-0.1524598,9.68001366,1
0.0625,683,0.228906572,-0.162825555,9.67483902,1
0.0625,684,0.216820687,-0.173261195,9.66971493,1
0.0625,685,0.204728723,-0.183764011,9.66464138,1
0.0625,686,0.192629397,-0.194335356,9.65961838,1
0.0625,687,0.180520326,-0.204978436,9.65464973,1
0.0625,688,0.168401539,-0.215692133,9.64973259,1
0.0625,689,0.15627104,-0.226479411,9.64486694,1
0.0625,690,0.1441333,-0.237334669,9.6400547,1
0.0625,691,0.131982207,-0.248265088,9.63529587,1
0.0625,692,0.119822055,-0.259265155,9.63058853,1
0.0625,693,0.107647151,-0.270341337,9.62593842,1
0.0625,694,0.0954589844,-0.281492054,9.62133884,1
0.0625,695,0.0832577944,-0.292717159,9.61679649,1
0.0625,696,0.0710424185,-0.304017514,9.61230659,1
0.0625,697,0.0588122308,-0.315393448,9.60787201,1
0.0625,698,0.0465673506,-0.326845437,9.60349464,1
0.0625,699,0.0343057811,-0.338374943,9.59916973,1
0.0625,700,0.0220281184,-0.349981666,9.59490395,1
0.0625,701,0.00973451138,-0.361664563,9.59069061,1
0.0625,702,-0.00257909298,-0.373429418,9.58653545,1
0.0625,703,-0.0149115622,-0.385273665,9.5824337,1
0.0625,704,-0.0272599161,-0.397194624,9.57839394,1
0.0625,705,-0.03962937,-0.409197569,9.57440853,1
0.0625,706,-0.0520184338,-0.421281159,9.57048225,1
0.0625,707,-0.0644281507,-0.43344593,9.5666151,1
0.0625,708,-0.0768602788,-0.445694089,9.56280327,1
0.0625,709,-0.0893253386,-0.458037674,9.55904675,1
0.0625,710,-0.101799846,-0.470449775,9.55535507,1
0.0625,711,-0.114298433,-0.482946813,9.55172157,1
0.0625,712,-0.126820236,-0.495527744,9.5481472,1
0.0625,713,-0.1393677,-0.508195341,9.54463196,1
0.0625,714,-0.151937097,-0.520945191,9.54117966,1
0.0625,715,-0.16452837,-0.533776999,9.53778648,1
0.0625,716,-0.177149713,-0.546700537,9.53445435,1
0.0625,717,-0.189795405,-0.559708714,9.53118515,1
0.0625,718,-0.202468127,-0.572804153,9.52797318,1
0.0625,719,-0.21516934,-0.585989356,9.52482986,1
0.0625,720,-0.227894187,-0.599258125,9.52174664,1
0.0625,721,-0.240650475,-0.61261934,9.51872444,1
0.0625,722,-0.253436416,-0.626071036,9.51576805,1
0.0625,723,-0.266247302,-0.639607191,9.51287365,1
0.0625,724,-0.279091895,-0.653238773,9.51004601,1
0.0625,725,-0.291964948,-0.66695869,9.5072794,1
0.0625,726,-0.304868579,-0.680769563,9.50457954,1
0.0625,727,-0.317802966,-0.694671929,9.5019455,1
0.0625,728,-0.33077094,-0.708668649,9.4993763,1
0.0625,729,-0.343768418,-0.722754598,9.4968729,1
0.0625,730,-0.356801599,-0.736937761,9.49443913,1
0.0625,731,-0.369865596,-0.751211405,9.49206924,1
0.0625,732,-0.382964641,-0.765580773,9.48976803,1
0.0625,733,-0.396096706,-0.780043483,9.48753452,1
0.0625,734,-0.409264594,-0.794602394,9.48536968,1
0.0625,735,-0.422468543,-0.809258461,9.48327351,1
0.0625,736,-0.435707062,-0.824008822,9.48124695,1
0.0625,737,-0.449003011,-0.838882267,9.47929287,1
0.0625,738,-0.462314337,-0.853826284,9.47740459,1
0.0625,739,-0.475670189,-0.868877649,9.47559547,1
0.0625,740,-0.489058107,-0.884019673,9.47385025,1
0.0625,741,-0.502481639,-0.899256825,9.47217655,1
0.0625,742,-0.515929222,-0.914571524,9.47056198,1
0.0625,743,-0.529430628,-0.930007577,9.46903229,1
0.0625,744,-0.542972267,-0.945544481,9.46757984,1
0.0625,745,-0.556552768,-0.96118021,9.46619701,1
0.0625,746,-0.570174396,-0.976917565,9.46488857,1
0.0625,747,-0.583834052,-0.992752671,9.46365833,1
0.0625,748,-0.59753871,-1.00869381,9.46249771,1
0.0625,749,-0.611282825,-1.02473426,9.46141529,1
0.0625,750,-0.625068784,-1.04087675,9.46040916,1
0.0625,751,-0.638898969,-1.05712426,9.45948029,1
0.0625,752,-0.652770758,-1.07347286,9.45862579,1
0.0625,753,-0.666687727,-1.08992779,9.45785332,1
0.0625,754,-0.680649161,-1.10648704,9.45715523,1
0.0625,755,-0.694650054,-1.12314487,9.45653534,1
0.0625,756,-0.708696902,-1.13990927,9.45599556,1
0.0625,757,-0.722789526,-1.15677977,9.4555378,1
0.0625,758,-0.73692888,-1.17375731,9.45516014,1
0.0625,759,-0.751113534,-1.19084024,9.45486259,1
0.0625,760,-0.765343368,-1.2080282,9.45464611,1
0.0625,761,-0.779621005,-1.22532427,9.4545145,1
0.0625,762,-0.793947339,-1.24272931,9.45446396,1
0.0625,763,-0.808318973,-1.26023924,9.45449638,1
0.0625,764,-0.822738051,-1.27785659,9.45461273,1
0.0625,765,-0.837206602,-1.29558372,9.45481491,1
0.0625,766,-0.851723194,-1.31341839,9.45510101,1
0.0625,767,-0.866289377,-1.33136272,9.45547199,1
0.0625,768,-0.88090378,-1.34941506,9.45593166,1
0.0625,769,-0.895570278,-1.36758006,9.45647717,1
0.0625,770,-0.910283685,-1.38585043,9.45711136,1
0.0625,771,-0.92505157,-1.40423656,9.45783234,1
0.0625,772,-0.939868212,-1.42273045,9.45864296,1
0.0625,773,-0.954737067,-1.44133651,9.45954323,1
0.0625,774,-0.969656587,-1.46005273,9.46053314,1
0.0625,775,-0.984627306,-1.47887933,9.46161461,1
0.0625,776,-0.999708593,-1.49789393,9.46286297,1
0.0625,777,-1.01478696,-1.51694787,9.46412659,1
0.0625,778,-1.02991569,-1.53611112,9.46548176,1
0.0625,779,-1.04509997,-1.55539,9.4669342,1
0.0625,780,-1.0603354,-1.57477868,9.46847725,1
0.0625,781,-1.07562923,-1.59428632,9.47011375,1
0.0625,782,-1.09097564,-1.61390531,9.4718504,1
0.0625,783,-1.10637593,-1.63363731,9.4736805,1
0.0625,784,-1.12183011,-1.65348208,9.47560596,1
0.0625,785,-1.1373415,-1.67344356,9.47763252,1
0.0625,786,-1.15290856,-1.69351971,9.4797554,1
0.0625,787,-1.16853261,-1.71371222,9.48197842,1
0.0625,788,-1.18421078,-1.73401701,9.48429966,1
0.0625,789,-1.1999464,-1.75443852,9.48672199,1
0.0625,790,-1.21573663,-1.7749728,9.48924541,1
0.0625,791,-1.23158824,-1.79562831,9.49187088,1
0.0625,792,-1.24749482,-1.81639671,9.49459839,1
0.0625,793,-1.26341236,-1.83722138,9.49737644,1
0.0625,794,-1.27943563,-1.85822392,9.50031471,1
0.0625,795,-1.29552066,-1.87934721,9.50335789,1
0.0625,796,-1.31166184,-1.90058434,9.50650597,1
0.0625,797,-1.32786369,-1.9219408,9.50976276,1
0.0625,798,-1.34411991,-1.94340849,9.51312065,1
0.0625,799,-1.36044359,-1.96500373,9.51659298,1
0.0625,800,-1.37682354,-1.98671234,9.52017212,1
0.0625,801,-1.39326358,-2.00853896,9.52386093,1
0.0625,802,-1.40976381,-2.03048301,9.52765942,1
0.0625,803,-1.42632675,-2.05254841,9.53157043,1
0.0625,804,-1.44294834,-2.07472897,9.53559208,1
0.0625,805,-1.45963323,-2.09703112,9.53972721,1
0.0625,806,-1.47637999,-2.11945224,9.54397964,1
0.0625,807,-1.4931854,-2.14198852,9.54833984,1
0.0625,808,-1.51005447,-2.16464615,9.55282021,1
0.0625,809,-1.52698624,-2.18742299,9.55741596,1
0.0625,810,-1.5439775,-2.21031594,9.56212521,1
0.0625,811,-1.56103468,-2.23333168,9.56695461,1
0.0625,812,-1.57815206,-2.25646377,9.57190323,1
0.0625,813,-1.59533477,-2.27971792,9.57697105,1
0.0625,814,-1.61257958,-2.3030901,9.58216095,1
0.0625,815,-1.6298871,-2.32658124,9.58747005,1
0.0625,816,-1.64726102,-2.35019469,9.59290314,1
0.0625,817,-1.66470027,-2.37392998,9.59845829,1
0.0625,818,-1.68220055,-2.39778113,9.60413456,1
0.0625,819,-1.69976544,-2.42175221,9.60993862,1
0.0625,820,-1.71739304,-2.44584036,9.61586666,1
0.0625,821,-1.73508739,-2.47005129,9.62192059,1
0.0625,822,-1.75284445,-2.49437881,9.62810516,1
0.0625,823,-1.77067137,-2.51883245,9.63441467,1
0.0625,824,-1.78855717,-2.54339719,9.64085484,1
0.0625,825,-1.80651498,-2.56809044,9.6474247,1
0.0625,826,-1.82453489,-2.59289908,9.65412521,1
0.0625,827,-1.84261978,-2.61782575,9.66095829,1
0.0625,828,-1.86077046,-2.64287233,9.66792297,1
0.0625,829,-1.87898779,-2.66803885,9.67502213,1
0.0625,830,-1.89727163,-2.69332504,9.68225861,1
0.0625,831,-1.91562033,-2.71872902,9.68962479,1
0.0625,832,-1.93403697,-2.74425411,9.6971302,1
0.0625,833,-1.95251787,-2.7698946,9.7047739,1
0.0625,834,-1.97106707,-2.79565644,9.71255589,1
0.0625,835,-1.98976529,-2.8216424,9.720541,1
0.0625,836,-2.00844955,-2.84764361,9.72860336,1
0.0625,837,-2.02720022,-2.87376213,9.73680592,1
0.0625,838,-2.04602146,-2.90000391,9.74515247,1
0.0625,839,-2.06490517,-2.92635703,9.75364208,1
0.0625,840,-2.08385825,-2.95283079,9.7622757,1
0.0625,841,-2.10287833,-2.97942233,9.77105331,1
0.0625,842,-2.1219666,-3.00613165,9.77997875,1
0.0625,843,-2.14112234,-3.03295827,9.78904915,1
0.0625,844,-2.16034365,-3.05989933,9.79826832,1
0.0625,845,-2.1796329,-3.08695745,9.80763817,1
0.0625,846,-2.1989913,-3.11413479,9.81715298,1
0.0625,847,-2.21836376,-3.14135528,9.82677555,1
0.0625,848,-2.23785901,-3.16876578,9.83659649,1
0.0625,849,-2.25741839,-3.19628644,9.84657288,1
0.0625,850,-2.27704692,-3.22392511,9.85669994,1
0.0625,851,-2.29674053,-3.25167465,9.86698055,1
0.0625,852,-2.31650376,-3.27954102,9.87741947,1
0.0625,853,-2.3363378,-3.30752563,9.88801479,1
0.0625,854,-2.35624409,-3.33562899,9.89877605,1
0.0625,855,-2.37621689,-3.36384439,9.9096899,1
0.0625,856,-2.39625072,-3.39216447,9.92076015,1
0.0625,857,-2.41635036,-3.42059422,9.93198967,1
0.0625,858,-2.43651986,-3.44913864,9.94338226,1
0.0625,859,-2.45675755,-3.47779608,9.95493507,1
0.0625,860,-2.4770627,-3.5065639,9.96665478,1
0.0625,861,-2.497437,-3.5354445,9.97853851,1
0.0625,862,-2.51787591,-3.56443214,9.99058437,1
0.0625,863,-2.53838491,-3.59353161,10.0028019,1
0.0625,864,-2.55896163,-3.6227417,10.0151844,1
0.0625,865,-2.57960463,-3.65205884,10.0277357,1
0.0625,866,-2.6003139,-3.68148279,10.0404568,1
0.0625,867,-2.62109041,-3.71101427,10.0533495,1
0.0625,868,-2.64193368,-3.74065232,10.066412,1
0.0625,869,-2.66284537,-3.77039862,10.0796452,1
0.0625,870,-2.68382454,-3.8002522,10.0930567,1
0.0625,871,-2.70487142,-3.83021116,10.1066418,1
0.0625,872,-2.72598171,-3.86027074,10.1203995,1
0.0625,873,-2.74716115,-3.89043808,10.1343355,1
0.0625,874,-2.76840758,-3.92070913,10.1484518,1
0.0625,875,-2.78971577,-3.95107698,10.1627407,1
0.0625,876,-2.81109643,-3.98155522,10.1772127,1
0.0625,877,-2.83254147,-4.01213264,10.1918659,1
0.0625,878,-2.85404968,-4.04280663,10.2066975,1
0.0625,879,-2.87562585,-4.07358408,10.221714,1
0.0625,880,-2.89725661,-4.10444546,10.236908,1
0.0625,881,-2.91896629,-4.13542366,10.2522936,1
0.0625,882,-2.94073176,-4.16648674,10.2678585,1
0.0625,883,-2.96257067,-4.19765759,10.2836161,1
0.0625,884,-2.98447132,-4.22892046,10.2995586,1
0.0625,885,-3.00644159,-4.26028538,10.3156919,1
0.0625,886,-3.02846861,-4.2917347,10.3320084,1
0.0625,887,-3.05056643,-4.32328558,10.3485222,1
0.0625,888,-3.07277608,-4.35498905,10.3652802,1
0.0625,889,-3.09499955,-4.38672209,10.3821754,1
0.0625,890,-3.11728501,-4.41854429,10.3992596,1
0.0625,891,-3.13963604,-4.45045853,10.4165449,1
0.0625,892,-3.16204643,-4.48245811,10.43402,1
0.0625,893,-3.18452525,-4.51455307,10.4516945,1
0.0625,894,-3.20706058,-4.5467267,10.4695597,1
0.0625,895,-3.22966003,-4.57898998,10.4876251,1
0.0625,896,-3.2523222,-4.61133814,10.5058937,1
0.0625,897,-3.27504873,-4.64377499,10.5243597,1
0.0625,898,-3.29783034,-4.6762867,10.5430222,1
0.0625,899,-3.32067657,-4.70888519,10.5618906,1
0.0625,900,-3.34358168,-4.74156284,10.5809565,1
0.0625,901,-3.36654782,-4.77432108,10.6002283,1
0.0625,902,-3.38957882,-4.80716324,10.61971,1
0.0625,903,-3.41266418,-4.84007788,10.639389,1
0.0625,904,-3.43580437,-4.87306213,10.6592722,1
0.0625,905,-3.45901179,-4.9061327,10.679369,1
0.0625,906,-3.48227477,-4.93927431,10.6996689,1
0.0625,907,-3.50559568,-4.97248888,10.7201748,1
0.0625,908,-3.52897263,-5.00577164,10.7408943,1
0.0625,909,-3.55241346,-5.0391345,10.7618265,1
0.0625,910,-3.57590604,-5.07255936,10.7829657,1
0.0625,911,-3.59945583,-5.10605431,10.8043137,1
0.0625,912,-3.62311482,-5.13968134,10.8259306,1
0.0625,913,-3.64677954,-5.17331171,10.8477097,1
0.0625,914,-3.67049336,-5.20699883,10.8696976,1
0.0625,915,-3.69426942,-5.24075794,10.8919058,1
0.0625,916,-3.71809721,-5.27457523,10.9143286,1
0.0625,917,-3.74198055,-5.30845499,10.9369707,1
0.0625,918,-3.76591516,-5.34239101,10.9598227,1
0.0625,919,-3.78990436,-5.37638664,10.9828978,1
0.0625,920,-3.81394339,-5.41043472,11.0061874,1
0.0625,921,-3.83804011,-5.44454527,11.0297031,1
0.0625,922,-3.86218214,-5.47870111,11.0534296,1
0.0625,923,-3.88638067,-5.51291561,11.0773849,1
0.0625,924,-3.91062737,-5.54717731,11.1015577,1
0.0625,925,-3.93492579,-5.58149004,11.1259565,1
0.0625,926,-3.95927382,-5.6158514,11.1505756,1
0.0625,927,-3.98366976,-5.65025616,11.1754169,1
0.0625,928,-4.00811338,-5.68470478,11.2004814,1
0.0625,929,-4.03260612,-5.71919823,11.2257738,1
0.0625,930,-4.0571456,-5.75373268,11.2512884,1
0.0625,931,-4.0817337,-5.78830814,11.2770309,1
0.0625,932,-4.10636663,-5.82292175,11.3030005,1
0.0625,933,-4.13104486,-5.85757065,11.3291922,1
0.0625,934,-4.15577126,-5.89225864,11.3556194,1
0.0625,935,-4.18053913,-5.9269762,11.3822689,1
0.0625,936,-4.20535088,-5.96172667,11.4091463,1
0.0625,937,-4.23020411,-5.99650431,11.4362516,1
0.0625,938,-4.25510406,-6.0313158,11.4635916,1
0.0625,939,-4.28004503,-6.06615257,11.4911604,1
0.0625,940,-4.30502701,-6.10101414,11.518959,1
0.0625,941,-4.33004475,-6.1358943,11.5469809,1
0.0625,942,-4.35510826,-6.17080212,11.5752459,1
0.0625,943,-4.38020992,-6.20572853,11.603735,1
0.0625,944,-4.40535498,-6.24067783,11.6324673,1
0.0625,945,-4.43052912,-6.27563429,11.6614189,1
0.0625,946,-4.45574999,-6.31061602,11.6906128,1
0.0625,947,-4.48099756,-6.34559822,11.7200327,1
0.0625,948,-4.50629187,-6.3806057,11.749692,1
0.0625,949,-4.53161478,-6.41561365,11.7795839,1
0.0625,950,-4.55697393,-6.45063066,11.8097115,1
0.0625,951,-4.58236647,-6.4856534,11.8400698,1
0.0625,952,-4.60779333,-6.52068043,11.8706684,1
0.0625,953,-4.63325024,-6.55570698,11.9014959,1
0.0625,954,-4.65873861,-6.590734,11.932559,1
0.0625,955,-4.68425941,-6.62576103,11.9638586,1
0.0625,956,-4.70980978,-6.66078281,11.9953947,1
0.0625,957,-4.7353878,-6.69579697,12.0271635,1
0.0625,958,-4.76099873,-6.73080873,12.0591755,1
0.0625,959,-4.78663349,-6.76580524,12.0914183,1
0.0625,960,-4.81228685,-6.80077982,12.1238937,1
0.0625,961,-4.83797503,-6.83575106,12.1566076,1
0.0625,962,-4.86369038,-6.87071133,12.1895618,1
0.0625,963,-4.88942719,-6.90564823,12.2227488,1
0.0625,964,-4.91518927,-6.94056749,12.2561741,1
0.0625,965,-4.94097614,-6.97546864,12.2898359,1
0.0625,966,-4.966784,-7.01034498,12.3237343,1
0.0625,967,-4.99261189,-7.04519367,12.3578663,1
0.0625,968,-5.01846027,-7.08001518,12.3922377,1
0.0625,969,-5.04430437,-7.11478376,12.426795,1
0.0625,970,-5.07019186,-7.14954376,12.4616394,1
0.0625,971,-5.09609604,-7.18426991,12.4967175,1
0.0625,972,-5.12201357,-7.21895695,12.5320244,1
0.0625,973,-5.14794827,-7.25360584,12.5675688,1
0.0625,974,-5.17390203,-7.28821993,12.6033554,1
0.0625,975,-5.19987011,-7.32279205,12.6393766,1
0.0625,976,-5.22584724,-7.35731459,12.6756239,1
0.0625,977,-5.25183868,-7.39179277,12.7121143,1
0.0625,978,-5.27783966,-7.42622042,12.7488327,1
0.0625,979,-5.30385399,-7.46060085,12.7857914,1
0.0625,980,-5.32987356,-7.49492264,12.8229752,1
0.0625,981,-5.35577011,-7.52905464,12.8601608,1
0.0625,982,-5.3818059,-7.56326485,12.8978128,1
0.0625,983,-5.4078517,-7.59742069,12.9357014,1
0.0625,984,-5.43390226,-7.63151169,12.9738197,1
0.0625,985,-5.45995665,-7.66554117,13.012166,1
0.0625,986,-5.4860177,-7.69950533,13.0507517,1
0.0625,987,-5.51208067,-7.73340178,13.0895634,1
0.0625,988,-5.53814316,-7.76722479,13.128602,1
0.0625,989,-5.56420898,-7.80097818,13.1678743,1
0.0625,990,-5.5902729,-7.83465528,13.2073727,1
0.0625,991,-5.61633682,-7.86825657,13.2471018,1
0.0625,992,-5.64240026,-7.90178204,13.2870569,1
0.0625,993,-5.66845417,-7.93521976,13.3272305,1
0.0625,994,-5.69450998,-7.96857882,13.3676414,1
0.0625,995,-5.72055626,-8.00184917,13.4082708,1
0.0625,996,-5.74659777,-8.03503323,13.4491253,1
0.0625,997,-5.77263165,-8.06812668,13.4902048,1
0.0625,998,-5.79865837,-8.10112953,13.5315056,1
0.0625,999,-5.82467842,-8.13404083,13.5730362,1
0.0625,1000,-5.85068274,-8.16684914,13.6147804,1
0.0625,1001,-5.87669182,-8.1995821,13.6567545,1
0.0625,1002,-5.90266991,-8.23219013,13.6989317,1
0.0625,1003,-5.92864132,-8.2647028,13.7413368,1
0.0625,1004,-5.95459557,-8.29710579,13.7839594,1
0.0625,1005,-5.98053503,-8.32940388,13.8267975,1
0.0625,1006,-6.00645781,-8.36159134,13.8698492,1
0.0625,1007,-6.03235912,-8.39366436,13.9131107,1
0.0625,1008,-6.05824947,-8.42562866,13.9566021,1
0.0625,1009,-6.08411312,-8.4574728,14.0002937,1
0.0625,1010,-6.10995579,-8.48919868,14.0441923,1
0.0625,1011,-6.13578224,-8.52081108,14.0883121,1
0.0625,1012,-6.16157913,-8.55229282,14.1326294,1
0.0625,1013,-6.18735361,-8.5836525,14.1771593,1
0.0625,1014,-6.21309805,-8.61488152,14.2218857,1
0.0625,1015,-6.23882198,-8.6459856,14.2668285,1
0.0625,1016,-6.26451492,-8.67695618,14.3119669,1
0.0625,1017,-6.29019594,-8.70780945,14.3573408,1
0.0625,1018,-6.31583214,-8.73851395,14.4028854,1
0.0625,1019,-6.34143829,-8.76908112,14.4486341,1
0.0625,1020,-6.36701155,-8.79950809,14.4945755,1
0.0625,1021,-6.39255762,-8.8297987,14.5407276,1
0.0625,1022,-6.4180584,-8.85993671,14.5870523,1
0.0625,1023,-6.44353485,-8.8899374,14.6335926,1
0.03125,0,4.54000619e-05,0,0,1
0.03125,1,0.000989567605,0.000852817437,1.03399734e-05,1
0.03125,2,0.0019625572,0.00173595641,2.16713906e-05,1
0.03125,3,0.00296489429,0.0026500565,3.40463994e-05,1
0.03125,4,0.0039971103,0.00359576591,4.75192064e-05,1
0.03125,5,0.00505974516,0.00457374472,6.21462023e-05,1
0.03125,6,0.00615334883,0.00558466464,7.79860202e-05,1
0.03125,7,0.00727846753,0.00662919786,9.50995163e-05,1
0.03125,8,0.00843566842,0.00770803913,0.00011355013,1
0.03125,9,0.00962551311,0.00882188324,0.000133403402,1
0.03125,10,0.0108485855,0.00997144543,0.000154727764,1
0.03125,11,0.0121054556,0.0111574354,0.000177594018,1
0.03125,12,0.0133967306,0.0123805981,0.000202075971,1
0.03125,13,0.0147229889,0.0136416582,0.000228249788,1
0.03125,14,0.0160848536,0.0149413832,0.000256194908,1
0.03125,15,0.0174829271,0.0162805244,0.000285993476,1
0.03125,16,0.0189178307,0.0176598579,0.000317730766,1
0.03125,17,0.0203901958,0.0190801751,0.000351495371,1
0.03125,18,0.0219006538,0.0205422584,0.000387378939,1
0.03125,19,0.0234498531,0.0220469236,0.000425476668,1
0.03125,20,0.025038451,0.0235949941,0.0004658869,1
0.03125,21,0.0266670957,0.0251872893,0.000508711615,1
0.03125,22,0.0283364635,0.0268246587,0.000554057246,1
0.03125,23,0.0300472341,0.0285079554,0.000602032756,1
0.03125,24,0.0318000875,0.0302380398,0.000652751827,1
0.03125,25,0.0335957184,0.032015793,0.000706331921,1
0.03125,26,0.035434816,0.033842098,0.000762894575,1
0.03125,27,0.0373181105,0.0357178636,0.0008225661,1
0.03125,28,0.0392463133,0.0376440026,0.000885476824,1
0.03125,29,0.0412201583,0.0396214463,0.000951761496,1
0.03125,30,0.0432403609,0.0416511223,0.00102155935,1
0.03125,31,0.0453076847,0.043733988,0.00109501509,1
0.03125,32,0.0474228747,0.0458710082,0.00117227831,1
0.03125,33,0.0495867133,0.0480631702,0.00125350291,1
0.03125,34,0.0517999344,0.0503114387,0.00133884838,1
0.03125,35,0.0540633574,0.0526168458,0.00142848073,1
0.03125,36,0.0563777424,0.0549803823,0.00152256934,1
0.03125,37,0.0587439276,0.0574031137,0.00162129209,1
0.03125,38,0.0611626618,0.0598860383,0.00172482897,1
0.03125,39,0.0636348277,0.0624302663,0.00183337077,1
0.03125,40,0.066161193,0.065036796,0.00194710947,1
0.03125,41,0.0687426403,0.0677067861,0.00206624763,1
0.03125,42,0.0713800117,0.070441328,0.0021909934,1
0.03125,43,0.0740741193,0.0732414648,0.00232155854,1
0.03125,44,0.0768258721,0.0761083961,0.0024581668,1
0.03125,45,0.0796361491,0.0790432468,0.00260104565,1
0.03125,46,0.0825057998,0.0820471421,0.00275042956,1
0.03125,47,0.085435763,0.0851212963,0.00290656323,1
0.03125,48,0.0884269103,0.0882668719,0.00306969788,1
0.03125,49,0.091480121,0.0914850235,0.00324008893,1
0.03125,50,0.0945964009,0.0947770402,0.0034180088,1
0.03125,51,0.0977766812,0.0981441513,0.00360373314,1
0.03125,52,0.101021826,0.101587541,0.00379754114,1
0.03125,53,0.104332864,0.1051085,0.00399973011,1
0.03125,54,0.107710741,0.108708322,0.00421060203,1
0.03125,55,0.111156426,0.112388261,0.00443046773,1
0.03125,56,0.11467091,0.116149649,0.00465965038,1
0.03125,57,0.118255131,0.119993731,0.00489847409,1
0.03125,58,0.121910237,0.123921983,0.00514729274,1
0.03125,59,0.125637114,0.127935648,0.00540644675,1
0.03125,60,0.12943688,0.132036164,0.00567630818,1
0.03125,61,0.133310527,0.136224836,0.00595724443,1
0.03125,62,0.137259081,0.140503094,0.00624964014,1
0.03125,63,0.141283616,0.144872367,0.00655389251,1
0.03125,64,0.145385295,0.149334103,0.00687041506,1
0.03125,65,0.149565056,0.153889701,0.00719962036,1
0.03125,66,0.153824061,0.158540621,0.00754194381,1
0.03125,67,0.158163458,0.163288429,0.00789783522,1
0.03125,68,0.16258435,0.16813457,0.00826775376,1
0.03125,69,0.167087778,0.173080504,0.00865216367,1
0.03125,70,0.171674982,0.178127855,0.00905156229,1
0.03125,71,0.176347002,0.183278054,0.00946643762,1
0.03125,72,0.181105137,0.188532799,0.00989731774,1
0.03125,73,0.185950413,0.193893522,0.0103447214,1
0.03125,74,0.190884188,0.199361995,0.0108092055,1
0.03125,75,0.195907399,0.204939574,0.011291313,1
0.03125,76,0.201021463,0.210628107,0.0117916353,1
0.03125,77,0.206227571,0.216429189,0.0123107675,1
0.03125,78,0.211526915,0.222344488,0.0128493123,1
0.03125,79,0.216920674,0.228375599,0.0134078953,1
0.03125,80,0.222410113,0.234524205,0.0139871603,1
0.03125,81,0.227996647,0.240792245,0.0145877888,1
0.03125,82,0.233681321,0.247181132,0.0152104385,1
0.03125,83,0.239465609,0.253692836,0.0158558227,1
0.03125,84,0.245350674,0.260329038,0.0165246595,1
0.03125,85,0.251337826,0.267091423,0.0172176789,1
0.03125,86,0.257428497,0.273981929,0.017935656,1
0.03125,87,0.263623893,0.281002283,0.0186793692,1
0.03125,88,0.269925505,0.288154483,0.0194496233,1
0.03125,89,0.276334465,0.295440018,0.0202472191,1
0.03125,90,0.282852232,0.302861005,0.0210730303,1
0.03125,91,0.289480269,0.310419351,0.0219279137,1
0.03125,92,0.296219796,0.318116754,0.022812767,1
0.03125,93,0.303072393,0.325955302,0.0237285011,1
0.03125,94,0.310039341,0.33393687,0.0246760696,1
0.03125,95,0.317121983,0.342063248,0.0256564096,1
0.03125,96,0.324321955,0.350336641,0.0266705509,1
0.03125,97,0.331640512,0.358758748,0.0277194772,1
0.03125,98,0.339079082,0.367331594,0.0288042314,1
0.03125,99,0.346639335,0.376057446,0.0299259275,1
0.03125,100,0.354322523,0.384938002,0.0310856178,1
0.03125,101,0.362130225,0.393975496,0.0322844535,1
0.03125,102,0.370063961,0.403171867,0.0335235894,1
0.03125,103,0.378125072,0.412529081,0.0348042026,1
0.03125,104,0.386315376,0.422049612,0.0361275412,1
0.03125,105,0.394636035,0.431735009,0.0374947973,1
0.03125,106,0.403088838,0.441587746,0.0389073044,1
0.03125,107,0.411675036,0.451609582,0.0403663181,1
0.03125,108,0.420396477,0.461802959,0.0418732315,1
0.03125,109,0.429254681,0.472169995,0.0434294231,1
0.03125,110,0.438251048,0.482712656,0.0450362712,1
0.03125,111,0.447387069,0.493432999,0.0466952175,1
0.03125,112,0.456664473,0.504333377,0.0484077521,1
0.03125,113,0.466084987,0.515416026,0.0501754358,1
0.03125,114,0.475650072,0.526683092,0.0519997887,1
0.03125,115,0.485361218,0.538136542,0.0538823865,1
0.03125,116,0.495220482,0.549779236,0.0558249541,1
0.03125,117,0.505228817,0.561612487,0.0578290299,1
0.03125,118,0.515388429,0.573639214,0.0598964207,1
0.03125,119,0.525700688,0.585861385,0.0620288514,1
0.03125,120,0.536167204,0.598281085,0.0642280877,1
0.03125,121,0.546789646,0.6109007,0.0664959997,1
0.03125,122,0.557569861,0.623722672,0.0688344762,1
0.03125,123,0.568509102,0.63674885,0.0712453872,1
0.03125,124,0.579609573,0.649981916,0.0737307668,1
0.03125,125,0.590872288,0.663423598,0.0762925223,1
0.03125,126,0.602299809,0.677076995,0.0789328814,1
0.03125,127,0.613893211,0.690943897,0.0816538632,1
0.03125,128,0.625654101,0.705026329,0.0844575688,1
0.03125,129,0.637584388,0.719326735,0.0873462334,1
0.03125,130,0.64968574,0.733847678,0.0903221518,1
0.03125,131,0.661959708,0.748590887,0.0933875516,1
0.03125,132,0.674408138,0.763559043,0.096544832,1
0.03125,133,0.687032938,0.778754532,0.0997964665,1
0.03125,134,0.699835181,0.794179082,0.103144757,1
0.03125,135,0.712816894,0.809835076,0.106592268,1
0.03125,136,0.725980341,0.825725615,0.110141732,1
0.03125,137,0.739326358,0.84185189,0.113795556,1
0.03125,138,0.752857208,0.858216643,0.11755652,1
0.03125,139,0.766574025,0.874821723,0.121427253,1
0.03125,140,0.780479014,0.891669691,0.125410676,1
0.03125,141,0.794573724,0.908762693,0.129509583,1
0.03125,142,0.808860064,0.926103175,0.133726954,1
0.03125,143,0.823339164,0.943692684,0.138065562,1
0.03125,144,0.838013053,0.961533785,0.142528608,1
0.03125,145,0.85288322,0.979628205,0.147119045,1
0.03125,146,0.867951572,0.997978568,0.15184015,1
0.03125,147,0.883219957,1.01658726,0.156695172,1
0.03125,148,0.898689449,1.03545535,0.16168721,1
0.03125,149,0.914362013,1.0545857,0.166819721,1
0.03125,150,0.930239499,1.07398021,0.172096178,1
0.03125,151,0.946323216,1.09364069,0.177519917,1
0.03125,152,0.962614655,1.11356902,0.183094501,1
0.03125,153,0.979116142,1.13376784,0.1888237,1
0.03125,154,0.99582845,1.15423834,0.19471094,1
0.03125,155,1.01275361,1.17498255,0.200760171,1
0.03125,156,1.02989316,1.19600272,0.206975117,1
0.03125,157,1.04724789,1.21729934,0.213359386,1
0.03125,158,1.06482029,1.23887575,0.219917372,1
0.03125,159,1.08261156,1.26073277,0.226652801,1
0.03125,160,1.10062325,1.2828728,0.233570024,1
0.03125,161,1.11885667,1.30529678,0.240672916,1
0.03125,162,1.13731372,1.32800686,0.247965932,1
0.03125,163,1.15599525,1.35100412,0.255453229,1
0.03125,164,1.17490292,1.37428999,0.263139248,1
0.03125,165,1.19403851,1.39786673,0.271028608,1
0.03125,166,1.21340251,1.42173445,0.279125422,1
0.03125,167,1.23299682,1.44589531,0.287434578,1
0.03125,168,1.252823,1.47035062,0.295960814,1
0.03125,169,1.27288151,1.49510074,0.30470854,1
0.03125,170,1.29317451,1.52014768,0.313682884,1
0.03125,171,1.31370223,1.5454917,0.322888464,1
0.03125,172,1.33446717,1.57113481,0.332330704,1
0.03125,173,1.35546923,1.59707677,0.342014074,1
0.03125,174,1.37670982,1.62331855,0.351943851,1
0.03125,175,1.3981905,1.64986181,0.362125576,1
0.03125,176,1.41991198,1.67670643,0.372564137,1
0.03125,177,1.44187534,1.70385313,0.383264959,1
0.03125,178,1.46408117,1.7313019,0.394233167,1
0.03125,179,1.48653066,1.75905371,0.405474603,1
0.03125,180,1.50922477,1.78710866,0.416994691,1
0.03125,181,1.53216422,1.81546688,0.428798974,1
0.03125,182,1.55534983,1.84412837,0.440893173,1
0.03125,183,1.5787822,1.87309313,0.453283042,1
0.03125,184,1.60246193,1.90236104,0.465974241,1
0.03125,185,1.62638974,1.93193161,0.478972912,1
0.03125,186,1.65056598,1.96180439,0.492284477,1
0.03125,187,1.67499185,1.99197972,0.505915761,1
0.03125,188,1.69966698,2.02245617,0.519872129,1
0.03125,189,1.72459233,2.05323315,0.534160078,1
0.03125,190,1.74976742,2.08430934,0.548785269,1
0.03125,191,1.77519321,2.11568427,0.563754618,1
0.03125,192,1.80086946,2.14735627,0.579073846,1
0.03125,193,1.82679629,2.17932415,0.594749451,1
0.03125,194,1.85297406,2.21158671,0.610788047,1
0.03125,195,1.879403,2.24414301,0.627196193,1
0.03125,196,1.9060818,2.27698922,0.643979669,1
0.03125,197,1.93301129,2.31012511,0.661145568,1
0.03125,198,1.96019089,2.34354782,0.678700209,1
0.03125,199,1.98762107,2.37725663,0.696650982,1
0.03125,200,2.01529932,2.41124606,0.715003073,1
0.03125,201,2.0432272,2.44551635,0.73376447,1
0.03125,202,2.07140326,2.48006344,0.752941191,1
0.03125,203,2.0998261,2.51488376,0.772539854,1
0.03125,204,2.12849689,2.54997659,0.792568207,1
0.03125,205,2.15741301,2.58533645,0.813032031,1
0.03125,206,2.18657303,2.62095881,0.833937526,1
0.03125,207,2.21597767,2.65684319,0.855293274,1
0.03125,208,2.2456255,2.69298387,0.877105355,1
0.03125,209,2.27551389,2.72937655,0.899380028,1
0.03125,210,2.30564237,2.7660172,0.922124326,1
0.03125,211,2.33600926,2.80290103,0.945345461,1
0.03125,212,2.36661315,2.84002423,0.96904999,1
0.03125,213,2.39745188,2.87738037,0.99324429,1
0.03125,214,2.4285233,2.91496491,1.01793504,1
0.03125,215,2.45982647,2.95277286,1.04312992,1
0.03125,216,2.491359,2.99079823,1.0688349,1
0.03125,217,2.52311897,3.02903605,1.09505713,1
0.03125,218,2.55510306,3.0674789,1.12180209,1
0.03125,219,2.58730912,3.10612035,1.14907718,1
0.03125,220,2.61973643,3.14495635,1.17689002,1
0.03125,221,2.65237951,3.18397713,1.20524454,1
0.03125,222,2.68523741,3.22317696,1.23414886,1
0.03125,223,2.71830654,3.26254916,1.26360881,1
0.03125,224,2.75158334,3.30208516,1.29363036,1
0.03125,225,2.78506637,3.34177828,1.3242203,1
0.03125,226,2.8187499,3.38161898,1.35538375,1
0.03125,227,2.852633,3.42160177,1.38712811,1
0.03125,228,2.88670897,3.46171427,1.41945648,1
0.03125,229,2.92097712,3.50195146,1.45237768,1
0.03125,230,2.95543146,3.54230261,1.48589516,1
0.03125,231,2.99006891,3.5827589,1.52001512,1
0.03125,232,3.02488613,3.62331176,1.55474377,1
0.03125,233,3.0598774,3.66395068,1.59008515,1
0.03125,234,3.09503746,3.70466399,1.6260432,1
0.03125,235,3.13036323,3.74544358,1.66262412,1
0.03125,236,3.16584945,3.78627896,1.69983256,1
0.03125,237,3.20149088,3.82715893,1.73767233,1
0.03125,238,3.23728323,3.86807323,1.77614844,1
0.03125,239,3.2732203,3.90900898,1.81526411,1
0.03125,240,3.30929804,3.94995785,1.85502446,1
0.03125,241,3.34550929,3.99090552,1.89543247,1
0.03125,242,3.38184929,4.0318408,1.93649077,1
0.03125,243,3.41831231,4.07275295,1.97820365,1
0.03125,244,3.4548912,4.11362696,2.02057266,1
0.03125,245,3.49158144,4.15445328,2.06360221,1
0.03125,246,3.52837563,4.19521713,2.10729384,1
0.03125,247,3.5652678,4.23590755,2.15164948,1
0.03125,248,3.60225129,4.27650881,2.19667196,1
0.03125,249,3.63931847,4.31700897,2.24236107,1
0.03125,250,3.67646432,4.35739565,2.28872013,1
0.03125,251,3.71368003,4.3976531,2.33574867,1
0.03125,252,3.75096011,4.43776941,2.38344979,1
0.03125,253,3.78829503,4.47772837,2.43181944,1
0.03125,254,3.82567835,4.51751661,2.48086119,1
0.03125,255,3.86310339,4.5571208,2.53057456,1
0.03125,256,3.90056205,4.59652567,2.58095884,1
0.03125,257,3.93804431,4.63571501,2.63201022,1
0.03125,258,3.97554421,4.67467642,2.68372965,1
0.03125,259,4.01305294,4.71339273,2.73611522,1
0.03125,260,4.05056238,4.75185108,2.7891655,1
0.03125,261,4.08806419,4.7900362,2.8428762,1
0.03125,262,4.12554932,4.82792997,2.89724565,1
0.03125,263,4.16300869,4.86551952,2.95226979,1
0.03125,264,4.20043468,4.90278912,3.00794697,1
0.03125,265,4.23781824,4.93972301,3.06427193,1
0.03125,266,4.27514935,4.97630596,3.12123799,1
0.03125,267,4.31241941,5.01252222,3.17884398,1
0.03125,268,4.34961891,5.04835558,3.237082,1
0.03125,269,4.38673878,5.08379126,3.29594755,1
0.03125,270,4.42376995,5.11881399,3.35543442,1
0.03125,271,4.46070242,5.15340853,3.41553521,1
0.03125,272,4.49752522,5.18755674,3.47624421,1
0.03125,273,4.53423119,5.22124672,3.53755212,1
0.03125,274,4.57080889,5.25446033,3.5994525,1
0.03125,275,4.60724974,5.28718424,3.66193819,1
0.03125,276,4.64354038,5.31940031,3.72499561,1
0.03125,277,4.67967558,5.35109758,3.78862143,1
0.03125,278,4.71564198,5.38225651,3.85280323,1
0.03125,279,4.75143051,5.41286516,3.91753054,1
0.03125,280,4.78703165,5.44290876,3.982795,1
0.03125,281,4.82243443,5.4723711,4.04858398,1
0.03125,282,4.85762882,5.50123882,4.11488628,1
0.03125,283,4.89260435,5.52949715,4.18168879,1
0.03125,284,4.92735004,5.55713177,4.248981,1
0.03125,285,4.96185732,5.58412981,4.31675053,1
0.03125,286,4.99611521,5.61047745,4.38498592,1
0.03125,287,5.03011274,5.63616085,4.45366812,1
0.03125,288,5.06384039,5.6611681,4.52278852,1
0.03125,289,5.09728765,5.68548536,4.59233141,1
0.03125,290,5.13044453,5.70909977,4.66228104,1
0.03125,291,5.16330099,5.73200035,4.73262501,1
0.03125,292,5.19584703,5.75417566,4.80334663,1
0.03125,293,5.22807074,5.77561188,4.87442923,1
0.03125,294,5.25996447,5.79630041,4.94585752,1
0.03125,295,5.29151678,5.81622934,5.01761436,1
0.03125,296,5.32271814,5.83538771,5.08968496,1
0.03125,297,5.35355806,5.85376644,5.16204929,1
0.03125,298,5.38402843,5.87135601,5.23469114,1
0.03125,299,5.41411877,5.88814688,5.30759668,1
0.03125,300,5.44381905,5.90413046,5.38074303,1
0.03125,301,5.47312021,5.9192996,5.45411158,1
0.03125,302,5.50201225,5.93364382,5.52768803,1
0.03125,303,5.53048706,5.94715738,5.6014514,1
0.03125,304,5.55853462,5.95983315,5.67538261,1
0.03125,305,5.58614731,5.97166491,5.74946594,1
0.03125,306,5.61331463,5.98264647,5.82367659,1
0.03125,307,5.64002848,5.99277115,5.8979969,1
0.03125,308,5.66628027,6.00203705,5.97240829,1
0.03125,309,5.6920619,6.01043749,6.04688978,1
0.03125,310,5.71736622,6.01796961,6.12142324,1
0.03125,311,5.74218369,6.02462959,6.19598722,1
0.03125,312,5.76650667,6.03041363,6.27056313,1
0.03125,313,5.79032803,6.03532028,6.34512854,1
0.03125,314,5.81364059,6.0393486,6.41966391,1
0.03125,315,5.83643723,6.0424962,6.49415207,1
0.03125,316,5.85870981,6.04476261,6.56856728,1
0.03125,317,5.88045263,6.04614735,6.6428957,1
0.03125,318,5.90165854,6.04665232,6.71710873,1
0.03125,319,5.92232227,6.04627609,6.79119444,1
0.03125,320,5.94243574,6.04502249,6.86512566,1
0.03125,321,5.96199465,6.0428915,6.93888855,1
0.03125,322,5.98099375,6.03988743,7.01245928,1
0.03125,323,5.99942732,6.0360136,7.08581924,1
0.03125,324,6.01728916,6.03127098,7.15894794,1
0.03125,325,6.03457451,6.02566528,7.23182678,1
0.03125,326,6.05128002,6.01920176,7.30443335,1
0.03125,327,6.06740093,6.01188469,7.37675285,1
0.03125,328,6.08293247,6.00372028,7.44876289,1
0.03125,329,6.09787178,5.99471378,7.52044725,1
0.03125,330,6.11221457,5.98487282,7.59178495,1
0.03125,331,6.12595701,5.97420406,7.6627574,1
0.03125,332,6.13909817,5.96271563,7.73334789,1
0.03125,333,6.15163279,5.95041609,7.80353594,1
0.03125,334,6.16356039,5.93731213,7.8733077,1
0.03125,335,6.17487812,5.92341328,7.94264317,1
0.03125,336,6.18558264,5.90873098,8.01152611,1
0.03125,337,6.19567537,5.89327335,8.0799408,1
0.03125,338,6.20515203,5.8770504,8.14787102,1
0.03125,339,6.21401262,5.86007357,8.21529865,1
0.03125,340,6.22225761,5.8423543,8.28221035,1
0.03125,341,6.22988462,5.82390356,8.34858894,1
0.03125,342,6.23689413,5.80473328,8.41442108,1
0.03125,343,6.24328613,5.78485489,8.47969151,1
0.03125,344,6.24906158,5.76428127,8.54438782,1
0.03125,345,6.25422001,5.74302578,8.6084938,1
0.03125,346,6.25876188,5.72110128,8.67199993,1
0.03125,347,6.26269007,5.69851923,8.73488808,1
0.03125,348,6.26600409,5.67529535,8.79715347,1
0.03125,349,6.26870728,5.65144348,8.85877705,1
0.03125,350,6.27080059,5.62697697,8.91975021,1
0.03125,351,6.27228594,5.60190964,8.98006248,1
0.03125,352,6.27316666,5.57625866,9.03970528,1
0.03125,353,6.27344465,5.55003595,9.09866238,1
0.03125,354,6.27312279,5.5232563,9.15692997,1
0.03125,355,6.2722044,5.49593544,9.21449947,1
0.03125,356,6.2706933,5.4680891,9.27135658,1
0.03125,357,6.26859093,5.43973207,9.32749653,1
0.03125,358,6.2659049,5.410882,9.38291168,1
0.03125,359,6.26263571,5.38154984,9.43759441,1
0.03125,360,6.25878906,5.35175562,9.49153805,1
0.03125,361,6.25437021,5.32151318,9.54473686,1
0.03125,362,6.24938393,5.29084063,9.59718323,1
0.03125,363,6.24383402,5.25974941,9.64887428,1
0.03125,364,6.2377243,5.22825718,9.69980335,1
0.03125,365,6.23106194,5.19637918,9.74996853,1
0.03125,366,6.22385073,5.16412687,9.799366,1
0.03125,367,6.21609783,5.13152456,9.84798622,1
0.03125,368,6.20780897,5.09858465,9.89583111,1
0.03125,369,6.19899035,5.06532288,9.94289875,1
0.03125,370,6.18964672,5.03175497,9.98918343,1
0.03125,371,6.17978573,4.99789572,10.0346851,1
0.03125,372,6.16941261,4.96376038,10.079402,1
0.03125,373,6.15853357,4.92936325,10.123333,1
0.03125,374,6.14715815,4.89472294,10.1664801,1
0.03125,375,6.13528967,4.85985136,10.2088394,1
0.03125,376,6.12293625,4.82476377,10.2504139,1
0.03125,377,6.11010551,4.78947639,10.2912025,1
0.03125,378,6.09680414,4.75400162,10.3312082,1
0.03125,379,6.08303928,4.71836233,10.3704309,1
0.03125,380,6.06882,4.68255568,10.4088717,1
0.03125,381,6.0541501,4.64660931,10.4465332,1
0.03125,382,6.03904057,4.61053658,10.4834185,1
0.03125,383,6.02349758,4.57434797,10.5195303,1
0.03125,384,6.00752878,4.53805685,10.5548716,1
0.03125,385,5.99114084,4.50168371,10.5894461,1
0.03125,386,5.97434282,4.46522951,10.6232548,1
0.03125,387,5.95714283,4.42871094,10.6563072,1
0.03125,388,5.93954802,4.39214516,10.6885986,1
0.03125,389,5.92156744,4.35554218,10.7201424,1
0.03125,390,5.9032073,4.31891346,10.7509375,1
0.03125,391,5.88447809,4.28227282,10.7809944,1
0.03125,392,5.8653841,4.24562931,10.8103132,1
0.03125,393,5.84593773,4.208992,10.8389025,1
0.03125,394,5.82614374,4.1723814,10.866765,1
0.03125,395,5.80600977,4.13579988,10.8939095,1
0.03125,396,5.78554583,4.09926367,10.9203424,1
0.03125,397,5.76476097,4.06278181,10.9460678,1
0.03125,398,5.7436595,4.02635908,10.9710884,1
0.03125,399,5.7222538,3.9900136,10.9954214,1
0.03125,400,5.70054817,3.95374918,11.0190659,1
0.03125,401,5.6785531,3.91757941,11.0420322,1
0.03125,402,5.65627432,3.88150954,11.0643253,1
0.03125,403,5.63372087,3.8455534,11.0859661,1
0.03125,404,5.61090422,3.8097167,11.1069365,1
0.03125,405,5.58782291,3.77399659,11.1272573,1
0.03125,406,5.56449461,3.73841906,11.1469364,1
0.03125,407,5.54092216,3.70298362,11.1659784,1
0.03125,408,5.51711512,3.66769886,11.1843958,1
0.03125,409,5.49307919,3.63257146,11.2021923,1
0.03125,410,5.46882343,3.59760952,11.2193766,1
0.03125,411,5.44435644,3.56281877,11.235961,1
0.03125,412,5.41968346,3.52820635,11.2519474,1
0.03125,413,5.3948164,3.49378395,11.2673435,1
0.03125,414,5.36975622,3.45954704,11.2821655,1
0.03125,415,5.34451199,3.42550349,11.2964182,1
0.03125,416,5.3190918,3.39166164,11.3101072,1
0.03125,417,5.29350471,3.3580277,11.3232431,1
0.03125,418,5.26775646,3.32460618,11.3358345,1
0.03125,419,5.24185085,3.29139829,11.3478889,1
0.03125,420,5.21580124,3.25841379,11.3594122,1
0.03125,421,5.18960953,3.22565413,11.3704157,1
0.03125,422,5.16328478,3.19312477,11.380908,1
0.03125,423,5.13683414,3.1608243,11.3909044,1
0.03125,424,5.11026049,3.1287632,11.4003963,1
0.03125,425,5.08357334,3.09694362,11.4094019,1
0.03125,426,5.05677843,3.06536579,11.4179287,1
0.03125,427,5.02988005,3.03403425,11.4259825,1
0.03125,428,5.00288868,3.00295329,11.4335756,1
0.03125,429,4.97580624,2.97212315,11.4407129,1
0.03125,430,4.94864368,2.94155002,11.4474077,1
0.03125,431,4.92140007,2.9112308,11.4536591,1
0.03125,432,4.89408684,2.88117981,11.4594669,1
0.03125,433,4.86670828,2.85138178,11.4648685,1
0.03125,434,4.83926868,2.82184362,11.4698553,1
0.03125,435,4.81177521,2.79256368,11.4744453,1
0.03125,436,4.78423405,2.763556,11.4786282,1
0.03125,437,4.75664711,2.73481369,11.482419,1
0.03125,438,4.72902203,2.70633936,11.4858284,1
0.03125,439,4.70136499,2.67813373,11.488862,1
0.03125,440,4.67367744,2.65019488,11.4915266,1
0.03125,441,4.64596844,2.62252855,11.4938307,1
0.03125,442,4.61824083,2.59513187,11.4957829,1
0.03125,443,4.59049797,2.56800318,11.4973879,1
0.03125,444,4.56274223,2.54114723,11.4986525,1
0.03125,445,4.5349865,2.51456094,11.499588,1
0.03125,446,4.50723219,2.48823762,11.5002155,1
0.03125,447,4.47948027,2.46219158,11.5005112,1
0.03125,448,4.45173645,2.43641639,11.500495,1
0.03125,449,4.42399693,2.41089606,11.5001783,1
0.03125,450,4.3962822,2.38565874,11.4995623,1
0.03125,451,4.36858654,2.36068821,11.4986544,1
0.03125,452,4.34091568,2.33598614,11.4974623,1
0.03125,453,4.31327391,2.31155086,11.4959936,1
0.03125,454,4.28566265,2.28738141,11.4942532,1
0.03125,455,4.25808716,2.26347637,11.4922495,1
0.03125,456,4.23055124,2.2398355,11.4899864,1
0.03125,457,4.20305681,2.21645641,11.4874725,1
0.03125,458,4.1756053,2.19334865,11.4846916,1
0.03125,459,4.14820719,2.17049313,11.4816904,1
0.03125,460,4.12085915,2.14789367,11.4784536,1
0.03125,461,4.09356928,2.12555742,11.474987,1
0.03125,462,4.06633282,2.10346937,11.4712982,1
0.03125,463,4.03915596,2.08163452,11.4673901,1
0.03125,464,4.01204252,2.06004262,11.4632921,1
0.03125,465,3.98499632,2.03871012,11.4589672,1
0.03125,466,3.95801163,2.01761675,11.4544401,1
0.03125,467,3.93110609,1.99677956,11.4497175,1
0.03125,468,3.90427351,1.97618628,11.4448032,1
0.03125,469,3.87751842,1.95583797,11.439703,1
0.03125,470,3.85084152,1.93572927,11.4344234,1
0.03125,471,3.82424378,1.91585779,11.4289646,1
0.03125,472,3.79772806,1.89622235,11.4233332,1
0.03125,473,3.77129889,1.87682331,11.4175367,1
0.03125,474,3.74495578,1.85765529,11.4115782,1
0.03125,475,3.71870017,1.83871746,11.4054594,1
0.03125,476,3.69253683,1.82000744,11.399189,1
0.03125,477,3.66646481,1.80152273,11.3927689,1
0.03125,478,3.64048743,1.78326178,11.3862047,1
0.03125,479,3.61460471,1.76522136,11.3794985,1
0.03125,480,3.58881855,1.7474004,11.372654,1
0.03125,481,3.56314492,1.72981071,11.3656836,1
0.03125,482,3.53756142,1.71242332,11.3585796,1
0.03125,483,3.5120759,1.695243,11.3513517,1
0.03125,484,3.48669338,1.67827153,11.3440037,1
0.03125,485,3.46141219,1.66148353,11.3365402,1
0.03125,486,3.43623972,1.64492345,11.3289604,1
0.03125,487,3.4111712,1.6285634,11.32127,1
0.03125,488,3.38621092,1.61240399,11.3134737,1
0.03125,489,3.36135101,1.59643102,11.3055744,1
0.03125,490,3.33659196,1.58062756,11.297595,1
0.03125,491,3.31195784,1.56504965,11.2894974,1
0.03125,492,3.28743577,1.54966319,11.2813044,1
0.03125,493,3.26302457,1.53446102,11.2730255,1
0.03125,494,3.2387259,1.51944387,11.264657,1
0.03125,495,3.21454191,1.50460982,11.2562075,1
0.03125,496,3.19047022,1.48995447,11.2476759,1
0.03125,497,3.16651392,1.47547662,11.2390633,1
0.03125,498,3.14267302,1.46117425,11.2303782,1
0.03125,499,3.1189456,1.44704151,11.2216187,1
0.03125,500,3.09536409,1.43310404,11.2128086,1
0.03125,501,3.0718708,1.41930938,11.2039156,1
0.03125,502,3.04849315,1.40567887,11.1949549,1
0.03125,503,3.02523327,1.39221001,11.185935,1
0.03125,504,3.00209093,1.37890148,11.176856,1
0.03125,505,2.97906375,1.36574781,11.1677179,1
0.03125,506,2.95615816,1.35275292,11.1585255,1
0.03125,507,2.93336725,1.33990765,11.1492796,1
0.03125,508,2.91069484,1.32721281,11.1399841,1
0.03125,509,2.88814282,1.31466722,11.1306419,1
0.03125,510,2.86570692,1.30226541,11.1212511,1
0.03125,511,2.84338903,1.29000688,11.1118174,1
0.03125,512,2.82118893,1.27788723,11.1023426,1
0.03125,513,2.79910803,1.26590705,11.0928288,1
0.03125,514,2.77714658,1.25406432,11.0832767,1
0.03125,515,2.75530005,1.24235165,11.0736885,1
0.03125,516,2.73357439,1.23077345,11.0640669,1
0.03125,517,2.71196413,1.21932065,11.0544138,1
0.03125,518,2.69047236,1.20799696,11.0447292,1
0.03125,519,2.66909838,1.19679749,11.035018,1
0.03125,520,2.6478405,1.18571889,11.025279,1
0.03125,521,2.62669945,1.17476094,11.0155153,1
0.03125,522,2.60567498,1.16391945,11.0057287,1
0.03125,523,2.58476734,1.1531949,10.9959192,1
0.03125,524,2.56397533,1.14258301,10.9860907,1
0.03125,525,2.54329777,1.13208199,10.9762411,1
0.03125,526,2.52275705,1.12172222,10.9663544,1
0.03125,527,2.50231075,1.11143887,10.9564743,1
0.03125,528,2.48197722,1.1012578,10.946578,1
0.03125,529,2.46176028,1.09118176,10.9366703,1
0.03125,530,2.44165516,1.08120537,10.9267511,1
0.03125,531,2.42166162,1.07132542,10.9168215,1
0.03125,532,2.40178275,1.06154442,10.9068832,1
0.03125,533,2.3820138,1.05185688,10.8969355,1
0.03125,534,2.36235833,1.0422622,10.8869848,1
0.03125,535,2.34281015,1.03275609,10.8770275,1
0.03125,536,2.32337451,1.02334058,10.8670635,1
0.03125,537,2.30404806,1.01400983,10.8571005,1
0.03125,538,2.28483081,1.00476551,10.8471336,1
0.03125,539,2.26571989,0.995601535,10.8371658,1
0.03125,540,2.24671888,0.98652035,10.827198,1
0.03125,541,2.22782159,0.977514386,10.8172321,1
0.03125,542,2.20903277,0.968587518,10.8072701,1
0.03125,543,2.1903491,0.959736586,10.7973089,1
0.03125,544,2.17177248,0.950959742,10.7873535,1
0.03125,545,2.15329742,0.942252636,10.777401,1
0.03125,546,2.13492656,0.933615506,10.767458,1
0.03125,547,2.11665845,0.92504549,10.7575216,1
0.03125,548,2.09849191,0.916541219,10.7475939,1
0.03125,549,2.0804286,0.908103108,10.7376738,1
0.03125,550,2.06246233,0.899724722,10.7277632,1
0.03125,551,2.04459834,0.891409695,10.7178631,1
0.03125,552,2.02683306,0.883153737,10.7079754,1
0.03125,553,2.009166,0.87495482,10.6980972,1
0.03125,554,1.99159563,0.866811574,10.6882343,1
0.03125,555,1.97412312,0.858723342,10.6783848,1
0.03125,556,1.95674503,0.850686848,10.6685476,1
0.03125,557,1.93946242,0.842702389,10.6587248,1
0.03125,558,1.92227328,0.834764898,10.648922,1
0.03125,559,1.90517926,0.826878309,10.6391315,1
0.03125,560,1.88817108,0.819030225,10.6293602,1
0.03125,561,1.87125909,0.811232567,10.6196051,1
0.03125,562,1.85443783,0.803477585,10.60987,1
0.03125,563,1.83770871,0.795765698,10.6001539,1
0.03125,564,1.82106662,0.788093448,10.5904541,1
0.03125,565,1.80451453,0.780461073,10.5807762,1
0.03125,566,1.78804791,0.772863328,10.5711193,1
0.03125,567,1.77166903,0.765303493,10.5614815,1
0.03125,568,1.75537705,0.757779002,10.5518665,1
0.03125,569,1.73916721,0.750284791,10.5422745,1
0.03125,570,1.72304344,0.742823958,10.5327044,1
0.03125,571,1.70700228,0.735392988,10.5231581,1
0.03125,572,1.69104326,0.727991045,10.5136337,1
0.03125,573,1.67516446,0.720615387,10.5041351,1
0.03125,574,1.65936708,0.713266075,10.4946623,1
0.03125,575,1.64365554,0.705948353,10.4852142,1
0.03125,576,1.62800765,0.698638499,10.47579,1
0.03125,577,1.61244583,0.691359341,10.4663935,1
0.03125,578,1.59696436,0.684103131,10.4570265,1
0.03125,579,1.58155596,0.676865518,10.4476824,1
0.03125,580,1.56622231,0.669645786,10.438364,1
0.03125,581,1.5509634,0.662443876,10.4290724,1
0.03125,582,1.53577745,0.655257344,10.4198122,1
0.03125,583,1.52066255,0.648083448,10.4105778,1
0.03125,584,1.50561965,0.64092505,10.4013777,1
0.03125,585,1.49064755,0.633777797,10.3922005,1
0.03125,586,1.47574711,0.626643658,10.3830538,1
0.03125,587,1.46091259,0.619515598,10.3739386,1
0.03125,588,1.4461484,0.61239934,10.364851,1
0.03125,589,1.43145037,0.605289817,10.3557949,1
0.03125,590,1.41681719,0.598185241,10.3467693,1
0.03125,591,1.4022491,0.591085434,10.3377752,1
0.03125,592,1.3877461,0.583990395,10.3288126,1
0.03125,593,1.37330711,0.576899111,10.3198814,1
0.03125,594,1.35893047,0.569809496,10.3109827,1
0.03125,595,1.34461629,0.562721252,10.3021164,1
0.03125,596,1.3303616,0.555632293,10.2932796,1
0.03125,597,1.31617141,0.548545837,10.2844801,1
0.03125,598,1.3020364,0.541453362,10.2757111,1
0.03125,599,1.28795791,0.5343557,10.2669773,1
0.03125,600,1.27394009,0.527257442,10.258275,1
0.03125,601,1.25997448,0.520149052,10.2496071,1
0.03125,602,1.24606812,0.513038039,10.2409744,1
0.03125,603,1.23221397,0.505916953,10.2323771,1
0.03125,604,1.21841407,0.498788357,10.2238121,1
0.03125,605,1.20466828,0.491651118,10.2152834,1
0.03125,606,1.1909734,0.484502167,10.206789,1
0.03125,607,1.17732918,0.477341443,10.1983328,1
0.03125,608,1.16373503,0.470168442,10.189909,1
0.03125,609,1.15018988,0.46298185,10.1815214,1
0.03125,610,1.13669467,0.455781907,10.173171,1
0.03125,611,1.12324703,0.448566198,10.1648588,1
0.03125,612,1.10984588,0.441334784,10.1565809,1
0.03125,613,1.09648347,0.434077621,10.1483383,1
0.03125,614,1.08317232,0.426809698,10.1401367,1
0.03125,615,1.06990659,0.419523686,10.1319704,1
0.03125,616,1.05668283,0.412216783,10.1238422,1
0.03125,617,1.04350471,0.404892266,10.1157503,1
0.03125,618,1.03036523,0.397543371,10.1076965,1
0.03125,619,1.01726866,0.390173733,10.0996819,1
0.03125,620,1.00420868,0.382777691,10.0917044,1
0.03125,621,0.991191387,0.37536037,10.0837641,1
0.03125,622,0.978211641,0.367917418,10.0758648,1
0.03125,623,0.965268493,0.360447615,10.0680037,1
0.03125,624,0.95236063,0.352949619,10.0601816,1
0.03125,625,0.939492106,0.345427692,10.0523987,1
0.03125,626,0.926656246,0.337874651,10.0446548,1
0.03125,627,0.913855672,0.330293536,10.0369511,1
0.03125,628,0.901087761,0.322681963,10.0292854,1
0.03125,629,0.888351679,0.315037936,10.0216637,1
0.03125,630,0.875648975,0.307366908,10.014082,1
0.03125,631,0.862977684,0.299661726,10.0065355,1
0.03125,632,0.850335598,0.291921735,9.99903202,1
0.03125,633,0.837724209,0.284148902,9.99157143,1
0.03125,634,0.825139999,0.276340097,9.98414993,1
0.03125,635,0.812583327,0.268494874,9.97677231,1
0.03125,636,0.800055027,0.26061517,9.96943188,1
0.03125,637,0.787551999,0.25269711,9.96213531,1
0.03125,638,0.775073946,0.24474071,9.95487785,1
0.03125,639,0.762621045,0.236746132,9.94766521,1
0.03125,640,0.750191748,0.228711843,9.94049263,1
0.03125,641,0.737787783,0.220639974,9.93336296,1
0.03125,642,0.725404441,0.21252504,9.92627716,1
0.03125,643,0.713042557,0.204364359,9.91923237,1
0.03125,644,0.700701118,0.196164846,9.91223145,1
0.03125,645,0.688379407,0.18792139,9.90527534,1
0.03125,646,0.676079571,0.17963779,9.8983593,1
0.03125,647,0.66379565,0.17130661,9.89148617,1
0.03125,648,0.651531398,0.162932023,9.88465786,1
0.03125,649,0.639282942,0.15451014,9.87787437,1
0.03125,650,0.627051353,0.146042302,9.8711319,1
0.03125,651,0.614835024,0.137526572,9.8644352,1
0.03125,652,0.602637112,0.128967211,9.85778236,1
0.03125,653,0.590449691,0.120354652,9.85117435,1
0.03125,654,0.578278482,0.111696102,9.84461117,1
0.03125,655,0.566117704,0.102984741,9.83809185,1
0.03125,656,0.553968251,0.0942216963,9.83161926,1
0.03125,657,0.54183054,0.0854079574,9.8251915,1
0.03125,658,0.529704332,0.0765432268,9.81881142,1
0.03125,659,0.517586172,0.0676240176,9.81247234,1
0.03125,660,0.505477309,0.0586511455,9.80618286,1
0.03125,661,0.493378222,0.0496257767,9.79993916,1
0.03125,662,0.481281906,0.0405392013,9.79374218,1
0.03125,663,0.4691962,0.0314016417,9.7875948,1
0.03125,664,0.457118362,0.0222104266,9.78148842,1
0.03125,665,0.445045769,0.0129621439,9.77542973,1
0.03125,666,0.432976782,0.00365504622,9.76941681,1
0.03125,667,0.420911878,-0.00571086258,9.76345539,1
0.03125,668,0.408852577,-0.0151277333,9.7575388,1
0.03125,669,0.396793991,-0.024611406,9.75167179,1
0.03125,670,0.384738952,-0.0341556519,9.74585056,1
0.03125,671,0.3726843,-0.0437598079,9.74008179,1
0.03125,672,0.360631198,-0.0534237735,9.73435593,1
0.03125,673,0.348579943,-0.0631480664,9.72868347,1
0.03125,674,0.33652699,-0.0729358643,9.72305489,1
0.03125,675,0.324471205,-0.0827889293,9.71748161,1
0.03125,676,0.3124156,-0.0927032828,9.71195316,1
0.03125,677,0.300356507,-0.102682672,9.7064743,1
0.03125,678,0.2882967,-0.112724677,9.70104408,1
0.03125,679,0.27622807,-0.122837998,9.69566917,1
0.03125,680,0.264159799,-0.133011714,9.690341,1
0.03125,681,0.252084494,-0.143254459,9.68506241,1
0.03125,682,0.240002245,-0.153565124,9.67984104,1
0.03125,683,0.227915362,-0.163942322,9.67466354,1
0.03125,684,0.21581988,-0.174390525,9.66954041,1
0.03125,685,0.203719243,-0.184904695,9.66446781,1
0.03125,686,0.191610679,-0.195488423,9.65944767,1
0.03125,687,0.179491177,-0.206144735,9.65447998,1
0.03125,688,0.167363524,-0.216870502,9.64956474,1
0.03125,689,0.155225784,-0.227667645,9.644701,1
0.03125,690,0.143076509,-0.238537908,9.63989258,1
0.03125,691,0.130917966,-0.249478102,9.6351347,1
0.03125,692,0.118744925,-0.260494918,9.63043022,1
0.03125,693,0.106561229,-0.271582931,9.62578011,1
0.03125,694,0.0943639725,-0.282746255,9.62118626,1
0.03125,695,0.0821522474,-0.29398495,9.61664391,1
0.03125,696,0.0699272454,-0.305297971,9.61215591,1
0.03125,697,0.057686314,-0.316688389,9.60772514,1
0.03125,698,0.0454306453,-0.328154445,9.60334969,1
0.03125,699,0.0331612676,-0.339694649,9.59902763,1
0.03125,700,0.0208713561,-0.351317436,9.5947628,1
0.03125,701,0.00856658816,-0.363015264,9.59055042,1
0.03125,702,-0.00375808775,-0.374795496,9.58639908,1
0.03125,703,-0.0159957111,-0.38651967,9.58233261,1
0.03125,704,-0.0284588039,-0.398587644,9.57826328,1
0.03125,705,-0.0408401489,-0.410606533,9.5742836,1
0.03125,706,-0.0532396734,-0.42270416,9.57035923,1
0.03125,707,-0.0656610429,-0.434884489,9.56649399,1
0.03125,708,-0.0781053305,-0.447146297,9.56269169,1
0.03125,709,-0.0905690491,-0.459490687,9.55894279,1
0.03125,710,-0.103054374,-0.47191745,9.55525398,1
0.03125,711,-0.115564242,-0.484429538,9.55162144,1
0.03125,712,-0.128097594,-0.497026205,9.54805183,1
0.03125,713,-0.140653864,-0.509706259,9.54454136,1
0.03125,714,-0.153236106,-0.522473335,9.54109287,1
0.03125,715,-0.165840536,-0.535322726,9.53770351,1
0.03125,716,-0.178472221,-0.54826051,9.53437805,1
0.03125,717,-0.191130579,-0.561285436,9.53111076,1
0.03125,718,-0.203815341,-0.574397624,9.52790642,1
0.03125,719,-0.216524526,-0.587594926,9.52476215,1
0.03125,720,-0.229265511,-0.600884676,9.52168274,1
0.03125,721,-0.242032334,-0.614260733,9.51866913,1
0.03125,722,-0.254829466,-0.627727568,9.51571465,1
0.03125,723,-0.26765874,-0.641291559,9.51282883,1
0.03125,724,-0.280514479,-0.65493834,9.51000404,1
0.03125,725,-0.293400526,-0.668676019,9.50724411,1
0.03125,726,-0.306316435,-0.682503998,9.50454903,1
0.03125,727,-0.319262743,-0.696422756,9.50191975,1
0.03125,728,-0.332244068,-0.710437536,9.49935722,1
0.03125,729,-0.345253646,-0.724541008,9.49686432,1
0.03125,730,-0.358300537,-0.738742352,9.49443245,1
0.03125,731,-0.371376455,-0.753032804,9.4920702,1
0.03125,732,-0.384488583,-0.767420173,9.48977566,1
0.03125,733,-0.397635877,-0.781903446,9.48754597,1
0.03125,734,-0.410816073,-0.796479702,9.4853878,1
0.03125,735,-0.424031854,-0.811151862,9.4832983,1
0.03125,736,-0.437283933,-0.825921237,9.48127747,1
0.03125,737,-0.450572252,-0.840783238,9.47932625,1
0.03125,738,-0.463898629,-0.855747879,9.47744656,1
0.03125,739,-0.477257013,-0.870803833,9.47563457,1
0.03125,740,-0.490654647,-0.885960639,9.47390461,1
0.03125,741,-0.504095674,-0.901220679,9.47223091,1
0.03125,742,-0.517570674,-0.916575789,9.470644,1
0.03125,743,-0.531085968,-0.932030916,9.46912193,1
0.03125,744,-0.544639766,-0.947584867,9.46767521,1
0.03125,745,-0.55823642,-0.96324259,9.46630096,1
0.03125,746,-0.571870208,-0.978997111,9.46500111,1
0.03125,747,-0.585549057,-0.994857967,9.46377563,1
0.03125,748,-0.599264562,-1.01081479,9.46262646,1
0.03125,749,-0.613025188,-1.02687764,9.46154976,1
0.03125,750,-0.626826465,-1.04304123,9.46055317,1
0.03125,751,-0.640669227,-1.05930626,9.45963287,1
0.03125,752,-0.654552639,-1.07567012,9.45879459,1
0.03125,753,-0.668486714,-1.09214807,9.45802784,1
0.03125,754,-0.682462096,-1.10872698,9.45734215,1
0.03125,755,-0.696482003,-1.12541485,9.45673275,1
0.03125,756,-0.710543096,-1.14219928,9.45620632,1
0.03125,757,-0.724650681,-1.15909064,9.45575714,1
0.03125,758,-0.738805592,-1.17608976,9.45538998,1
0.03125,759,-0.753007174,-1.19319594,9.45510197,1
0.03125,760,-0.767253399,-1.21040654,9.45489788,1
0.03125,761,-0.781547308,-1.22772503,9.45477486,1
0.03125,762,-0.795888186,-1.24515069,9.45473576,1
0.03125,763,-0.810277402,-1.2626847,9.45477867,1
0.03125,764,-0.824713111,-1.28032494,9.45490646,1
0.03125,765,-0.839197636,-1.29807425,9.45511818,1
0.03125,766,-0.853731871,-1.31593335,9.45541859,1
0.03125,767,-0.868315756,-1.33390224,9.45580101,1
0.03125,768,-0.882949352,-1.35198081,9.45627117,1
0.03125,769,-0.897631347,-1.37016726,9.45682812,1
0.03125,770,-0.912361503,-1.38846123,9.45747375,1
0.03125,771,-0.927144229,-1.40686786,9.45820618,1
0.03125,772,-0.941979766,-1.42538786,9.45903015,1
0.03125,773,-0.956866562,-1.44401884,9.45994377,1
0.03125,774,-0.971804202,-1.46275985,9.46094513,1
0.03125,775,-0.986792326,-1.48161077,9.46204185,1
0.03125,776,-1.00183403,-1.5005753,9.46322536,1
0.03125,777,-1.0169307,-1.51965475,9.4645052,1
0.03125,778,-1.03207982,-1.53884614,9.46587753,1
0.03125,779,-1.04728293,-1.55815113,9.46734333,1
0.03125,780,-1.06254005,-1.57756948,9.46890354,1
0.03125,781,-1.07785082,-1.59710085,9.47055817,1
0.03125,782,-1.09321356,-1.61674285,9.47230721,1
0.03125,783,-1.10863376,-1.63650227,9.47415352,1
0.03125,784,-1.12410879,-1.65637553,9.47609901,1
0.03125,785,-1.13964069,-1.67636538,9.47814083,1
0.03125,786,-1.15522695,-1.69646835,9.48028183,1
0.03125,787,-1.17087114,-1.71668851,9.48252201,1
0.03125,788,-1.186571,-1.73702312,9.48486423,1
0.03125,789,-1.20233011,-1.75747681,9.48730278,1
0.03125,790,-1.21814132,-1.77803981,9.48984623,1
0.03125,791,-1.23400903,-1.79871786,9.49249268,1
0.03125,792,-1.24994123,-1.81952095,9.49524021,1
0.03125,793,-1.26592541,-1.84043288,9.4980917,1
0.03125,794,-1.28197181,-1.861467,9.50104809,1
0.03125,795,-1.29807508,-1.8826158,9.50410843,1
0.03125,796,-1.31423962,-1.90388465,9.50727654,1
0.03125,797,-1.33046365,-1.92527151,9.51055241,1
0.03125,798,-1.34674335,-1.94677114,9.51393223,1
0.03125,799,-1.36308503,-1.96839154,9.51742268,1
0.03125,800,-1.37948954,-1.99013472,9.52103043,1
0.03125,801,-1.39595246,-2.01199245,9.52473927,1
0.03125,802,-1.41247606,-2.03396869,9.52856159,1
0.03125,803,-1.42905653,-2.05605841,9.53248978,1
0.03125,804,-1.44570374,-2.07827353,9.53653622,1
0.03125,805,-1.46241069,-2.10060596,9.54069328,1
0.03125,806,-1.47917795,-2.12305546,9.54496193,1
0.03125,807,-1.4960084,-2.14562559,9.54934788,1
0.03125,808,-1.51289809,-2.16831136,9.55384922,1
0.03125,809,-1.52985537,-2.19112253,9.55847073,1
0.03125,810,-1.54687321,-2.21405125,9.56320477,1
0.03125,811,-1.56395149,-2.23709631,9.56805801,1
0.03125,812,-1.58109391,-2.26026201,9.57303047,1
0.03125,813,-1.59830034,-2.28354859,9.57812119,1
0.03125,814,-1.6155684,-2.30695248,9.58333492,1
0.03125,815,-1.63290524,-2.33048272,9.58867168,1
0.03125,816,-1.6502986,-2.35412288,9.5941267,1
0.03125,817,-1.66776133,-2.37788987,9.5997076,1
0.03125,818,-1.68528533,-2.40177298,9.60541153,1
0.03125,819,-1.70287442,-2.42577672,9.61124229,1
0.03125,820,-1.72052801,-2.44989991,9.61719513,1
0.03125,821,-1.73824859,-2.47414613,9.62327862,1
0.03125,822,-1.75602889,-2.49850488,9.62948799,1
0.03125,823,-1.77388215,-2.5229938,9.63582802,1
0.03125,824,-1.79179597,-2.54759645,9.6422987,1
0.03125,825,-1.80977738,-2.57232118,9.64889526,1
0.03125,826,-1.82781827,-2.59715796,9.65562153,1
0.03125,827,-1.84593284,-2.62212443,9.66248608,1
0.03125,828,-1.86410832,-2.64720392,9.66948128,1
0.03125,829,-1.88234997,-2.67240262,9.6766119,1
0.03125,830,-1.90066206,-2.69772696,9.68387413,1
0.03125,831,-1.91903687,-2.72316551,9.69127274,1
0.03125,832,-1.93748021,-2.74872589,9.69881153,1
0.03125,833,-1.95598614,-2.7744,9.70648479,1
0.03125,834,-1.97456372,-2.80019903,9.71430016,1
0.03125,835,-1.99320495,-2.82611322,9.72225285,1
0.03125,836,-2.01191807,-2.85215211,9.73035049,1
0.03125,837,-2.03069234,-2.87830162,9.73858643,1
0.03125,838,-2.0495317,-2.90456724,9.74696445,1
0.03125,839,-2.06843185,-2.93094158,9.75548458,1
0.03125,840,-2.08741331,-2.95745301,9.76415253,1
0.03125,841,-2.10645533,-2.98407245,9.77296352,1
0.03125,842,-2.1255703,-3.01081729,9.78192234,1
0.03125,843,-2.14475036,-3.03767562,9.79102802,1
0.03125,844,-2.16399741,-3.06465054,9.80028057,1
0.03125,845,-2.18331218,-3.09174204,9.8096838,1
0.03125,846,-2.20269537,-3.11895108,9.81923676,1
0.03125,847,-2.22214437,-3.1462729,9.82894039,1
0.03125,848,-2.24166346,-3.1737144,9.83879662,1
0.03125,849,-2.26124954,-3.2012701,9.84880638,1
0.03125,850,-2.28090167,-3.22893882,9.85896969,1
0.03125,851,-2.30062532,-3.25672722,9.8692894,1
0.03125,852,-2.32041645,-3.28462887,9.87976646,1
0.03125,853,-2.34027314,-3.3126421,9.89039898,1
0.03125,854,-2.36019754,-3.34076881,9.9011898,1
0.03125,855,-2.38019037,-3.36900997,9.91213894,1
0.03125,856,-2.400249,-3.39736128,9.92324829,1
0.03125,857,-2.42038035,-3.42583108,9.93453121,1
0.03125,858,-2.44057918,-3.45441318,9.94596386,1
0.03125,859,-2.46084189,-3.48310137,9.95755959,1
0.03125,860,-2.48117542,-3.51190472,9.96932125,1
0.03125,861,-2.50157642,-3.54081845,9.98124695,1
0.03125,862,-2.52204442,-3.56984234,9.99333668,1
0.03125,863,-2.54257584,-3.5989697,10.0055943,1
0.03125,864,-2.56318188,-3.62821579,10.0180264,1
0.03125,865,-2.58384943,-3.65756297,10.0306187,1
0.03125,866,-2.60458612,-3.68702102,10.0433836,1
0.03125,867,-2.62539101,-3.71658707,10.0563202,1
0.03125,868,-2.64626169,-3.74625874,10.0694284,1
0.03125,869,-2.66720343,-3.77604198,10.0827112,1
0.03125,870,-2.68820977,-3.80592823,10.0961666,1
0.03125,871,-2.70927978,-3.83591509,10.1097956,1
0.03125,872,-2.73041964,-3.86601043,10.1236029,1
0.03125,873,-2.75162721,-3.89621067,10.1375904,1
0.03125,874,-2.7729001,-3.9265132,10.1517534,1
0.03125,875,-2.79423833,-3.95691681,10.1660938,1
0.03125,876,-2.81564522,-3.98742652,10.1806126,1
0.03125,877,-2.83711815,-4.01803684,10.1953154,1
0.03125,878,-2.85865378,-4.04874229,10.2101994,1
0.03125,879,-2.88025665,-4.07955027,10.2252674,1
0.03125,880,-2.90192556,-4.11045885,10.2405157,1
0.03125,881,-2.92366219,-4.14146757,10.2559547,1
0.03125,882,-2.94545865,-4.17256641,10.271575,1
0.03125,883,-2.96732569,-4.20376968,10.287385,1
0.03125,884,-2.98925328,-4.23506355,10.303381,1
0.03125,885,-3.01124907,-4.2664566,10.3195667,1
0.03125,886,-3.0333066,-4.29794025,10.3359432,1
0.03125,887,-3.05542946,-4.32951927,10.3525085,1
0.03125,888,-3.07761598,-4.36118984,10.3692665,1
0.03125,889,-3.09986997,-4.39295673,10.3862181,1
0.03125,890,-3.12217951,-4.42480469,10.4033594,1
0.03125,891,-3.14455867,-4.45675087,10.4206982,1
0.03125,892,-3.16699862,-4.48878145,10.4382334,1
0.03125,893,-3.18950343,-4.52090502,10.4559612,1
0.03125,894,-3.21206236,-4.55310345,10.4738846,1
0.03125,895,-3.23467922,-4.58538055,10.4920092,1
0.03125,896,-3.25736856,-4.61775827,10.5103331,1
0.03125,897,-3.28011942,-4.65021992,10.5288591,1
0.03125,898,-3.30292869,-4.68276024,10.5475826,1
0.03125,899,-3.32580495,-4.71539021,10.5665131,1
0.03125,900,-3.3487401,-4.74809837,10.5856457,1
0.03125,901,-3.37173319,-4.78088427,10.6049795,1
0.03125,902,-3.3947866,-4.81374836,10.6245184,1
0.03125,903,-3.4179008,-4.84669161,10.6442633,1
0.03125,904,-3.44107509,-4.8797121,10.6642141,1
0.03125,905,-3.4643085,-4.91280746,10.6843748,1
0.03125,906,-3.48759913,-4.94597626,10.7047405,1
0.03125,907,-3.5109458,-4.97921467,10.7253141,1
0.03125,908,-3.53435349,-5.01252842,10.7460995,1
0.03125,909,-3.55782127,-5.04591608,10.7670994,1
0.03125,910,-3.58134198,-5.07936716,10.7883081,1
0.03125,911,-3.60489774,-5.11285973,10.809701,1
0.03125,912,-3.62852979,-5.14644432,10.8313293,1
0.03125,913,-3.65222216,-5.18009996,10.8531799,1
0.03125,914,-3.67596579,-5.21381426,10.8752403,1
0.03125,915,-3.69976616,-5.2475934,10.8975163,1
0.03125,916,-3.72361827,-5.28143167,10.9200058,1
0.03125,917,-3.74752808,-5.31533432,10.9427176,1
0.03125,918,-3.7714889,-5.34929228,10.9656429,1
0.03125,919,-3.79553366,-5.38334036,10.9888344,1
0.03125,920,-3.81959891,-5.41741037,11.0121965,1
0.03125,921,-3.84372044,-5.45153904,11.0357838,1
0.03125,922,-3.86789203,-5.48572016,11.0595875,1
0.03125,923,-3.89211512,-5.51995277,11.0836143,1
0.03125,924,-3.91638279,-5.55422831,11.1078596,1
0.03125,925,-3.94071007,-5.5885644,11.1323357,1
0.03125,926,-3.96508622,-5.62294722,11.157032,1
0.03125,927,-3.98950458,-5.65736723,11.1819458,1
0.03125,928,-4.01397657,-5.69183826,11.2070904,1
0.03125,929,-4.03849316,-5.72634697,11.2324572,1
0.03125,930,-4.06305981,-5.76090002,11.2580538,1
0.03125,931,-4.08766842,-5.79548788,11.2838669,1
0.03125,932,-4.11232948,-5.83012009,11.3099184,1
0.03125,933,-4.13703203,-5.86478472,11.3361893,1
0.03125,934,-4.16178036,-5.89948368,11.3626919,1
0.03125,935,-4.18656921,-5.93421221,11.3894176,1
0.03125,936,-4.21140909,-5.96897984,11.4163828,1
0.03125,937,-4.23628998,-6.0037756,11.4435711,1
0.03125,938,-4.26120949,-6.03859377,11.4709892,1
0.03125,939,-4.28617287,-6.07344151,11.4986372,1
0.03125,940,-4.31118011,-6.1083169,11.5265198,1
0.03125,941,-4.33622503,-6.14321041,11.5546322,1
0.03125,942,-4.36130953,-6.17812634,11.5829754,1
0.03125,943,-4.38643408,-6.21306229,11.6115494,1
0.03125,944,-4.41159534,-6.2480135,11.6403561,1
0.03125,945,-4.43679714,-6.28298426,11.6693974,1
0.03125,946,-4.46203804,-6.31797075,11.6986761,1
0.03125,947,-4.48731136,-6.35296488,11.7281818,1
0.03125,948,-4.51262474,-6.38797379,11.7579298,1
0.03125,949,-4.53796673,-6.4229846,11.7879028,1
0.03125,950,-4.56335068,-6.45801067,11.818121,1
0.03125,951,-4.58876038,-6.49303246,11.8485613,1
0.03125,952,-4.61420441,-6.52805948,11.8792391,1
0.03125,953,-4.63968563,-6.56309271,11.910162,1
0.03125,954,-4.66519308,-6.5981226,11.9413157,1
0.03125,955,-4.69073153,-6.63314676,11.972703,1
0.03125,956,-4.7162981,-6.66816473,12.0043221,1
0.03125,957,-4.74189711,-6.70318031,12.0361843,1
0.03125,958,-4.76752615,-6.73818922,12.068284,1
0.03125,959,-4.7931776,-6.77318192,12.1006117,1
0.03125,960,-4.81886244,-6.80816984,12.1331863,1
0.03125,961,-4.84456873,-6.84313917,12.1659908,1
0.03125,962,-4.87023973,-6.87802124,12.1989498,1
0.03125,963,-4.89599371,-6.9129529,12.2322264,1
0.03125,964,-4.92177343,-6.94786739,12.2657442,1
0.03125,965,-4.94757605,-6.982759,12.2994967,1
0.03125,966,-4.97339773,-7.01762438,12.3334837,1
0.03125,967,-4.99923849,-7.05246115,12.3677006,1
0.03125,968,-5.02510452,-7.08727407,12.4021664,1
0.03125,969,-5.05098677,-7.12205362,12.4368629,1
0.03125,970,-5.07688856,-7.15680122,12.4717999,1
0.03125,971,-5.10280275,-7.19150925,12.5069628,1
0.03125,972,-5.12873507,-7.22618771,12.5423498,1
0.03125,973,-5.15468311,-7.26082134,12.5779877,1
0.03125,974,-5.1806531,-7.29542303,12.6138706,1
0.03125,975,-5.20663071,-7.32997417,12.6499805,1
0.03125,976,-5.23261452,-7.36447239,12.6863174,1
0.03125,977,-5.25862503,-7.39894009,12.722908,1
0.03125,978,-5.28463411,-7.43334341,12.759717,1
0.03125,979,-5.31065845,-7.46770287,12.7967663,1
0.03125,980,-5.33669281,-7.50200748,12.8340492,1
0.03125,981,-5.36273003,-7.53625107,12.8715601,1
0.03125,982,-5.38877773,-7.57043934,12.9093075,1
0.03125,983,-5.41483116,-7.60456705,12.9472866,1
0.03125,984,-5.44089127,-7.6386342,12.9855022,1
0.03125,985,-5.46695328,-7.67263412,13.023942,1
0.03125,986,-5.49302053,-7.70656776,13.0626192,1
0.03125,987,-5.51908779,-7.74043036,13.1015224,1
0.03125,988,-5.54517174,-7.77423,13.1407032,1
0.03125,989,-5.57124186,-7.80795097,13.1800642,1
0.03125,990,-5.59731102,-7.84159422,13.2196579,1
0.03125,991,-5.62338114,-7.8751626,13.2594814,1
0.03125,992,-5.6494441,-7.90864706,13.2995224,1
0.03125,993,-5.67550659,-7.94205236,13.339798,1
0.03125,994,-5.70156097,-7.97536898,13.3802938,1
0.03125,995,-5.72761345,-8.00860405,13.4210234,1
0.03125,996,-5.75365829,-8.04174805,13.4619684,1
0.03125,997,-5.77969646,-8.0748024,13.5031452,1
0.03125,998,-5.80572271,-8.10776234,13.5445375,1
0.03125,999,-5.83174372,-8.14063072,13.5861597,1
0.03125,1000,-5.85774803,-8.1733942,13.6279955,1
0.03125,1001,-5.8837409,-8.20606041,13.6700478,1
0.03125,1002,-5.90971947,-8.23862267,13.7123194,1
0.03125,1003,-5.93568993,-8.27108669,13.7548189,1
0.03125,1004,-5.96164274,-8.30344105,13.797533,1
0.03125,1005,-5.98757792,-8.33568668,13.840457,1
0.03125,1006,-6.01349354,-8.36781883,13.8835955,1
0.03125,1007,-6.03939724,-8.39984322,13.9269629,1
0.03125,1008,-6.06527662,-8.43174934,13.9705286,1
0.03125,1009,-6.09113836,-8.46354103,14.0143156,1
0.03125,1010,-6.11697674,-8.49520969,14.0583067,1
0.03125,1011,-6.14279032,-8.5267601,14.1024981,1
0.03125,1012,-6.16858244,-8.55818462,14.1469107,1
0.03125,1013,-6.19434977,-8.58948326,14.1915302,1
0.03125,1014,-6.22008896,-8.62065411,14.2363491,1
0.03125,1015,-6.24580336,-8.65169621,14.2813768,1
0.03125,1016,-6.27149296,-8.6826086,14.3266144,1
0.03125,1017,-6.29714727,-8.71338081,14.3720417,1
0.03125,1018,-6.32278776,-8.74403572,14.4176836,1
0.03125,1019,-6.3483448,-8.77450562,14.4634428,1
0.03125,1020,-6.37390566,-8.80486298,14.5094709,1
0.03125,1021,-6.39943552,-8.83508015,14.5556993,1
0.03125,1022,-6.42492628,-8.86515045,14.6021128,1
0.03125,1023,-6.45038843,-8.89508057,14.6487331,1
0.015625,0,4.539988e-05,0,0,1
0.015625,1,0.000989567139,0.000852817146,1.03408711e-05,1
0.015625,2,0.00196255627,0.00173595559,2.16731878e-05,1
0.015625,3,0.00296489266,0.0026500551,3.40490915e-05,1
0.015625,4,0.00399710936,0.00359576521,4.75228262e-05,1
0.015625,5,0.00505974563,0.00457374565,6.21507497e-05,1
0.015625,6,0.00615334464,0.00558466185,7.79914335e-05,1
0.015625,7,0.00727846427,0.00662919506,9.51058682e-05,1
0.015625,8,0.00843566563,0.00770803774,0.000113557362,1
0.015625,9,0.00962551031,0.00882188044,0.00013341161,1
0.015625,10,0.0108485771,0.00997143798,0.000154736859,1
0.015625,11,0.0121054566,0.0111574354,0.000177604205,1
0.015625,12,0.0133967241,0.0123805925,0.000202087045,1
0.015625,13,0.0147229843,0.0136416536,0.000228261822,1
0.015625,14,0.0160848536,0.014941385,0.000256207946,1
0.015625,15,0.0174829103,0.0162805133,0.000286007242,1
0.015625,16,0.0189178213,0.0176598504,0.000317745726,1
0.015625,17,0.0203901865,0.0190801639,0.000351511291,1
0.015625,18,0.0219006427,0.0205422454,0.00038739579,1
0.015625,19,0.0234498382,0.0220469106,0.000425494276,1
0.015625,20,0.0250384361,0.0235949811,0.000465905643,1
0.015625,21,0.0266670845,0.0251872782,0.000508731406,1
0.015625,22,0.0283364505,0.0268246438,0.000554077793,1
0.015625,23,0.0300472155,0.0285079349,0.000602054002,1
0.015625,24,0.0318000764,0.0302380286,0.00065277447,1
0.015625,25,0.0335956886,0.0320157669,0.000706355262,1
0.015625,26,0.0354348049,0.0338420831,0.000762919197,1
0.015625,27,0.0373180956,0.0357178524,0.000822591654,1
0.015625,28,0.0392463021,0.0376439951,0.000885503541,1
0.015625,29,0.0412201285,0.0396214202,0.000951788796,1
0.015625,30,0.0432403348,0.0416510999,0.00102158799,1
0.015625,31,0.0453076512,0.0437339544,0.00109504454,1
0.015625,32,0.0474228412,0.0458709747,0.00117230869,1
0.015625,33,0.0495866612,0.0480631217,0.00125353376,1
0.015625,34,0.0517998971,0.0503113978,0.00133888051,1
0.015625,35,0.054063309,0.0526167974,0.00142851355,1
0.015625,36,0.0563777089,0.0549803525,0.00152260368,1
0.015625,37,0.0587438792,0.0574030653,0.00162132701,1
0.015625,38,0.0611626245,0.0598859973,0.00172486564,1
0.015625,39,0.0636347756,0.062430203,0.00183340791,1
0.015625,40,0.0661611557,0.0650367662,0.00194714824,1
0.015625,41,0.0687425882,0.0677067339,0.00206628651,1
0.015625,42,0.0713799521,0.0704412609,0.00219103345,1
0.015625,43,0.0740740746,0.0732414201,0.00232159998,1
0.015625,44,0.0768258274,0.0761083513,0.00245820917,1
0.015625,45,0.0796361119,0.0790432096,0.00260108965,1
0.015625,46,0.0825057328,0.082047075,0.00275047286,1
0.015625,47,0.0854357034,0.0851212367,0.00290660793,1
0.015625,48,0.0884268358,0.0882667974,0.00306974212,1
0.015625,49,0.0914801136,0.091485016,0.00324013829,1
0.015625,50,0.0945963636,0.0947769955,0.00341805862,1
0.015625,51,0.0977766216,0.0981440917,0.00360378157,1
0.015625,52,0.101021774,0.101587482,0.0037975919,1
0.015625,53,0.104332812,0.105108447,0.00399978133,1
0.015625,54,0.107710637,0.108708218,0.00421065185,1
0.015625,55,0.111156322,0.112388149,0.00443051895,1
0.015625,56,0.114670776,0.116149507,0.00465970021,1
0.015625,57,0.118255049,0.119993649,0.00489852903,1
0.015625,58,0.121910147,0.123921901,0.00514734816,1
0.015625,59,0.125637069,0.127935573,0.00540650589,1
0.015625,60,0.129436761,0.13203603,0.00567636499,1
0.015625,61,0.133310378,0.136224672,0.00595729891,1
0.015625,62,0.137259007,0.140503019,0.00624970021,1
0.015625,63,0.141283467,0.144872189,0.00655394932,1
0.015625,64,0.145385236,0.149334073,0.00687047839,1
0.015625,65,0.149564922,0.153889567,0.00719968043,1
0.015625,66,0.153824002,0.158540562,0.00754200947,1
0.015625,67,0.158163294,0.163288265,0.00789789297,1
0.015625,68,0.162584215,0.168134451,0.00826781616,1
0.015625,69,0.167087659,0.173080385,0.00865222793,1
0.015625,70,0.171674848,0.178127706,0.00905162655,1
0.015625,71,0.176346853,0.18327789,0.00946650188,1
0.015625,72,0.181104973,0.188532636,0.0098973792,1
0.015625,73,0.185950309,0.193893403,0.0103447931,1
0.015625,74,0.190883964,0.199361742,0.0108092651,1
0.015625,75,0.195907265,0.20493944,0.0112913828,1
0.015625,76,0.201021329,0.210627958,0.011791707,1
0.015625,77,0.206227452,0.21642907,0.0123108383,1
0.015625,78,0.211526737,0.222344309,0.0128493812,1
0.015625,79,0.21692045,0.228375345,0.0134079605,1
0.015625,80,0.222409964,0.234524056,0.0139872348,1
0.015625,81,0.227996409,0.240791976,0.014587855,1
0.015625,82,0.233681068,0.247180849,0.0152105009,1
0.015625,83,0.239465356,0.253692567,0.0158558879,1
0.015625,84,0.245350465,0.260328799,0.0165247303,1
0.015625,85,0.251337618,0.267091155,0.0172177497,1
0.015625,86,0.257428259,0.273981661,0.0179357324,1
0.015625,87,0.263623655,0.281002045,0.0186794382,1
0.015625,88,0.269925117,0.288154036,0.0194496773,1
0.015625,89,0.276334226,0.29543981,0.0202472899,1
0.015625,90,0.282851964,0.302860707,0.0210730974,1
0.015625,91,0.289480001,0.310419053,0.0219279844,1
0.015625,92,0.296219528,0.318116486,0.022812834,1
0.015625,93,0.303072125,0.325955033,0.0237285625,1
0.015625,94,0.310038954,0.333936423,0.024676118,1
0.015625,95,0.317121834,0.342063129,0.0256564934,1
0.015625,96,0.324321568,0.350336224,0.0266705975,1
0.015625,97,0.331640095,0.358758271,0.02771952,1
0.015625,98,0.339078963,0.367331505,0.0288043227,1
0.015625,99,0.346638948,0.376057059,0.0299259797,1
0.015625,100,0.354322195,0.384937644,0.0310856774,1
0.015625,101,0.362129837,0.393975049,0.0322845094,1
0.015625,102,0.370063603,0.40317151,0.0335236527,1
0.015625,103,0.378124714,0.412528753,0.0348042585,1
0.015625,104,0.386315048,0.422049254,0.0361275971,1
0.015625,105,0.394635737,0.431734651,0.0374948643,1
0.015625,106,0.40308845,0.441587359,0.0389073566,1
0.015625,107,0.411674738,0.451609224,0.0403663851,1
0.015625,108,0.42039606,0.461802512,0.0418732762,1
0.015625,109,0.429254174,0.472169429,0.0434294529,1
0.015625,110,0.438250452,0.482712001,0.0450362936,1
0.015625,111,0.447386533,0.493432432,0.0466952398,1
0.015625,112,0.456664085,0.50433296,0.0484078042,1
0.015625,113,0.466084629,0.515415609,0.0501754917,1
0.015625,114,0.475649536,0.526682496,0.0519998036,1
0.015625,115,0.48536098,0.538136303,0.0538824722,1
0.015625,116,0.495219916,0.54977864,0.0558249839,1
0.015625,117,0.505228519,0.56161207,0.0578290895,1
0.015625,118,0.515387893,0.573638618,0.0598964617,1
0.015625,119,0.525700152,0.58586067,0.0620288663,1
0.015625,120,0.536166668,0.598280489,0.0642281249,1
0.015625,121,0.54678899,0.610900044,0.0664959922,1
0.015625,122,0.557569027,0.623721778,0.0688344464,1
0.015625,123,0.568508506,0.636748075,0.0712453797,1
0.015625,124,0.579608798,0.649981022,0.0737307295,1
0.015625,125,0.59087193,0.663423181,0.076292567,1
0.015625,126,0.602299213,0.677076399,0.0789329037,1
0.015625,127,0.613892436,0.690943003,0.0816538259,1
0.015625,128,0.625653267,0.705025256,0.0844575018,1
0.015625,129,0.637583852,0.719326138,0.0873462334,1
0.015625,130,0.649684966,0.733846664,0.0903221145,1
0.015625,131,0.661959052,0.748590112,0.0933875218,1
0.015625,132,0.674407423,0.763558209,0.0965448171,1
0.015625,133,0.687031865,0.778753459,0.0997963548,1
0.015625,134,0.699834466,0.794178247,0.103144713,1
0.015625,135,0.712816179,0.809834301,0.106592223,1
0.015625,136,0.725979388,0.825724483,0.110141627,1
0.015625,137,0.739325583,0.841850996,0.113795497,1
0.015625,138,0.752855897,0.858215153,0.117556304,1
0.015625,139,0.766573012,0.87482059,0.121427134,1
0.015625,140,0.780478001,0.891668558,0.125410542,1
0.015625,141,0.794573069,0.908761919,0.129509509,1
0.015625,142,0.808858871,0.926101744,0.133726731,1
0.015625,143,0.823337913,0.943691313,0.138065368,1
0.015625,144,0.838012099,0.961532533,0.142528445,1
0.015625,145,0.852882206,0.979627073,0.147118881,1
0.015625,146,0.867950618,0.997977495,0.151840016,1
0.015625,147,0.883218884,1.01658595,0.156694949,1
0.015625,148,0.898688436,1.03545427,0.161687076,1
0.015625,149,0.914361238,1.05458474,0.166819662,1
0.015625,150,0.930238307,1.0739789,0.172095925,1
0.015625,151,0.946321964,1.09363925,0.177519679,1
0.015625,152,0.962613404,1.11356759,0.183094203,1
0.015625,153,0.97911495,1.13376653,0.188823491,1
0.015625,154,0.995827258,1.15423691,0.194710717,1
0.015625,155,1.01275194,1.17498076,0.200759783,1
0.015625,156,1.02989137,1.19600058,0.20697464,1
0.015625,157,1.04724646,1.21729767,0.213359043,1
0.015625,158,1.06481898,1.2388742,0.219917059,1
0.015625,159,1.08261037,1.26073134,0.226652533,1
0.015625,160,1.10062182,1.28287113,0.233569622,1
0.015625,161,1.11885512,1.30529487,0.240672439,1
0.015625,162,1.13731217,1.32800508,0.24796553,1
0.015625,163,1.15599418,1.35100281,0.255452961,1
0.015625,164,1.17490149,1.37428832,0.26313886,1
0.015625,165,1.19403684,1.39786494,0.271028101,1
0.015625,166,1.21340132,1.42173302,0.279125065,1
0.015625,167,1.23299539,1.44589353,0.287434101,1
0.015625,168,1.25282133,1.47034872,0.295960277,1
0.015625,169,1.27287984,1.49509883,0.304707944,1
0.015625,170,1.29317272,1.52014565,0.313682228,1
0.015625,171,1.3137008,1.54549003,0.322888017,1
0.015625,172,1.33446538,1.57113278,0.332330048,1
0.015625,173,1.35546732,1.59707451,0.342013359,1
0.015625,174,1.37670803,1.62331665,0.351943195,1
0.015625,175,1.39818871,1.64985979,0.36212486,1
0.015625,176,1.41991019,1.67670429,0.372563392,1
0.015625,177,1.44187367,1.70385134,0.383264184,1
0.015625,178,1.46407902,1.73129952,0.394232213,1
0.015625,179,1.48652864,1.75905144,0.405473769,1
0.015625,180,1.50922287,1.78710651,0.416993886,1
0.015625,181,1.53216219,1.8154645,0.428798079,1
0.015625,182,1.5553478,1.84412622,0.440892279,1
0.015625,183,1.57878017,1.87309086,0.453282058,1
0.015625,184,1.60245979,1.90235853,0.465973228,1
0.015625,185,1.62638783,1.93192935,0.478971869,1
0.015625,186,1.65056372,1.96180189,0.492283314,1
0.015625,187,1.67498899,1.99197662,0.505914271,1
0.015625,188,1.69966459,2.02245331,0.519870818,1
0.015625,189,1.72459006,2.05323052,0.534158885,1
0.015625,190,1.74976444,2.084306,0.548783779,1
0.015625,191,1.77519059,2.11568117,0.563753128,1
0.015625,192,1.8008666,2.14735293,0.579072237,1
0.015625,193,1.82679379,2.17932105,0.59474802,1
0.015625,194,1.85297179,2.21158433,0.610786676,1
0.015625,195,1.87940037,2.24413991,0.627194703,1
0.015625,196,1.90607917,2.27698612,0.64397794,1
0.015625,197,1.93300843,2.31012201,0.66114378,1
0.015625,198,1.96018851,2.3435452,0.678698778,1
0.015625,199,1.98761773,2.37725282,0.696648836,1
0.015625,200,2.01529694,2.41124344,0.715001464,1
0.015625,201,2.0432241,2.44551301,0.733762443,1
0.015625,202,2.07139969,2.48005962,0.752938688,1
0.015625,203,2.09982395,2.51488185,0.772538304,1
0.015625,204,2.12849355,2.54997301,0.792565942,1
0.015625,205,2.15740919,2.58533216,0.81302911,1
0.015625,206,2.18657041,2.62095642,0.833935738,1
0.015625,207,2.21597457,2.65683985,0.855291009,1
0.015625,208,2.24562287,2.69298124,0.877103329,1
0.015625,209,2.27551079,2.72937322,0.899377525,1
0.015625,210,2.30563879,2.76601315,0.922121644,1
0.015625,211,2.33600593,2.80289745,0.945342779,1
0.015625,212,2.36660886,2.84001946,0.969046474,1
0.015625,213,2.3974483,2.87737656,0.993241429,1
0.015625,214,2.42851996,2.9149611,1.01793218,1
0.015625,215,2.45982337,2.95276952,1.04312706,1
0.015625,216,2.49135566,2.99079442,1.06883204,1
0.015625,217,2.52311468,3.02903152,1.0950532,1
0.015625,218,2.55509996,3.06747508,1.12179935,1
0.015625,219,2.58730626,3.10611725,1.14907455,1
0.015625,220,2.61973262,3.14495254,1.1768862,1
0.015625,221,2.65237546,3.18397307,1.20524061,1
0.015625,222,2.68523312,3.2231729,1.23414481,1
0.015625,223,2.71830297,3.26254559,1.26360524,1
0.015625,224,2.75157976,3.30208135,1.29362655,1
0.015625,225,2.78506255,3.34177446,1.3242166,1
0.015625,226,2.81874681,3.38161612,1.3553803,1
0.015625,227,2.85262823,3.42159653,1.38712311,1
0.015625,228,2.88670588,3.46171141,1.41945302,1
0.015625,229,2.92097235,3.50194716,1.45237267,1
0.015625,230,2.95542765,3.54229927,1.48589063,1
0.015625,231,2.99006534,3.58275533,1.52001059,1
0.015625,232,3.02488232,3.62330842,1.554739,1
0.015625,233,3.0598731,3.66394663,1.59008002,1
0.015625,234,3.09503412,3.70466113,1.62603867,1
0.015625,235,3.13035917,3.74544024,1.66261911,1
0.015625,236,3.16584587,3.78627539,1.69982755,1
0.015625,237,3.2014873,3.82715559,1.73766756,1
0.015625,238,3.23727918,3.86806941,1.77614307,1
0.015625,239,3.27321672,3.90900612,1.81525886,1
0.015625,240,3.30929351,3.94995403,1.85501862,1
0.015625,241,3.345505,3.99090195,1.89542651,1
0.015625,242,3.38184524,4.03183746,1.93648493,1
0.015625,243,3.41830683,4.07274818,1.97819614,1
0.015625,244,3.45488644,4.11362314,2.02056575,1
0.015625,245,3.49157739,4.15444994,2.06359625,1
0.015625,246,3.52837205,4.19521475,2.10728788,1
0.015625,247,3.56526399,4.23590422,2.15164351,1
0.015625,248,3.602247,4.27650595,2.19666457,1
0.015625,249,3.63931537,4.31700754,2.24235535,1
0.015625,250,3.67646122,4.35739422,2.28871417,1
0.015625,251,3.71367669,4.3976512,2.33574295,1
0.015625,252,3.75095558,4.43776608,2.38344193,1
0.015625,253,3.78829026,4.47772503,2.43181157,1
0.015625,254,3.82567453,4.51751471,2.48085427,1
0.015625,255,3.86309886,4.55711794,2.53056598,1
0.015625,256,3.90055847,4.59652424,2.58095145,1
0.015625,257,3.93804049,4.63571358,2.63200212,1
0.015625,258,3.97554064,4.67467499,2.68372226,1
0.015625,259,4.01304913,4.71339178,2.73610687,1
0.015625,260,4.05055809,4.75184917,2.7891562,1
0.015625,261,4.08806038,4.79003429,2.84286833,1
0.015625,262,4.12554598,4.8279295,2.89723754,1
0.015625,263,4.1630044,4.86551762,2.95226097,1
0.015625,264,4.20043135,4.90278816,3.00793886,1
0.015625,265,4.23781395,4.93972206,3.06426239,1
0.015625,266,4.27514648,4.97630548,3.12123084,1
0.015625,267,4.31241655,5.01252174,3.17883563,1
0.015625,268,4.34961605,5.04835606,3.23707366,1
0.015625,269,4.38673496,5.08379078,3.29593706,1
0.015625,270,4.42376709,5.11881447,3.35542512,1
0.015625,271,4.4606986,5.15340805,3.41552544,1
0.015625,272,4.49752378,5.18755865,3.47623563,1
0.015625,273,4.53422785,5.2212472,3.53754234,1
0.015625,274,4.5708065,5.25446177,3.59944463,1
0.015625,275,4.60724688,5.28718519,3.66192698,1
0.015625,276,4.64353991,5.31940365,3.72498918,1
0.015625,277,4.67967319,5.35109949,3.78861308,1
0.015625,278,4.71564007,5.38225889,3.85279465,1
0.015625,279,4.75142908,5.4128685,3.91752267,1
0.015625,280,4.78703022,5.44291162,3.9827857,1
0.015625,281,4.82243395,5.47237444,4.04857588,1
0.015625,282,4.85762787,5.50124311,4.11487818,1
0.015625,283,4.89260244,5.52950048,4.18167973,1
0.015625,284,4.92734814,5.55713558,4.24897194,1
0.015625,285,4.96185637,5.58413506,4.31674194,1
0.015625,286,4.99611521,5.61048269,4.38497782,1
0.015625,287,5.03011274,5.63616657,4.45366144,1
0.015625,288,5.06384039,5.66117382,4.52278137,1
0.015625,289,5.09728861,5.68549013,4.59232473,1
0.015625,290,5.13044548,5.70910549,4.66227579,1
0.015625,291,5.16330147,5.73200703,4.73261833,1
0.015625,292,5.19584846,5.75418186,4.80334091,1
0.015625,293,5.22807169,5.77561903,4.87442017,1
0.015625,294,5.2599659,5.79630804,4.9458518,1
0.015625,295,5.29151821,5.81623602,5.01760817,1
0.015625,296,5.32271957,5.83539534,5.08967733,1
0.015625,297,5.35356092,5.85377455,5.16204357,1
0.015625,298,5.3840313,5.87136459,5.2346859,1
0.015625,299,5.41412115,5.88815546,5.30759096,1
0.015625,300,5.44382095,5.90413904,5.38073444,1
0.015625,301,5.4731226,5.91930628,5.45410681,1
0.015625,302,5.50201511,5.93365192,5.52768183,1
0.015625,303,5.5304904,5.94716644,5.60144567,1
0.015625,304,5.55853844,5.95984173,5.6753788,1
0.015625,305,5.58614969,5.97167301,5.74946022,1
0.015625,306,5.61331749,5.98265457,5.82366943,1
0.015625,307,5.64003229,5.99278069,5.89799309,1
0.015625,308,5.66628456,6.00204515,5.97240543,1
0.015625,309,5.69206715,6.01044703,6.04688787,1
0.015625,310,5.71737003,6.01797771,6.12142038,1
0.015625,311,5.74218798,6.0246377,6.19598436,1
0.015625,312,5.76651144,6.03042126,6.27056026,1
0.015625,313,5.79033327,6.03532887,6.34512663,1
0.015625,314,5.81364632,6.03935766,6.41966152,1
0.015625,315,5.83644295,6.04250526,6.49415112,1
0.015625,316,5.85871553,6.04477119,6.56856632,1
0.015625,317,5.88045931,6.04615736,6.64289427,1
0.015625,318,5.90166521,6.04666042,6.71710873,1
0.015625,319,5.92232847,6.04628563,6.79119301,1
0.015625,320,5.94244242,6.04503059,6.86512709,1
0.015625,321,5.96200323,6.04290009,6.93889236,1
0.015625,322,5.98100138,6.03989649,7.01245928,1
0.015625,323,5.99943495,6.03602076,7.08582163,1
0.015625,324,6.01729774,6.03127956,7.15895081,1
0.015625,325,6.03458309,6.02567291,7.23182774,1
0.015625,326,6.0512886,6.01920986,7.30443668,1
0.015625,327,6.06740904,6.01189232,7.37675476,1
0.015625,328,6.08294106,6.00372696,7.4487648,1
0.015625,329,6.09787989,5.99471998,7.52044916,1
0.015625,330,6.11222315,5.98487997,7.59178686,1
0.015625,331,6.12596655,5.97421074,7.66276026,1
0.015625,332,6.13910723,5.96272326,7.73335028,1
0.015625,333,6.1516428,5.95042181,7.80354166,1
0.015625,334,6.16356993,5.93731833,7.873312,1
0.015625,335,6.17488718,5.92342091,7.94264793,1
0.015625,336,6.18559265,5.90873766,8.01153183,1
0.015625,337,6.19568491,5.89328003,8.07994652,1
0.015625,338,6.20516157,5.87705708,8.14787483,1
0.015625,339,6.21402359,5.86008024,8.21530437,1
0.015625,340,6.22226715,5.8423605,8.28221416,1
0.015625,341,6.22989511,5.82391071,8.34859467,1
0.015625,342,6.23690414,5.80473852,8.41442871,1
0.015625,343,6.24329662,5.78486013,8.47970009,1
0.015625,344,6.2490716,5.76428747,8.54439354,1
0.015625,345,6.25422955,5.74303007,8.60850143,1
0.015625,346,6.2587719,5.72110605,8.67200375,1
0.015625,347,6.26270008,5.698524,8.73489571,1
0.015625,348,6.26601505,5.67530107,8.79715729,1
0.015625,349,6.26871777,5.6514473,8.85878372,1
0.015625,350,6.27081108,5.62698126,8.91975594,1
0.015625,351,6.27229691,5.60191345,8.98006821,1
0.015625,352,6.27317667,5.57626104,9.03970814,1
0.015625,353,6.27345562,5.55003738,9.09867001,1
0.015625,354,6.27313232,5.52325726,9.15693569,1
0.015625,355,6.27221537,5.4959383,9.21450233,1
0.015625,356,6.27070284,5.46809053,9.2713623,1
0.015625,357,6.26860237,5.43973589,9.3275013,1
0.015625,358,6.26591492,5.41088486,9.3829155,1
0.015625,359,6.26264668,5.38155317,9.43760014,1
0.015625,360,6.25880003,5.35175896,9.49154377,1
0.015625,361,6.25438166,5.32151699,9.54474354,1
0.015625,362,6.24939346,5.29084015,9.59719086,1
0.015625,363,6.24384308,5.25974941,9.64888191,1
0.015625,364,6.23773289,5.22825575,9.69981194,1
0.015625,365,6.23107052,5.1963768,9.74997807,1
0.015625,366,6.22385979,5.16413021,9.79937172,1
0.015625,367,6.21610832,5.13152981,9.8479929,1
0.015625,368,6.20781946,5.09859085,9.89583778,1
0.015625,369,6.1989994,5.06532717,9.94290447,1
0.015625,370,6.18965673,5.03176022,9.9891901,1
0.015625,371,6.17979479,4.99790001,10.0346909,1
0.015625,372,6.16942167,4.96376562,10.0794077,1
0.015625,373,6.15854406,4.92936945,10.1233406,1
0.015625,374,6.14716625,4.89472723,10.1664867,1
0.015625,375,6.13529778,4.85985565,10.208847,1
0.015625,376,6.12294436,4.82476807,10.2504215,1
0.015625,377,6.110116,4.78948259,10.2912111,1
0.015625,378,6.09681273,4.75400734,10.3312168,1
0.015625,379,6.08304834,4.71836138,10.3704405,1
0.015625,380,6.06882811,4.68256044,10.4088812,1
0.015625,381,6.05415869,4.64661551,10.4465427,1
0.015625,382,6.03904963,4.6105423,10.4834309,1
0.015625,383,6.02350473,4.57435322,10.5195398,1
0.015625,384,6.00753546,4.5380621,10.5548811,1
0.015625,385,5.99114799,4.50168228,10.5894556,1
0.015625,386,5.97435236,4.46522999,10.6232653,1
0.015625,387,5.95715189,4.42871284,10.6563158,1
0.015625,388,5.93955708,4.39214706,10.6886091,1
0.015625,389,5.92157602,4.35554266,10.7201538,1
0.015625,390,5.90321636,4.31891441,10.7509508,1
0.015625,391,5.8844862,4.28227377,10.7810068,1
0.015625,392,5.86539173,4.24562931,10.8103247,1
0.015625,393,5.84594393,4.20899582,10.8389158,1
0.015625,394,5.82615232,4.1723876,10.8667774,1
0.015625,395,5.80601788,4.13580704,10.8939228,1
0.015625,396,5.78555393,4.09927034,10.9203548,1
0.015625,397,5.7647686,4.06278658,10.946084,1
0.015625,398,5.74366617,4.02636528,10.9711065,1
0.015625,399,5.72226,3.99001884,10.9954405,1
0.015625,400,5.70055485,3.95375633,11.0190878,1
0.015625,401,5.67856026,3.91758704,11.0420532,1
0.015625,402,5.65628099,3.88151646,11.0643473,1
0.015625,403,5.63372803,3.8455565,11.0859776,1
0.015625,404,5.61090946,3.80971551,11.1069498,1
0.015625,405,5.58783102,3.77400327,11.1272688,1
0.015625,406,5.56450176,3.7384243,11.1469498,1
0.015625,407,5.54093075,3.70298982,11.1659937,1
0.015625,408,5.5171237,3.6677053,11.184412,1
0.015625,409,5.49308825,3.63257694,11.2022095,1
0.015625,410,5.46883345,3.59761667,11.2193928,1
0.015625,411,5.44436455,3.56282473,11.2359781,1
0.015625,412,5.41969299,3.52821326,11.2519665,1
0.015625,413,5.39482164,3.49378324,11.2673683,1
0.015625,414,5.36976337,3.45954728,11.2821941,1
0.015625,415,5.34451866,3.42550206,11.2964478,1
0.015625,416,5.31909895,3.39166141,11.3101377,1
0.015625,417,5.29351091,3.35802531,11.3232727,1
0.015625,418,5.26776266,3.32460189,11.335865,1
0.015625,419,5.24185896,3.29139614,11.3479185,1
0.015625,420,5.21580791,3.25841022,11.3594427,1
0.015625,421,5.18961668,3.22565031,11.3704481,1
0.015625,422,5.16329193,3.19311953,11.3809414,1
0.015625,423,5.13683891,3.16082215,11.3909292,1
0.015625,424,5.1102643,3.12875867,11.4004221,1
0.015625,425,5.08357668,3.09693956,11.4094267,1
0.015625,426,5.05678082,3.0653615,11.4179535,1
0.015625,427,5.02988434,3.03402948,11.4260101,1
0.015625,428,5.00289297,3.00294852,11.4336042,1
0.015625,429,4.97581053,2.97211814,11.4407415,1
0.015625,430,4.94864464,2.94154119,11.4474344,1
0.015625,431,4.92140436,2.91122413,11.4536905,1
0.015625,432,4.89409113,2.88116407,11.4595137,1
0.015625,433,4.86671066,2.85136223,11.4649162,1
0.015625,434,4.83927345,2.82182622,11.4699049,1
0.015625,435,4.81177855,2.79255128,11.4744854,1
0.015625,436,4.78423595,2.7635417,11.4786692,1
0.015625,437,4.75665045,2.73479962,11.4824629,1
0.015625,438,4.72902632,2.70632529,11.4858713,1
0.015625,439,4.70136642,2.67811704,11.488905,1
0.015625,440,4.67368126,2.65018129,11.4915695,1
0.015625,441,4.64596939,2.62251019,11.4938755,1
0.015625,442,4.61824083,2.59511089,11.4958286,1
0.015625,443,4.59050035,2.56798577,11.4974346,1
0.015625,444,4.562747,2.54112554,11.498703,1
0.015625,445,4.53499079,2.51453876,11.4996386,1
0.015625,446,4.50723505,2.48822236,11.5002518,1
0.015625,447,4.47948122,2.46217489,11.5005445,1
0.015625,448,4.45173883,2.43639922,11.5005302,1
0.015625,449,4.42400551,2.41089201,11.5002079,1
0.015625,450,4.3962903,2.3856523,11.4995928,1
0.015625,451,4.3685956,2.3606832,11.4986849,1
0.015625,452,4.34092474,2.33598018,11.4974928,1
0.015625,453,4.31328249,2.31154418,11.496026,1
0.015625,454,4.28567219,2.28737378,11.4942884,1
0.015625,455,4.25809622,2.2634685,11.4922819,1
0.015625,456,4.23056126,2.23982859,11.4900208,1
0.015625,457,4.20306683,2.21644926,11.487505,1
0.015625,458,4.17561722,2.19332957,11.484746,1
0.015625,459,4.14821768,2.17047215,11.4817429,1
0.015625,460,4.12087059,2.14787316,11.478507,1
0.015625,461,4.09357643,2.12552881,11.4750414,1
0.015625,462,4.06634045,2.10344076,11.4713535,1
0.015625,463,4.03916359,2.08160496,11.4674473,1
0.015625,464,4.01205397,2.0600245,11.4633293,1
0.015625,465,3.98500919,2.03869367,11.4590044,1
0.015625,466,3.95803022,2.01760769,11.4544764,1
0.015625,467,3.93112493,1.99677038,11.4497538,1
0.015625,468,3.90429378,1.97617865,11.4448385,1
0.015625,469,3.8775363,1.95582724,11.4397373,1
0.015625,470,3.85086131,1.93571901,11.4344578,1
0.015625,471,3.82426262,1.91584659,11.4289989,1
0.015625,472,3.79774952,1.89621258,11.4233704,1
0.015625,473,3.7713182,1.87681127,11.417572,1
0.015625,474,3.74497747,1.85764575,11.4116125,1
0.015625,475,3.71872211,1.83870745,11.4054937,1
0.015625,476,3.69255853,1.81999648,11.3992252,1
0.015625,477,3.66648722,1.80151212,11.3928061,1
0.015625,478,3.6405077,1.7832495,11.38624,1
0.015625,479,3.61462831,1.76521122,11.3795347,1
0.015625,480,3.58884168,1.74738824,11.3726912,1
0.015625,481,3.56315708,1.72978449,11.3657179,1
0.015625,482,3.53756952,1.71239078,11.3586149,1
0.015625,483,3.51208258,1.69520867,11.3513861,1
0.015625,484,3.4867003,1.67823684,11.344038,1
0.015625,485,3.4614222,1.66147292,11.3365717,1
0.015625,486,3.43624806,1.64491129,11.3289919,1
0.015625,487,3.41117978,1.62855184,11.3213005,1
0.015625,488,3.38621902,1.61239135,11.3135042,1
0.015625,489,3.36136985,1.59643114,11.3056049,1
0.015625,490,3.33662629,1.58066165,11.2976055,1
0.015625,491,3.31199217,1.5650835,11.2895088,1
0.015625,492,3.28747129,1.54969716,11.2813187,1
0.015625,493,3.26306105,1.53449583,11.2730408,1
0.015625,494,3.23876572,1.51948321,11.2646723,1
0.015625,495,3.21457982,1.50464714,11.2562237,1
0.015625,496,3.19050837,1.48999107,11.2476912,1
0.015625,497,3.16655469,1.47551501,11.2390833,1
0.015625,498,3.14271164,1.46121061,11.2303963,1
0.015625,499,3.11898685,1.44707894,11.2216396,1
0.015625,500,3.09537768,1.4331193,11.2128096,1
0.015625,501,3.07188416,1.4193244,11.2039156,1
0.015625,502,3.04850769,1.40569448,11.1949568,1
0.015625,503,3.02524996,1.39222836,11.185936,1
0.015625,504,3.00210357,1.37891698,11.1768551,1
0.015625,505,2.97908068,1.36576819,11.167716,1
0.015625,506,2.95617366,1.35277176,11.1585236,1
0.015625,507,2.93338394,1.33992732,11.1492777,1
0.015625,508,2.91071296,1.32723403,11.1399822,1
0.015625,509,2.88816071,1.31468785,11.13064,1
0.015625,510,2.86572528,1.30228758,11.1212482,1
0.015625,511,2.84340811,1.29002881,11.1118155,1
0.015625,512,2.82120967,1.27791166,11.1023397,1
0.015625,513,2.79913092,1.26593351,11.0928249,1
0.015625,514,2.77716708,1.25408876,11.0832739,1
0.015625,515,2.75532341,1.24237835,11.0736866,1
0.015625,516,2.73359585,1.23079884,11.0640631,1
0.015625,517,2.71198797,1.21934843,11.0544119,1
0.015625,518,2.69049692,1.2080251,11.0447264,1
0.015625,519,2.6691246,1.19682717,11.0350151,1
0.015625,520,2.64786816,1.18575084,11.0252752,1
0.015625,521,2.62672734,1.17479289,11.0155106,1
0.015625,522,2.60570264,1.16395152,11.0057249,1
0.015625,523,2.58479619,1.15322781,10.9959154,1
0.015625,524,2.5640049,1.14261746,10.986084,1
0.015625,525,2.54332757,1.13211572,10.9762373,1
0.015625,526,2.5227685,1.12172675,10.9663725,1
0.015625,527,2.50232244,1.11144221,10.9564915,1
0.015625,528,2.48198915,1.1012615,10.9465961,1
0.015625,529,2.46176982,1.09118319,10.9366875,1
0.015625,530,2.44166636,1.08120763,10.9267712,1
0.015625,531,2.42167377,1.07132912,10.9168415,1
0.015625,532,2.401793,1.06154704,10.9069014,1
0.015625,533,2.382025,1.05186009,10.8969545,1
0.015625,534,2.36236763,1.04226351,10.8870039,1
0.015625,535,2.34282231,1.03276026,10.8770447,1
0.015625,536,2.32338524,1.02334285,10.8670835,1
0.015625,537,2.30405855,1.01401258,10.8571177,1
0.015625,538,2.28484106,1.0047673,10.8471537,1
0.015625,539,2.26573205,0.995605826,10.8371849,1
0.015625,540,2.24672699,0.98652041,10.8272171,1
0.015625,541,2.22783232,0.977517426,10.8172522,1
0.015625,542,2.20904255,0.968589902,10.8072882,1
0.015625,543,2.19036031,0.959739447,10.797328,1
0.015625,544,2.17177987,0.950958908,10.7873726,1
0.015625,545,2.15330625,0.942251921,10.7774248,1
0.015625,546,2.1349349,0.933615088,10.767477,1
0.015625,547,2.11666632,0.925044775,10.7575417,1
0.015625,548,2.09850121,0.916542709,10.747612,1
0.015625,549,2.0804348,0.908100605,10.7376957,1
0.015625,550,2.06247187,0.899726212,10.7277832,1
0.015625,551,2.04460692,0.891409516,10.717885,1
0.015625,552,2.02684283,0.883155704,10.7079935,1
0.015625,553,2.00917411,0.874953926,10.6981201,1
0.015625,554,1.99160266,0.866810739,10.6882515,1
0.015625,555,1.97412801,0.858720064,10.6784029,1
0.015625,556,1.95675373,0.85068661,10.6685696,1
0.015625,557,1.93946874,0.842699826,10.6587458,1
0.015625,558,1.92228174,0.834765732,10.648942,1
0.015625,559,1.90518379,0.82687521,10.6391506,1
0.015625,560,1.88818252,0.81903404,10.6293793,1
0.015625,561,1.87127042,0.81123656,10.619626,1
0.015625,562,1.85444808,0.803480506,10.60989,1
0.015625,563,1.83772016,0.795770407,10.600173,1
0.015625,564,1.8210783,0.788098335,10.5904732,1
0.015625,565,1.80452573,0.780464292,10.5807981,1
0.015625,566,1.78805935,0.772868097,10.5711384,1
0.015625,567,1.7716794,0.765306354,10.5615025,1
0.015625,568,1.75538647,0.757780373,10.5518894,1
0.015625,569,1.73917902,0.750289083,10.5422935,1
0.015625,570,1.72305238,0.742825389,10.5327263,1
0.015625,571,1.70701277,0.735395968,10.5231791,1
0.015625,572,1.69105256,0.727992952,10.5136557,1
0.015625,573,1.67517507,0.720618367,10.5041561,1
0.015625,574,1.65937746,0.713268995,10.4946842,1
0.015625,575,1.64365971,0.705945671,10.4852333,1
0.015625,576,1.62802017,0.6986444,10.4758091,1
0.015625,577,1.61245823,0.69136548,10.4664125,1
0.015625,578,1.59697342,0.6841079,10.4570398,1
0.015625,579,1.58156419,0.676869154,10.4476976,1
0.015625,580,1.56622982,0.669648468,10.4383802,1
0.015625,581,1.55096972,0.662445426,10.4290867,1
0.015625,582,1.53578389,0.655258358,10.4198284,1
0.015625,583,1.52066994,0.648086369,10.4105921,1
0.015625,584,1.50562763,0.640926957,10.4013882,1
0.015625,585,1.4906559,0.633781016,10.3922119,1
0.015625,586,1.47575378,0.626644611,10.3830652,1
0.015625,587,1.46092236,0.619520605,10.3739491,1
0.015625,588,1.44615448,0.61240077,10.3648634,1
0.015625,589,1.43145823,0.60529238,10.3558083,1
0.015625,590,1.41682422,0.598187149,10.3467808,1
0.015625,591,1.40225899,0.59109056,10.3377867,1
0.015625,592,1.38775504,0.583994746,10.328824,1
0.015625,593,1.37331724,0.576904833,10.3198938,1
0.015625,594,1.35893869,0.569813728,10.3109932,1
0.015625,595,1.3446238,0.562724948,10.3021269,1
0.015625,596,1.33037114,0.555637181,10.293293,1
0.015625,597,1.3161757,0.548545957,10.2844925,1
0.015625,598,1.30204093,0.541454017,10.2757215,1
0.015625,599,1.28796482,0.534358919,10.2669878,1
0.015625,600,1.27394462,0.527258039,10.2582855,1
0.015625,601,1.2599802,0.5201509,10.2496195,1
0.015625,602,1.24607158,0.513037086,10.2409897,1
0.015625,603,1.23221743,0.505917251,10.2323875,1
0.015625,604,1.21841788,0.498788357,10.2238264,1
0.015625,605,1.2046721,0.491652131,10.2152958,1
0.015625,606,1.19097435,0.484500468,10.2068024,1
0.015625,607,1.1773324,0.477342308,10.1983442,1
0.015625,608,1.16373682,0.470167369,10.1899195,1
0.015625,609,1.15019286,0.462981761,10.1815348,1
0.015625,610,1.13669574,0.45577994,10.1731844,1
0.015625,611,1.12324905,0.44856599,10.1648693,1
0.015625,612,1.10984659,0.441333324,10.1565914,1
0.015625,613,1.09649217,0.434084952,10.1483526,1
0.015625,614,1.08318174,0.426817745,10.1401491,1
0.015625,615,1.06991625,0.419532627,10.1319828,1
0.015625,616,1.05669236,0.412226558,10.1238508,1
0.015625,617,1.04351115,0.404898167,10.1157608,1
0.015625,618,1.03037322,0.39755109,10.107707,1
0.015625,619,1.01727629,0.390181363,10.0996914,1
0.015625,620,1.00421727,0.382785797,10.0917149,1
0.015625,621,0.991199732,0.375368744,10.0837755,1
0.015625,622,0.978218257,0.367924273,10.0758743,1
0.015625,623,0.965275168,0.360454321,10.0680151,1
0.015625,624,0.952371001,0.352960497,10.0601931,1
0.015625,625,0.939498842,0.345434368,10.0524111,1
0.015625,626,0.926664054,0.337882847,10.0446663,1
0.015625,627,0.913865447,0.330304295,10.0369616,1
0.015625,628,0.901094973,0.322689235,10.0292997,1
0.015625,629,0.888359666,0.315046877,10.0216742,1
0.015625,630,0.875659585,0.307375729,10.0140915,1
0.015625,631,0.862984657,0.299666464,10.0065479,1
0.015625,632,0.850345492,0.29193005,9.99904346,1
0.015625,633,0.837730289,0.284153312,9.99158096,1
0.015625,634,0.825145483,0.276344031,9.98416042,1
0.015625,635,0.812592626,0.26850301,9.97678089,1
0.015625,636,0.800061405,0.260619819,9.96944427,1
0.015625,637,0.787560105,0.252704144,9.96214485,1
0.015625,638,0.775081933,0.244747594,9.9548893,1
0.015625,639,0.762630582,0.23675552,9.94767189,1
0.015625,640,0.750200391,0.22871992,9.94050407,1
0.015625,641,0.73779732,0.220648974,9.93337345,1
0.015625,642,0.725411475,0.212531745,9.92628574,1
0.015625,643,0.71305275,0.204378173,9.91924477,1
0.015625,644,0.700709403,0.196176872,9.91224098,1
0.015625,645,0.68838948,0.187935963,9.90528393,1
0.015625,646,0.676090002,0.179652333,9.89836979,1
0.015625,647,0.6638062,0.17132163,9.89149761,1
0.015625,648,0.651541054,0.162946194,9.88466835,1
0.015625,649,0.639293492,0.154525012,9.87788582,1
0.015625,650,0.627060056,0.14605546,9.87114334,1
0.015625,651,0.614846468,0.137543291,9.86444569,1
0.015625,652,0.602642596,0.128976971,9.85779285,1
0.015625,653,0.590455949,0.120364949,9.85118771,1
0.015625,654,0.578281462,0.111702748,9.84462261,1
0.015625,655,0.566122234,0.102993369,9.8381052,1
0.015625,656,0.553974986,0.0942331254,9.83163071,1
0.015625,657,0.54183805,0.0854205936,9.82520294,1
0.015625,658,0.529710233,0.076553911,9.81882191,1
0.015625,659,0.517592847,0.067635417,9.81248569,1
0.015625,660,0.505485058,0.0586642325,9.80619335,1
0.015625,661,0.493385315,0.0496379063,9.79995155,1
0.015625,662,0.481292486,0.0405563116,9.79375362,1
0.015625,663,0.469209641,0.0314228833,9.78760052,1
0.015625,664,0.457129598,0.0222291704,9.78149414,1
0.015625,665,0.445056766,0.0129805394,9.7754364,1
0.015625,666,0.432988942,0.0036746487,9.76942825,1
0.015625,667,0.420924395,-0.00569064543,9.76346493,1
0.015625,668,0.408863246,-0.0151143875,9.75754738,1
0.015625,669,0.396803886,-0.0245988239,9.75167942,1
0.015625,670,0.384749115,-0.0341401882,9.74585819,1
0.015625,671,0.372697443,-0.0437406152,9.74008751,1
0.015625,672,0.360642821,-0.053406246,9.73436451,1
0.015625,673,0.348589718,-0.0631320998,9.72868633,1
0.015625,674,0.336534977,-0.0729224533,9.72306442,1
0.015625,675,0.324484229,-0.0827691704,9.71748638,1
0.015625,676,0.312428981,-0.0926831216,9.71195889,1
0.015625,677,0.300369233,-0.102663383,9.70648003,1
0.015625,678,0.288308859,-0.112705998,9.70105457,1
0.015625,679,0.276241928,-0.122816831,9.6956749,1
0.015625,680,0.264169693,-0.132995382,9.69034767,1
0.015625,681,0.252096474,-0.143235371,9.68506908,1
0.015625,682,0.240015924,-0.153545141,9.67984486,1
0.015625,683,0.227929115,-0.163922772,9.67467022,1
0.015625,684,0.2158328,-0.174371317,9.66954613,1
0.015625,685,0.203732371,-0.184885487,9.66447639,1
0.015625,686,0.191622332,-0.195470482,9.6594553,1
0.015625,687,0.179505125,-0.206124157,9.6544857,1
0.015625,688,0.16737619,-0.216851369,9.64956951,1
0.015625,689,0.15523839,-0.227648616,9.64470863,1
0.015625,690,0.143090904,-0.238516524,9.6398983,1
0.015625,691,0.130930543,-0.249459073,9.63514137,1
0.015625,692,0.118759736,-0.260472685,9.6304369,1
0.015625,693,0.106573418,-0.271563977,9.62578773,1
0.015625,694,0.094378829,-0.282723844,9.62119198,1
0.015625,695,0.0821666196,-0.293963373,9.6166544,1
0.015625,696,0.0699413866,-0.305276513,9.61216545,1
0.015625,697,0.0577015653,-0.316665351,9.60773468,1
0.015625,698,0.0454439819,-0.328133374,9.60335445,1
0.015625,699,0.0331770107,-0.339670926,9.59903336,1
0.015625,700,0.0208837986,-0.351297498,9.59477234,1
0.015625,701,0.00857680291,-0.362998217,9.59056187,1
0.015625,702,-0.00374516845,-0.374774247,9.58640957,1
0.015625,703,-0.0160880163,-0.38663283,9.58231449,1
0.015625,704,-0.0284504965,-0.398571551,9.57827091,1
0.015625,705,-0.0408247635,-0.410581797,9.57429218,1
0.015625,706,-0.0532289147,-0.422684968,9.57036877,1
0.015625,707,-0.0656494349,-0.434864223,9.56650352,1
0.015625,708,-0.0780932009,-0.447127968,9.56269646,1
0.015625,709,-0.0905535147,-0.459468156,9.55894566,1
0.015625,710,-0.103040986,-0.471897274,9.55525589,1
0.015625,711,-0.115548179,-0.484406292,9.55162621,1
0.015625,712,-0.128080115,-0.497001052,9.5480566,1
0.015625,713,-0.140636384,-0.509681165,9.54454803,1
0.015625,714,-0.153219298,-0.522448719,9.54109573,1
0.015625,715,-0.16582422,-0.535298526,9.53770638,1
0.015625,716,-0.17845659,-0.548237085,9.53438187,1
0.015625,717,-0.19111453,-0.561261654,9.53111553,1
0.015625,718,-0.203801796,-0.574376643,9.52790833,1
0.015625,719,-0.216512337,-0.58757478,9.52476978,1
0.015625,720,-0.229249656,-0.600860298,9.52168941,1
0.015625,721,-0.242017508,-0.614237249,9.5186739,1
0.015625,722,-0.254815698,-0.627705634,9.51572227,1
0.015625,723,-0.267638087,-0.641257703,9.51282978,1
0.015625,724,-0.280496269,-0.654907584,9.51000977,1
0.015625,725,-0.293379575,-0.668641627,9.50724602,1
0.015625,726,-0.306297243,-0.682471752,9.50455189,1
0.015625,727,-0.31924358,-0.69639039,9.50192451,1
0.015625,728,-0.332224846,-0.710405052,9.49936008,1
0.015625,729,-0.345237017,-0.724510968,9.49686241,1
0.015625,730,-0.358283401,-0.738712013,9.49443436,1
0.015625,731,-0.371360481,-0.753003538,9.49207306,1
0.015625,732,-0.384471416,-0.767389417,9.48977566,1
0.015625,733,-0.397617102,-0.781870782,9.48754978,1
0.015625,734,-0.410799891,-0.796449959,9.48539257,1
0.015625,735,-0.424017131,-0.811124027,9.48330021,1
0.015625,736,-0.437269241,-0.825893223,9.48128223,1
0.015625,737,-0.450557977,-0.840759575,9.47933102,1
0.015625,738,-0.463881254,-0.855720401,9.47744846,1
0.015625,739,-0.477241248,-0.870778203,9.47563934,1
0.015625,740,-0.490642607,-0.885938585,9.4739027,1
0.015625,741,-0.504080594,-0.901195943,9.47223663,1
0.015625,742,-0.517556965,-0.916551948,9.47064304,1
0.015625,743,-0.531077743,-0.93201381,9.46912193,1
0.015625,744,-0.54463172,-0.947567821,9.46767139,1
0.015625,745,-0.558224976,-0.96322155,9.46630096,1
0.015625,746,-0.571863174,-0.978981316,9.46499825,1
0.015625,747,-0.585536838,-0.994835675,9.46377182,1
0.015625,748,-0.599256933,-1.0107981,9.46262074,1
0.015625,749,-0.613013268,-1.02685583,9.46154785,1
0.015625,750,-0.626816869,-1.04302216,9.46055317,1
0.015625,751,-0.640660405,-1.05928802,9.45963192,1
0.015625,752,-0.654546261,-1.07565629,9.45878601,1
0.015625,753,-0.668477654,-1.09213126,9.45802116,1
0.015625,754,-0.682452321,-1.10870922,9.45733261,1
0.015625,755,-0.696468353,-1.12538803,9.45672321,1
0.015625,756,-0.710533559,-1.14217746,9.45619583,1
0.015625,757,-0.724641621,-1.15906942,9.4557457,1
0.015625,758,-0.738796115,-1.17606783,9.45537663,1
0.015625,759,-0.752997875,-1.19317424,9.45509243,1
0.015625,760,-0.767245293,-1.2103864,9.45488548,1
0.015625,761,-0.781536579,-1.22770154,9.45476246,1
0.015625,762,-0.795879126,-1.24512935,9.45472527,1
0.015625,763,-0.810267746,-1.26266277,9.45476723,1
0.015625,764,-0.824697614,-1.28029549,9.4548912,1
0.015625,765,-0.839190483,-1.29805529,9.4551096,1
0.015625,766,-0.853717148,-1.31590486,9.45540237,1
0.015625,767,-0.868299901,-1.3338722,9.45578575,1
0.015625,768,-0.88293308,-1.35195017,9.45625877,1
0.015625,769,-0.897615254,-1.37013698,9.45681477,1
0.015625,770,-0.912346363,-1.38843203,9.4574604,1
0.015625,771,-0.927129507,-1.40683937,9.45819473,1
0.015625,772,-0.941967428,-1.42536223,9.45901966,1
0.015625,773,-0.95685637,-1.44399571,9.45993519,1
0.015625,774,-0.971793354,-1.46273601,9.4609375,1
0.015625,775,-0.986779273,-1.48158419,9.46202946,1
0.015625,776,-1.00182486,-1.50055349,9.46321869,1
0.015625,777,-1.01692045,-1.51963162,9.46449566,1
0.015625,778,-1.03206897,-1.53882217,9.46586704,1
0.015625,779,-1.04726994,-1.55812418,9.46733284,1
0.015625,780,-1.06252778,-1.57754362,9.468894,1
0.015625,781,-1.07783771,-1.59707391,9.47054768,1
0.015625,782,-1.09320402,-1.61672056,9.47229671,1
0.015625,783,-1.10862017,-1.63647473,9.47414207,1
0.015625,784,-1.12409687,-1.65635014,9.47608757,1
0.015625,785,-1.13963056,-1.67634237,9.4781332,1
0.015625,786,-1.15521455,-1.69644225,9.48027229,1
0.015625,787,-1.1708591,-1.71666288,9.48251438,1
0.015625,788,-1.18655753,-1.73699594,9.48485184,1
0.015625,789,-1.20231807,-1.7574513,9.48729515,1
0.015625,790,-1.21812773,-1.77801228,9.48983669,1
0.015625,791,-1.23400712,-1.79870558,9.49248314,1
0.015625,792,-1.24993515,-1.81950343,9.49523354,1
0.015625,793,-1.26592267,-1.84041953,9.49808407,1
0.015625,794,-1.28196514,-1.86144841,9.50103664,1
0.015625,795,-1.29807413,-1.8826046,9.50410271,1
0.015625,796,-1.314237,-1.90387142,9.50726891,1
0.015625,797,-1.33046186,-1.92525935,9.51054287,1
0.015625,798,-1.34674275,-1.9467603,9.51392651,1
0.015625,799,-1.36308575,-1.9683826,9.517416,1
0.015625,800,-1.37948847,-1.99012196,9.52101898,1
0.015625,801,-1.39595127,-2.01197982,9.52472401,1
0.015625,802,-1.41247356,-2.03395414,9.52854919,1
0.015625,803,-1.42906046,-2.05605197,9.53247833,1
0.015625,804,-1.4457016,-2.07825947,9.53652382,1
0.015625,805,-1.46241045,-2.10059428,9.54067802,1
0.015625,806,-1.47917795,-2.12304401,9.54494953,1
0.015625,807,-1.49600887,-2.14561486,9.54933739,1
0.015625,808,-1.51289976,-2.16830182,9.55384159,1
0.015625,809,-1.52983916,-2.19109082,9.55844879,1
0.015625,810,-1.54685497,-2.21401691,9.56318378,1
0.015625,811,-1.56393468,-2.23706341,9.56803608,1
0.015625,812,-1.58107615,-2.26022792,9.57300758,1
0.015625,813,-1.5982815,-2.28351307,9.57810307,1
0.015625,814,-1.61555123,-2.3069191,9.58331394,1
0.015625,815,-1.63288414,-2.3304441,9.5886507,1
0.015625,816,-1.65028846,-2.35409856,9.59410954,1
0.015625,817,-1.66774917,-2.37786293,9.59969234,1
0.015625,818,-1.68529701,-2.40177703,9.60540867,1
0.015625,819,-1.70288706,-2.42578173,9.61123943,1
0.015625,820,-1.72054219,-2.44990706,9.61719418,1
0.015625,821,-1.73826039,-2.47414994,9.62327862,1
0.015625,822,-1.75604248,-2.49851108,9.62948799,1
0.015625,823,-1.7738905,-2.52299333,9.63582611,1
0.015625,824,-1.79180789,-2.54760003,9.64229679,1
0.015625,825,-1.80977106,-2.57230163,9.64888382,1
0.015625,826,-1.8278172,-2.59714484,9.65561485,1
0.015625,827,-1.84592962,-2.6221087,9.66247749,1
0.015625,828,-1.86410475,-2.64718771,9.66947174,1
0.015625,829,-1.88234937,-2.6723907,9.67660236,1
0.015625,830,-1.9006604,-2.69771338,9.68386745,1
0.015625,831,-1.91901815,-2.72312975,9.69125652,1
0.015625,832,-1.93745661,-2.74868369,9.69879436,1
0.015625,833,-1.95596969,-2.77436686,9.70647049,1
0.015625,834,-1.97454584,-2.80016446,9.71428299,1
0.015625,835,-1.99318552,-2.82607651,9.72223568,1
0.015625,836,-2.0118916,-2.85210609,9.73032951,1
0.015625,837,-2.03066874,-2.87825966,9.73856544,1
0.015625,838,-2.049546,-2.90457463,9.74696255,1
0.015625,839,-2.06845188,-2.93095732,9.75548267,1
0.015625,840,-2.08742952,-2.95746326,9.76414967,1
0.015625,841,-2.10647321,-2.98408556,9.77296066,1
0.015625,842,-2.12558746,-3.01082873,9.78191948,1
0.015625,843,-2.14476848,-3.03768897,9.79102612,1
0.015625,844,-2.16401482,-3.06466246,9.80027962,1
0.015625,845,-2.18332624,-3.09174991,9.80967712,1
0.015625,846,-2.20271778,-3.11896849,9.81924343,1
0.015625,847,-2.22216892,-3.14629388,9.82894802,1
0.015625,848,-2.24168849,-3.1737361,9.83880234,1
0.015625,849,-2.26127529,-3.20129228,9.84881783,1
0.015625,850,-2.28092861,-3.22896266,9.85898113,1
0.015625,851,-2.30065393,-3.25675225,9.86930275,1
0.015625,852,-2.32044458,-3.28465414,9.87977791,1
0.015625,853,-2.34029794,-3.31266308,9.89040852,1
0.015625,854,-2.36022592,-3.34079456,9.90120316,1
0.015625,855,-2.38021374,-3.36902928,9.91214657,1
0.015625,856,-2.40027595,-3.39738512,9.92325592,1
0.015625,857,-2.42039728,-3.42584205,9.93452263,1
0.015625,858,-2.44059753,-3.45442581,9.94595909,1
0.015625,859,-2.4608624,-3.48311687,9.95755386,1
0.015625,860,-2.48119521,-3.51191974,9.96931553,1
0.015625,861,-2.50159311,-3.54082942,9.98124027,1
0.015625,862,-2.52206254,-3.56985497,9.99333382,1
0.015625,863,-2.54259849,-3.59898806,10.0055933,1
0.015625,864,-2.56320071,-3.62822986,10.0180178,1
0.015625,865,-2.5838697,-3.65757871,10.0306129,1
0.015625,866,-2.60460877,-3.68703961,10.0433798,1
0.015625,867,-2.62541223,-3.71660399,10.0563164,1
0.015625,868,-2.64628458,-3.74627733,10.0694294,1
0.015625,869,-2.66721892,-3.77605128,10.0827055,1
0.015625,870,-2.68822932,-3.80594182,10.0961685,1
0.015625,871,-2.70930076,-3.83593011,10.1097984,1
0.015625,872,-2.73044205,-3.86602783,10.1236048,1
0.015625,873,-2.75165081,-3.89622998,10.1375933,1
0.015625,874,-2.77292061,-3.92652893,10.1517496,1
0.015625,875,-2.79425478,-3.9569273,10.1660891,1
0.015625,876,-2.8156662,-3.9874413,10.1806183,1
0.015625,877,-2.83713651,-4.01804829,10.1953182,1
0.015625,878,-2.8586657,-4.04874563,10.2101984,1
0.015625,879,-2.88026404,-4.07954836,10.2252617,1
0.015625,880,-2.90193439,-4.11045742,10.2405138,1
0.015625,881,-2.92368937,-4.14149046,10.2559652,1
0.015625,882,-2.94547963,-4.17258167,10.2715778,1
0.015625,883,-2.96734548,-4.20378304,10.2873898,1
0.015625,884,-2.98926878,-4.23507071,10.3033857,1
0.015625,885,-3.01126838,-4.26646805,10.3195744,1
0.015625,886,-3.03331995,-4.29794598,10.3359375,1
0.015625,887,-3.05544186,-4.32952261,10.3525095,1
0.015625,888,-3.07763338,-4.36120033,10.3692665,1
0.015625,889,-3.09988284,-4.39296055,10.3862228,1
0.015625,890,-3.12219381,-4.42481041,10.4033623,1
0.015625,891,-3.1445725,-4.45675564,10.4207001,1
0.015625,892,-3.16701317,-4.48878765,10.4382381,1
0.015625,893,-3.1895175,-4.52090931,10.4559708,1
0.015625,894,-3.21208167,-4.55311441,10.473897,1
0.015625,895,-3.2347374,-4.58544111,10.4920568,1
0.015625,896,-3.25743008,-4.6178236,10.5103836,1
0.015625,897,-3.28017688,-4.65027952,10.5289049,1
0.015625,898,-3.30296898,-4.68280029,10.5476017,1
0.015625,899,-3.32584238,-4.71542597,10.566534,1
0.015625,900,-3.34877682,-4.74813318,10.5856676,1
0.015625,901,-3.37177253,-4.78092194,10.6050005,1
0.015625,902,-3.39482498,-4.81378412,10.6245422,1
0.015625,903,-3.41794324,-4.84673357,10.644289,1
0.015625,904,-3.44111323,-4.87974739,10.6642389,1
0.015625,905,-3.4643476,-4.91284513,10.6843977,1
0.015625,906,-3.48763609,-4.94601059,10.7047625,1
0.015625,907,-3.51098657,-4.97925377,10.7253399,1
0.015625,908,-3.53440619,-5.0125823,10.7461376,1
0.015625,909,-3.55785942,-5.04595184,10.7671232,1
0.015625,910,-3.58137393,-5.07939529,10.7883272,1
0.015625,911,-3.6049509,-5.11291456,10.8097458,1
0.015625,912,-3.62858582,-5.14650249,10.8313789,1
0.015625,913,-3.65227985,-5.18015909,10.8532333,1
0.015625,914,-3.67602181,-5.21387148,10.8752909,1
0.015625,915,-3.69982171,-5.2476511,10.8975677,1
0.015625,916,-3.72367716,-5.28149223,10.920064,1
0.015625,917,-3.7475841,-5.31539154,10.94277,1
0.015625,918,-3.77154684,-5.34935141,10.9657001,1
0.015625,919,-3.79556346,-5.38336992,10.9888468,1
0.015625,920,-3.81962967,-5.41744089,11.0122099,1
0.015625,921,-3.84375381,-5.45157385,11.035799,1
0.015625,922,-3.86791849,-5.48574495,11.0595989,1
0.015625,923,-3.89216638,-5.52000952,11.0836506,1
0.015625,924,-3.91640449,-5.55424786,11.1078625,1
0.015625,925,-3.94072914,-5.58858156,11.1323347,1
0.015625,926,-3.96510291,-5.62296104,11.1570301,1
0.015625,927,-3.98958778,-5.65745878,11.1820326,1
0.015625,928,-4.01405859,-5.69192648,11.2071781,1
0.015625,929,-4.03857422,-5.72643566,11.2325401,1
0.015625,930,-4.06314182,-5.76098967,11.2581396,1
0.015625,931,-4.08775902,-5.79558706,11.2839632,1
0.015625,932,-4.11241531,-5.83021402,11.31001,1
0.015625,933,-4.13711739,-5.86487722,11.3362808,1
0.015625,934,-4.16186762,-5.89957857,11.3627872,1
0.015625,935,-4.18662596,-5.93426943,11.3894787,1
0.015625,936,-4.21146774,-5.96903992,11.4164438,1
0.015625,937,-4.236341,-6.00382471,11.4436293,1
0.015625,938,-4.26126719,-6.03865194,11.4710541,1
0.015625,939,-4.28623199,-6.07350063,11.498702,1
0.015625,940,-4.31123686,-6.10837269,11.5265837,1
0.015625,941,-4.33628368,-6.14326906,11.5546999,1
0.015625,942,-4.36137009,-6.17818737,11.5830421,1
0.015625,943,-4.38649273,-6.21312094,11.6116171,1
0.015625,944,-4.4116559,-6.24807358,11.6404295,1
0.015625,945,-4.43686104,-6.2830472,11.6694756,1
0.015625,946,-4.46209717,-6.31802797,11.6987486,1
0.015625,947,-4.48737097,-6.35302258,11.7282591,1
0.015625,948,-4.51268482,-6.38803244,11.7580051,1
0.015625,949,-4.53802586,-6.42304039,11.7879791,1
0.015625,950,-4.56341076,-6.45806885,11.8181973,1
0.015625,951,-4.58882141,-6.49309158,11.8486395,1
0.015625,952,-4.61427355,-6.52812672,11.8793297,1
0.015625,953,-4.63977432,-6.56318235,11.9102783,1
0.015625,954,-4.66528702,-6.59821606,11.9414368,1
0.015625,955,-4.69082594,-6.63324022,11.9728222,1
0.015625,956,-4.71639824,-6.66826534,12.0044527,1
0.015625,957,-4.74199152,-6.70327282,12.0363092,1
0.015625,958,-4.76761866,-6.73827887,12.0684071,1
0.015625,959,-4.79327202,-6.77327299,12.1007395,1
0.015625,960,-4.81895304,-6.80825663,12.1333103,1
0.015625,961,-4.84465218,-6.8432169,12.1661072,1
0.015625,962,-4.87038803,-6.87817335,12.1991558,1
0.015625,963,-4.89614105,-6.91310453,12.2324314,1
0.015625,964,-4.92192078,-6.94801807,12.2659473,1
0.015625,965,-4.94769859,-6.98287821,12.2996759,1
0.015625,966,-4.97352123,-7.01774502,12.333663,1
0.015625,967,-4.9993639,-7.05258274,12.3678865,1
0.015625,968,-5.02523518,-7.08740044,12.4023609,1
0.015625,969,-5.05111265,-7.12217522,12.4370508,1
0.015625,970,-5.07701492,-7.15692282,12.4719915,1
0.015625,971,-5.10293055,-7.19163179,12.5071583,1
0.015625,972,-5.1288662,-7.22631025,12.5425596,1
0.015625,973,-5.15481424,-7.26094198,12.5782022,1
0.015625,974,-5.18078423,-7.29554319,12.6140871,1
0.015625,975,-5.20676041,-7.33009481,12.6501865,1
0.015625,976,-5.23275042,-7.36459875,12.6865339,1
0.015625,977,-5.25874519,-7.39904928,12.7231035,1
0.015625,978,-5.28476477,-7.433465,12.7599239,1
0.015625,979,-5.31079483,-7.4678278,12.7969894,1
0.015625,980,-5.33682156,-7.50212288,12.8342638,1
0.015625,981,-5.36286306,-7.53637266,12.8717766,1
0.015625,982,-5.38890219,-7.57055092,12.9095144,1
0.015625,983,-5.41495609,-7.6046772,12.9475002,1
0.015625,984,-5.44101715,-7.63874435,12.9857159,1
0.015625,985,-5.46707344,-7.67273712,13.0241499,1
0.015625,986,-5.49314451,-7.70667505,13.0628328,1
0.015625,987,-5.51921511,-7.74054098,13.1017399,1
0.015625,988,-5.54528522,-7.77433491,13.140873,1
0.015625,989,-5.57135391,-7.80805254,13.1802359,1
0.015625,990,-5.59743404,-7.84170771,13.2198429,1
0.015625,991,-5.62348747,-7.87525702,13.2596436,1
0.015625,992,-5.64955711,-7.9087472,13.2996998,1
0.015625,993,-5.67561817,-7.94215107,13.3399734,1
0.015625,994,-5.70167398,-7.97546864,13.3804731,1
0.015625,995,-5.72772646,-8.00870323,13.4212008,1
0.015625,996,-5.75376844,-8.04184341,13.4621496,1
0.015625,997,-5.77980614,-8.07489681,13.5033274,1
0.015625,998,-5.80583286,-8.1078558,13.5447187,1
0.015625,999,-5.83185387,-8.14072227,13.5863457,1
0.015625,1000,-5.85785723,-8.1734848,13.6281796,1
0.015625,1001,-5.8838501,-8.20615005,13.6702337,1
0.015625,1002,-5.90983105,-8.23871326,13.712512,1
0.015625,1003,-5.93579531,-8.27117062,13.7550039,1
0.015625,1004,-5.96175051,-8.30352688,13.7977209,1
0.015625,1005,-5.98768806,-8.33577442,13.8406544,1
0.015625,1006,-6.01360321,-8.36790371,13.8837967,1
0.015625,1007,-6.0395031,-8.39992905,13.9271469,1
0.015625,1008,-6.06538248,-8.43183136,13.9707203,1
0.015625,1009,-6.09124374,-8.46362495,14.0144987,1
0.015625,1010,-6.11706829,-8.49527836,14.0584764,1
0.015625,1011,-6.14288378,-8.5268259,14.1026773,1
0.015625,1012,-6.16867924,-8.55825424,14.1470938,1
0.015625,1013,-6.1944437,-8.58955097,14.1917076,1
0.015625,1014,-6.22018385,-8.62072086,14.2365303,1
0.015625,1015,-6.24590683,-8.65177059,14.2815762,1
0.015625,1016,-6.27157402,-8.68266296,14.326767,1
0.015625,1017,-6.29723024,-8.71343613,14.3722048,1
0.015625,1018,-6.32286978,-8.7440834,14.4178686,1
0.015625,1019,-6.34845591,-8.77457523,14.463686,1
0.015625,1020,-6.37401342,-8.80492973,14.5097084,1
0.015625,1021,-6.39955807,-8.83516026,14.5559654,1
0.015625,1022,-6.42503357,-8.8652153,14.6023531,1
0.015625,1023,-6.45049429,-8.8951416,14.6489763,1
0.0078125,0,4.53998982e-05,0,0,1
0.0078125,1,0.000989567139,0.000852817146,1.03409056e-05,1
0.0078125,2,0.00196255627,0.00173595594,2.16732569e-05,1
0.0078125,3,0.00296489382,0.00265005603,3.4049197e-05,1
0.0078125,4,0.00399710983,0.00359576568,4.75229645e-05,1
0.0078125,5,0.00505974377,0.00457374332,6.21508589e-05,1
0.0078125,6,0.00615334418,0.00558466045,7.79916736e-05,1
0.0078125,7,0.00727846473,0.0066291946,9.51061302e-05,1
0.0078125,8,0.00843566004,0.00770803215,0.000113557609,1
0.0078125,9,0.00962550566,0.00882187672,0.000133411872,1
0.0078125,10,0.0108485771,0.00997143798,0.000154737223,1
0.0078125,11,0.0121054547,0.0111574354,0.000177604627,1
0.0078125,12,0.0133967251,0.0123805944,0.000202087424,1
0.0078125,13,0.0147229824,0.0136416536,0.000228262346,1
0.0078125,14,0.0160848461,0.0149413776,0.000256208441,1
0.0078125,15,0.0174829215,0.0162805188,0.000286007911,1
0.0078125,16,0.0189178325,0.0176598635,0.000317746395,1
0.0078125,17,0.0203901827,0.0190801639,0.000351511757,1
0.0078125,18,0.0219006445,0.0205422454,0.000387396489,1
0.0078125,19,0.0234498512,0.0220469199,0.000425495295,1
0.0078125,20,0.0250384342,0.0235949792,0.000465906371,1
0.0078125,21,0.0266670734,0.025187267,0.000508732046,1
0.0078125,22,0.0283364449,0.0268246401,0.000554078375,1
0.0078125,23,0.0300472118,0.0285079293,0.000602054934,1
0.0078125,24,0.0318000726,0.030238023,0.000652775343,1
0.0078125,25,0.0335956849,0.0320157669,0.000706355961,1
0.0078125,26,0.035434816,0.0338420942,0.000762920477,1
0.0078125,27,0.0373180918,0.035717845,0.000822592818,1
0.0078125,28,0.0392462909,0.037643984,0.000885504473,1
0.0078125,29,0.0412201174,0.0396214128,0.000951790018,1
0.0078125,30,0.0432403386,0.0416510962,0.00102158904,1
0.0078125,31,0.0453076512,0.0437339619,0.00109504582,1
0.0078125,32,0.0474228263,0.0458709635,0.00117230928,1
0.0078125,33,0.0495866872,0.0480631441,0.00125353562,1
0.0078125,34,0.0517999083,0.0503114089,0.00133888272,1
0.0078125,35,0.0540633239,0.0526168123,0.0014285153,1
0.0078125,36,0.056377694,0.0549803376,0.00152260473,1
0.0078125,37,0.0587438606,0.0574030504,0.00162132771,1
0.0078125,38,0.061162632,0.0598860122,0.0017248668,1
0.0078125,39,0.0636347905,0.0624302216,0.00183341035,1
0.0078125,40,0.0661611184,0.0650367439,0.00194714894,1
0.0078125,41,0.0687425658,0.067706719,0.00206628791,1
0.0078125,42,0.0713799745,0.0704412982,0.00219103647,1
0.0078125,43,0.0740741044,0.0732414499,0.00232160301,1
0.0078125,44,0.0768258199,0.076108329,0.00245820964,1
0.0078125,45,0.0796360672,0.0790431499,0.00260108872,1
0.0078125,46,0.0825057626,0.0820471123,0.00275047543,1
0.0078125,47,0.0854357108,0.0851212591,0.00290661026,1
0.0078125,48,0.0884268582,0.0882668048,0.00306974468,1
0.0078125,49,0.0914800689,0.0914849639,0.00324013876,1
0.0078125,50,0.0945963636,0.0947769955,0.00341805955,1
0.0078125,51,0.0977765843,0.0981440544,0.00360378227,1
0.0078125,52,0.101021767,0.101587474,0.00379759376,1
0.0078125,53,0.104332775,0.105108403,0.00399978179,1
0.0078125,54,0.107710682,0.108708262,0.00421065604,1
0.0078125,55,0.111156307,0.112388149,0.00443052175,1
0.0078125,56,0.114670813,0.116149552,0.0046597044,1
0.0078125,57,0.118255056,0.119993649,0.00489853229,1
0.0078125,58,0.121910192,0.123921953,0.00514735142,1
0.0078125,59,0.125637025,0.127935603,0.00540650636,1
0.0078125,60,0.129436776,0.13203606,0.00567636732,1
0.0078125,61,0.133310378,0.136224672,0.00595730124,1
0.0078125,62,0.137258947,0.140502945,0.00624969788,1
0.0078125,63,0.141283527,0.144872248,0.00655395631,1
0.0078125,64,0.145385191,0.149334013,0.00687047839,1
0.0078125,65,0.149564981,0.153889611,0.00719968555,1
0.0078125,66,0.153824002,0.158540532,0.00754201319,1
0.0078125,67,0.158163279,0.163288221,0.00789789483,1
0.0078125,68,0.162584111,0.168134332,0.0082678115,1
0.0078125,69,0.167087704,0.173080415,0.00865223724,1
0.0078125,70,0.171674818,0.178127691,0.00905162189,1
0.0078125,71,0.176346928,0.18327795,0.00946651027,1
0.0078125,72,0.181105047,0.18853268,0.00989739224,1
0.0078125,73,0.185950294,0.193893388,0.0103447894,1
0.0078125,74,0.190883949,0.199361727,0.0108092679,1
0.0078125,75,0.195907369,0.204939544,0.0112913931,1
0.0078125,76,0.201021388,0.210628048,0.0117917154,1
0.0078125,77,0.206227481,0.216429129,0.0123108467,1
0.0078125,78,0.211526722,0.222344279,0.0128493803,1
0.0078125,79,0.21692051,0.22837542,0.0134079708,1
0.0078125,80,0.222409889,0.234523967,0.013987232,1
0.0078125,81,0.227996379,0.240791932,0.0145878578,1
0.0078125,82,0.233681068,0.247180849,0.0152105037,1
0.0078125,83,0.239465415,0.253692627,0.0158558972,1
0.0078125,84,0.245350495,0.260328829,0.0165247321,1
0.0078125,85,0.251337647,0.267091155,0.0172177535,1
0.0078125,86,0.257428199,0.273981601,0.0179357268,1
0.0078125,87,0.263623655,0.281002015,0.0186794456,1
0.0078125,88,0.269925267,0.288154215,0.0194497015,1
0.0078125,89,0.276334137,0.29543969,0.0202472862,1
0.0078125,90,0.282852024,0.302860796,0.0210731085,1
0.0078125,91,0.289479941,0.310418963,0.0219279844,1
0.0078125,92,0.296219617,0.318116575,0.0228128489,1
0.0078125,93,0.303072095,0.325955003,0.0237285737,1
0.0078125,94,0.310038924,0.333936393,0.0246761162,1
0.0078125,95,0.317121685,0.34206292,0.0256564748,1
0.0078125,96,0.324321717,0.350336313,0.0266706273,1
0.0078125,97,0.331640184,0.35875839,0.0277195405,1
0.0078125,98,0.339078933,0.367331475,0.0288043246,1
0.0078125,99,0.346638948,0.376057059,0.0299259853,1
0.0078125,100,0.354322314,0.384937823,0.0310856961,1
0.0078125,101,0.362130016,0.393975228,0.0322845317,1
0.0078125,102,0.370063543,0.40317145,0.0335236527,1
0.0078125,103,0.378124744,0.412528753,0.0348042734,1
0.0078125,104,0.386315078,0.422049284,0.0361276157,1
0.0078125,105,0.394635677,0.431734622,0.0374948606,1
0.0078125,106,0.40308845,0.441587329,0.038907364,1
0.0078125,107,0.411674649,0.451609135,0.0403663702,1
0.0078125,108,0.420396,0.461802453,0.0418732762,1
0.0078125,109,0.429254264,0.472169518,0.0434294827,1
0.0078125,110,0.438250333,0.482711852,0.0450362749,1
0.0078125,111,0.447386563,0.493432492,0.0466952547,1
0.0078125,112,0.456664145,0.50433296,0.0484078154,1
0.0078125,113,0.466084629,0.515415609,0.0501755029,1
0.0078125,114,0.475649476,0.526682436,0.0519998111,1
0.0078125,115,0.485360593,0.538135946,0.0538823977,1
0.0078125,116,0.495220065,0.549778879,0.0558250025,1
0.0078125,117,0.5052284,0.56161201,0.0578290895,1
0.0078125,118,0.515388012,0.573638678,0.0598964542,1
0.0078125,119,0.525700152,0.585860789,0.0620288812,1
0.0078125,120,0.53616643,0.598280251,0.0642280877,1
0.0078125,121,0.546789169,0.610900164,0.0664960444,1
0.0078125,122,0.557569206,0.623721957,0.0688344911,1
0.0078125,123,0.568508506,0.636748075,0.0712453872,1
0.0078125,124,0.579608798,0.649981022,0.073730737,1
0.0078125,125,0.590872109,0.6634233,0.0762926117,1
0.0078125,126,0.602299094,0.677076221,0.0789328963,1
0.0078125,127,0.613892198,0.690942705,0.0816537589,1
0.0078125,128,0.625653327,0.705025375,0.0844575241,1
0.0078125,129,0.637583613,0.719325781,0.0873462111,1
0.0078125,130,0.649684846,0.733846605,0.0903220847,1
0.0078125,131,0.661958575,0.748589575,0.0933874473,1
0.0078125,132,0.674407244,0.76355809,0.09654475,1
0.0078125,133,0.687031746,0.778753221,0.099796325,1
0.0078125,134,0.699834287,0.794178069,0.10314469,1
0.0078125,135,0.712816238,0.809834301,0.10659223,1
0.0078125,136,0.725979507,0.825724661,0.110141665,1
0.0078125,137,0.739325225,0.841850638,0.113795429,1
0.0078125,138,0.752856255,0.85821557,0.117556415,1
0.0078125,139,0.766572833,0.874820352,0.121427111,1
0.0078125,140,0.78047812,0.891668737,0.125410587,1
0.0078125,141,0.79457289,0.908761799,0.129509494,1
0.0078125,142,0.808859169,0.926102102,0.13372685,1
0.0078125,143,0.823337972,0.943691254,0.138065368,1
0.0078125,144,0.838012278,0.961532712,0.142528534,1
0.0078125,145,0.852882206,0.979626954,0.147118911,1
0.0078125,146,0.867950916,0.997977853,0.151840121,1
0.0078125,147,0.883218884,1.01658595,0.156694978,1
0.0078125,148,0.898688376,1.03545415,0.161687046,1
0.0078125,149,0.914360821,1.05458438,0.166819513,1
0.0078125,150,0.930238128,1.07397866,0.172095865,1
0.0078125,151,0.946321905,1.09363914,0.177519694,1
0.0078125,152,0.962613344,1.11356759,0.183094144,1
0.0078125,153,0.97911489,1.13376641,0.188823432,1
0.0078125,154,0.9958269,1.15423632,0.194710553,1
0.0078125,155,1.01275182,1.1749804,0.200759709,1
0.0078125,156,1.02989125,1.19600046,0.206974536,1
0.0078125,157,1.04724646,1.21729779,0.213359013,1
0.0078125,158,1.06481862,1.23887396,0.219916925,1
0.0078125,159,1.08261037,1.26073122,0.226652488,1
0.0078125,160,1.10062218,1.2828716,0.233569726,1
0.0078125,161,1.118855,1.30529475,0.24067241,1
0.0078125,162,1.13731241,1.32800567,0.247965708,1
0.0078125,163,1.15599382,1.35100234,0.255452871,1
0.0078125,164,1.17490149,1.37428832,0.263138831,1
0.0078125,165,1.19403684,1.3978647,0.271028042,1
0.0078125,166,1.21340132,1.42173314,0.279125065,1
0.0078125,167,1.23299503,1.44589329,0.287433982,1
0.0078125,168,1.25282133,1.47034836,0.295960188,1
0.0078125,169,1.27287972,1.49509859,0.304707825,1
0.0078125,170,1.29317248,1.52014554,0.313682228,1
0.0078125,171,1.31370032,1.54548955,0.322887808,1
0.0078125,172,1.33446527,1.57113278,0.332330078,1
0.0078125,173,1.35546708,1.59707427,0.342013299,1
0.0078125,174,1.37670791,1.62331641,0.351943135,1
0.0078125,175,1.39818859,1.64985955,0.36212489,1
0.0078125,176,1.419909,1.6767031,0.372562885,1
0.0078125,177,1.44187367,1.7038511,0.383264214,1
0.0078125,178,1.46407878,1.73129916,0.394232154,1
0.0078125,179,1.48652875,1.75905144,0.405473739,1
0.0078125,180,1.50922263,1.78710616,0.416993707,1
0.0078125,181,1.53216219,1.8154645,0.428798079,1
0.0078125,182,1.5553484,1.84412682,0.440892518,1
0.0078125,183,1.5787797,1.87309027,0.45328179,1
0.0078125,184,1.60246027,1.90235913,0.465973467,1
0.0078125,185,1.62638736,1.93192875,0.478971571,1
0.0078125,186,1.6505636,1.96180189,0.492283314,1
0.0078125,187,1.67498958,1.9919771,0.505914629,1
0.0078125,188,1.69966459,2.02245331,0.519870877,1
0.0078125,189,1.72458959,2.05323005,0.534158707,1
0.0078125,190,1.74976516,2.08430672,0.548784077,1
0.0078125,191,1.77519059,2.11568141,0.563753247,1
0.0078125,192,1.80086648,2.14735293,0.579072237,1
0.0078125,193,1.82679367,2.17932129,0.594747961,1
0.0078125,194,1.85297155,2.21158433,0.610786498,1
0.0078125,195,1.87939966,2.24413896,0.627194107,1
0.0078125,196,1.90607882,2.27698588,0.643977761,1
0.0078125,197,1.93300831,2.31012154,0.661143541,1
0.0078125,198,1.96018815,2.34354472,0.67869854,1
0.0078125,199,1.98761773,2.37725282,0.696648777,1
0.0078125,200,2.01529622,2.41124296,0.715000987,1
0.0078125,201,2.0432241,2.44551301,0.733762383,1
0.0078125,202,2.0714004,2.48006034,0.752939224,1
0.0078125,203,2.09982371,2.5148809,0.772537887,1
0.0078125,204,2.12849402,2.54997396,0.792565763,1
0.0078125,205,2.15740919,2.58533168,0.81302917,1
0.0078125,206,2.18656945,2.62095499,0.833934844,1
0.0078125,207,2.21597481,2.65683961,0.855290949,1
0.0078125,208,2.24562216,2.69298005,0.877102911,1
0.0078125,209,2.27551031,2.7293725,0.899377108,1
0.0078125,210,2.30563879,2.76601291,0.922121704,1
0.0078125,211,2.33600616,2.80289793,0.945342958,1
0.0078125,212,2.36660981,2.84002042,0.969047129,1
0.0078125,213,2.39744806,2.87737632,0.993241072,1
0.0078125,214,2.4285202,2.91496134,1.01793242,1
0.0078125,215,2.45982289,2.95276904,1.04312682,1
0.0078125,216,2.49135518,2.99079442,1.06883168,1
0.0078125,217,2.52311444,3.02903152,1.09505332,1
0.0078125,218,2.55509973,3.06747556,1.12179923,1
0.0078125,219,2.58730602,3.10611701,1.14907455,1
0.0078125,220,2.61973143,3.14495134,1.17688525,1
0.0078125,221,2.65237617,3.18397355,1.20524085,1
0.0078125,222,2.68523335,3.2231729,1.23414493,1
0.0078125,223,2.71830249,3.26254487,1.26360452,1
0.0078125,224,2.75158024,3.30208206,1.29362667,1
0.0078125,225,2.78506207,3.34177399,1.32421613,1
0.0078125,226,2.81874633,3.38161564,1.35538006,1
0.0078125,227,2.85262775,3.42159653,1.38712287,1
0.0078125,228,2.88670564,3.46171117,1.41945291,1
0.0078125,229,2.92097402,3.50194836,1.45237398,1
0.0078125,230,2.95542812,3.54229975,1.48589098,1
0.0078125,231,2.99006534,3.58275509,1.52001059,1
0.0078125,232,3.02488256,3.62330842,1.55473948,1
0.0078125,233,3.05987263,3.66394591,1.59007955,1
0.0078125,234,3.09503293,3.70465994,1.6260376,1
0.0078125,235,3.13036013,3.74544096,1.66261959,1
0.0078125,236,3.16584587,3.7862761,1.69982755,1
0.0078125,237,3.20148826,3.82715678,1.73766828,1
0.0078125,238,3.23727894,3.86806917,1.7761426,1
0.0078125,239,3.27321649,3.90900612,1.81525886,1
0.0078125,240,3.3092947,3.94995475,1.85501981,1
0.0078125,241,3.34550452,3.99090147,1.89542592,1
0.0078125,242,3.38184428,4.03183651,1.93648374,1
0.0078125,243,3.4183073,4.07274866,1.97819602,1
0.0078125,244,3.45488763,4.1136241,2.02056646,1
0.0078125,245,3.49157619,4.15444803,2.06359434,1
0.0078125,246,3.52837205,4.19521475,2.10728717,1
0.0078125,247,3.56526351,4.23590422,2.15164256,1
0.0078125,248,3.602247,4.27650547,2.19666481,1
0.0078125,249,3.63931465,4.31700611,2.24235463,1
0.0078125,250,3.6764605,4.35739326,2.28871369,1
0.0078125,251,3.71367669,4.3976512,2.335742,1
0.0078125,252,3.75095463,4.4377656,2.38344026,1
0.0078125,253,3.78829169,4.47772646,2.431813,1
0.0078125,254,3.8256743,4.51751423,2.48085356,1
0.0078125,255,3.86309814,4.55711746,2.53056502,1
0.0078125,256,3.90055752,4.59652472,2.58095002,1
0.0078125,257,3.93804049,4.63571358,2.63200188,1
0.0078125,258,3.97553992,4.67467451,2.68372154,1
0.0078125,259,4.01304913,4.71339178,2.73610735,1
0.0078125,260,4.05055857,4.75185013,2.78915596,1
0.0078125,261,4.0880599,4.79003429,2.84286785,1
0.0078125,262,4.12554646,4.8279295,2.89723849,1
0.0078125,263,4.16300488,4.86551809,2.95226169,1
0.0078125,264,4.20043087,4.90278721,3.00793743,1
0.0078125,265,4.23781443,4.93972158,3.06426191,1
0.0078125,266,4.27514648,4.97630548,3.12122989,1
0.0078125,267,4.31241608,5.01252222,3.17883515,1
0.0078125,268,4.3496151,5.0483551,3.23707175,1
0.0078125,269,4.38673449,5.08379078,3.2959373,1
0.0078125,270,4.42376661,5.11881399,3.3554244,1
0.0078125,271,4.4606986,5.15340853,3.41552567,1
0.0078125,272,4.49752426,5.18755913,3.47623634,1
0.0078125,273,4.53422832,5.22124815,3.5375433,1
0.0078125,274,4.57080603,5.25446224,3.59944272,1
0.0078125,275,4.60724688,5.28718567,3.66192794,1
0.0078125,276,4.64353895,5.31940317,3.72498798,1
0.0078125,277,4.67967319,5.35109901,3.78861356,1
0.0078125,278,4.71563959,5.38225937,3.85279417,1
0.0078125,279,4.7514267,5.41286755,3.91751719,1
0.0078125,280,4.7870307,5.44291115,3.98278594,1
0.0078125,281,4.82243347,5.47237444,4.04857588,1
0.0078125,282,4.85762644,5.50124216,4.11487436,1
0.0078125,283,4.89260244,5.52950048,4.18167925,1
0.0078125,284,4.92734909,5.55713606,4.24897289,1
0.0078125,285,4.96185684,5.58413506,4.31674337,1
0.0078125,286,4.9961133,5.61048222,4.38497448,1
0.0078125,287,5.0301137,5.63616753,4.45366144,1
0.0078125,288,5.06383991,5.66117382,4.52278042,1
0.0078125,289,5.09728909,5.68549109,4.59232426,1
0.0078125,290,5.13044643,5.70910645,4.66227722,1
0.0078125,291,5.16330242,5.7320075,4.73261881,1
0.0078125,292,5.19584751,5.75418282,4.803339,1
0.0078125,293,5.22807217,5.77561998,4.87442017,1
0.0078125,294,5.25996447,5.79630661,4.94584894,1
0.0078125,295,5.29151964,5.81623697,5.0176096,1
0.0078125,296,5.32271957,5.83539581,5.08967638,1
0.0078125,297,5.35356045,5.85377455,5.16204309,1
0.0078125,298,5.38403177,5.87136507,5.23468685,1
0.0078125,299,5.41412067,5.88815498,5.30758905,1
0.0078125,300,5.44382143,5.90413904,5.38073635,1
0.0078125,301,5.47312355,5.91930771,5.45410776,1
0.0078125,302,5.50201464,5.93365097,5.52768278,1
0.0078125,303,5.53048992,5.94716549,5.60144806,1
0.0078125,304,5.55853891,5.95984077,5.67538023,1
0.0078125,305,5.58615065,5.97167301,5.7494607,1
0.0078125,306,5.61331844,5.98265505,5.82367086,1
0.0078125,307,5.64003325,5.99278021,5.89799213,1
0.0078125,308,5.66628456,6.00204706,5.97240353,1
0.0078125,309,5.69206715,6.0104475,6.04688644,1
0.0078125,310,5.71737146,6.01797819,6.12142134,1
0.0078125,311,5.74218893,6.02463818,6.19598627,1
0.0078125,312,5.76651239,6.03042269,6.27056122,1
0.0078125,313,5.79033375,6.03532887,6.34512615,1
0.0078125,314,5.81364632,6.03935671,6.41966343,1
0.0078125,315,5.83644438,6.04250574,6.49415541,1
0.0078125,316,5.85871506,6.04477119,6.56856537,1
0.0078125,317,5.88045931,6.04615688,6.64289236,1
0.0078125,318,5.90166473,6.0466609,6.71710682,1
0.0078125,319,5.92232847,6.04628515,6.79119253,1
0.0078125,320,5.94244385,6.04503202,6.86512756,1
0.0078125,321,5.96200323,6.04290104,6.93889189,1
0.0078125,322,5.98100281,6.03989697,7.01246262,1
0.0078125,323,5.99943495,6.03602028,7.08582258,1
0.0078125,324,6.01729679,6.03127813,7.15895128,1
0.0078125,325,6.03458309,6.02567339,7.23182774,1
0.0078125,326,6.0512886,6.01921082,7.30443382,1
0.0078125,327,6.06740999,6.01189232,7.37675524,1
0.0078125,328,6.08294106,6.00372648,7.44876575,1
0.0078125,329,6.09788084,5.99472094,7.52045155,1
0.0078125,330,6.11222458,5.98487949,7.59178829,1
0.0078125,331,6.12596655,5.97421122,7.6627593,1
0.0078125,332,6.13910723,5.96272326,7.73335075,1
0.0078125,333,6.15164232,5.95042133,7.80354118,1
0.0078125,334,6.16356897,5.93731737,7.87331104,1
0.0078125,335,6.17488813,5.92342138,7.94264746,1
0.0078125,336,6.18559265,5.90873814,8.01152992,1
0.0078125,337,6.19568586,5.89328051,8.07994556,1
0.0078125,338,6.20516205,5.87705708,8.14787579,1
0.0078125,339,6.21402359,5.86008072,8.21530533,1
0.0078125,340,6.22226763,5.84236145,8.28221416,1
0.0078125,341,6.22989511,5.82390976,8.34859467,1
0.0078125,342,6.23690367,5.80473948,8.4144249,1
0.0078125,343,6.24329662,5.78486156,8.47969818,1
0.0078125,344,6.2490716,5.76428747,8.54439354,1
0.0078125,345,6.25422955,5.74303055,8.60850143,1
0.0078125,346,6.25877237,5.72110558,8.67200565,1
0.0078125,347,6.26270103,5.69852495,8.73489761,1
0.0078125,348,6.26601601,5.67530107,8.79716015,1
0.0078125,349,6.26871824,5.65144682,8.85878372,1
0.0078125,350,6.27081108,5.6269803,8.91975594,1
0.0078125,351,6.27229595,5.60191345,8.98006535,1
0.0078125,352,6.27317667,5.57626009,9.039711,1
0.0078125,353,6.27345419,5.55003738,9.09866619,1
0.0078125,354,6.27313328,5.52325773,9.1569376,1
0.0078125,355,6.27221537,5.4959383,9.21450329,1
0.0078125,356,6.27070332,5.46809101,9.27136326,1
0.0078125,357,6.26860189,5.43973398,9.3275032,1
0.0078125,358,6.26591492,5.41088486,9.38291454,1
0.0078125,359,6.2626462,5.3815527,9.43760014,1
0.0078125,360,6.25880051,5.35175991,9.49154282,1
0.0078125,361,6.2543807,5.32151556,9.54474163,1
0.0078125,362,6.24939346,5.2908392,9.59719181,1
0.0078125,363,6.24384356,5.25974989,9.64888382,1
0.0078125,364,6.23773289,5.22825527,9.69981289,1
0.0078125,365,6.23107147,5.19637775,9.74997711,1
0.0078125,366,6.22386074,5.16412926,9.79937363,1
0.0078125,367,6.21610928,5.13153124,9.8479929,1
0.0078125,368,6.20781994,5.09859037,9.89583969,1
0.0078125,369,6.1989994,5.06532669,9.94290543,1
0.0078125,370,6.18965673,5.03176022,9.98918915,1
0.0078125,371,6.17979479,4.9978981,10.0346947,1
0.0078125,372,6.16942406,4.96376705,10.0794077,1
0.0078125,373,6.15854263,4.92936707,10.1233416,1
0.0078125,374,6.14716721,4.89472771,10.1664886,1
0.0078125,375,6.13530016,4.85985756,10.208848,1
0.0078125,376,6.12294579,4.82476902,10.2504206,1
0.0078125,377,6.11011553,4.78948164,10.291213,1
0.0078125,378,6.09681416,4.75400734,10.3312187,1
0.0078125,379,6.08304834,4.71836138,10.3704405,1
0.0078125,380,6.06882811,4.68256044,10.4088821,1
0.0078125,381,6.05416059,4.64661551,10.4465446,1
0.0078125,382,6.03904915,4.61054039,10.4834309,1
0.0078125,383,6.02350569,4.57435369,10.5195408,1
0.0078125,384,6.00753593,4.53806257,10.554882,1
0.0078125,385,5.99114895,4.50168371,10.5894556,1
0.0078125,386,5.97435093,4.46522951,10.6232653,1
0.0078125,387,5.95715237,4.42871332,10.6563168,1
0.0078125,388,5.93955708,4.39214563,10.6886091,1
0.0078125,389,5.92157745,4.35554504,10.7201529,1
0.0078125,390,5.90321732,4.31891632,10.7509499,1
0.0078125,391,5.88448763,4.2822752,10.7810049,1
0.0078125,392,5.86539412,4.24563074,10.8103266,1
0.0078125,393,5.84594679,4.20899868,10.8389158,1
0.0078125,394,5.82615232,4.1723876,10.8667793,1
0.0078125,395,5.80601645,4.13580513,10.8939247,1
0.0078125,396,5.78555393,4.09926939,10.9203568,1
0.0078125,397,5.76476812,4.06278753,10.9460821,1
0.0078125,398,5.74366713,4.02636623,10.9711094,1
0.0078125,399,5.72225952,3.9900198,10.9954405,1
0.0078125,400,5.70055485,3.95375633,11.0190887,1
0.0078125,401,5.67855978,3.91758466,11.0420561,1
0.0078125,402,5.6562829,3.88151622,11.064352,1
0.0078125,403,5.63372993,3.84555864,11.0859785,1
0.0078125,404,5.61091185,3.80971789,11.1069508,1
0.0078125,405,5.58783102,3.77400231,11.1272707,1
0.0078125,406,5.56450272,3.73842359,11.1469526,1
0.0078125,407,5.54093122,3.70299006,11.1659966,1
0.0078125,408,5.51712561,3.66770816,11.184412,1
0.0078125,409,5.49308825,3.6325767,11.2022104,1
0.0078125,410,5.46883345,3.5976162,11.2193966,1
0.0078125,411,5.4443655,3.56282663,11.2359781,1
0.0078125,412,5.41969204,3.52821159,11.2519693,1
0.0078125,413,5.39482307,3.49378347,11.267374,1
0.0078125,414,5.36976337,3.45954704,11.2821941,1
0.0078125,415,5.34451818,3.42550135,11.2964468,1
0.0078125,416,5.31909704,3.39165831,11.3101387,1
0.0078125,417,5.29351187,3.3580277,11.3232727,1
0.0078125,418,5.26776075,3.3246007,11.3358669,1
0.0078125,419,5.24185753,3.29139495,11.3479185,1
0.0078125,420,5.21580744,3.2584095,11.3594446,1
0.0078125,421,5.18961382,3.22564769,11.3704481,1
0.0078125,422,5.16329098,3.1931181,11.3809414,1
0.0078125,423,5.13683748,3.16082048,11.3909283,1
0.0078125,424,5.11026478,3.12875986,11.400424,1
0.0078125,425,5.0835762,3.09693718,11.4094286,1
0.0078125,426,5.05677938,3.06535673,11.4179573,1
0.0078125,427,5.02988577,3.03402972,11.426013,1
0.0078125,428,5.00289249,3.00294828,11.4336042,1
0.0078125,429,4.975811,2.97211766,11.4407444,1
0.0078125,430,4.94864845,2.94154286,11.4474401,1
0.0078125,431,4.92140484,2.91122365,11.4536924,1
0.0078125,432,4.89409256,2.88116312,11.4595184,1
0.0078125,433,4.86671209,2.85136199,11.46492,1
0.0078125,434,4.83927202,2.82182431,11.4699068,1
0.0078125,435,4.81177711,2.79254675,11.4744892,1
0.0078125,436,4.78423548,2.76354122,11.478672,1
0.0078125,437,4.75664806,2.73479629,11.4824638,1
0.0078125,438,4.72902584,2.70632362,11.4858751,1
0.0078125,439,4.70136642,2.67811513,11.4889088,1
0.0078125,440,4.67367697,2.65017462,11.4915724,1
0.0078125,441,4.64596891,2.62250686,11.4938793,1
0.0078125,442,4.61824179,2.59511113,11.4958315,1
0.0078125,443,4.59049559,2.56797934,11.4974346,1
0.0078125,444,4.56274748,2.5411253,11.498704,1
0.0078125,445,4.53499031,2.51453638,11.4996424,1
0.0078125,446,4.50723457,2.48822236,11.5002508,1
0.0078125,447,4.47948217,2.46217442,11.5005484,1
0.0078125,448,4.45173645,2.43639565,11.5005322,1
0.0078125,449,4.42400503,2.41088891,11.5002117,1
0.0078125,450,4.39628983,2.38565111,11.4995947,1
0.0078125,451,4.36859322,2.36067867,11.4986858,1
0.0078125,452,4.34092569,2.33597851,11.4974966,1
0.0078125,453,4.31328297,2.31154323,11.496027,1
0.0078125,454,4.2856698,2.28736973,11.4942923,1
0.0078125,455,4.25809717,2.26346946,11.4922848,1
0.0078125,456,4.23056126,2.23982549,11.4900246,1
0.0078125,457,4.20306444,2.21644306,11.4875107,1
0.0078125,458,4.17561531,2.19332647,11.4847479,1
0.0078125,459,4.14821672,2.17047048,11.4817457,1
0.0078125,460,4.12086964,2.14786792,11.4785118,1
0.0078125,461,4.09357357,2.12552428,11.4750443,1
0.0078125,462,4.06633997,2.10343862,11.4713564,1
0.0078125,463,4.03916407,2.08160162,11.467452,1
0.0078125,464,4.01205063,2.06001925,11.4633303,1
0.0078125,465,3.98500371,2.03868484,11.4590063,1
0.0078125,466,3.95802999,2.01760483,11.4544792,1
0.0078125,467,3.93112469,1.99676776,11.4497566,1
0.0078125,468,3.90429163,1.97617304,11.4448423,1
0.0078125,469,3.87753868,1.95582509,11.439743,1
0.0078125,470,3.85085726,1.93571234,11.4344597,1
0.0078125,471,3.82426262,1.91584337,11.4290028,1
0.0078125,472,3.79774594,1.89620864,11.4233704,1
0.0078125,473,3.77131772,1.87680781,11.4175777,1
0.0078125,474,3.74497318,1.85763991,11.4116125,1
0.0078125,475,3.71872067,1.83870339,11.4054976,1
0.0078125,476,3.69255781,1.81999481,11.3992252,1
0.0078125,477,3.66648579,1.80150783,11.3928099,1
0.0078125,478,3.64050627,1.78324461,11.3862429,1
0.0078125,479,3.61462426,1.76520443,11.3795376,1
0.0078125,480,3.58883929,1.74738288,11.372695,1
0.0078125,481,3.56315494,1.72977901,11.3657207,1
0.0078125,482,3.5375669,1.71238482,11.3586187,1
0.0078125,483,3.51208186,1.69520485,11.3513889,1
0.0078125,484,3.4866972,1.67823303,11.344038,1
0.0078125,485,3.4614203,1.66146934,11.3365717,1
0.0078125,486,3.43624759,1.64490891,11.3289938,1
0.0078125,487,3.41117835,1.62854779,11.3213034,1
0.0078125,488,3.38621783,1.61238825,11.3135061,1
0.0078125,489,3.36136603,1.5964247,11.3056068,1
0.0078125,490,3.33662391,1.58065665,11.2976074,1
0.0078125,491,3.31199074,1.56508148,11.2895088,1
0.0078125,492,3.28746772,1.54969096,11.2813225,1
0.0078125,493,3.26305985,1.53449178,11.2730446,1
0.0078125,494,3.23876238,1.51947665,11.2646751,1
0.0078125,495,3.21457577,1.50464058,11.2562227,1
0.0078125,496,3.19050789,1.48998809,11.247694,1
0.0078125,497,3.16655159,1.47550917,11.2390833,1
0.0078125,498,3.14270973,1.46120656,11.2303982,1
0.0078125,499,3.11898351,1.4470737,11.2216415,1
0.0078125,500,3.09537315,1.43311203,11.2128115,1
0.0078125,501,3.07188129,1.41931772,11.2039204,1
0.0078125,502,3.04850292,1.4056859,11.1949596,1
0.0078125,503,3.02524447,1.39221978,11.1859379,1
0.0078125,504,3.00210238,1.3789109,11.1768589,1
0.0078125,505,2.97907639,1.36576021,11.167717,1
0.0078125,506,2.9561708,1.35276544,11.1585264,1
0.0078125,507,2.93337941,1.33991992,11.1492777,1
0.0078125,508,2.91070867,1.32722616,11.139986,1
0.0078125,509,2.88815475,1.31468105,11.1306381,1
0.0078125,510,2.86572194,1.30228031,11.1212521,1
0.0078125,511,2.84340453,1.2900219,11.1118202,1
0.0078125,512,2.82120562,1.27790487,11.1023426,1
0.0078125,513,2.79912186,1.26592267,11.0928259,1
0.0078125,514,2.77716446,1.25408256,11.0832758,1
0.0078125,515,2.7553184,1.24237192,11.0736856,1
0.0078125,516,2.73359275,1.23079133,11.0640678,1
0.0078125,517,2.7119832,1.21934199,11.0544128,1
0.0078125,518,2.6904912,1.20801723,11.0447264,1
0.0078125,519,2.66911721,1.19681716,11.035018,1
0.0078125,520,2.64786172,1.18574131,11.0252781,1
0.0078125,521,2.62671924,1.17478275,11.0155096,1
0.0078125,522,2.6056993,1.1639452,11.0057268,1
0.0078125,523,2.58479071,1.15322042,10.9959145,1
0.0078125,524,2.5639987,1.14260876,10.9860859,1
0.0078125,525,2.54332495,1.1321094,10.9762402,1
0.0078125,526,2.52276182,1.12171638,10.9663773,1
0.0078125,527,2.50231504,1.11143315,10.9564915,1
0.0078125,528,2.48198128,1.10125136,10.9465971,1
0.0078125,529,2.46176648,1.09117663,10.9366922,1
0.0078125,530,2.44165874,1.08119786,10.9267721,1
0.0078125,531,2.42166829,1.07132065,10.9168434,1
0.0078125,532,2.40178728,1.06153798,10.9069042,1
0.0078125,533,2.38201904,1.05185127,10.8969574,1
0.0078125,534,2.36236191,1.04225564,10.887002,1
0.0078125,535,2.34281564,1.03275084,10.8770456,1
0.0078125,536,2.32338023,1.02333558,10.8670835,1
0.0078125,537,2.30405164,1.01400268,10.8571196,1
0.0078125,538,2.28483391,1.0047574,10.8471527,1
0.0078125,539,2.26572418,0.995595396,10.8371849,1
0.0078125,540,2.24671984,0.986510396,10.8272209,1
0.0078125,541,2.22782516,0.97750777,10.8172522,1
0.0078125,542,2.20903492,0.968578398,10.8072929,1
0.0078125,543,2.19034958,0.95972544,10.7973299,1
0.0078125,544,2.17177343,0.950949669,10.7873764,1
0.0078125,545,2.153301,0.942245603,10.7774239,1
0.0078125,546,2.1349256,0.933602393,10.7674818,1
0.0078125,547,2.11665988,0.925035715,10.7575426,1
0.0078125,548,2.09849334,0.916531503,10.7476149,1
0.0078125,549,2.08042836,0.908092797,10.7376919,1
0.0078125,550,2.0624609,0.899713278,10.7277832,1
0.0078125,551,2.04459882,0.891399443,10.7178831,1
0.0078125,552,2.02683282,0.883141994,10.7079973,1
0.0078125,553,2.00916481,0.874942839,10.6981201,1
0.0078125,554,1.99159551,0.866801083,10.6882553,1
0.0078125,555,1.97412324,0.858713388,10.678401,1
0.0078125,556,1.95674479,0.850675941,10.6685715,1
0.0078125,557,1.93945789,0.842686415,10.6587467,1
0.0078125,558,1.9222703,0.834751546,10.648941,1
0.0078125,559,1.90517807,0.826865852,10.6391544,1
0.0078125,560,1.8881743,0.819023609,10.6293812,1
0.0078125,561,1.871261,0.811225176,10.6196251,1
0.0078125,562,1.85444319,0.803472698,10.60989,1
0.0078125,563,1.83771217,0.795759797,10.600172,1
0.0078125,564,1.821069,0.788085639,10.5904751,1
0.0078125,565,1.8045156,0.780451238,10.5807991,1
0.0078125,566,1.78804862,0.772854507,10.5711393,1
0.0078125,567,1.77166867,0.765292764,10.5615053,1
0.0078125,568,1.75537896,0.757769883,10.5518904,1
0.0078125,569,1.73916698,0.750275075,10.5422926,1
0.0078125,570,1.72304285,0.742812693,10.5327272,1
0.0078125,571,1.70700181,0.735382497,10.5231781,1
0.0078125,572,1.69104588,0.727983952,10.5136557,1
0.0078125,573,1.67516184,0.720602036,10.504159,1
0.0078125,574,1.65936613,0.713255584,10.4946842,1
0.0078125,575,1.64365005,0.705933809,10.4852314,1
0.0078125,576,1.62800765,0.698629618,10.4758101,1
0.0078125,577,1.61244535,0.6913504,10.4664087,1
0.0078125,578,1.59696031,0.684092045,10.4570408,1
0.0078125,579,1.58155107,0.676853597,10.4476957,1
0.0078125,580,1.56621587,0.669632494,10.4383783,1
0.0078125,581,1.55096078,0.662433982,10.4290895,1
0.0078125,582,1.53577518,0.655248106,10.4198275,1
0.0078125,583,1.52065909,0.648074031,10.4105902,1
0.0078125,584,1.50561237,0.640909135,10.4013891,1
0.0078125,585,1.49064434,0.633766294,10.3922119,1
0.0078125,586,1.47573996,0.626628101,10.3830681,1
0.0078125,587,1.46090841,0.619505107,10.3739452,1
0.0078125,588,1.44614589,0.61239022,10.3648615,1
0.0078125,589,1.43144441,0.605276287,10.3558073,1
0.0078125,590,1.41681135,0.59817183,10.3467808,1
0.0078125,591,1.40224445,0.591073453,10.3377848,1
0.0078125,592,1.38774431,0.583982408,10.3288231,1
0.0078125,593,1.37330222,0.576887786,10.3198929,1
0.0078125,594,1.35892308,0.56979543,10.3109941,1
0.0078125,595,1.34460843,0.562706351,10.3021288,1
0.0078125,596,1.33035517,0.555618346,10.2932959,1
0.0078125,597,1.31616116,0.548529387,10.2844906,1
0.0078125,598,1.30202413,0.54143405,10.2757244,1
0.0078125,599,1.28794813,0.534339547,10.2669878,1
0.0078125,600,1.27392948,0.527240515,10.2582874,1
0.0078125,601,1.25996685,0.520135641,10.2496176,1
0.0078125,602,1.24605775,0.513021708,10.2409878,1
0.0078125,603,1.23219943,0.50589627,10.2323895,1
0.0078125,604,1.2184056,0.498773724,10.2238255,1
0.0078125,605,1.20465183,0.491627932,10.2152987,1
0.0078125,606,1.19096041,0.484484226,10.2068005,1
0.0078125,607,1.1773144,0.477320999,10.1983433,1
0.0078125,608,1.16372085,0.470148385,10.1899223,1
0.0078125,609,1.15017629,0.462963045,10.1815348,1
0.0078125,610,1.13668156,0.455763221,10.1731844,1
0.0078125,611,1.1232338,0.448548645,10.1648693,1
0.0078125,612,1.10983241,0.441315919,10.1565933,1
0.0078125,613,1.09647572,0.434066474,10.1483517,1
0.0078125,614,1.08316422,0.426798373,10.1401472,1
0.0078125,615,1.06989813,0.419511974,10.1319809,1
0.0078125,616,1.05667365,0.412204087,10.1238527,1
0.0078125,617,1.04349518,0.404880166,10.1157598,1
0.0078125,618,1.03035581,0.397531003,10.107707,1
0.0078125,619,1.01725876,0.390160352,10.0996943,1
0.0078125,620,1.00419831,0.382763773,10.0917149,1
0.0078125,621,0.991181493,0.375347316,10.0837784,1
0.0078125,622,0.978199959,0.367902815,10.0758772,1
0.0078125,623,0.965260267,0.360436559,10.0680141,1
0.0078125,624,0.952350557,0.352937609,10.0601892,1
0.0078125,625,0.939481795,0.345414847,10.0524101,1
0.0078125,626,0.926645696,0.337861389,10.0446672,1
0.0078125,627,0.913846195,0.330281883,10.0369616,1
0.0078125,628,0.901076019,0.322667986,10.029294,1
0.0078125,629,0.888342619,0.315026373,10.0216742,1
0.0078125,630,0.875640154,0.307353437,10.0140905,1
0.0078125,631,0.862962186,0.299641132,10.006546,1
0.0078125,632,0.850326657,0.291907609,9.99904633,1
0.0078125,633,0.837711573,0.28413108,9.99158382,1
0.0078125,634,0.825127065,0.276322126,9.98416042,1
0.0078125,635,0.812570274,0.268476963,9.97678089,1
0.0078125,636,0.800042212,0.260598034,9.96944046,1
0.0078125,637,0.78753674,0.252677202,9.96214676,1
0.0078125,638,0.775064051,0.244726449,9.95489025,1
0.0078125,639,0.762610853,0.236731753,9.9476757,1
0.0078125,640,0.750176609,0.228692412,9.94050312,1
0.0078125,641,0.737774312,0.220622554,9.9333744,1
0.0078125,642,0.725389361,0.212505862,9.92628574,1
0.0078125,643,0.713028073,0.204349115,9.91924763,1
0.0078125,644,0.700688124,0.196151793,9.91224384,1
0.0078125,645,0.68836844,0.187911674,9.90528107,1
0.0078125,646,0.676067114,0.179626361,9.89836407,1
0.0078125,647,0.663783073,0.171294853,9.89149666,1
0.0078125,648,0.651518583,0.162919909,9.8846693,1
0.0078125,649,0.639271975,0.154500082,9.87788391,1
0.0078125,650,0.627035975,0.146027371,9.87114429,1
0.0078125,651,0.614819288,0.13751182,9.86444855,1
0.0078125,652,0.602619469,0.128949746,9.85779381,1
0.0078125,653,0.590434253,0.120339669,9.85118771,1
0.0078125,654,0.57825917,0.111676902,9.84462261,1
0.0078125,655,0.566099346,0.102966309,9.8381052,1
0.0078125,656,0.5539487,0.0942022204,9.83163452,1
0.0078125,657,0.54181385,0.085392043,9.82520485,1
0.0078125,658,0.529686928,0.076526545,9.81882477,1
0.0078125,659,0.517568767,0.0676073506,9.81248569,1
0.0078125,660,0.505461156,0.0586363189,9.80619621,1
0.0078125,661,0.493359417,0.049607642,9.79995155,1
0.0078125,662,0.481263995,0.04052338,9.79375362,1
0.0078125,663,0.469180793,0.0313894898,9.78759861,1
0.0078125,664,0.457101643,0.0221964885,9.78149796,1
0.0078125,665,0.445029795,0.0129491538,9.77543831,1
0.0078125,666,0.432962686,0.00364415441,9.76942635,1
0.0078125,667,0.42089811,-0.00572114624,9.76346111,1
0.0078125,668,0.408834428,-0.0151483351,9.75755119,1
0.0078125,669,0.396779478,-0.0246272832,9.75167847,1
0.0078125,670,0.384721339,-0.0341726206,9.74585915,1
0.0078125,671,0.372668087,-0.0437749699,9.74008942,1
0.0078125,672,0.360612333,-0.0534424223,9.73436832,1
0.0078125,673,0.348563015,-0.0631636679,9.72868919,1
0.0078125,674,0.336512119,-0.0729494244,9.72306347,1
0.0078125,675,0.324454308,-0.0828046575,9.71748924,1
0.0078125,676,0.312399268,-0.092718333,9.71196365,1
0.0078125,677,0.300337315,-0.102700934,9.70648384,1
0.0078125,678,0.288279325,-0.112740681,9.70105267,1
0.0078125,679,0.276210248,-0.122854784,9.69568062,1
0.0078125,680,0.264142811,-0.133027166,9.69034863,1
0.0078125,681,0.252067924,-0.143269926,9.68507671,1
0.0078125,682,0.239983439,-0.153583407,9.67984962,1
0.0078125,683,0.227899268,-0.163958117,9.67467308,1
0.0078125,684,0.215802222,-0.174407542,9.66954803,1
0.0078125,685,0.20370236,-0.18492119,9.66447735,1
0.0078125,686,0.191593572,-0.195504799,9.65945721,1
0.0078125,687,0.179475844,-0.206159145,9.65448856,1
0.0078125,688,0.167345777,-0.216887608,9.64957237,1
0.0078125,689,0.155207351,-0.227685571,9.64471245,1
0.0078125,690,0.143058553,-0.238555267,9.63990211,1
0.0078125,691,0.130897179,-0.24949877,9.63514519,1
0.0078125,692,0.11872562,-0.260513574,9.63044453,1
0.0078125,693,0.106544144,-0.271599561,9.62579346,1
0.0078125,694,0.094344452,-0.282764763,9.62119484,1
0.0078125,695,0.0821351111,-0.294000745,9.61665249,1
0.0078125,696,0.0699069872,-0.305317551,9.61216736,1
0.0078125,697,0.0576683283,-0.316705436,9.60773659,1
0.0078125,698,0.045412384,-0.328171253,9.60335732,1
0.0078125,699,0.033141546,-0.339713544,9.59903812,1
0.0078125,700,0.0208516587,-0.351336181,9.59477425,1
0.0078125,701,0.00854348019,-0.363038242,9.59056759,1
0.0078125,702,-0.00377585925,-0.374811083,9.58641148,1
0.0078125,703,-0.0161202308,-0.386671245,9.58231544,1
0.0078125,704,-0.028480798,-0.398608088,9.57827854,1
0.0078125,705,-0.0408629887,-0.410627902,9.574296,1
0.0078125,706,-0.0532609336,-0.422723621,9.57037354,1
0.0078125,707,-0.0656815767,-0.434903055,9.56650639,1
0.0078125,708,-0.0781262442,-0.447167933,9.56270123,1
0.0078125,709,-0.0905912966,-0.459513962,9.55895424,1
0.0078125,710,-0.103076868,-0.471940577,9.5552597,1
0.0078125,711,-0.115587778,-0.484454304,9.55163383,1
0.0078125,712,-0.128125906,-0.497056454,9.54806423,1
0.0078125,713,-0.14067845,-0.509732008,9.54455185,1
0.0078125,714,-0.153257191,-0.522495031,9.54110146,1
0.0078125,715,-0.165865779,-0.53534919,9.53771305,1
0.0078125,716,-0.17849867,-0.548288345,9.53438663,1
0.0078125,717,-0.191155359,-0.561311007,9.5311203,1
0.0078125,718,-0.203837633,-0.574420154,9.52791691,1
0.0078125,719,-0.216549382,-0.58761996,9.52477551,1
0.0078125,720,-0.229289517,-0.600908875,9.52169609,1
0.0078125,721,-0.24205853,-0.614287436,9.51867867,1
0.0078125,722,-0.25485453,-0.62775296,9.51572704,1
0.0078125,723,-0.267681599,-0.641310811,9.51283646,1
0.0078125,724,-0.280536383,-0.654956579,9.51001358,1
0.0078125,725,-0.293423563,-0.668695629,9.50725746,1
0.0078125,726,-0.306336164,-0.682519555,9.50455952,1
0.0078125,727,-0.319288731,-0.696445704,9.50193119,1
0.0078125,728,-0.33226797,-0.7104581,9.49936771,1
0.0078125,729,-0.345279217,-0.724562943,9.49687195,1
0.0078125,730,-0.358326107,-0.738764882,9.49444485,1
0.0078125,731,-0.371402711,-0.753055453,9.49207783,1
0.0078125,732,-0.384515762,-0.767443895,9.48978233,1
0.0078125,733,-0.397664994,-0.781929553,9.48755741,1
0.0078125,734,-0.410844654,-0.796505153,9.48539734,1
0.0078125,735,-0.42405948,-0.811176419,9.48330688,1
0.0078125,736,-0.437314332,-0.825949132,9.48129177,1
0.0078125,737,-0.450601071,-0.840812922,9.4793396,1
0.0078125,738,-0.463927239,-0.855777383,9.47745991,1
0.0078125,739,-0.4772892,-0.870837569,9.47564888,1
0.0078125,740,-0.490692079,-0.886000156,9.47391224,1
0.0078125,741,-0.504129648,-0.90125674,9.47224617,1
0.0078125,742,-0.517606437,-0.916613281,9.47065258,1
0.0078125,743,-0.531121969,-0.932068884,9.46913242,1
0.0078125,744,-0.544676661,-0.947623968,9.46768379,1
0.0078125,745,-0.55827266,-0.963280737,9.46630955,1
0.0078125,746,-0.571908414,-0.979037583,9.46501064,1
0.0078125,747,-0.58558166,-0.994891763,9.46378517,1
0.0078125,748,-0.599303007,-1.01085579,9.46263409,1
0.0078125,749,-0.613060951,-1.02691555,9.46156025,1
0.0078125,750,-0.626862407,-1.04307902,9.46056175,1
0.0078125,751,-0.640708268,-1.05934799,9.45963955,1
0.0078125,752,-0.654593945,-1.07571638,9.45879841,1
0.0078125,753,-0.668524504,-1.09218991,9.45803261,1
0.0078125,754,-0.682500184,-1.1087693,9.45734978,1
0.0078125,755,-0.696522355,-1.12545586,9.45673656,1
0.0078125,756,-0.710584164,-1.142241,9.45620823,1
0.0078125,757,-0.724689662,-1.15912974,9.45576096,1
0.0078125,758,-0.738848507,-1.17613387,9.45539284,1
0.0078125,759,-0.753052056,-1.19324267,9.45510864,1
0.0078125,760,-0.76729697,-1.21045136,9.4549036,1
0.0078125,761,-0.781591654,-1.22777104,9.45477962,1
0.0078125,762,-0.79592973,-1.24519312,9.45473671,1
0.0078125,763,-0.81031847,-1.26272666,9.45478058,1
0.0078125,764,-0.824755371,-1.28036833,9.45491028,1
0.0078125,765,-0.839242518,-1.29812109,9.45512676,1
0.0078125,766,-0.853775084,-1.31597805,9.4554224,1
0.0078125,767,-0.868360341,-1.33394885,9.45580769,1
0.0078125,768,-0.882990777,-1.35202336,9.45627689,1
0.0078125,769,-0.897675455,-1.37021303,9.4568367,1
0.0078125,770,-0.912404835,-1.38850629,9.45747852,1
0.0078125,771,-0.927192807,-1.4069196,9.45821762,1
0.0078125,772,-0.942027211,-1.42543805,9.45903969,1
0.0078125,773,-0.956912339,-1.44406664,9.4599514,1
0.0078125,774,-0.971848369,-1.46280587,9.46095753,1
0.0078125,775,-0.986842573,-1.48166454,9.46205425,1
0.0078125,776,-1.00188589,-1.50063121,9.46323872,1
0.0078125,777,-1.01698041,-1.51970804,9.46451473,1
0.0078125,778,-1.03212535,-1.53889406,9.46588802,1
0.0078125,779,-1.04732871,-1.55819917,9.46735573,1
0.0078125,780,-1.06258726,-1.57761955,9.46891594,1
0.0078125,781,-1.07789862,-1.59715176,9.47057152,1
0.0078125,782,-1.09326565,-1.61679912,9.47232437,1
0.0078125,783,-1.10868609,-1.63655901,9.47416687,1
0.0078125,784,-1.12416041,-1.6564312,9.47611141,1
0.0078125,785,-1.13969123,-1.67641973,9.47815514,1
0.0078125,786,-1.15527987,-1.69652593,9.480299,1
0.0078125,787,-1.17092252,-1.7167443,9.48253918,1
0.0078125,788,-1.18662488,-1.73708212,9.48487663,1
0.0078125,789,-1.20238185,-1.75753284,9.48731995,1
0.0078125,790,-1.21819293,-1.77809608,9.48986244,1
0.0078125,791,-1.23406768,-1.79878294,9.49250793,1
0.0078125,792,-1.24999523,-1.8195802,9.49525642,1
0.0078125,793,-1.26597989,-1.84049284,9.49810886,1
0.0078125,794,-1.28202903,-1.86153042,9.50106335,1
0.0078125,795,-1.29813421,-1.88268197,9.50412178,1
0.0078125,796,-1.31429815,-1.90395045,9.50729275,1
0.0078125,797,-1.33052313,-1.92533827,9.51056862,1
0.0078125,798,-1.34680092,-1.9468354,9.51394844,1
0.0078125,799,-1.3631475,-1.96846211,9.51744461,1
0.0078125,800,-1.37954783,-1.99019849,9.52104282,1
0.0078125,801,-1.39601183,-2.01205754,9.52475357,1
0.0078125,802,-1.41253555,-2.03403401,9.52857018,1
0.0078125,803,-1.42911828,-2.05612659,9.53250408,1
0.0078125,804,-1.44576335,-2.07833934,9.53654957,1
0.0078125,805,-1.46246958,-2.10067058,9.54070473,1
0.0078125,806,-1.47923672,-2.12312007,9.54497814,1
0.0078125,807,-1.49606931,-2.14569259,9.549366,1
0.0078125,808,-1.51296234,-2.16838312,9.55386925,1
0.0078125,809,-1.52991283,-2.19118595,9.55848312,1
0.0078125,810,-1.54693115,-2.21411514,9.56322289,1
0.0078125,811,-1.56401145,-2.23716259,9.56807232,1
0.0078125,812,-1.58115554,-2.2603302,9.57304764,1
0.0078125,813,-1.59836137,-2.28361654,9.57813835,1
0.0078125,814,-1.6156323,-2.30702376,9.58335495,1
0.0078125,815,-1.63296676,-2.33055091,9.58869267,1
0.0078125,816,-1.65035748,-2.35418797,9.59414387,1
0.0078125,817,-1.66782165,-2.37795687,9.59972668,1
0.0078125,818,-1.68534744,-2.40184212,9.60543633,1
0.0078125,819,-1.70294189,-2.42585254,9.611269,1
0.0078125,820,-1.72059238,-2.44997168,9.61721897,1
0.0078125,821,-1.73831487,-2.47422051,9.62330532,1
0.0078125,822,-1.75609696,-2.49858165,9.6295166,1
0.0078125,823,-1.77394807,-2.52306819,9.63585281,1
0.0078125,824,-1.79186165,-2.54767013,9.64232349,1
0.0078125,825,-1.80984366,-2.57239556,9.64892387,1
0.0078125,826,-1.8278861,-2.59723425,9.65565205,1
0.0078125,827,-1.8459971,-2.62219667,9.66251564,1
0.0078125,828,-1.86417592,-2.64727998,9.6695137,1
0.0078125,829,-1.88242185,-2.67248464,9.67664242,1
0.0078125,830,-1.90073073,-2.69780445,9.68390656,1
0.0078125,831,-1.91910541,-2.723243,9.69130516,1
0.0078125,832,-1.93754828,-2.74880242,9.69884682,1
0.0078125,833,-1.95605624,-2.77447915,9.70652199,1
0.0078125,834,-1.97463238,-2.80027699,9.71433353,1
0.0078125,835,-1.99327481,-2.82619214,9.72229099,1
0.0078125,836,-2.01198983,-2.85223413,9.73038864,1
0.0078125,837,-2.03076267,-2.87838149,9.73862457,1
0.0078125,838,-2.04960465,-2.90465069,9.74699879,1
0.0078125,839,-2.06851983,-2.93104506,9.75552559,1
0.0078125,840,-2.08749437,-2.95754719,9.76419067,1
0.0078125,841,-2.10653901,-2.98417068,9.77300262,1
0.0078125,842,-2.12565732,-3.01091981,9.78196239,1
0.0078125,843,-2.14483714,-3.03777766,9.79107094,1
0.0078125,844,-2.1640842,-3.06475186,9.8003273,1
0.0078125,845,-2.1833992,-3.09184408,9.80972672,1
0.0078125,846,-2.20278335,-3.11905408,9.81928349,1
0.0078125,847,-2.22223139,-3.14637566,9.82898617,1
0.0078125,848,-2.2417469,-3.17381215,9.83884048,1
0.0078125,849,-2.2613368,-3.20137239,9.84885311,1
0.0078125,850,-2.28099465,-3.22904873,9.85902119,1
0.0078125,851,-2.30071664,-3.25683427,9.8693428,1
0.0078125,852,-2.32050323,-3.28473043,9.87981796,1
0.0078125,853,-2.34036207,-3.31274652,9.89045048,1
0.0078125,854,-2.36028624,-3.340873,9.9012394,1
0.0078125,855,-2.38027716,-3.36911154,9.91218853,1
0.0078125,856,-2.40034437,-3.39747405,9.92329884,1
0.0078125,857,-2.42046881,-3.42593455,9.93457222,1
0.0078125,858,-2.44066763,-3.45451617,9.94601154,1
0.0078125,859,-2.4609313,-3.4832058,9.95760441,1
0.0078125,860,-2.4812634,-3.51200843,9.96936226,1
0.0078125,861,-2.50166202,-3.54091883,9.98129082,1
0.0078125,862,-2.52213264,-3.5699451,9.99338341,1
0.0078125,863,-2.54266739,-3.5990777,10.0056419,1
0.0078125,864,-2.56326866,-3.62831783,10.0180702,1
0.0078125,865,-2.58393979,-3.65766883,10.0306664,1
0.0078125,866,-2.60468173,-3.6871326,10.0434399,1
0.0078125,867,-2.62548161,-3.71669292,10.0563736,1
0.0078125,868,-2.64635277,-3.74636531,10.0694818,1
0.0078125,869,-2.66729426,-3.77614784,10.0827618,1
0.0078125,870,-2.68829942,-3.8060317,10.09622,1
0.0078125,871,-2.7093749,-3.83602595,10.1098547,1
0.0078125,872,-2.73051548,-3.86612296,10.1236629,1
0.0078125,873,-2.75172234,-3.89632201,10.1376486,1
0.0078125,874,-2.77299333,-3.92662263,10.1518078,1
0.0078125,875,-2.79433227,-3.95702624,10.166153,1
0.0078125,876,-2.81574392,-3.98754144,10.1806803,1
0.0078125,877,-2.83721209,-4.01814556,10.1953793,1
0.0078125,878,-2.85874891,-4.04885387,10.2102633,1
0.0078125,879,-2.88035035,-4.07965899,10.2253313,1
0.0078125,880,-2.90202188,-4.11056948,10.2405872,1
0.0078125,881,-2.92376161,-4.14158297,10.2560253,1
0.0078125,882,-2.94555664,-4.17268038,10.2716446,1
0.0078125,883,-2.96742082,-4.20387983,10.2874556,1
0.0078125,884,-2.9893539,-4.23518038,10.3034534,1
0.0078125,885,-3.01134515,-4.26656723,10.3196354,1
0.0078125,886,-3.03340244,-4.2980504,10.3360128,1
0.0078125,887,-3.05552745,-4.32963228,10.3525839,1
0.0078125,888,-3.07771277,-4.36130142,10.3693371,1
0.0078125,889,-3.09996819,-4.3930707,10.3862925,1
0.0078125,890,-3.12228131,-4.42492199,10.4034386,1
0.0078125,891,-3.14465976,-4.45686626,10.4207802,1
0.0078125,892,-3.16709614,-4.48889256,10.4383135,1
0.0078125,893,-3.18960738,-4.52102423,10.4560471,1
0.0078125,894,-3.21216726,-4.55322266,10.4739723,1
0.0078125,895,-3.23479962,-4.5855217,10.4921064,1
0.0078125,896,-3.25748992,-4.61789989,10.5104313,1
0.0078125,897,-3.28024054,-4.65036154,10.5289564,1
0.0078125,898,-3.30305433,-4.68290806,10.5476856,1
0.0078125,899,-3.32592773,-4.71553373,10.5666142,1
0.0078125,900,-3.34886122,-4.74823952,10.5857468,1
0.0078125,901,-3.3718555,-4.78102636,10.6050854,1
0.0078125,902,-3.39491391,-4.81389666,10.6246281,1
0.0078125,903,-3.41802669,-4.846838,10.6443701,1
0.0078125,904,-3.44119453,-4.87984896,10.6643219,1
0.0078125,905,-3.46443129,-4.91295004,10.6844816,1
0.0078125,906,-3.48772359,-4.94611835,10.704855,1
0.0078125,907,-3.51106882,-4.97935629,10.7254238,1
0.0078125,908,-3.53447866,-5.01267242,10.746212,1
0.0078125,909,-3.55794525,-5.04605818,10.7672148,1
0.0078125,910,-3.58146572,-5.07951021,10.7884178,1
0.0078125,911,-3.60504103,-5.11302614,10.8098421,1
0.0078125,912,-3.6286819,-5.1466217,10.8314781,1
0.0078125,913,-3.65236926,-5.18027115,10.8533239,1
0.0078125,914,-3.67611313,-5.21398544,10.8753872,1
0.0078125,915,-3.69991827,-5.24777079,10.8976688,1
0.0078125,916,-3.72376895,-5.2816062,10.9201555,1
0.0078125,917,-3.74767971,-5.31551027,10.9428692,1
0.0078125,918,-3.77164149,-5.34946823,10.9657993,1
0.0078125,919,-3.79566073,-5.38349009,10.9889507,1
0.0078125,920,-3.81972671,-5.4175601,11.0123158,1
0.0078125,921,-3.84384584,-5.45168734,11.0358934,1
0.0078125,922,-3.86801577,-5.48586607,11.0597,1
0.0078125,923,-3.89224434,-5.52010393,11.0837383,1
0.0078125,924,-3.91651392,-5.55438185,11.1079798,1
0.0078125,925,-3.9408381,-5.58871412,11.1324568,1
0.0078125,926,-3.96521163,-5.62309313,11.1571531,1
0.0078125,927,-3.98962951,-5.65751171,11.1820679,1
0.0078125,928,-4.01410437,-5.69198561,11.2072134,1
0.0078125,929,-4.03862143,-5.72649384,11.2325878,1
0.0078125,930,-4.06318474,-5.76104355,11.2581797,1
0.0078125,931,-4.08779573,-5.79563284,11.2839994,1
0.0078125,932,-4.11245728,-5.83026552,11.3100519,1
0.0078125,933,-4.13715887,-5.86492825,11.3363247,1
0.0078125,934,-4.16190529,-5.89962578,11.3628225,1
0.0078125,935,-4.18670082,-5.93436146,11.3895559,1
0.0078125,936,-4.21153831,-5.96912575,11.4165182,1
0.0078125,937,-4.23641491,-6.00391626,11.4437056,1
0.0078125,938,-4.26134443,-6.03874636,11.4711361,1
0.0078125,939,-4.28630066,-6.07358408,11.4987812,1
0.0078125,940,-4.31130981,-6.10846233,11.5266666,1
0.0078125,941,-4.33635187,-6.14335108,11.5547781,1
0.0078125,942,-4.3614397,-6.17827177,11.5831242,1
0.0078125,943,-4.38656092,-6.21320343,11.6116934,1
0.0078125,944,-4.41172695,-6.24815893,11.6405106,1
0.0078125,945,-4.43692493,-6.28312683,11.6695423,1
0.0078125,946,-4.46216488,-6.31810856,11.6988316,1
0.0078125,947,-4.48744106,-6.35310698,11.7283373,1
0.0078125,948,-4.5127511,-6.38811111,11.7580843,1
0.0078125,949,-4.53809214,-6.4231205,11.7880545,1
0.0078125,950,-4.5634737,-6.45814562,11.8182697,1
0.0078125,951,-4.58888721,-6.49316931,11.8487177,1
0.0078125,952,-4.61433601,-6.52820158,11.8794041,1
0.0078125,953,-4.63980579,-6.56322145,11.9103127,1
0.0078125,954,-4.66531992,-6.59825468,11.9414749,1
0.0078125,955,-4.69085979,-6.63328075,11.9728594,1
0.0078125,956,-4.71643066,-6.66830349,12.0044899,1
0.0078125,957,-4.74203062,-6.70331955,12.0363512,1
0.0078125,958,-4.7676549,-6.73832273,12.068449,1
0.0078125,959,-4.7933054,-6.77331352,12.1007757,1
0.0078125,960,-4.81898975,-6.80830002,12.1333551,1
0.0078125,961,-4.84469414,-6.84326601,12.1661549,1
0.0078125,962,-4.87043238,-6.8782258,12.1992044,1
0.0078125,963,-4.89618492,-6.9131546,12.2324877,1
0.0078125,964,-4.92195892,-6.94806242,12.265995,1
0.0078125,965,-4.9477644,-6.98295689,12.2997522,1
0.0078125,966,-4.97358847,-7.0178237,12.333744,1
0.0078125,967,-4.99942732,-7.05265665,12.3679676,1
0.0078125,968,-5.02529716,-7.08747482,12.4024382,1
0.0078125,969,-5.05117226,-7.12224436,12.4371262,1
0.0078125,970,-5.0770793,-7.15699959,12.472064,1
0.0078125,971,-5.10298824,-7.19169903,12.5072298,1
0.0078125,972,-5.12893248,-7.22638607,12.5426445,1
0.0078125,973,-5.15487289,-7.26101017,12.5782757,1
0.0078125,974,-5.18084145,-7.29560947,12.6141548,1
0.0078125,975,-5.20682335,-7.33016539,12.6502762,1
0.0078125,976,-5.23280907,-7.36466503,12.686615,1
0.0078125,977,-5.25881815,-7.39912844,12.7232141,1
0.0078125,978,-5.28482628,-7.43353271,12.7600145,1
0.0078125,979,-5.31085062,-7.46788836,12.7970686,1
0.0078125,980,-5.33687925,-7.50218582,12.8343468,1
0.0078125,981,-5.3629241,-7.53643751,12.8718691,1
0.0078125,982,-5.38897181,-7.57062483,12.9096193,1
0.0078125,983,-5.41501951,-7.60474634,12.9475899,1
0.0078125,984,-5.44107914,-7.63881159,12.9858065,1
0.0078125,985,-5.46714735,-7.67281628,13.0242605,1
0.0078125,986,-5.49321175,-7.70674658,13.0629311,1
0.0078125,987,-5.51928329,-7.74061537,13.10184,1
0.0078125,988,-5.54535246,-7.77440596,13.1409779,1
0.0078125,989,-5.5714221,-7.80812073,13.1803513,1
0.0078125,990,-5.5974865,-7.84175968,13.2199316,1
0.0078125,991,-5.62356138,-7.87533283,13.2597628,1
0.0078125,992,-5.64962339,-7.90881491,13.2998056,1
0.0078125,993,-5.6756835,-7.94221783,13.3400793,1
0.0078125,994,-5.70174026,-7.9755373,13.3805752,1
0.0078125,995,-5.72779036,-8.00876617,13.4213076,1
0.0078125,996,-5.75383329,-8.04190826,13.4622574,1
0.0078125,997,-5.77987099,-8.07496262,13.5034304,1
0.0078125,998,-5.80589676,-8.10791874,13.5448256,1
0.0078125,999,-5.83191013,-8.14077854,13.5864363,1
0.0078125,1000,-5.85792112,-8.1735487,13.6282835,1
0.0078125,1001,-5.88391161,-8.20621109,13.6703358,1
0.0078125,1002,-5.90989637,-8.23877716,13.7126217,1
0.0078125,1003,-5.93586016,-8.27123451,13.7551126,1
0.0078125,1004,-5.96181345,-8.30358791,13.7978287,1
0.0078125,1005,-5.98774815,-8.3358326,13.8407564,1
0.0078125,1006,-6.01366997,-8.36797047,13.8839045,1
0.0078125,1007,-6.03956604,-8.39998722,13.9272594,1
0.0078125,1008,-6.0654459,-8.43189144,13.97083,1
0.0078125,1009,-6.09130287,-8.46367645,14.0146103,1
0.0078125,1010,-6.11714363,-8.49534988,14.058609,1
0.0078125,1011,-6.14295721,-8.52689552,14.102809,1
0.0078125,1012,-6.16875219,-8.55832195,14.1472254,1
0.0078125,1013,-6.19451809,-8.58962059,14.1918373,1
0.0078125,1014,-6.22025347,-8.62078381,14.2366581,1
0.0078125,1015,-6.2459693,-8.65182781,14.2816887,1
0.0078125,1016,-6.27165365,-8.68273354,14.3269186,1
0.0078125,1017,-6.29731464,-8.71350956,14.3723669,1
0.0078125,1018,-6.32293653,-8.74414349,14.4179926,1
0.0078125,1019,-6.34853363,-8.77464485,14.46383,1
0.0078125,1020,-6.37408829,-8.80499554,14.5098495,1
0.0078125,1021,-6.39962244,-8.83521557,14.5560865,1
0.0078125,1022,-6.42511511,-8.86528492,14.6025133,1
0.0078125,1023,-6.45057058,-8.8952055,14.6491241,1
0.00390625,0,4.5399891e-05,0,0,1
0.00390625,1,0.000989567605,0.000852817495,1.03409056e-05,1
0.00390625,2,0.00196255534,0.00173595489,2.16732515e-05,1
0.00390625,3,0.00296489405,0.00265005603,3.40492115e-05,1
0.00390625,4,0.00399710843,0.00359576475,4.75229499e-05,1
0.00390625,5,0.00505974609,0.00457374519,6.21509171e-05,1
0.00390625,6,0.00615334744,0.00558466371,7.79917027e-05,1
0.00390625,7,0.00727846287,0.00662919367,9.51061229e-05,1
0.00390625,8,0.00843566377,0.00770803355,0.000113557689,1
0.00390625,9,0.00962550752,0.00882187765,0.000133411901,1
0.00390625,10,0.0108485762,0.00997143704,0.000154737194,1
0.00390625,11,0.0121054593,0.0111574391,0.000177604539,1
0.00390625,12,0.0133967204,0.0123805916,0.000202087409,1
0.00390625,13,0.014722988,0.0136416582,0.000228262332,1
0.00390625,14,0.016084848,0.0149413757,0.00025620847,1
0.00390625,15,0.0174829159,0.0162805151,0.000286007853,1
0.00390625,16,0.0189178158,0.0176598486,0.00031774622,1
0.00390625,17,0.0203901809,0.0190801639,0.000351511524,1
0.00390625,18,0.0219006557,0.0205422621,0.000387396751,1
0.00390625,19,0.0234498419,0.0220469143,0.000425495178,1
0.00390625,20,0.0250384305,0.0235949773,0.000465906021,1
0.00390625,21,0.0266670808,0.02518728,0.000508732512,1
0.00390625,22,0.0283364449,0.0268246364,0.000554078142,1
0.00390625,23,0.0300472137,0.028507933,0.000602054759,1
0.00390625,24,0.0318000503,0.0302379988,0.000652774761,1
0.00390625,25,0.0335956737,0.0320157446,0.000706355611,1
0.00390625,26,0.03543479,0.0338420682,0.000762920012,1
0.00390625,27,0.0373180844,0.0357178338,0.000822592701,1
0.00390625,28,0.0392462797,0.0376439691,0.000885503832,1
0.00390625,29,0.0412201211,0.039621409,0.000951789261,1
0.00390625,30,0.0432403423,0.0416510999,0.00102158939,1
0.00390625,31,0.0453076847,0.0437339842,0.00109504687,1
0.00390625,32,0.0474228449,0.0458709821,0.00117230939,1
0.00390625,33,0.0495866835,0.0480631404,0.00125353551,1
0.00390625,34,0.051799912,0.0503114238,0.00133888272,1
0.00390625,35,0.054063309,0.0526168011,0.00142851518,1
0.00390625,36,0.0563777089,0.0549803525,0.00152260484,1
0.00390625,37,0.0587438941,0.0574030913,0.00162132888,1
0.00390625,38,0.0611625947,0.0598859638,0.0017248661,1
0.00390625,39,0.0636347234,0.0624301545,0.00183340721,1
0.00390625,40,0.0661612004,0.0650368035,0.00194715103,1
0.00390625,41,0.0687425509,0.0677067041,0.00206628814,1
0.00390625,42,0.0713799521,0.0704412833,0.00219103531,1
0.00390625,43,0.0740740597,0.0732414201,0.00232160091,1
0.00390625,44,0.076825887,0.0761084035,0.0024582122,1
0.00390625,45,0.079636097,0.0790432096,0.00260109128,1
0.00390625,46,0.0825057402,0.082047075,0.00275047496,1
0.00390625,47,0.0854357108,0.0851212442,0.00290660909,1
0.00390625,48,0.0884268284,0.0882667825,0.00306974561,1
0.00390625,49,0.0914801061,0.0914850011,0.00324013992,1
0.00390625,50,0.0945963413,0.0947769731,0.00341805909,1
0.00390625,51,0.0977765992,0.0981440693,0.00360378227,1
0.00390625,52,0.101021782,0.101587512,0.00379759283,1
0.00390625,53,0.10433279,0.105108447,0.00399978086,1
0.00390625,54,0.107710682,0.108708262,0.00421065837,1
0.00390625,55,0.1111563,0.112388134,0.00443051895,1
0.00390625,56,0.114670843,0.116149567,0.00465970719,1
0.00390625,57,0.118255071,0.119993657,0.00489852997,1
0.00390625,58,0.12191014,0.123921908,0.00514735049,1
0.00390625,59,0.125637054,0.127935529,0.00540650776,1
0.00390625,60,0.129436806,0.13203603,0.00567636639,1
0.00390625,61,0.133310407,0.136224702,0.00595730403,1
0.00390625,62,0.137258947,0.140502959,0.00624969741,1
0.00390625,63,0.141283453,0.144872159,0.00655395025,1
0.00390625,64,0.145385116,0.149333939,0.00687047513,1
0.00390625,65,0.149564952,0.153889582,0.00719968416,1
0.00390625,66,0.153823897,0.158540457,0.00754200015,1
0.00390625,67,0.158163324,0.16328828,0.00789789762,1
0.00390625,68,0.162584215,0.168134436,0.00826782081,1
0.00390625,69,0.167087615,0.173080355,0.00865222793,1
0.00390625,70,0.171674758,0.178127617,0.00905162096,1
0.00390625,71,0.176346868,0.18327786,0.00946650375,1
0.00390625,72,0.181105018,0.18853268,0.00989738945,1
0.00390625,73,0.185950294,0.193893433,0.010344794,1
0.00390625,74,0.190884039,0.199361801,0.0108092753,1
0.00390625,75,0.19590731,0.204939485,0.0112913847,1
0.00390625,76,0.201021269,0.210627899,0.0117917042,1
0.00390625,77,0.206227377,0.21642904,0.0123108383,1
0.00390625,78,0.211526737,0.222344324,0.012849384,1
0.00390625,79,0.216920525,0.228375435,0.0134079689,1
0.00390625,80,0.222409904,0.234524012,0.0139872339,1
0.00390625,81,0.227996364,0.240791917,0.0145878512,1
0.00390625,82,0.233681202,0.247181013,0.0152105186,1
0.00390625,83,0.239465311,0.253692508,0.0158558879,1
0.00390625,84,0.245350465,0.26032877,0.0165247265,1
0.00390625,85,0.251337558,0.267091066,0.017217746,1
0.00390625,86,0.257428437,0.273981869,0.0179357547,1
0.00390625,87,0.263623714,0.281002104,0.0186794437,1
0.00390625,88,0.269925147,0.288154095,0.0194496792,1
0.00390625,89,0.276334256,0.295439899,0.0202473085,1
0.00390625,90,0.282851994,0.302860826,0.0210731067,1
0.00390625,91,0.28948015,0.310419232,0.0219280086,1
0.00390625,92,0.296219617,0.318116605,0.0228128489,1
0.00390625,93,0.303072155,0.325955003,0.0237285756,1
0.00390625,94,0.310039014,0.333936483,0.0246761404,1
0.00390625,95,0.317121774,0.34206298,0.0256564859,1
0.00390625,96,0.324321538,0.350336105,0.0266706049,1
0.00390625,97,0.331640214,0.35875839,0.0277195461,1
0.00390625,98,0.339078784,0.367331326,0.0288043059,1
0.00390625,99,0.346638769,0.37605685,0.0299259536,1
0.00390625,100,0.354322344,0.384937882,0.0310857091,1
0.00390625,101,0.362129897,0.393975139,0.0322845094,1
0.00390625,102,0.370063454,0.40317136,0.0335236415,1
0.00390625,103,0.378124595,0.412528545,0.0348042436,1
0.00390625,104,0.386315018,0.422049165,0.0361276083,1
0.00390625,105,0.394635826,0.4317348,0.0374948829,1
0.00390625,106,0.40308851,0.441587389,0.0389073752,1
0.00390625,107,0.411674708,0.451609224,0.0403663926,1
0.00390625,108,0.420396119,0.461802542,0.0418732949,1
0.00390625,109,0.429254115,0.472169399,0.0434294567,1
0.00390625,110,0.438250691,0.482712299,0.0450363494,1
0.00390625,111,0.447386473,0.493432343,0.0466952324,1
0.00390625,112,0.456664205,0.504333019,0.048407834,1
0.00390625,113,0.466084599,0.515415549,0.0501754768,1
0.00390625,114,0.475649387,0.526682317,0.0519997887,1
0.00390625,115,0.485360682,0.538135946,0.0538824014,1
0.00390625,116,0.495220035,0.549778819,0.0558250025,1
0.00390625,117,0.505228043,0.561611652,0.0578290075,1
0.00390625,118,0.515387893,0.573638737,0.0598964617,1
0.00390625,119,0.525700092,0.585860729,0.06202887,1
0.00390625,120,0.536166668,0.59828043,0.0642281175,1
0.00390625,121,0.54678905,0.610900104,0.0664959848,1
0.00390625,122,0.557569265,0.623721898,0.0688344836,1
0.00390625,123,0.568508506,0.636748075,0.0712454021,1
0.00390625,124,0.57960844,0.649980605,0.0737306997,1
0.00390625,125,0.590871274,0.663422525,0.0762924477,1
0.00390625,126,0.602299094,0.67707634,0.0789328665,1
0.00390625,127,0.6138919,0.690942466,0.0816537142,1
0.00390625,128,0.625653327,0.705025434,0.0844575018,1
0.00390625,129,0.637583315,0.719325662,0.0873461515,1
0.00390625,130,0.649685144,0.733846843,0.0903221369,1
0.00390625,131,0.66195935,0.748590469,0.093387641,1
0.00390625,132,0.674407423,0.763558328,0.0965448171,1
0.00390625,133,0.687031686,0.778753102,0.0997962952,1
0.00390625,134,0.69983393,0.794177532,0.103144601,1
0.00390625,135,0.712816179,0.809834301,0.106592216,1
0.00390625,136,0.725979209,0.825724304,0.110141598,1
0.00390625,137,0.739325345,0.841850698,0.113795452,1
0.00390625,138,0.752855599,0.858214915,0.117556319,1
0.00390625,139,0.766572952,0.874820471,0.121427149,1
0.00390625,140,0.780477941,0.891668499,0.125410527,1
0.00390625,141,0.794573665,0.908762693,0.129509732,1
0.00390625,142,0.808858395,0.926101148,0.133726612,1
0.00390625,143,0.823337734,0.943690836,0.138065293,1
0.00390625,144,0.83801198,0.961532414,0.14252843,1
0.00390625,145,0.852882206,0.979626954,0.147118896,1
0.00390625,146,0.867950559,0.997977436,0.151839986,1
0.00390625,147,0.883219182,1.01658618,0.156695068,1
0.00390625,148,0.898688018,1.03545392,0.161686942,1
0.00390625,149,0.914361,1.05458438,0.166819602,1
0.00390625,150,0.930238664,1.07397938,0.172096059,1
0.00390625,151,0.946321666,1.0936389,0.177519619,1
0.00390625,152,0.962613404,1.11356783,0.183094278,1
0.00390625,153,0.97911495,1.13376641,0.188823476,1
0.00390625,154,0.995827377,1.15423691,0.194710761,1
0.00390625,155,1.01275229,1.174981,0.200759813,1
0.00390625,156,1.02989221,1.19600177,0.206974924,1
0.00390625,157,1.04724634,1.21729743,0.213358998,1
0.00390625,158,1.06481874,1.23887396,0.219916955,1
0.00390625,159,1.08260989,1.26073098,0.226652429,1
0.00390625,160,1.10062146,1.28287077,0.233569503,1
0.00390625,161,1.11885548,1.30529523,0.240672618,1
0.00390625,162,1.13731265,1.32800531,0.247965664,1
0.00390625,163,1.15599418,1.35100269,0.25545302,1
0.00390625,164,1.17490137,1.37428844,0.26313886,1
0.00390625,165,1.19403732,1.39786541,0.27102828,1
0.00390625,166,1.21340084,1.42173266,0.279124856,1
0.00390625,167,1.23299491,1.44589317,0.287433982,1
0.00390625,168,1.25282156,1.47034907,0.295960307,1
0.00390625,169,1.27288032,1.49509907,0.304708093,1
0.00390625,170,1.2931726,1.52014542,0.313682318,1
0.00390625,171,1.3137008,1.54548991,0.322887957,1
0.00390625,172,1.33446515,1.57113242,0.332330018,1
0.00390625,173,1.35546732,1.59707439,0.342013389,1
0.00390625,174,1.37670803,1.62331641,0.351943195,1
0.00390625,175,1.39818966,1.64986098,0.362125278,1
0.00390625,176,1.41990972,1.67670381,0.372563183,1
0.00390625,177,1.44187367,1.7038511,0.383264095,1
0.00390625,178,1.46407986,1.73130047,0.394232601,1
0.00390625,179,1.48652852,1.7590512,0.405473679,1
0.00390625,180,1.50922227,1.7871058,0.416993558,1
0.00390625,181,1.53216183,1.81546378,0.42879796,1
0.00390625,182,1.55534756,1.84412551,0.44089219,1
0.00390625,183,1.5787797,1.87309015,0.453281939,1
0.00390625,184,1.60246027,1.90235901,0.465973377,1
0.00390625,185,1.62638879,1.93193054,0.478972316,1
0.00390625,186,1.65056396,1.96180248,0.492283523,1
0.00390625,187,1.67498922,1.99197674,0.505914211,1
0.00390625,188,1.69966531,2.02245402,0.519871235,1
0.00390625,189,1.72458935,2.05322981,0.534158349,1
0.00390625,190,1.74976444,2.08430624,0.548783541,1
0.00390625,191,1.77519071,2.11568117,0.563753366,1
0.00390625,192,1.80086696,2.14735341,0.579072475,1
0.00390625,193,1.82679355,2.17932105,0.594747782,1
0.00390625,194,1.85297132,2.21158385,0.610786378,1
0.00390625,195,1.87940001,2.24413991,0.627194285,1
0.00390625,196,1.90608001,2.27698755,0.643978477,1
0.00390625,197,1.93300879,2.31012201,0.661144137,1
0.00390625,198,1.96018934,2.34354591,0.678699315,1
0.00390625,199,1.98761809,2.37725377,0.696648955,1
0.00390625,200,2.01529646,2.4112432,0.715001106,1
0.00390625,201,2.04322433,2.44551301,0.733762383,1
0.00390625,202,2.07139993,2.48005986,0.752939045,1
0.00390625,203,2.09982395,2.51488161,0.772538304,1
0.00390625,204,2.12849355,2.54997277,0.792565525,1
0.00390625,205,2.15740895,2.58533168,0.813028932,1
0.00390625,206,2.18657041,2.62095618,0.833935559,1
0.00390625,207,2.21597576,2.65684032,0.855291605,1
0.00390625,208,2.24562168,2.69297934,0.877102673,1
0.00390625,209,2.27551174,2.72937441,0.899378538,1
0.00390625,210,2.30563879,2.76601338,0.922121704,1
0.00390625,211,2.33600593,2.80289769,0.945342958,1
0.00390625,212,2.3666091,2.8400197,0.969046652,1
0.00390625,213,2.39744735,2.87737536,0.993240833,1
0.00390625,214,2.42851996,2.91496062,1.01793182,1
0.00390625,215,2.45982265,2.95276833,1.04312658,1
0.00390625,216,2.49135613,2.99079609,1.06883228,1
0.00390625,217,2.52311397,3.02903056,1.09505272,1
0.00390625,218,2.55509925,3.06747532,1.12179923,1
0.00390625,219,2.58730531,3.10611629,1.14907396,1
0.00390625,220,2.6197319,3.14495158,1.17688549,1
0.00390625,221,2.65237594,3.18397403,1.20524144,1
0.00390625,222,2.68523407,3.22317457,1.23414552,1
0.00390625,223,2.71830273,3.26254463,1.26360512,1
0.00390625,224,2.75157881,3.30208087,1.29362571,1
0.00390625,225,2.78506136,3.34177303,1.32421577,1
0.00390625,226,2.81874681,3.38161588,1.35538065,1
0.00390625,227,2.85262966,3.42159867,1.38712442,1
0.00390625,228,2.8867054,3.46171188,1.41945243,1
0.00390625,229,2.92097449,3.50194955,1.45237458,1
0.00390625,230,2.95542836,3.54229927,1.48589087,1
0.00390625,231,2.99006605,3.58275604,1.52001119,1
0.00390625,232,3.02488303,3.62330937,1.55473948,1
0.00390625,233,3.05987287,3.66394615,1.59007955,1
0.00390625,234,3.09503531,3.70466185,1.6260401,1
0.00390625,235,3.1303587,3.74543953,1.6626184,1
0.00390625,236,3.16584516,3.78627539,1.6998266,1
0.00390625,237,3.20148635,3.82715464,1.73766625,1
0.00390625,238,3.23727894,3.8680687,1.776142,1
0.00390625,239,3.27321696,3.9090066,1.81525922,1
0.00390625,240,3.30929351,3.94995379,1.85501885,1
0.00390625,241,3.34550285,3.99089909,1.89542413,1
0.00390625,242,3.38184476,4.03183699,1.93648469,1
0.00390625,243,3.4183073,4.07274866,1.9781965,1
0.00390625,244,3.45488524,4.11362219,2.02056479,1
0.00390625,245,3.49157691,4.15444946,2.06359553,1
0.00390625,246,3.528373,4.19521618,2.10728788,1
0.00390625,247,3.56526423,4.23590469,2.15164351,1
0.00390625,248,3.60224843,4.27650785,2.19666624,1
0.00390625,249,3.63931632,4.31700754,2.24235654,1
0.00390625,250,3.67646003,4.35739231,2.2887125,1
0.00390625,251,3.71367478,4.39764929,2.33574176,1
0.00390625,252,3.75095725,4.43776846,2.38344336,1
0.00390625,253,3.78828955,4.47772455,2.43181133,1
0.00390625,254,3.82567286,4.51751328,2.48085213,1
0.00390625,255,3.86309934,4.55711889,2.53056645,1
0.00390625,256,3.9005568,4.59652233,2.58094931,1
0.00390625,257,3.93804026,4.63571405,2.63200164,1
0.00390625,258,3.97553921,4.67467356,2.68372035,1
0.00390625,259,4.01304817,4.71339083,2.73610497,1
0.00390625,260,4.05055809,4.75185013,2.7891562,1
0.00390625,261,4.08805799,4.79003191,2.84286523,1
0.00390625,262,4.12554455,4.82792854,2.89723635,1
0.00390625,263,4.16300535,4.86551809,2.95226192,1
0.00390625,264,4.20043039,4.90278721,3.00793743,1
0.00390625,265,4.23781538,4.93972206,3.06426382,1
0.00390625,266,4.27514601,4.97630548,3.12123013,1
0.00390625,267,4.31241465,5.01251936,3.17883325,1
0.00390625,268,4.34961462,5.04835463,3.23707175,1
0.00390625,269,4.38673401,5.0837903,3.29593706,1
0.00390625,270,4.42376709,5.11881495,3.35542607,1
0.00390625,271,4.46069956,5.15340996,3.41552567,1
0.00390625,272,4.49752235,5.18755817,3.47623301,1
0.00390625,273,4.53422832,5.2212472,3.53754044,1
0.00390625,274,4.5708065,5.25446272,3.59944296,1
0.00390625,275,4.60724592,5.28718424,3.66192818,1
0.00390625,276,4.64353943,5.31940365,3.72498894,1
0.00390625,277,4.67967367,5.35109997,3.78861356,1
0.00390625,278,4.71563959,5.38225937,3.8527925,1
0.00390625,279,4.75143051,5.41286945,3.91752267,1
0.00390625,280,4.78702927,5.44291067,3.98278522,1
0.00390625,281,4.82243109,5.47237253,4.04857111,1
0.00390625,282,4.85762596,5.50124216,4.11487293,1
0.00390625,283,4.89260435,5.52950096,4.18168163,1
0.00390625,284,4.92734814,5.55713558,4.24897051,1
0.00390625,285,4.96185637,5.58413363,4.3167429,1
0.00390625,286,4.9961133,5.61048222,4.38497543,1
0.00390625,287,5.03011322,5.63616705,4.45366001,1
0.00390625,288,5.06383848,5.66117239,4.52277756,1
0.00390625,289,5.09728622,5.68549013,4.59232235,1
0.00390625,290,5.13044548,5.70910692,4.66227293,1
0.00390625,291,5.16330194,5.73200607,4.73261881,1
0.00390625,292,5.19584656,5.75418234,4.8033371,1
0.00390625,293,5.22807312,5.77561951,4.8744235,1
0.00390625,294,5.25996542,5.79630756,4.94585037,1
0.00390625,295,5.29151678,5.81623459,5.01760387,1
0.00390625,296,5.32272148,5.83539677,5.08968019,1
0.00390625,297,5.35355949,5.85377407,5.16204166,1
0.00390625,298,5.38402987,5.87136412,5.23468542,1
0.00390625,299,5.41412306,5.88815689,5.30759382,1
0.00390625,300,5.44382095,5.90413809,5.38073492,1
0.00390625,301,5.47312355,5.91930771,5.45410872,1
0.00390625,302,5.50201321,5.93365002,5.5276804,1
0.00390625,303,5.53049088,5.94716501,5.60144949,1
0.00390625,304,5.55853701,5.95984077,5.67537737,1
0.00390625,305,5.58615065,5.97167253,5.74946356,1
0.00390625,306,5.61331892,5.98265505,5.82366991,1
0.00390625,307,5.64003325,5.99278116,5.89799404,1
0.00390625,308,5.66628504,6.00204611,5.97240257,1
0.00390625,309,5.69206715,6.01044607,6.04688835,1
0.00390625,310,5.71736956,6.01797676,6.12142277,1
0.00390625,311,5.74218845,6.02463865,6.19598532,1
0.00390625,312,5.76651287,6.03042173,6.27056313,1
0.00390625,313,5.79033375,6.03532934,6.34512568,1
0.00390625,314,5.81364679,6.03935671,6.41966677,1
0.00390625,315,5.83644199,6.04250479,6.49414682,1
0.00390625,316,5.85871601,6.04477167,6.56856728,1
0.00390625,317,5.88045979,6.04615641,6.64289379,1
0.00390625,318,5.90166664,6.0466609,6.71711349,1
0.00390625,319,5.92233038,6.04628658,6.79119539,1
0.00390625,320,5.94244432,6.04503155,6.86512852,1
0.00390625,321,5.96200275,6.04290199,6.93888903,1
0.00390625,322,5.98100281,6.03989744,7.01246357,1
0.00390625,323,5.99943638,6.03602219,7.08581972,1
0.00390625,324,6.01729631,6.03127813,7.15894842,1
0.00390625,325,6.03458452,6.02567387,7.23182869,1
0.00390625,326,6.05128908,6.01920938,7.30443621,1
0.00390625,327,6.06740904,6.01189184,7.37675333,1
0.00390625,328,6.08294201,6.00372744,7.44876671,1
0.00390625,329,6.09788179,5.99471951,7.52045345,1
0.00390625,330,6.11222315,5.98487806,7.5917902,1
0.00390625,331,6.12596607,5.97421074,7.66276026,1
0.00390625,332,6.13910818,5.96272564,7.73334789,1
0.00390625,333,6.15164328,5.95042181,7.80354309,1
0.00390625,334,6.16356993,5.93731642,7.8733139,1
0.00390625,335,6.17488766,5.92342043,7.94264793,1
0.00390625,336,6.18559313,5.90873766,8.01153183,1
0.00390625,337,6.19568443,5.89328051,8.07994652,1
0.00390625,338,6.20516253,5.87705851,8.14787483,1
0.00390625,339,6.21402311,5.86007929,8.21530724,1
0.00390625,340,6.22226667,5.8423605,8.28221416,1
0.00390625,341,6.22989416,5.82390928,8.34859467,1
0.00390625,342,6.23690367,5.80473948,8.41442585,1
0.00390625,343,6.2432971,5.78486109,8.47969913,1
0.00390625,344,6.24907064,5.76428699,8.54438972,1
0.00390625,345,6.25423002,5.74302864,8.6085043,1
0.00390625,346,6.25877285,5.72110605,8.67200565,1
0.00390625,347,6.26270151,5.69852543,8.73489571,1
0.00390625,348,6.26601553,5.67530155,8.79715824,1
0.00390625,349,6.26871872,5.6514492,8.85878277,1
0.00390625,350,6.27081251,5.62698269,8.91975498,1
0.00390625,351,6.27229881,5.60191631,8.98006916,1
0.00390625,352,6.27317619,5.57625914,9.03971004,1
0.00390625,353,6.27345562,5.55003834,9.09866905,1
0.00390625,354,6.27313423,5.52325773,9.15693665,1
0.00390625,355,6.27221394,5.49593449,9.21450329,1
0.00390625,356,6.27070427,5.46809244,9.27136135,1
0.00390625,357,6.26860189,5.43973446,9.3275032,1
0.00390625,358,6.26591539,5.41088676,9.38291454,1
0.00390625,359,6.26264715,5.38155413,9.43760014,1
0.00390625,360,6.25880098,5.35176039,9.49154282,1
0.00390625,361,6.25438118,5.32151651,9.54474068,1
0.00390625,362,6.24939537,5.29084158,9.59719086,1
0.00390625,363,6.24384212,5.25974703,9.64888287,1
0.00390625,364,6.23773241,5.22825432,9.69981194,1
0.00390625,365,6.23106956,5.19637632,9.74997711,1
0.00390625,366,6.22386122,5.16413307,9.79936886,1
0.00390625,367,6.21610641,5.1315279,9.8479929,1
0.00390625,368,6.20781898,5.09858894,9.89583778,1
0.00390625,369,6.19900131,5.06533003,9.94290447,1
0.00390625,370,6.18965816,5.03176165,9.9891901,1
0.00390625,371,6.17979527,4.99790049,10.0346918,1
0.00390625,372,6.16942215,4.96376514,10.0794077,1
0.00390625,373,6.15854359,4.92936993,10.1233387,1
0.00390625,374,6.14716673,4.89472914,10.1664829,1
0.00390625,375,6.13529825,4.85985613,10.2088442,1
0.00390625,376,6.12294483,4.82476759,10.2504225,1
0.00390625,377,6.11011553,4.7894845,10.2912083,1
0.00390625,378,6.09681511,4.75401115,10.331214,1
0.00390625,379,6.08305025,4.71836472,10.3704414,1
0.00390625,380,6.06882763,4.6825614,10.4088802,1
0.00390625,381,6.05416107,4.64661646,10.4465475,1
0.00390625,382,6.03905153,4.6105442,10.4834309,1
0.00390625,383,6.02350712,4.57435369,10.5195436,1
0.00390625,384,6.00753641,4.53806305,10.554884,1
0.00390625,385,5.99114895,4.50168419,10.5894547,1
0.00390625,386,5.97435427,4.4652319,10.6232681,1
0.00390625,387,5.95715141,4.42871332,10.6563158,1
0.00390625,388,5.93955755,4.39214611,10.6886129,1
0.00390625,389,5.92157698,4.35554266,10.7201538,1
0.00390625,390,5.90321684,4.31891394,10.7509527,1
0.00390625,391,5.88448668,4.28227377,10.7810068,1
0.00390625,392,5.86539555,4.24563265,10.8103275,1
0.00390625,393,5.84594488,4.2089982,10.838912,1
0.00390625,394,5.82615137,4.17238665,10.8667803,1
0.00390625,395,5.80601931,4.13580894,10.8939238,1
0.00390625,396,5.78555584,4.0992713,10.9203558,1
0.00390625,397,5.76476717,4.06278324,10.9460859,1
0.00390625,398,5.74366474,4.02636337,10.9711084,1
0.00390625,399,5.72225761,3.9900167,10.9954405,1
0.00390625,400,5.70055771,3.95375991,11.0190849,1
0.00390625,401,5.6785593,3.91758537,11.0420532,1
0.00390625,402,5.65628242,3.88151503,11.064353,1
0.00390625,403,5.63372755,3.84555697,11.0859756,1
0.00390625,404,5.61091185,3.80971742,11.1069498,1
0.00390625,405,5.58783197,3.77400422,11.1272717,1
0.00390625,406,5.56450176,3.73842359,11.1469526,1
0.00390625,407,5.5409317,3.70299196,11.1659908,1
0.00390625,408,5.51712275,3.66770434,11.184412,1
0.00390625,409,5.49308729,3.63257623,11.2022085,1
0.00390625,410,5.46883392,3.59761715,11.2193985,1
0.00390625,411,5.4443655,3.5628252,11.235981,1
0.00390625,412,5.41969156,3.52821112,11.2519684,1
0.00390625,413,5.39482307,3.49378371,11.2673712,1
0.00390625,414,5.3697629,3.45954633,11.2821941,1
0.00390625,415,5.34451771,3.42550015,11.2964497,1
0.00390625,416,5.31910086,3.39166355,11.3101377,1
0.00390625,417,5.29350758,3.35801935,11.3232765,1
0.00390625,418,5.26776028,3.32459998,11.3358631,1
0.00390625,419,5.24185848,3.29139686,11.3479185,1
0.00390625,420,5.21580696,3.2584095,11.3594398,1
0.00390625,421,5.18961525,3.22564936,11.3704472,1
0.00390625,422,5.16329336,3.19312239,11.3809414,1
0.00390625,423,5.13683748,3.16082144,11.3909292,1
0.00390625,424,5.11026382,3.12875938,11.400424,1
0.00390625,425,5.08357573,3.09693766,11.4094276,1
0.00390625,426,5.05678129,3.06535912,11.4179564,1
0.00390625,427,5.029881,3.03402543,11.426012,1
0.00390625,428,5.00289202,3.00294828,11.4336052,1
0.00390625,429,4.97580957,2.97211528,11.4407454,1
0.00390625,430,4.94864559,2.94154119,11.4474373,1
0.00390625,431,4.92140198,2.91122222,11.4536877,1
0.00390625,432,4.89409113,2.88116241,11.4595175,1
0.00390625,433,4.86671257,2.85136247,11.4649191,1
0.00390625,434,4.83927536,2.82182741,11.4699078,1
0.00390625,435,4.81177998,2.79255104,11.4744892,1
0.00390625,436,4.78423643,2.76354027,11.478673,1
0.00390625,437,4.75665092,2.73479891,11.4824667,1
0.00390625,438,4.72902632,2.70632482,11.4858751,1
0.00390625,439,4.70136833,2.67811656,11.4889078,1
0.00390625,440,4.67368221,2.65017724,11.4915771,1
0.00390625,441,4.64597416,2.62251425,11.4938784,1
0.00390625,442,4.61823988,2.5951097,11.4958315,1
0.00390625,443,4.59049702,2.56798124,11.4974346,1
0.00390625,444,4.56274509,2.54112315,11.4987049,1
0.00390625,445,4.53499413,2.51453996,11.4996414,1
0.00390625,446,4.50723553,2.48822284,11.5002518,1
0.00390625,447,4.47948265,2.46217513,11.5005503,1
0.00390625,448,4.45173359,2.43639278,11.5005283,1
0.00390625,449,4.42400455,2.41088843,11.5002117,1
0.00390625,450,4.39628935,2.38564992,11.4995937,1
0.00390625,451,4.36859179,2.36067796,11.4986887,1
0.00390625,452,4.34092426,2.33597779,11.4974966,1
0.00390625,453,4.31328106,2.31154132,11.4960308,1
0.00390625,454,4.28567219,2.28737211,11.4942894,1
0.00390625,455,4.25809622,2.26346684,11.4922876,1
0.00390625,456,4.23056173,2.23982644,11.4900246,1
0.00390625,457,4.20306921,2.21644878,11.4875116,1
0.00390625,458,4.17561722,2.19332933,11.4847479,1
0.00390625,459,4.14821386,2.17046428,11.4817495,1
0.00390625,460,4.12086773,2.1478672,11.4785118,1
0.00390625,461,4.09357643,2.12552619,11.4750443,1
0.00390625,462,4.06633854,2.10343719,11.4713545,1
0.00390625,463,4.03916216,2.0816021,11.4674492,1
0.00390625,464,4.01204872,2.06001639,11.4633303,1
0.00390625,465,3.98500729,2.03868818,11.4590082,1
0.00390625,466,3.95802832,2.01760221,11.4544811,1
0.00390625,467,3.93112111,1.99676383,11.4497557,1
0.00390625,468,3.90429401,1.97617507,11.4448442,1
0.00390625,469,3.87753439,1.95582211,11.4397421,1
0.00390625,470,3.8508575,1.93571436,11.4344568,1
0.00390625,471,3.82426071,1.91584206,11.4289989,1
0.00390625,472,3.79774642,1.89620936,11.4233694,1
0.00390625,473,3.77131605,1.87680662,11.4175777,1
0.00390625,474,3.74497557,1.85764265,11.4116144,1
0.00390625,475,3.7187202,1.83870161,11.4054995,1
0.00390625,476,3.69255519,1.81999111,11.3992252,1
0.00390625,477,3.66648197,1.80150497,11.392807,1
0.00390625,478,3.64050984,1.78324842,11.3862438,1
0.00390625,479,3.61462402,1.76520503,11.3795366,1
0.00390625,480,3.58883953,1.74738371,11.372695,1
0.00390625,481,3.5631516,1.72977555,11.3657198,1
0.00390625,482,3.53756595,1.71238494,11.3586168,1
0.00390625,483,3.51208019,1.69520235,11.3513918,1
0.00390625,484,3.48670197,1.67823565,11.3440428,1
0.00390625,485,3.4614222,1.66147089,11.3365746,1
0.00390625,486,3.4362464,1.64490843,11.3289919,1
0.00390625,487,3.41117597,1.6285466,11.3212996,1
0.00390625,488,3.38621593,1.61238658,11.3135052,1
0.00390625,489,3.36136508,1.59642529,11.305603,1
0.00390625,490,3.33662105,1.58065379,11.2976065,1
0.00390625,491,3.31199193,1.56507993,11.2895117,1
0.00390625,492,3.28746748,1.54969084,11.2813206,1
0.00390625,493,3.26305842,1.5344907,11.2730436,1
0.00390625,494,3.23876119,1.51947427,11.2646751,1
0.00390625,495,3.21457529,1.50463736,11.2562284,1
0.00390625,496,3.19050574,1.48998618,11.2476902,1
0.00390625,497,3.16655111,1.47551024,11.2390814,1
0.00390625,498,3.14270926,1.46120608,11.2303963,1
0.00390625,499,3.11898446,1.44707537,11.2216396,1
0.00390625,500,3.09537172,1.43310976,11.2128105,1
0.00390625,501,3.07188082,1.41931927,11.2039185,1
0.00390625,502,3.04850292,1.4056865,11.1949596,1
0.00390625,503,3.02524543,1.39222157,11.1859388,1
0.00390625,504,3.00210047,1.37891006,11.176856,1
0.00390625,505,2.97907567,1.36575842,11.1677189,1
0.00390625,506,2.95616817,1.35276318,11.1585264,1
0.00390625,507,2.9333775,1.33991754,11.1492796,1
0.00390625,508,2.91070795,1.32722723,11.1399822,1
0.00390625,509,2.88815689,1.31468129,11.1306419,1
0.00390625,510,2.86572194,1.30228102,11.1212492,1
0.00390625,511,2.8434062,1.29002261,11.1118202,1
0.00390625,512,2.82120442,1.27790391,11.1023397,1
0.00390625,513,2.79912543,1.26592505,11.0928268,1
0.00390625,514,2.77716589,1.25408423,11.0832777,1
0.00390625,515,2.75531864,1.24237108,11.0736866,1
0.00390625,516,2.73358989,1.23078895,11.0640669,1
0.00390625,517,2.71198559,1.2193439,11.0544119,1
0.00390625,518,2.69049263,1.20801795,11.0447292,1
0.00390625,519,2.66911793,1.19681954,11.0350122,1
0.00390625,520,2.64786315,1.18574309,11.0252762,1
0.00390625,521,2.62672162,1.17478621,11.0155077,1
0.00390625,522,2.60569859,1.16394389,11.0057278,1
0.00390625,523,2.58478999,1.15321898,10.9959145,1
0.00390625,524,2.56400132,1.14261007,10.9860897,1
0.00390625,525,2.5433228,1.13210893,10.9762392,1
0.00390625,526,2.5227623,1.121719,10.9663696,1
0.00390625,527,2.50231361,1.11143112,10.9564924,1
0.00390625,528,2.48198175,1.10125029,10.9466,1
0.00390625,529,2.46176338,1.09117353,10.9366932,1
0.00390625,530,2.44166088,1.08120072,10.9267702,1
0.00390625,531,2.4216671,1.0713203,10.9168406,1
0.00390625,532,2.40178728,1.06153929,10.9069023,1
0.00390625,533,2.38201833,1.05184996,10.8969564,1
0.00390625,534,2.36236167,1.04225647,10.8870029,1
0.00390625,535,2.34281206,1.03274655,10.8770456,1
0.00390625,536,2.32337856,1.02333426,10.8670826,1
0.00390625,537,2.30405378,1.01400495,10.8571196,1
0.00390625,538,2.28483343,1.00475848,10.8471527,1
0.00390625,539,2.26572037,0.995590746,10.8371859,1
0.00390625,540,2.24672127,0.98651135,10.8272181,1
0.00390625,541,2.22782683,0.977507949,10.817255,1
0.00390625,542,2.2090354,0.968580723,10.8072901,1
0.00390625,543,2.19035411,0.959730208,10.7973289,1
0.00390625,544,2.17177129,0.95094651,10.7873774,1
0.00390625,545,2.153301,0.942245185,10.7774239,1
0.00390625,546,2.13492894,0.933605731,10.7674818,1
0.00390625,547,2.11666059,0.925036907,10.7575426,1
0.00390625,548,2.09849358,0.916532159,10.747611,1
0.00390625,549,2.0804286,0.908092201,10.7376957,1
0.00390625,550,2.06246424,0.899715304,10.727788,1
0.00390625,551,2.04460001,0.891401231,10.7178822,1
0.00390625,552,2.02683139,0.883141577,10.7079897,1
0.00390625,553,2.00916576,0.874945045,10.6981173,1
0.00390625,554,1.99159276,0.866798103,10.6882563,1
0.00390625,555,1.97412205,0.858712792,10.6784029,1
0.00390625,556,1.95674169,0.850672305,10.6685686,1
0.00390625,557,1.93946242,0.842691243,10.6587467,1
0.00390625,558,1.92227125,0.834752381,10.6489449,1
0.00390625,559,1.9051764,0.826862216,10.6391573,1
0.00390625,560,1.88817143,0.819020033,10.629384,1
0.00390625,561,1.8712616,0.811225116,10.619627,1
0.00390625,562,1.85443866,0.803468525,10.6098938,1
0.00390625,563,1.83770907,0.795756698,10.600174,1
0.00390625,564,1.82106602,0.788083673,10.5904703,1
0.00390625,565,1.80451536,0.780452251,10.5807934,1
0.00390625,566,1.78804719,0.772853553,10.5711384,1
0.00390625,567,1.77166748,0.765292645,10.5615005,1
0.00390625,568,1.75537443,0.75776577,10.5518923,1
0.00390625,569,1.73916578,0.75027281,10.5422945,1
0.00390625,570,1.72304165,0.742812335,10.5327244,1
0.00390625,571,1.70700073,0.735381186,10.52318,1
0.00390625,572,1.69103909,0.727976322,10.5136557,1
0.00390625,573,1.67516339,0.720604956,10.5041533,1
0.00390625,574,1.6593641,0.713252425,10.4946833,1
0.00390625,575,1.6436491,0.70593375,10.4852285,1
0.00390625,576,1.62801087,0.698633075,10.4758091,1
0.00390625,577,1.61244881,0.691355348,10.4664097,1
0.00390625,578,1.59696078,0.684091985,10.4570427,1
0.00390625,579,1.58155453,0.676857293,10.4476967,1
0.00390625,580,1.56621838,0.669634283,10.4383774,1
0.00390625,581,1.55095649,0.662429273,10.4290915,1
0.00390625,582,1.53576839,0.655241907,10.4198227,1
0.00390625,583,1.52065814,0.648071885,10.410594,1
0.00390625,584,1.50561583,0.640913725,10.4013853,1
0.00390625,585,1.49064541,0.633768082,10.3922119,1
0.00390625,586,1.47574234,0.626630187,10.3830681,1
0.00390625,587,1.4609108,0.619505286,10.3739529,1
0.00390625,588,1.44614112,0.61238426,10.3648643,1
0.00390625,589,1.43144262,0.60527432,10.3558064,1
0.00390625,590,1.41681159,0.598171473,10.3467827,1
0.00390625,591,1.40224481,0.591073215,10.3377895,1
0.00390625,592,1.38774562,0.583983004,10.3288231,1
0.00390625,593,1.37330341,0.576888144,10.3198929,1
0.00390625,594,1.35892296,0.569795012,10.3109941,1
0.00390625,595,1.34461093,0.562709093,10.3021288,1
0.00390625,596,1.33035707,0.55562073,10.293294,1
0.00390625,597,1.31616497,0.548533797,10.2844896,1
0.00390625,598,1.30202687,0.541437209,10.2757254,1
0.00390625,599,1.28794825,0.534340322,10.2669849,1
0.00390625,600,1.27392638,0.527236879,10.2582884,1
0.00390625,601,1.25996375,0.520131826,10.2496233,1
0.00390625,602,1.24605811,0.513022244,10.2409849,1
0.00390625,603,1.23220634,0.505903125,10.2323904,1
0.00390625,604,1.21840286,0.498771578,10.2238207,1
0.00390625,605,1.20465279,0.491629303,10.2152939,1
0.00390625,606,1.19095874,0.484481007,10.2068024,1
0.00390625,607,1.1773144,0.477322131,10.1983414,1
0.00390625,608,1.16372252,0.470150769,10.1899185,1
0.00390625,609,1.15017378,0.462959856,10.1815367,1
0.00390625,610,1.13668203,0.455763429,10.1731863,1
0.00390625,611,1.12323153,0.448545843,10.1648664,1
0.00390625,612,1.10982907,0.441312522,10.1565924,1
0.00390625,613,1.09647608,0.43406716,10.1483479,1
0.00390625,614,1.08316791,0.426801652,10.1401472,1
0.00390625,615,1.0698998,0.419513851,10.1319799,1
0.00390625,616,1.05667377,0.412204444,10.1238527,1
0.00390625,617,1.04349184,0.40487659,10.1157589,1
0.00390625,618,1.03035986,0.397534311,10.1077089,1
0.00390625,619,1.01725996,0.390162557,10.0996876,1
0.00390625,620,1.0042001,0.382765353,10.0917149,1
0.00390625,621,0.991179824,0.375346094,10.0837755,1
0.00390625,622,0.978197396,0.367900133,10.0758781,1
0.00390625,623,0.965258718,0.360434592,10.0680141,1
0.00390625,624,0.952350616,0.352936715,10.0601931,1
0.00390625,625,0.939481199,0.345414102,10.0524092,1
0.00390625,626,0.926647544,0.337864131,10.0446625,1
0.00390625,627,0.913845003,0.330281019,10.0369616,1
0.00390625,628,0.901076615,0.322668642,10.0292978,1
0.00390625,629,0.888343275,0.315027893,10.0216742,1
0.00390625,630,0.875638008,0.307351887,10.0140886,1
0.00390625,631,0.86296612,0.299645126,10.0065451,1
0.00390625,632,0.850322664,0.291903675,9.99904442,1
0.00390625,633,0.83771044,0.284130007,9.99158478,1
0.00390625,634,0.825126469,0.276321471,9.98415947,1
0.00390625,635,0.812572122,0.268479496,9.97678089,1
0.00390625,636,0.800043166,0.260599077,9.96944046,1
0.00390625,637,0.787534714,0.252675205,9.96214485,1
0.00390625,638,0.775062859,0.244725928,9.95488644,1
0.00390625,639,0.762613535,0.236734927,9.94767094,1
0.00390625,640,0.750182569,0.228698328,9.94050598,1
0.00390625,641,0.737771273,0.220618799,9.93337536,1
0.00390625,642,0.725392282,0.2125092,9.9262867,1
0.00390625,643,0.713032305,0.204353973,9.91924477,1
0.00390625,644,0.700685143,0.196148396,9.91224384,1
0.00390625,645,0.688368022,0.1879109,9.90528297,1
0.00390625,646,0.676060617,0.17961885,9.89836884,1
0.00390625,647,0.663783789,0.171295151,9.89149666,1
0.00390625,648,0.651521146,0.162922814,9.8846674,1
0.00390625,649,0.639265656,0.154493436,9.877882,1
0.00390625,650,0.627039611,0.146031797,9.87114239,1
0.00390625,651,0.614825547,0.137518004,9.8644495,1
0.00390625,652,0.602620065,0.128950194,9.85779667,1
0.00390625,653,0.590430915,0.120336533,9.85118389,1
0.00390625,654,0.578261197,0.111678883,9.84462738,1
0.00390625,655,0.566096425,0.102963306,9.83810806,1
0.00390625,656,0.553948224,0.0942020714,9.8316288,1
0.00390625,657,0.541812718,0.0853916705,9.82520103,1
0.00390625,658,0.529684961,0.0765247494,9.81882,1
0.00390625,659,0.517564714,0.067602627,9.81248569,1
0.00390625,660,0.505457759,0.0586328059,9.80619621,1
0.00390625,661,0.493355453,0.0496030338,9.79995537,1
0.00390625,662,0.481264085,0.0405232087,9.79375362,1
0.00390625,663,0.46918121,0.0313899368,9.78759956,1
0.00390625,664,0.457103461,0.0221983697,9.781497,1
0.00390625,665,0.445026934,0.012945273,9.77544212,1
0.00390625,666,0.432957053,0.00363727473,9.7694273,1
0.00390625,667,0.420895725,-0.00572448038,9.76346684,1
0.00390625,668,0.408838034,-0.0151438694,9.75754642,1
0.00390625,669,0.396777689,-0.024628967,9.75168133,1
0.00390625,670,0.384719402,-0.0341749601,9.74586105,1
0.00390625,671,0.372663558,-0.0437797233,9.74008751,1
0.00390625,672,0.360617578,-0.0534361973,9.73436451,1
0.00390625,673,0.348559022,-0.0631683022,9.72868919,1
0.00390625,674,0.336507887,-0.0729543939,9.72306633,1
0.00390625,675,0.32445392,-0.082804814,9.71748447,1
0.00390625,676,0.312395513,-0.0927222371,9.71195698,1
0.00390625,677,0.300336957,-0.102701969,9.7064867,1
0.00390625,678,0.288276494,-0.112744153,9.70105553,1
0.00390625,679,0.276209563,-0.122855254,9.69567871,1
0.00390625,680,0.264142394,-0.133028254,9.69035339,1
0.00390625,681,0.252062917,-0.143275425,9.68507862,1
0.00390625,682,0.239988521,-0.153577492,9.67984295,1
0.00390625,683,0.227894336,-0.163963452,9.67467213,1
0.00390625,684,0.215801343,-0.174409047,9.66954803,1
0.00390625,685,0.203702465,-0.184920862,9.6644783,1
0.00390625,686,0.191594794,-0.195503905,9.65945911,1
0.00390625,687,0.179475754,-0.206159323,9.65448856,1
0.00390625,688,0.167346314,-0.216887206,9.64957523,1
0.00390625,689,0.155205697,-0.22768721,9.64470959,1
0.00390625,690,0.143058985,-0.238554344,9.63990021,1
0.00390625,691,0.130897596,-0.24949792,9.63514233,1
0.00390625,692,0.118725181,-0.260514081,9.63044453,1
0.00390625,693,0.106543735,-0.271599889,9.6257925,1
0.00390625,694,0.0943466052,-0.282762587,9.62119579,1
0.00390625,695,0.082133323,-0.294003099,9.61665344,1
0.00390625,696,0.0699062496,-0.305318564,9.61217308,1
0.00390625,697,0.0576654337,-0.316708684,9.60773849,1
0.00390625,698,0.0454102345,-0.328173906,9.60336018,1
0.00390625,699,0.0331355259,-0.339720428,9.59903908,1
0.00390625,700,0.0208510421,-0.351337016,9.59477615,1
0.00390625,701,0.00854354538,-0.363038123,9.59056377,1
0.00390625,702,-0.0037816558,-0.374817759,9.58640957,1
0.00390625,703,-0.0161257647,-0.38667804,9.58231735,1
0.00390625,704,-0.0284843873,-0.39861244,9.57827568,1
0.00390625,705,-0.0408681594,-0.410634369,9.57429886,1
0.00390625,706,-0.0532670133,-0.422730565,9.57037258,1
0.00390625,707,-0.0656884909,-0.434911251,9.56651211,1
0.00390625,708,-0.0781270042,-0.447168887,9.56269741,1
0.00390625,709,-0.0905887857,-0.459510744,9.55895042,1
0.00390625,710,-0.103078261,-0.471942604,9.55526257,1
0.00390625,711,-0.115591332,-0.484458655,9.55163383,1
0.00390625,712,-0.128125101,-0.497055739,9.54806614,1
0.00390625,713,-0.140679792,-0.509733915,9.54455471,1
0.00390625,714,-0.153260931,-0.522499442,9.54110527,1
0.00390625,715,-0.165867582,-0.535351276,9.53771305,1
0.00390625,716,-0.178498939,-0.548288643,9.5343914,1
0.00390625,717,-0.191151083,-0.561306298,9.53112125,1
0.00390625,718,-0.203841686,-0.574425519,9.52791786,1
0.00390625,719,-0.2165526,-0.587623954,9.5247736,1
0.00390625,720,-0.22929427,-0.600914776,9.521698,1
0.00390625,721,-0.242061853,-0.61429143,9.51867867,1
0.00390625,722,-0.254855663,-0.627754509,9.51572418,1
0.00390625,723,-0.267685503,-0.641315758,9.51283932,1
0.00390625,724,-0.280536443,-0.654956877,9.51001549,1
0.00390625,725,-0.293419987,-0.668691158,9.50725079,1
0.00390625,726,-0.306340188,-0.682524383,9.50456238,1
0.00390625,727,-0.319289267,-0.696446419,9.50193119,1
0.00390625,728,-0.332267135,-0.710457385,9.49937057,1
0.00390625,729,-0.3452847,-0.724569738,9.4968729,1
0.00390625,730,-0.358325958,-0.738764346,9.49444389,1
0.00390625,731,-0.371405691,-0.75305903,9.49207973,1
0.00390625,732,-0.384521157,-0.767450929,9.4897871,1
0.00390625,733,-0.397666723,-0.781931758,9.48755932,1
0.00390625,734,-0.410849005,-0.796510458,9.48539925,1
0.00390625,735,-0.424062312,-0.811180115,9.48330879,1
0.00390625,736,-0.437312603,-0.825946987,9.48129177,1
0.00390625,737,-0.450606257,-0.84081918,9.47933865,1
0.00390625,738,-0.463928938,-0.85577935,9.477458,1
0.00390625,739,-0.477294058,-0.870843709,9.47565174,1
0.00390625,740,-0.490692288,-0.886000395,9.47391224,1
0.00390625,741,-0.504130363,-0.901257932,9.47224617,1
0.00390625,742,-0.517608523,-0.916616082,9.47065163,1
0.00390625,743,-0.531125367,-0.932072878,9.46912956,1
0.00390625,744,-0.544674456,-0.947620988,9.46767902,1
0.00390625,745,-0.558275461,-0.963284194,9.46630669,1
0.00390625,746,-0.571910679,-0.979040623,9.46501541,1
0.00390625,747,-0.585585833,-0.994897127,9.46378517,1
0.00390625,748,-0.599303126,-1.01085579,9.46263599,1
0.00390625,749,-0.613061786,-1.02691638,9.4615593,1
0.00390625,750,-0.62686646,-1.04308403,9.46056652,1
0.00390625,751,-0.640709519,-1.05934942,9.45964146,1
0.00390625,752,-0.654597521,-1.07572055,9.45879841,1
0.00390625,753,-0.668531299,-1.0921979,9.45803642,1
0.00390625,754,-0.682503581,-1.10877347,9.45734406,1
0.00390625,755,-0.696523428,-1.12545693,9.45673847,1
0.00390625,756,-0.710587621,-1.14224529,9.45621204,1
0.00390625,757,-0.72469902,-1.15914142,9.45576,1
0.00390625,758,-0.738848388,-1.17613399,9.45538902,1
0.00390625,759,-0.753054202,-1.19324541,9.45510578,1
0.00390625,760,-0.767296731,-1.21045136,9.45489979,1
0.00390625,761,-0.781594455,-1.22777462,9.45478249,1
0.00390625,762,-0.795931935,-1.24519598,9.45473957,1
0.00390625,763,-0.810322881,-1.26273227,9.45478344,1
0.00390625,764,-0.824763596,-1.28037882,9.45491314,1
0.00390625,765,-0.839248717,-1.29812872,9.45512486,1
0.00390625,766,-0.853781641,-1.31598604,9.45542717,1
0.00390625,767,-0.868359208,-1.33394718,9.45580292,1
0.00390625,768,-0.882994115,-1.35202765,9.45627594,1
0.00390625,769,-0.897675693,-1.37021327,9.45683479,1
0.00390625,770,-0.912412226,-1.38851547,9.45747948,1
0.00390625,771,-0.927195191,-1.40692246,9.45821762,1
0.00390625,772,-0.942029476,-1.42544079,9.4590435,1
0.00390625,773,-0.95691663,-1.44407225,9.45995712,1
0.00390625,774,-0.971847892,-1.46280527,9.46095467,1
0.00390625,775,-0.986838818,-1.48165977,9.4620533,1
0.00390625,776,-1.0018841,-1.50062931,9.46323681,1
0.00390625,777,-1.01698422,-1.51971316,9.46451759,1
0.00390625,778,-1.03213048,-1.53890049,9.46588993,1
0.00390625,779,-1.04733622,-1.55820882,9.46735191,1
0.00390625,780,-1.06259418,-1.57762837,9.46891689,1
0.00390625,781,-1.07790267,-1.59715664,9.4705677,1
0.00390625,782,-1.09326899,-1.61680341,9.47232533,1
0.00390625,783,-1.10868955,-1.63656306,9.47416973,1
0.00390625,784,-1.12416065,-1.65643203,9.47611332,1
0.00390625,785,-1.13969886,-1.67642963,9.47815895,1
0.00390625,786,-1.15528131,-1.6965276,9.48029709,1
0.00390625,787,-1.17092919,-1.71675229,9.48254108,1
0.00390625,788,-1.1866262,-1.73708379,9.48487568,1
0.00390625,789,-1.20238149,-1.75753236,9.48731899,1
0.00390625,790,-1.21819806,-1.77810276,9.48985958,1
0.00390625,791,-1.23407185,-1.79878831,9.4925127,1
0.00390625,792,-1.24999189,-1.81957638,9.49525261,1
0.00390625,793,-1.26598799,-1.84050369,9.49811077,1
0.00390625,794,-1.28203177,-1.86153412,9.50106239,1
0.00390625,795,-1.29813516,-1.88268292,9.50412941,1
0.00390625,796,-1.31429756,-1.90394926,9.5072937,1
0.00390625,797,-1.33052814,-1.92534471,9.51056767,1
0.00390625,798,-1.34680438,-1.94683969,9.51394844,1
0.00390625,799,-1.36314785,-1.96846259,9.5174427,1
0.00390625,800,-1.37954974,-1.99020123,9.52104282,1
0.00390625,801,-1.39601457,-2.01206136,9.52475166,1
0.00390625,802,-1.41253662,-2.03403568,9.52857208,1
0.00390625,803,-1.42912579,-2.05613613,9.53250217,1
0.00390625,804,-1.4457643,-2.07834053,9.53654957,1
0.00390625,805,-1.46246755,-2.10066795,9.54070568,1
0.00390625,806,-1.47924232,-2.12312722,9.54498005,1
0.00390625,807,-1.49607325,-2.14569783,9.549366,1
0.00390625,808,-1.51296079,-2.16838098,9.55386829,1
0.00390625,809,-1.52991927,-2.19119477,9.55848217,1
0.00390625,810,-1.54693317,-2.21411848,9.56321526,1
0.00390625,811,-1.56401539,-2.2371676,9.56807613,1
0.00390625,812,-1.58115995,-2.26033664,9.57304764,1
0.00390625,813,-1.59836149,-2.28361678,9.57813549,1
0.00390625,814,-1.61562943,-2.30702043,9.58335018,1
0.00390625,815,-1.63296342,-2.3305459,9.58869648,1
0.00390625,816,-1.65036726,-2.35420036,9.59414959,1
0.00390625,817,-1.6678257,-2.37796187,9.59972954,1
0.00390625,818,-1.68535984,-2.40185809,9.605443,1
0.00390625,819,-1.70294213,-2.42585301,9.61126804,1
0.00390625,820,-1.72059798,-2.44997954,9.61722183,1
0.00390625,821,-1.73831487,-2.47422028,9.62330627,1
0.00390625,822,-1.75609696,-2.49858189,9.62951565,1
0.00390625,823,-1.77394783,-2.52306771,9.63585472,1
0.00390625,824,-1.79186547,-2.54767537,9.64232445,1
0.00390625,825,-1.80984366,-2.57239604,9.64891911,1
0.00390625,826,-1.82789183,-2.59724236,9.65565395,1
0.00390625,827,-1.8460027,-2.62220311,9.66252327,1
0.00390625,828,-1.86417913,-2.64728451,9.6695118,1
0.00390625,829,-1.88242257,-2.67248654,9.67664051,1
0.00390625,830,-1.90073693,-2.69781208,9.68391037,1
0.00390625,831,-1.9191097,-2.72324824,9.69131374,1
0.00390625,832,-1.93755114,-2.74880695,9.69884396,1
0.00390625,833,-1.95606315,-2.77448773,9.7065239,1
0.00390625,834,-1.97463608,-2.80028105,9.7143383,1
0.00390625,835,-1.99327874,-2.82619691,9.72229385,1
0.00390625,836,-2.01198721,-2.85222936,9.73039246,1
0.00390625,837,-2.03076649,-2.87838697,9.73862362,1
0.00390625,838,-2.04960942,-2.90465665,9.74700546,1
0.00390625,839,-2.06852746,-2.93105531,9.75552845,1
0.00390625,840,-2.08750153,-2.95755649,9.76419926,1
0.00390625,841,-2.10654807,-2.98418188,9.77301025,1
0.00390625,842,-2.12566066,-3.01092386,9.78196526,1
0.00390625,843,-2.14483404,-3.03777266,9.79107189,1
0.00390625,844,-2.16408443,-3.06475234,9.80032825,1
0.00390625,845,-2.18340135,-3.0918467,9.80972862,1
0.00390625,846,-2.20278406,-3.11905503,9.81928444,1
0.00390625,847,-2.22223759,-3.14638329,9.82898808,1
0.00390625,848,-2.24175477,-3.17382216,9.8388443,1
0.00390625,849,-2.26133919,-3.20137572,9.84885883,1
0.00390625,850,-2.28099895,-3.22905445,9.85901737,1
0.00390625,851,-2.3007195,-3.25683808,9.8693409,1
0.00390625,852,-2.32051063,-3.28474021,9.87981892,1
0.00390625,853,-2.34036756,-3.3127532,9.89045143,1
0.00390625,854,-2.36028671,-3.3408742,9.90124035,1
0.00390625,855,-2.38028646,-3.36912394,9.91219521,1
0.00390625,856,-2.40035081,-3.3974824,9.92330837,1
0.00390625,857,-2.42047215,-3.42593908,9.93457127,1
0.00390625,858,-2.44067264,-3.45452309,9.94600868,1
0.00390625,859,-2.4609344,-3.48320937,9.95761108,1
0.00390625,860,-2.48127222,-3.51201868,9.9693718,1
0.00390625,861,-2.50167274,-3.54093194,9.98129749,1
0.00390625,862,-2.52213621,-3.56995034,9.99338722,1
0.00390625,863,-2.54267764,-3.59909034,10.0056553,1
0.00390625,864,-2.56327748,-3.62832785,10.0180807,1
0.00390625,865,-2.58394766,-3.6576786,10.030674,1
0.00390625,866,-2.60467768,-3.68712807,10.0434341,1
0.00390625,867,-2.6254847,-3.71669841,10.0563688,1
0.00390625,868,-2.64635706,-3.74637032,10.0694838,1
0.00390625,869,-2.66729593,-3.77614999,10.0827656,1
0.00390625,870,-2.68830299,-3.80603623,10.0962248,1
0.00390625,871,-2.70937586,-3.83602667,10.1098557,1
0.00390625,872,-2.73051906,-3.86612701,10.1236658,1
0.00390625,873,-2.7517271,-3.8963294,10.1376476,1
0.00390625,874,-2.77300048,-3.92663097,10.1518145,1
0.00390625,875,-2.79433894,-3.9570353,10.1661549,1
0.00390625,876,-2.81574392,-3.9875412,10.1806812,1
0.00390625,877,-2.8372252,-4.01816177,10.1953917,1
0.00390625,878,-2.85874867,-4.0488534,10.2102642,1
0.00390625,879,-2.88036156,-4.07967281,10.2253418,1
0.00390625,880,-2.90202665,-4.11057568,10.2405882,1
0.00390625,881,-2.92376494,-4.14158678,10.2560253,1
0.00390625,882,-2.9455657,-4.17269182,10.2716484,1
0.00390625,883,-2.96743011,-4.20389128,10.2874632,1
0.00390625,884,-2.98935342,-4.2351799,10.3034496,1
0.00390625,885,-3.01135206,-4.26657534,10.3196468,1
0.00390625,886,-3.03341174,-4.2980628,10.3360205,1
0.00390625,887,-3.05553675,-4.32964373,10.3525887,1
0.00390625,888,-3.07772255,-4.36131334,10.3693504,1
0.00390625,889,-3.09997606,-4.39307976,10.3863029,1
0.00390625,890,-3.12228513,-4.4249258,10.4034462,1
0.00390625,891,-3.14466476,-4.45687342,10.420785,1
0.00390625,892,-3.16710401,-4.48890305,10.4383163,1
0.00390625,893,-3.18960595,-4.52102232,10.4560471,1
0.00390625,894,-3.21217489,-4.55323315,10.4739819,1
0.00390625,895,-3.23480773,-4.58553267,10.4921122,1
0.00390625,896,-3.2574954,-4.61790705,10.510437,1
0.00390625,897,-3.28024936,-4.65037251,10.5289679,1
0.00390625,898,-3.3030591,-4.6829114,10.5476971,1
0.00390625,899,-3.32593489,-4.71554232,10.5666218,1
0.00390625,900,-3.34886718,-4.74824667,10.5857563,1
0.00390625,901,-3.37186146,-4.78103352,10.6050892,1
0.00390625,902,-3.39491224,-4.81389475,10.6246271,1
0.00390625,903,-3.41803193,-4.84684467,10.6443748,1
0.00390625,904,-3.44120765,-4.87986612,10.6643295,1
0.00390625,905,-3.46444058,-4.91296005,10.6844931,1
0.00390625,906,-3.48772454,-4.94612026,10.7048531,1
0.00390625,907,-3.5110774,-4.97936678,10.7254333,1
0.00390625,908,-3.53448439,-5.01267958,10.7462168,1
0.00390625,909,-3.5579524,-5.04606581,10.7672243,1
0.00390625,910,-3.58147216,-5.07951736,10.7884264,1
0.00390625,911,-3.60505009,-5.11303902,10.8098431,1
0.00390625,912,-3.62868404,-5.14662313,10.8314848,1
0.00390625,913,-3.65238047,-5.1802845,10.8533373,1
0.00390625,914,-3.6761167,-5.21398926,10.8753901,1
0.00390625,915,-3.69992399,-5.24777794,10.8976717,1
0.00390625,916,-3.72378445,-5.28162384,10.9201765,1
0.00390625,917,-3.74769378,-5.31552744,10.9428844,1
0.00390625,918,-3.77164817,-5.34947681,10.9658051,1
0.00390625,919,-3.79566121,-5.38349152,10.9889488,1
0.00390625,920,-3.81972814,-5.41756153,11.0123177,1
0.00390625,921,-3.84385538,-5.45169783,11.0359077,1
0.00390625,922,-3.86802149,-5.48587132,11.0597115,1
0.00390625,923,-3.89224815,-5.5201087,11.0837421,1
0.00390625,924,-3.91651845,-5.55438757,11.1079893,1
0.00390625,925,-3.94084001,-5.58871555,11.1324606,1
0.00390625,926,-3.96522427,-5.62310886,11.1571665,1
0.00390625,927,-3.98964214,-5.65752649,11.1820869,1
0.00390625,928,-4.01411152,-5.69199371,11.2072248,1
0.00390625,929,-4.03862572,-5.72649956,11.2325926,1
0.00390625,930,-4.06319141,-5.76105165,11.2581854,1
0.00390625,931,-4.08780241,-5.79564047,11.2840128,1
0.00390625,932,-4.11246109,-5.83027077,11.3100529,1
0.00390625,933,-4.13716602,-5.86493683,11.3363342,1
0.00390625,934,-4.16191435,-5.89963675,11.362834,1
0.00390625,935,-4.18670368,-5.93436241,11.3895674,1
0.00390625,936,-4.21154165,-5.96912861,11.4165287,1
0.00390625,937,-4.23642826,-6.00393057,11.4437237,1
0.00390625,938,-4.26134014,-6.03874063,11.4711342,1
0.00390625,939,-4.28631067,-6.07359648,11.4987898,1
0.00390625,940,-4.31131983,-6.10847425,11.5266781,1
0.00390625,941,-4.33635426,-6.14335442,11.5547781,1
0.00390625,942,-4.3614459,-6.17827892,11.5831308,1
0.00390625,943,-4.38657188,-6.21321726,11.6117067,1
0.00390625,944,-4.41173792,-6.24817038,11.6405258,1
0.00390625,945,-4.43694067,-6.283144,11.6695662,1
0.00390625,946,-4.46217585,-6.31812239,11.6988411,1
0.00390625,947,-4.48745155,-6.3531189,11.7283516,1
0.00390625,948,-4.51275969,-6.38812256,11.7580881,1
0.00390625,949,-4.53810787,-6.4231391,11.7880726,1
0.00390625,950,-4.56347942,-6.45814943,11.8182821,1
0.00390625,951,-4.58889389,-6.49317789,11.8487253,1
0.00390625,952,-4.61434793,-6.52821589,11.8794146,1
0.00390625,953,-4.63982439,-6.56324053,11.9103394,1
0.00390625,954,-4.66533327,-6.59826708,11.9414959,1
0.00390625,955,-4.69086695,-6.63328791,11.9728756,1
0.00390625,956,-4.71643353,-6.66830635,12.0044947,1
0.00390625,957,-4.74204588,-6.70333672,12.036376,1
0.00390625,958,-4.76766586,-6.7383337,12.0684681,1
0.00390625,959,-4.79332018,-6.77333069,12.1007977,1
0.00390625,960,-4.81900215,-6.80831528,12.1333704,1
0.00390625,961,-4.84470987,-6.84328461,12.1661758,1
0.00390625,962,-4.87044048,-6.87823486,12.1992207,1
0.00390625,963,-4.89618683,-6.91315651,12.2324896,1
0.00390625,964,-4.92196798,-6.94807196,12.2660151,1
0.00390625,965,-4.94777346,-6.98296642,12.2997675,1
0.00390625,966,-4.97360134,-7.01783991,12.3337584,1
0.00390625,967,-4.99943972,-7.05267,12.3679829,1
0.00390625,968,-5.02530432,-7.08748102,12.4024544,1
0.00390625,969,-5.05118322,-7.12225533,12.4371452,1
0.00390625,970,-5.07708693,-7.15700769,12.4720716,1
0.00390625,971,-5.1030035,-7.19171858,12.5072441,1
0.00390625,972,-5.12893772,-7.22638845,12.5426598,1
0.00390625,973,-5.15488625,-7.26102591,12.5782919,1
0.00390625,974,-5.18085623,-7.2956233,12.6141844,1
0.00390625,975,-5.20683765,-7.33017921,12.6503057,1
0.00390625,976,-5.23282146,-7.36467981,12.6866312,1
0.00390625,977,-5.25883007,-7.39914227,12.7232294,1
0.00390625,978,-5.28482628,-7.43353081,12.7600193,1
0.00390625,979,-5.31086302,-7.46790075,12.7970905,1
0.00390625,980,-5.33688593,-7.50219345,12.8343582,1
0.00390625,981,-5.36293221,-7.53644371,12.8718891,1
0.00390625,982,-5.38897991,-7.57063246,12.9096289,1
0.00390625,983,-5.41503477,-7.60476255,12.9476147,1
0.00390625,984,-5.44109869,-7.63883018,12.9858351,1
0.00390625,985,-5.46715212,-7.67282104,13.0242682,1
0.00390625,986,-5.49322367,-7.70676136,13.0629501,1
0.00390625,987,-5.51929045,-7.74062157,13.1018524,1
0.00390625,988,-5.54536247,-7.77441502,13.140996,1
0.00390625,989,-5.57143068,-7.80812931,13.1803627,1
0.00390625,990,-5.59749746,-7.84176922,13.2199535,1
0.00390625,991,-5.62356853,-7.87534046,13.2597742,1
0.00390625,992,-5.64963531,-7.90882635,13.2998276,1
0.00390625,993,-5.67569447,-7.9422307,13.3400908,1
0.00390625,994,-5.70175171,-7.9755435,13.3806067,1
0.00390625,995,-5.72779608,-8.0087719,13.4213161,1
0.00390625,996,-5.75384569,-8.04191971,13.4622765,1
0.00390625,997,-5.77987528,-8.07496262,13.5034475,1
0.00390625,998,-5.80590487,-8.10792542,13.5448418,1
0.00390625,999,-5.83192492,-8.14079285,13.5864639,1
0.00390625,1000,-5.85792637,-8.17355633,13.6282864,1
0.00390625,1001,-5.88392496,-8.2062254,13.6703539,1
0.00390625,1002,-5.90990162,-8.23878002,13.712636,1
0.00390625,1003,-5.93587732,-8.27124977,13.755147,1
0.00390625,1004,-5.9618268,-8.30359745,13.7978592,1
0.00390625,1005,-5.98775911,-8.33584118,13.8407831,1
0.00390625,1006,-6.01367092,-8.36796856,13.8839159,1
0.00390625,1007,-6.03957462,-8.39999199,13.9272833,1
0.00390625,1008,-6.06545496,-8.43190002,13.9708481,1
0.00390625,1009,-6.09131765,-8.46369171,14.0146322,1
0.00390625,1010,-6.11715221,-8.49535561,14.0586281,1
0.00390625,1011,-6.14296532,-8.52690125,14.1028271,1
0.00390625,1012,-6.16875887,-8.55832767,14.1472397,1
0.00390625,1013,-6.19452524,-8.58962631,14.1918592,1
0.00390625,1014,-6.22026777,-8.6207962,14.2366867,1
0.00390625,1015,-6.24598074,-8.65183735,14.2817087,1
0.00390625,1016,-6.2716608,-8.6827364,14.3269434,1
0.00390625,1017,-6.29732037,-8.71351337,14.3723812,1
0.00390625,1018,-6.32294416,-8.74415112,14.4180069,1
0.00390625,1019,-6.34854174,-8.77465057,14.4638472,1
0.00390625,1020,-6.37409306,-8.80499649,14.5098686,1
0.00390625,1021,-6.39962673,-8.83521843,14.5561018,1
0.00390625,1022,-6.42512369,-8.8652935,14.6025257,1
0.00390625,1023,-6.45058393,-8.89521503,14.6491547,1
0.001953125,0,4.53998618e-05,0,0,1
0.001953125,1,0.000989567605,0.000852817437,1.03409166e-05,1
0.001953125,2,0.00196255557,0.00173595478,2.16732606e-05,1
0.001953125,3,0.00296489219,0.00265005487,3.40492188e-05,1
0.001953125,4,0.0039971089,0.00359576498,4.75229572e-05,1
0.001953125,5,0.00505974796,0.00457374705,6.21508952e-05,1
0.001953125,6,0.00615334604,0.00558466278,7.79916736e-05,1
0.001953125,7,0.00727846054,0.00662919413,9.51061302e-05,1
0.001953125,8,0.00843566563,0.0077080382,0.000113557748,1
0.001953125,9,0.00962551218,0.00882188231,0.00013341193,1
0.001953125,10,0.0108485837,0.00997144543,0.000154737165,1
0.001953125,11,0.0121054463,0.0111574279,0.000177604481,1
0.001953125,12,0.0133967316,0.012380599,0.00020208754,1
0.001953125,13,0.0147229731,0.0136416461,0.000228262055,1
0.001953125,14,0.0160848331,0.0149413589,0.000256208441,1
0.001953125,15,0.0174829196,0.0162805133,0.000286007911,1
0.001953125,16,0.0189178269,0.017659856,0.000317746541,1
0.001953125,17,0.0203902014,0.0190801751,0.000351512048,1
0.001953125,18,0.0219006334,0.0205422398,0.000387396198,1
0.001953125,19,0.0234498568,0.0220469292,0.000425495033,1
0.001953125,20,0.0250384398,0.0235949811,0.000465906254,1
0.001953125,21,0.0266670994,0.0251872968,0.00050873257,1
0.001953125,22,0.0283364784,0.0268246736,0.00055407919,1
0.001953125,23,0.0300472137,0.0285079367,0.000602055457,1
0.001953125,24,0.0318000428,0.0302380081,0.000652774237,1
0.001953125,25,0.0335956775,0.0320157446,0.000706355844,1
0.001953125,26,0.0354348049,0.0338420793,0.000762920186,1
0.001953125,27,0.0373180509,0.0357178003,0.000822591537,1
0.001953125,28,0.0392462909,0.0376439728,0.000885504007,1
0.001953125,29,0.0412201509,0.0396214388,0.000951790716,1
0.001953125,30,0.043240305,0.0416510664,0.00102158834,1
0.001953125,31,0.045307707,0.0437340215,0.00109504664,1
0.001953125,32,0.0474228412,0.0458709821,0.00117230997,1
0.001953125,33,0.0495866537,0.0480631106,0.00125353527,1
0.001953125,34,0.0517999344,0.0503114313,0.0013388833,1
0.001953125,35,0.0540633127,0.0526167974,0.0014285153,1
0.001953125,36,0.056377735,0.0549803823,0.00152260624,1
0.001953125,37,0.0587439127,0.0574030951,0.00162132992,1
0.001953125,38,0.0611626282,0.0598860197,0.00172486738,1
0.001953125,39,0.0636347756,0.0624302477,0.00183340826,1
0.001953125,40,0.0661611781,0.0650367886,0.00194715033,1
0.001953125,41,0.0687425807,0.0677067116,0.00206628861,1
0.001953125,42,0.0713800117,0.0704413354,0.00219103647,1
0.001953125,43,0.0740740821,0.0732414201,0.00232160208,1
0.001953125,44,0.076825887,0.0761084035,0.00245821266,1
0.001953125,45,0.0796361268,0.079043217,0.00260109198,1
0.001953125,46,0.0825057626,0.082047075,0.00275047636,1
0.001953125,47,0.0854356289,0.0851211473,0.0029066077,1
0.001953125,48,0.0884268358,0.0882667899,0.00306974421,1
0.001953125,49,0.0914800391,0.0914849564,0.00324013666,1
0.001953125,50,0.0945963487,0.094776988,0.00341805769,1
0.001953125,51,0.0977765918,0.0981440395,0.0036037825,1
0.001953125,52,0.101021692,0.101587392,0.0037975898,1
0.001953125,53,0.104332693,0.105108321,0.00399977807,1
0.001953125,54,0.1077106,0.108708173,0.00421065325,1
0.001953125,55,0.111156411,0.112388253,0.00443052547,1
0.001953125,56,0.114670716,0.116149448,0.00465969695,1
0.001953125,57,0.118255094,0.119993687,0.00489853602,1
0.001953125,58,0.121910155,0.123921923,0.00514735049,1
0.001953125,59,0.125636891,0.127935335,0.00540650031,1
0.001953125,60,0.129436702,0.132035956,0.00567636546,1
0.001953125,61,0.133310422,0.136224717,0.00595730636,1
0.001953125,62,0.137258947,0.140502945,0.00624969928,1
0.001953125,63,0.141283363,0.144872069,0.00655394373,1
0.001953125,64,0.145385146,0.149333984,0.00687047886,1
0.001953125,65,0.149564922,0.153889552,0.00719967904,1
0.001953125,66,0.153823987,0.158540621,0.00754201738,1
0.001953125,67,0.158163235,0.163288206,0.00789788831,1
0.001953125,68,0.162584066,0.168134287,0.00826780871,1
0.001953125,69,0.1670876,0.17308034,0.00865222514,1
0.001953125,70,0.171674863,0.178127751,0.00905163586,1
0.001953125,71,0.176346794,0.183277845,0.0094664963,1
0.001953125,72,0.181105018,0.188532665,0.00989738479,1
0.001953125,73,0.185950249,0.193893358,0.0103447884,1
0.001953125,74,0.190883964,0.199361771,0.0108092651,1
0.001953125,75,0.19590731,0.204939485,0.0112913847,1
0.001953125,76,0.201021254,0.210627854,0.0117917052,1
0.001953125,77,0.206227526,0.216429189,0.0123108551,1
0.001953125,78,0.211526692,0.222344279,0.0128493933,1
0.001953125,79,0.216920406,0.228375301,0.0134079596,1
0.001953125,80,0.222409979,0.234524027,0.0139872395,1
0.001953125,81,0.22799629,0.240791857,0.0145878484,1
0.001953125,82,0.233681291,0.247181118,0.0152105242,1
0.001953125,83,0.23946546,0.253692716,0.0158559028,1
0.001953125,84,0.245350465,0.260328829,0.0165247303,1
0.001953125,85,0.251337796,0.267091334,0.0172177721,1
0.001953125,86,0.257428229,0.273981601,0.0179357212,1
0.001953125,87,0.263623595,0.281002015,0.0186794344,1
0.001953125,88,0.269925267,0.288154095,0.0194496848,1
0.001953125,89,0.276334077,0.295439631,0.0202472769,1
0.001953125,90,0.282851845,0.302860588,0.0210730936,1
0.001953125,91,0.289479792,0.310418874,0.0219279695,1
0.001953125,92,0.296219647,0.318116516,0.0228128508,1
0.001953125,93,0.303072184,0.325955093,0.0237285867,1
0.001953125,94,0.310038984,0.333936423,0.0246761329,1
0.001953125,95,0.317121863,0.342063189,0.025656499,1
0.001953125,96,0.324321806,0.350336403,0.0266706366,1
0.001953125,97,0.331640095,0.35875833,0.0277195405,1
0.001953125,98,0.339078546,0.367331058,0.0288042761,1
0.001953125,99,0.34663862,0.376056641,0.0299259257,1
0.001953125,100,0.354322195,0.384937644,0.0310856923,1
0.001953125,101,0.362129956,0.393975258,0.032284528,1
0.001953125,102,0.370063454,0.403171331,0.0335236229,1
0.001953125,103,0.378124654,0.412528753,0.0348042697,1
0.001953125,104,0.386315048,0.422049284,0.0361275971,1
0.001953125,105,0.394635648,0.431734592,0.0374948569,1
0.001953125,106,0.403088152,0.441586971,0.0389073007,1
0.001953125,107,0.411674857,0.451609462,0.0403663963,1
0.001953125,108,0.420396268,0.46180281,0.0418733247,1
0.001953125,109,0.429254115,0.472169369,0.0434294604,1
0.001953125,110,0.438250124,0.482711732,0.0450362414,1
0.001953125,111,0.447386414,0.493432283,0.0466952249,1
0.001953125,112,0.456663817,0.504332542,0.0484077409,1
0.001953125,113,0.466084212,0.515415192,0.0501754321,1
0.001953125,114,0.475649655,0.526682675,0.0519998297,1
0.001953125,115,0.485360801,0.538136125,0.0538824461,1
0.001953125,116,0.495220244,0.549778998,0.0558250174,1
0.001953125,117,0.505228281,0.561611891,0.0578290671,1
0.001953125,118,0.515387952,0.573638678,0.0598964803,1
0.001953125,119,0.525700092,0.585860789,0.0620289035,1
0.001953125,120,0.536166668,0.598280549,0.0642281547,1
0.001953125,121,0.546789467,0.610900283,0.0664960593,1
0.001953125,122,0.557569265,0.623722017,0.0688344911,1
0.001953125,123,0.568508625,0.636748254,0.0712454394,1
0.001953125,124,0.579608858,0.649981141,0.0737307221,1
0.001953125,125,0.590871751,0.663422763,0.0762925074,1
0.001953125,126,0.602298915,0.677076042,0.078932859,1
0.001953125,127,0.613892496,0.690943062,0.0816538036,1
0.001953125,128,0.625653327,0.705025613,0.0844575018,1
0.001953125,129,0.637583733,0.719326198,0.0873462111,1
0.001953125,130,0.649684787,0.733846545,0.0903220624,1
0.001953125,131,0.66195935,0.748590589,0.0933876336,1
0.001953125,132,0.674407184,0.76355803,0.09654475,1
0.001953125,133,0.687032521,0.778754056,0.0997964665,1
0.001953125,134,0.699834287,0.794178009,0.103144661,1
0.001953125,135,0.71281594,0.809834123,0.106592149,1
0.001953125,136,0.725978553,0.825723648,0.110141449,1
0.001953125,137,0.739325404,0.841850638,0.113795482,1
0.001953125,138,0.752856016,0.858215094,0.117556348,1
0.001953125,139,0.766573191,0.874820828,0.121427156,1
0.001953125,140,0.780477762,0.891668141,0.125410423,1
0.001953125,141,0.794573128,0.908762038,0.129509538,1
0.001953125,142,0.808858991,0.926102042,0.133726776,1
0.001953125,143,0.823338091,0.943691373,0.138065413,1
0.001953125,144,0.838012278,0.961532831,0.142528474,1
0.001953125,145,0.85288173,0.979626358,0.147118762,1
0.001953125,146,0.867949963,0.99797672,0.151839778,1
0.001953125,147,0.883219063,1.01658607,0.156695053,1
0.001953125,148,0.898688555,1.03545475,0.161687121,1
0.001953125,149,0.914360702,1.05458426,0.166819394,1
0.001953125,150,0.930238485,1.07397914,0.17209594,1
0.001953125,151,0.946321845,1.09363925,0.177519664,1
0.001953125,152,0.962614059,1.11356866,0.183094531,1
0.001953125,153,0.979115665,1.13376725,0.188823745,1
0.001953125,154,0.995827556,1.15423703,0.194710821,1
0.001953125,155,1.01275134,1.17498004,0.200759515,1
0.001953125,156,1.02989197,1.19600117,0.206974879,1
0.001953125,157,1.04724681,1.21729839,0.213359192,1
0.001953125,158,1.06481946,1.23887479,0.219917148,1
0.001953125,159,1.08261049,1.26073134,0.226652563,1
0.001953125,160,1.10062134,1.28287041,0.233569488,1
0.001953125,161,1.11885536,1.30529511,0.240672499,1
0.001953125,162,1.13731301,1.32800567,0.247965783,1
0.001953125,163,1.15599406,1.35100257,0.255452931,1
0.001953125,164,1.17490172,1.3742888,0.26313898,1
0.001953125,165,1.19403708,1.3978647,0.271028191,1
0.001953125,166,1.21340072,1.4217329,0.279124856,1
0.001953125,167,1.23299575,1.44589341,0.287434191,1
0.001953125,168,1.25282085,1.47034812,0.295960099,1
0.001953125,169,1.27288115,1.49510014,0.304708362,1
0.001953125,170,1.29317248,1.52014542,0.313682228,1
0.001953125,171,1.31370139,1.5454905,0.322888285,1
0.001953125,172,1.33446479,1.57113242,0.33232972,1
0.001953125,173,1.35546672,1.59707439,0.342013299,1
0.001953125,174,1.37670827,1.62331724,0.351943612,1
0.001953125,175,1.39818859,1.64985955,0.362124711,1
0.001953125,176,1.41990995,1.67670453,0.372563154,1
0.001953125,177,1.44187307,1.70385063,0.383264065,1
0.001953125,178,1.46407938,1.7313,0.394232541,1
0.001953125,179,1.48652887,1.75905168,0.40547359,1
0.001953125,180,1.50922263,1.78710651,0.416993648,1
0.001953125,181,1.53216136,1.81546366,0.428797573,1
0.001953125,182,1.55534804,1.84412646,0.440892458,1
0.001953125,183,1.57877946,1.87309062,0.45328185,1
0.001953125,184,1.60246003,1.90235853,0.465973318,1
0.001953125,185,1.62638664,1.93192828,0.478971124,1
0.001953125,186,1.65056407,1.96180212,0.492283493,1
0.001953125,187,1.67498875,1.99197626,0.505914092,1
0.001953125,188,1.69966352,2.02245212,0.519870341,1
0.001953125,189,1.72458851,2.05322862,0.534158051,1
0.001953125,190,1.74976373,2.08430481,0.548783243,1
0.001953125,191,1.77519011,2.11568069,0.56375289,1
0.001953125,192,1.80086648,2.14735317,0.579072356,1
0.001953125,193,1.82679391,2.17932129,0.594747961,1
0.001953125,194,1.85297036,2.21158266,0.610785842,1
0.001953125,195,1.87940013,2.24413943,0.627194583,1
0.001953125,196,1.90607703,2.27698398,0.64397651,1
0.001953125,197,1.93300748,2.31012058,0.661142945,1
0.001953125,198,1.96018851,2.3435452,0.678698957,1
0.001953125,199,1.98761785,2.37725282,0.696648896,1
0.001953125,200,2.0152967,2.41124344,0.715001702,1
0.001953125,201,2.04322433,2.44551325,0.733762622,1
0.001953125,202,2.07140136,2.48006153,0.75293982,1
0.001953125,203,2.09982276,2.51488018,0.772537291,1
0.001953125,204,2.12849498,2.54997492,0.792567074,1
0.001953125,205,2.15740943,2.58533239,0.813029408,1
0.001953125,206,2.18657064,2.62095618,0.833935797,1
0.001953125,207,2.21597457,2.65684009,0.855291009,1
0.001953125,208,2.24562263,2.692981,0.877103388,1
0.001953125,209,2.27551126,2.72937322,0.899377882,1
0.001953125,210,2.30563736,2.76601052,0.922120869,1
0.001953125,211,2.33600688,2.80289793,0.945342958,1
0.001953125,212,2.36660886,2.84001946,0.969047189,1
0.001953125,213,2.39744949,2.87737727,0.993242085,1
0.001953125,214,2.42852116,2.91496229,1.0179323,1
0.001953125,215,2.45982242,2.9527688,1.04312658,1
0.001953125,216,2.49135375,2.99079299,1.06883037,1
0.001953125,217,2.52311444,3.02903056,1.09505296,1
0.001953125,218,2.55509734,3.06747222,1.12179697,1
0.001953125,219,2.58730459,3.10611558,1.14907312,1
0.001953125,220,2.61973095,3.14495063,1.17688525,1
0.001953125,221,2.6523757,3.18397212,1.20524037,1
0.001953125,222,2.68523312,3.2231729,1.23414457,1
0.001953125,223,2.7183013,3.26254487,1.26360428,1
0.001953125,224,2.75158048,3.3020823,1.29362738,1
0.001953125,225,2.78506136,3.34177375,1.32421553,1
0.001953125,226,2.81874323,3.38161182,1.35537732,1
0.001953125,227,2.85262823,3.42159724,1.38712311,1
0.001953125,228,2.8867054,3.46171069,1.41945267,1
0.001953125,229,2.92097282,3.5019486,1.45237291,1
0.001953125,230,2.9554286,3.54229999,1.4858917,1
0.001953125,231,2.99006438,3.58275414,1.52000952,1
0.001953125,232,3.02488041,3.62330604,1.55473733,1
0.001953125,233,3.0598731,3.66394639,1.59007883,1
0.001953125,234,3.09503317,3.70466018,1.62603807,1
0.001953125,235,3.13036013,3.74544024,1.66262031,1
0.001953125,236,3.16584373,3.78627276,1.69982529,1
0.001953125,237,3.20148611,3.82715416,1.73766625,1
0.001953125,238,3.23727894,3.86806965,1.77614236,1
0.001953125,239,3.27321625,3.90900564,1.81525826,1
0.001953125,240,3.30929327,3.94995332,1.85501897,1
0.001953125,241,3.34550285,3.9908998,1.89542449,1
0.001953125,242,3.38184404,4.03183746,1.93648398,1
0.001953125,243,3.41830897,4.07275105,1.97819817,1
0.001953125,244,3.45488811,4.11362505,2.02056718,1
0.001953125,245,3.49157691,4.15444946,2.06359553,1
0.001953125,246,3.52837205,4.19521523,2.10728812,1
0.001953125,247,3.56526518,4.23590422,2.15164351,1
0.001953125,248,3.60224795,4.27650642,2.19666576,1
0.001953125,249,3.63931417,4.31700706,2.24235368,1
0.001953125,250,3.67645717,4.3573904,2.28870893,1
0.001953125,251,3.71367741,4.39765167,2.33574247,1
0.001953125,252,3.75095558,4.43776512,2.38344169,1
0.001953125,253,3.78828907,4.47772551,2.43181014,1
0.001953125,254,3.82567286,4.51751375,2.48085117,1
0.001953125,255,3.86309791,4.55711699,2.53056622,1
0.001953125,256,3.90055823,4.59652281,2.58095241,1
0.001953125,257,3.93804145,4.63571453,2.63200259,1
0.001953125,258,3.97554088,4.67467403,2.68372226,1
0.001953125,259,4.01304865,4.71339178,2.73610735,1
0.001953125,260,4.05055666,4.75184965,2.78915501,1
0.001953125,261,4.0880599,4.79003239,2.84286785,1
0.001953125,262,4.12554502,4.82792854,2.89723682,1
0.001953125,263,4.1630044,4.86551714,2.95225954,1
0.001953125,264,4.20043039,4.90278578,3.00793624,1
0.001953125,265,4.23781538,4.93972445,3.06426263,1
0.001953125,266,4.27514362,4.97630358,3.12122631,1
0.001953125,267,4.31241512,5.01252031,3.17883468,1
0.001953125,268,4.34961843,5.04835844,3.23707676,1
0.001953125,269,4.38673496,5.08379126,3.29593778,1
0.001953125,270,4.42376661,5.11881447,3.35542345,1
0.001953125,271,4.46069908,5.15340805,3.41552567,1
0.001953125,272,4.49752235,5.18755913,3.47623229,1
0.001953125,273,4.53422642,5.2212472,3.53754187,1
0.001953125,274,4.5708065,5.25446177,3.59944367,1
0.001953125,275,4.60724401,5.28718376,3.66192579,1
0.001953125,276,4.64353848,5.31940269,3.72498775,1
0.001953125,277,4.67967367,5.35110235,3.78861332,1
0.001953125,278,4.71564198,5.38225985,3.85279608,1
0.001953125,279,4.75142908,5.41286993,3.91752148,1
0.001953125,280,4.78702879,5.4429121,3.98278618,1
0.001953125,281,4.82243252,5.47237587,4.04857445,1
0.001953125,282,4.85762691,5.50124311,4.11487532,1
0.001953125,283,4.89260149,5.52950001,4.1816783,1
0.001953125,284,4.92735052,5.55713797,4.24897337,1
0.001953125,285,4.96185732,5.58413506,4.31674194,1
0.001953125,286,4.99611378,5.61048174,4.38497591,1
0.001953125,287,5.03011179,5.63616562,4.45365953,1
0.001953125,288,5.06383944,5.66117239,4.52277851,1
0.001953125,289,5.09728765,5.68549109,4.59232569,1
0.001953125,290,5.13044453,5.70910406,4.66227388,1
0.001953125,291,5.16330481,5.73200798,4.73262024,1
0.001953125,292,5.19584846,5.75418282,4.80334044,1
0.001953125,293,5.22807312,5.77562094,4.87442303,1
0.001953125,294,5.25996399,5.79630756,4.94584751,1
0.001953125,295,5.29151678,5.8162365,5.01760197,1
0.001953125,296,5.32272243,5.83539915,5.08968019,1
0.001953125,297,5.35355806,5.85377455,5.16203785,1
0.001953125,298,5.38402939,5.87136412,5.23468208,1
0.001953125,299,5.41412115,5.88815594,5.30758715,1
0.001953125,300,5.44382,5.90413857,5.38073206,1
0.001953125,301,5.4731226,5.91930628,5.45410442,1
0.001953125,302,5.50201559,5.9336524,5.52768469,1
0.001953125,303,5.53048897,5.94716549,5.60144281,1
0.001953125,304,5.55853748,5.95984125,5.67537737,1
0.001953125,305,5.58615065,5.97167349,5.74945879,1
0.001953125,306,5.61331701,5.98265505,5.82366991,1
0.001953125,307,5.64003086,5.99277973,5.89798784,1
0.001953125,308,5.66628313,6.00204515,5.97240019,1
0.001953125,309,5.69206905,6.0104475,6.04688835,1
0.001953125,310,5.71737242,6.01797819,6.1214242,1
0.001953125,311,5.74218607,6.02463388,6.19598484,1
0.001953125,312,5.76651096,6.03042126,6.27055836,1
0.001953125,313,5.79033279,6.03532887,6.34512472,1
0.001953125,314,5.81364679,6.03935814,6.41966391,1
0.001953125,315,5.83644438,6.04250431,6.49415255,1
0.001953125,316,5.85871458,6.04477072,6.56856537,1
0.001953125,317,5.88045931,6.04615688,6.64289522,1
0.001953125,318,5.90166378,6.04666138,6.71710396,1
0.001953125,319,5.92233038,6.04628372,6.79119825,1
0.001953125,320,5.94244576,6.04503155,6.86513042,1
0.001953125,321,5.96200323,6.04290104,6.93888903,1
0.001953125,322,5.98100281,6.0398984,7.01245785,1
0.001953125,323,5.99943542,6.03602171,7.08581877,1
0.001953125,324,6.0172987,6.03127861,7.15895557,1
0.001953125,325,6.03458309,6.02567339,7.23182583,1
0.001953125,326,6.05129004,6.01920795,7.30443907,1
0.001953125,327,6.06740952,6.0118928,7.37675571,1
0.001953125,328,6.08293962,6.00372219,7.44877005,1
0.001953125,329,6.09787989,5.99472189,7.52044821,1
0.001953125,330,6.1122241,5.98487949,7.59178877,1
0.001953125,331,6.12596798,5.97421026,7.66276312,1
0.001953125,332,6.13910723,5.96272182,7.7333498,1
0.001953125,333,6.15164423,5.95042419,7.80354071,1
0.001953125,334,6.1635704,5.93732023,7.87331057,1
0.001953125,335,6.1748867,5.92342186,7.94264889,1
0.001953125,336,6.18559361,5.90874052,8.01152992,1
0.001953125,337,6.19568443,5.89328051,8.07994556,1
0.001953125,338,6.20516348,5.87705612,8.14787865,1
0.001953125,339,6.21402359,5.86008072,8.21530724,1
0.001953125,340,6.22226858,5.84236193,8.28221893,1
0.001953125,341,6.22989702,5.82391405,8.34859276,1
0.001953125,342,6.23690462,5.80474186,8.41442394,1
0.001953125,343,6.24329615,5.78485823,8.479702,1
0.001953125,344,6.24907207,5.76428986,8.54438591,1
0.001953125,345,6.25422955,5.74303246,8.60850239,1
0.001953125,346,6.2587738,5.72110558,8.67200756,1
0.001953125,347,6.26269913,5.69852304,8.73489666,1
0.001953125,348,6.26601505,5.67529774,8.79715919,1
0.001953125,349,6.26871634,5.65144491,8.85878468,1
0.001953125,350,6.27081251,5.62697935,8.91975784,1
0.001953125,351,6.27229595,5.60191393,8.98006916,1
0.001953125,352,6.27317619,5.57626152,9.03970623,1
0.001953125,353,6.27345467,5.55003548,9.0986681,1
0.001953125,354,6.27313614,5.52326202,9.15693474,1
0.001953125,355,6.27221441,5.49593687,9.21450424,1
0.001953125,356,6.27070379,5.46809292,9.27135754,1
0.001953125,357,6.26860237,5.43973827,9.32749653,1
0.001953125,358,6.26591492,5.41088247,9.3829174,1
0.001953125,359,6.26264429,5.38155079,9.43760109,1
0.001953125,360,6.25880051,5.35176039,9.49154186,1
0.001953125,361,6.25438213,5.32151747,9.54474354,1
0.001953125,362,6.24939346,5.2908392,9.59719276,1
0.001953125,363,6.24384356,5.25974607,9.64888668,1
0.001953125,364,6.23773384,5.22825813,9.69981003,1
0.001953125,365,6.23107052,5.19637537,9.74997902,1
0.001953125,366,6.22386217,5.16412973,9.79937363,1
0.001953125,367,6.21610832,5.13153315,9.84799099,1
0.001953125,368,6.20781946,5.0985899,9.89583778,1
0.001953125,369,6.19900227,5.06533241,9.9428997,1
0.001953125,370,6.18965578,5.03175783,9.98918629,1
0.001953125,371,6.1797967,4.99790525,10.034688,1
0.001953125,372,6.1694231,4.96376753,10.0794086,1
0.001953125,373,6.15854549,4.92937183,10.1233387,1
0.001953125,374,6.14716339,4.89472294,10.1664839,1
0.001953125,375,6.1352973,4.85985374,10.2088499,1
0.001953125,376,6.12294483,4.82476807,10.2504234,1
0.001953125,377,6.11011553,4.78948307,10.2912111,1
0.001953125,378,6.09681463,4.75400734,10.3312168,1
0.001953125,379,6.08304787,4.71836233,10.3704376,1
0.001953125,380,6.06882668,4.68255854,10.4088802,1
0.001953125,381,6.05416107,4.64661646,10.4465427,1
0.001953125,382,6.0390501,4.61054087,10.4834309,1
0.001953125,383,6.02350426,4.57435036,10.5195417,1
0.001953125,384,6.0075407,4.53806639,10.554882,1
0.001953125,385,5.99114847,4.50168085,10.5894575,1
0.001953125,386,5.97435331,4.46522856,10.62327,1
0.001953125,387,5.95715189,4.42870998,10.6563196,1
0.001953125,388,5.93955421,4.39214182,10.6886082,1
0.001953125,389,5.92157793,4.35554504,10.7201567,1
0.001953125,390,5.90321684,4.31891298,10.7509508,1
0.001953125,391,5.88448572,4.28227329,10.7810078,1
0.001953125,392,5.86539316,4.24562693,10.8103294,1
0.001953125,393,5.84594965,4.20900059,10.8389177,1
0.001953125,394,5.8261528,4.17238665,10.8667803,1
0.001953125,395,5.80601978,4.13581181,10.893919,1
0.001953125,396,5.78555679,4.09927368,10.9203568,1
0.001953125,397,5.76476479,4.06278038,10.9460859,1
0.001953125,398,5.74366856,4.02636814,10.9711075,1
0.001953125,399,5.72226,3.99002075,10.9954424,1
0.001953125,400,5.70055485,3.95375419,11.0190926,1
0.001953125,401,5.67856073,3.91758704,11.0420561,1
0.001953125,402,5.65628195,3.88151503,11.064352,1
0.001953125,403,5.63372612,3.84555578,11.0859814,1
0.001953125,404,5.61090708,3.80971289,11.1069479,1
0.001953125,405,5.58783245,3.77400184,11.1272736,1
0.001953125,406,5.56450176,3.73842359,11.1469517,1
0.001953125,407,5.54093027,3.70299077,11.1659908,1
0.001953125,408,5.5171237,3.66770554,11.184411,1
0.001953125,409,5.49309063,3.63258147,11.2022104,1
0.001953125,410,5.46883631,3.59761953,11.2193956,1
0.001953125,411,5.44436741,3.56282806,11.23598,1
0.001953125,412,5.41969299,3.52821422,11.2519703,1
0.001953125,413,5.39482784,3.49378967,11.2673712,1
0.001953125,414,5.36976242,3.45954418,11.2821951,1
0.001953125,415,5.34452152,3.42550492,11.2964516,1
0.001953125,416,5.31909847,3.39165926,11.3101377,1
0.001953125,417,5.29350901,3.35802579,11.3232727,1
0.001953125,418,5.26776123,3.32460046,11.335866,1
0.001953125,419,5.2418561,3.29139447,11.3479147,1
0.001953125,420,5.21580601,3.25840855,11.3594446,1
0.001953125,421,5.1896143,3.22564888,11.3704414,1
0.001953125,422,5.16329002,3.19311786,11.3809423,1
0.001953125,423,5.13683987,3.16081953,11.3909311,1
0.001953125,424,5.11026621,3.12876129,11.400423,1
0.001953125,425,5.08357668,3.09693694,11.4094276,1
0.001953125,426,5.05677986,3.06535792,11.4179535,1
0.001953125,427,5.029881,3.03402615,11.4260101,1
0.001953125,428,5.00289154,3.00294662,11.4336023,1
0.001953125,429,4.97581673,2.97212005,11.440753,1
0.001953125,430,4.94864464,2.94154,11.4474382,1
0.001953125,431,4.92140055,2.91121745,11.4536943,1
0.001953125,432,4.8940959,2.88116837,11.4595175,1
0.001953125,433,4.86670828,2.85135794,11.46492,1
0.001953125,434,4.83926916,2.82182097,11.4699106,1
0.001953125,435,4.81178188,2.79255199,11.4744911,1
0.001953125,436,4.78423548,2.76353979,11.4786692,1
0.001953125,437,4.75665092,2.73479939,11.4824648,1
0.001953125,438,4.72902346,2.70631933,11.4858761,1
0.001953125,439,4.70136738,2.67811298,11.4889107,1
0.001953125,440,4.67368221,2.65018225,11.4915733,1
0.001953125,441,4.64597034,2.62250996,11.4938812,1
0.001953125,442,4.61823893,2.59510946,11.4958277,1
0.001953125,443,4.59049749,2.56798148,11.4974356,1
0.001953125,444,4.56274939,2.54112625,11.4987078,1
0.001953125,445,4.53499126,2.51453519,11.4996443,1
0.001953125,446,4.50723314,2.48821902,11.5002518,1
0.001953125,447,4.47947884,2.46217299,11.5005455,1
0.001953125,448,4.45173264,2.43639398,11.5005283,1
0.001953125,449,4.42400551,2.41088772,11.5002165,1
0.001953125,450,4.39629078,2.38565111,11.4995966,1
0.001953125,451,4.36859465,2.3606782,11.4986877,1
0.001953125,452,4.34092474,2.33597827,11.4974966,1
0.001953125,453,4.31328058,2.31154156,11.4960289,1
0.001953125,454,4.28567171,2.28737235,11.4942913,1
0.001953125,455,4.25809526,2.2634654,11.4922857,1
0.001953125,456,4.2305603,2.23982358,11.4900265,1
0.001953125,457,4.20306778,2.21644759,11.4875107,1
0.001953125,458,4.17561865,2.19332767,11.4847507,1
0.001953125,459,4.14821243,2.17046547,11.481741,1
0.001953125,460,4.12086964,2.14786839,11.4785118,1
0.001953125,461,4.09357691,2.12552762,11.4750481,1
0.001953125,462,4.06634092,2.1034379,11.4713593,1
0.001953125,463,4.03916359,2.08160353,11.4674492,1
0.001953125,464,4.01204872,2.06001663,11.4633322,1
0.001953125,465,3.98500443,2.03868842,11.4590054,1
0.001953125,466,3.9580307,2.01760387,11.4544802,1
0.001953125,467,3.93112469,1.99676573,11.4497614,1
0.001953125,468,3.90429473,1.97617531,11.4448433,1
0.001953125,469,3.87753534,1.9558233,11.439743,1
0.001953125,470,3.8508606,1.93571603,11.4344616,1
0.001953125,471,3.82426023,1.91584146,11.4290037,1
0.001953125,472,3.7977469,1.89620924,11.4233675,1
0.001953125,473,3.77131796,1.87680781,11.4175787,1
0.001953125,474,3.74497056,1.85763681,11.4116144,1
0.001953125,475,3.7187202,1.83870196,11.4054976,1
0.001953125,476,3.69255567,1.81999397,11.3992243,1
0.001953125,477,3.66648197,1.80150545,11.392807,1
0.001953125,478,3.64050889,1.78324926,11.3862391,1
0.001953125,479,3.61462355,1.76520467,11.3795366,1
0.001953125,480,3.5888412,1.74738622,11.3726931,1
0.001953125,481,3.56315327,1.72977567,11.3657207,1
0.001953125,482,3.53757048,1.71238685,11.3586197,1
0.001953125,483,3.51208043,1.69520557,11.3513889,1
0.001953125,484,3.4866991,1.67823374,11.344038,1
0.001953125,485,3.4614172,1.66146612,11.3365736,1
0.001953125,486,3.43624663,1.64490759,11.3289957,1
0.001953125,487,3.4111793,1.62854934,11.3213034,1
0.001953125,488,3.38621759,1.6123873,11.313509,1
0.001953125,489,3.36136198,1.596421,11.305604,1
0.001953125,490,3.33662176,1.58065534,11.2976055,1
0.001953125,491,3.31198597,1.56507754,11.2895031,1
0.001953125,492,3.28746867,1.54969227,11.2813234,1
0.001953125,493,3.26305938,1.53449082,11.2730436,1
0.001953125,494,3.23876071,1.51947486,11.264677,1
0.001953125,495,3.21457982,1.50464141,11.2562275,1
0.001953125,496,3.19050431,1.48998618,11.2476902,1
0.001953125,497,3.16655064,1.47551239,11.2390757,1
0.001953125,498,3.1427083,1.46120727,11.2303953,1
0.001953125,499,3.11898327,1.44707525,11.2216377,1
0.001953125,500,3.09537458,1.43311477,11.2128096,1
0.001953125,501,3.07188463,1.41932118,11.2039204,1
0.001953125,502,3.04850149,1.40568507,11.1949577,1
0.001953125,503,3.02524376,1.39221823,11.1859407,1
0.001953125,504,3.00210214,1.3789109,11.1768589,1
0.001953125,505,2.9790771,1.36576331,11.1677141,1
0.001953125,506,2.95617652,1.35277307,11.1585264,1
0.001953125,507,2.93337703,1.33991861,11.1492796,1
0.001953125,508,2.91071057,1.32722616,11.1399908,1
0.001953125,509,2.88815355,1.31467807,11.1306438,1
0.001953125,510,2.86572003,1.30227864,11.1212511,1
0.001953125,511,2.84340572,1.29002261,11.1118183,1
0.001953125,512,2.8212049,1.27790415,11.1023388,1
0.001953125,513,2.7991221,1.26592219,11.092823,1
0.001953125,514,2.7771647,1.25408411,11.0832701,1
0.001953125,515,2.75531816,1.24237001,11.0736856,1
0.001953125,516,2.73358893,1.23079038,11.064064,1
0.001953125,517,2.71198273,1.2193408,11.0544128,1
0.001953125,518,2.69049287,1.20801735,11.0447302,1
0.001953125,519,2.66912174,1.19682252,11.035018,1
0.001953125,520,2.64786053,1.18573976,11.0252762,1
0.001953125,521,2.62672114,1.17478395,11.0155096,1
0.001953125,522,2.60570168,1.16394734,11.0057249,1
0.001953125,523,2.58479047,1.15321743,10.9959211,1
0.001953125,524,2.56399632,1.14260554,10.986084,1
0.001953125,525,2.54332066,1.13210607,10.9762383,1
0.001953125,526,2.52276063,1.12171721,10.9663706,1
0.001953125,527,2.50231671,1.11143136,10.9564991,1
0.001953125,528,2.48198295,1.10125268,10.9465971,1
0.001953125,529,2.46176624,1.09117568,10.9366941,1
0.001953125,530,2.4416585,1.08119595,10.9267712,1
0.001953125,531,2.42166734,1.07132161,10.9168415,1
0.001953125,532,2.4017868,1.0615387,10.9068995,1
0.001953125,533,2.38201928,1.05185211,10.8969603,1
0.001953125,534,2.36235952,1.04225194,10.8870058,1
0.001953125,535,2.34281921,1.03275394,10.8770466,1
0.001953125,536,2.32338071,1.02333438,10.8670855,1
0.001953125,537,2.30405569,1.01400745,10.8571205,1
0.001953125,538,2.28482985,1.00475597,10.8471537,1
0.001953125,539,2.26572299,0.995593369,10.8371878,1
0.001953125,540,2.24671936,0.986511648,10.827219,1
0.001953125,541,2.22782564,0.977506697,10.8172531,1
0.001953125,542,2.20903516,0.968578875,10.8072929,1
0.001953125,543,2.19035459,0.95973146,10.7973289,1
0.001953125,544,2.17177582,0.950949609,10.7873793,1
0.001953125,545,2.15329576,0.942239285,10.7774239,1
0.001953125,546,2.1349299,0.93360883,10.7674742,1
0.001953125,547,2.11666059,0.925035477,10.7575483,1
0.001953125,548,2.0984931,0.916530967,10.747612,1
0.001953125,549,2.08042622,0.908090234,10.7376938,1
0.001953125,550,2.06246281,0.899714112,10.7277842,1
0.001953125,551,2.0446012,0.891402483,10.7178802,1
0.001953125,552,2.02682924,0.883137286,10.7079973,1
0.001953125,553,2.00916529,0.874943197,10.6981201,1
0.001953125,554,1.991593,0.866797566,10.6882544,1
0.001953125,555,1.97411871,0.858708739,10.6784019,1
0.001953125,556,1.95673811,0.850670218,10.6685677,1
0.001953125,557,1.93945944,0.842688143,10.6587515,1
0.001953125,558,1.92227244,0.834753096,10.648941,1
0.001953125,559,1.90517366,0.826862693,10.6391516,1
0.001953125,560,1.88816702,0.819015682,10.6293821,1
0.001953125,561,1.87125993,0.811223865,10.6196222,1
0.001953125,562,1.85443783,0.803467989,10.60989,1
0.001953125,563,1.83770859,0.795755804,10.6001749,1
0.001953125,564,1.82106304,0.788077891,10.5904779,1
0.001953125,565,1.80451393,0.780452132,10.5807943,1
0.001953125,566,1.7880491,0.772855937,10.5711374,1
0.001953125,567,1.77167058,0.765293956,10.5615072,1
0.001953125,568,1.7553705,0.757762253,10.5518894,1
0.001953125,569,1.73916662,0.75027442,10.5422974,1
0.001953125,570,1.72304392,0.742814958,10.5327253,1
0.001953125,571,1.70699906,0.735379279,10.5231791,1
0.001953125,572,1.691046,0.727984428,10.5136518,1
0.001953125,573,1.67515969,0.720601022,10.5041542,1
0.001953125,574,1.65936553,0.713254333,10.4946871,1
0.001953125,575,1.64364719,0.705929041,10.4852371,1
0.001953125,576,1.62800789,0.69862932,10.4758091,1
0.001953125,577,1.61245155,0.691356778,10.4664145,1
0.001953125,578,1.59695554,0.684087992,10.4570351,1
0.001953125,579,1.58155215,0.676855743,10.4476929,1
0.001953125,580,1.56621945,0.669635296,10.4383764,1
0.001953125,581,1.55095959,0.662431717,10.4290876,1
0.001953125,582,1.53577065,0.655243099,10.4198246,1
0.001953125,583,1.52065516,0.648069441,10.4105921,1
0.001953125,584,1.50561357,0.640910625,10.4013901,1
0.001953125,585,1.49064147,0.633762896,10.3922138,1
0.001953125,586,1.47574425,0.626632333,10.3830709,1
0.001953125,587,1.46090472,0.619499922,10.3739471,1
0.001953125,588,1.44614303,0.61238724,10.3648596,1
0.001953125,589,1.43144429,0.605275333,10.3558092,1
0.001953125,590,1.41680932,0.598169029,10.3467808,1
0.001953125,591,1.40224588,0.591075182,10.3377838,1
0.001953125,592,1.38774157,0.583979607,10.3288193,1
0.001953125,593,1.37330019,0.576886237,10.319891,1
0.001953125,594,1.35892189,0.569794774,10.3109903,1
0.001953125,595,1.34461093,0.562708616,10.3021269,1
0.001953125,596,1.33035421,0.555618942,10.2932911,1
0.001953125,597,1.31616008,0.548527181,10.2844915,1
0.001953125,598,1.30202317,0.541433394,10.2757244,1
0.001953125,599,1.28794622,0.534338117,10.2669878,1
0.001953125,600,1.27392888,0.527240813,10.2582846,1
0.001953125,601,1.25996661,0.520135045,10.2496214,1
0.001953125,602,1.24605405,0.513018131,10.2409859,1
0.001953125,603,1.23220658,0.505904555,10.2323856,1
0.001953125,604,1.21840298,0.498769283,10.2238331,1
0.001953125,605,1.20465398,0.491631359,10.2152939,1
0.001953125,606,1.19095802,0.484482676,10.2067976,1
0.001953125,607,1.17730796,0.477314234,10.1983442,1
0.001953125,608,1.16372538,0.470156044,10.1899109,1
0.001953125,609,1.15017867,0.462966204,10.18153,1
0.001953125,610,1.13667929,0.455761105,10.1731834,1
0.001953125,611,1.12323081,0.448546112,10.1648664,1
0.001953125,612,1.10983098,0.441314071,10.1565924,1
0.001953125,613,1.09648108,0.434071273,10.1483536,1
0.001953125,614,1.08316624,0.426799417,10.1401491,1
0.001953125,615,1.06989884,0.419512749,10.1319838,1
0.001953125,616,1.05667961,0.412209928,10.1238546,1
0.001953125,617,1.04349458,0.404880464,10.1157551,1
0.001953125,618,1.03035581,0.397531867,10.1077032,1
0.001953125,619,1.01725268,0.390154183,10.0996923,1
0.001953125,620,1.00419366,0.382760286,10.091712,1
0.001953125,621,0.991180778,0.375347286,10.0837708,1
0.001953125,622,0.978204012,0.367908508,10.0758686,1
0.001953125,623,0.96525389,0.360429466,10.068018,1
0.001953125,624,0.952352524,0.352940172,10.0601902,1
0.001953125,625,0.939482808,0.345415622,10.0524111,1
0.001953125,626,0.926649392,0.337864965,10.0446672,1
0.001953125,627,0.913841426,0.330277234,10.0369606,1
0.001953125,628,0.901074171,0.322664022,10.0293026,1
0.001953125,629,0.888344347,0.315028965,10.0216722,1
0.001953125,630,0.875642538,0.307355583,10.0140886,1
0.001953125,631,0.862962008,0.299640864,10.0065451,1
0.001953125,632,0.850325942,0.291907102,9.99904633,1
0.001953125,633,0.837712407,0.284131527,9.99158192,1
0.001953125,634,0.825127542,0.276322961,9.98416042,1
0.001953125,635,0.812574863,0.268481702,9.97678757,1
0.001953125,636,0.800040722,0.260596365,9.96944141,1
0.001953125,637,0.787540495,0.252682298,9.96214294,1
0.001953125,638,0.775058329,0.244720012,9.95489216,1
0.001953125,639,0.762610435,0.236731514,9.94767666,1
0.001953125,640,0.75017947,0.228694826,9.94050694,1
0.001953125,641,0.737770677,0.220618531,9.93337345,1
0.001953125,642,0.725389421,0.212505013,9.92628956,1
0.001953125,643,0.713030159,0.204352558,9.91923904,1
0.001953125,644,0.700689256,0.196153432,9.91224289,1
0.001953125,645,0.688365936,0.187908515,9.90528202,1
0.001953125,646,0.676070809,0.179629922,9.89836884,1
0.001953125,647,0.663777947,0.171289667,9.8914938,1
0.001953125,648,0.651517928,0.162918985,9.88467026,1
0.001953125,649,0.639266312,0.15449357,9.87788486,1
0.001953125,650,0.627033591,0.146024749,9.87114334,1
0.001953125,651,0.614822388,0.137514934,9.86444473,1
0.001953125,652,0.602622926,0.128954142,9.85779285,1
0.001953125,653,0.590436935,0.120343208,9.85118389,1
0.001953125,654,0.57825917,0.111676939,9.84462357,1
0.001953125,655,0.56609875,0.102966219,9.83810234,1
0.001953125,656,0.553948402,0.094202362,9.83163261,1
0.001953125,657,0.541811824,0.08538986,9.8252039,1
0.001953125,658,0.529684424,0.0765241459,9.81882095,1
0.001953125,659,0.517557979,0.0675947666,9.81249046,1
0.001953125,660,0.505455971,0.0586303137,9.80619717,1
0.001953125,661,0.493357718,0.0496056229,9.79995537,1
0.001953125,662,0.481263161,0.0405219793,9.79375362,1
0.001953125,663,0.469175786,0.031383127,9.78760338,1
0.001953125,664,0.457103074,0.0221977644,9.78149414,1
0.001953125,665,0.445029855,0.0129493587,9.77543831,1
0.001953125,666,0.43295452,0.00363400811,9.76942635,1
0.001953125,667,0.420896202,-0.00572455069,9.76346874,1
0.001953125,668,0.408833206,-0.0151490811,9.75754833,1
0.001953125,669,0.396782607,-0.0246232338,9.75167656,1
0.001953125,670,0.384723812,-0.0341704078,9.74586487,1
0.001953125,671,0.372666568,-0.0437775701,9.74009132,1
0.001953125,672,0.360611528,-0.0534429885,9.73436832,1
0.001953125,673,0.34856227,-0.0631646514,9.7286911,1
0.001953125,674,0.336506546,-0.0729559362,9.72306728,1
0.001953125,675,0.324457496,-0.082800284,9.71748447,1
0.001953125,676,0.31239602,-0.0927223191,9.7119627,1
0.001953125,677,0.300339788,-0.102698542,9.70648289,1
0.001953125,678,0.288276613,-0.112743996,9.70105457,1
0.001953125,679,0.27620852,-0.122856125,9.69568062,1
0.001953125,680,0.264139861,-0.133030877,9.69035244,1
0.001953125,681,0.252064258,-0.143274501,9.68507767,1
0.001953125,682,0.239990503,-0.153575867,9.67985153,1
0.001953125,683,0.227902398,-0.163954511,9.67467499,1
0.001953125,684,0.215802938,-0.174406424,9.66954422,1
0.001953125,685,0.203695431,-0.184929833,9.66448116,1
0.001953125,686,0.191592023,-0.19550699,9.65945625,1
0.001953125,687,0.179473937,-0.206161141,9.65448856,1
0.001953125,688,0.167340532,-0.216893882,9.64957523,1
0.001953125,689,0.155203387,-0.227689996,9.64471149,1
0.001953125,690,0.143054992,-0.238559216,9.63990211,1
0.001953125,691,0.130893186,-0.249503613,9.63514805,1
0.001953125,692,0.118731096,-0.260506749,9.6304388,1
0.001953125,693,0.10654524,-0.271597773,9.6257925,1
0.001953125,694,0.0943468511,-0.282761663,9.62119198,1
0.001953125,695,0.0821372941,-0.293998122,9.6166544,1
0.001953125,696,0.0699057728,-0.305318981,9.61217022,1
0.001953125,697,0.0576614216,-0.316713601,9.60773945,1
0.001953125,698,0.0454094969,-0.328175604,9.60336781,1
0.001953125,699,0.0331388228,-0.339717299,9.59904099,1
0.001953125,700,0.0208449941,-0.351344019,9.5947752,1
0.001953125,701,0.00854340196,-0.363038003,9.59056187,1
0.001953125,702,-0.00378080178,-0.374816984,9.58641529,1
0.001953125,703,-0.0161214452,-0.386672944,9.58231831,1
0.001953125,704,-0.0284926966,-0.398622245,9.57828045,1
0.001953125,705,-0.0408678427,-0.410633266,9.574296,1
0.001953125,706,-0.0532621443,-0.422725379,9.57037544,1
0.001953125,707,-0.0656922609,-0.434915334,9.56650543,1
0.001953125,708,-0.0781315863,-0.447173983,9.56269836,1
0.001953125,709,-0.0905855298,-0.459506989,9.55894947,1
0.001953125,710,-0.103071518,-0.471934885,9.55526638,1
0.001953125,711,-0.115591526,-0.484458357,9.55163193,1
0.001953125,712,-0.128119618,-0.497049034,9.54806423,1
0.001953125,713,-0.140676931,-0.50973022,9.54455376,1
0.001953125,714,-0.153260037,-0.52249825,9.54110527,1
0.001953125,715,-0.165867716,-0.535351753,9.53772259,1
0.001953125,716,-0.178495422,-0.54828459,9.53438568,1
0.001953125,717,-0.191155434,-0.561311185,9.53111839,1
0.001953125,718,-0.203837574,-0.574420333,9.52791786,1
0.001953125,719,-0.216551378,-0.587622583,9.52476883,1
0.001953125,720,-0.229284793,-0.600903511,9.52169704,1
0.001953125,721,-0.242060572,-0.61428982,9.51868343,1
0.001953125,722,-0.254848003,-0.627744973,9.51572609,1
0.001953125,723,-0.267689973,-0.641321182,9.51283836,1
0.001953125,724,-0.280539662,-0.654960811,9.51001835,1
0.001953125,725,-0.293425739,-0.668698251,9.50725842,1
0.001953125,726,-0.306338727,-0.682522357,9.50456619,1
0.001953125,727,-0.319286704,-0.696443439,9.50193119,1
0.001953125,728,-0.33226645,-0.71045655,9.49937057,1
0.001953125,729,-0.34528318,-0.724567771,9.49687004,1
0.001953125,730,-0.358325183,-0.738763154,9.49444294,1
0.001953125,731,-0.371406704,-0.753060222,9.49208069,1
0.001953125,732,-0.384519368,-0.767448485,9.48978519,1
0.001953125,733,-0.397663206,-0.781927645,9.4875555,1
0.001953125,734,-0.410844386,-0.796504915,9.4854002,1
0.001953125,735,-0.424054474,-0.811170161,9.48330784,1
0.001953125,736,-0.437321872,-0.825958192,9.48129272,1
0.001953125,737,-0.450606495,-0.840819955,9.47934246,1
0.001953125,738,-0.463929981,-0.855780363,9.47746086,1
0.001953125,739,-0.477290601,-0.870839715,9.47565269,1
0.001953125,740,-0.490696251,-0.886005282,9.47391701,1
0.001953125,741,-0.504130185,-0.901257575,9.47225189,1
0.001953125,742,-0.517604053,-0.916610181,9.47065258,1
0.001953125,743,-0.531121969,-0.932068944,9.46913147,1
0.001953125,744,-0.544684231,-0.947633207,9.46768761,1
0.001953125,745,-0.558281302,-0.963291407,9.46631145,1
0.001953125,746,-0.571905971,-0.979034901,9.46501064,1
0.001953125,747,-0.585585237,-0.994895875,9.46378708,1
0.001953125,748,-0.599305749,-1.01085913,9.4626379,1
0.001953125,749,-0.613063753,-1.02691853,9.46156216,1
0.001953125,750,-0.626866996,-1.04308474,9.46056175,1
0.001953125,751,-0.640713811,-1.0593549,9.45964146,1
0.001953125,752,-0.654596746,-1.07571995,9.45880413,1
0.001953125,753,-0.668522775,-1.09218776,9.45802879,1
0.001953125,754,-0.682501793,-1.1087712,9.45734501,1
0.001953125,755,-0.696523428,-1.12545717,9.45673656,1
0.001953125,756,-0.710585952,-1.14224327,9.45620728,1
0.001953125,757,-0.724694848,-1.15913641,9.45576,1
0.001953125,758,-0.738851964,-1.17613792,9.45539188,1
0.001953125,759,-0.753050864,-1.19324148,9.45510006,1
0.001953125,760,-0.76729995,-1.21045518,9.45490074,1
0.001953125,761,-0.781588316,-1.22776699,9.454772,1
0.001953125,762,-0.795933604,-1.24519801,9.45474148,1
0.001953125,763,-0.810325444,-1.26273549,9.45478058,1
0.001953125,764,-0.824763775,-1.28037953,9.45491028,1
0.001953125,765,-0.839246035,-1.29812551,9.4551239,1
0.001953125,766,-0.853778958,-1.31598282,9.45542622,1
0.001953125,767,-0.868364811,-1.33395469,9.45580101,1
0.001953125,768,-0.882998466,-1.35203326,9.45627403,1
0.001953125,769,-0.897678792,-1.37021756,9.45683479,1
0.001953125,770,-0.912415206,-1.38851893,9.45748138,1
0.001953125,771,-0.927189589,-1.40691531,9.45822048,1
0.001953125,772,-0.942031384,-1.42544329,9.45903873,1
0.001953125,773,-0.956909657,-1.44406354,9.45995045,1
0.001953125,774,-0.971852899,-1.46281171,9.46095848,1
0.001953125,775,-0.986845195,-1.48166788,9.46205044,1
0.001953125,776,-1.00188601,-1.50063133,9.46323776,1
0.001953125,777,-1.01698327,-1.51971138,9.4645195,1
0.001953125,778,-1.0321331,-1.53890395,9.4658947,1
0.001953125,779,-1.04733157,-1.55820298,9.46735382,1
0.001953125,780,-1.06259239,-1.57762635,9.46891689,1
0.001953125,781,-1.07790864,-1.59716463,9.47056866,1
0.001953125,782,-1.09327221,-1.61680722,9.47233772,1
0.001953125,783,-1.10868609,-1.63655865,9.47417259,1
0.001953125,784,-1.1241684,-1.65644121,9.47611618,1
0.001953125,785,-1.13970089,-1.67643225,9.47816658,1
0.001953125,786,-1.15528226,-1.69652855,9.4803009,1
0.001953125,787,-1.17093015,-1.71675372,9.48253822,1
0.001953125,788,-1.18662596,-1.73708344,9.48487759,1
0.001953125,789,-1.20238101,-1.75753188,9.48731709,1
0.001953125,790,-1.21819437,-1.77809763,9.48986435,1
0.001953125,791,-1.23407221,-1.79878926,9.49251175,1
0.001953125,792,-1.25000703,-1.81959558,9.49525928,1
0.001953125,793,-1.26598608,-1.84050095,9.49811172,1
0.001953125,794,-1.2820276,-1.86152852,9.50106335,1
0.001953125,795,-1.2981329,-1.88267946,9.50413799,1
0.001953125,796,-1.31430483,-1.90395868,9.50729561,1
0.001953125,797,-1.33052337,-1.92533851,9.51057053,1
0.001953125,798,-1.34680152,-1.94683611,9.51395226,1
0.001953125,799,-1.36315298,-1.96846914,9.51744938,1
0.001953125,800,-1.37954772,-1.99019802,9.52104092,1
0.001953125,801,-1.39600611,-2.01205039,9.52474976,1
0.001953125,802,-1.41253126,-2.03402877,9.52856541,1
0.001953125,803,-1.42912447,-2.0561347,9.53250885,1
0.001953125,804,-1.44575882,-2.07833385,9.53654385,1
0.001953125,805,-1.46247423,-2.10067677,9.54070377,1
0.001953125,806,-1.47924829,-2.1231339,9.54498386,1
0.001953125,807,-1.49607408,-2.14569902,9.54936409,1
0.001953125,808,-1.51296282,-2.1683836,9.55386543,1
0.001953125,809,-1.52991951,-2.19119406,9.55849361,1
0.001953125,810,-1.54693687,-2.21412277,9.56322098,1
0.001953125,811,-1.56401694,-2.2371695,9.56807995,1
0.001953125,812,-1.58115637,-2.26033139,9.57305145,1
0.001953125,813,-1.59837484,-2.28363347,9.57814884,1
0.001953125,814,-1.6156311,-2.30702209,9.5833559,1
0.001953125,815,-1.63296378,-2.33054686,9.5886898,1
0.001953125,816,-1.65036333,-2.35419512,9.59415531,1
0.001953125,817,-1.6678282,-2.37796497,9.5997324,1
0.001953125,818,-1.68535388,-2.4018507,9.60543537,1
0.001953125,819,-1.70294309,-2.42585444,9.61126328,1
0.001953125,820,-1.72059119,-2.44997025,9.61721516,1
0.001953125,821,-1.73830879,-2.47421336,9.62329674,1
0.001953125,822,-1.75610113,-2.49858761,9.62951565,1
0.001953125,823,-1.773947,-2.523067,9.63585091,1
0.001953125,824,-1.79186308,-2.54767299,9.64232349,1
0.001953125,825,-1.80984652,-2.57239985,9.64892387,1
0.001953125,826,-1.8278842,-2.59723234,9.65564346,1
0.001953125,827,-1.84600294,-2.62220359,9.6625185,1
0.001953125,828,-1.86417675,-2.64728093,9.66951752,1
0.001953125,829,-1.88242495,-2.67248821,9.67665005,1
0.001953125,830,-1.90073121,-2.69780517,9.68390846,1
0.001953125,831,-1.91911292,-2.72325253,9.6913147,1
0.001953125,832,-1.93755782,-2.74881554,9.69884586,1
0.001953125,833,-1.95606363,-2.77448869,9.70652676,1
0.001953125,834,-1.97464478,-2.80029297,9.71434212,1
0.001953125,835,-1.99327981,-2.82619858,9.72229385,1
0.001953125,836,-2.0120008,-2.85224867,9.73039341,1
0.001953125,837,-2.03076267,-2.87838221,9.7386179,1
0.001953125,838,-2.04961324,-2.90466166,9.74700737,1
0.001953125,839,-2.06852579,-2.93105245,9.75553322,1
0.001953125,840,-2.08750319,-2.95755911,9.76420021,1
0.001953125,841,-2.10654235,-2.98417544,9.77299976,1
0.001953125,842,-2.12565589,-3.01091814,9.78195667,1
0.001953125,843,-2.14483237,-3.03777099,9.79106998,1
0.001953125,844,-2.16408467,-3.06475306,9.80032158,1
0.001953125,845,-2.18339276,-3.09183574,9.80972385,1
0.001953125,846,-2.20278239,-3.11905265,9.81928349,1
0.001953125,847,-2.22223115,-3.14637494,9.82898331,1
0.001953125,848,-2.24175882,-3.17382622,9.83885479,1
0.001953125,849,-2.26133776,-3.20137358,9.84885597,1
0.001953125,850,-2.28099203,-3.22904563,9.85901737,1
0.001953125,851,-2.30072069,-3.25684023,9.8693409,1
0.001953125,852,-2.32050538,-3.28473282,9.87982368,1
0.001953125,853,-2.34035444,-3.31273723,9.89043808,1
0.001953125,854,-2.36029673,-3.34088659,9.90124798,1
0.001953125,855,-2.38028479,-3.36912131,9.91219616,1
0.001953125,856,-2.40034103,-3.39746857,9.92330456,1
0.001953125,857,-2.42047381,-3.42594194,9.93456841,1
0.001953125,858,-2.44067717,-3.45452952,9.94601154,1
0.001953125,859,-2.46093631,-3.48321247,9.9576025,1
0.001953125,860,-2.48126793,-3.51201367,9.96936703,1
0.001953125,861,-2.50167441,-3.54093552,9.98129368,1
0.001953125,862,-2.5221374,-3.5699513,9.99338531,1
0.001953125,863,-2.54267359,-3.59908533,10.0056467,1
0.001953125,864,-2.56327915,-3.62833166,10.0180721,1
0.001953125,865,-2.58395243,-3.65768576,10.0306702,1
0.001953125,866,-2.60468102,-3.68713164,10.0434418,1
0.001953125,867,-2.6254847,-3.71669698,10.0563765,1
0.001953125,868,-2.64636397,-3.74637985,10.0694914,1
0.001953125,869,-2.66729689,-3.77615023,10.0827684,1
0.001953125,870,-2.68830037,-3.80603337,10.096221,1
0.001953125,871,-2.70938206,-3.83603621,10.1098576,1
0.001953125,872,-2.73051047,-3.86611509,10.123662,1
0.001953125,873,-2.75171781,-3.89631486,10.1376486,1
0.001953125,874,-2.77300239,-3.92663431,10.1518173,1
0.001953125,875,-2.79433656,-3.95703268,10.166151,1
0.001953125,876,-2.81574011,-3.98753667,10.1806755,1
0.001953125,877,-2.83721995,-4.01815653,10.1953764,1
0.001953125,878,-2.85875845,-4.04886627,10.2102699,1
0.001953125,879,-2.88035893,-4.07966995,10.2253399,1
0.001953125,880,-2.90202713,-4.11057615,10.2405958,1
0.001953125,881,-2.92376709,-4.14158916,10.2560349,1
0.001953125,882,-2.94555998,-4.17268515,10.2716408,1
0.001953125,883,-2.96742868,-4.20388937,10.2874641,1
0.001953125,884,-2.98935461,-4.23517895,10.3034554,1
0.001953125,885,-3.01135707,-4.26658201,10.3196526,1
0.001953125,886,-3.03341126,-4.2980628,10.3360205,1
0.001953125,887,-3.05554676,-4.3296566,10.3526001,1
0.001953125,888,-3.0777154,-4.36130333,10.3693457,1
0.001953125,889,-3.0999794,-4.393085,10.3863029,1
0.001953125,890,-3.12228036,-4.42492056,10.4034367,1
0.001953125,891,-3.14466882,-4.45687914,10.4207821,1
0.001953125,892,-3.16711283,-4.48891497,10.4383211,1
0.001953125,893,-3.18961453,-4.52103138,10.4560614,1
0.001953125,894,-3.21217656,-4.55323458,10.4739819,1
0.001953125,895,-3.23480821,-4.58553314,10.492115,1
0.001953125,896,-3.25749588,-4.61790752,10.510438,1
0.001953125,897,-3.28023553,-4.65035439,10.5289574,1
0.001953125,898,-3.30305982,-4.68291283,10.5476971,1
0.001953125,899,-3.32592916,-4.71553564,10.5666122,1
0.001953125,900,-3.34887028,-4.74825001,10.5857563,1
0.001953125,901,-3.37185907,-4.78103065,10.6050882,1
0.001953125,902,-3.39491773,-4.81390047,10.6246357,1
0.001953125,903,-3.41803312,-4.84684515,10.6443825,1
0.001953125,904,-3.44121313,-4.87987232,10.6643333,1
0.001953125,905,-3.46444201,-4.91296434,10.6844912,1
0.001953125,906,-3.48773193,-4.94613028,10.7048569,1
0.001953125,907,-3.51107526,-4.97936249,10.7254333,1
0.001953125,908,-3.53447866,-5.0126729,10.7462139,1
0.001953125,909,-3.55794954,-5.04606199,10.7672176,1
0.001953125,910,-3.58146787,-5.07951021,10.7884283,1
0.001953125,911,-3.60505223,-5.11303997,10.8098497,1
0.001953125,912,-3.62868524,-5.146626,10.8314838,1
0.001953125,913,-3.65237784,-5.18028212,10.8533297,1
0.001953125,914,-3.67612314,-5.21399784,10.8753986,1
0.001953125,915,-3.69992471,-5.24777937,10.8976727,1
0.001953125,916,-3.72377396,-5.28161335,10.9201622,1
0.001953125,917,-3.7476809,-5.31551123,10.9428759,1
0.001953125,918,-3.77163959,-5.34946585,10.9657984,1
0.001953125,919,-3.79566765,-5.3835001,10.9889488,1
0.001953125,920,-3.8197329,-5.41756868,11.0123186,1
0.001953125,921,-3.84384823,-5.45169115,11.0358963,1
0.001953125,922,-3.8680253,-5.48587656,11.0597086,1
0.001953125,923,-3.89225388,-5.5201149,11.0837545,1
0.001953125,924,-3.91651559,-5.55438566,11.1079798,1
0.001953125,925,-3.94084501,-5.58872175,11.1324663,1
0.001953125,926,-3.96522117,-5.62310219,11.1571693,1
0.001953125,927,-3.98963594,-5.65751791,11.1820765,1
0.001953125,928,-4.01411009,-5.69198895,11.2072315,1
0.001953125,929,-4.03862953,-5.7265048,11.2325916,1
0.001953125,930,-4.06319809,-5.76105881,11.2581949,1
0.001953125,931,-4.08779907,-5.79563856,11.2839985,1
0.001953125,932,-4.11246252,-5.8302722,11.3100595,1
0.001953125,933,-4.13715935,-5.86492968,11.3363218,1
0.001953125,934,-4.16191864,-5.89964008,11.3628445,1
0.001953125,935,-4.18671799,-5.93438053,11.3895798,1
0.001953125,936,-4.21153688,-5.96912432,11.4165192,1
0.001953125,937,-4.23642635,-6.00393057,11.443716,1
0.001953125,938,-4.26134443,-6.03874636,11.4711361,1
0.001953125,939,-4.28630686,-6.0735898,11.4987907,1
0.001953125,940,-4.31132221,-6.10847664,11.5266752,1
0.001953125,941,-4.33635712,-6.14336109,11.5547743,1
0.001953125,942,-4.36144829,-6.17828226,11.5831299,1
0.001953125,943,-4.38656998,-6.2132144,11.6117134,1
0.001953125,944,-4.41174173,-6.24817753,11.6405287,1
0.001953125,945,-4.43693733,-6.28314018,11.6695595,1
0.001953125,946,-4.46217012,-6.31811285,11.6988487,1
0.001953125,947,-4.48744965,-6.35311651,11.7283468,1
0.001953125,948,-4.51275539,-6.38811445,11.7580967,1
0.001953125,949,-4.53810883,-6.423141,11.7880774,1
0.001953125,950,-4.56347561,-6.45814657,11.8182716,1
0.001953125,951,-4.58890057,-6.49318647,11.8487349,1
0.001953125,952,-4.61433935,-6.52820635,11.879406,1
0.001953125,953,-4.6398201,-6.56323576,11.9103327,1
0.001953125,954,-4.66532707,-6.59826088,11.9414892,1
0.001953125,955,-4.69087362,-6.63329601,11.9728823,1
0.001953125,956,-4.7164464,-6.66832018,12.0045147,1
0.001953125,957,-4.74203968,-6.70333004,12.0363617,1
0.001953125,958,-4.76765585,-6.73832273,12.0684538,1
0.001953125,959,-4.79331493,-6.77332401,12.1007929,1
0.001953125,960,-4.81900263,-6.80831432,12.1333694,1
0.001953125,961,-4.84470463,-6.84327602,12.1661749,1
0.001953125,962,-4.87043667,-6.878232,12.1992149,1
0.001953125,963,-4.8961935,-6.91316605,12.2324905,1
0.001953125,964,-4.92197561,-6.94808245,12.2660141,1
0.001953125,965,-4.94776678,-6.98296118,12.2997532,1
0.001953125,966,-4.9735961,-7.01783085,12.3337679,1
0.001953125,967,-4.99943829,-7.05267382,12.3679743,1
0.001953125,968,-5.02530527,-7.08748007,12.4024572,1
0.001953125,969,-5.05118322,-7.12225294,12.4371519,1
0.001953125,970,-5.07708693,-7.15700388,12.472084,1
0.001953125,971,-5.10300732,-7.19172335,12.5072498,1
0.001953125,972,-5.12893486,-7.22638655,12.542654,1
0.001953125,973,-5.15488243,-7.26102018,12.57829,1
0.001953125,974,-5.18085194,-7.29561949,12.6141787,1
0.001953125,975,-5.2068243,-7.33016443,12.650279,1
0.001953125,976,-5.2328105,-7.36466551,12.6866217,1
0.001953125,977,-5.25882816,-7.39914036,12.723218,1
0.001953125,978,-5.28483725,-7.43354034,12.7600412,1
0.001953125,979,-5.31085968,-7.46789503,12.7970905,1
0.001953125,980,-5.33688641,-7.5021925,12.8343639,1
0.001953125,981,-5.36293173,-7.53644896,12.8718748,1
0.001953125,982,-5.388978,-7.57063246,12.909627,1
0.001953125,983,-5.41503572,-7.60476303,12.9476175,1
0.001953125,984,-5.4410882,-7.63882065,12.9858189,1
0.001953125,985,-5.4671526,-7.67282152,13.0242662,1
0.001953125,986,-5.49322128,-7.70675802,13.0629492,1
0.001953125,987,-5.51929045,-7.74061918,13.10186,1
0.001953125,988,-5.54536104,-7.77441454,13.1409883,1
0.001953125,989,-5.57143593,-7.80813646,13.1803656,1
0.001953125,990,-5.59750175,-7.84177542,13.2199621,1
0.001953125,991,-5.62356424,-7.87533569,13.2597675,1
0.001953125,992,-5.64963436,-7.90882683,13.2998276,1
0.001953125,993,-5.6756959,-7.94222879,13.3401031,1
0.001953125,994,-5.70175648,-7.97555161,13.3806095,1
0.001953125,995,-5.72779655,-8.0087738,13.4213171,1
0.001953125,996,-5.75384188,-8.0419178,13.4622641,1
0.001953125,997,-5.77988338,-8.07497406,13.5034571,1
0.001953125,998,-5.80590868,-8.10793209,13.5448446,1
0.001953125,999,-5.83192539,-8.14079762,13.586462,1
0.001953125,1000,-5.8579278,-8.17355537,13.6282969,1
0.001953125,1001,-5.88392973,-8.20622635,13.6703739,1
0.001953125,1002,-5.9099021,-8.23878288,13.7126293,1
0.001953125,1003,-5.9358716,-8.27124119,13.7551413,1
0.001953125,1004,-5.96181583,-8.30358887,13.7978296,1
0.001953125,1005,-5.98775721,-8.33583832,13.8407812,1
0.001953125,1006,-6.01367044,-8.36796665,13.883914,1
0.001953125,1007,-6.03957605,-8.39999676,13.9272718,1
0.001953125,1008,-6.06545782,-8.43190098,13.9708538,1
0.001953125,1009,-6.09131002,-8.46368504,14.0146189,1
0.001953125,1010,-6.11714458,-8.49534988,14.0586138,1
0.001953125,1011,-6.14295959,-8.52689648,14.1028175,1
0.001953125,1012,-6.16876507,-8.5583334,14.1472483,1
0.001953125,1013,-6.19452572,-8.58962727,14.1918573,1
0.001953125,1014,-6.2202611,-8.62078857,14.2366762,1
0.001953125,1015,-6.24598742,-8.65184307,14.2817268,1
0.001953125,1016,-6.271667,-8.68274593,14.3269453,1
0.001953125,1017,-6.29732418,-8.71351814,14.3723822,1
0.001953125,1018,-6.32293987,-8.74414825,14.4179964,1
0.001953125,1019,-6.34853506,-8.77464104,14.4638433,1
0.001953125,1020,-6.3740983,-8.80500507,14.5098629,1
0.001953125,1021,-6.39963293,-8.83522224,14.5561161,1
0.001953125,1022,-6.42511988,-8.86528397,14.6025305,1
0.001953125,1023,-6.45057011,-8.89520836,14.6491165,1
0.0009765625,0,4.539988e-05,0,0,1
0.0009765625,1,0.000989567256,0.000852817262,1.0340902e-05,1
0.0009765625,2,0.00196255674,0.00173595629,2.16732715e-05,1
0.0009765625,3,0.00296489592,0.00265005906,3.40491715e-05,1
0.0009765625,4,0.00399711588,0.0035957715,4.75230445e-05,1
0.0009765625,5,0.00505975308,0.00457375078,6.21509462e-05,1
0.0009765625,6,0.00615335116,0.00558466651,7.7991841e-05,1
0.0009765625,7,0.00727845635,0.00662918668,9.51059774e-05,1
0.0009765625,8,0.00843567308,0.00770804426,0.000113557704,1
0.0009765625,9,0.00962551031,0.00882188231,0.000133411973,1
0.0009765625,10,0.0108485864,0.00997144636,0.000154737281,1
0.0009765625,11,0.0121054603,0.0111574391,0.000177604394,1
0.0009765625,12,0.0133967241,0.0123805953,0.000202087482,1
0.0009765625,13,0.014722974,0.0136416433,0.000228262114,1
0.0009765625,14,0.0160848536,0.0149413841,0.00025620847,1
0.0009765625,15,0.017482914,0.0162805133,0.000286008057,1
0.0009765625,16,0.0189178325,0.017659856,0.000317746511,1
0.0009765625,17,0.0203901716,0.0190801509,0.000351511379,1
0.0009765625,18,0.0219006352,0.0205422435,0.000387396431,1
0.0009765625,19,0.0234498475,0.0220469218,0.000425495498,1
0.0009765625,20,0.0250384714,0.0235950109,0.000465906895,1
0.0009765625,21,0.026667092,0.0251872838,0.00050873257,1
0.0009765625,22,0.028336443,0.0268246382,0.000554078317,1
0.0009765625,23,0.0300471913,0.0285079218,0.000602054177,1
0.0009765625,24,0.031800095,0.0302380435,0.000652775809,1
0.0009765625,25,0.0335957222,0.0320158005,0.000706357125,1
0.0009765625,26,0.0354348086,0.0338420905,0.00076292106,1
0.0009765625,27,0.0373180695,0.0357178412,0.000822592003,1
0.0009765625,28,0.039246317,0.0376440026,0.000885504414,1
0.0009765625,29,0.0412201434,0.0396214351,0.000951789611,1
0.0009765625,30,0.0432403199,0.041651085,0.00102158927,1
0.0009765625,31,0.0453076623,0.0437339731,0.00109504582,1
0.0009765625,32,0.0474228412,0.0458709858,0.00117231044,1
0.0009765625,33,0.0495866276,0.0480630696,0.00125353364,1
0.0009765625,34,0.051799871,0.0503113791,0.00133888167,1
0.0009765625,35,0.0540633574,0.0526168421,0.00142851612,1
0.0009765625,36,0.056377735,0.0549803562,0.00152260589,1
0.0009765625,37,0.0587439053,0.0574030876,0.00162132911,1
0.0009765625,38,0.0611626171,0.0598859787,0.00172486657,1
0.0009765625,39,0.0636348501,0.0624302663,0.00183341163,1
0.0009765625,40,0.0661611259,0.0650367364,0.00194714975,1
0.0009765625,41,0.0687425956,0.067706719,0.00206628884,1
0.0009765625,42,0.0713799223,0.070441246,0.00219103508,1
0.0009765625,43,0.0740739554,0.0732413083,0.00232159859,1
0.0009765625,44,0.0768257901,0.0761083066,0.0024582094,1
0.0009765625,45,0.0796360523,0.079043135,0.0026010857,1
0.0009765625,46,0.0825058296,0.0820472836,0.00275047659,1
0.0009765625,47,0.0854357034,0.0851212814,0.00290661096,1
0.0009765625,48,0.0884268433,0.0882668272,0.00306974491,1
0.0009765625,49,0.0914801434,0.0914850384,0.00324014062,1
0.0009765625,50,0.0945962965,0.0947769135,0.00341805606,1
0.0009765625,51,0.0977766663,0.0981441215,0.00360378739,1
0.0009765625,52,0.101021811,0.101587489,0.00379759888,1
0.0009765625,53,0.104332879,0.105108567,0.00399978599,1
0.0009765625,54,0.10771054,0.108708113,0.00421064999,1
0.0009765625,55,0.111156367,0.112388216,0.00443052594,1
0.0009765625,56,0.114670731,0.116149478,0.00465969881,1
0.0009765625,57,0.118255101,0.119993679,0.00489853509,1
0.0009765625,58,0.12191011,0.123921864,0.00514735049,1
0.0009765625,59,0.12563701,0.127935484,0.00540650543,1
0.0009765625,60,0.129436746,0.13203603,0.00567636359,1
0.0009765625,61,0.133310542,0.136224836,0.00595730776,1
0.0009765625,62,0.137258902,0.1405029,0.00624969089,1
0.0009765625,63,0.141283512,0.144872203,0.00655395631,1
0.0009765625,64,0.145385146,0.149333939,0.00687046954,1
0.0009765625,65,0.149564967,0.153889567,0.0071996823,1
0.0009765625,66,0.153824002,0.158540472,0.00754200434,1
0.0009765625,67,0.15816322,0.163288116,0.00789789576,1
0.0009765625,68,0.162584245,0.168134466,0.00826782268,1
0.0009765625,69,0.167087421,0.173080146,0.00865221303,1
0.0009765625,70,0.171674952,0.17812781,0.00905163679,1
0.0009765625,71,0.176346928,0.183278009,0.00946650747,1
0.0009765625,72,0.181105137,0.18853274,0.00989739504,1
0.0009765625,73,0.185949966,0.19389306,0.0103447605,1
0.0009765625,74,0.190884143,0.199361965,0.0108092828,1
0.0009765625,75,0.195906937,0.204939097,0.0112913596,1
0.0009765625,76,0.201021373,0.210628033,0.0117917228,1
0.0009765625,77,0.206227317,0.216428965,0.0123108355,1
0.0009765625,78,0.211526856,0.222344443,0.0128494008,1
0.0009765625,79,0.216920763,0.228375703,0.0134079959,1
0.0009765625,80,0.222410023,0.234524161,0.0139872395,1
0.0009765625,81,0.227996379,0.240791976,0.0145878568,1
0.0009765625,82,0.233681291,0.247181103,0.0152105298,1
0.0009765625,83,0.239465386,0.253692627,0.0158558991,1
0.0009765625,84,0.245350361,0.26032868,0.0165247321,1
0.0009765625,85,0.251337588,0.267091185,0.017217759,1
0.0009765625,86,0.257428229,0.27398175,0.0179357287,1
0.0009765625,87,0.263623655,0.281002045,0.0186794531,1
0.0009765625,88,0.269925237,0.288154215,0.0194496848,1
0.0009765625,89,0.276334852,0.295440316,0.0202473421,1
0.0009765625,90,0.282851875,0.302860588,0.0210730955,1
0.0009765625,91,0.289479911,0.310418993,0.0219279751,1
0.0009765625,92,0.296219587,0.318116456,0.022812847,1
0.0009765625,93,0.303071886,0.325954735,0.0237285513,1
0.0009765625,94,0.310038984,0.333936483,0.0246761441,1
0.0009765625,95,0.317121923,0.34206304,0.0256564915,1
0.0009765625,96,0.324321419,0.350336105,0.0266705919,1
0.0009765625,97,0.331640154,0.35875842,0.0277195293,1
0.0009765625,98,0.339078873,0.367331386,0.028804319,1
0.0009765625,99,0.346639007,0.376057029,0.029925989,1
0.0009765625,100,0.354322642,0.384938031,0.0310857389,1
0.0009765625,101,0.362129718,0.393974811,0.032284487,1
0.0009765625,102,0.370063573,0.403171599,0.0335236564,1
0.0009765625,103,0.378124654,0.412528574,0.0348042101,1
0.0009765625,104,0.386314839,0.422049284,0.0361275822,1
0.0009765625,105,0.394635975,0.431735009,0.0374949127,1
0.0009765625,106,0.403088063,0.441586912,0.0389072858,1
0.0009765625,107,0.411674529,0.451609015,0.0403663479,1
0.0009765625,108,0.420396388,0.461802721,0.0418733433,1
0.0009765625,109,0.429254174,0.472169548,0.0434294678,1
0.0009765625,110,0.438250422,0.482711941,0.0450363122,1
0.0009765625,111,0.447386593,0.493432462,0.0466952212,1
0.0009765625,112,0.456664532,0.504333496,0.0484078862,1
0.0009765625,113,0.466084689,0.515415668,0.0501754805,1
0.0009765625,114,0.475649416,0.526682377,0.0519997999,1
0.0009765625,115,0.485361069,0.538136542,0.0538824946,1
0.0009765625,116,0.495219707,0.549778461,0.0558249578,1
0.0009765625,117,0.505228043,0.561611891,0.0578289889,1
0.0009765625,118,0.515387893,0.573638737,0.059896443,1
0.0009765625,119,0.525699377,0.585859537,0.0620286986,1
0.0009765625,120,0.536166608,0.598280489,0.06422811,1
0.0009765625,121,0.546788275,0.610899091,0.0664959028,1
0.0009765625,122,0.557569325,0.623721778,0.068834506,1
0.0009765625,123,0.568508625,0.636747897,0.0712453648,1
0.0009765625,124,0.579608381,0.649980366,0.0737306178,1
0.0009765625,125,0.590871692,0.663423002,0.0762925148,1
0.0009765625,126,0.602299273,0.677076459,0.0789329186,1
0.0009765625,127,0.613892972,0.690943599,0.0816539228,1
0.0009765625,128,0.62565279,0.705024958,0.0844573826,1
0.0009765625,129,0.637583494,0.7193259,0.0873461813,1
0.0009765625,130,0.649685025,0.733846784,0.090322122,1
0.0009765625,131,0.661958516,0.748589635,0.0933874696,1
0.0009765625,132,0.674407482,0.763558447,0.0965448767,1
0.0009765625,133,0.687031925,0.778753698,0.0997963399,1
0.0009765625,134,0.69983381,0.794177592,0.103144497,1
0.0009765625,135,0.712816656,0.809834361,0.106592327,1
0.0009765625,136,0.725979447,0.825724602,0.110141613,1
0.0009765625,137,0.739325106,0.841850758,0.113795377,1
0.0009765625,138,0.752855539,0.858214736,0.117556311,1
0.0009765625,139,0.766573071,0.87482059,0.121427149,1
0.0009765625,140,0.780478179,0.891668737,0.125410631,1
0.0009765625,141,0.79457283,0.908761621,0.129509524,1
0.0009765625,142,0.808858573,0.926101685,0.133726612,1
0.0009765625,143,0.823338509,0.943692029,0.138065502,1
0.0009765625,144,0.838011563,0.961531878,0.142528325,1
0.0009765625,145,0.85288173,0.979626715,0.147118792,1
0.0009765625,146,0.867951155,0.997978151,0.151840016,1
0.0009765625,147,0.88321805,1.01658487,0.156694889,1
0.0009765625,148,0.898688853,1.03545475,0.161687136,1
0.0009765625,149,0.914360166,1.05458367,0.166819379,1
0.0009765625,150,0.930237412,1.07397783,0.172095627,1
0.0009765625,151,0.946323514,1.09364128,0.17752023,1
0.0009765625,152,0.962614477,1.11356878,0.183094606,1
0.0009765625,153,0.979115009,1.13376665,0.188823447,1
0.0009765625,154,0.995827377,1.15423715,0.194710791,1
0.0009765625,155,1.01275229,1.17498076,0.200759843,1
0.0009765625,156,1.02989066,1.19599962,0.206974462,1
0.0009765625,157,1.04724693,1.21729863,0.213359252,1
0.0009765625,158,1.06481934,1.23887432,0.219917074,1
0.0009765625,159,1.08260989,1.26073086,0.226652369,1
0.0009765625,160,1.10062194,1.2828716,0.233569726,1
0.0009765625,161,1.11885571,1.30529559,0.240672752,1
0.0009765625,162,1.13731241,1.32800519,0.24796553,1
0.0009765625,163,1.15599251,1.35100091,0.255452335,1
0.0009765625,164,1.17489898,1.37428522,0.263138115,1
0.0009765625,165,1.1940372,1.39786565,0.27102834,1
0.0009765625,166,1.21340132,1.42173278,0.279125303,1
0.0009765625,167,1.23299634,1.4458946,0.287434667,1
0.0009765625,168,1.25282228,1.47034955,0.295960665,1
0.0009765625,169,1.2728802,1.49509919,0.304708064,1
0.0009765625,170,1.29317296,1.52014637,0.313682258,1
0.0009765625,171,1.3137002,1.54548955,0.322887719,1
0.0009765625,172,1.33446634,1.57113421,0.332330555,1
0.0009765625,173,1.35546601,1.59707403,0.34201324,1
0.0009765625,174,1.37670743,1.62331617,0.351943314,1
0.0009765625,175,1.39818823,1.64985859,0.362124711,1
0.0009765625,176,1.41991007,1.67670476,0.372563183,1
0.0009765625,177,1.44187486,1.7038523,0.383264542,1
0.0009765625,178,1.46408021,1.73130047,0.394232869,1
0.0009765625,179,1.48652864,1.75905097,0.40547353,1
0.0009765625,180,1.5092237,1.78710699,0.416994035,1
0.0009765625,181,1.53216314,1.81546569,0.428798616,1
0.0009765625,182,1.5553478,1.84412682,0.440892458,1
0.0009765625,183,1.57877946,1.87309039,0.453281641,1
0.0009765625,184,1.60246062,1.90235925,0.465973437,1
0.0009765625,185,1.62638915,1.93193138,0.478972435,1
0.0009765625,186,1.6505636,1.96180117,0.492282987,1
0.0009765625,187,1.67498791,1.99197495,0.505913615,1
0.0009765625,188,1.69966471,2.02245426,0.519870996,1
0.0009765625,189,1.72458887,2.05322886,0.534158409,1
0.0009765625,190,1.74976349,2.08430505,0.548783362,1
0.0009765625,191,1.77519023,2.11568022,0.56375277,1
0.0009765625,192,1.80086744,2.14735317,0.579072833,1
0.0009765625,193,1.82679594,2.17932391,0.594749033,1
0.0009765625,194,1.85297084,2.21158266,0.610786378,1
0.0009765625,195,1.87940192,2.24414229,0.627195776,1
0.0009765625,196,1.90607929,2.2769866,0.643978238,1
0.0009765625,197,1.93300581,2.31011915,0.66114217,1
0.0009765625,198,1.9601866,2.34354353,0.678697467,1
0.0009765625,199,1.98761714,2.37725282,0.696648896,1
0.0009765625,200,2.01529741,2.41124439,0.715001702,1
0.0009765625,201,2.04322433,2.44551325,0.733762205,1
0.0009765625,202,2.07140183,2.48006225,0.75293988,1
0.0009765625,203,2.09982204,2.51487899,0.772536814,1
0.0009765625,204,2.12849498,2.5499742,0.792566776,1
0.0009765625,205,2.157408,2.58533144,0.813028693,1
0.0009765625,206,2.18657064,2.62095642,0.833936155,1
0.0009765625,207,2.21597505,2.6568408,0.855291545,1
0.0009765625,208,2.2456224,2.69298124,0.877102911,1
0.0009765625,209,2.27550936,2.72937226,0.899377763,1
0.0009765625,210,2.30563903,2.76601338,0.922121286,1
0.0009765625,211,2.33600688,2.80289817,0.945343614,1
0.0009765625,212,2.36661124,2.84002113,0.969047487,1
0.0009765625,213,2.3974483,2.87737608,0.993241131,1
0.0009765625,214,2.42851996,2.91496181,1.01793277,1
0.0009765625,215,2.45982432,2.95277095,1.04312789,1
0.0009765625,216,2.49135566,2.99079466,1.06883109,1
0.0009765625,217,2.52311397,3.0290308,1.0950532,1
0.0009765625,218,2.55509901,3.06747484,1.12179923,1
0.0009765625,219,2.58730626,3.10611629,1.14907479,1
0.0009765625,220,2.61973333,3.14495349,1.17688692,1
0.0009765625,221,2.6523757,3.18397474,1.20524061,1
0.0009765625,222,2.6852324,3.22317195,1.23414421,1
0.0009765625,223,2.71830201,3.26254463,1.26360404,1
0.0009765625,224,2.75158024,3.30208182,1.29362762,1
0.0009765625,225,2.78506184,3.34177375,1.32421589,1
0.0009765625,226,2.818748,3.38161778,1.3553822,1
0.0009765625,227,2.85262394,3.421592,1.38711941,1
0.0009765625,228,2.88670349,3.46170855,1.4194504,1
0.0009765625,229,2.92097235,3.50194669,1.45237231,1
0.0009765625,230,2.95542336,3.54229498,1.48588681,1
0.0009765625,231,2.99006295,3.5827539,1.52000809,1
0.0009765625,232,3.02488279,3.6233077,1.55473876,1
0.0009765625,233,3.05987358,3.66394806,1.59008157,1
0.0009765625,234,3.09503341,3.7046597,1.62603807,1
0.0009765625,235,3.13035607,3.74543643,1.66261792,1
0.0009765625,236,3.16584492,3.78627491,1.69982648,1
0.0009765625,237,3.20148826,3.82715726,1.73766816,1
0.0009765625,238,3.23727655,3.86806607,1.77614045,1
0.0009765625,239,3.27321768,3.90900803,1.81525934,1
0.0009765625,240,3.30929041,3.94995093,1.85501647,1
0.0009765625,241,3.34550381,3.99090099,1.89542484,1
0.0009765625,242,3.38184714,4.03183985,1.9364872,1
0.0009765625,243,3.41830587,4.07274628,1.97819412,1
0.0009765625,244,3.45488691,4.11362362,2.02056623,1
0.0009765625,245,3.49157834,4.15445137,2.06359768,1
0.0009765625,246,3.52837348,4.1952157,2.10728955,1
0.0009765625,247,3.56526327,4.23590374,2.15164351,1
0.0009765625,248,3.6022439,4.27650261,2.19666266,1
0.0009765625,249,3.63931179,4.31700277,2.24235106,1
0.0009765625,250,3.67645955,4.35739088,2.28871155,1
0.0009765625,251,3.71367836,4.39765215,2.3357439,1
0.0009765625,252,3.75095463,4.43776655,2.38343978,1
0.0009765625,253,3.78828979,4.4777236,2.43181252,1
0.0009765625,254,3.82567263,4.51751328,2.48085093,1
0.0009765625,255,3.86309838,4.55711937,2.53056622,1
0.0009765625,256,3.90055847,4.59652662,2.58094931,1
0.0009765625,257,3.93803763,4.63571072,2.63199806,1
0.0009765625,258,3.97554111,4.67467642,2.68372297,1
0.0009765625,259,4.01304722,4.7133913,2.73610449,1
0.0009765625,260,4.05056047,4.75185442,2.7891593,1
0.0009765625,261,4.08805656,4.79003048,2.84286308,1
0.0009765625,262,4.12554407,4.82792759,2.89723635,1
0.0009765625,263,4.16300344,4.86551762,2.95225906,1
0.0009765625,264,4.20043325,4.90278816,3.0079422,1
0.0009765625,265,4.2378149,4.93972301,3.06426239,1
0.0009765625,266,4.27514648,4.97630596,3.12123013,1
0.0009765625,267,4.31241703,5.0125227,3.17883682,1
0.0009765625,268,4.34961176,5.04835033,3.23706913,1
0.0009765625,269,4.38673544,5.08379221,3.2959373,1
0.0009765625,270,4.42376804,5.11881447,3.35542583,1
0.0009765625,271,4.46069908,5.153409,3.41552591,1
0.0009765625,272,4.49752235,5.18755817,3.47623086,1
0.0009765625,273,4.53422737,5.22124529,3.5375421,1
0.0009765625,274,4.57081079,5.25446653,3.59944916,1
0.0009765625,275,4.60724401,5.28718281,3.66192508,1
0.0009765625,276,4.64353848,5.31940174,3.72498608,1
0.0009765625,277,4.67967606,5.35109997,3.78861356,1
0.0009765625,278,4.71563768,5.38225794,3.85279083,1
0.0009765625,279,4.75142956,5.41286993,3.9175241,1
0.0009765625,280,4.78702974,5.44291306,3.98278451,1
0.0009765625,281,4.82243156,5.47237206,4.04857397,1
0.0009765625,282,4.85762835,5.50124311,4.11487436,1
0.0009765625,283,4.89260197,5.52950144,4.18167543,1
0.0009765625,284,4.92734957,5.55713654,4.24897385,1
0.0009765625,285,4.96185493,5.58413219,4.31674051,1
0.0009765625,286,4.99611282,5.61048126,4.38497591,1
0.0009765625,287,5.03011036,5.63616323,4.4536581,1
0.0009765625,288,5.06383753,5.66117239,4.52277327,1
0.0009765625,289,5.09729052,5.68549252,4.59232998,1
0.0009765625,290,5.13044691,5.70910692,4.66227531,1
0.0009765625,291,5.16330051,5.7320075,4.73261309,1
0.0009765625,292,5.19584465,5.75417948,4.80333519,1
0.0009765625,293,5.22807074,5.77561951,4.87441826,1
0.0009765625,294,5.25996351,5.79630661,4.94584608,1
0.0009765625,295,5.2915225,5.81623888,5.01761675,1
0.0009765625,296,5.32272053,5.8354001,5.08967447,1
0.0009765625,297,5.35355616,5.85377073,5.16204071,1
0.0009765625,298,5.38403702,5.87136841,5.23469496,1
0.0009765625,299,5.4141202,5.88815212,5.30758905,1
0.0009765625,300,5.44381905,5.90413761,5.38073015,1
0.0009765625,301,5.47312641,5.91930771,5.45411062,1
0.0009765625,302,5.50201941,5.93365192,5.52769327,1
0.0009765625,303,5.5304904,5.94716549,5.60145092,1
0.0009765625,304,5.55853891,5.95984173,5.67537546,1
0.0009765625,305,5.58614969,5.97167063,5.74945831,1
0.0009765625,306,5.61332035,5.98265505,5.82367754,1
0.0009765625,307,5.64003229,5.99277973,5.89799643,1
0.0009765625,308,5.66628456,6.00204563,5.97240686,1
0.0009765625,309,5.69206953,6.01044941,6.04688883,1
0.0009765625,310,5.71737099,6.01798058,6.12141562,1
0.0009765625,311,5.74218798,6.02463722,6.19598532,1
0.0009765625,312,5.7665143,6.03042603,6.27056456,1
0.0009765625,313,5.7903347,6.03532743,6.34512568,1
0.0009765625,314,5.81364727,6.03935814,6.41966343,1
0.0009765625,315,5.83644247,6.04250526,6.49415016,1
0.0009765625,316,5.85871506,6.04476976,6.56856537,1
0.0009765625,317,5.88045549,6.04615402,6.6428895,1
0.0009765625,318,5.90166807,6.04666185,6.71711016,1
0.0009765625,319,5.92232847,6.04628658,6.79119015,1
0.0009765625,320,5.94244289,6.04503202,6.8651228,1
0.0009765625,321,5.96200228,6.04289961,6.93889141,1
0.0009765625,322,5.98100138,6.03989887,7.01245403,1
0.0009765625,323,5.99943638,6.03601885,7.08582592,1
0.0009765625,324,6.01729727,6.03127718,7.15895414,1
0.0009765625,325,6.03458452,6.02567625,7.23182535,1
0.0009765625,326,6.05128813,6.01921177,7.30443478,1
0.0009765625,327,6.06741142,6.0118947,7.37675619,1
0.0009765625,328,6.08293867,6.00372458,7.44876671,1
0.0009765625,329,6.09788322,5.99472189,7.52044773,1
0.0009765625,330,6.11222219,5.98487377,7.5917902,1
0.0009765625,331,6.12596798,5.97421169,7.66276169,1
0.0009765625,332,6.13910675,5.96272135,7.7333498,1
0.0009765625,333,6.15164375,5.95042086,7.80354548,1
0.0009765625,334,6.16356945,5.9373188,7.87330675,1
0.0009765625,335,6.17488766,5.92341852,7.94265461,1
0.0009765625,336,6.18559361,5.90874052,8.01153278,1
0.0009765625,337,6.19568682,5.8932848,8.07994652,1
0.0009765625,338,6.20516205,5.87705708,8.14786911,1
0.0009765625,339,6.21402407,5.86008167,8.21530247,1
0.0009765625,340,6.22226715,5.84236097,8.28221703,1
0.0009765625,341,6.22989559,5.82391119,8.34859562,1
0.0009765625,342,6.23690271,5.80473995,8.41442013,1
0.0009765625,343,6.24329615,5.78486156,8.47969723,1
0.0009765625,344,6.24907255,5.76428747,8.5443964,1
0.0009765625,345,6.25422859,5.74302673,8.60850239,1
0.0009765625,346,6.2587719,5.72110367,8.67200756,1
0.0009765625,347,6.26270247,5.69852734,8.73489094,1
0.0009765625,348,6.26601601,5.67529917,8.7971611,1
0.0009765625,349,6.2687211,5.65144873,8.85878849,1
0.0009765625,350,6.27081251,5.62698317,8.91975689,1
0.0009765625,351,6.27229643,5.6019125,8.98006916,1
0.0009765625,352,6.27317762,5.57626057,9.03971291,1
0.0009765625,353,6.27345562,5.55003738,9.09867096,1
0.0009765625,354,6.27313709,5.52326298,9.15693569,1
0.0009765625,355,6.27221632,5.49593973,9.21450233,1
0.0009765625,356,6.27070284,5.46809244,9.2713604,1
0.0009765625,357,6.26860523,5.43974209,9.32749939,1
0.0009765625,358,6.26591635,5.4108839,9.3829174,1
0.0009765625,359,6.26264572,5.38155222,9.43759632,1
0.0009765625,360,6.25880003,5.35176086,9.49153996,1
0.0009765625,361,6.25437927,5.32151318,9.54473877,1
0.0009765625,362,6.24939489,5.29084587,9.59719086,1
0.0009765625,363,6.24384165,5.25974274,9.64888573,1
0.0009765625,364,6.23773575,5.22826099,9.69980812,1
0.0009765625,365,6.23107052,5.19637632,9.74997807,1
0.0009765625,366,6.22385979,5.16412973,9.79936695,1
0.0009765625,367,6.21610737,5.13152695,9.8479948,1
0.0009765625,368,6.20781898,5.09859037,9.89583683,1
0.0009765625,369,6.19899845,5.06532812,9.94290352,1
0.0009765625,370,6.18965626,5.03175831,9.98919392,1
0.0009765625,371,6.17979431,4.99789476,10.0346994,1
0.0009765625,372,6.16942263,4.96376848,10.0794039,1
0.0009765625,373,6.15854311,4.92936993,10.1233406,1
0.0009765625,374,6.1471653,4.89472437,10.1664877,1
0.0009765625,375,6.13529778,4.85985422,10.2088451,1
0.0009765625,376,6.12294769,4.82476807,10.2504263,1
0.0009765625,377,6.11011553,4.78948164,10.2912121,1
0.0009765625,378,6.09681511,4.75400448,10.3312206,1
0.0009765625,379,6.0830493,4.71836472,10.3704405,1
0.0009765625,380,6.06883001,4.68256235,10.4088802,1
0.0009765625,381,6.05415821,4.64661503,10.4465418,1
0.0009765625,382,6.03905153,4.6105442,10.483429,1
0.0009765625,383,6.02350664,4.57435036,10.5195408,1
0.0009765625,384,6.0075388,4.53806448,10.554883,1
0.0009765625,385,5.99114561,4.50167847,10.5894556,1
0.0009765625,386,5.9743557,4.46523428,10.6232719,1
0.0009765625,387,5.95715237,4.42871523,10.6563168,1
0.0009765625,388,5.93955946,4.39214325,10.6886177,1
0.0009765625,389,5.92157936,4.35554838,10.720149,1
0.0009765625,390,5.90321541,4.31891108,10.750948,1
0.0009765625,391,5.88448668,4.28227377,10.781004,1
0.0009765625,392,5.86538935,4.24562359,10.8103313,1
0.0009765625,393,5.84594393,4.20899868,10.8389101,1
0.0009765625,394,5.82615042,4.17238474,10.8667793,1
0.0009765625,395,5.80602026,4.13580894,10.8939238,1
0.0009765625,396,5.78555298,4.09927177,10.920352,1
0.0009765625,397,5.76476669,4.06278658,10.9460821,1
0.0009765625,398,5.74367142,4.02636909,10.9711132,1
0.0009765625,399,5.72226048,3.99002004,10.9954405,1
0.0009765625,400,5.70055532,3.95375872,11.019083,1
0.0009765625,401,5.6785655,3.91759038,11.0420589,1
0.0009765625,402,5.65628338,3.8815186,11.0643473,1
0.0009765625,403,5.63373184,3.8455596,11.0859804,1
0.0009765625,404,5.61091471,3.80972052,11.1069517,1
0.0009765625,405,5.58782959,3.77399993,11.1272707,1
0.0009765625,406,5.5644989,3.73841977,11.1469488,1
0.0009765625,407,5.54093313,3.70299125,11.1659946,1
0.0009765625,408,5.51712418,3.66770768,11.184412,1
0.0009765625,409,5.49309111,3.63258028,11.2022085,1
0.0009765625,410,5.46883106,3.59761286,11.2193995,1
0.0009765625,411,5.44436836,3.56282496,11.2359838,1
0.0009765625,412,5.41969395,3.52821112,11.2519732,1
0.0009765625,413,5.39482164,3.49378395,11.2673693,1
0.0009765625,414,5.36975908,3.45954776,11.2821884,1
0.0009765625,415,5.34451675,3.42550254,11.2964449,1
0.0009765625,416,5.31909943,3.3916595,11.3101463,1
0.0009765625,417,5.2935195,3.35803199,11.3232775,1
0.0009765625,418,5.26776886,3.32460785,11.3358707,1
0.0009765625,419,5.24185848,3.2913959,11.3479176,1
0.0009765625,420,5.21580887,3.25840926,11.3594427,1
0.0009765625,421,5.18961239,3.22564411,11.3704443,1
0.0009765625,422,5.16328955,3.19311929,11.3809385,1
0.0009765625,423,5.13683462,3.16081476,11.390934,1
0.0009765625,424,5.11026478,3.12875843,11.4004211,1
0.0009765625,425,5.08357763,3.09693718,11.4094305,1
0.0009765625,426,5.05677605,3.06535864,11.4179535,1
0.0009765625,427,5.02988243,3.03402734,11.426012,1
0.0009765625,428,5.00288439,3.00293684,11.43361,1
0.0009765625,429,4.97580624,2.9721148,11.4407396,1
0.0009765625,430,4.94864321,2.94153786,11.4474421,1
0.0009765625,431,4.92140579,2.91122079,11.4536982,1
0.0009765625,432,4.89409304,2.88116789,11.4595137,1
0.0009765625,433,4.86671162,2.8513639,11.464922,1
0.0009765625,434,4.83927727,2.82183123,11.469903,1
0.0009765625,435,4.81178188,2.79255295,11.4744883,1
0.0009765625,436,4.78423691,2.76353908,11.4786768,1
0.0009765625,437,4.75665283,2.73480177,11.4824705,1
0.0009765625,438,4.72902346,2.70632052,11.4858799,1
0.0009765625,439,4.70136881,2.67811966,11.488905,1
0.0009765625,440,4.67368031,2.65017438,11.4915762,1
0.0009765625,441,4.64597082,2.62250996,11.4938784,1
0.0009765625,442,4.61823893,2.59510851,11.4958267,1
0.0009765625,443,4.59050083,2.56798553,11.4974346,1
0.0009765625,444,4.56274319,2.54112029,11.4987078,1
0.0009765625,445,4.53499174,2.51453805,11.4996424,1
0.0009765625,446,4.50723171,2.48821878,11.5002518,1
0.0009765625,447,4.47948027,2.46217036,11.5005465,1
0.0009765625,448,4.45173836,2.43639374,11.5005341,1
0.0009765625,449,4.42401171,2.41089559,11.5002136,1
0.0009765625,450,4.39629126,2.38564849,11.4996023,1
0.0009765625,451,4.36860085,2.36068654,11.4986868,1
0.0009765625,452,4.34091854,2.33597732,11.4974899,1
0.0009765625,453,4.31327963,2.3115387,11.4960251,1
0.0009765625,454,4.28567076,2.28737092,11.4942875,1
0.0009765625,455,4.2580986,2.26347256,11.492281,1
0.0009765625,456,4.23055887,2.23982453,11.4900227,1
0.0009765625,457,4.2030654,2.21644306,11.4875135,1
0.0009765625,458,4.17561197,2.19332218,11.4847479,1
0.0009765625,459,4.14821243,2.17046404,11.4817429,1
0.0009765625,460,4.12086725,2.14786768,11.4785032,1
0.0009765625,461,4.093575,2.12552643,11.4750443,1
0.0009765625,462,4.06633615,2.10343552,11.4713535,1
0.0009765625,463,4.03916788,2.08161044,11.4674463,1
0.0009765625,464,4.01205158,2.06002092,11.4633312,1
0.0009765625,465,3.985008,2.03868771,11.4590101,1
0.0009765625,466,3.95802903,2.0176065,11.4544783,1
0.0009765625,467,3.93112373,1.99676597,11.4497528,1
0.0009765625,468,3.90429211,1.97617388,11.4448395,1
0.0009765625,469,3.87753677,1.95582449,11.439744,1
0.0009765625,470,3.85085988,1.93571675,11.4344521,1
0.0009765625,471,3.82425785,1.91584015,11.4290037,1
0.0009765625,472,3.79774857,1.89620948,11.4233656,1
0.0009765625,473,3.77131867,1.87680805,11.4175806,1
0.0009765625,474,3.74497128,1.85763609,11.4116135,1
0.0009765625,475,3.71872067,1.83870375,11.4054956,1
0.0009765625,476,3.69255304,1.81999111,11.3992224,1
0.0009765625,477,3.66648126,1.80150115,11.3928118,1
0.0009765625,478,3.6405139,1.78325379,11.3862429,1
0.0009765625,479,3.61462188,1.76520324,11.3795395,1
0.0009765625,480,3.58884287,1.7473855,11.3726997,1
0.0009765625,481,3.56314445,1.72977042,11.365715,1
0.0009765625,482,3.53756213,1.71238339,11.3586111,1
0.0009765625,483,3.51207733,1.69519961,11.3513889,1
0.0009765625,484,3.48669624,1.67823112,11.3440409,1
0.0009765625,485,3.46141839,1.66146839,11.3365688,1
0.0009765625,486,3.4362464,1.64490914,11.3289928,1
0.0009765625,487,3.41117597,1.62854469,11.3213062,1
0.0009765625,488,3.38621616,1.6123873,11.3135023,1
0.0009765625,489,3.36136842,1.59642482,11.3056145,1
0.0009765625,490,3.33662605,1.58065712,11.2976074,1
0.0009765625,491,3.31198812,1.5650779,11.2895126,1
0.0009765625,492,3.28746986,1.5496937,11.2813187,1
0.0009765625,493,3.2630558,1.53448522,11.2730503,1
0.0009765625,494,3.23875856,1.51947188,11.264679,1
0.0009765625,495,3.21458435,1.50465083,11.2562256,1
0.0009765625,496,3.1905067,1.4899857,11.2476978,1
0.0009765625,497,3.16654468,1.47550666,11.2390776,1
0.0009765625,498,3.14271188,1.46120667,11.2304001,1
0.0009765625,499,3.11897802,1.44706917,11.2216358,1
0.0009765625,500,3.09536815,1.43311262,11.2128,1
0.0009765625,501,3.07187819,1.41931546,11.203907,1
0.0009765625,502,3.04850674,1.40569055,11.1949606,1
0.0009765625,503,3.02524567,1.39222217,11.1859369,1
0.0009765625,504,3.00210857,1.37891936,11.1768579,1
0.0009765625,505,2.97907805,1.36576176,11.1677208,1
0.0009765625,506,2.95616341,1.35275722,11.1585312,1
0.0009765625,507,2.93338251,1.33992171,11.1492815,1
0.0009765625,508,2.91070557,1.32722449,11.1399851,1
0.0009765625,509,2.88815832,1.31468034,11.1306505,1
0.0009765625,510,2.86572194,1.30228233,11.1212482,1
0.0009765625,511,2.84340096,1.2900182,11.1118174,1
0.0009765625,512,2.82121253,1.27791095,11.1023436,1
0.0009765625,513,2.7991221,1.26592207,11.0928259,1
0.0009765625,514,2.77716494,1.25408256,11.0832777,1
0.0009765625,515,2.75531912,1.24237013,11.0736876,1
0.0009765625,516,2.73358917,1.2307899,11.0640612,1
0.0009765625,517,2.71198249,1.21934426,11.054409,1
0.0009765625,518,2.69048786,1.20801353,11.0447264,1
0.0009765625,519,2.66912103,1.19681823,11.0350237,1
0.0009765625,520,2.64785767,1.18573678,11.025281,1
0.0009765625,521,2.62672663,1.17478859,11.0155134,1
0.0009765625,522,2.60569906,1.16394818,11.0057192,1
0.0009765625,523,2.58478761,1.15321565,10.9959183,1
0.0009765625,524,2.56399369,1.14260423,10.9860859,1
0.0009765625,525,2.54331589,1.13210201,10.9762392,1
0.0009765625,526,2.52276421,1.12172353,10.966363,1
0.0009765625,527,2.50231886,1.11143529,10.9564962,1
0.0009765625,528,2.48198318,1.10125351,10.9465942,1
0.0009765625,529,2.46176291,1.09117198,10.9366913,1
0.0009765625,530,2.44165778,1.08119702,10.9267645,1
0.0009765625,531,2.42166448,1.07131517,10.9168444,1
0.0009765625,532,2.4017911,1.06154346,10.9069061,1
0.0009765625,533,2.38201785,1.05184555,10.896965,1
0.0009765625,534,2.36235952,1.04225338,10.8870039,1
0.0009765625,535,2.34281778,1.03275311,10.8770456,1
0.0009765625,536,2.32337999,1.02333379,10.8670855,1
0.0009765625,537,2.30405045,1.01400089,10.8571243,1
0.0009765625,538,2.28482914,1.00475001,10.8471632,1
0.0009765625,539,2.26572776,0.99559617,10.8371878,1
0.0009765625,540,2.24671698,0.986507535,10.82722,1
0.0009765625,541,2.22782755,0.97751224,10.8172455,1
0.0009765625,542,2.20903635,0.968585551,10.8072767,1
0.0009765625,543,2.19035339,0.959728837,10.7973337,1
0.0009765625,544,2.17177844,0.95095551,10.7873735,1
0.0009765625,545,2.15330148,0.942244709,10.7774267,1
0.0009765625,546,2.1349256,0.933601975,10.7674809,1
0.0009765625,547,2.11665821,0.925034702,10.7575378,1
0.0009765625,548,2.09848881,0.916526735,10.7476177,1
0.0009765625,549,2.08042502,0.908086777,10.7376976,1
0.0009765625,550,2.06246734,0.899718702,10.727787,1
0.0009765625,551,2.04460692,0.891408682,10.7178822,1
0.0009765625,552,2.02683496,0.883145452,10.7079916,1
0.0009765625,553,2.00916743,0.874945939,10.6981201,1
0.0009765625,554,1.99159169,0.866798699,10.6882505,1
0.0009765625,555,1.9741168,0.858705282,10.6784048,1
0.0009765625,556,1.9567399,0.850669146,10.6685705,1
0.0009765625,557,1.93946612,0.842692435,10.6587496,1
0.0009765625,558,1.92227221,0.834756196,10.6489382,1
0.0009765625,559,1.90517461,0.826858878,10.639164,1
0.0009765625,560,1.88817084,0.819018781,10.629385,1
0.0009765625,561,1.87126243,0.81122613,10.619627,1
0.0009765625,562,1.85444033,0.803469658,10.60989,1
0.0009765625,563,1.83771038,0.79575634,10.6001759,1
0.0009765625,564,1.82106602,0.788084984,10.5904665,1
0.0009765625,565,1.80451226,0.780452013,10.5807867,1
0.0009765625,566,1.78805101,0.772858322,10.5711355,1
0.0009765625,567,1.77167046,0.765295327,10.5615091,1
0.0009765625,568,1.75538206,0.75777626,10.5518847,1
0.0009765625,569,1.73917174,0.750277758,10.5422974,1
0.0009765625,570,1.72303331,0.74280405,10.5327225,1
0.0009765625,571,1.70700347,0.735383391,10.5231819,1
0.0009765625,572,1.69103265,0.727970302,10.5136547,1
0.0009765625,573,1.67516351,0.720606387,10.5041494,1
0.0009765625,574,1.65936959,0.713259041,10.4946833,1
0.0009765625,575,1.64364791,0.705931902,10.4852324,1
0.0009765625,576,1.62800837,0.698630273,10.4758129,1
0.0009765625,577,1.61244011,0.691343367,10.4664145,1
0.0009765625,578,1.59696198,0.684094429,10.4570408,1
0.0009765625,579,1.58155656,0.676859975,10.4476948,1
0.0009765625,580,1.56621313,0.669628918,10.4383812,1
0.0009765625,581,1.55096233,0.66243428,10.4290924,1
0.0009765625,582,1.53577113,0.655244052,10.4198294,1
0.0009765625,583,1.52066338,0.648077369,10.410594,1
0.0009765625,584,1.505615,0.640914261,10.4013805,1
0.0009765625,585,1.49064112,0.633763671,10.3922129,1
0.0009765625,586,1.47574019,0.62662828,10.3830643,1
0.0009765625,587,1.4609127,0.619508207,10.37395,1
0.0009765625,588,1.44614565,0.612390578,10.3648577,1
0.0009765625,589,1.43144727,0.605279922,10.3558054,1
0.0009765625,590,1.41681516,0.598174691,10.3467884,1
0.0009765625,591,1.40224469,0.591071963,10.3377895,1
0.0009765625,592,1.38774383,0.583981991,10.3288202,1
0.0009765625,593,1.37330675,0.576890111,10.3199034,1
0.0009765625,594,1.35892391,0.569796741,10.3109922,1
0.0009765625,595,1.34461057,0.562708855,10.3021259,1
0.0009765625,596,1.33034742,0.555609345,10.2932997,1
0.0009765625,597,1.31615591,0.548525095,10.2844877,1
0.0009765625,598,1.30202186,0.541432619,10.2757168,1
0.0009765625,599,1.28794754,0.534337759,10.2669916,1
0.0009765625,600,1.27392817,0.527238905,10.2582884,1
0.0009765625,601,1.25995994,0.520130515,10.2496099,1
0.0009765625,602,1.24605465,0.51301825,10.240984,1
0.0009765625,603,1.23219514,0.50589323,10.2323828,1
0.0009765625,604,1.21839583,0.49876368,10.2238216,1
0.0009765625,605,1.20464981,0.491627663,10.2152929,1
0.0009765625,606,1.19096136,0.484483719,10.20681,1
0.0009765625,607,1.17731452,0.477320433,10.1983452,1
0.0009765625,608,1.16372514,0.470152736,10.1899252,1
0.0009765625,609,1.15017366,0.462958127,10.1815405,1
0.0009765625,610,1.13668144,0.455764085,10.1731815,1
0.0009765625,611,1.12322855,0.448543906,10.1648664,1
0.0009765625,612,1.10982382,0.4413082,10.1565905,1
0.0009765625,613,1.09648252,0.434072822,10.1483507,1
0.0009765625,614,1.08316457,0.426796377,10.1401567,1
0.0009765625,615,1.06989634,0.419510007,10.1319799,1
0.0009765625,616,1.0566709,0.412200332,10.1238546,1
0.0009765625,617,1.04349935,0.404885173,10.115757,1
0.0009765625,618,1.03034997,0.397523999,10.1077061,1
0.0009765625,619,1.01726127,0.390162796,10.0996923,1
0.0009765625,620,1.00419664,0.38276118,10.0917149,1
0.0009765625,621,0.991173387,0.375341535,10.0837679,1
0.0009765625,622,0.978196859,0.367897987,10.075881,1
0.0009765625,623,0.965258002,0.360434175,10.0680141,1
0.0009765625,624,0.952346027,0.352931291,10.060194,1
0.0009765625,625,0.939483047,0.34541589,10.0524092,1
0.0009765625,626,0.926653683,0.337870598,10.0446615,1
0.0009765625,627,0.913841009,0.33027634,10.0369596,1
0.0009765625,628,0.901070178,0.322662085,10.0292969,1
0.0009765625,629,0.888354003,0.315037608,10.021677,1
0.0009765625,630,0.875642896,0.307355762,10.0140944,1
0.0009765625,631,0.862967074,0.299645454,10.0065479,1
0.0009765625,632,0.850326896,0.291907936,9.99904728,1
0.0009765625,633,0.837707877,0.284127504,9.99158669,1
0.0009765625,634,0.825127602,0.276322633,9.98415852,1
0.0009765625,635,0.812581241,0.26848948,9.97677994,1
0.0009765625,636,0.800037742,0.260591984,9.96944714,1
0.0009765625,637,0.787542343,0.252684236,9.96213722,1
0.0009765625,638,0.775060117,0.244723246,9.95488262,1
0.0009765625,639,0.762600362,0.236720711,9.94767952,1
0.0009765625,640,0.750182867,0.22869958,9.94050503,1
0.0009765625,641,0.737777114,0.220623642,9.9333868,1
0.0009765625,642,0.725389421,0.212506086,9.92628288,1
0.0009765625,643,0.713024199,0.204345495,9.91924667,1
0.0009765625,644,0.700692356,0.196157604,9.91224289,1
0.0009765625,645,0.688369334,0.18791233,9.90528393,1
0.0009765625,646,0.676064789,0.179623351,9.89836788,1
0.0009765625,647,0.663781762,0.171292037,9.89150143,1
0.0009765625,648,0.651517808,0.162918419,9.88467121,1
0.0009765625,649,0.639270723,0.154498294,9.87788677,1
0.0009765625,650,0.627035975,0.146026671,9.87114429,1
0.0009765625,651,0.614837468,0.137532786,9.86443901,1
0.0009765625,652,0.602618277,0.128947526,9.85780048,1
0.0009765625,653,0.590435207,0.120340794,9.8511858,1
0.0009765625,654,0.578258872,0.111676522,9.84462166,1
0.0009765625,655,0.566095769,0.102961674,9.83810997,1
0.0009765625,656,0.553956091,0.0942108408,9.83163071,1
0.0009765625,657,0.541817069,0.0853962526,9.82519627,1
0.0009765625,658,0.529684246,0.076524809,9.81881714,1
0.0009765625,659,0.517569602,0.0676078424,9.8124876,1
0.0009765625,660,0.505459607,0.0586336516,9.80619907,1
0.0009765625,661,0.49335146,0.0496000387,9.79994488,1
0.0009765625,662,0.481261641,0.0405202471,9.79375553,1
0.0009765625,663,0.469181091,0.0313894898,9.78760433,1
0.0009765625,664,0.457101494,0.0221956484,9.78150082,1
0.0009765625,665,0.445029557,0.0129493754,9.7754364,1
0.0009765625,666,0.432958066,0.00364003051,9.76941967,1
0.0009765625,667,0.420899779,-0.00571959512,9.76346397,1
0.0009765625,668,0.408829749,-0.0151528381,9.75754547,1
0.0009765625,669,0.39677614,-0.0246315245,9.75168419,1
0.0009765625,670,0.384723365,-0.0341701284,9.74586201,1
0.0009765625,671,0.372665405,-0.0437786616,9.74009132,1
0.0009765625,672,0.360613734,-0.0534407683,9.73436737,1
0.0009765625,673,0.348567158,-0.0631591007,9.72869396,1
0.0009765625,674,0.336509496,-0.0729518309,9.7230587,1
0.0009765625,675,0.324451119,-0.0828082636,9.71748734,1
0.0009765625,676,0.312397867,-0.0927203894,9.71196365,1
0.0009765625,677,0.300332844,-0.102705278,9.7064743,1
0.0009765625,678,0.288285762,-0.112733044,9.70104885,1
0.0009765625,679,0.276207864,-0.122857243,9.69567585,1
0.0009765625,680,0.264137894,-0.133032247,9.69034958,1
0.0009765625,681,0.252069026,-0.143268213,9.68507195,1
0.0009765625,682,0.239989415,-0.153575242,9.67983532,1
0.0009765625,683,0.22789301,-0.163965642,9.67467594,1
0.0009765625,684,0.21579659,-0.174414158,9.6695528,1
0.0009765625,685,0.203703344,-0.184919894,9.66448212,1
0.0009765625,686,0.191594943,-0.195503339,9.65945911,1
0.0009765625,687,0.179470435,-0.206165239,9.6544857,1
0.0009765625,688,0.167348757,-0.216884449,9.64957619,1
0.0009765625,689,0.155199528,-0.227694735,9.64471436,1
0.0009765625,690,0.143056199,-0.238558143,9.63990211,1
0.0009765625,691,0.130899683,-0.249496073,9.63513947,1
0.0009765625,692,0.118719235,-0.260520905,9.63043976,1
0.0009765625,693,0.106541827,-0.27160123,9.62578678,1
0.0009765625,694,0.094344072,-0.282765299,9.62119675,1
0.0009765625,695,0.0821293443,-0.294007182,9.61664963,1
0.0009765625,696,0.069905594,-0.305319369,9.61217213,1
0.0009765625,697,0.0576709509,-0.316701442,9.60773182,1
0.0009765625,698,0.0454154573,-0.328167409,9.60335064,1
0.0009765625,699,0.0331365317,-0.339719832,9.59904766,1
0.0009765625,700,0.0208561886,-0.35133037,9.59477043,1
0.0009765625,701,0.00854462478,-0.363036275,9.59055901,1
0.0009765625,702,-0.00377552398,-0.374810398,9.58640862,1
0.0009765625,703,-0.0161266606,-0.386678785,9.58231068,1
0.0009765625,704,-0.0284788646,-0.398605525,9.57827663,1
0.0009765625,705,-0.0408615544,-0.410626024,9.57429981,1
0.0009765625,706,-0.0532627404,-0.422726303,9.57037354,1
0.0009765625,707,-0.0656887814,-0.434911728,9.56651211,1
0.0009765625,708,-0.0781196579,-0.447159737,9.56269169,1
0.0009765625,709,-0.090587385,-0.459509045,9.55894947,1
0.0009765625,710,-0.103074469,-0.471938074,9.55526638,1
0.0009765625,711,-0.115595527,-0.484464049,9.55163383,1
0.0009765625,712,-0.128116623,-0.497044623,9.54805565,1
0.0009765625,713,-0.140671462,-0.509723723,9.54454899,1
0.0009765625,714,-0.153262928,-0.522502482,9.54110527,1
0.0009765625,715,-0.165866628,-0.535350025,9.53771782,1
0.0009765625,716,-0.17849113,-0.548278689,9.53438663,1
0.0009765625,717,-0.191158608,-0.561315596,9.53112602,1
0.0009765625,718,-0.203838512,-0.574421823,9.527915,1
0.0009765625,719,-0.216555342,-0.587627292,9.52477741,1
0.0009765625,720,-0.229289487,-0.600908458,9.52169132,1
0.0009765625,721,-0.242063448,-0.614293814,9.51869011,1
0.0009765625,722,-0.254859149,-0.627758563,9.51572418,1
0.0009765625,723,-0.267679453,-0.641308367,9.5128355,1
0.0009765625,724,-0.280537069,-0.654957771,9.51001835,1
0.0009765625,725,-0.293420434,-0.668691516,9.50725842,1
0.0009765625,726,-0.306339711,-0.682523608,9.50456142,1
0.0009765625,727,-0.319294572,-0.696452677,9.50194263,1
0.0009765625,728,-0.332274616,-0.71046561,9.49936485,1
0.0009765625,729,-0.345283598,-0.724568009,9.49687195,1
0.0009765625,730,-0.358328432,-0.738767266,9.49444485,1
0.0009765625,731,-0.371405393,-0.75305891,9.49207592,1
0.0009765625,732,-0.384515584,-0.767443478,9.48977757,1
0.0009765625,733,-0.397674859,-0.781941652,9.48756123,1
0.0009765625,734,-0.410852432,-0.796515048,9.48540401,1
0.0009765625,735,-0.424058616,-0.811175644,9.48330879,1
0.0009765625,736,-0.437320769,-0.825956821,9.4812851,1
0.0009765625,737,-0.450605094,-0.840817928,9.47934341,1
0.0009765625,738,-0.463927925,-0.855778039,9.47745705,1
0.0009765625,739,-0.477291703,-0.870840788,9.47565079,1
0.0009765625,740,-0.490694284,-0.886002719,9.47391319,1
0.0009765625,741,-0.504131973,-0.901260078,9.4722538,1
0.0009765625,742,-0.517615914,-0.916624784,9.4706459,1
0.0009765625,743,-0.531119108,-0.932065129,9.46913052,1
0.0009765625,744,-0.544675231,-0.947622299,9.46769142,1
0.0009765625,745,-0.558278322,-0.963288069,9.46631336,1
0.0009765625,746,-0.571906865,-0.979035735,9.46501446,1
0.0009765625,747,-0.585581839,-0.994891882,9.46378899,1
0.0009765625,748,-0.599306822,-1.01086044,9.46263695,1
0.0009765625,749,-0.613056898,-1.02691019,9.46156502,1
0.0009765625,750,-0.626865327,-1.04308319,9.46056271,1
0.0009765625,751,-0.640707612,-1.05934727,9.4596386,1
0.0009765625,752,-0.654595435,-1.07571805,9.45879459,1
0.0009765625,753,-0.668527246,-1.09219301,9.45802784,1
0.0009765625,754,-0.68249774,-1.10876679,9.45734215,1
0.0009765625,755,-0.696524441,-1.12545872,9.45674038,1
0.0009765625,756,-0.710584164,-1.14224076,9.45621586,1
0.0009765625,757,-0.72469753,-1.15913963,9.45575142,1
0.0009765625,758,-0.738846898,-1.17613173,9.45539284,1
0.0009765625,759,-0.753054023,-1.19324529,9.45510769,1
0.0009765625,760,-0.767292321,-1.21044576,9.45490551,1
0.0009765625,761,-0.781589985,-1.22776914,9.45477581,1
0.0009765625,762,-0.795934856,-1.24519968,9.45473862,1
0.0009765625,763,-0.810327709,-1.26273787,9.45478439,1
0.0009765625,764,-0.82476002,-1.28037417,9.45490932,1
0.0009765625,765,-0.839250386,-1.29813051,9.45512772,1
0.0009765625,766,-0.853778183,-1.31598198,9.45541954,1
0.0009765625,767,-0.86836344,-1.33395267,9.45580292,1
0.0009765625,768,-0.882992387,-1.35202575,9.45626736,1
0.0009765625,769,-0.897676468,-1.37021458,9.45683098,1
0.0009765625,770,-0.912404597,-1.38850594,9.45747471,1
0.0009765625,771,-0.927190781,-1.40691686,9.45821667,1
0.0009765625,772,-0.942028224,-1.42543936,9.45903683,1
0.0009765625,773,-0.956921935,-1.44407892,9.45996284,1
0.0009765625,774,-0.971848369,-1.46280622,9.46095562,1
0.0009765625,775,-0.986842453,-1.4816643,9.46205807,1
0.0009765625,776,-1.00188398,-1.50062859,9.46323204,1
0.0009765625,777,-1.01696932,-1.51969433,9.46450901,1
0.0009765625,778,-1.03213143,-1.53890169,9.46589851,1
0.0009765625,779,-1.04734457,-1.55821955,9.46735191,1
0.0009765625,780,-1.06258571,-1.57761812,9.46891594,1
0.0009765625,781,-1.07790315,-1.59715724,9.47057152,1
0.0009765625,782,-1.09325504,-1.61678505,9.47232056,1
0.0009765625,783,-1.10869324,-1.63656843,9.47416592,1
0.0009765625,784,-1.12416291,-1.65643501,9.4761076,1
0.0009765625,785,-1.13969553,-1.6764251,9.47816372,1
0.0009765625,786,-1.15527236,-1.69651663,9.48029041,1
0.0009765625,787,-1.17091858,-1.71673882,9.4825325,1
0.0009765625,788,-1.18663418,-1.73709369,9.4848814,1
0.0009765625,789,-1.20238507,-1.75753808,9.48731709,1
0.0009765625,790,-1.21820641,-1.77811325,9.48986626,1
0.0009765625,791,-1.23407102,-1.79878664,9.49251461,1
0.0009765625,792,-1.2500062,-1.81959414,9.49526787,1
0.0009765625,793,-1.26599085,-1.84050763,9.49810886,1
0.0009765625,794,-1.28203523,-1.86153805,9.50107479,1
0.0009765625,795,-1.29813337,-1.88268054,9.50412273,1
0.0009765625,796,-1.31429756,-1.90394866,9.50730228,1
0.0009765625,797,-1.33052135,-1.92533565,9.51056862,1
0.0009765625,798,-1.34680784,-1.94684458,9.51394272,1
0.0009765625,799,-1.36315167,-1.96846771,9.51744175,1
0.0009765625,800,-1.37954628,-1.99019718,9.52103615,1
0.0009765625,801,-1.39600718,-2.01205158,9.52474976,1
0.0009765625,802,-1.412534,-2.03403163,9.52857494,1
0.0009765625,803,-1.42912209,-2.0561316,9.53251553,1
0.0009765625,804,-1.4457705,-2.0783484,9.53655243,1
0.0009765625,805,-1.46246958,-2.10067105,9.54070759,1
0.0009765625,806,-1.47923791,-2.1231215,9.54497623,1
0.0009765625,807,-1.49607325,-2.14569855,9.54936218,1
0.0009765625,808,-1.51295483,-2.16837382,9.55385971,1
0.0009765625,809,-1.52992773,-2.19120455,9.55849361,1
0.0009765625,810,-1.546929,-2.21411324,9.56321812,1
0.0009765625,811,-1.56401479,-2.23716712,9.56807804,1
0.0009765625,812,-1.58115995,-2.26033616,9.57305431,1
0.0009765625,813,-1.59836268,-2.28361821,9.57814026,1
0.0009765625,814,-1.61564493,-2.30704021,9.58336163,1
0.0009765625,815,-1.63296902,-2.33055401,9.58869648,1
0.0009765625,816,-1.65036428,-2.35419774,9.59414005,1
0.0009765625,817,-1.66782534,-2.37796235,9.59972286,1
0.0009765625,818,-1.68534696,-2.40184093,9.60543823,1
0.0009765625,819,-1.70294535,-2.42585874,9.61126328,1
0.0009765625,820,-1.7205956,-2.44997501,9.61721706,1
0.0009765625,821,-1.73831582,-2.47422147,9.62330341,1
0.0009765625,822,-1.75610101,-2.49858737,9.62950993,1
0.0009765625,823,-1.7739445,-2.52306366,9.63585281,1
0.0009765625,824,-1.79186153,-2.54766965,9.64232826,1
0.0009765625,825,-1.80984509,-2.57239723,9.64891815,1
0.0009765625,826,-1.82789862,-2.59724975,9.6556654,1
0.0009765625,827,-1.84600484,-2.62220645,9.66252518,1
0.0009765625,828,-1.86418593,-2.64729285,9.66951656,1
0.0009765625,829,-1.88243866,-2.67250681,9.67665577,1
0.0009765625,830,-1.90072799,-2.69780064,9.68390656,1
0.0009765625,831,-1.91911662,-2.72325683,9.69131851,1
0.0009765625,832,-1.93755209,-2.7488091,9.69883919,1
0.0009765625,833,-1.95606756,-2.77449393,9.70652962,1
0.0009765625,834,-1.97463858,-2.8002851,9.71433449,1
0.0009765625,835,-1.9932909,-2.82621312,9.72229862,1
0.0009765625,836,-2.01199794,-2.8522439,9.73040199,1
0.0009765625,837,-2.0307672,-2.87838888,9.73861599,1
0.0009765625,838,-2.04961157,-2.90465951,9.74699974,1
0.0009765625,839,-2.06851315,-2.931036,9.75553131,1
0.0009765625,840,-2.08750105,-2.95755601,9.76419353,1
0.0009765625,841,-2.10654235,-2.98417568,9.7729969,1
0.0009765625,842,-2.12565017,-3.01091051,9.78196144,1
0.0009765625,843,-2.14483786,-3.03777862,9.79106426,1
0.0009765625,844,-2.16409087,-3.06476092,9.8003273,1
0.0009765625,845,-2.18339753,-3.09184265,9.80972862,1
0.0009765625,846,-2.20279264,-3.11906624,9.81929207,1
0.0009765625,847,-2.22223115,-3.14637542,9.82898045,1
0.0009765625,848,-2.24175358,-3.17382121,9.83884335,1
0.0009765625,849,-2.26135945,-3.20140076,9.84887505,1
0.0009765625,850,-2.2809968,-3.22905135,9.85902596,1
0.0009765625,851,-2.30072045,-3.25683856,9.86934662,1
0.0009765625,852,-2.32051229,-3.28474307,9.87981224,1
0.0009765625,853,-2.34037185,-3.31275892,9.89045811,1
0.0009765625,854,-2.36028814,-3.34087491,9.90123749,1
0.0009765625,855,-2.38028836,-3.36912584,9.91219521,1
0.0009765625,856,-2.40035367,-3.39748597,9.92330933,1
0.0009765625,857,-2.42047381,-3.42594004,9.93458366,1
0.0009765625,858,-2.44067216,-3.45452404,9.94600487,1
0.0009765625,859,-2.46094203,-3.48322058,9.95760918,1
0.0009765625,860,-2.48128128,-3.51203179,9.96937847,1
0.0009765625,861,-2.50166011,-3.5409162,9.98129177,1
0.0009765625,862,-2.52213955,-3.56995416,9.99338913,1
0.0009765625,863,-2.5426662,-3.59907699,10.0056391,1
0.0009765625,864,-2.5632689,-3.62831688,10.0180683,1
0.0009765625,865,-2.58394647,-3.65767765,10.0306759,1
0.0009765625,866,-2.60468745,-3.6871419,10.0434389,1
0.0009765625,867,-2.62548614,-3.71670008,10.0563726,1
0.0009765625,868,-2.64636445,-3.74637985,10.0694895,1
0.0009765625,869,-2.66729712,-3.77615142,10.0827656,1
0.0009765625,870,-2.68830562,-3.806041,10.0962219,1
0.0009765625,871,-2.70939231,-3.83604956,10.109868,1
0.0009765625,872,-2.73052144,-3.8661325,10.123661,1
0.0009765625,873,-2.75170851,-3.89630461,10.137641,1
0.0009765625,874,-2.77299118,-3.92661905,10.151804,1
0.0009765625,875,-2.79433608,-3.95703053,10.1661558,1
0.0009765625,876,-2.81574035,-3.98753643,10.1806746,1
0.0009765625,877,-2.83722186,-4.01815701,10.1953936,1
0.0009765625,878,-2.85874724,-4.04885149,10.2102594,1
0.0009765625,879,-2.88036251,-4.0796752,10.2253361,1
0.0009765625,880,-2.90203118,-4.11058235,10.240591,1
0.0009765625,881,-2.92377257,-4.14159966,10.2560301,1
0.0009765625,882,-2.94555998,-4.17268515,10.2716484,1
0.0009765625,883,-2.9674201,-4.20387745,10.2874546,1
0.0009765625,884,-2.98935461,-4.2351799,10.3034534,1
0.0009765625,885,-3.01133871,-4.26655817,10.3196325,1
0.0009765625,886,-3.03341103,-4.29806137,10.3360224,1
0.0009765625,887,-3.05552649,-4.32963037,10.3525829,1
0.0009765625,888,-3.0777204,-4.36131048,10.3693466,1
0.0009765625,889,-3.09997272,-4.3930769,10.3862982,1
0.0009765625,890,-3.12229776,-4.42494249,10.4034595,1
0.0009765625,891,-3.14466786,-4.45687485,10.4207935,1
0.0009765625,892,-3.16709805,-4.48889351,10.4383163,1
0.0009765625,893,-3.18961382,-4.52103281,10.4560575,1
0.0009765625,894,-3.21217561,-4.5532341,10.473978,1
0.0009765625,895,-3.23480201,-4.58552504,10.4921064,1
0.0009765625,896,-3.25749636,-4.61790657,10.5104456,1
0.0009765625,897,-3.28024745,-4.65037012,10.5289679,1
0.0009765625,898,-3.30306125,-4.68291664,10.5476904,1
0.0009765625,899,-3.32593179,-4.71554041,10.5666208,1
0.0009765625,900,-3.34886122,-4.74824047,10.5857458,1
0.0009765625,901,-3.37186074,-4.78103256,10.6050844,1
0.0009765625,902,-3.39491034,-4.81389189,10.6246252,1
0.0009765625,903,-3.41803074,-4.84684086,10.6443825,1
0.0009765625,904,-3.44121504,-4.87987566,10.6643333,1
0.0009765625,905,-3.46443772,-4.91295719,10.684494,1
0.0009765625,906,-3.4877224,-4.94611883,10.7048492,1
0.0009765625,907,-3.51107335,-4.97936201,10.7254324,1
0.0009765625,908,-3.53448629,-5.01268339,10.7462139,1
0.0009765625,909,-3.55794001,-5.04605293,10.7672005,1
0.0009765625,910,-3.58147001,-5.07951212,10.7884369,1
0.0009765625,911,-3.60505295,-5.11304092,10.8098526,1
0.0009765625,912,-3.62868214,-5.14662409,10.8314772,1
0.0009765625,913,-3.65237546,-5.18027925,10.8533278,1
0.0009765625,914,-3.67612004,-5.21399355,10.875392,1
0.0009765625,915,-3.69992161,-5.24777651,10.8976698,1
0.0009765625,916,-3.72376871,-5.28160429,10.9201632,1
0.0009765625,917,-3.7476902,-5.31552362,10.9428835,1
0.0009765625,918,-3.77164745,-5.34947491,10.965807,1
0.0009765625,919,-3.79564142,-5.38346481,10.9889393,1
0.0009765625,920,-3.819731,-5.41756487,11.0123215,1
0.0009765625,921,-3.84384632,-5.45168209,11.0359154,1
0.0009765625,922,-3.86802793,-5.48588181,11.0597086,1
0.0009765625,923,-3.89225769,-5.52011871,11.0837641,1
0.0009765625,924,-3.91651964,-5.55438852,11.1079884,1
0.0009765625,925,-3.94083047,-5.58870363,11.1324444,1
0.0009765625,926,-3.96521211,-5.62309456,11.1571522,1
0.0009765625,927,-3.98963785,-5.65752029,11.1820784,1
0.0009765625,928,-4.01411343,-5.69199467,11.2072315,1
0.0009765625,929,-4.03862047,-5.7264924,11.2325897,1
0.0009765625,930,-4.06320667,-5.7610693,11.2582064,1
0.0009765625,931,-4.08780384,-5.79564333,11.2840052,1
0.0009765625,932,-4.11246109,-5.83027267,11.3100471,1
0.0009765625,933,-4.13716602,-5.86493683,11.33634,1
0.0009765625,934,-4.16190577,-5.89962673,11.3628235,1
0.0009765625,935,-4.18670702,-5.93436861,11.3895664,1
0.0009765625,936,-4.21154642,-5.96913433,11.4165382,1
0.0009765625,937,-4.23641157,-6.00391197,11.4436998,1
0.0009765625,938,-4.26134539,-6.03874683,11.4711418,1
0.0009765625,939,-4.28631544,-6.07360411,11.4987898,1
0.0009765625,940,-4.31131697,-6.10847092,11.5266809,1
0.0009765625,941,-4.33637094,-6.14337349,11.5547953,1
0.0009765625,942,-4.36143637,-6.17826939,11.5831184,1
0.0009765625,943,-4.38657284,-6.21321869,11.6117096,1
0.0009765625,944,-4.41173553,-6.24816847,11.6405249,1
0.0009765625,945,-4.43695068,-6.28315449,11.6695757,1
0.0009765625,946,-4.46218395,-6.31812954,11.698863,1
0.0009765625,947,-4.48744488,-6.35310984,11.7283478,1
0.0009765625,948,-4.51274872,-6.38810682,11.7580881,1
0.0009765625,949,-4.5381093,-6.42313766,11.788084,1
0.0009765625,950,-4.5634799,-6.45814991,11.8182735,1
0.0009765625,951,-4.58890438,-6.49318743,11.8487425,1
0.0009765625,952,-4.6143465,-6.52821445,11.8794146,1
0.0009765625,953,-4.63981533,-6.56322861,11.9103365,1
0.0009765625,954,-4.66534472,-6.59828711,11.9414968,1
0.0009765625,955,-4.6908679,-6.63328934,11.9728689,1
0.0009765625,956,-4.71644306,-6.66831923,12.0045061,1
0.0009765625,957,-4.74203777,-6.7033267,12.0363626,1
0.0009765625,958,-4.76766443,-6.73833513,12.0684643,1
0.0009765625,959,-4.79331541,-6.77332354,12.1007957,1
0.0009765625,960,-4.81900072,-6.80831051,12.1333761,1
0.0009765625,961,-4.84471035,-6.84328318,12.1661892,1
0.0009765625,962,-4.87044239,-6.87823677,12.1992283,1
0.0009765625,963,-4.89618301,-6.91315413,12.2324829,1
0.0009765625,964,-4.92196989,-6.94807339,12.2660151,1
0.0009765625,965,-4.94778252,-6.98297596,12.2997837,1
0.0009765625,966,-4.973598,-7.01783514,12.3337545,1
0.0009765625,967,-4.99944782,-7.05267859,12.3679934,1
0.0009765625,968,-5.02529335,-7.08746958,12.4024372,1
0.0009765625,969,-5.05117846,-7.12225437,12.4371338,1
0.0009765625,970,-5.07707977,-7.15700006,12.4720602,1
0.0009765625,971,-5.10300303,-7.19171524,12.5072517,1
0.0009765625,972,-5.12894201,-7.22639227,12.5426693,1
0.0009765625,973,-5.15488338,-7.26101685,12.5783033,1
0.0009765625,974,-5.18084049,-7.29560423,12.6141748,1
0.0009765625,975,-5.20682049,-7.3301568,12.650281,1
0.0009765625,976,-5.23281813,-7.36467266,12.6866331,1
0.0009765625,977,-5.25883007,-7.39914417,12.7232256,1
0.0009765625,978,-5.28484011,-7.43354607,12.7600346,1
0.0009765625,979,-5.31086254,-7.46790075,12.7970877,1
0.0009765625,980,-5.33687925,-7.50218821,12.8343477,1
0.0009765625,981,-5.36292267,-7.53643656,12.8718672,1
0.0009765625,982,-5.38897943,-7.57063437,12.9096298,1
0.0009765625,983,-5.41503906,-7.60477161,12.947607,1
0.0009765625,984,-5.44109631,-7.63882875,12.9858398,1
0.0009765625,985,-5.46714067,-7.67281151,13.0242405,1
0.0009765625,986,-5.49321842,-7.70675182,13.0629568,1
0.0009765625,987,-5.51928663,-7.74061775,13.1018467,1
0.0009765625,988,-5.54537249,-7.77442932,13.1410074,1
0.0009765625,989,-5.57141972,-7.80811739,13.1803503,1
0.0009765625,990,-5.59749317,-7.84176588,13.2199402,1
0.0009765625,991,-5.62357426,-7.87534285,13.2597923,1
0.0009765625,992,-5.64964056,-7.90883255,13.2998314,1
0.0009765625,993,-5.67569304,-7.94222879,13.3400917,1
0.0009765625,994,-5.70174646,-7.97554111,13.3805971,1
0.0009765625,995,-5.72780085,-8.00877285,13.4213409,1
0.0009765625,996,-5.7538476,-8.04192162,13.4622831,1
0.0009765625,997,-5.77988052,-8.0749712,13.5034533,1
0.0009765625,998,-5.8059082,-8.10793209,13.5448389,1
0.0009765625,999,-5.83192348,-8.14078808,13.5864668,1
0.0009765625,1000,-5.85792494,-8.17354965,13.6282949,1
0.0009765625,1001,-5.88392162,-8.20622253,13.6703472,1
0.0009765625,1002,-5.90990162,-8.23878098,13.7126341,1
0.0009765625,1003,-5.93586683,-8.27123642,13.7551374,1
0.0009765625,1004,-5.96181965,-8.30359554,13.7978363,1
0.0009765625,1005,-5.98775244,-8.33583736,13.8407574,1
0.0009765625,1006,-6.01365709,-8.36795425,13.8838902,1
0.0009765625,1007,-6.03957033,-8.39999199,13.927268,1
0.0009765625,1008,-6.06546879,-8.43191528,13.9708643,1
0.0009765625,1009,-6.09131908,-8.46368885,14.0146446,1
0.0009765625,1010,-6.11714315,-8.49534702,14.0586071,1
0.0009765625,1011,-6.14296532,-8.52690315,14.1028166,1
0.0009765625,1012,-6.16876125,-8.55833054,14.1472397,1
0.0009765625,1013,-6.19452333,-8.58962536,14.1918459,1
0.0009765625,1014,-6.22026634,-8.62078857,14.2366867,1
0.0009765625,1015,-6.24599218,-8.65184402,14.2817345,1
0.0009765625,1016,-6.27166462,-8.68274117,14.3269472,1
0.0009765625,1017,-6.29732609,-8.713521,14.3723764,1
0.0009765625,1018,-6.32294369,-8.7441473,14.4180136,1
0.0009765625,1019,-6.34853983,-8.77465534,14.4638329,1
0.0009765625,1020,-6.37409449,-8.8049984,14.5098629,1
0.0009765625,1021,-6.39963055,-8.83522129,14.556097,1
0.0009765625,1022,-6.42512226,-8.86529064,14.6025343,1
0.0009765625,1023,-6.45056438,-8.89519596,14.6491232,1
0.00048828125,0,4.53998764e-05,0,0,1
0.00048828125,1,0.000989567139,0.00085281668,1.03409029e-05,1
0.00048828125,2,0.00196255674,0.00173595606,2.16733333e-05,1
0.00048828125,3,0.00296489056,0.00265005254,3.4049157e-05,1
0.00048828125,4,0.00399710983,0.00359576428,4.75228917e-05,1
0.00048828125,5,0.00505973957,0.0045737382,6.2150837e-05,1
0.00048828125,6,0.00615335023,0.00558466651,7.79916445e-05,1
0.00048828125,7,0.00727845868,0.00662919227,9.51061011e-05,1
0.00048828125,8,0.00843565632,0.00770802516,0.000113557486,1
0.00048828125,9,0.00962551776,0.00882188883,0.000133411872,1
0.00048828125,10,0.0108485892,0.00997144636,0.000154737121,1
0.00048828125,11,0.0121054472,0.0111574261,0.000177604714,1
0.00048828125,12,0.0133967241,0.0123805944,0.000202087132,1
0.00048828125,13,0.0147229908,0.0136416573,0.000228262186,1
0.00048828125,14,0.0160848573,0.0149413822,0.00025620815,1
0.00048828125,15,0.0174829159,0.0162805151,0.000286007999,1
0.00048828125,16,0.0189178027,0.0176598337,0.000317745755,1
0.00048828125,17,0.0203901734,0.0190801546,0.000351511757,1
0.00048828125,18,0.0219006576,0.020542264,0.000387396867,1
0.00048828125,19,0.0234498028,0.0220468733,0.000425494247,1
0.00048828125,20,0.0250384491,0.0235949922,0.000465906574,1
0.00048828125,21,0.0266671069,0.0251872968,0.000508732803,1
0.00048828125,22,0.02833643,0.0268246364,0.000554078142,1
0.00048828125,23,0.0300471559,0.0285078827,0.000602053537,1
0.00048828125,24,0.0318000242,0.0302379709,0.000652774819,1
0.00048828125,25,0.0335956514,0.0320157334,0.000706355378,1
0.00048828125,26,0.0354348756,0.0338421501,0.00076292234,1
0.00048828125,27,0.0373180881,0.0357178412,0.00082259241,1
0.00048828125,28,0.0392462872,0.0376439951,0.000885504589,1
0.00048828125,29,0.0412201546,0.0396214463,0.000951790949,1
0.00048828125,30,0.0432402864,0.0416510552,0.00102158845,1
0.00048828125,31,0.0453075841,0.0437338948,0.00109504291,1
0.00048828125,32,0.0474228337,0.0458709784,0.00117230962,1
0.00048828125,33,0.0495866388,0.0480631068,0.00125353516,1
0.00048828125,34,0.0517999306,0.0503114387,0.00133888342,1
0.00048828125,35,0.0540633872,0.0526168756,0.00142851798,1
0.00048828125,36,0.0563776977,0.0549803562,0.00152260542,1
0.00048828125,37,0.0587439016,0.0574030839,0.00162132946,1
0.00048828125,38,0.0611625984,0.0598859638,0.00172486692,1
0.00048828125,39,0.0636346638,0.0624300912,0.00183340476,1
0.00048828125,40,0.0661613047,0.0650369227,0.00194715546,1
0.00048828125,41,0.0687424466,0.0677065998,0.00206628512,1
0.00048828125,42,0.0713800937,0.070441395,0.00219104229,1
0.00048828125,43,0.0740740076,0.073241353,0.00232160068,1
0.00048828125,44,0.0768257976,0.0761082768,0.00245820871,1
0.00048828125,45,0.0796362013,0.0790433139,0.00260109524,1
0.00048828125,46,0.0825057477,0.0820472166,0.0027504717,1
0.00048828125,47,0.0854357406,0.0851211697,0.00290661119,1
0.00048828125,48,0.0884267911,0.088266775,0.00306974351,1
0.00048828125,49,0.0914801136,0.0914850384,0.00324013713,1
0.00048828125,50,0.0945963711,0.0947770998,0.00341806072,1
0.00048828125,51,0.0977767706,0.098144345,0.00360378996,1
0.00048828125,52,0.101021655,0.101587199,0.00379759027,1
0.00048828125,53,0.104332894,0.105108529,0.00399978552,1
0.00048828125,54,0.107710823,0.108708449,0.00421066023,1
0.00048828125,55,0.111156151,0.112387985,0.00443051104,1
0.00048828125,56,0.11467091,0.116149694,0.00465970626,1
0.00048828125,57,0.118255086,0.119993687,0.00489853043,1
0.00048828125,58,0.121910229,0.12392199,0.00514735235,1
0.00048828125,59,0.125637069,0.127935618,0.00540651055,1
0.00048828125,60,0.129436821,0.132036105,0.00567636592,1
0.00048828125,61,0.133310422,0.136224717,0.00595729705,1
0.00048828125,62,0.137258813,0.140502825,0.00624968903,1
0.00048828125,63,0.14128384,0.144872576,0.00655397447,1
0.00048828125,64,0.145385012,0.14933382,0.00687046582,1
0.00048828125,65,0.149564952,0.153889582,0.00719968369,1
0.00048828125,66,0.153824136,0.158540756,0.00754202716,1
0.00048828125,67,0.158163354,0.163288325,0.00789790042,1
0.00048828125,68,0.162584215,0.168134406,0.00826781709,1
0.00048828125,69,0.167087868,0.173080534,0.00865225308,1
0.00048828125,70,0.171675026,0.178127855,0.00905164611,1
0.00048828125,71,0.176346824,0.183277845,0.00946650375,1
0.00048828125,72,0.181105137,0.18853274,0.00989739411,1
0.00048828125,73,0.185950145,0.193893194,0.0103448005,1
0.00048828125,74,0.190884307,0.199362144,0.0108092921,1
0.00048828125,75,0.195907041,0.204939172,0.011291367,1
0.00048828125,76,0.201021314,0.210627928,0.0117917079,1
0.00048828125,77,0.206227422,0.216429085,0.0123108383,1
0.00048828125,78,0.211526647,0.222344235,0.01284937,1
0.00048828125,79,0.21692054,0.22837545,0.0134079754,1
0.00048828125,80,0.222409979,0.234524041,0.0139872395,1
0.00048828125,81,0.227996618,0.240792185,0.0145878708,1
0.00048828125,82,0.233680978,0.247180805,0.0152105084,1
0.00048828125,83,0.239465252,0.253692478,0.0158558842,1
0.00048828125,84,0.245350525,0.260328829,0.0165247396,1
0.00048828125,85,0.251337975,0.267091602,0.0172177982,1
0.00048828125,86,0.257428527,0.273981899,0.0179357715,1
0.00048828125,87,0.263623655,0.281002104,0.0186794344,1
0.00048828125,88,0.269925535,0.288154364,0.019449722,1
0.00048828125,89,0.276334584,0.295440078,0.0202473085,1
0.00048828125,90,0.282852054,0.302860767,0.021073129,1
0.00048828125,91,0.289479762,0.310418695,0.0219279565,1
0.00048828125,92,0.29621914,0.31811595,0.0228128005,1
0.00048828125,93,0.303072095,0.325954944,0.0237285756,1
0.00048828125,94,0.310038775,0.333936244,0.0246760938,1
0.00048828125,95,0.317122042,0.342063189,0.0256565083,1
0.00048828125,96,0.32432133,0.350335985,0.0266705826,1
0.00048828125,97,0.331640035,0.358758092,0.0277195275,1
0.00048828125,98,0.339078993,0.367331475,0.0288043246,1
0.00048828125,99,0.34663859,0.376056463,0.0299259443,1
0.00048828125,100,0.354322463,0.384937942,0.031085657,1
0.00048828125,101,0.362130374,0.393975466,0.0322845876,1
0.00048828125,102,0.370063931,0.403171778,0.0335237235,1
0.00048828125,103,0.378124923,0.412529022,0.0348043032,1
0.00048828125,104,0.386315167,0.422049582,0.0361276455,1
0.00048828125,105,0.394635886,0.431734949,0.0374949314,1
0.00048828125,106,0.403088421,0.44158718,0.0389073566,1
0.00048828125,107,0.411675394,0.451610059,0.0403664745,1
0.00048828125,108,0.420395941,0.461802483,0.0418732949,1
0.00048828125,109,0.429254144,0.472169489,0.043429479,1
0.00048828125,110,0.438249856,0.482711434,0.0450361967,1
0.00048828125,111,0.447386324,0.493432134,0.0466952361,1
0.00048828125,112,0.456663519,0.504332185,0.0484077334,1
0.00048828125,113,0.466084659,0.515415847,0.0501754992,1
0.00048828125,114,0.475649387,0.526682436,0.0519998297,1
0.00048828125,115,0.485361606,0.538136899,0.0538826212,1
0.00048828125,116,0.495219707,0.549778461,0.0558249652,1
0.00048828125,117,0.505227923,0.561611712,0.0578290038,1
0.00048828125,118,0.51538825,0.573639214,0.0598965362,1
0.00048828125,119,0.525700569,0.585861027,0.062028978,1
0.00048828125,120,0.53616637,0.598280191,0.0642280504,1
0.00048828125,121,0.546788692,0.610899448,0.0664959177,1
0.00048828125,122,0.557568848,0.623721778,0.0688343346,1
0.00048828125,123,0.568508744,0.63674885,0.0712454468,1
0.00048828125,124,0.579608381,0.649980485,0.0737306029,1
0.00048828125,125,0.590870917,0.663421988,0.0762923434,1
0.00048828125,126,0.602299094,0.677076161,0.0789328739,1
0.00048828125,127,0.613892555,0.690943182,0.0816538632,1
0.00048828125,128,0.625654638,0.705026805,0.0844578221,1
0.00048828125,129,0.637584031,0.719326317,0.0873462781,1
0.00048828125,130,0.649686337,0.733848035,0.0903223455,1
0.00048828125,131,0.661957741,0.748588979,0.0933872834,1
0.00048828125,132,0.674407601,0.763558209,0.0965447873,1
0.00048828125,133,0.687031865,0.7787534,0.0997963026,1
0.00048828125,134,0.69983381,0.794177473,0.103144646,1
0.00048828125,135,0.71281755,0.809836149,0.106592536,1
0.00048828125,136,0.725979507,0.825724602,0.11014165,1
0.00048828125,137,0.739325345,0.841850698,0.113795407,1
0.00048828125,138,0.752855599,0.858214855,0.117556229,1
0.00048828125,139,0.766573966,0.874821842,0.121427372,1
0.00048828125,140,0.780478179,0.891668439,0.125410616,1
0.00048828125,141,0.794572592,0.908761442,0.129509374,1
0.00048828125,142,0.80885905,0.926102519,0.133726925,1
0.00048828125,143,0.823338985,0.943692386,0.138065547,1
0.00048828125,144,0.83801192,0.961532652,0.142528415,1
0.00048828125,145,0.852881908,0.979626596,0.147118866,1
0.00048828125,146,0.867951035,0.997977793,0.151840091,1
0.00048828125,147,0.883218527,1.01658595,0.156694889,1
0.00048828125,148,0.898689568,1.03545535,0.161687449,1
0.00048828125,149,0.914362311,1.0545857,0.166820124,1
0.00048828125,150,0.930238843,1.0739789,0.172096208,1
0.00048828125,151,0.94632256,1.09364033,0.177520037,1
0.00048828125,152,0.962613106,1.11356711,0.183094114,1
0.00048828125,153,0.979115069,1.13376665,0.188823521,1
0.00048828125,154,0.995827198,1.15423703,0.194710627,1
0.00048828125,155,1.01275218,1.17498076,0.200759858,1
0.00048828125,156,1.02989256,1.19600213,0.206975296,1
0.00048828125,157,1.04724586,1.21729708,0.21335879,1
0.00048828125,158,1.06481981,1.23887646,0.219917119,1
0.00048828125,159,1.0826093,1.26073062,0.226652011,1
0.00048828125,160,1.10062146,1.28287196,0.233569697,1
0.00048828125,161,1.1188544,1.3052938,0.240672112,1
0.00048828125,162,1.13731241,1.32800531,0.247965634,1
0.00048828125,163,1.1559937,1.35100222,0.255452752,1
0.00048828125,164,1.17490256,1.37428999,0.263139218,1
0.00048828125,165,1.19403911,1.39786696,0.271028936,1
0.00048828125,166,1.2134012,1.42173302,0.279125065,1
0.00048828125,167,1.23299479,1.44589269,0.287434012,1
0.00048828125,168,1.25282145,1.47034919,0.295960337,1
0.00048828125,169,1.27288067,1.49510014,0.304708302,1
0.00048828125,170,1.29317236,1.52014542,0.31368196,1
0.00048828125,171,1.31370044,1.54548943,0.322887927,1
0.00048828125,172,1.33446717,1.57113492,0.332331002,1
0.00048828125,173,1.35546589,1.59707344,0.34201321,1
0.00048828125,174,1.37670755,1.62331629,0.351943284,1
0.00048828125,175,1.39819121,1.64986157,0.362125635,1
0.00048828125,176,1.41990972,1.67670298,0.372563034,1
0.00048828125,177,1.44187152,1.7038486,0.383263022,1
0.00048828125,178,1.46407866,1.73129892,0.394231766,1
0.00048828125,179,1.48652673,1.75904918,0.405472904,1
0.00048828125,180,1.5092237,1.78710735,0.416994154,1
0.00048828125,181,1.53216112,1.81546295,0.428797632,1
0.00048828125,182,1.55534708,1.84412444,0.440891832,1
0.00048828125,183,1.57878256,1.87309289,0.453283578,1
0.00048828125,184,1.60245752,1.90235603,0.465972424,1
0.00048828125,185,1.62638831,1.9319303,0.478972137,1
0.00048828125,186,1.65056503,1.96180308,0.492284119,1
0.00048828125,187,1.67499161,1.99197924,0.505916238,1
0.00048828125,188,1.69966614,2.02245402,0.519871712,1
0.00048828125,189,1.72459114,2.05323195,0.534159422,1
0.00048828125,190,1.74976337,2.08430457,0.548783123,1
0.00048828125,191,1.77518964,2.11568093,0.563753545,1
0.00048828125,192,1.80086684,2.14735317,0.579072893,1
0.00048828125,193,1.8267957,2.1793251,0.594749629,1
0.00048828125,194,1.85297108,2.21158385,0.610786557,1
0.00048828125,195,1.87940025,2.24414062,0.627194464,1
0.00048828125,196,1.90607882,2.27698469,0.643977523,1
0.00048828125,197,1.93300676,2.31012082,0.661142826,1
0.00048828125,198,1.96018934,2.34354663,0.678698778,1
0.00048828125,199,1.98762,2.37725544,0.696650028,1
0.00048828125,200,2.01529813,2.41124606,0.715002179,1
0.00048828125,201,2.04322219,2.44550896,0.733760536,1
0.00048828125,202,2.07139945,2.4800601,0.752938211,1
0.00048828125,203,2.09982252,2.51487994,0.77253741,1
0.00048828125,204,2.12849259,2.54997373,0.792565525,1
0.00048828125,205,2.15740824,2.58533192,0.813028872,1
0.00048828125,206,2.18656921,2.62095404,0.833935022,1
0.00048828125,207,2.21597242,2.65683699,0.855288982,1
0.00048828125,208,2.24562621,2.69298506,0.877105474,1
0.00048828125,209,2.27551031,2.7293725,0.899378061,1
0.00048828125,210,2.30564213,2.76601744,0.922123134,1
0.00048828125,211,2.33600926,2.80290174,0.945344567,1
0.00048828125,212,2.36660743,2.84001803,0.969045401,1
0.00048828125,213,2.39744735,2.87737679,0.993240654,1
0.00048828125,214,2.42851925,2.91496181,1.0179317,1
0.00048828125,215,2.45982599,2.95277238,1.04312968,1
0.00048828125,216,2.49135637,2.99079514,1.06883204,1
0.00048828125,217,2.52311826,3.02903628,1.09505713,1
0.00048828125,218,2.55510259,3.06747651,1.12180078,1
0.00048828125,219,2.58730459,3.10611582,1.14907372,1
0.00048828125,220,2.61973333,3.1449523,1.1768887,1
0.00048828125,221,2.65237713,3.18397617,1.20524287,1
0.00048828125,222,2.68523335,3.22317386,1.23414528,1
0.00048828125,223,2.71829987,3.2625432,1.26360357,1
0.00048828125,224,2.75158048,3.30208135,1.29362643,1
0.00048828125,225,2.78506041,3.34177113,1.3242147,1
0.00048828125,226,2.81874847,3.38161755,1.35538244,1
0.00048828125,227,2.85262585,3.42159271,1.38712132,1
0.00048828125,228,2.88670778,3.46171308,1.41945362,1
0.00048828125,229,2.92096972,3.50194502,1.45237041,1
0.00048828125,230,2.95542622,3.54229569,1.4858886,1
0.00048828125,231,2.99006462,3.5827527,1.52000952,1
0.00048828125,232,3.02488232,3.62330937,1.55473948,1
0.00048828125,233,3.05987024,3.66394401,1.59007716,1
0.00048828125,234,3.09503603,3.70466304,1.62604201,1
0.00048828125,235,3.13035846,3.74544048,1.6626178,1
0.00048828125,236,3.16584206,3.78627086,1.69982374,1
0.00048828125,237,3.2014854,3.82715464,1.73766613,1
0.00048828125,238,3.23727727,3.86806655,1.77614224,1
0.00048828125,239,3.2732172,3.90900564,1.81525981,1
0.00048828125,240,3.30929852,3.94995737,1.85502303,1
0.00048828125,241,3.34550524,3.99090075,1.89542568,1
0.00048828125,242,3.3818481,4.03183985,1.9364866,1
0.00048828125,243,3.4183073,4.07274818,1.97819662,1
0.00048828125,244,3.45488882,4.113626,2.02056789,1
0.00048828125,245,3.491575,4.15444708,2.06359339,1
0.00048828125,246,3.52837324,4.1952157,2.10728908,1
0.00048828125,247,3.56526113,4.23590326,2.1516397,1
0.00048828125,248,3.60224342,4.27650261,2.19666052,1
0.00048828125,249,3.63931441,4.31700563,2.24235344,1
0.00048828125,250,3.67645836,4.35739326,2.28871059,1
0.00048828125,251,3.71367836,4.39765263,2.33574462,1
0.00048828125,252,3.75095868,4.43776989,2.38344312,1
0.00048828125,253,3.78829026,4.47772598,2.43181229,1
0.00048828125,254,3.82567477,4.51751375,2.48085523,1
0.00048828125,255,3.86310101,4.55712032,2.53056622,1
0.00048828125,256,3.90055776,4.59652281,2.58095145,1
0.00048828125,257,3.93803811,4.63571024,2.63199949,1
0.00048828125,258,3.97553897,4.67467499,2.68372107,1
0.00048828125,259,4.01305008,4.71339178,2.73610997,1
0.00048828125,260,4.05055761,4.75185156,2.7891531,1
0.00048828125,261,4.0880599,4.79003286,2.84287024,1
0.00048828125,262,4.12554646,4.82792759,2.89723682,1
0.00048828125,263,4.16300821,4.86551952,2.95226526,1
0.00048828125,264,4.20043182,4.90278912,3.00793791,1
0.00048828125,265,4.23781157,4.93971777,3.06426024,1
0.00048828125,266,4.27514982,4.97630501,3.12123322,1
0.00048828125,267,4.31241179,5.0125165,3.17883205,1
0.00048828125,268,4.3496151,5.0483551,3.23707342,1
0.00048828125,269,4.38674021,5.08379984,3.29594421,1
0.00048828125,270,4.42376804,5.11881447,3.35542464,1
0.00048828125,271,4.46069527,5.15340948,3.415519,1
0.00048828125,272,4.49751997,5.18755627,3.47623086,1
0.00048828125,273,4.53422832,5.2212472,3.53754401,1
0.00048828125,274,4.57080269,5.25445938,3.59943795,1
0.00048828125,275,4.60724258,5.2871809,3.66192436,1
0.00048828125,276,4.64353609,5.31939983,3.72499037,1
0.00048828125,277,4.67967463,5.35110235,3.78861761,1
0.00048828125,278,4.71563959,5.38225889,3.8527925,1
0.00048828125,279,4.75143003,5.41286707,3.91752362,1
0.00048828125,280,4.78702879,5.44291306,3.98278666,1
0.00048828125,281,4.82243299,5.47237682,4.04857254,1
0.00048828125,282,4.85762644,5.50124264,4.11487198,1
0.00048828125,283,4.89260054,5.52950096,4.18167448,1
0.00048828125,284,4.92735195,5.55713749,4.24897575,1
0.00048828125,285,4.96186161,5.58413935,4.31675673,1
0.00048828125,286,4.99611568,5.61048412,4.38497782,1
0.00048828125,287,5.03010941,5.63616323,4.45365763,1
0.00048828125,288,5.06384563,5.6611762,4.52278709,1
0.00048828125,289,5.09728909,5.68549538,4.59232187,1
0.00048828125,290,5.13044739,5.70910501,4.66227818,1
0.00048828125,291,5.1633029,5.73200512,4.73262119,1
0.00048828125,292,5.19584799,5.75418186,4.8033452,1
0.00048828125,293,5.22807455,5.77562332,4.87442255,1
0.00048828125,294,5.25996685,5.79630661,4.94585133,1
0.00048828125,295,5.29151917,5.8162384,5.0176053,1
0.00048828125,296,5.32272434,5.83539534,5.0896883,1
0.00048828125,297,5.35356188,5.85377455,5.16204596,1
0.00048828125,298,5.38403082,5.87136507,5.23468733,1
0.00048828125,299,5.41412163,5.88815641,5.30759144,1
0.00048828125,300,5.44382334,5.90414047,5.38073826,1
0.00048828125,301,5.47312212,5.91930866,5.45410299,1
0.00048828125,302,5.50201654,5.93365049,5.52769279,1
0.00048828125,303,5.5304904,5.94716787,5.60143805,1
0.00048828125,304,5.5585413,5.95984173,5.67538452,1
0.00048828125,305,5.58615398,5.97167492,5.74947071,1
0.00048828125,306,5.61331844,5.98265696,5.82366848,1
0.00048828125,307,5.64003086,5.99278164,5.8979907,1
0.00048828125,308,5.66628408,6.00204945,5.97239923,1
0.00048828125,309,5.69206762,6.01044798,6.04688501,1
0.00048828125,310,5.7173748,6.01797915,6.12143087,1
0.00048828125,311,5.74219084,6.02464104,6.19598389,1
0.00048828125,312,5.76651096,6.03042412,6.27055883,1
0.00048828125,313,5.79033279,6.03532743,6.34512281,1
0.00048828125,314,5.81364965,6.03936148,6.41966152,1
0.00048828125,315,5.83644247,6.04250574,6.49415779,1
0.00048828125,316,5.85871935,6.0447731,6.56857014,1
0.00048828125,317,5.88046217,6.04615641,6.64289618,1
0.00048828125,318,5.90166283,6.04665947,6.71711206,1
0.00048828125,319,5.922328,6.04628277,6.79119349,1
0.00048828125,320,5.94244146,6.04503107,6.86511993,1
0.00048828125,321,5.96200466,6.04290247,6.9388895,1
0.00048828125,322,5.98100376,6.03989887,7.01246929,1
0.00048828125,323,5.99943399,6.03602362,7.08581066,1
0.00048828125,324,6.01729488,6.03127718,7.15894938,1
0.00048828125,325,6.03458166,6.02567196,7.23182487,1
0.00048828125,326,6.05128384,6.01920509,7.30443811,1
0.00048828125,327,6.06740379,6.01188612,7.37675524,1
0.00048828125,328,6.08294058,6.00372982,7.44875574,1
0.00048828125,329,6.09787703,5.99471807,7.52044582,1
0.00048828125,330,6.1122241,5.98488426,7.59178686,1
0.00048828125,331,6.12596321,5.97420979,7.66275835,1
0.00048828125,332,6.13910675,5.96272421,7.73335171,1
0.00048828125,333,6.15164232,5.95042419,7.80353928,1
0.00048828125,334,6.16356993,5.93731594,7.87331676,1
0.00048828125,335,6.1748867,5.92341709,7.94265556,1
0.00048828125,336,6.18559551,5.9087429,8.01153469,1
0.00048828125,337,6.19568443,5.89327908,8.07995033,1
0.00048828125,338,6.20516014,5.87705803,8.14787197,1
0.00048828125,339,6.21402216,5.8600831,8.2152977,1
0.00048828125,340,6.22226906,5.84236288,8.28221893,1
0.00048828125,341,6.22989511,5.82390833,8.34860325,1
0.00048828125,342,6.23690748,5.804739,8.4144268,1
0.00048828125,343,6.2432971,5.78486061,8.47969532,1
0.00048828125,344,6.24907017,5.76428795,8.54439068,1
0.00048828125,345,6.25422621,5.74303055,8.60848999,1
0.00048828125,346,6.2587719,5.7210989,8.67201424,1
0.00048828125,347,6.2626977,5.69852066,8.73489952,1
0.00048828125,348,6.26601648,5.67530298,8.7971468,1
0.00048828125,349,6.26872253,5.65144539,8.8587904,1
0.00048828125,350,6.27081203,5.62698126,8.91975498,1
0.00048828125,351,6.27229977,5.60192013,8.98005867,1
0.00048828125,352,6.27317429,5.57626009,9.039711,1
0.00048828125,353,6.27345228,5.55003214,9.0986681,1
0.00048828125,354,6.2731328,5.52326345,9.15693188,1
0.00048828125,355,6.27221537,5.49593925,9.21450233,1
0.00048828125,356,6.27070427,5.46808767,9.27136517,1
0.00048828125,357,6.26859999,5.43973827,9.32749939,1
0.00048828125,358,6.26591301,5.41088295,9.38290882,1
0.00048828125,359,6.26264763,5.38155174,9.43760395,1
0.00048828125,360,6.25879955,5.35175514,9.49154663,1
0.00048828125,361,6.25438023,5.32151127,9.54474354,1
0.00048828125,362,6.24939632,5.29084587,9.59718895,1
0.00048828125,363,6.24384403,5.25975227,9.6488781,1
0.00048828125,364,6.23773527,5.22825193,9.69982147,1
0.00048828125,365,6.23107529,5.19638157,9.74998283,1
0.00048828125,366,6.22386312,5.16413498,9.799366,1
0.00048828125,367,6.21610641,5.13152933,9.84798813,1
0.00048828125,368,6.20781612,5.09858274,9.89583492,1
0.00048828125,369,6.1989975,5.06533384,9.94290257,1
0.00048828125,370,6.18965244,5.03175354,9.98919201,1
0.00048828125,371,6.17979527,4.99789953,10.0346918,1
0.00048828125,372,6.16942072,4.96376085,10.0794172,1
0.00048828125,373,6.15854216,4.92936563,10.1233406,1
0.00048828125,374,6.14716673,4.89472818,10.1664848,1
0.00048828125,375,6.13530254,4.85986662,10.2088461,1
0.00048828125,376,6.12294626,4.82477283,10.2504177,1
0.00048828125,377,6.11011076,4.78947258,10.2912188,1
0.00048828125,378,6.09680796,4.75399828,10.3312187,1
0.00048828125,379,6.08304644,4.71835852,10.3704357,1
0.00048828125,380,6.06882668,4.68255615,10.4088793,1
0.00048828125,381,6.05415773,4.64661598,10.4465418,1
0.00048828125,382,6.03905439,4.61054659,10.483429,1
0.00048828125,383,6.02350664,4.57435465,10.5195436,1
0.00048828125,384,6.00754499,4.53807592,10.5548801,1
0.00048828125,385,5.99115086,4.50168371,10.589468,1
0.00048828125,386,5.97435141,4.4652276,10.6232662,1
0.00048828125,387,5.95714903,4.42870951,10.6563158,1
0.00048828125,388,5.93955803,4.39215183,10.6886101,1
0.00048828125,389,5.92157412,4.3555398,10.7201576,1
0.00048828125,390,5.90321207,4.31890726,10.7509432,1
0.00048828125,391,5.88448906,4.28227568,10.7810087,1
0.00048828125,392,5.86539173,4.24563169,10.8103218,1
0.00048828125,393,5.84594011,4.2089901,10.8389149,1
0.00048828125,394,5.82614565,4.17237425,10.8667812,1
0.00048828125,395,5.80601549,4.1358037,10.8939285,1
0.00048828125,396,5.78555059,4.09925795,10.9203615,1
0.00048828125,397,5.76476908,4.06278753,10.9460812,1
0.00048828125,398,5.74366331,4.02636719,10.9711037,1
0.00048828125,399,5.72226715,3.99002481,10.9954462,1
0.00048828125,400,5.70055389,3.95375371,11.0190897,1
0.00048828125,401,5.67855644,3.91757941,11.0420551,1
0.00048828125,402,5.65628052,3.8815124,11.0643501,1
0.00048828125,403,5.63372374,3.84554744,11.0859871,1
0.00048828125,404,5.61090612,3.80971074,11.1069536,1
0.00048828125,405,5.58782625,3.7739954,11.1272707,1
0.00048828125,406,5.56449938,3.73841763,11.1469545,1
0.00048828125,407,5.54092646,3.70298243,11.1659994,1
0.00048828125,408,5.51712084,3.66770172,11.1844101,1
0.00048828125,409,5.49309063,3.63257551,11.2022161,1
0.00048828125,410,5.46882963,3.59760976,11.2193947,1
0.00048828125,411,5.44436026,3.56281972,11.235981,1
0.00048828125,412,5.41969156,3.52820635,11.2519741,1
0.00048828125,413,5.3948245,3.49378729,11.2673693,1
0.00048828125,414,5.36976147,3.4595468,11.2821875,1
0.00048828125,415,5.34452105,3.42550778,11.2964478,1
0.00048828125,416,5.31910133,3.3916595,11.3101463,1
0.00048828125,417,5.29350996,3.35802269,11.3232746,1
0.00048828125,418,5.26775551,3.3246038,11.3358555,1
0.00048828125,419,5.24186277,3.29139829,11.3479166,1
0.00048828125,420,5.21580219,3.25840259,11.3594446,1
0.00048828125,421,5.18961573,3.22565222,11.37045,1
0.00048828125,422,5.16329098,3.19312096,11.3809414,1
0.00048828125,423,5.13683701,3.1608212,11.3909264,1
0.00048828125,424,5.11026144,3.12875962,11.4004202,1
0.00048828125,425,5.08357763,3.09694433,11.4094257,1
0.00048828125,426,5.05677176,3.06535649,11.4179487,1
0.00048828125,427,5.02988815,3.03402996,11.4260197,1
0.00048828125,428,5.00289106,3.00294709,11.4335995,1
0.00048828125,429,4.97581148,2.97211409,11.440753,1
0.00048828125,430,4.94864368,2.94153643,11.4474316,1
0.00048828125,431,4.92140532,2.91122222,11.4536943,1
0.00048828125,432,4.89408493,2.88115215,11.4595175,1
0.00048828125,433,4.86670446,2.85135579,11.4649115,1
0.00048828125,434,4.83927155,2.8218205,11.4699116,1
0.00048828125,435,4.81178284,2.79255199,11.4744949,1
0.00048828125,436,4.78423405,2.76354074,11.4786682,1
0.00048828125,437,4.75665569,2.73480344,11.4824696,1
0.00048828125,438,4.72902727,2.70632625,11.4858751,1
0.00048828125,439,4.70136738,2.67811584,11.4889145,1
0.00048828125,440,4.67367363,2.65017223,11.4915771,1
0.00048828125,441,4.64596558,2.62251258,11.4938679,1
0.00048828125,442,4.61824036,2.59511018,11.4958382,1
0.00048828125,443,4.59049034,2.56797481,11.4974394,1
0.00048828125,444,4.56275082,2.54112339,11.4987059,1
0.00048828125,445,4.53498745,2.51453495,11.4996376,1
0.00048828125,446,4.50723267,2.48821402,11.5002604,1
0.00048828125,447,4.47947836,2.46217442,11.5005436,1
0.00048828125,448,4.45173454,2.43639445,11.5005331,1
0.00048828125,449,4.42401361,2.41089368,11.5002203,1
0.00048828125,450,4.39628935,2.38564563,11.4995956,1
0.00048828125,451,4.36858559,2.36067533,11.4986744,1
0.00048828125,452,4.34092665,2.33597851,11.4974966,1
0.00048828125,453,4.31328297,2.31154561,11.4960222,1
0.00048828125,454,4.28567266,2.28737712,11.4942818,1
0.00048828125,455,4.25809526,2.26347017,11.492281,1
0.00048828125,456,4.2305584,2.23982096,11.4900227,1
0.00048828125,457,4.20305967,2.2164433,11.4875088,1
0.00048828125,458,4.17561579,2.19332528,11.4847498,1
0.00048828125,459,4.14820814,2.17046189,11.4817371,1
0.00048828125,460,4.12086821,2.14786434,11.4785109,1
0.00048828125,461,4.09357595,2.12552476,11.4750519,1
0.00048828125,462,4.06633663,2.10343528,11.4713459,1
0.00048828125,463,4.03916311,2.08160162,11.4674473,1
0.00048828125,464,4.01205301,2.0600245,11.4633293,1
0.00048828125,465,3.98499131,2.03867221,11.4589977,1
0.00048828125,466,3.95802879,2.01760268,11.4544802,1
0.00048828125,467,3.93112445,1.99676836,11.4497499,1
0.00048828125,468,3.90429759,1.97618175,11.4448433,1
0.00048828125,469,3.87753701,1.95582497,11.4397411,1
0.00048828125,470,3.85086012,1.93571579,11.4344635,1
0.00048828125,471,3.82426167,1.91584134,11.4290075,1
0.00048828125,472,3.79775238,1.89620769,11.4233818,1
0.00048828125,473,3.77131605,1.8768127,11.4175653,1
0.00048828125,474,3.74497032,1.85763967,11.4116039,1
0.00048828125,475,3.71872306,1.83870149,11.4055061,1
0.00048828125,476,3.69256067,1.8199991,11.3992243,1
0.00048828125,477,3.6664865,1.80151522,11.3927965,1
0.00048828125,478,3.64050341,1.78324378,11.3862324,1
0.00048828125,479,3.61462188,1.76520419,11.3795366,1
0.00048828125,480,3.58883786,1.74738324,11.372695,1
0.00048828125,481,3.56315541,1.72977471,11.3657293,1
0.00048828125,482,3.53755903,1.712376,11.3586121,1
0.00048828125,483,3.51207709,1.69520128,11.3513861,1
0.00048828125,484,3.48669124,1.67822492,11.3440351,1
0.00048828125,485,3.4614222,1.66147006,11.3365793,1
0.00048828125,486,3.4362371,1.64490139,11.3289871,1
0.00048828125,487,3.41118026,1.62854934,11.3212976,1
0.00048828125,488,3.38621902,1.61238492,11.3135118,1
0.00048828125,489,3.36137581,1.59643281,11.3056107,1
0.00048828125,490,3.336622,1.58065677,11.2976046,1
0.00048828125,491,3.31198621,1.56507063,11.2895184,1
0.00048828125,492,3.28746414,1.54968953,11.2813129,1
0.00048828125,493,3.26305962,1.53448915,11.2730484,1
0.00048828125,494,3.23876929,1.51948428,11.2646732,1
0.00048828125,495,3.21457076,1.50463533,11.2562265,1
0.00048828125,496,3.19050598,1.4899857,11.2476912,1
0.00048828125,497,3.16655207,1.47551239,11.2390776,1
0.00048828125,498,3.14270735,1.46120405,11.2303915,1
0.00048828125,499,3.11897659,1.44707072,11.221632,1
0.00048828125,500,3.09537172,1.43310845,11.2128239,1
0.00048828125,501,3.07188797,1.41932368,11.2039242,1
0.00048828125,502,3.04849815,1.40568209,11.1949568,1
0.00048828125,503,3.02524376,1.39222002,11.185935,1
0.00048828125,504,3.00211,1.37891746,11.1768627,1
0.00048828125,505,2.97906828,1.36575353,11.1677122,1
0.00048828125,506,2.95616937,1.35276556,11.1585255,1
0.00048828125,507,2.93338013,1.33991885,11.1492901,1
0.00048828125,508,2.91070437,1.32722378,11.1399784,1
0.00048828125,509,2.88815331,1.31468022,11.1306334,1
0.00048828125,510,2.86572361,1.3022846,11.1212492,1
0.00048828125,511,2.8433969,1.29001415,11.1118183,1
0.00048828125,512,2.82120609,1.27790308,11.1023436,1
0.00048828125,513,2.79912615,1.26592267,11.0928316,1
0.00048828125,514,2.77715945,1.25408006,11.0832672,1
0.00048828125,515,2.75531864,1.24237382,11.0736876,1
0.00048828125,516,2.73359466,1.23079538,11.0640612,1
0.00048828125,517,2.71198225,1.21934259,11.0544119,1
0.00048828125,518,2.69049311,1.20801771,11.044735,1
0.00048828125,519,2.66911912,1.19681883,11.0350189,1
0.00048828125,520,2.64786696,1.18574536,11.02528,1
0.00048828125,521,2.62672043,1.17478001,11.0155163,1
0.00048828125,522,2.60570335,1.16394901,11.0057249,1
0.00048828125,523,2.58478379,1.15321684,10.9959059,1
0.00048828125,524,2.56399608,1.14260721,10.9860897,1
0.00048828125,525,2.54332328,1.13210809,10.9762373,1
0.00048828125,526,2.5227654,1.12172043,10.9663725,1
0.00048828125,527,2.50231004,1.11142409,10.9564924,1
0.00048828125,528,2.48197961,1.10124874,10.9465952,1
0.00048828125,529,2.46176028,1.09117234,10.9366856,1
0.00048828125,530,2.44165516,1.08119571,10.9267721,1
0.00048828125,531,2.42166686,1.07132196,10.9168386,1
0.00048828125,532,2.40179086,1.06154132,10.9069004,1
0.00048828125,533,2.38201928,1.05185056,10.8969612,1
0.00048828125,534,2.36236262,1.04225349,10.8870068,1
0.00048828125,535,2.34281754,1.03275311,10.8770456,1
0.00048828125,536,2.32337427,1.02333283,10.867075,1
0.00048828125,537,2.30404878,1.01400054,10.8571148,1
0.00048828125,538,2.28483295,1.00475407,10.8471556,1
0.00048828125,539,2.26572204,0.995590627,10.8371868,1
0.00048828125,540,2.24671364,0.986503839,10.8272228,1
0.00048828125,541,2.22782493,0.977507412,10.8172598,1
0.00048828125,542,2.20903635,0.968582988,10.8072844,1
0.00048828125,543,2.19034362,0.959715903,10.7973356,1
0.00048828125,544,2.171772,0.950947762,10.7873821,1
0.00048828125,545,2.15329552,0.942238629,10.7774277,1
0.00048828125,546,2.13492823,0.933602512,10.7674847,1
0.00048828125,547,2.11665797,0.925033808,10.7575436,1
0.00048828125,548,2.09849262,0.91653043,10.7476187,1
0.00048828125,549,2.08043289,0.908098817,10.7376909,1
0.00048828125,550,2.06246161,0.899711668,10.7277842,1
0.00048828125,551,2.04460335,0.891402066,10.7178802,1
0.00048828125,552,2.0268364,0.883146048,10.7080021,1
0.00048828125,553,2.00916147,0.874935269,10.698122,1
0.00048828125,554,1.99158812,0.86679256,10.688261,1
0.00048828125,555,1.97412622,0.858717203,10.6784029,1
0.00048828125,556,1.95673835,0.850669384,10.6685715,1
0.00048828125,557,1.93946171,0.842687368,10.6587543,1
0.00048828125,558,1.92227125,0.834749579,10.6489506,1
0.00048828125,559,1.90516651,0.826851308,10.6391668,1
0.00048828125,560,1.88816738,0.819015026,10.629385,1
0.00048828125,561,1.8712523,0.811215878,10.6196251,1
0.00048828125,562,1.85443723,0.803469241,10.6098843,1
0.00048828125,563,1.83771384,0.795760632,10.600173,1
0.00048828125,564,1.82106042,0.788075149,10.5904789,1
0.00048828125,565,1.80451834,0.780456364,10.5807934,1
0.00048828125,566,1.78805339,0.772858739,10.5711403,1
0.00048828125,567,1.77167547,0.765300035,10.5615015,1
0.00048828125,568,1.75537598,0.757771671,10.5518799,1
0.00048828125,569,1.73917091,0.750277817,10.5422955,1
0.00048828125,570,1.72303605,0.742808223,10.5327206,1
0.00048828125,571,1.70700479,0.735386372,10.5231791,1
0.00048828125,572,1.69104147,0.727979958,10.5136547,1
0.00048828125,573,1.67516994,0.720610321,10.5041685,1
0.00048828125,574,1.65936792,0.71325618,10.4946938,1
0.00048828125,575,1.6436435,0.705927968,10.4852371,1
0.00048828125,576,1.6280067,0.698629737,10.4758062,1
0.00048828125,577,1.61244535,0.691347837,10.4664173,1
0.00048828125,578,1.59696281,0.684096932,10.4570351,1
0.00048828125,579,1.58154547,0.676851094,10.447691,1
0.00048828125,580,1.56621909,0.669638276,10.4383745,1
0.00048828125,581,1.5509609,0.662435591,10.4290876,1
0.00048828125,582,1.53576458,0.655239105,10.4198236,1
0.00048828125,583,1.52065659,0.648071826,10.4105892,1
0.00048828125,584,1.505615,0.640911043,10.401392,1
0.00048828125,585,1.49065351,0.633776009,10.392211,1
0.00048828125,586,1.47574556,0.626629651,10.3830824,1
0.00048828125,587,1.46090567,0.619499803,10.3739471,1
0.00048828125,588,1.44613659,0.612376928,10.3648758,1
0.00048828125,589,1.43144345,0.605275989,10.3558064,1
0.00048828125,590,1.41681314,0.598172545,10.3467741,1
0.00048828125,591,1.40225649,0.591085732,10.3377829,1
0.00048828125,592,1.38773608,0.583976805,10.3288126,1
0.00048828125,593,1.37330234,0.576885879,10.3198996,1
0.00048828125,594,1.35892773,0.569799483,10.3109961,1
0.00048828125,595,1.34459877,0.562696576,10.3021288,1
0.00048828125,596,1.33035862,0.555622041,10.293294,1
0.00048828125,597,1.31615818,0.548525989,10.2844868,1
0.00048828125,598,1.30202579,0.541433632,10.275733,1
0.00048828125,599,1.2879473,0.534335434,10.2669954,1
0.00048828125,600,1.27393317,0.527248144,10.258276,1
0.00048828125,601,1.25996494,0.520133734,10.2496233,1
0.00048828125,602,1.24606383,0.513027489,10.2409878,1
0.00048828125,603,1.23221111,0.505906403,10.232398,1
0.00048828125,604,1.21839786,0.4987683,10.2238159,1
0.00048828125,605,1.20465517,0.491631538,10.2152987,1
0.00048828125,606,1.19096541,0.484487563,10.2068119,1
0.00048828125,607,1.17730725,0.477314115,10.1983414,1
0.00048828125,608,1.16372514,0.470153838,10.1899214,1
0.00048828125,609,1.15017986,0.462965935,10.1815386,1
0.00048828125,610,1.13667417,0.455755085,10.1731939,1
0.00048828125,611,1.12322891,0.448541582,10.1648674,1
0.00048828125,612,1.10982859,0.441313088,10.1565886,1
0.00048828125,613,1.09648311,0.434075058,10.1483498,1
0.00048828125,614,1.08316648,0.426801622,10.1401443,1
0.00048828125,615,1.06989396,0.419510245,10.1319685,1
0.00048828125,616,1.05667746,0.412207782,10.1238594,1
0.00048828125,617,1.04349339,0.404876679,10.1157579,1
0.00048828125,618,1.03035545,0.397530973,10.1077042,1
0.00048828125,619,1.01726091,0.390163749,10.0996866,1
0.00048828125,620,1.0042038,0.382768065,10.0917225,1
0.00048828125,621,0.991180778,0.37534681,10.0837774,1
0.00048828125,622,0.978200674,0.367903501,10.0758734,1
0.00048828125,623,0.965260923,0.360438913,10.0680046,1
0.00048828125,624,0.952338457,0.35292393,10.0601959,1
0.00048828125,625,0.939481437,0.345413357,10.0524111,1
0.00048828125,626,0.926643193,0.337859869,10.0446548,1
0.00048828125,627,0.913848817,0.330284476,10.0369587,1
0.00048828125,628,0.901080906,0.322673887,10.0292969,1
0.00048828125,629,0.888342321,0.315025181,10.0216799,1
0.00048828125,630,0.875630736,0.307342112,10.0140924,1
0.00048828125,631,0.862962723,0.299640805,10.0065432,1
0.00048828125,632,0.850332677,0.291913629,9.99903584,1
0.00048828125,633,0.837705851,0.284123123,9.99158573,1
0.00048828125,634,0.825136423,0.276332498,9.9841547,1
0.00048828125,635,0.812570333,0.268479109,9.97677517,1
0.00048828125,636,0.800035417,0.26059249,9.96942997,1
0.00048828125,637,0.78754425,0.25268504,9.96214581,1
0.00048828125,638,0.775056124,0.244721591,9.9548769,1
0.00048828125,639,0.762609839,0.236730352,9.94767189,1
0.00048828125,640,0.750176013,0.228693232,9.94049931,1
0.00048828125,641,0.737775207,0.220624074,9.93337059,1
0.00048828125,642,0.725387275,0.212502852,9.92629528,1
0.00048828125,643,0.713029325,0.204352617,9.91924286,1
0.00048828125,644,0.700690866,0.196154356,9.91224289,1
0.00048828125,645,0.688364148,0.187906355,9.90528297,1
0.00048828125,646,0.676065862,0.179623753,9.89837551,1
0.00048828125,647,0.663772523,0.171284348,9.89148617,1
0.00048828125,648,0.651508927,0.16291146,9.8846674,1
0.00048828125,649,0.639269233,0.154499024,9.87787533,1
0.00048828125,650,0.627042532,0.146036536,9.87113667,1
0.00048828125,651,0.614818513,0.137510747,9.86445141,1
0.00048828125,652,0.602618456,0.128948912,9.85778904,1
0.00048828125,653,0.590436161,0.120343558,9.85117626,1
0.00048828125,654,0.578265846,0.111683309,9.84463596,1
0.00048828125,655,0.566104114,0.102970973,9.83810902,1
0.00048828125,656,0.553964257,0.0942197517,9.83163929,1
0.00048828125,657,0.541811466,0.0853897408,9.82520294,1
0.00048828125,658,0.529679239,0.0765185282,9.81883526,1
0.00048828125,659,0.517564476,0.0676024631,9.81249046,1
0.00048828125,660,0.505452931,0.0586281866,9.80619049,1
0.00048828125,661,0.493360579,0.0496088676,9.79994774,1
0.00048828125,662,0.481266826,0.0405269824,9.79374218,1
0.00048828125,663,0.469177365,0.0313834995,9.78761196,1
0.00048828125,664,0.457104713,0.0221987013,9.78150177,1
0.00048828125,665,0.445030659,0.0129500646,9.7754364,1
0.00048828125,666,0.432968259,0.00365026179,9.76942158,1
0.00048828125,667,0.420898527,-0.00572024519,9.76346397,1
0.00048828125,668,0.408837736,-0.015142736,9.75754833,1
0.00048828125,669,0.396777153,-0.0246300083,9.75167465,1
0.00048828125,670,0.384716541,-0.0341789238,9.74585819,1
0.00048828125,671,0.372664511,-0.0437798202,9.74009609,1
0.00048828125,672,0.360613286,-0.0534419343,9.73436546,1
0.00048828125,673,0.348557651,-0.0631707609,9.72870064,1
0.00048828125,674,0.336513489,-0.0729480535,9.72306728,1
0.00048828125,675,0.324453354,-0.0828072354,9.71748924,1
0.00048828125,676,0.312395632,-0.0927230567,9.71197319,1
0.00048828125,677,0.300334662,-0.102704868,9.70649147,1
0.00048828125,678,0.288273335,-0.112746991,9.70105267,1
0.00048828125,679,0.276207477,-0.122858174,9.69567871,1
0.00048828125,680,0.264134616,-0.133036241,9.69034195,1
0.00048828125,681,0.252058268,-0.143281713,9.6850853,1
0.00048828125,682,0.239988551,-0.153578147,9.67986107,1
0.00048828125,683,0.227893233,-0.163964793,9.67467213,1
0.00048828125,684,0.215811864,-0.174397111,9.66955662,1
0.00048828125,685,0.203696877,-0.184927076,9.66447735,1
0.00048828125,686,0.191592857,-0.195505634,9.6594553,1
0.00048828125,687,0.179471582,-0.206163988,9.65449047,1
0.00048828125,688,0.167343318,-0.216889933,9.64957333,1
0.00048828125,689,0.15520826,-0.227684274,9.64471245,1
0.00048828125,690,0.143059283,-0.238554224,9.63990021,1
0.00048828125,691,0.1309084,-0.249485061,9.63514042,1
0.00048828125,692,0.118733466,-0.260505319,9.63044548,1
0.00048828125,693,0.106529184,-0.271616995,9.62579536,1
0.00048828125,694,0.0943417624,-0.282767445,9.62119389,1
0.00048828125,695,0.0821249187,-0.294012219,9.61665154,1
0.00048828125,696,0.0699127987,-0.305311054,9.6121664,1
0.00048828125,697,0.0576657206,-0.316707402,9.60772991,1
0.00048828125,698,0.04539093,-0.328197598,9.60337925,1
0.00048828125,699,0.0331377499,-0.339717478,9.59903622,1
0.00048828125,700,0.0208549537,-0.351332784,9.59477234,1
0.00048828125,701,0.00854773726,-0.363033921,9.59057236,1
0.00048828125,702,-0.003775483,-0.374810249,9.58640671,1
0.00048828125,703,-0.0161278602,-0.38668108,9.5823164,1
0.00048828125,704,-0.0284911785,-0.398620278,9.57828522,1
0.00048828125,705,-0.0408593416,-0.410623729,9.57429123,1
0.00048828125,706,-0.0532630272,-0.422725558,9.57037067,1
0.00048828125,707,-0.0656813234,-0.434901476,9.56649017,1
0.00048828125,708,-0.0781283751,-0.44716993,9.56269836,1
0.00048828125,709,-0.0905993059,-0.459522873,9.55895329,1
0.00048828125,710,-0.103070125,-0.471932918,9.55526161,1
0.00048828125,711,-0.115579486,-0.484445035,9.5516367,1
0.00048828125,712,-0.12812382,-0.49705404,9.54806995,1
0.00048828125,713,-0.140679717,-0.509733498,9.54455471,1
0.00048828125,714,-0.153258577,-0.522496521,9.54110241,1
0.00048828125,715,-0.165881395,-0.535368741,9.53771877,1
0.00048828125,716,-0.17849271,-0.548280895,9.53439331,1
0.00048828125,717,-0.191166148,-0.561324239,9.53112507,1
0.00048828125,718,-0.203837857,-0.574419498,9.52791309,1
0.00048828125,719,-0.21655497,-0.587626576,9.52476692,1
0.00048828125,720,-0.229294062,-0.600913882,9.52169323,1
0.00048828125,721,-0.242063329,-0.614293873,9.51868725,1
0.00048828125,722,-0.2548742,-0.627776682,9.5157299,1
0.00048828125,723,-0.267681003,-0.641309857,9.51283836,1
0.00048828125,724,-0.280542254,-0.654963732,9.51002216,1
0.00048828125,725,-0.293426216,-0.668699145,9.5072546,1
0.00048828125,726,-0.306344479,-0.682529151,9.50455856,1
0.00048828125,727,-0.319283068,-0.696438909,9.50192165,1
0.00048828125,728,-0.332274586,-0.710465729,9.49936771,1
0.00048828125,729,-0.345279485,-0.724562526,9.49685764,1
0.00048828125,730,-0.358327776,-0.738766909,9.4944458,1
0.00048828125,731,-0.371410459,-0.753064692,9.49207306,1
0.00048828125,732,-0.384509414,-0.767436504,9.4897871,1
0.00048828125,733,-0.397672713,-0.781939983,9.48756886,1
0.00048828125,734,-0.410854101,-0.796515882,9.48539066,1
0.00048828125,735,-0.424062908,-0.811180651,9.48330688,1
0.00048828125,736,-0.437312454,-0.825948179,9.48130035,1
0.00048828125,737,-0.450597107,-0.840807736,9.47934628,1
0.00048828125,738,-0.463926643,-0.855776846,9.47745514,1
0.00048828125,739,-0.477279723,-0.870825887,9.4756422,1
0.00048828125,740,-0.490691155,-0.885998905,9.47390652,1
0.00048828125,741,-0.504121661,-0.901246846,9.47224045,1
0.00048828125,742,-0.517615318,-0.916624546,9.47065449,1
0.00048828125,743,-0.531131923,-0.932080746,9.46912861,1
0.00048828125,744,-0.544687688,-0.9476372,9.46768475,1
0.00048828125,745,-0.558281183,-0.963290989,9.46630573,1
0.00048828125,746,-0.571906805,-0.979035676,9.46500301,1
0.00048828125,747,-0.585576534,-0.994885743,9.46378136,1
0.00048828125,748,-0.599297941,-1.01085007,9.46263885,1
0.00048828125,749,-0.613077462,-1.02693558,9.46157551,1
0.00048828125,750,-0.626870275,-1.04308879,9.4605608,1
0.00048828125,751,-0.640714645,-1.05935574,9.45965099,1
0.00048828125,752,-0.654601395,-1.07572532,9.45880699,1
0.00048828125,753,-0.668532252,-1.09219992,9.45803928,1
0.00048828125,754,-0.682497323,-1.1087662,9.45734692,1
0.00048828125,755,-0.696518362,-1.12545121,9.45673656,1
0.00048828125,756,-0.710581183,-1.14223719,9.45620155,1
0.00048828125,757,-0.724698365,-1.15914059,9.45576191,1
0.00048828125,758,-0.738851905,-1.17613828,9.45538425,1
0.00048828125,759,-0.753051937,-1.19324207,9.45510387,1
0.00048828125,760,-0.767298877,-1.21045375,9.45489216,1
0.00048828125,761,-0.78159374,-1.22777355,9.45477772,1
0.00048828125,762,-0.795938909,-1.24520421,9.45473957,1
0.00048828125,763,-0.810312152,-1.2627188,9.45478439,1
0.00048828125,764,-0.82475996,-1.28037405,9.45491219,1
0.00048828125,765,-0.839248776,-1.29812872,9.45510101,1
0.00048828125,766,-0.853763044,-1.31596315,9.45542145,1
0.00048828125,767,-0.868363261,-1.33395183,9.45581818,1
0.00048828125,768,-0.882980943,-1.35201144,9.45626163,1
0.00048828125,769,-0.897673905,-1.37021136,9.45682716,1
0.00048828125,770,-0.912415087,-1.38851929,9.45747185,1
0.00048828125,771,-0.927201509,-1.40693092,9.45821762,1
0.00048828125,772,-0.942030311,-1.4254415,9.4590435,1
0.00048828125,773,-0.956919372,-1.44407558,9.45995045,1
0.00048828125,774,-0.971856654,-1.46281683,9.4609642,1
0.00048828125,775,-0.986846805,-1.48167109,9.46204853,1
0.00048828125,776,-1.00188637,-1.50063217,9.46324444,1
0.00048828125,777,-1.01699007,-1.51972067,9.46452618,1
0.00048828125,778,-1.03213716,-1.53890944,9.46589184,1
0.00048828125,779,-1.04733968,-1.55821311,9.46735382,1
0.00048828125,780,-1.06258917,-1.57762229,9.46890831,1
0.00048828125,781,-1.07789516,-1.5971483,9.47055912,1
0.00048828125,782,-1.09326434,-1.61679757,9.4723196,1
0.00048828125,783,-1.10869431,-1.63656855,9.47417927,1
0.00048828125,784,-1.12416124,-1.65643156,9.47611332,1
0.00048828125,785,-1.13970387,-1.67643583,9.47816181,1
0.00048828125,786,-1.15528154,-1.69652772,9.48030281,1
0.00048828125,787,-1.17093349,-1.71675825,9.48254967,1
0.00048828125,788,-1.18660295,-1.73705506,9.48486328,1
0.00048828125,789,-1.20239258,-1.75754642,9.48732376,1
0.00048828125,790,-1.21819723,-1.77810025,9.48986912,1
0.00048828125,791,-1.2340709,-1.79878807,9.49249649,1
0.00048828125,792,-1.24999022,-1.81957388,9.49525166,1
0.00048828125,793,-1.26598036,-1.84049404,9.49809742,1
0.00048828125,794,-1.28203511,-1.86153746,9.50106812,1
0.00048828125,795,-1.29813206,-1.88267887,9.50412846,1
0.00048828125,796,-1.31429708,-1.90394986,9.50729465,1
0.00048828125,797,-1.33052278,-1.92533779,9.5105629,1
0.00048828125,798,-1.34680915,-1.94684577,9.51395607,1
0.00048828125,799,-1.36313915,-1.96845078,9.51744938,1
0.00048828125,800,-1.37954378,-1.99019456,9.52102757,1
0.00048828125,801,-1.39601707,-2.01206422,9.52475929,1
0.00048828125,802,-1.41254592,-2.0340476,9.52857304,1
0.00048828125,803,-1.42912626,-2.05613708,9.53251266,1
0.00048828125,804,-1.44574904,-2.07832098,9.53654289,1
0.00048828125,805,-1.46246588,-2.10066605,9.54070187,1
0.00048828125,806,-1.4792316,-2.12311292,9.54498386,1
0.00048828125,807,-1.49606931,-2.14569426,9.54935455,1
0.00048828125,808,-1.51295292,-2.16836905,9.55387211,1
0.00048828125,809,-1.52992356,-2.19119978,9.55848789,1
0.00048828125,810,-1.54693389,-2.21411967,9.56321144,1
0.00048828125,811,-1.56401408,-2.2371664,9.56807327,1
0.00048828125,812,-1.58116555,-2.26034355,9.57304287,1
0.00048828125,813,-1.59835649,-2.28360987,9.57813931,1
0.00048828125,814,-1.61563599,-2.30702949,9.58335304,1
0.00048828125,815,-1.63296735,-2.33055186,9.5886898,1
0.00048828125,816,-1.65037084,-2.35420561,9.59414768,1
0.00048828125,817,-1.66782367,-2.37796044,9.59971523,1
0.00048828125,818,-1.68535089,-2.40184569,9.60544109,1
0.00048828125,819,-1.70293665,-2.42584801,9.61125088,1
0.00048828125,820,-1.72060776,-2.44999075,9.61722851,1
0.00048828125,821,-1.73831272,-2.47421718,9.62330341,1
0.00048828125,822,-1.75609767,-2.49858022,9.62952042,1
0.00048828125,823,-1.77393913,-2.52305508,9.63585091,1
0.00048828125,824,-1.79186356,-2.54767299,9.64232731,1
0.00048828125,825,-1.80985701,-2.57241273,9.64893913,1
0.00048828125,826,-1.82789505,-2.59724498,9.65566063,1
0.00048828125,827,-1.84600735,-2.62221074,9.66251945,1
0.00048828125,828,-1.8641783,-2.64728236,9.66951561,1
0.00048828125,829,-1.88242126,-2.67248392,9.67664242,1
0.00048828125,830,-1.90073931,-2.69781518,9.68391418,1
0.00048828125,831,-1.91910553,-2.72324181,9.69131947,1
0.00048828125,832,-1.93754292,-2.74879694,9.69882488,1
0.00048828125,833,-1.95605338,-2.77447796,9.70651054,1
0.00048828125,834,-1.97464216,-2.80028868,9.71435261,1
0.00048828125,835,-1.99327123,-2.82618785,9.72228813,1
0.00048828125,836,-2.01199389,-2.85223937,9.73038483,1
0.00048828125,837,-2.03075838,-2.87837791,9.73860645,1
0.00048828125,838,-2.04961038,-2.90465617,9.74701118,1
0.00048828125,839,-2.06852484,-2.9310503,9.75553608,1
0.00048828125,840,-2.08749866,-2.95755196,9.76419258,1
0.00048828125,841,-2.10654616,-2.98418093,9.77301216,1
0.00048828125,842,-2.12565517,-3.01091671,9.78196144,1
0.00048828125,843,-2.14484024,-3.03778267,9.79107094,1
0.00048828125,844,-2.16409087,-3.06476235,9.80032921,1
0.00048828125,845,-2.18338776,-3.09182906,9.80971909,1
0.00048828125,846,-2.20279455,-3.11906862,9.81927872,1
0.00048828125,847,-2.22223139,-3.14637566,9.82898331,1
0.00048828125,848,-2.24175406,-3.1738205,9.8388443,1
0.00048828125,849,-2.26134348,-3.20138049,9.84886456,1
0.00048828125,850,-2.2810061,-3.22906232,9.85902786,1
0.00048828125,851,-2.30072522,-3.25684476,9.86934757,1
0.00048828125,852,-2.32052231,-3.28475666,9.87982655,1
0.00048828125,853,-2.34037304,-3.31276035,9.89046001,1
0.00048828125,854,-2.36027956,-3.34086323,9.90124893,1
0.00048828125,855,-2.38029695,-3.36913824,9.91219234,1
0.00048828125,856,-2.40034795,-3.39747763,9.92331696,1
0.00048828125,857,-2.4204731,-3.42594004,9.93457699,1
0.00048828125,858,-2.4406786,-3.45453072,9.94601917,1
0.00048828125,859,-2.46093297,-3.48320961,9.95760632,1
0.00048828125,860,-2.48127246,-3.51201963,9.96936989,1
0.00048828125,861,-2.50167274,-3.54093337,9.98129749,1
0.00048828125,862,-2.52215552,-3.56997395,9.99339581,1
0.00048828125,863,-2.54266834,-3.59907937,10.00564,1
0.00048828125,864,-2.56326437,-3.62831163,10.018074,1
0.00048828125,865,-2.58395791,-3.65769196,10.0306749,1
0.00048828125,866,-2.60469174,-3.68714595,10.0434446,1
0.00048828125,867,-2.62548804,-3.71670127,10.0563822,1
0.00048828125,868,-2.64635015,-3.74636197,10.069478,1
0.00048828125,869,-2.66730547,-3.77616405,10.0827723,1
0.00048828125,870,-2.68830752,-3.80604219,10.0962343,1
0.00048828125,871,-2.7093792,-3.83603096,10.1098652,1
0.00048828125,872,-2.73051572,-3.86612177,10.1236629,1
0.00048828125,873,-2.75172019,-3.89631963,10.1376438,1
0.00048828125,874,-2.77299023,-3.92661905,10.1517935,1
0.00048828125,875,-2.79433441,-3.95702744,10.1661549,1
0.00048828125,876,-2.81574917,-3.98754883,10.180685,1
0.00048828125,877,-2.83721209,-4.01814461,10.1953764,1
0.00048828125,878,-2.8587451,-4.04884863,10.2102528,1
0.00048828125,879,-2.88036227,-4.07967472,10.2253408,1
0.00048828125,880,-2.90201044,-4.11055708,10.2405682,1
0.00048828125,881,-2.92376065,-4.14158201,10.2560301,1
0.00048828125,882,-2.94555902,-4.17268419,10.2716436,1
0.00048828125,883,-2.96743155,-4.20389414,10.2874632,1
0.00048828125,884,-2.98935795,-4.23518467,10.303462,1
0.00048828125,885,-3.0113492,-4.26657629,10.3196325,1
0.00048828125,886,-3.03340936,-4.29805899,10.3360205,1
0.00048828125,887,-3.05553842,-4.32964516,10.3525982,1
0.00048828125,888,-3.07771611,-4.36130619,10.3693371,1
0.00048828125,889,-3.09998345,-4.39308977,10.386302,1
0.00048828125,890,-3.12228751,-4.42492914,10.4034433,1
0.00048828125,891,-3.14465833,-4.4568634,10.4207811,1
0.00048828125,892,-3.1670866,-4.48887873,10.438302,1
0.00048828125,893,-3.1896069,-4.52102613,10.4560328,1
0.00048828125,894,-3.21216917,-4.55322647,10.4739742,1
0.00048828125,895,-3.23479843,-4.58552313,10.4920912,1
0.00048828125,896,-3.25748277,-4.61789322,10.5104227,1
0.00048828125,897,-3.28024983,-4.65037584,10.5289583,1
0.00048828125,898,-3.30305481,-4.68290854,10.5476713,1
0.00048828125,899,-3.32593298,-4.71554041,10.5666132,1
0.00048828125,900,-3.34886742,-4.74824953,10.5857449,1
0.00048828125,901,-3.37186813,-4.78104496,10.6050892,1
0.00048828125,902,-3.39490771,-4.81388855,10.6246319,1
0.00048828125,903,-3.4180398,-4.84685612,10.6443796,1
0.00048828125,904,-3.44119287,-4.87984371,10.6643229,1
0.00048828125,905,-3.46442556,-4.91294003,10.6844873,1
0.00048828125,906,-3.48772764,-4.94612646,10.7048397,1
0.00048828125,907,-3.51108575,-4.97937822,10.72544,1
0.00048828125,908,-3.53448606,-5.01268339,10.7462101,1
0.00048828125,909,-3.55795193,-5.04606771,10.7672148,1
0.00048828125,910,-3.58147335,-5.07951832,10.7884312,1
0.00048828125,911,-3.60505843,-5.1130476,10.8098583,1
0.00048828125,912,-3.62868047,-5.14661694,10.8314791,1
0.00048828125,913,-3.65237641,-5.18027782,10.8533211,1
0.00048828125,914,-3.67612386,-5.21399975,10.8753939,1
0.00048828125,915,-3.69992805,-5.24778605,10.8976641,1
0.00048828125,916,-3.72378159,-5.2816205,10.9201765,1
0.00048828125,917,-3.7476964,-5.31553173,10.942873,1
0.00048828125,918,-3.77166271,-5.34949684,10.9658165,1
0.00048828125,919,-3.79568195,-5.38351154,10.9889812,1
0.00048828125,920,-3.81972551,-5.41755867,11.0123062,1
0.00048828125,921,-3.84385896,-5.45169878,11.0359249,1
0.00048828125,922,-3.86802983,-5.4858861,11.0597038,1
0.00048828125,923,-3.89224195,-5.52009821,11.0837421,1
0.00048828125,924,-3.91652083,-5.55439091,11.1079893,1
0.00048828125,925,-3.94081926,-5.58868885,11.1324396,1
0.00048828125,926,-3.96521497,-5.62309265,11.1571732,1
0.00048828125,927,-3.98964334,-5.65752792,11.1820898,1
0.00048828125,928,-4.01411152,-5.69199181,11.2072325,1
0.00048828125,929,-4.03863192,-5.72650814,11.2325935,1
0.00048828125,930,-4.06318808,-5.7610507,11.2581749,1
0.00048828125,931,-4.08782148,-5.79566383,11.2840204,1
0.00048828125,932,-4.11245918,-5.83026981,11.3100452,1
0.00048828125,933,-4.13716412,-5.86493254,11.3363247,1
0.00048828125,934,-4.16191912,-5.89964294,11.3628426,1
0.00048828125,935,-4.18671942,-5.93438101,11.3895845,1
0.00048828125,936,-4.21153259,-5.9691186,11.4165049,1
0.00048828125,937,-4.23642588,-6.00392962,11.4437304,1
0.00048828125,938,-4.26134586,-6.03874493,11.4711494,1
0.00048828125,939,-4.28631163,-6.07359791,11.4987898,1
0.00048828125,940,-4.3113203,-6.10847569,11.5266705,1
0.00048828125,941,-4.33636093,-6.14336348,11.554781,1
0.00048828125,942,-4.36143494,-6.17826891,11.5831156,1
0.00048828125,943,-4.38656664,-6.21320772,11.611701,1
0.00048828125,944,-4.41172886,-6.24816322,11.6405125,1
0.00048828125,945,-4.43693495,-6.28314066,11.6695442,1
0.00048828125,946,-4.46216917,-6.31811857,11.6988316,1
0.00048828125,947,-4.48744392,-6.3531127,11.7283392,1
0.00048828125,948,-4.51276875,-6.38813305,11.7581015,1
0.00048828125,949,-4.53810644,-6.42313719,11.788064,1
0.00048828125,950,-4.56350994,-6.45818567,11.818327,1
0.00048828125,951,-4.58889818,-6.493186,11.848732,1
0.00048828125,952,-4.61432028,-6.52817917,11.8794069,1
0.00048828125,953,-4.63981199,-6.56322861,11.9103241,1
0.00048828125,954,-4.66531754,-6.59825468,11.9414797,1
0.00048828125,955,-4.69087124,-6.63329363,11.9728813,1
0.00048828125,956,-4.71644258,-6.66831589,12.004508,1
0.00048828125,957,-4.74204302,-6.70333338,12.0363836,1
0.00048828125,958,-4.76766062,-6.73832989,12.0684566,1
0.00048828125,959,-4.79331875,-6.77332592,12.100812,1
0.00048828125,960,-4.81901503,-6.80832958,12.1333857,1
0.00048828125,961,-4.84469509,-6.84327126,12.1661577,1
0.00048828125,962,-4.87045813,-6.87825775,12.1992455,1
0.00048828125,963,-4.89618778,-6.91315317,12.2324982,1
0.00048828125,964,-4.92196751,-6.94806862,12.2660189,1
0.00048828125,965,-4.94775867,-6.98294401,12.2997513,1
0.00048828125,966,-4.97360229,-7.01784134,12.3337612,1
0.00048828125,967,-4.99943352,-7.05266476,12.3679771,1
0.00048828125,968,-5.02531052,-7.08748341,12.4024744,1
0.00048828125,969,-5.0511694,-7.12224245,12.4371214,1
0.00048828125,970,-5.07709932,-7.15701771,12.4721003,1
0.00048828125,971,-5.10302973,-7.19175005,12.5072718,1
0.00048828125,972,-5.12894392,-7.22639847,12.5426645,1
0.00048828125,973,-5.15490007,-7.26104116,12.57831,1
0.00048828125,974,-5.18085146,-7.2956152,12.6141882,1
0.00048828125,975,-5.20685053,-7.33019161,12.6503201,1
0.00048828125,976,-5.23282766,-7.36468554,12.6866484,1
0.00048828125,977,-5.25882912,-7.39914036,12.7232208,1
0.00048828125,978,-5.28482628,-7.43353271,12.7600136,1
0.00048828125,979,-5.31085491,-7.46788692,12.7970924,1
0.00048828125,980,-5.33688498,-7.50219297,12.8343658,1
0.00048828125,981,-5.36293507,-7.53644609,12.8718948,1
0.00048828125,982,-5.38899612,-7.57065105,12.9096565,1
0.00048828125,983,-5.41504908,-7.60477161,12.9476433,1
0.00048828125,984,-5.44107914,-7.63880873,12.9858141,1
0.00048828125,985,-5.46716547,-7.67283583,13.0242929,1
0.00048828125,986,-5.49322224,-7.70675516,13.0629511,1
0.00048828125,987,-5.51929712,-7.74063063,13.1018744,1
0.00048828125,988,-5.54535627,-7.77440977,13.1409941,1
0.00048828125,989,-5.57143164,-7.80813599,13.1803532,1
0.00048828125,990,-5.59750795,-7.84177637,13.2199755,1
0.00048828125,991,-5.6235733,-7.87534571,13.2597694,1
0.00048828125,992,-5.64963484,-7.9088254,13.2998238,1
0.00048828125,993,-5.67569971,-7.94223547,13.3401031,1
0.00048828125,994,-5.70174837,-7.97554636,13.3805876,1
0.00048828125,995,-5.72779799,-8.0087738,13.4213266,1
0.00048828125,996,-5.75384474,-8.04191589,13.4622822,1
0.00048828125,997,-5.77987957,-8.07497215,13.5034494,1
0.00048828125,998,-5.80591106,-8.10792828,13.5448561,1
0.00048828125,999,-5.83193493,-8.14080334,13.5864792,1
0.00048828125,1000,-5.85791588,-8.17354393,13.6282825,1
0.00048828125,1001,-5.88392067,-8.20621777,13.6703548,1
0.00048828125,1002,-5.90987778,-8.23875904,13.7125931,1
0.00048828125,1003,-5.93588066,-8.27124691,13.7551575,1
0.00048828125,1004,-5.96181679,-8.30358887,13.7978363,1
0.00048828125,1005,-5.98776293,-8.3358469,13.8407841,1
0.00048828125,1006,-6.01365995,-8.36795139,13.8839111,1
0.00048828125,1007,-6.03957224,-8.39999294,13.9272709,1
0.00048828125,1008,-6.06545973,-8.43189907,13.9708662,1
0.00048828125,1009,-6.09131956,-8.46369743,14.0146303,1
0.00048828125,1010,-6.11713934,-8.49533749,14.0586185,1
0.00048828125,1011,-6.14298487,-8.52692127,14.1028738,1
0.00048828125,1012,-6.16877365,-8.55833626,14.1472721,1
0.00048828125,1013,-6.19454002,-8.58962822,14.1919079,1
0.00048828125,1014,-6.22025681,-8.62078667,14.2366705,1
0.00048828125,1015,-6.24597788,-8.6518383,14.2817059,1
0.00048828125,1016,-6.27166939,-8.68275166,14.3269396,1
0.00048828125,1017,-6.29733324,-8.71351814,14.3724117,1
0.00048828125,1018,-6.32294464,-8.74415207,14.418004,1
0.00048828125,1019,-6.3485589,-8.77467155,14.4638653,1
0.00048828125,1020,-6.37409449,-8.80500507,14.5098639,1
0.00048828125,1021,-6.39964771,-8.8352375,14.5561295,1
0.00048828125,1022,-6.42512131,-8.86528492,14.6025295,1
0.00048828125,1023,-6.45057726,-8.89520931,14.6491385,1
0.000244140625,0,4.53999346e-05,0,0,1
0.000244140625,1,0.000989567256,0.000852817961,1.03408984e-05,1
0.000244140625,2,0.00196255883,0.00173595711,2.16732242e-05,1
0.000244140625,3,0.00296488963,0.00265005114,3.40491388e-05,1
0.000244140625,4,0.00399711821,0.00359577197,4.75230081e-05,1
0.000244140625,5,0.00505974516,0.00457374472,6.2150837e-05,1
0.000244140625,6,0.00615335116,0.00558466651,7.79918701e-05,1
0.000244140625,7,0.00727846241,0.0066291932,9.51058973e-05,1
0.000244140625,8,0.00843565073,0.00770802889,0.000113557449,1
0.000244140625,9,0.00962550007,0.00882187858,0.000133411522,1
0.000244140625,10,0.0108485948,0.00997145288,0.000154737456,1
0.000244140625,11,0.0121054323,0.0111574177,0.000177604466,1
0.000244140625,12,0.0133966804,0.0123805525,0.000202087147,1
0.000244140625,13,0.0147230029,0.0136416713,0.000228262987,1
0.000244140625,14,0.0160848293,0.0149413617,0.000256207539,1
0.000244140625,15,0.0174828935,0.0162804984,0.000286007271,1
0.000244140625,16,0.0189177822,0.0176598132,0.000317745231,1
0.000244140625,17,0.0203901809,0.0190801583,0.000351511582,1
0.000244140625,18,0.0219006222,0.0205422249,0.000387395587,1
0.000244140625,19,0.0234498996,0.0220469683,0.000425496721,1
0.000244140625,20,0.0250384156,0.0235949606,0.00046590541,1
0.000244140625,21,0.0266671032,0.0251872893,0.000508732919,1
0.000244140625,22,0.0283364393,0.0268246382,0.000554078608,1
0.000244140625,23,0.0300472081,0.0285079274,0.000602054701,1
0.000244140625,24,0.0318001322,0.0302380845,0.000652776391,1
0.000244140625,25,0.0335956924,0.0320157856,0.000706356252,1
0.000244140625,26,0.0354347304,0.033842016,0.00076291844,1
0.000244140625,27,0.0373182371,0.0357179828,0.000822596427,1
0.000244140625,28,0.0392463617,0.0376440585,0.00088550488,1
0.000244140625,29,0.0412201993,0.0396214835,0.00095179124,1
0.000244140625,30,0.043240238,0.0416510068,0.00102158682,1
0.000244140625,31,0.0453077406,0.0437340513,0.00109504827,1
0.000244140625,32,0.0474227779,0.0458708964,0.00117230776,1
0.000244140625,33,0.0495868064,0.0480632596,0.00125354039,1
0.000244140625,34,0.051799912,0.050311435,0.00133888354,1
0.000244140625,35,0.0540633164,0.0526168086,0.00142851635,1
0.000244140625,36,0.0563778356,0.054980468,0.00152260903,1
0.000244140625,37,0.0587437302,0.0574029163,0.00162132515,1
0.000244140625,38,0.0611624308,0.0598858036,0.0017248618,1
0.000244140625,39,0.0636351705,0.0624306053,0.00183341524,1
0.000244140625,40,0.0661610216,0.0650366321,0.00194714777,1
0.000244140625,41,0.0687431842,0.0677073747,0.00206629909,1
0.000244140625,42,0.0713796392,0.0704409182,0.00219102926,1
0.000244140625,43,0.0740744323,0.0732419416,0.00232160208,1
0.000244140625,44,0.0768260211,0.0761086345,0.0024582136,1
0.000244140625,45,0.0796355829,0.0790424645,0.00260107894,1
0.000244140625,46,0.0825058669,0.0820472538,0.00275048078,1
0.000244140625,47,0.0854356959,0.0851215348,0.00290660467,1
0.000244140625,48,0.0884267166,0.0882666111,0.00306974235,1
0.000244140625,49,0.0914801508,0.0914851427,0.00324014365,1
0.000244140625,50,0.0945963562,0.0947767869,0.0034180542,1
0.000244140625,51,0.0977766141,0.0981443003,0.00360378833,1
0.000244140625,52,0.101021573,0.10158705,0.00379758561,1
0.000244140625,53,0.10433279,0.105108343,0.00399978273,1
0.000244140625,54,0.107710406,0.108707815,0.00421065092,1
0.000244140625,55,0.111156017,0.112387761,0.00443051197,1
0.000244140625,56,0.114670679,0.116149403,0.00465970533,1
0.000244140625,57,0.118255273,0.119993865,0.00489854487,1
0.000244140625,58,0.121910185,0.123921946,0.00514734862,1
0.000244140625,59,0.125636816,0.12793538,0.00540650403,1
0.000244140625,60,0.129437074,0.132036313,0.00567637803,1
0.000244140625,61,0.133310229,0.136224568,0.00595729379,1
0.000244140625,62,0.137258798,0.14050284,0.00624969695,1
0.000244140625,63,0.141283184,0.144871876,0.00655393302,1
0.000244140625,64,0.145384803,0.149333566,0.00687044952,1
0.000244140625,65,0.149565265,0.153889954,0.00719970698,1
0.000244140625,66,0.153824285,0.15854086,0.00754203182,1
0.000244140625,67,0.15816386,0.163288847,0.00789793208,1
0.000244140625,68,0.162584171,0.168134376,0.00826781616,1
0.000244140625,69,0.167087466,0.173080206,0.00865221489,1
0.000244140625,70,0.171674654,0.178127497,0.0090516042,1
0.000244140625,71,0.176347375,0.183278427,0.00946654473,1
0.000244140625,72,0.181104556,0.188532159,0.00989734568,1
0.000244140625,73,0.185950115,0.193893209,0.0103447875,1
0.000244140625,74,0.190884069,0.199361861,0.0108092772,1
0.000244140625,75,0.195907399,0.204939559,0.011291394,1
0.000244140625,76,0.201021552,0.210628226,0.0117917238,1
0.000244140625,77,0.206226826,0.216428414,0.0123107769,1
0.000244140625,78,0.211526617,0.22234419,0.0128493784,1
0.000244140625,79,0.216920376,0.228375301,0.0134079512,1
0.000244140625,80,0.222409889,0.234524012,0.0139872273,1
0.000244140625,81,0.227996379,0.240791962,0.014587854,1
0.000244140625,82,0.233680978,0.24718076,0.0152104925,1
0.000244140625,83,0.239465669,0.253693014,0.0158559252,1
0.000244140625,84,0.245350227,0.260328531,0.0165246986,1
0.000244140625,85,0.251337945,0.267091542,0.0172177944,1
0.000244140625,86,0.257428527,0.273981899,0.0179357585,1
0.000244140625,87,0.263623625,0.281001925,0.0186794568,1
0.000244140625,88,0.269925386,0.288154423,0.0194497481,1
0.000244140625,89,0.276334256,0.29543975,0.0202472825,1
0.000244140625,90,0.282851934,0.302860588,0.0210731048,1
0.000244140625,91,0.28948015,0.310419232,0.0219280086,1
0.000244140625,92,0.29621911,0.31811586,0.0228127912,1
0.000244140625,93,0.303071827,0.325954765,0.0237285588,1
0.000244140625,94,0.310038865,0.333936334,0.0246761367,1
0.000244140625,95,0.317121893,0.342063218,0.0256565139,1
0.000244140625,96,0.324322134,0.350336701,0.0266706366,1
0.000244140625,97,0.331640095,0.35875836,0.0277195349,1
0.000244140625,98,0.339078814,0.367331296,0.0288043115,1
0.000244140625,99,0.346638888,0.376056761,0.0299259629,1
0.000244140625,100,0.354322761,0.3849383,0.031085711,1
0.000244140625,101,0.36212939,0.393974364,0.0322844088,1
0.000244140625,102,0.370063245,0.403171003,0.0335235931,1
0.000244140625,103,0.37812525,0.412529409,0.034804333,1
0.000244140625,104,0.386314481,0.422048539,0.0361275263,1
0.000244140625,105,0.394636422,0.431735337,0.0374949686,1
0.000244140625,106,0.403088808,0.441587836,0.0389073789,1
0.000244140625,107,0.411674798,0.451609254,0.0403663926,1
0.000244140625,108,0.420395821,0.461802155,0.0418732651,1
0.000244140625,109,0.429254234,0.472169518,0.043429479,1
0.000244140625,110,0.438251108,0.482712716,0.0450364463,1
0.000244140625,111,0.447385937,0.493431777,0.046695143,1
0.000244140625,112,0.456663787,0.504332364,0.0484077893,1
0.000244140625,113,0.46608451,0.51541537,0.0501755401,1
0.000244140625,114,0.475649804,0.526683331,0.0519998595,1
0.000244140625,115,0.485360622,0.538136005,0.0538823232,1
0.000244140625,116,0.495219529,0.549778342,0.0558249243,1
0.000244140625,117,0.505228579,0.561612308,0.0578291155,1
0.000244140625,118,0.515386999,0.573637784,0.059896294,1
0.000244140625,119,0.525700867,0.585861623,0.0620289445,1
0.000244140625,120,0.536165893,0.598279655,0.0642280579,1
0.000244140625,121,0.546788096,0.610898912,0.0664958581,1
0.000244140625,122,0.55756861,0.623721063,0.0688343868,1
0.000244140625,123,0.568509698,0.636749208,0.0712455809,1
0.000244140625,124,0.579608321,0.649980426,0.0737306848,1
0.000244140625,125,0.59087038,0.663421631,0.0762922317,1
0.000244140625,126,0.602298558,0.677075684,0.0789327547,1
0.000244140625,127,0.613891542,0.690942049,0.0816536322,1
0.000244140625,128,0.625652969,0.705024838,0.084457323,1
0.000244140625,129,0.637583494,0.719325483,0.0873461515,1
0.000244140625,130,0.649684787,0.733846545,0.0903220847,1
0.000244140625,131,0.661958218,0.748589754,0.093387492,1
0.000244140625,132,0.674407303,0.763557613,0.0965447649,1
0.000244140625,133,0.687031448,0.778753221,0.0997963026,1
0.000244140625,134,0.699835837,0.794179678,0.103144981,1
0.000244140625,135,0.712816238,0.809834301,0.106592171,1
0.000244140625,136,0.725980341,0.825725436,0.110141814,1
0.000244140625,137,0.739325345,0.841850638,0.113795392,1
0.000244140625,138,0.752856135,0.858215332,0.117556393,1
0.000244140625,139,0.766572654,0.874820113,0.121427014,1
0.000244140625,140,0.780476689,0.89166677,0.12541011,1
0.000244140625,141,0.794572592,0.908761322,0.129509524,1
0.000244140625,142,0.808858752,0.926102102,0.133726761,1
0.000244140625,143,0.823338985,0.94369173,0.138065696,1
0.000244140625,144,0.838011146,0.961531818,0.142528132,1
0.000244140625,145,0.85288167,0.979626715,0.147118658,1
0.000244140625,146,0.867951512,0.997978508,0.151840195,1
0.000244140625,147,0.883219182,1.01658654,0.156695113,1
0.000244140625,148,0.898689091,1.03545451,0.161687165,1
0.000244140625,149,0.914362371,1.0545851,0.166820154,1
0.000244140625,150,0.930238247,1.07397985,0.172095746,1
0.000244140625,151,0.946323633,1.09364152,0.17752026,1
0.000244140625,152,0.962611735,1.1135664,0.18309404,1
0.000244140625,153,0.979114473,1.13376606,0.1888237,1
0.000244140625,154,0.995827556,1.15423727,0.194710642,1
0.000244140625,155,1.01275015,1.17497861,0.200759143,1
0.000244140625,156,1.02989101,1.19599974,0.206974387,1
0.000244140625,157,1.0472461,1.21729672,0.21335873,1
0.000244140625,158,1.06481981,1.23887539,0.219917461,1
0.000244140625,159,1.08261096,1.26073217,0.226652816,1
0.000244140625,160,1.10062182,1.28287101,0.233569577,1
0.000244140625,161,1.11885285,1.30529237,0.240671679,1
0.000244140625,162,1.13731265,1.32800579,0.247965917,1
0.000244140625,163,1.15599298,1.35100055,0.255452663,1
0.000244140625,164,1.17490196,1.3742888,0.263139158,1
0.000244140625,165,1.1940378,1.39786601,0.271028787,1
0.000244140625,166,1.21340227,1.42173398,0.279125392,1
0.000244140625,167,1.23299396,1.44589186,0.287433714,1
0.000244140625,168,1.25282228,1.47034991,0.295960754,1
0.000244140625,169,1.2728796,1.49509847,0.304707736,1
0.000244140625,170,1.29317701,1.52015018,0.313683718,1
0.000244140625,171,1.31370068,1.54549038,0.322888076,1
0.000244140625,172,1.33446741,1.57113528,0.332330704,1
0.000244140625,173,1.35546827,1.59707558,0.342013568,1
0.000244140625,174,1.37670529,1.62331343,0.351942003,1
0.000244140625,175,1.39819002,1.6498611,0.362125337,1
0.000244140625,176,1.41991079,1.67670512,0.37256375,1
0.000244140625,177,1.44187224,1.70384932,0.383263469,1
0.000244140625,178,1.46407723,1.73129714,0.394231081,1
0.000244140625,179,1.48652613,1.75904834,0.405472964,1
0.000244140625,180,1.50921905,1.78710175,0.416992247,1
0.000244140625,181,1.53216326,1.81546676,0.428798586,1
0.000244140625,182,1.55534852,1.84412658,0.440892428,1
0.000244140625,183,1.57877839,1.87308908,0.453281343,1
0.000244140625,184,1.60246038,1.90235865,0.46597293,1
0.000244140625,185,1.62638712,1.93192852,0.47897175,1
0.000244140625,186,1.65056705,1.96180642,0.492285281,1
0.000244140625,187,1.67498732,1.99197388,0.505913079,1
0.000244140625,188,1.69966519,2.02245498,0.519871116,1
0.000244140625,189,1.72458923,2.05323005,0.534158468,1
0.000244140625,190,1.7497654,2.08430719,0.548783898,1
0.000244140625,191,1.77518833,2.11567879,0.563751757,1
0.000244140625,192,1.80086637,2.14735079,0.579072237,1
0.000244140625,193,1.82679284,2.17931771,0.594748616,1
0.000244140625,194,1.85297024,2.21158338,0.610785663,1
0.000244140625,195,1.879403,2.2441442,0.627196431,1
0.000244140625,196,1.90607786,2.27698565,0.643976808,1
0.000244140625,197,1.93300867,2.31012321,0.661143243,1
0.000244140625,198,1.96018803,2.34354305,0.678698003,1
0.000244140625,199,1.98761857,2.37725449,0.696648359,1
0.000244140625,200,2.01530099,2.41124916,0.715004742,1
0.000244140625,201,2.04322767,2.44551682,0.733765244,1
0.000244140625,202,2.07139683,2.48005557,0.752937138,1
0.000244140625,203,2.09982443,2.51488376,0.772537589,1
0.000244140625,204,2.12849331,2.54997349,0.792566121,1
0.000244140625,205,2.15740919,2.58533001,0.81302911,1
0.000244140625,206,2.18657207,2.62095761,0.83393693,1
0.000244140625,207,2.21598053,2.65684676,0.855295122,1
0.000244140625,208,2.24562383,2.69298196,0.877104163,1
0.000244140625,209,2.27551198,2.72937465,0.89937824,1
0.000244140625,210,2.30564404,2.76601768,0.922125518,1
0.000244140625,211,2.33600926,2.80290008,0.945344806,1
0.000244140625,212,2.36661077,2.8400209,0.96904844,1
0.000244140625,213,2.39744973,2.87737823,0.993241787,1
0.000244140625,214,2.42851686,2.91495872,1.01793015,1
0.000244140625,215,2.45981979,2.9527657,1.04312503,1
0.000244140625,216,2.49135375,2.99079227,1.06882894,1
0.000244140625,217,2.52311277,3.02903247,1.09505296,1
0.000244140625,218,2.55509925,3.0674746,1.12179852,1
0.000244140625,219,2.58730316,3.10611534,1.1490711,1
0.000244140625,220,2.61973047,3.14495206,1.1768856,1
0.000244140625,221,2.65236759,3.18396354,1.20523489,1
0.000244140625,222,2.68523383,3.22317362,1.2341454,1
0.000244140625,223,2.7182982,3.26254129,1.26360142,1
0.000244140625,224,2.75157928,3.30208206,1.29362738,1
0.000244140625,225,2.78506041,3.34177113,1.32421434,1
0.000244140625,226,2.81874561,3.38161278,1.35537934,1
0.000244140625,227,2.85262561,3.42159414,1.38711977,1
0.000244140625,228,2.88670659,3.46171117,1.41945362,1
0.000244140625,229,2.92096949,3.50194478,1.452371,1
0.000244140625,230,2.95542693,3.54229951,1.48588884,1
0.000244140625,231,2.9900701,3.58275843,1.52001381,1
0.000244140625,232,3.02488351,3.62330937,1.55473804,1
0.000244140625,233,3.0598743,3.66394806,1.59008062,1
0.000244140625,234,3.09503245,3.70465851,1.62603915,1
0.000244140625,235,3.13036084,3.74544001,1.66262102,1
0.000244140625,236,3.16585016,3.78627872,1.69983172,1
0.000244140625,237,3.20148253,3.82715178,1.73766422,1
0.000244140625,238,3.23728132,3.86807251,1.77614629,1
0.000244140625,239,3.27321982,3.90901113,1.81526339,1
0.000244140625,240,3.3092885,3.94994998,1.85501504,1
0.000244140625,241,3.34550405,3.99090123,1.89542699,1
0.000244140625,242,3.38184214,4.03183508,1.93648112,1
0.000244140625,243,3.41831064,4.07275295,1.97819996,1
0.000244140625,244,3.45488143,4.11361551,2.02056193,1
0.000244140625,245,3.49158001,4.15445185,2.06359959,1
0.000244140625,246,3.528368,4.19521189,2.10728407,1
0.000244140625,247,3.56526566,4.23590136,2.15164614,1
0.000244140625,248,3.60224509,4.27650595,2.19666219,1
0.000244140625,249,3.63931775,4.31700993,2.24235725,1
0.000244140625,250,3.67645979,4.35739088,2.28871059,1
0.000244140625,251,3.71367693,4.39765358,2.33574367,1
0.000244140625,252,3.75095367,4.43776703,2.38344049,1
0.000244140625,253,3.78828669,4.4777236,2.43180656,1
0.000244140625,254,3.82567215,4.51751184,2.48085022,1
0.000244140625,255,3.8631022,4.55712271,2.53057146,1
0.000244140625,256,3.90056372,4.59652805,2.58095932,1
0.000244140625,257,3.9380424,4.63571501,2.63200283,1
0.000244140625,258,3.97554159,4.67467976,2.68372035,1
0.000244140625,259,4.0130477,4.71339226,2.73610377,1
0.000244140625,260,4.05056047,4.7518487,2.78915524,1
0.000244140625,261,4.08805752,4.79003143,2.84286165,1
0.000244140625,262,4.12554455,4.82792616,2.89723706,1
0.000244140625,263,4.16300631,4.86552048,2.95226479,1
0.000244140625,264,4.20043135,4.90278816,3.00794196,1
0.000244140625,265,4.237813,4.93972158,3.06426001,1
0.000244140625,266,4.27513885,4.97629547,3.12121844,1
0.000244140625,267,4.3124156,5.01252556,3.17883372,1
0.000244140625,268,4.34961557,5.04835558,3.23706985,1
0.000244140625,269,4.38673353,5.08379269,3.29593492,1
0.000244140625,270,4.42376566,5.11881447,3.35542369,1
0.000244140625,271,4.46069622,5.15340805,3.41552281,1
0.000244140625,272,4.49751663,5.18755198,3.47622085,1
0.000244140625,273,4.53422689,5.2212491,3.53753138,1
0.000244140625,274,4.57080078,5.25445747,3.59943938,1
0.000244140625,275,4.60725021,5.28719044,3.66193676,1
0.000244140625,276,4.64354515,5.31940794,3.72499466,1
0.000244140625,277,4.67967319,5.35109758,3.78861475,1
0.000244140625,278,4.71563911,5.38225794,3.8527894,1
0.000244140625,279,4.75143242,5.41287088,3.91752744,1
0.000244140625,280,4.78703403,5.44291735,3.98279262,1
0.000244140625,281,4.82243013,5.47237301,4.04856586,1
0.000244140625,282,4.85763407,5.50124598,4.11489439,1
0.000244140625,283,4.89260244,5.52950048,4.18168354,1
0.000244140625,284,4.92734718,5.55713892,4.24897242,1
0.000244140625,285,4.9618578,5.5841341,4.31674337,1
0.000244140625,286,4.99612284,5.61048841,4.38498688,1
0.000244140625,287,5.03011274,5.63616276,4.45366907,1
0.000244140625,288,5.06384754,5.66117668,4.52279472,1
0.000244140625,289,5.09728336,5.68548536,4.59231424,1
0.000244140625,290,5.1304431,5.70910692,4.66227293,1
0.000244140625,291,5.16330147,5.73201275,4.73262167,1
0.000244140625,292,5.1958456,5.75418091,4.80333233,1
0.000244140625,293,5.22807121,5.7756176,4.87442398,1
0.000244140625,294,5.25996161,5.7963028,4.94583797,1
0.000244140625,295,5.29151535,5.81623936,5.0175972,1
0.000244140625,296,5.3227129,5.83539486,5.08966637,1
0.000244140625,297,5.35355282,5.85376692,5.16203165,1
0.000244140625,298,5.38403511,5.87137032,5.23469877,1
0.000244140625,299,5.41412497,5.88815451,5.30759907,1
0.000244140625,300,5.44382954,5.90414286,5.38075018,1
0.000244140625,301,5.47311831,5.91930532,5.45409966,1
0.000244140625,302,5.50201321,5.93365192,5.52767086,1
0.000244140625,303,5.53049135,5.94716787,5.60144711,1
0.000244140625,304,5.55853558,5.9598403,5.67537689,1
0.000244140625,305,5.58614635,5.97167015,5.74944925,1
0.000244140625,306,5.61331797,5.98265696,5.82367134,1
0.000244140625,307,5.64003658,5.9927845,5.897995,1
0.000244140625,308,5.66629124,6.00205517,5.97241163,1
0.000244140625,309,5.69206285,6.01044416,6.04688549,1
0.000244140625,310,5.71737194,6.01797915,6.12142372,1
0.000244140625,311,5.7421875,6.02464104,6.19597483,1
0.000244140625,312,5.76651001,6.03041887,6.27055883,1
0.000244140625,313,5.79032898,6.035326,6.34512615,1
0.000244140625,314,5.81364441,6.0393548,6.41966867,1
0.000244140625,315,5.83644915,6.04250622,6.49416208,1
0.000244140625,316,5.85871506,6.04477358,6.56855822,1
0.000244140625,317,5.88045692,6.04615545,6.64289188,1
0.000244140625,318,5.90166521,6.0466609,6.71710539,1
0.000244140625,319,5.92232275,6.04628658,6.79117489,1
0.000244140625,320,5.94244051,6.04502964,6.86512327,1
0.000244140625,321,5.96199894,6.04290056,6.93888378,1
0.000244140625,322,5.98100376,6.03989267,7.01247072,1
0.000244140625,323,5.99942827,6.03601646,7.08581781,1
0.000244140625,324,6.01730347,6.03128147,7.15895939,1
0.000244140625,325,6.03458834,6.02567291,7.23184299,1
0.000244140625,326,6.05128908,6.01920748,7.30444002,1
0.000244140625,327,6.06740713,6.01189947,7.3767395,1
0.000244140625,328,6.08293724,6.00372171,7.4487586,1
0.000244140625,329,6.09788036,5.99472523,7.52043867,1
0.000244140625,330,6.11222076,5.98487425,7.59178543,1
0.000244140625,331,6.12596989,5.97421169,7.66277027,1
0.000244140625,332,6.13910675,5.96271992,7.73335552,1
0.000244140625,333,6.15163851,5.95042133,7.80353212,1
0.000244140625,334,6.16356897,5.93732548,7.87330294,1
0.000244140625,335,6.17488861,5.92342377,7.9426446,1
0.000244140625,336,6.18558884,5.90872622,8.0115366,1
0.000244140625,337,6.19568348,5.89328575,8.07992649,1
0.000244140625,338,6.20516634,5.87705708,8.14787769,1
0.000244140625,339,6.21402025,5.86007881,8.21530056,1
0.000244140625,340,6.22226477,5.84234953,8.28222942,1
0.000244140625,341,6.22989798,5.82391262,8.34859562,1
0.000244140625,342,6.23690319,5.80473518,8.41443062,1
0.000244140625,343,6.2433033,5.7848649,8.47971344,1
0.000244140625,344,6.24906874,5.76428843,8.54438972,1
0.000244140625,345,6.25423241,5.7430377,8.6085043,1
0.000244140625,346,6.25877476,5.72110796,8.67201042,1
0.000244140625,347,6.2627039,5.69852877,8.73488998,1
0.000244140625,348,6.26601219,5.67529345,8.79716587,1
0.000244140625,349,6.2687211,5.6514535,8.85877419,1
0.000244140625,350,6.27081013,5.62697744,8.91975594,1
0.000244140625,351,6.27229929,5.6019187,8.98006153,1
0.000244140625,352,6.27318239,5.5762682,9.03970337,1
0.000244140625,353,6.27346087,5.55004978,9.09866714,1
0.000244140625,354,6.27313328,5.52326107,9.15693283,1
0.000244140625,355,6.27221441,5.4959259,9.21451092,1
0.000244140625,356,6.27070522,5.46808577,9.27136135,1
0.000244140625,357,6.26860285,5.43973589,9.32750511,1
0.000244140625,358,6.26592064,5.41089582,9.38290882,1
0.000244140625,359,6.26264858,5.38156128,9.43759918,1
0.000244140625,360,6.25879574,5.35175133,9.49153709,1
0.000244140625,361,6.2543745,5.32150984,9.54473495,1
0.000244140625,362,6.24939251,5.29082918,9.59720421,1
0.000244140625,363,6.2438426,5.25974941,9.64887428,1
0.000244140625,364,6.23773527,5.22825766,9.69982529,1
0.000244140625,365,6.23107243,5.19638348,9.74998093,1
0.000244140625,366,6.22386169,5.1641283,9.79936886,1
0.000244140625,367,6.21610689,5.13152409,9.8479948,1
0.000244140625,368,6.20781946,5.09858894,9.89583302,1
0.000244140625,369,6.19899988,5.06531858,9.94290543,1
0.000244140625,370,6.18965578,5.03176212,9.98918724,1
0.000244140625,371,6.17979097,4.99789715,10.0346909,1
0.000244140625,372,6.16942263,4.96376944,10.079401,1
0.000244140625,373,6.15854502,4.92936707,10.1233492,1
0.000244140625,374,6.14716673,4.89472246,10.1664915,1
0.000244140625,375,6.13529539,4.85984993,10.2088547,1
0.000244140625,376,6.12294579,4.8247714,10.2504196,1
0.000244140625,377,6.11011791,4.7894845,10.291213,1
0.000244140625,378,6.09681368,4.75401306,10.3312035,1
0.000244140625,379,6.08305359,4.71837425,10.3704433,1
0.000244140625,380,6.06883621,4.6825738,10.4088793,1
0.000244140625,381,6.05415201,4.64661264,10.4465332,1
0.000244140625,382,6.03905296,4.6105442,10.4834385,1
0.000244140625,383,6.02350378,4.57435131,10.5195465,1
0.000244140625,384,6.00753784,4.53806305,10.5548811,1
0.000244140625,385,5.99114943,4.50168657,10.5894451,1
0.000244140625,386,5.9743557,4.46523666,10.62327,1
0.000244140625,387,5.95714569,4.42870045,10.6563244,1
0.000244140625,388,5.93956327,4.39215565,10.6886063,1
0.000244140625,389,5.92158175,4.35555029,10.7201548,1
0.000244140625,390,5.90321875,4.31891203,10.7509708,1
0.000244140625,391,5.88449287,4.28228617,10.7809992,1
0.000244140625,392,5.86539459,4.24563503,10.8103304,1
0.000244140625,393,5.84595013,4.20900726,10.8389111,1
0.000244140625,394,5.82614183,4.17237139,10.8667755,1
0.000244140625,395,5.8060112,4.13580227,10.893918,1
0.000244140625,396,5.78555775,4.09926748,10.9203529,1
0.000244140625,397,5.76475859,4.06277466,10.9460869,1
0.000244140625,398,5.74367762,4.02637863,10.9711084,1
0.000244140625,399,5.72225523,3.99001169,10.9954443,1
0.000244140625,400,5.70056868,3.95378065,11.0190811,1
0.000244140625,401,5.67856407,3.91758943,11.042057,1
0.000244140625,402,5.65627527,3.88151431,11.0643501,1
0.000244140625,403,5.63371754,3.84554267,11.0859747,1
0.000244140625,404,5.61091471,3.80971837,11.1069489,1
0.000244140625,405,5.58783054,3.77400994,11.1272564,1
0.000244140625,406,5.56450272,3.7384274,11.1469545,1
0.000244140625,407,5.54093599,3.70300746,11.1659813,1
0.000244140625,408,5.51711369,3.66769099,11.1844187,1
0.000244140625,409,5.49308825,3.63257337,11.2022152,1
0.000244140625,410,5.46884012,3.59762144,11.2193985,1
0.000244140625,411,5.44436216,3.5628221,11.2359762,1
0.000244140625,412,5.41969395,3.52821851,11.2519712,1
0.000244140625,413,5.39482498,3.493788,11.2673712,1
0.000244140625,414,5.36975765,3.4595418,11.2821846,1
0.000244140625,415,5.34452772,3.4255085,11.2964535,1
0.000244140625,416,5.31909418,3.39164615,11.3101482,1
0.000244140625,417,5.2935133,3.35802913,11.3232822,1
0.000244140625,418,5.26776218,3.32459784,11.3358717,1
0.000244140625,419,5.24186468,3.29140353,11.3479185,1
0.000244140625,420,5.21580791,3.25841212,11.3594494,1
0.000244140625,421,5.18961716,3.22565317,11.3704443,1
0.000244140625,422,5.1633029,3.19313526,11.3809404,1
0.000244140625,423,5.13683414,3.16081691,11.3909235,1
0.000244140625,424,5.11026669,3.12876034,11.4004259,1
0.000244140625,425,5.08358192,3.09693837,11.4094343,1
0.000244140625,426,5.05677938,3.0653522,11.417964,1
0.000244140625,427,5.02988911,3.03402996,11.426012,1
0.000244140625,428,5.00289631,3.00295448,11.4335976,1
0.000244140625,429,4.97580862,2.97210765,11.4407539,1
0.000244140625,430,4.94864511,2.94153953,11.447443,1
0.000244140625,431,4.92139816,2.91121745,11.4536896,1
0.000244140625,432,4.89409018,2.88116574,11.4595013,1
0.000244140625,433,4.86670971,2.85135484,11.4649162,1
0.000244140625,434,4.83928156,2.82184219,11.4699011,1
0.000244140625,435,4.81177473,2.79254222,11.4744892,1
0.000244140625,436,4.78423882,2.76353788,11.4786844,1
0.000244140625,437,4.75666094,2.73481083,11.4824705,1
0.000244140625,438,4.72901773,2.70631385,11.4858809,1
0.000244140625,439,4.70136499,2.67812586,11.4888916,1
0.000244140625,440,4.67369223,2.65019083,11.491581,1
0.000244140625,441,4.64597416,2.62250996,11.4938879,1
0.000244140625,442,4.6182518,2.59511971,11.4958391,1
0.000244140625,443,4.59048796,2.56797433,11.497426,1
0.000244140625,444,4.56274843,2.54112387,11.4987125,1
0.000244140625,445,4.53498268,2.51453352,11.4996405,1
0.000244140625,446,4.50723171,2.48821712,11.5002527,1
0.000244140625,447,4.47948074,2.4621706,11.5005445,1
0.000244140625,448,4.45173836,2.43639803,11.5005274,1
0.000244140625,449,4.42400503,2.41089678,11.5001984,1
0.000244140625,450,4.39628363,2.38564587,11.4995871,1
0.000244140625,451,4.36859369,2.36068034,11.4986963,1
0.000244140625,452,4.34092569,2.33597994,11.4974947,1
0.000244140625,453,4.31328058,2.31153727,11.4960318,1
0.000244140625,454,4.285676,2.28737092,11.494298,1
0.000244140625,455,4.25808477,2.26345849,11.4922695,1
0.000244140625,456,4.23055887,2.23982501,11.4900255,1
0.000244140625,457,4.20305729,2.21643543,11.4874983,1
0.000244140625,458,4.17561579,2.193331,11.4847498,1
0.000244140625,459,4.1482234,2.17047262,11.4817495,1
0.000244140625,460,4.12085915,2.1478653,11.4785023,1
0.000244140625,461,4.09357309,2.12551761,11.4750481,1
0.000244140625,462,4.06634045,2.10343361,11.4713573,1
0.000244140625,463,4.0391674,2.08160329,11.4674597,1
0.000244140625,464,4.01203823,2.06000686,11.4633265,1
0.000244140625,465,3.98500848,2.03868794,11.4590073,1
0.000244140625,466,3.95803523,2.01759982,11.4544935,1
0.000244140625,467,3.93112993,1.99676621,11.4497652,1
0.000244140625,468,3.90429401,1.97617352,11.444849,1
0.000244140625,469,3.87753177,1.95581841,11.4397354,1
0.000244140625,470,3.8508594,1.93571484,11.4344549,1
0.000244140625,471,3.82425332,1.91583455,11.428998,1
0.000244140625,472,3.79774141,1.89621305,11.4233599,1
0.000244140625,473,3.77132487,1.87681401,11.4175882,1
0.000244140625,474,3.74497581,1.8576467,11.4116154,1
0.000244140625,475,3.71871996,1.83870077,11.4055004,1
0.000244140625,476,3.69256902,1.82000124,11.3992252,1
0.000244140625,477,3.66648936,1.80150628,11.3928061,1
0.000244140625,478,3.64049244,1.78322518,11.3862553,1
0.000244140625,479,3.61461592,1.76519454,11.3795347,1
0.000244140625,480,3.58883286,1.74737573,11.3726969,1
0.000244140625,481,3.56315184,1.72977209,11.3657265,1
0.000244140625,482,3.53756618,1.71238077,11.3586216,1
0.000244140625,483,3.51206827,1.69519472,11.3513727,1
0.000244140625,484,3.48669052,1.67822957,11.3440418,1
0.000244140625,485,3.46141243,1.66146004,11.336565,1
0.000244140625,486,3.43623996,1.64490438,11.3289871,1
0.000244140625,487,3.41118455,1.62855005,11.3213062,1
0.000244140625,488,3.38620663,1.61237776,11.3134937,1
0.000244140625,489,3.36137033,1.59643281,11.3056107,1
0.000244140625,490,3.33662295,1.58065939,11.2975969,1
0.000244140625,491,3.31198978,1.56507111,11.2895298,1
0.000244140625,492,3.28747082,1.54969466,11.2813196,1
0.000244140625,493,3.26305747,1.53448939,11.2730551,1
0.000244140625,494,3.23876429,1.51947272,11.2646818,1
0.000244140625,495,3.21456671,1.50463593,11.2562132,1
0.000244140625,496,3.1905179,1.49000168,11.247694,1
0.000244140625,497,3.16655874,1.47551823,11.2390785,1
0.000244140625,498,3.14271283,1.46120548,11.2303953,1
0.000244140625,499,3.11897373,1.44706416,11.2216358,1
0.000244140625,500,3.09537315,1.43311357,11.2128134,1
0.000244140625,501,3.07187343,1.4193095,11.2039175,1
0.000244140625,502,3.04849935,1.40568125,11.1949739,1
0.000244140625,503,3.02524185,1.39221776,11.1859322,1
0.000244140625,504,3.00210238,1.3789109,11.1768627,1
0.000244140625,505,2.97907639,1.36575973,11.1677246,1
0.000244140625,506,2.95616317,1.35275769,11.1585293,1
0.000244140625,507,2.93337464,1.339908,11.1492977,1
0.000244140625,508,2.91070986,1.32722926,11.1399832,1
0.000244140625,509,2.88816953,1.31469238,11.1306419,1
0.000244140625,510,2.86571908,1.30227852,11.1212578,1
0.000244140625,511,2.84340763,1.29003179,11.1118078,1
0.000244140625,512,2.82119536,1.2779001,11.1023254,1
0.000244140625,513,2.79912353,1.26592422,11.0928192,1
0.000244140625,514,2.77717113,1.25409031,11.083271,1
0.000244140625,515,2.75531793,1.24237645,11.0736742,1
0.000244140625,516,2.73359132,1.23078609,11.0640831,1
0.000244140625,517,2.71198249,1.21934378,11.0543985,1
0.000244140625,518,2.6904881,1.20801187,11.0447359,1
0.000244140625,519,2.66911888,1.19681394,11.035017,1
0.000244140625,520,2.6478622,1.18573844,11.025279,1
0.000244140625,521,2.6267159,1.17477393,11.0155182,1
0.000244140625,522,2.60570908,1.16394949,11.0057383,1
0.000244140625,523,2.58478475,1.15320981,10.9959335,1
0.000244140625,524,2.56400347,1.1426146,10.9860859,1
0.000244140625,525,2.54332232,1.13211477,10.9762239,1
0.000244140625,526,2.52277112,1.12172174,10.9663897,1
0.000244140625,527,2.502321,1.11143959,10.9564819,1
0.000244140625,528,2.48198652,1.10125589,10.9466019,1
0.000244140625,529,2.46176672,1.09117627,10.9366913,1
0.000244140625,530,2.44164872,1.08119011,10.9267607,1
0.000244140625,531,2.421664,1.07131791,10.9168396,1
0.000244140625,532,2.40178561,1.06153655,10.9069023,1
0.000244140625,533,2.38200879,1.05183721,10.8969622,1
0.000244140625,534,2.36235404,1.04224837,10.8869953,1
0.000244140625,535,2.3428154,1.03275061,10.877037,1
0.000244140625,536,2.32339287,1.02334046,10.8670969,1
0.000244140625,537,2.30405426,1.01400232,10.8571301,1
0.000244140625,538,2.28482676,1.00475121,10.8471546,1
0.000244140625,539,2.26572204,0.995590389,10.8371878,1
0.000244140625,540,2.24672246,0.98651576,10.8272095,1
0.000244140625,541,2.22782159,0.977502525,10.8172588,1
0.000244140625,542,2.20904183,0.968587697,10.8072882,1
0.000244140625,543,2.19035625,0.959733129,10.7973289,1
0.000244140625,544,2.17177391,0.950947523,10.7873783,1
0.000244140625,545,2.15329599,0.942239583,10.77742,1
0.000244140625,546,2.13492537,0.933607876,10.7674675,1
0.000244140625,547,2.11665392,0.925030708,10.7575264,1
0.000244140625,548,2.09849644,0.916532636,10.7476215,1
0.000244140625,549,2.08042955,0.908090889,10.7377024,1
0.000244140625,550,2.06245923,0.899715781,10.7277794,1
0.000244140625,551,2.04461312,0.891415,10.7178745,1
0.000244140625,552,2.02682614,0.883137822,10.7079926,1
0.000244140625,553,2.00916266,0.874937415,10.6981316,1
0.000244140625,554,1.99158382,0.86678803,10.6882505,1
0.000244140625,555,1.97412145,0.858713388,10.6783915,1
0.000244140625,556,1.95674324,0.850676477,10.6685648,1
0.000244140625,557,1.93945503,0.842684031,10.6587515,1
0.000244140625,558,1.92227101,0.834748626,10.6489449,1
0.000244140625,559,1.90517366,0.82686317,10.6391373,1
0.000244140625,560,1.88818514,0.819030225,10.629385,1
0.000244140625,561,1.87125993,0.811224222,10.6196175,1
0.000244140625,562,1.85443926,0.803467035,10.609889,1
0.000244140625,563,1.83770728,0.795755208,10.600172,1
0.000244140625,564,1.82106066,0.788079321,10.5904684,1
0.000244140625,565,1.80450571,0.780449629,10.5807753,1
0.000244140625,566,1.78805828,0.772862136,10.5711603,1
0.000244140625,567,1.77167916,0.765303075,10.5615072,1
0.000244140625,568,1.75537467,0.75776118,10.5518885,1
0.000244140625,569,1.73918021,0.750287592,10.5423031,1
0.000244140625,570,1.72304142,0.742814898,10.5327263,1
0.000244140625,571,1.7069999,0.735381007,10.5231838,1
0.000244140625,572,1.69105601,0.727995276,10.5136671,1
0.000244140625,573,1.675156,0.720594525,10.5041599,1
0.000244140625,574,1.65937257,0.713265359,10.4946766,1
0.000244140625,575,1.64363313,0.705910921,10.4852448,1
0.000244140625,576,1.62800324,0.698620677,10.4758215,1
0.000244140625,577,1.61243749,0.691346407,10.4664021,1
0.000244140625,578,1.59695423,0.684085131,10.4570398,1
0.000244140625,579,1.58154988,0.676849127,10.4477119,1
0.000244140625,580,1.5662086,0.669628918,10.4383659,1
0.000244140625,581,1.55096686,0.662442148,10.4290848,1
0.000244140625,582,1.53577709,0.655247688,10.4198322,1
0.000244140625,583,1.52065885,0.648073792,10.4105978,1
0.000244140625,584,1.50561929,0.640916944,10.4013815,1
0.000244140625,585,1.49065912,0.633781254,10.3922186,1
0.000244140625,586,1.47573996,0.626627386,10.3830662,1
0.000244140625,587,1.46090972,0.619501054,10.3739653,1
0.000244140625,588,1.44615293,0.61239773,10.3648586,1
0.000244140625,589,1.4314332,0.605266571,10.3557987,1
0.000244140625,590,1.41682327,0.598184466,10.3467836,1
0.000244140625,591,1.40225101,0.591085255,10.3377705,1
0.000244140625,592,1.3877368,0.583970308,10.3288345,1
0.000244140625,593,1.373299,0.576883316,10.3198919,1
0.000244140625,594,1.35893166,0.569800675,10.3110018,1
0.000244140625,595,1.3445909,0.562686563,10.3021412,1
0.000244140625,596,1.33037066,0.555634737,10.2932882,1
0.000244140625,597,1.31615818,0.548526764,10.2844992,1
0.000244140625,598,1.30202436,0.541431427,10.2757273,1
0.000244140625,599,1.28796458,0.534356713,10.2669916,1
0.000244140625,600,1.27392805,0.52724278,10.2582855,1
0.000244140625,601,1.2599746,0.52014631,10.2496147,1
0.000244140625,602,1.24605703,0.513020813,10.2409801,1
0.000244140625,603,1.23219705,0.505895793,10.2323828,1
0.000244140625,604,1.21841002,0.498781264,10.2238197,1
0.000244140625,605,1.2046591,0.491638154,10.2152939,1
0.000244140625,606,1.19096136,0.484484017,10.2068005,1
0.000244140625,607,1.17732036,0.477330923,10.1983366,1
0.000244140625,608,1.16372454,0.470151216,10.1899233,1
0.000244140625,609,1.15017891,0.46296677,10.1815224,1
0.000244140625,610,1.13668227,0.455765873,10.1731758,1
0.000244140625,611,1.12323105,0.448540449,10.1648884,1
0.000244140625,612,1.10984194,0.441325873,10.1565866,1
0.000244140625,613,1.09647906,0.434070945,10.1483536,1
0.000244140625,614,1.08317018,0.426801473,10.1401491,1
0.000244140625,615,1.06989658,0.419507176,10.1319876,1
0.000244140625,616,1.05666518,0.412197083,10.123847,1
0.000244140625,617,1.04349279,0.40487504,10.1157618,1
0.000244140625,618,1.03035021,0.397526652,10.1076956,1
0.000244140625,619,1.01725757,0.390158236,10.0996971,1
0.000244140625,620,1.00419378,0.382757753,10.0917187,1
0.000244140625,621,0.991171598,0.375332981,10.0837936,1
0.000244140625,622,0.978206992,0.367908239,10.0758791,1
0.000244140625,623,0.965254486,0.360428125,10.0680218,1
0.000244140625,624,0.952364564,0.352949947,10.0601997,1
0.000244140625,625,0.939476669,0.345408142,10.0524111,1
0.000244140625,626,0.926647246,0.337865055,10.0446587,1
0.000244140625,627,0.913841367,0.330276251,10.0369644,1
0.000244140625,628,0.901071608,0.322663069,10.0292959,1
0.000244140625,629,0.888331354,0.315014809,10.0216742,1
0.000244140625,630,0.875649691,0.307362378,10.0140877,1
0.000244140625,631,0.86296922,0.299650282,10.0065413,1
0.000244140625,632,0.85033536,0.291917741,9.99904251,1
0.000244140625,633,0.837700248,0.284118056,9.99158096,1
0.000244140625,634,0.825114787,0.276311189,9.98415661,1
0.000244140625,635,0.812565923,0.268471003,9.97679043,1
0.000244140625,636,0.800023258,0.260578215,9.9694376,1
0.000244140625,637,0.787538886,0.252680898,9.96213722,1
0.000244140625,638,0.775061786,0.244725034,9.9548912,1
0.000244140625,639,0.762613773,0.236735478,9.94766998,1
0.000244140625,640,0.750166953,0.228683159,9.94050503,1
0.000244140625,641,0.73777014,0.220617548,9.93336678,1
0.000244140625,642,0.725392044,0.212510377,9.92628288,1
0.000244140625,643,0.713030398,0.204351485,9.91924572,1
0.000244140625,644,0.700687766,0.196150869,9.91224384,1
0.000244140625,645,0.688366473,0.187911049,9.90528965,1
0.000244140625,646,0.676066816,0.179625779,9.89836025,1
0.000244140625,647,0.663778007,0.171289057,9.89149094,1
0.000244140625,648,0.651512921,0.162916422,9.88466454,1
0.000244140625,649,0.639263988,0.154493168,9.87788296,1
0.000244140625,650,0.627030194,0.146020561,9.8711462,1
0.000244140625,651,0.614814997,0.137506366,9.86445236,1
0.000244140625,652,0.602628648,0.128959104,9.85779667,1
0.000244140625,653,0.590432644,0.120340407,9.85118294,1
0.000244140625,654,0.578254938,0.11167106,9.84463596,1
0.000244140625,655,0.566101909,0.102969348,9.83810997,1
0.000244140625,656,0.553959727,0.0942159742,9.83162403,1
0.000244140625,657,0.541801453,0.085377723,9.8252039,1
0.000244140625,658,0.529678166,0.0765155032,9.8188324,1
0.000244140625,659,0.517565131,0.0676038563,9.81248856,1
0.000244140625,660,0.50545913,0.0586333498,9.80620384,1
0.000244140625,661,0.493360966,0.0496097989,9.79994583,1
0.000244140625,662,0.48127383,0.0405327044,9.79377079,1
0.000244140625,663,0.469178349,0.0313859731,9.78759861,1
0.000244140625,664,0.457109779,0.0222040545,9.78149986,1
0.000244140625,665,0.445028275,0.0129460525,9.77543736,1
0.000244140625,666,0.432965726,0.00364680914,9.76942635,1
0.000244140625,667,0.420902759,-0.00571501115,9.76345348,1
0.000244140625,668,0.408834577,-0.0151465982,9.75753975,1
0.000244140625,669,0.396775484,-0.0246311668,9.75167847,1
0.000244140625,670,0.384708405,-0.0341880806,9.74586105,1
0.000244140625,671,0.372667074,-0.0437759124,9.740098,1
0.000244140625,672,0.360603124,-0.0534530245,9.73437405,1
0.000244140625,673,0.348572791,-0.0631532595,9.72869778,1
0.000244140625,674,0.336500674,-0.0729631111,9.72306633,1
0.000244140625,675,0.324440032,-0.0828195885,9.71748543,1
0.000244140625,676,0.312393934,-0.0927231386,9.71195412,1
0.000244140625,677,0.300344884,-0.102692254,9.70648766,1
0.000244140625,678,0.288279206,-0.112741292,9.70104885,1
0.000244140625,679,0.276189566,-0.122878321,9.69569016,1
0.000244140625,680,0.264136851,-0.133034974,9.69035816,1
0.000244140625,681,0.252071142,-0.143264174,9.68506527,1
0.000244140625,682,0.239980593,-0.153586507,9.67983437,1
0.000244140625,683,0.227903664,-0.163952902,9.6746645,1
0.000244140625,684,0.215790391,-0.174422011,9.66956139,1
0.000244140625,685,0.203683987,-0.184941992,9.66447544,1
0.000244140625,686,0.191589534,-0.195509791,9.65945625,1
0.000244140625,687,0.179469481,-0.206165731,9.65449047,1
0.000244140625,688,0.167334735,-0.21690008,9.64957809,1
0.000244140625,689,0.155193135,-0.227703318,9.64471722,1
0.000244140625,690,0.143055201,-0.238559291,9.63989449,1
0.000244140625,691,0.130908147,-0.249486595,9.63515377,1
0.000244140625,692,0.118711866,-0.260529101,9.63043499,1
0.000244140625,693,0.10652744,-0.271619767,9.62580204,1
0.000244140625,694,0.0943453312,-0.282764018,9.62119389,1
0.000244140625,695,0.0821420848,-0.293993294,9.61665535,1
0.000244140625,696,0.0699225888,-0.305299401,9.61215591,1
0.000244140625,697,0.0576625653,-0.31671223,9.60774231,1
0.000244140625,698,0.0454243869,-0.328157932,9.60336304,1
0.000244140625,699,0.0331337824,-0.339722574,9.59903526,1
0.000244140625,700,0.0208551623,-0.351330698,9.5947504,1
0.000244140625,701,0.00854050368,-0.363041848,9.59056473,1
0.000244140625,702,-0.00377098587,-0.374805242,9.58640957,1
0.000244140625,703,-0.0161219928,-0.386672646,9.58231735,1
0.000244140625,704,-0.0284895152,-0.398618311,9.57827854,1
0.000244140625,705,-0.0408630297,-0.410628021,9.57428837,1
0.000244140625,706,-0.053262312,-0.422725141,9.57035828,1
0.000244140625,707,-0.0656934679,-0.434917122,9.56651497,1
0.000244140625,708,-0.0781228617,-0.447163492,9.56269836,1
0.000244140625,709,-0.090574801,-0.459493607,9.55893803,1
0.000244140625,710,-0.103071876,-0.471934408,9.5552597,1
0.000244140625,711,-0.115582228,-0.4844473,9.5516386,1
0.000244140625,712,-0.12810728,-0.497033209,9.54804802,1
0.000244140625,713,-0.140679672,-0.509733021,9.54454613,1
0.000244140625,714,-0.153278515,-0.522520006,9.54109764,1
0.000244140625,715,-0.165877923,-0.535362303,9.5377121,1
0.000244140625,716,-0.178490326,-0.548277378,9.53438377,1
0.000244140625,717,-0.191131771,-0.561283112,9.53112888,1
0.000244140625,718,-0.203834444,-0.574415982,9.52792168,1
0.000244140625,719,-0.216552556,-0.587623179,9.52475834,1
0.000244140625,720,-0.229287833,-0.600906372,9.52168846,1
0.000244140625,721,-0.242071375,-0.614302933,9.51869106,1
0.000244140625,722,-0.254872799,-0.627774417,9.515728,1
0.000244140625,723,-0.267680854,-0.64130944,9.51283455,1
0.000244140625,724,-0.280535966,-0.654955983,9.51001453,1
0.000244140625,725,-0.293438196,-0.668713808,9.50727081,1
0.000244140625,726,-0.306332141,-0.682514191,9.50455952,1
0.000244140625,727,-0.319282711,-0.696439326,9.50194836,1
0.000244140625,728,-0.332276702,-0.710468411,9.49936581,1
0.000244140625,729,-0.345282942,-0.724567592,9.49687958,1
0.000244140625,730,-0.358311057,-0.738746226,9.49443436,1
0.000244140625,731,-0.371402711,-0.753055751,9.49207592,1
0.000244140625,732,-0.384525239,-0.767455637,9.48979855,1
0.000244140625,733,-0.39766854,-0.781934321,9.48756981,1
0.000244140625,734,-0.410842806,-0.796502531,9.48540497,1
0.000244140625,735,-0.424080104,-0.811201751,9.48331928,1
0.000244140625,736,-0.437325418,-0.825962126,9.48127842,1
0.000244140625,737,-0.450584233,-0.840792179,9.47935104,1
0.000244140625,738,-0.463940322,-0.855793893,9.47745895,1
0.000244140625,739,-0.47728917,-0.870837331,9.47565269,1
0.000244140625,740,-0.490704834,-0.886015892,9.4739027,1
0.000244140625,741,-0.504124761,-0.901250958,9.47225475,1
0.000244140625,742,-0.517621815,-0.916632414,9.47063732,1
0.000244140625,743,-0.531116664,-0.932063341,9.46913528,1
0.000244140625,744,-0.544673324,-0.947619081,9.46767807,1
0.000244140625,745,-0.558277607,-0.963286757,9.46630287,1
0.000244140625,746,-0.571910322,-0.9790411,9.4650259,1
0.000244140625,747,-0.585589826,-0.994901597,9.46378422,1
0.000244140625,748,-0.599298656,-1.0108515,9.46263409,1
0.000244140625,749,-0.613071263,-1.02692795,9.46156406,1
0.000244140625,750,-0.626877248,-1.0430969,9.46056938,1
0.000244140625,751,-0.640696824,-1.05933368,9.45964146,1
0.000244140625,752,-0.654592454,-1.07571423,9.4587965,1
0.000244140625,753,-0.66854775,-1.09221876,9.45803261,1
0.000244140625,754,-0.682509601,-1.1087805,9.45732021,1
0.000244140625,755,-0.696514964,-1.12544775,9.45674229,1
0.000244140625,756,-0.710587323,-1.14224505,9.4562149,1
0.000244140625,757,-0.724688232,-1.15912807,9.45576668,1
0.000244140625,758,-0.73887676,-1.17616832,9.45540047,1
0.000244140625,759,-0.753036022,-1.19322336,9.45511055,1
0.000244140625,760,-0.767290115,-1.21044302,9.45489502,1
0.000244140625,761,-0.781596541,-1.22777641,9.45478344,1
0.000244140625,762,-0.795942962,-1.24521017,9.45476818,1
0.000244140625,763,-0.810312986,-1.26271975,9.45477772,1
0.000244140625,764,-0.824739814,-1.28034866,9.45491695,1
0.000244140625,765,-0.839238405,-1.29811573,9.45511913,1
0.000244140625,766,-0.853780687,-1.31598568,9.45542336,1
0.000244140625,767,-0.868359983,-1.33394742,9.45580292,1
0.000244140625,768,-0.882984877,-1.35201538,9.45627689,1
0.000244140625,769,-0.897668242,-1.37020469,9.4568119,1
0.000244140625,770,-0.912408233,-1.38851118,9.45749378,1
0.000244140625,771,-0.927184582,-1.4069097,9.45821667,1
0.000244140625,772,-0.942020059,-1.42543066,9.45903111,1
0.000244140625,773,-0.956924558,-1.44408154,9.45996189,1
0.000244140625,774,-0.971864343,-1.46282649,9.46095276,1
0.000244140625,775,-0.986845732,-1.48166919,9.46205235,1
0.000244140625,776,-1.00187993,-1.50062311,9.46324635,1
0.000244140625,777,-1.01698375,-1.51971281,9.46450233,1
0.000244140625,778,-1.03212249,-1.53889048,9.46591663,1
0.000244140625,779,-1.04733777,-1.55821097,9.46735191,1
0.000244140625,780,-1.06258774,-1.57762098,9.46890926,1
0.000244140625,781,-1.07790148,-1.59715521,9.47054863,1
0.000244140625,782,-1.09326077,-1.61679304,9.47231197,1
0.000244140625,783,-1.10869575,-1.63657153,9.47417259,1
0.000244140625,784,-1.12414813,-1.65641606,9.47611523,1
0.000244140625,785,-1.13969243,-1.67641973,9.47816086,1
0.000244140625,786,-1.15527964,-1.69652426,9.48030376,1
0.000244140625,787,-1.17092824,-1.71675146,9.48255062,1
0.000244140625,788,-1.18660891,-1.73706222,9.48485947,1
0.000244140625,789,-1.20238721,-1.75753891,9.48733711,1
0.000244140625,790,-1.21819854,-1.77810264,9.48987103,1
0.000244140625,791,-1.23405957,-1.79877269,9.49251747,1
0.000244140625,792,-1.24997663,-1.81955719,9.49523354,1
0.000244140625,793,-1.26599216,-1.84050846,9.49809933,1
0.000244140625,794,-1.28204024,-1.86154461,9.50107384,1
0.000244140625,795,-1.29815245,-1.88270462,9.50413895,1
0.000244140625,796,-1.31431663,-1.90397358,9.50729561,1
0.000244140625,797,-1.3305335,-1.92535198,9.51056576,1
0.000244140625,798,-1.34681511,-1.94685197,9.51396465,1
0.000244140625,799,-1.36314619,-1.96845984,9.51744747,1
0.000244140625,800,-1.3795383,-1.9901855,9.52102852,1
0.000244140625,801,-1.3960166,-2.01206422,9.52475357,1
0.000244140625,802,-1.41251528,-2.03400874,9.52855492,1
0.000244140625,803,-1.42909706,-2.05609989,9.53248978,1
0.000244140625,804,-1.44578433,-2.0783658,9.5365591,1
0.000244140625,805,-1.46247089,-2.10067225,9.54071808,1
0.000244140625,806,-1.47922421,-2.12310386,9.5449791,1
0.000244140625,807,-1.4960779,-2.14570308,9.5493679,1
0.000244140625,808,-1.51295018,-2.16836667,9.55386925,1
0.000244140625,809,-1.52992845,-2.19120455,9.55850506,1
0.000244140625,810,-1.54692912,-2.21411228,9.56322098,1
0.000244140625,811,-1.56400442,-2.23715329,9.56807709,1
0.000244140625,812,-1.5811466,-2.26031971,9.57304192,1
0.000244140625,813,-1.59835172,-2.28360295,9.57814503,1
0.000244140625,814,-1.61562753,-2.30701828,9.58334255,1
0.000244140625,815,-1.6329608,-2.33054328,9.58868122,1
0.000244140625,816,-1.65036142,-2.35419321,9.59414482,1
0.000244140625,817,-1.66782761,-2.37796402,9.59973907,1
0.000244140625,818,-1.68533552,-2.4018271,9.60541248,1
0.000244140625,819,-1.70295537,-2.42587352,9.61125565,1
0.000244140625,820,-1.72058535,-2.44996357,9.61721325,1
0.000244140625,821,-1.73830438,-2.4742043,9.62331486,1
0.000244140625,822,-1.75611472,-2.49860525,9.62953663,1
0.000244140625,823,-1.77394342,-2.52306175,9.63586903,1
0.000244140625,824,-1.79184592,-2.54765177,9.64230251,1
0.000244140625,825,-1.80986118,-2.57241726,9.64894581,1
0.000244140625,826,-1.82788181,-2.59722877,9.65566254,1
0.000244140625,827,-1.8460294,-2.62223744,9.66253757,1
0.000244140625,828,-1.86419034,-2.64729762,9.66953373,1
0.000244140625,829,-1.88243318,-2.67250204,9.676651,1
0.000244140625,830,-1.90074623,-2.69782209,9.68392277,1
0.000244140625,831,-1.9191041,-2.72324085,9.69130421,1
0.000244140625,832,-1.93756425,-2.74882364,9.69884396,1
0.000244140625,833,-1.95608377,-2.77451825,9.70651436,1
0.000244140625,834,-1.97462153,-2.80026197,9.71433353,1
0.000244140625,835,-1.99327993,-2.82620168,9.72227859,1
0.000244140625,836,-2.01197791,-2.85221982,9.73037434,1
0.000244140625,837,-2.03077435,-2.87839699,9.73862267,1
0.000244140625,838,-2.0496006,-2.90464449,9.7469883,1
0.000244140625,839,-2.0685339,-2.93106461,9.7555275,1
0.000244140625,840,-2.08751059,-2.95756483,9.76421833,1
0.000244140625,841,-2.1065433,-2.98417592,9.77302456,1
0.000244140625,842,-2.1256516,-3.01091266,9.78195381,1
0.000244140625,843,-2.14481807,-3.03775144,9.79107285,1
0.000244140625,844,-2.16409659,-3.06476641,9.80032825,1
0.000244140625,845,-2.18340135,-3.09184694,9.80973148,1
0.000244140625,846,-2.20277929,-3.1190486,9.81928158,1
0.000244140625,847,-2.22222209,-3.1463635,9.82898045,1
0.000244140625,848,-2.24175763,-3.17382693,9.83884048,1
0.000244140625,849,-2.26132369,-3.20135546,9.84884071,1
0.000244140625,850,-2.28098416,-3.2290349,9.85901165,1
0.000244140625,851,-2.30073857,-3.25685835,9.8693819,1
0.000244140625,852,-2.32050633,-3.28473377,9.87982941,1
0.000244140625,853,-2.34039211,-3.31278539,9.89046001,1
0.000244140625,854,-2.36029267,-3.34088111,9.90125275,1
0.000244140625,855,-2.38027358,-3.36910892,9.91217422,1
0.000244140625,856,-2.40035057,-3.39748359,9.92330742,1
0.000244140625,857,-2.42049527,-3.42597055,9.93456745,1
0.000244140625,858,-2.44067359,-3.45452571,9.94599438,1
0.000244140625,859,-2.46094012,-3.48321772,9.95760822,1
0.000244140625,860,-2.48127842,-3.51202679,9.96937752,1
0.000244140625,861,-2.50168467,-3.54094911,9.98131084,1
0.000244140625,862,-2.52212501,-3.56993794,9.99336338,1
0.000244140625,863,-2.54268622,-3.59910059,10.005662,1
0.000244140625,864,-2.56326199,-3.62830853,10.0180721,1
0.000244140625,865,-2.5839591,-3.65769529,10.0306778,1
0.000244140625,866,-2.60466647,-3.687114,10.0434284,1
0.000244140625,867,-2.62550187,-3.71671963,10.0563803,1
0.000244140625,868,-2.64637709,-3.74639869,10.0694962,1
0.000244140625,869,-2.66729903,-3.77615786,10.0827475,1
0.000244140625,870,-2.68832159,-3.80606031,10.0962257,1
0.000244140625,871,-2.70935869,-3.8360014,10.1098518,1
0.000244140625,872,-2.73054338,-3.86615729,10.1236916,1
0.000244140625,873,-2.75173402,-3.89633536,10.1376543,1
0.000244140625,874,-2.77301455,-3.92665029,10.1518173,1
0.000244140625,875,-2.79433751,-3.95702934,10.1661654,1
0.000244140625,876,-2.81571388,-3.98750281,10.1806602,1
0.000244140625,877,-2.83719587,-4.01812315,10.1953754,1
0.000244140625,878,-2.85876203,-4.04886913,10.2102766,1
0.000244140625,879,-2.88035154,-4.07966185,10.225317,1
0.000244140625,880,-2.90203428,-4.11059093,10.2405539,1
0.000244140625,881,-2.92374682,-4.14156628,10.2559891,1
0.000244140625,882,-2.94558024,-4.1727128,10.271656,1
0.000244140625,883,-2.96746564,-4.20393658,10.2875051,1
0.000244140625,884,-2.98935485,-4.23518133,10.3034534,1
0.000244140625,885,-3.01135731,-4.26658392,10.3196487,1
0.000244140625,886,-3.03342247,-4.29807997,10.3360157,1
0.000244140625,887,-3.05552793,-4.32963037,10.3525934,1
0.000244140625,888,-3.07770514,-4.36128998,10.3693285,1
0.000244140625,889,-3.09996629,-4.39306641,10.3863058,1
0.000244140625,890,-3.12231135,-4.4249649,10.4034491,1
0.000244140625,891,-3.14467978,-4.45688725,10.4208031,1
0.000244140625,892,-3.16710424,-4.48890448,10.4383202,1
0.000244140625,893,-3.1896069,-4.52102375,10.4560518,1
0.000244140625,894,-3.21218228,-4.55323648,10.4739952,1
0.000244140625,895,-3.23480797,-4.58553505,10.492094,1
0.000244140625,896,-3.2574861,-4.61789322,10.5104332,1
0.000244140625,897,-3.28025174,-4.65037298,10.5289831,1
0.000244140625,898,-3.303056,-4.68290758,10.5477037,1
0.000244140625,899,-3.32591796,-4.71551514,10.5666084,1
0.000244140625,900,-3.3488698,-4.74824762,10.5857639,1
0.000244140625,901,-3.37185574,-4.78102589,10.6050968,1
0.000244140625,902,-3.39494467,-4.81393576,10.6246634,1
0.000244140625,903,-3.41800785,-4.84681511,10.6443472,1
0.000244140625,904,-3.44121027,-4.87987232,10.664319,1
0.000244140625,905,-3.46442056,-4.91293383,10.6844864,1
0.000244140625,906,-3.48771739,-4.94610882,10.7048578,1
0.000244140625,907,-3.51108813,-4.97938299,10.7254276,1
0.000244140625,908,-3.53447652,-5.01266813,10.7462025,1
0.000244140625,909,-3.5579524,-5.04606724,10.7672396,1
0.000244140625,910,-3.58146143,-5.07949924,10.7884274,1
0.000244140625,911,-3.60506535,-5.11305857,10.8098688,1
0.000244140625,912,-3.62869835,-5.14664507,10.83148,1
0.000244140625,913,-3.65238619,-5.18029547,10.8533487,1
0.000244140625,914,-3.67615366,-5.21403313,10.8754215,1
0.000244140625,915,-3.69991112,-5.24775934,10.8976746,1
0.000244140625,916,-3.72376657,-5.28160286,10.9201508,1
0.000244140625,917,-3.74768829,-5.31551886,10.9428892,1
0.000244140625,918,-3.77165318,-5.34948492,10.9658127,1
0.000244140625,919,-3.79567266,-5.38350534,10.9889612,1
0.000244140625,920,-3.81975317,-5.41759157,11.0123539,1
0.000244140625,921,-3.84384513,-5.45168304,11.0359163,1
0.000244140625,922,-3.86805058,-5.48590517,11.059741,1
0.000244140625,923,-3.89224529,-5.52010298,11.0837545,1
0.000244140625,924,-3.9165349,-5.55440378,11.1080217,1
0.000244140625,925,-3.94085979,-5.58873844,11.1324768,1
0.000244140625,926,-3.96519375,-5.62306976,11.1571312,1
0.000244140625,927,-3.98963022,-5.65750504,11.1820841,1
0.000244140625,928,-4.01408577,-5.69195557,11.2072115,1
0.000244140625,929,-4.03864813,-5.72652864,11.2326164,1
0.000244140625,930,-4.06319666,-5.76105881,11.2581863,1
0.000244140625,931,-4.08780146,-5.79564238,11.2839985,1
0.000244140625,932,-4.11246729,-5.83027458,11.3100748,1
0.000244140625,933,-4.13715124,-5.86492062,11.3363037,1
0.000244140625,934,-4.16191006,-5.89962578,11.3628473,1
0.000244140625,935,-4.18669891,-5.93436146,11.3895359,1
0.000244140625,936,-4.21154594,-5.96913052,11.4165478,1
0.000244140625,937,-4.23642588,-6.00392914,11.4437122,1
0.000244140625,938,-4.26132917,-6.03872299,11.471138,1
0.000244140625,939,-4.28628254,-6.07356071,11.498765,1
0.000244140625,940,-4.31129646,-6.10844421,11.5266514,1
0.000244140625,941,-4.33636475,-6.14336777,11.5547714,1
0.000244140625,942,-4.36143398,-6.17826748,11.5831184,1
0.000244140625,943,-4.3865509,-6.21319294,11.6116781,1
0.000244140625,944,-4.41174698,-6.24818897,11.640523,1
0.000244140625,945,-4.43694067,-6.28313875,11.6695871,1
0.000244140625,946,-4.46217442,-6.31811857,11.6988459,1
0.000244140625,947,-4.48744774,-6.35311127,11.7283516,1
0.000244140625,948,-4.5127573,-6.38812065,11.7580776,1
0.000244140625,949,-4.5381217,-6.42315292,11.7880936,1
0.000244140625,950,-4.56349039,-6.45816994,11.8182669,1
0.000244140625,951,-4.58888817,-6.49316883,11.8487291,1
0.000244140625,952,-4.61435175,-6.52822256,11.8794231,1
0.000244140625,953,-4.63980865,-6.56322861,11.9103031,1
0.000244140625,954,-4.66533995,-6.59828138,11.9415007,1
0.000244140625,955,-4.69087648,-6.63330364,11.9728584,1
0.000244140625,956,-4.7164526,-6.66833925,12.0045023,1
0.000244140625,957,-4.74204159,-6.70333624,12.0363626,1
0.000244140625,958,-4.76767683,-6.73834419,12.0684681,1
0.000244140625,959,-4.79331303,-6.77332354,12.1007881,1
0.000244140625,960,-4.81899405,-6.80830765,12.1333733,1
0.000244140625,961,-4.84471893,-6.84330225,12.166172,1
0.000244140625,962,-4.87043142,-6.87822151,12.1992235,1
0.000244140625,963,-4.89618778,-6.91315031,12.2325172,1
0.000244140625,964,-4.92198992,-6.9481039,12.2660074,1
0.000244140625,965,-4.94774532,-6.98293543,12.2997141,1
0.000244140625,966,-4.97361612,-7.01785898,12.3337545,1
0.000244140625,967,-4.99943542,-7.05266714,12.3679857,1
0.000244140625,968,-5.02530766,-7.0874877,12.4024458,1
0.000244140625,969,-5.05119228,-7.12226772,12.4371595,1
0.000244140625,970,-5.07708168,-7.15700436,12.4720707,1
0.000244140625,971,-5.10302114,-7.19173908,12.5072613,1
0.000244140625,972,-5.12893248,-7.22638655,12.5426445,1
0.000244140625,973,-5.1549058,-7.26104212,12.5783539,1
0.000244140625,974,-5.18083477,-7.29559994,12.6141672,1
0.000244140625,975,-5.20683479,-7.33017588,12.6503048,1
0.000244140625,976,-5.23282719,-7.36468649,12.6866369,1
0.000244140625,977,-5.25883865,-7.39914894,12.7232275,1
0.000244140625,978,-5.28482389,-7.43352795,12.7600145,1
0.000244140625,979,-5.31085348,-7.46789503,12.7970619,1
0.000244140625,980,-5.3368783,-7.50218725,12.834341,1
0.000244140625,981,-5.36293316,-7.53644848,12.8718872,1
0.000244140625,982,-5.38897276,-7.57062435,12.9096422,1
0.000244140625,983,-5.4150486,-7.60476923,12.9476461,1
0.000244140625,984,-5.44107389,-7.63880157,12.9858055,1
0.000244140625,985,-5.46718073,-7.67284775,13.0243311,1
0.000244140625,986,-5.49320173,-7.70673752,13.0628967,1
0.000244140625,987,-5.51929855,-7.74062252,13.1018591,1
0.000244140625,988,-5.54536581,-7.77442074,13.1410065,1
0.000244140625,989,-5.57142687,-7.80813169,13.1803598,1
0.000244140625,990,-5.59750509,-7.84178257,13.2199469,1
0.000244140625,991,-5.62352848,-7.87530041,13.2597151,1
0.000244140625,992,-5.64966869,-7.90886688,13.2998734,1
0.000244140625,993,-5.6756897,-7.94223166,13.3400593,1
0.000244140625,994,-5.70176983,-7.97556639,13.3806295,1
0.000244140625,995,-5.72779036,-8.00876904,13.4212999,1
0.000244140625,996,-5.75382853,-8.04190159,13.4622478,1
0.000244140625,997,-5.77985764,-8.07494545,13.5034103,1
0.000244140625,998,-5.80589962,-8.10791302,13.5448503,1
0.000244140625,999,-5.83193588,-8.14080048,13.5864735,1
0.000244140625,1000,-5.85793829,-8.1735611,13.6283178,1
0.000244140625,1001,-5.88394213,-8.20624256,13.6703873,1
0.000244140625,1002,-5.90989113,-8.23876858,13.7126122,1
0.000244140625,1003,-5.93589735,-8.27127457,13.7551594,1
0.000244140625,1004,-5.96182728,-8.30359936,13.7978725,1
0.000244140625,1005,-5.98778009,-8.33585358,13.8408566,1
0.000244140625,1006,-6.01367617,-8.36797428,13.8838959,1
0.000244140625,1007,-6.03957939,-8.3999939,13.9273024,1
0.000244140625,1008,-6.06545401,-8.43189526,13.9708652,1
0.000244140625,1009,-6.09132338,-8.46370125,14.0146255,1
0.000244140625,1010,-6.11713076,-8.49534702,14.0585642,1
0.000244140625,1011,-6.14296961,-8.52690697,14.1028299,1
0.000244140625,1012,-6.16875792,-8.5583334,14.1472301,1
0.000244140625,1013,-6.19454527,-8.58963776,14.1919003,1
0.000244140625,1014,-6.22025824,-8.62078857,14.2366524,1
0.000244140625,1015,-6.24597979,-8.65183926,14.2816858,1
0.000244140625,1016,-6.27166224,-8.68273926,14.3269444,1
0.000244140625,1017,-6.29729891,-8.71350574,14.3723106,1
0.000244140625,1018,-6.32293415,-8.74414062,14.4179926,1
0.000244140625,1019,-6.34856844,-8.77468491,14.46387,1
0.000244140625,1020,-6.37409925,-8.80499554,14.5098915,1
0.000244140625,1021,-6.39963818,-8.83523464,14.556119,1
0.000244140625,1022,-6.42513657,-8.86530495,14.6025438,1
0.000244140625,1023,-6.45059776,-8.89521885,14.6491957,1
0.0001220703125,0,4.5399931e-05,0,0,1
0.0001220703125,1,0.000989568653,0.000852818659,1.0340872e-05,1
0.0001220703125,2,0.00196255906,0.00173595687,2.16732187e-05,1
0.0001220703125,3,0.00296489405,0.0026500558,3.40492297e-05,1
0.0001220703125,4,0.00399711262,0.00359576684,4.75229208e-05,1
0.0001220703125,5,0.00505973632,0.00457373681,6.21509462e-05,1
0.0001220703125,6,0.00615334418,0.00558465905,7.7991921e-05,1
0.0001220703125,7,0.00727846427,0.00662919413,9.51060501e-05,1
0.0001220703125,8,0.00843566097,0.00770803634,0.000113557573,1
0.0001220703125,9,0.00962552428,0.00882189348,0.000133411755,1
0.0001220703125,10,0.0108485734,0.00997143146,0.000154736801,1
0.0001220703125,11,0.0121054444,0.0111574261,0.000177604874,1
0.0001220703125,12,0.0133967837,0.0123806447,0.000202088137,1
0.0001220703125,13,0.014722961,0.0136416331,0.000228262157,1
0.0001220703125,14,0.016084794,0.0149413254,0.000256207713,1
0.0001220703125,15,0.0174828898,0.0162804816,0.00028600826,1
0.0001220703125,16,0.0189177655,0.0176597945,0.000317744911,1
0.0001220703125,17,0.0203900859,0.0190800726,0.000351510185,1
0.0001220703125,18,0.021900706,0.0205423012,0.000387397624,1
0.0001220703125,19,0.0234497804,0.0220468622,0.000425493665,1
0.0001220703125,20,0.0250384379,0.0235949811,0.000465907302,1
0.0001220703125,21,0.0266671944,0.0251873843,0.000508734258,1
0.0001220703125,22,0.0283365604,0.0268247575,0.000554079248,1
0.0001220703125,23,0.0300471168,0.0285078418,0.000602052663,1
0.0001220703125,24,0.0317999981,0.0302379392,0.000652773131,1
0.0001220703125,25,0.0335955396,0.0320156142,0.00070635305,1
0.0001220703125,26,0.0354346819,0.033841949,0.000762917509,1
0.0001220703125,27,0.0373182148,0.0357179679,0.00082259567,1
0.0001220703125,28,0.0392461754,0.0376438424,0.000885503192,1
0.0001220703125,29,0.0412201136,0.0396213941,0.000951788039,1
0.0001220703125,30,0.0432402901,0.0416510589,0.0010215902,1
0.0001220703125,31,0.045307599,0.0437339023,0.00109504454,1
0.0001220703125,32,0.0474231541,0.0458713025,0.00117231545,1
0.0001220703125,33,0.0495865867,0.0480630435,0.0012535312,1
0.0001220703125,34,0.051799763,0.0503112637,0.00133888167,1
0.0001220703125,35,0.0540634394,0.0526169278,0.00142851693,1
0.0001220703125,36,0.0563775487,0.0549801849,0.00152260088,1
0.0001220703125,37,0.0587436073,0.0574027933,0.00162132084,1
0.0001220703125,38,0.0611635149,0.0598869435,0.00172488415,1
0.0001220703125,39,0.0636341721,0.0624296069,0.00183339615,1
0.0001220703125,40,0.0661605,0.065035902,0.0019471359,1
0.0001220703125,41,0.0687419474,0.067705974,0.00206627464,1
0.0001220703125,42,0.0713813007,0.0704426914,0.00219106418,1
0.0001220703125,43,0.0740731135,0.0732400194,0.00232158601,1
0.0001220703125,44,0.0768247098,0.076107271,0.00245819241,1
0.0001220703125,45,0.0796374604,0.0790458396,0.00260110316,1
0.0001220703125,46,0.0825056657,0.0820456892,0.00275047845,1
0.0001220703125,47,0.0854354203,0.0851212367,0.00290660863,1
0.0001220703125,48,0.0884264633,0.0882660598,0.00306973257,1
0.0001220703125,49,0.0914797932,0.0914844945,0.00324012619,1
0.0001220703125,50,0.0945965946,0.0947778299,0.00341806887,1
0.0001220703125,51,0.0977767631,0.0981432274,0.0036037839,1
0.0001220703125,52,0.101021238,0.101586588,0.00379757676,1
0.0001220703125,53,0.104333147,0.105109364,0.00399980461,1
0.0001220703125,54,0.10771168,0.108709708,0.00421067653,1
0.0001220703125,55,0.111158103,0.112390228,0.00443056971,1
0.0001220703125,56,0.114670277,0.116148978,0.00465968531,1
0.0001220703125,57,0.118255235,0.119993694,0.004898543,1
0.0001220703125,58,0.121910222,0.123921856,0.00514735701,1
0.0001220703125,59,0.125636593,0.127935261,0.00540649146,1
0.0001220703125,60,0.129436716,0.132035717,0.00567635987,1
0.0001220703125,61,0.133311838,0.136226192,0.00595737062,1
0.0001220703125,62,0.137260601,0.140504673,0.0062497817,1
0.0001220703125,63,0.141282558,0.144871011,0.00655389158,1
0.0001220703125,64,0.145386949,0.149335921,0.00687058782,1
0.0001220703125,65,0.149565399,0.153889969,0.00719971955,1
0.0001220703125,66,0.153823733,0.158540308,0.00754199224,1
0.0001220703125,67,0.158163741,0.163288668,0.00789791532,1
0.0001220703125,68,0.162584603,0.168134823,0.00826784968,1
0.0001220703125,69,0.167087436,0.173080087,0.00865221396,1
0.0001220703125,70,0.171673849,0.178126693,0.00905153714,1
0.0001220703125,71,0.176346317,0.183277264,0.00946645532,1
0.0001220703125,72,0.1811046,0.188532233,0.00989735499,1
0.0001220703125,73,0.185951039,0.193894148,0.0103448583,1
0.0001220703125,74,0.190883294,0.199361086,0.0108091999,1
0.0001220703125,75,0.195906907,0.204939052,0.0112913493,1
0.0001220703125,76,0.201020613,0.210627213,0.0117916493,1
0.0001220703125,77,0.206227124,0.216428727,0.0123108113,1
0.0001220703125,78,0.211526752,0.222344279,0.0128493784,1
0.0001220703125,79,0.216920778,0.228375703,0.0134079959,1
0.0001220703125,80,0.222410634,0.234524727,0.0139873298,1
0.0001220703125,81,0.227996394,0.240791932,0.0145878559,1
0.0001220703125,82,0.233680561,0.247180298,0.0152104516,1
0.0001220703125,83,0.239465177,0.253692269,0.0158558693,1
0.0001220703125,84,0.245349869,0.260328174,0.0165246576,1
0.0001220703125,85,0.251337409,0.267090917,0.0172177162,1
0.0001220703125,86,0.25742811,0.273981482,0.0179357175,1
0.0001220703125,87,0.263623744,0.281002074,0.0186794512,1
0.0001220703125,88,0.269925356,0.288154304,0.0194497127,1
0.0001220703125,89,0.276333541,0.295439035,0.0202472098,1
0.0001220703125,90,0.282851636,0.30286026,0.0210730322,1
0.0001220703125,91,0.289479584,0.310418665,0.0219279304,1
0.0001220703125,92,0.296219468,0.318116456,0.0228128266,1
0.0001220703125,93,0.303072304,0.325955182,0.0237285849,1
0.0001220703125,94,0.310039431,0.33393687,0.0246761832,1
0.0001220703125,95,0.317121625,0.342062831,0.0256564841,1
0.0001220703125,96,0.324321121,0.350335628,0.0266705044,1
0.0001220703125,97,0.331639647,0.358757764,0.0277194437,1
0.0001220703125,98,0.339078665,0.367331207,0.0288042892,1
0.0001220703125,99,0.346639365,0.376057386,0.0299260691,1
0.0001220703125,100,0.354322851,0.38493818,0.0310857799,1
0.0001220703125,101,0.362130374,0.393975705,0.0322846323,1
0.0001220703125,102,0.370063424,0.40317136,0.0335235931,1
0.0001220703125,103,0.378125042,0.412528992,0.034804333,1
0.0001220703125,104,0.386315018,0.422049046,0.0361276045,1
0.0001220703125,105,0.394636303,0.431735188,0.0374949649,1
0.0001220703125,106,0.403088063,0.441586971,0.0389072821,1
0.0001220703125,107,0.411675066,0.451609582,0.0403664373,1
0.0001220703125,108,0.420395374,0.461801767,0.0418731719,1
0.0001220703125,109,0.429254323,0.472169369,0.043429438,1
0.0001220703125,110,0.438250303,0.482711881,0.0450362638,1
0.0001220703125,111,0.447386205,0.493432134,0.0466951914,1
0.0001220703125,112,0.456663996,0.504333258,0.0484078191,1
0.0001220703125,113,0.466083348,0.515414298,0.0501752459,1
0.0001220703125,114,0.475648463,0.526681304,0.0519996397,1
0.0001220703125,115,0.485361218,0.538136363,0.0538826697,1
0.0001220703125,116,0.495219529,0.549778402,0.0558248982,1
0.0001220703125,117,0.505227745,0.561611354,0.0578288883,1
0.0001220703125,118,0.515389144,0.573640108,0.0598966517,1
0.0001220703125,119,0.525699794,0.58586055,0.06202887,1
0.0001220703125,120,0.536166668,0.59828043,0.0642281324,1
0.0001220703125,121,0.546788216,0.610898852,0.0664958209,1
0.0001220703125,122,0.557570457,0.623723626,0.0688347146,1
0.0001220703125,123,0.568506956,0.636746109,0.0712451041,1
0.0001220703125,124,0.579608142,0.649980128,0.0737304986,1
0.0001220703125,125,0.590871871,0.66342324,0.0762926489,1
0.0001220703125,126,0.602298737,0.677075744,0.0789327547,1
0.0001220703125,127,0.61389327,0.690943897,0.081654042,1
0.0001220703125,128,0.625652432,0.705024421,0.0844574347,1
0.0001220703125,129,0.637585521,0.719327986,0.0873469263,1
0.0001220703125,130,0.64968437,0.73384577,0.0903220326,1
0.0001220703125,131,0.661958098,0.748589218,0.0933873057,1
0.0001220703125,132,0.674405992,0.763556182,0.0965443626,1
0.0001220703125,133,0.687032759,0.778754294,0.0997965261,1
0.0001220703125,134,0.699835956,0.794179857,0.103145294,1
0.0001220703125,135,0.712819219,0.809837759,0.106593095,1
0.0001220703125,136,0.725979507,0.825724959,0.110141777,1
0.0001220703125,137,0.739323497,0.841848671,0.113794841,1
0.0001220703125,138,0.752855599,0.858214974,0.117556304,1
0.0001220703125,139,0.766574264,0.87482208,0.121427335,1
0.0001220703125,140,0.780478179,0.891669154,0.125410631,1
0.0001220703125,141,0.79457283,0.908761621,0.129509345,1
0.0001220703125,142,0.808860183,0.926103175,0.133727103,1
0.0001220703125,143,0.823337495,0.943691015,0.138065338,1
0.0001220703125,144,0.838009775,0.961530328,0.142527819,1
0.0001220703125,145,0.852881908,0.979626596,0.147118762,1
0.0001220703125,146,0.867950261,0.997977257,0.151839882,1
0.0001220703125,147,0.883217275,1.01658404,0.156694576,1
0.0001220703125,148,0.898689926,1.03545594,0.161687702,1
0.0001220703125,149,0.914359868,1.05458295,0.16681923,1
0.0001220703125,150,0.930240095,1.0739814,0.172096506,1
0.0001220703125,151,0.946322739,1.09364057,0.177519962,1
0.0001220703125,152,0.962610483,1.11356485,0.183093354,1
0.0001220703125,153,0.979113996,1.13376582,0.188823268,1
0.0001220703125,154,0.995826066,1.15423584,0.194710135,1
0.0001220703125,155,1.01275182,1.17498088,0.200759724,1
0.0001220703125,156,1.02988982,1.19599867,0.206973955,1
0.0001220703125,157,1.04724562,1.21729648,0.21335873,1
0.0001220703125,158,1.06481838,1.2388736,0.219916776,1
0.0001220703125,159,1.08261085,1.26073205,0.226652741,1
0.0001220703125,160,1.10061979,1.28286874,0.233568504,1
0.0001220703125,161,1.11885345,1.30529296,0.240671858,1
0.0001220703125,162,1.13730884,1.32800066,0.247964129,1
0.0001220703125,163,1.15599382,1.35100305,0.255452573,1
0.0001220703125,164,1.1748991,1.37428606,0.263138026,1
0.0001220703125,165,1.19403744,1.39786553,0.271028191,1
0.0001220703125,166,1.21339941,1.4217304,0.279124528,1
0.0001220703125,167,1.23299444,1.44589257,0.287433535,1
0.0001220703125,168,1.25282252,1.47035027,0.295960665,1
0.0001220703125,169,1.27288043,1.49509919,0.304708451,1
0.0001220703125,170,1.29317391,1.52014732,0.313682765,1
0.0001220703125,171,1.31370056,1.54548979,0.322887927,1
0.0001220703125,172,1.33446658,1.57113445,0.332330734,1
0.0001220703125,173,1.3554697,1.59707749,0.342014164,1
0.0001220703125,174,1.37670565,1.62331378,0.351942211,1
0.0001220703125,175,1.39818835,1.64985979,0.362124532,1
0.0001220703125,176,1.41990995,1.67670405,0.372563183,1
0.0001220703125,177,1.44187284,1.70385015,0.383263886,1
0.0001220703125,178,1.46407866,1.7312994,0.394232631,1
0.0001220703125,179,1.48652792,1.75905097,0.405473262,1
0.0001220703125,180,1.50922358,1.78710675,0.416994691,1
0.0001220703125,181,1.53216624,1.81547034,0.428799897,1
0.0001220703125,182,1.55534387,1.84412098,0.440889388,1
0.0001220703125,183,1.57877767,1.87308836,0.453280687,1
0.0001220703125,184,1.60246027,1.90235853,0.46597293,1
0.0001220703125,185,1.6263845,1.93192565,0.478969872,1
0.0001220703125,186,1.65056384,1.96180272,0.492283791,1
0.0001220703125,187,1.6749897,1.9919771,0.505914748,1
0.0001220703125,188,1.69966531,2.0224545,0.519870996,1
0.0001220703125,189,1.72458994,2.053231,0.534158647,1
0.0001220703125,190,1.74975991,2.08430099,0.548781276,1
0.0001220703125,191,1.77519059,2.11568165,0.56375289,1
0.0001220703125,192,1.80086184,2.14734864,0.57906878,1
0.0001220703125,193,1.82679331,2.17932081,0.594747663,1
0.0001220703125,194,1.85296857,2.21158099,0.610784352,1
0.0001220703125,195,1.87939978,2.24413896,0.627194524,1
0.0001220703125,196,1.90607858,2.27698493,0.643977106,1
0.0001220703125,197,1.93300664,2.31011987,0.661143184,1
0.0001220703125,198,1.96019101,2.3435483,0.678700149,1
0.0001220703125,199,1.98762155,2.37725806,0.696650743,1
0.0001220703125,200,2.01529264,2.41123867,0.714998484,1
0.0001220703125,201,2.04322457,2.44551253,0.733762681,1
0.0001220703125,202,2.07139659,2.48005533,0.75293678,1
0.0001220703125,203,2.09983277,2.51489162,0.772543788,1
0.0001220703125,204,2.12849569,2.54997611,0.792567372,1
0.0001220703125,205,2.15740871,2.58533239,0.813028693,1
0.0001220703125,206,2.18657088,2.62095523,0.833935857,1
0.0001220703125,207,2.21597433,2.65683985,0.855290353,1
0.0001220703125,208,2.24561906,2.69297647,0.877101481,1
0.0001220703125,209,2.27551198,2.72937417,0.899378717,1
0.0001220703125,210,2.30564308,2.76601815,0.922125995,1
0.0001220703125,211,2.33600497,2.80289555,0.94534117,1
0.0001220703125,212,2.36661172,2.8400228,0.969048679,1
0.0001220703125,213,2.39744639,2.87737393,0.993240058,1
0.0001220703125,214,2.42852283,2.91496515,1.01793432,1
0.0001220703125,215,2.45982909,2.95277524,1.04313207,1
0.0001220703125,216,2.49135518,2.99079347,1.06882954,1
0.0001220703125,217,2.52311015,3.02902341,1.09504759,1
0.0001220703125,218,2.55510068,3.06747985,1.12179971,1
0.0001220703125,219,2.58729982,3.10610914,1.14907026,1
0.0001220703125,220,2.61973262,3.1449542,1.1768856,1
0.0001220703125,221,2.65237331,3.18397307,1.20523965,1
0.0001220703125,222,2.68522525,3.22316051,1.23413873,1
0.0001220703125,223,2.7182982,3.26253724,1.26360285,1
0.0001220703125,224,2.75158262,3.30208254,1.29362881,1
0.0001220703125,225,2.78506303,3.34177637,1.32421744,1
0.0001220703125,226,2.81874061,3.38161063,1.35537338,1
0.0001220703125,227,2.85263681,3.4216013,1.38713157,1
0.0001220703125,228,2.88670516,3.46171093,1.41945183,1
0.0001220703125,229,2.92096949,3.50194597,1.45236683,1
0.0001220703125,230,2.95542812,3.54229665,1.4858923,1
0.0001220703125,231,2.99006772,3.58275747,1.52001536,1
0.0001220703125,232,3.02488613,3.6233108,1.55474412,1
0.0001220703125,233,3.05988193,3.66395593,1.59008896,1
0.0001220703125,234,3.09503555,3.70466375,1.62603974,1
0.0001220703125,235,3.13035631,3.74543881,1.66261506,1
0.0001220703125,236,3.16584206,3.78626847,1.69982052,1
0.0001220703125,237,3.20148587,3.82715249,1.73766291,1
0.0001220703125,238,3.23727798,3.8680687,1.77614057,1
0.0001220703125,239,3.27321768,3.90900779,1.81525981,1
0.0001220703125,240,3.30928802,3.94994807,1.85500979,1
0.0001220703125,241,3.3455081,3.99090338,1.89542735,1
0.0001220703125,242,3.3818574,4.03184938,1.93649721,1
0.0001220703125,243,3.41830134,4.07274485,1.97819304,1
0.0001220703125,244,3.45488882,4.113626,2.02056599,1
0.0001220703125,245,3.49157667,4.15445185,2.06359386,1
0.0001220703125,246,3.52836895,4.19521189,2.10728192,1
0.0001220703125,247,3.56526351,4.23590326,2.15164232,1
0.0001220703125,248,3.60224199,4.27649975,2.19665837,1
0.0001220703125,249,3.63931012,4.31699991,2.24234557,1
0.0001220703125,250,3.67645955,4.35738993,2.28871059,1
0.0001220703125,251,3.71367812,4.39765406,2.33574224,1
0.0001220703125,252,3.75094962,4.43776226,2.38343287,1
0.0001220703125,253,3.78828454,4.47772026,2.43180323,1
0.0001220703125,254,3.8256793,4.517519,2.48086023,1
0.0001220703125,255,3.86310124,4.55712175,2.53056788,1
0.0001220703125,256,3.90055752,4.59652233,2.58094883,1
0.0001220703125,257,3.93803358,4.63570929,2.63199663,1
0.0001220703125,258,3.97553802,4.67467594,2.68371987,1
0.0001220703125,259,4.01304436,4.71338081,2.73610377,1
0.0001220703125,260,4.05056,4.75185299,2.78916049,1
0.0001220703125,261,4.08805752,4.79002953,2.8428638,1
0.0001220703125,262,4.12555075,4.82793427,2.89724731,1
0.0001220703125,263,4.1629982,4.86550951,2.95225167,1
0.0001220703125,264,4.20042849,4.90279102,3.00793624,1
0.0001220703125,265,4.23782015,4.93972969,3.06426978,1
0.0001220703125,266,4.27514172,4.97630024,3.12122321,1
0.0001220703125,267,4.31241512,5.01252365,3.17883086,1
0.0001220703125,268,4.34961319,5.04835558,3.23706865,1
0.0001220703125,269,4.38674021,5.08379507,3.29594374,1
0.0001220703125,270,4.42376852,5.11881208,3.35542917,1
0.0001220703125,271,4.46069813,5.15341043,3.41552782,1
0.0001220703125,272,4.49751806,5.18755102,3.4762361,1
0.0001220703125,273,4.53422356,5.22124338,3.53753424,1
0.0001220703125,274,4.57081842,5.25447464,3.59945965,1
0.0001220703125,275,4.60722828,5.28716803,3.66190124,1
0.0001220703125,276,4.64352512,5.31938887,3.72496653,1
0.0001220703125,277,4.67966843,5.35110092,3.78860426,1
0.0001220703125,278,4.7156353,5.38225794,3.85279322,1
0.0001220703125,279,4.75142574,5.41286278,3.91751862,1
0.0001220703125,280,4.78703499,5.44290686,3.98278761,1
0.0001220703125,281,4.82243443,5.47236919,4.04857874,1
0.0001220703125,282,4.85761404,5.50123644,4.11486244,1
0.0001220703125,283,4.8926034,5.52950287,4.18168163,1
0.0001220703125,284,4.92734623,5.55713129,4.2489686,1
0.0001220703125,285,4.96185589,5.58413649,4.31674194,1
0.0001220703125,286,4.99611568,5.61048651,4.38497305,1
0.0001220703125,287,5.03010511,5.63615751,4.4536581,1
0.0001220703125,288,5.06383801,5.66117525,4.52278709,1
0.0001220703125,289,5.09728479,5.6854887,4.59231186,1
0.0001220703125,290,5.13043451,5.70909119,4.66226625,1
0.0001220703125,291,5.16329813,5.73201084,4.73260832,1
0.0001220703125,292,5.19585466,5.75418901,4.80333996,1
0.0001220703125,293,5.22807074,5.77561808,4.87441254,1
0.0001220703125,294,5.2599597,5.79629707,4.94585466,1
0.0001220703125,295,5.29151297,5.81623411,5.01759815,1
0.0001220703125,296,5.32272387,5.83540106,5.08968019,1
0.0001220703125,297,5.35356522,5.85378265,5.16204119,1
0.0001220703125,298,5.38402367,5.87135792,5.23467398,1
0.0001220703125,299,5.41411638,5.88815928,5.30757141,1
0.0001220703125,300,5.44382811,5.90414286,5.38074255,1
0.0001220703125,301,5.4731226,5.9193058,5.45412111,1
0.0001220703125,302,5.5020175,5.93364859,5.52768183,1
0.0001220703125,303,5.53049469,5.9471674,5.60145855,1
0.0001220703125,304,5.55854225,5.95982981,5.67540121,1
0.0001220703125,305,5.58614969,5.97166824,5.74948406,1
0.0001220703125,306,5.61332655,5.98265505,5.82367706,1
0.0001220703125,307,5.64002991,5.99277306,5.8979907,1
0.0001220703125,308,5.66628218,6.00204039,5.97240162,1
0.0001220703125,309,5.69206905,6.01045179,6.04687452,1
0.0001220703125,310,5.71736717,6.01798201,6.12140703,1
0.0001220703125,311,5.7421937,6.02464294,6.19598341,1
0.0001220703125,312,5.76650763,6.03042316,6.27054548,1
0.0001220703125,313,5.79033375,6.03533077,6.34512711,1
0.0001220703125,314,5.81365013,6.03936338,6.41966772,1
0.0001220703125,315,5.8364377,6.04250288,6.49414206,1
0.0001220703125,316,5.8587122,6.04477167,6.56856108,1
0.0001220703125,317,5.88046026,6.0461545,6.64289618,1
0.0001220703125,318,5.90166283,6.04666185,6.71710873,1
0.0001220703125,319,5.9223237,6.04628611,6.79117584,1
0.0001220703125,320,5.94244671,6.04502964,6.86514091,1
0.0001220703125,321,5.96199989,6.0428915,6.93888426,1
0.0001220703125,322,5.98099852,6.03989077,7.01246977,1
0.0001220703125,323,5.99943399,6.03602457,7.08581161,1
0.0001220703125,324,6.01730204,6.03128576,7.15896034,1
0.0001220703125,325,6.03458595,6.0256815,7.23181677,1
0.0001220703125,326,6.05128908,6.01920938,7.30444384,1
0.0001220703125,327,6.06740856,6.01188612,7.37677336,1
0.0001220703125,328,6.08294201,6.00373936,7.44875669,1
0.0001220703125,329,6.09787273,5.99471092,7.52044964,1
0.0001220703125,330,6.11222506,5.98487473,7.59179688,1
0.0001220703125,331,6.12597227,5.97421551,7.66277313,1
0.0001220703125,332,6.13911343,5.96273804,7.73334122,1
0.0001220703125,333,6.15164185,5.9504261,7.80353546,1
0.0001220703125,334,6.16356707,5.93730736,7.87331581,1
0.0001220703125,335,6.17489195,5.92342806,7.94264746,1
0.0001220703125,336,6.18558884,5.90873241,8.01151943,1
0.0001220703125,337,6.19569159,5.89329338,8.07993889,1
0.0001220703125,338,6.20516014,5.87706423,8.14787388,1
0.0001220703125,339,6.21402836,5.8600812,8.21530724,1
0.0001220703125,340,6.22226906,5.8423562,8.28222084,1
0.0001220703125,341,6.22989082,5.82390594,8.34859657,1
0.0001220703125,342,6.23690176,5.80473661,8.41441536,1
0.0001220703125,343,6.24329996,5.78486395,8.47970486,1
0.0001220703125,344,6.24906969,5.76427984,8.54438782,1
0.0001220703125,345,6.25422716,5.74303818,8.60848427,1
0.0001220703125,346,6.25877142,5.72110653,8.67200947,1
0.0001220703125,347,6.26270676,5.69853115,8.73488808,1
0.0001220703125,348,6.26601744,5.67530441,8.79716206,1
0.0001220703125,349,6.26871014,5.65145016,8.85876656,1
0.0001220703125,350,6.27081633,5.62699032,8.91975784,1
0.0001220703125,351,6.27229881,5.60190678,8.98008156,1
0.0001220703125,352,6.27317476,5.57626343,9.03970146,1
0.0001220703125,353,6.27345228,5.55003881,9.09865665,1
0.0001220703125,354,6.27314425,5.52327633,9.15692616,1
0.0001220703125,355,6.27221775,5.49594212,9.21450233,1
0.0001220703125,356,6.2707057,5.46808147,9.27137852,1
0.0001220703125,357,6.26860952,5.43974972,9.32751179,1
0.0001220703125,358,6.2659049,5.4108572,9.38292885,1
0.0001220703125,359,6.26264238,5.38153982,9.43760872,1
0.0001220703125,360,6.25879335,5.35175276,9.49154568,1
0.0001220703125,361,6.25438118,5.32152128,9.54473591,1
0.0001220703125,362,6.24939299,5.29084539,9.5971899,1
0.0001220703125,363,6.24385643,5.25977039,9.64886475,1
0.0001220703125,364,6.23774672,5.22826195,9.69983101,1
0.0001220703125,365,6.23108149,5.1964016,9.74998283,1
0.0001220703125,366,6.22386503,5.16414976,9.79935741,1
0.0001220703125,367,6.21610355,5.13153887,9.84797192,1
0.0001220703125,368,6.20781803,5.09858751,9.89584923,1
0.0001220703125,369,6.1989975,5.06531572,9.9429121,1
0.0001220703125,370,6.18966389,5.03176498,9.98918533,1
0.0001220703125,371,6.17979813,4.99789572,10.0346937,1
0.0001220703125,372,6.169415,4.96375895,10.0793991,1
0.0001220703125,373,6.15855551,4.92938089,10.123332,1
0.0001220703125,374,6.14716291,4.89471197,10.1664982,1
0.0001220703125,375,6.13529587,4.8598609,10.2088318,1
0.0001220703125,376,6.12294531,4.82477093,10.250411,1
0.0001220703125,377,6.1101079,4.78947353,10.2912197,1
0.0001220703125,378,6.09680176,4.75398779,10.3312254,1
0.0001220703125,379,6.08304739,4.71836472,10.3704405,1
0.0001220703125,380,6.06883669,4.6825695,10.4088745,1
0.0001220703125,381,6.05415392,4.64660358,10.4465418,1
0.0001220703125,382,6.03904676,4.61053944,10.483427,1
0.0001220703125,383,6.02351332,4.57436275,10.5195446,1
0.0001220703125,384,6.00752878,4.53804636,10.5548878,1
0.0001220703125,385,5.99114037,4.50167704,10.5894537,1
0.0001220703125,386,5.97435474,4.46522856,10.6232796,1
0.0001220703125,387,5.95714903,4.42870474,10.6563234,1
0.0001220703125,388,5.93955803,4.39214087,10.6886063,1
0.0001220703125,389,5.92157602,4.35553837,10.7201605,1
0.0001220703125,390,5.90322161,4.3189187,10.7509451,1
0.0001220703125,391,5.88448286,4.28226614,10.7809992,1
0.0001220703125,392,5.86540079,4.24563932,10.8103218,1
0.0001220703125,393,5.84595203,4.20900249,10.8389196,1
0.0001220703125,394,5.82616091,4.17240238,10.8667793,1
0.0001220703125,395,5.80601501,4.13580751,10.8939247,1
0.0001220703125,396,5.78555775,4.09927654,10.9203501,1
0.0001220703125,397,5.76476908,4.06279469,10.9460716,1
0.0001220703125,398,5.7436657,4.02634573,10.9711208,1
0.0001220703125,399,5.72225523,3.99000907,10.9954433,1
0.0001220703125,400,5.7005682,3.95377779,11.0190763,1
0.0001220703125,401,5.67855692,3.91758275,11.0420513,1
0.0001220703125,402,5.65627289,3.88151431,11.0643415,1
0.0001220703125,403,5.63374138,3.84556794,11.0859661,1
0.0001220703125,404,5.61090755,3.80971456,11.1069517,1
0.0001220703125,405,5.5878315,3.77400541,11.1272745,1
0.0001220703125,406,5.56451035,3.73844314,11.1469412,1
0.0001220703125,407,5.54094172,3.70300078,11.1659861,1
0.0001220703125,408,5.51712179,3.66770792,11.1844196,1
0.0001220703125,409,5.49308586,3.63258028,11.2022095,1
0.0001220703125,410,5.46883154,3.5976038,11.2194147,1
0.0001220703125,411,5.44436979,3.56283307,11.2359762,1
0.0001220703125,412,5.41967583,3.52819967,11.251955,1
0.0001220703125,413,5.39482927,3.49378443,11.2673874,1
0.0001220703125,414,5.36977005,3.45956326,11.2821941,1
0.0001220703125,415,5.34452391,3.42549682,11.2964621,1
0.0001220703125,416,5.31910992,3.39166474,11.3101368,1
0.0001220703125,417,5.29350805,3.35802937,11.3232775,1
0.0001220703125,418,5.26776457,3.32460403,11.3358622,1
0.0001220703125,419,5.24185085,3.29138374,11.3479176,1
0.0001220703125,420,5.2158165,3.25842667,11.3594398,1
0.0001220703125,421,5.18961954,3.22565961,11.3704348,1
0.0001220703125,422,5.16328049,3.19310403,11.3809605,1
0.0001220703125,423,5.13684607,3.16082549,11.3909473,1
0.0001220703125,424,5.11027336,3.12876916,11.400423,1
0.0001220703125,425,5.08357763,3.09693432,11.4094353,1
0.0001220703125,426,5.05676651,3.06534529,11.4179554,1
0.0001220703125,427,5.02988243,3.03403115,11.4260178,1
0.0001220703125,428,5.00288677,3.00295234,11.4335938,1
0.0001220703125,429,4.97581005,2.97210693,11.4407444,1
0.0001220703125,430,4.94865084,2.94153929,11.4474468,1
0.0001220703125,431,4.92140388,2.91123009,11.4536734,1
0.0001220703125,432,4.89408541,2.88116026,11.4594965,1
0.0001220703125,433,4.86671257,2.85136938,11.4649124,1
0.0001220703125,434,4.83926964,2.82182884,11.469903,1
0.0001220703125,435,4.81178284,2.79255271,11.4744825,1
0.0001220703125,436,4.78421783,2.76351762,11.4786749,1
0.0001220703125,437,4.75662804,2.7347827,11.4824409,1
0.0001220703125,438,4.72903395,2.70632696,11.4858894,1
0.0001220703125,439,4.70135736,2.67810893,11.4888945,1
0.0001220703125,440,4.67368412,2.65019059,11.4915695,1
0.0001220703125,441,4.64596272,2.62250018,11.4938908,1
0.0001220703125,442,4.61824036,2.59511781,11.4958172,1
0.0001220703125,443,4.59051466,2.5679884,11.4974375,1
0.0001220703125,444,4.56274748,2.54111671,11.4987392,1
0.0001220703125,445,4.53499508,2.51452446,11.49965,1
0.0001220703125,446,4.50723839,2.48823476,11.5002394,1
0.0001220703125,447,4.47948933,2.46218991,11.5005379,1
0.0001220703125,448,4.45175266,2.43641329,11.5005274,1
0.0001220703125,449,4.42400932,2.4108851,11.5002356,1
0.0001220703125,450,4.39629364,2.38564706,11.4996014,1
0.0001220703125,451,4.3685956,2.36067963,11.4986925,1
0.0001220703125,452,4.34092569,2.33598042,11.4974976,1
0.0001220703125,453,4.3132987,2.31155133,11.4960575,1
0.0001220703125,454,4.28566504,2.28736401,11.4942951,1
0.0001220703125,455,4.25811052,2.26347113,11.4923067,1
0.0001220703125,456,4.23056126,2.23982358,11.4900312,1
0.0001220703125,457,4.20306396,2.21645188,11.4874973,1
0.0001220703125,458,4.17560863,2.19333029,11.4847364,1
0.0001220703125,459,4.14820576,2.17046142,11.4817324,1
0.0001220703125,460,4.12087917,2.14788342,11.4784966,1
0.0001220703125,461,4.09357977,2.12553096,11.4750414,1
0.0001220703125,462,4.06635618,2.10345626,11.471365,1
0.0001220703125,463,4.03913689,2.08156776,11.4674644,1
0.0001220703125,464,4.01204729,2.06001997,11.4633379,1
0.0001220703125,465,3.98500061,2.03867984,11.4590111,1
0.0001220703125,466,3.95803261,2.01761222,11.4544735,1
0.0001220703125,467,3.93111134,1.99674356,11.4497643,1
0.0001220703125,468,3.90429974,1.97618628,11.4448481,1
0.0001220703125,469,3.87755442,1.95584285,11.4397449,1
0.0001220703125,470,3.85083318,1.9356916,11.434453,1
0.0001220703125,471,3.82426643,1.91584349,11.4290085,1
0.0001220703125,472,3.79775763,1.89622104,11.4233818,1
0.0001220703125,473,3.77131605,1.87681258,11.4175739,1
0.0001220703125,474,3.74496222,1.8576256,11.4115963,1
0.0001220703125,475,3.71870875,1.83869112,11.4054928,1
0.0001220703125,476,3.69254827,1.81998658,11.399209,1
0.0001220703125,477,3.66649413,1.80152071,11.392827,1
0.0001220703125,478,3.64050698,1.78324413,11.3862486,1
0.0001220703125,479,3.61462212,1.76520371,11.3795309,1
0.0001220703125,480,3.58883762,1.74738348,11.3726912,1
0.0001220703125,481,3.56315064,1.7297684,11.3657265,1
0.0001220703125,482,3.53758121,1.71240854,11.3586111,1
0.0001220703125,483,3.512079,1.69519329,11.3513994,1
0.0001220703125,484,3.48671436,1.67824733,11.3440399,1
0.0001220703125,485,3.4614141,1.6614666,11.3365583,1
0.0001220703125,486,3.43625832,1.64491522,11.3290014,1
0.0001220703125,487,3.41116333,1.62853491,11.3212919,1
0.0001220703125,488,3.38621998,1.61238635,11.313509,1
0.0001220703125,489,3.36138797,1.59644294,11.3056097,1
0.0001220703125,490,3.33662701,1.58065486,11.2976112,1
0.0001220703125,491,3.31199169,1.56507587,11.2895184,1
0.0001220703125,492,3.28746796,1.54968214,11.2813292,1
0.0001220703125,493,3.2630415,1.53447866,11.2730312,1
0.0001220703125,494,3.23876143,1.51947498,11.264677,1
0.0001220703125,495,3.21457195,1.50464272,11.2561998,1
0.0001220703125,496,3.19048786,1.4899801,11.2476692,1
0.0001220703125,497,3.16654921,1.47549975,11.239089,1
0.0001220703125,498,3.14271474,1.46121609,11.2303791,1
0.0001220703125,499,3.11898923,1.44707298,11.2216482,1
0.0001220703125,500,3.09538245,1.43311191,11.2128353,1
0.0001220703125,501,3.07188582,1.41932416,11.2039328,1
0.0001220703125,502,3.048491,1.40566623,11.1949644,1
0.0001220703125,503,3.0252459,1.39222169,11.1859417,1
0.0001220703125,504,3.00210333,1.37891519,11.1768484,1
0.0001220703125,505,2.97908378,1.3657639,11.1677217,1
0.0001220703125,506,2.95615244,1.35274386,11.1585407,1
0.0001220703125,507,2.93338013,1.33991969,11.1492758,1
0.0001220703125,508,2.91070032,1.32722378,11.139967,1
0.0001220703125,509,2.88816309,1.31468618,11.1306362,1
0.0001220703125,510,2.86572623,1.30228126,11.1212473,1
0.0001220703125,511,2.84340453,1.29002225,11.1118078,1
0.0001220703125,512,2.82118249,1.27788854,11.102334,1
0.0001220703125,513,2.79911947,1.26592672,11.0928202,1
0.0001220703125,514,2.7771728,1.2541008,11.0832634,1
0.0001220703125,515,2.75531793,1.24236977,11.073698,1
0.0001220703125,516,2.73357987,1.23078358,11.0640554,1
0.0001220703125,517,2.71198153,1.21933365,11.0544281,1
0.0001220703125,518,2.69048595,1.20800984,11.0447311,1
0.0001220703125,519,2.66911054,1.19681191,11.0350094,1
0.0001220703125,520,2.64784145,1.18571973,11.025279,1
0.0001220703125,521,2.62672639,1.17478275,11.0155306,1
0.0001220703125,522,2.60569048,1.16394567,11.0057106,1
0.0001220703125,523,2.58479452,1.153229,10.9959106,1
0.0001220703125,524,2.56399846,1.14260435,10.9860964,1
0.0001220703125,525,2.54332709,1.13210642,10.9762516,1
0.0001220703125,526,2.52276087,1.12171948,10.9663582,1
0.0001220703125,527,2.50231242,1.11143136,10.956502,1
0.0001220703125,528,2.4820025,1.10126352,10.9466133,1
0.0001220703125,529,2.46178126,1.0911845,10.9367085,1
0.0001220703125,530,2.44165182,1.08118868,10.9267769,1
0.0001220703125,531,2.42167139,1.07132161,10.9168425,1
0.0001220703125,532,2.40176964,1.06152654,10.9068909,1
0.0001220703125,533,2.38199711,1.05183578,10.896946,1
0.0001220703125,534,2.36235166,1.04224658,10.8870001,1
0.0001220703125,535,2.34281445,1.03274655,10.8770542,1
0.0001220703125,536,2.32336521,1.02330816,10.8671169,1
0.0001220703125,537,2.30405402,1.01400721,10.8571243,1
0.0001220703125,538,2.28483939,1.00476205,10.8471556,1
0.0001220703125,539,2.26571178,0.995583177,10.837183,1
0.0001220703125,540,2.24670959,0.9864977,10.8272257,1
0.0001220703125,541,2.22781277,0.977491677,10.8172588,1
0.0001220703125,542,2.20904684,0.968589008,10.8072948,1
0.0001220703125,543,2.19034624,0.959721446,10.7973289,1
0.0001220703125,544,2.17178035,0.950955153,10.7873697,1
0.0001220703125,545,2.15329623,0.942242503,10.7774134,1
0.0001220703125,546,2.13494158,0.933608174,10.767499,1
0.0001220703125,547,2.11666369,0.925043583,10.7575369,1
0.0001220703125,548,2.0984962,0.916531861,10.747613,1
0.0001220703125,549,2.0804255,0.908089101,10.7377024,1
0.0001220703125,550,2.06246114,0.899715304,10.7277765,1
0.0001220703125,551,2.04458261,0.891381204,10.7178822,1
0.0001220703125,552,2.02684212,0.883151174,10.7079935,1
0.0001220703125,553,2.00916791,0.874946237,10.6981096,1
0.0001220703125,554,1.99158502,0.866784096,10.6882648,1
0.0001220703125,555,1.97412372,0.858712852,10.6784105,1
0.0001220703125,556,1.95674765,0.850679457,10.6685553,1
0.0001220703125,557,1.9394877,0.842712581,10.6587582,1
0.0001220703125,558,1.92227304,0.834756672,10.6489191,1
0.0001220703125,559,1.90517008,0.826860666,10.6391916,1
0.0001220703125,560,1.88818312,0.819025159,10.6294107,1
0.0001220703125,561,1.87127364,0.811235487,10.6196566,1
0.0001220703125,562,1.85443854,0.803472519,10.6098614,1
0.0001220703125,563,1.83770907,0.795753062,10.6001835,1
0.0001220703125,564,1.82108188,0.788101494,10.5904531,1
0.0001220703125,565,1.80450165,0.780441761,10.5807762,1
0.0001220703125,566,1.78804839,0.772862375,10.5711098,1
0.0001220703125,567,1.77165878,0.765286744,10.5614853,1
0.0001220703125,568,1.75538349,0.757778227,10.5518837,1
0.0001220703125,569,1.73917067,0.75027585,10.5423059,1
0.0001220703125,570,1.72303951,0.742810607,10.5327158,1
0.0001220703125,571,1.70700741,0.735390246,10.5231733,1
0.0001220703125,572,1.69103897,0.727980554,10.5136452,1
0.0001220703125,573,1.67516756,0.720602512,10.5041828,1
0.0001220703125,574,1.65935814,0.713251173,10.4946718,1
0.0001220703125,575,1.64363909,0.705930233,10.4852142,1
0.0001220703125,576,1.62800431,0.698626459,10.4758053,1
0.0001220703125,577,1.61245966,0.691360414,10.4664192,1
0.0001220703125,578,1.5969795,0.684113622,10.457037,1
0.0001220703125,579,1.58154833,0.676853836,10.447691,1
0.0001220703125,580,1.56622016,0.669643044,10.4383698,1
0.0001220703125,581,1.55096292,0.66243279,10.4290934,1
0.0001220703125,582,1.53577256,0.655254245,10.4198027,1
0.0001220703125,583,1.52065217,0.648061812,10.4106035,1
0.0001220703125,584,1.50562501,0.640921235,10.4013853,1
0.0001220703125,585,1.49064374,0.63377136,10.3922043,1
0.0001220703125,586,1.47573137,0.626618683,10.3830729,1
0.0001220703125,587,1.46090519,0.619504392,10.3739405,1
0.0001220703125,588,1.44616818,0.612412751,10.3648577,1
0.0001220703125,589,1.43144619,0.605280042,10.355792,1
0.0001220703125,590,1.41682291,0.598178566,10.3468037,1
0.0001220703125,591,1.40223086,0.591056764,10.3378029,1
0.0001220703125,592,1.38773727,0.583978117,10.3288145,1
0.0001220703125,593,1.37329972,0.576886714,10.3198814,1
0.0001220703125,594,1.35891199,0.569783747,10.3110008,1
0.0001220703125,595,1.34460926,0.562708378,10.3021259,1
0.0001220703125,596,1.33033907,0.55559659,10.2932997,1
0.0001220703125,597,1.31615293,0.548527241,10.2844715,1
0.0001220703125,598,1.30204475,0.541456819,10.2757235,1
0.0001220703125,599,1.28795397,0.534344077,10.266984,1
0.0001220703125,600,1.27390003,0.52721715,10.2582741,1
0.0001220703125,601,1.25997388,0.520146132,10.2496061,1
0.0001220703125,602,1.24605989,0.513025045,10.2409849,1
0.0001220703125,603,1.23222029,0.505921543,10.2323875,1
0.0001220703125,604,1.21842206,0.498791367,10.2238312,1
0.0001220703125,605,1.20467091,0.491645902,10.2153053,1
0.0001220703125,606,1.19094288,0.48446402,10.2068024,1
0.0001220703125,607,1.17730653,0.477313161,10.1983433,1
0.0001220703125,608,1.16372859,0.470159173,10.1898985,1
0.0001220703125,609,1.15016985,0.462958932,10.1815271,1
0.0001220703125,610,1.1366967,0.455781043,10.1731749,1
0.0001220703125,611,1.12322855,0.448540986,10.1648664,1
0.0001220703125,612,1.10983586,0.441321313,10.156579,1
0.0001220703125,613,1.09647429,0.434063435,10.1483593,1
0.0001220703125,614,1.08317995,0.426812619,10.140151,1
0.0001220703125,615,1.06990016,0.419514477,10.1319847,1
0.0001220703125,616,1.05668747,0.412218332,10.123848,1
0.0001220703125,617,1.04349387,0.404878169,10.1157694,1
0.0001220703125,618,1.03037608,0.397554934,10.1077013,1
0.0001220703125,619,1.01725292,0.390157789,10.0996847,1
0.0001220703125,620,1.00420225,0.382763773,10.0917282,1
0.0001220703125,621,0.99116689,0.37533021,10.0837822,1
0.0001220703125,622,0.978200078,0.367900103,10.0758848,1
0.0001220703125,623,0.965261161,0.360436112,10.0680246,1
0.0001220703125,624,0.95235616,0.352947801,10.060174,1
0.0001220703125,625,0.93946749,0.345399797,10.052413,1
0.0001220703125,626,0.926624775,0.337839037,10.0446701,1
0.0001220703125,627,0.913835406,0.330269367,10.0369635,1
0.0001220703125,628,0.901069283,0.322658807,10.0292988,1
0.0001220703125,629,0.888349354,0.315034777,10.0216742,1
0.0001220703125,630,0.87567687,0.307394683,10.0140877,1
0.0001220703125,631,0.862956405,0.299633116,10.0065536,1
0.0001220703125,632,0.850303769,0.291883856,9.99904823,1
0.0001220703125,633,0.837704778,0.284126252,9.99158001,1
0.0001220703125,634,0.825139165,0.276333302,9.98416615,1
0.0001220703125,635,0.812578499,0.268485755,9.97677803,1
0.0001220703125,636,0.800033748,0.260589153,9.9694376,1
0.0001220703125,637,0.78756094,0.252705753,9.96214008,1
0.0001220703125,638,0.775067806,0.244728178,9.95489883,1
0.0001220703125,639,0.762605608,0.236727014,9.94767857,1
0.0001220703125,640,0.750180423,0.228695497,9.94050312,1
0.0001220703125,641,0.737775981,0.220624775,9.93337917,1
0.0001220703125,642,0.725376427,0.212491259,9.92628288,1
0.0001220703125,643,0.713043809,0.204365507,9.91923618,1
0.0001220703125,644,0.700693011,0.196155265,9.91225147,1
0.0001220703125,645,0.688372374,0.187917471,9.90528011,1
0.0001220703125,646,0.676072359,0.179630086,9.89837551,1
0.0001220703125,647,0.663773537,0.171285301,9.8914814,1
0.0001220703125,648,0.651513755,0.162913665,9.88467312,1
0.0001220703125,649,0.639258683,0.154487848,9.87787819,1
0.0001220703125,650,0.627047241,0.146043211,9.87114143,1
0.0001220703125,651,0.61481452,0.137506187,9.86445332,1
0.0001220703125,652,0.602628946,0.128958777,9.85779667,1
0.0001220703125,653,0.590447307,0.120351493,9.85118389,1
0.0001220703125,654,0.578260005,0.111678131,9.84461975,1
0.0001220703125,655,0.56609416,0.10296195,9.83810711,1
0.0001220703125,656,0.553931892,0.0941836834,9.83163166,1
0.0001220703125,657,0.541808724,0.0853844658,9.82521534,1
0.0001220703125,658,0.529672205,0.0765084475,9.8188324,1
0.0001220703125,659,0.517568052,0.0676067397,9.81248665,1
0.0001220703125,660,0.505436599,0.058606457,9.80620384,1
0.0001220703125,661,0.493364304,0.0496144965,9.7999382,1
0.0001220703125,662,0.481256813,0.0405150093,9.79375744,1
0.0001220703125,663,0.469188571,0.0314000547,9.78758144,1
0.0001220703125,664,0.457100391,0.0221961588,9.78149128,1
0.0001220703125,665,0.445053726,0.0129736159,9.77544498,1
0.0001220703125,666,0.432955623,0.00363665936,9.76942635,1
0.0001220703125,667,0.420883864,-0.0057371296,9.76345921,1
0.0001220703125,668,0.408815831,-0.015169071,9.75754929,1
0.0001220703125,669,0.39675504,-0.0246548932,9.75167561,1
0.0001220703125,670,0.384718418,-0.034175463,9.74586582,1
0.0001220703125,671,0.372664213,-0.0437790677,9.74009037,1
0.0001220703125,672,0.360624582,-0.0534321405,9.73438358,1
0.0001220703125,673,0.348552048,-0.0631783828,9.72870255,1
0.0001220703125,674,0.33652404,-0.0729322881,9.72304821,1
0.0001220703125,675,0.324474245,-0.0827826336,9.71748734,1
0.0001220703125,676,0.312393993,-0.0927248225,9.7119627,1
0.0001220703125,677,0.300339192,-0.102696784,9.70647621,1
0.0001220703125,678,0.288270473,-0.112750314,9.70105171,1
0.0001220703125,679,0.276239365,-0.1228237,9.69568539,1
0.0001220703125,680,0.264153242,-0.133015305,9.6903429,1
0.0001220703125,681,0.252057701,-0.143283159,9.68509293,1
0.0001220703125,682,0.239959165,-0.153612211,9.6798439,1
0.0001220703125,683,0.227903917,-0.163950488,9.67467117,1
0.0001220703125,684,0.215794548,-0.174417555,9.66954708,1
0.0001220703125,685,0.203694597,-0.184928477,9.6644659,1
0.0001220703125,686,0.191603601,-0.195492342,9.65946102,1
0.0001220703125,687,0.179445803,-0.206194773,9.65450096,1
0.0001220703125,688,0.167358905,-0.216871962,9.64957809,1
0.0001220703125,689,0.155216962,-0.227673039,9.64470482,1
0.0001220703125,690,0.143041596,-0.23857519,9.63990021,1
0.0001220703125,691,0.130905315,-0.249489456,9.63514709,1
0.0001220703125,692,0.118709512,-0.260533214,9.63043022,1
0.0001220703125,693,0.106551543,-0.271589458,9.62578106,1
0.0001220703125,694,0.094343707,-0.282766312,9.62119293,1
0.0001220703125,695,0.0821181387,-0.294018567,9.61663151,1
0.0001220703125,696,0.0699041337,-0.305321008,9.61217785,1
0.0001220703125,697,0.0576751977,-0.316697627,9.60773659,1
0.0001220703125,698,0.0454069525,-0.328178823,9.60337353,1
0.0001220703125,699,0.0331372246,-0.339717716,9.59903908,1
0.0001220703125,700,0.0208597314,-0.351326704,9.59476948,1
0.0001220703125,701,0.00853879564,-0.36304307,9.59055805,1
0.0001220703125,702,-0.00376330526,-0.374798059,9.5864048,1
0.0001220703125,703,-0.0161120724,-0.386660397,9.58231354,1
0.0001220703125,704,-0.0284704547,-0.398595124,9.57826996,1
0.0001220703125,705,-0.0408466868,-0.41060707,9.57429123,1
0.0001220703125,706,-0.0532901697,-0.422758967,9.57037163,1
0.0001220703125,707,-0.0656671226,-0.434884399,9.56649494,1
0.0001220703125,708,-0.0781395882,-0.447186738,9.56273556,1
0.0001220703125,709,-0.0905987024,-0.459522277,9.55898285,1
0.0001220703125,710,-0.103069752,-0.471931905,9.55524254,1
0.0001220703125,711,-0.115598045,-0.484465957,9.55161858,1
0.0001220703125,712,-0.128123701,-0.497052312,9.54805279,1
0.0001220703125,713,-0.140709966,-0.509771049,9.54457664,1
0.0001220703125,714,-0.15325281,-0.522489667,9.54110527,1
0.0001220703125,715,-0.165878102,-0.535364211,9.53772354,1
0.0001220703125,716,-0.178509548,-0.54830128,9.5343914,1
0.0001220703125,717,-0.191135868,-0.56128794,9.53110981,1
0.0001220703125,718,-0.203844339,-0.574429154,9.52790546,1
0.0001220703125,719,-0.216570556,-0.58764559,9.52479076,1
0.0001220703125,720,-0.229295403,-0.600916326,9.52169132,1
0.0001220703125,721,-0.242060035,-0.614289463,9.51868248,1
0.0001220703125,722,-0.254855692,-0.627754152,9.51574326,1
0.0001220703125,723,-0.267672658,-0.641300857,9.51284313,1
0.0001220703125,724,-0.280513495,-0.654928446,9.50999641,1
0.0001220703125,725,-0.29340151,-0.668669164,9.50726604,1
0.0001220703125,726,-0.306354374,-0.68254149,9.5045557,1
0.0001220703125,727,-0.319279552,-0.696434915,9.50193787,1
0.0001220703125,728,-0.332277834,-0.71047008,9.49937725,1
0.0001220703125,729,-0.345266372,-0.724548697,9.49688339,1
0.0001220703125,730,-0.358324051,-0.738760531,9.49440956,1
0.0001220703125,731,-0.371447921,-0.753111601,9.49211502,1
0.0001220703125,732,-0.384531975,-0.767463207,9.48978996,1
0.0001220703125,733,-0.3976641,-0.781928897,9.48755264,1
0.0001220703125,734,-0.410847485,-0.796509147,9.48540878,1
0.0001220703125,735,-0.424077064,-0.811198771,9.48332119,1
0.0001220703125,736,-0.437304914,-0.825937629,9.48129368,1
0.0001220703125,737,-0.450621188,-0.840837419,9.47934914,1
0.0001220703125,738,-0.463931262,-0.855784118,9.47745514,1
0.0001220703125,739,-0.477303177,-0.870855689,9.47565842,1
0.0001220703125,740,-0.490692586,-0.886001885,9.47391891,1
0.0001220703125,741,-0.504105926,-0.901227117,9.47224998,1
0.0001220703125,742,-0.517605007,-0.916612506,9.47066593,1
0.0001220703125,743,-0.531133354,-0.932082474,9.46912956,1
0.0001220703125,744,-0.544689775,-0.947639763,9.46768665,1
0.0001220703125,745,-0.558268905,-0.963276207,9.46631145,1
0.0001220703125,746,-0.571895957,-0.979022861,9.4650116,1
0.0001220703125,747,-0.585569382,-0.994875491,9.4637785,1
0.0001220703125,748,-0.59931314,-1.01086819,9.46264362,1
0.0001220703125,749,-0.613082051,-1.02694273,9.46158409,1
0.0001220703125,750,-0.626856804,-1.04307234,9.46055126,1
0.0001220703125,751,-0.640701652,-1.0593406,9.45963573,1
0.0001220703125,752,-0.654588401,-1.07570946,9.4587965,1
0.0001220703125,753,-0.668532073,-1.09219921,9.4580431,1
0.0001220703125,754,-0.682501614,-1.10877025,9.45733356,1
0.0001220703125,755,-0.696552575,-1.12549293,9.4567337,1
0.0001220703125,756,-0.71060431,-1.14226401,9.45620728,1
0.0001220703125,757,-0.724695802,-1.15913713,9.45575714,1
0.0001220703125,758,-0.738840759,-1.17612517,9.45539856,1
0.0001220703125,759,-0.753052652,-1.19324362,9.45510292,1
0.0001220703125,760,-0.767288029,-1.21043897,9.45488358,1
0.0001220703125,761,-0.781582296,-1.22775936,9.45478249,1
0.0001220703125,762,-0.795946419,-1.24521387,9.45472431,1
0.0001220703125,763,-0.810324788,-1.26273441,9.45479298,1
0.0001220703125,764,-0.824754715,-1.28036761,9.45489693,1
0.0001220703125,765,-0.839243531,-1.29812253,9.45512295,1
0.0001220703125,766,-0.853789508,-1.31599522,9.45541573,1
0.0001220703125,767,-0.868394732,-1.33399022,9.45584011,1
0.0001220703125,768,-0.883003354,-1.35203815,9.45628357,1
0.0001220703125,769,-0.897675812,-1.37021327,9.45685863,1
0.0001220703125,770,-0.912415326,-1.38851988,9.45745564,1
0.0001220703125,771,-0.927211285,-1.40694356,9.45821381,1
0.0001220703125,772,-0.94200474,-1.42540932,9.45902443,1
0.0001220703125,773,-0.956909239,-1.44406188,9.45997334,1
0.0001220703125,774,-0.971859753,-1.4628197,9.46098423,1
0.0001220703125,775,-0.986847639,-1.48166966,9.46204853,1
0.0001220703125,776,-1.00186658,-1.50060689,9.46324348,1
0.0001220703125,777,-1.01698041,-1.51970613,9.46452332,1
0.0001220703125,778,-1.0321213,-1.53889012,9.46588421,1
0.0001220703125,779,-1.0473069,-1.55817032,9.46735859,1
0.0001220703125,780,-1.06258106,-1.57761157,9.46891499,1
0.0001220703125,781,-1.07790864,-1.59716499,9.47057152,1
0.0001220703125,782,-1.09328961,-1.61682868,9.47233868,1
0.0001220703125,783,-1.1086694,-1.63653851,9.47415352,1
0.0001220703125,784,-1.12416267,-1.65643561,9.47612286,1
0.0001220703125,785,-1.13967776,-1.6764015,9.47816277,1
0.0001220703125,786,-1.15528893,-1.69653702,9.48030758,1
0.0001220703125,787,-1.17090774,-1.71672487,9.48253822,1
0.0001220703125,788,-1.18663216,-1.73709047,9.48487568,1
0.0001220703125,789,-1.20240521,-1.75756347,9.48733139,1
0.0001220703125,790,-1.21818566,-1.77808678,9.48983669,1
0.0001220703125,791,-1.23408127,-1.79880011,9.49251366,1
0.0001220703125,792,-1.24999726,-1.81958449,9.49524307,1
0.0001220703125,793,-1.26599503,-1.84051263,9.498106,1
0.0001220703125,794,-1.28203821,-1.86154342,9.50105095,1
0.0001220703125,795,-1.2981478,-1.88269961,9.50413036,1
0.0001220703125,796,-1.31431901,-1.90397608,9.50730038,1
0.0001220703125,797,-1.33053672,-1.92535555,9.51057816,1
0.0001220703125,798,-1.34679341,-1.94682562,9.51393414,1
0.0001220703125,799,-1.36316025,-1.96847904,9.5174551,1
0.0001220703125,800,-1.37953019,-1.99017656,9.52104378,1
0.0001220703125,801,-1.39601421,-2.01205897,9.52477169,1
0.0001220703125,802,-1.4125334,-2.03402972,9.52857113,1
0.0001220703125,803,-1.42912233,-2.05612922,9.53251934,1
0.0001220703125,804,-1.44577849,-2.07836294,9.53654671,1
0.0001220703125,805,-1.46250296,-2.10071182,9.54074287,1
0.0001220703125,806,-1.47921348,-2.12309003,9.54497147,1
0.0001220703125,807,-1.49609685,-2.14572978,9.54938889,1
0.0001220703125,808,-1.51295459,-2.16837454,9.55386066,1
0.0001220703125,809,-1.52990246,-2.19117165,9.55847359,1
0.0001220703125,810,-1.54692864,-2.21411061,9.56322289,1
0.0001220703125,811,-1.56402338,-2.23717952,9.56805801,1
0.0001220703125,812,-1.58116055,-2.26033545,9.57305431,1
0.0001220703125,813,-1.5983578,-2.28361273,9.57814312,1
0.0001220703125,814,-1.6156075,-2.30699253,9.58334637,1
0.0001220703125,815,-1.63296998,-2.33055687,9.58868504,1
0.0001220703125,816,-1.65038228,-2.35421896,9.59416866,1
0.0001220703125,817,-1.66781557,-2.37794781,9.59972,1
0.0001220703125,818,-1.68532276,-2.4018116,9.60540485,1
0.0001220703125,819,-1.70295465,-2.42587042,9.61126804,1
0.0001220703125,820,-1.72061133,-2.4499979,9.61722374,1
0.0001220703125,821,-1.73834169,-2.4742558,9.62332249,1
0.0001220703125,822,-1.75612962,-2.49862266,9.62953663,1
0.0001220703125,823,-1.77392876,-2.52304459,9.63583279,1
0.0001220703125,824,-1.79185951,-2.54766846,9.64231491,1
0.0001220703125,825,-1.80983663,-2.57238746,9.64891815,1
0.0001220703125,826,-1.82788396,-2.5972333,9.65563965,1
0.0001220703125,827,-1.84599173,-2.62219095,9.66251373,1
0.0001220703125,828,-1.86416662,-2.64726877,9.66950512,1
0.0001220703125,829,-1.88242352,-2.67248392,9.67664528,1
0.0001220703125,830,-1.90073407,-2.69780755,9.68392849,1
0.0001220703125,831,-1.91910946,-2.72324777,9.69129181,1
0.0001220703125,832,-1.93754518,-2.74879932,9.6988287,1
0.0001220703125,833,-1.95606911,-2.77449918,9.70650005,1
0.0001220703125,834,-1.97462893,-2.80027318,9.71432877,1
0.0001220703125,835,-1.99326873,-2.82618189,9.72229004,1
0.0001220703125,836,-2.01199126,-2.85223579,9.7303915,1
0.0001220703125,837,-2.03077149,-2.87839508,9.73861027,1
0.0001220703125,838,-2.04961491,-2.90466499,9.7469902,1
0.0001220703125,839,-2.06849861,-2.93101978,9.75548553,1
0.0001220703125,840,-2.08750081,-2.95755959,9.76417732,1
0.0001220703125,841,-2.10655165,-2.98418665,9.77300835,1
0.0001220703125,842,-2.12567496,-3.01094174,9.78197193,1
0.0001220703125,843,-2.1448288,-3.03776693,9.79106617,1
0.0001220703125,844,-2.16412759,-3.06481051,9.80034161,1
0.0001220703125,845,-2.18339348,-3.09183764,9.80972004,1
0.0001220703125,846,-2.20279932,-3.11907649,9.81929588,1
0.0001220703125,847,-2.22222733,-3.14636612,9.82900143,1
0.0001220703125,848,-2.24172926,-3.1737864,9.83883476,1
0.0001220703125,849,-2.2613523,-3.20139337,9.84885502,1
0.0001220703125,850,-2.28100753,-3.22906041,9.85903931,1
0.0001220703125,851,-2.3006897,-3.25680399,9.86931324,1
0.0001220703125,852,-2.32052255,-3.28475666,9.87982559,1
0.0001220703125,853,-2.3403585,-3.31274199,9.89044476,1
0.0001220703125,854,-2.36028481,-3.34087586,9.90120506,1
0.0001220703125,855,-2.38030744,-3.36915112,9.91219902,1
0.0001220703125,856,-2.40032887,-3.3974545,9.92330551,1
0.0001220703125,857,-2.42043877,-3.4258976,9.93453789,1
0.0001220703125,858,-2.44070983,-3.45457006,9.94604588,1
0.0001220703125,859,-2.46093273,-3.48320961,9.95759964,1
0.0001220703125,860,-2.48126078,-3.51200438,9.96938419,1
0.0001220703125,861,-2.50166273,-3.54091692,9.98130035,1
0.0001220703125,862,-2.52212334,-3.56993604,9.99337387,1
0.0001220703125,863,-2.54268074,-3.59909201,10.0056534,1
0.0001220703125,864,-2.56326461,-3.62831283,10.018075,1
0.0001220703125,865,-2.58393812,-3.65766835,10.0306597,1
0.0001220703125,866,-2.60464931,-3.68708944,10.0434208,1
0.0001220703125,867,-2.62548494,-3.71669865,10.0563641,1
0.0001220703125,868,-2.64639091,-3.74641252,10.0695086,1
0.0001220703125,869,-2.6672709,-3.77611566,10.0827551,1
0.0001220703125,870,-2.68832517,-3.80606365,10.0962572,1
0.0001220703125,871,-2.70935535,-3.83599973,10.1098309,1
0.0001220703125,872,-2.73051119,-3.86611724,10.1236773,1
0.0001220703125,873,-2.75172615,-3.89632869,10.137641,1
0.0001220703125,874,-2.7730155,-3.92665529,10.1518116,1
0.0001220703125,875,-2.79432416,-3.95701504,10.1661568,1
0.0001220703125,876,-2.81574368,-3.98754382,10.1806831,1
0.0001220703125,877,-2.83720374,-4.01812935,10.1953964,1
0.0001220703125,878,-2.858742,-4.04884481,10.2102451,1
0.0001220703125,879,-2.88037038,-4.07968044,10.2253742,1
0.0001220703125,880,-2.90200257,-4.11054802,10.2405815,1
0.0001220703125,881,-2.92372513,-4.14153194,10.2560139,1
0.0001220703125,882,-2.94557548,-4.17270136,10.271678,1
0.0001220703125,883,-2.96743846,-4.20390081,10.2874727,1
0.0001220703125,884,-2.98932195,-4.23514223,10.3034239,1
0.0001220703125,885,-3.01136971,-4.26660299,10.3196392,1
0.0001220703125,886,-3.03339243,-4.29803514,10.3359985,1
0.0001220703125,887,-3.05550861,-4.32960844,10.3525696,1
0.0001220703125,888,-3.07769489,-4.36127472,10.3693428,1
0.0001220703125,889,-3.09999061,-4.39310169,10.3863068,1
0.0001220703125,890,-3.12225986,-4.42489386,10.4034252,1
0.0001220703125,891,-3.144701,-4.45691967,10.4208355,1
0.0001220703125,892,-3.16711235,-4.4889164,10.4383354,1
0.0001220703125,893,-3.18961334,-4.52102757,10.456049,1
0.0001220703125,894,-3.21216321,-4.5532198,10.4739723,1
0.0001220703125,895,-3.23482037,-4.58554935,10.4921103,1
0.0001220703125,896,-3.25750685,-4.61792183,10.5104437,1
0.0001220703125,897,-3.28024173,-4.65035391,10.5289669,1
0.0001220703125,898,-3.303056,-4.68290806,10.547698,1
0.0001220703125,899,-3.32594252,-4.7155571,10.5666218,1
0.0001220703125,900,-3.34885883,-4.74823332,10.5857582,1
0.0001220703125,901,-3.37187862,-4.78104591,10.6051102,1
0.0001220703125,902,-3.39492989,-4.81391716,10.6246424,1
0.0001220703125,903,-3.4180479,-4.84686518,10.6443787,1
0.0001220703125,904,-3.44120216,-4.87985992,10.6643248,1
0.0001220703125,905,-3.46443439,-4.91295242,10.6844883,1
0.0001220703125,906,-3.48774862,-4.94615507,10.7048674,1
0.0001220703125,907,-3.51107454,-4.97936296,10.7254725,1
0.0001220703125,908,-3.53447723,-5.01267815,10.7462063,1
0.0001220703125,909,-3.55796266,-5.04607248,10.7672663,1
0.0001220703125,910,-3.58146763,-5.07951069,10.7884331,1
0.0001220703125,911,-3.60502791,-5.11301184,10.8098154,1
0.0001220703125,912,-3.62868333,-5.14662027,10.8314838,1
0.0001220703125,913,-3.6523931,-5.18029785,10.8533506,1
0.0001220703125,914,-3.67612219,-5.21399736,10.8753881,1
0.0001220703125,915,-3.69995975,-5.24782562,10.8977118,1
0.0001220703125,916,-3.72377467,-5.28161526,10.9201584,1
0.0001220703125,917,-3.74769139,-5.31551933,10.942894,1
0.0001220703125,918,-3.77167439,-5.34951115,10.965826,1
0.0001220703125,919,-3.79568267,-5.38351107,10.9889946,1
0.0001220703125,920,-3.81970859,-5.41753292,11.0123014,1
0.0001220703125,921,-3.84386849,-5.45170975,11.0359297,1
0.0001220703125,922,-3.86797357,-5.48581457,11.0596676,1
0.0001220703125,923,-3.89222217,-5.52007532,11.0837202,1
0.0001220703125,924,-3.91650558,-5.55437708,11.1079588,1
0.0001220703125,925,-3.94088864,-5.58877754,11.1325121,1
0.0001220703125,926,-3.96522546,-5.62310743,11.1571732,1
0.0001220703125,927,-3.98965144,-5.65754843,11.1820736,1
0.0001220703125,928,-4.0141077,-5.69198418,11.2072601,1
0.0001220703125,929,-4.03865099,-5.72652769,11.2326202,1
0.0001220703125,930,-4.06318951,-5.76104546,11.2581987,1
0.0001220703125,931,-4.08779621,-5.79562998,11.2840166,1
0.0001220703125,932,-4.11246729,-5.83028269,11.3100615,1
0.0001220703125,933,-4.13717747,-5.8649497,11.3363609,1
0.0001220703125,934,-4.16192007,-5.89963818,11.362854,1
0.0001220703125,935,-4.18670559,-5.93436575,11.3895741,1
0.0001220703125,936,-4.21157551,-5.96917009,11.4165697,1
0.0001220703125,937,-4.23642588,-6.00392675,11.4437189,1
0.0001220703125,938,-4.26132965,-6.03872776,11.4711084,1
0.0001220703125,939,-4.2863059,-6.07359362,11.4987726,1
0.0001220703125,940,-4.31129408,-6.10844135,11.5266581,1
0.0001220703125,941,-4.33634329,-6.14334631,11.5547609,1
0.0001220703125,942,-4.36141825,-6.17824841,11.5830727,1
0.0001220703125,943,-4.38658476,-6.21322918,11.6117468,1
0.0001220703125,944,-4.41173649,-6.24816847,11.6405306,1
0.0001220703125,945,-4.43693733,-6.28313828,11.6695585,1
0.0001220703125,946,-4.46215534,-6.31809568,11.6988459,1
0.0001220703125,947,-4.48744822,-6.35310698,11.7283449,1
0.0001220703125,948,-4.51277304,-6.38814497,11.7580996,1
0.0001220703125,949,-4.53810549,-6.42312908,11.7881012,1
0.0001220703125,950,-4.56347132,-6.45813036,11.818284,1
0.0001220703125,951,-4.588871,-6.49314833,11.8487072,1
0.0001220703125,952,-4.61435652,-6.52821302,11.8794413,1
0.0001220703125,953,-4.63981676,-6.56323338,11.9103374,1
0.0001220703125,954,-4.66529751,-6.59822559,11.9414682,1
0.0001220703125,955,-4.69085789,-6.63328362,11.9728642,1
0.0001220703125,956,-4.7164588,-6.66833591,12.0045338,1
0.0001220703125,957,-4.74201584,-6.70329857,12.0363522,1
0.0001220703125,958,-4.76765823,-6.7383275,12.0684576,1
0.0001220703125,959,-4.79333448,-6.7733407,12.1008415,1
0.0001220703125,960,-4.81898069,-6.80828857,12.1333389,1
0.0001220703125,961,-4.8447032,-6.84326267,12.1661615,1
0.0001220703125,962,-4.87043953,-6.87823915,12.1992216,1
0.0001220703125,963,-4.89616966,-6.91313744,12.2324896,1
0.0001220703125,964,-4.92193747,-6.94803572,12.2659626,1
0.0001220703125,965,-4.94778633,-6.98298073,12.2998047,1
0.0001220703125,966,-4.97358656,-7.01782703,12.3337402,1
0.0001220703125,967,-4.99946404,-7.05270815,12.3679981,1
0.0001220703125,968,-5.02529669,-7.08746672,12.4024677,1
0.0001220703125,969,-5.05116701,-7.12222719,12.437129,1
0.0001220703125,970,-5.07708597,-7.15700054,12.4720984,1
0.0001220703125,971,-5.10302114,-7.19172812,12.5072708,1
0.0001220703125,972,-5.12893534,-7.22638702,12.5426712,1
0.0001220703125,973,-5.15491772,-7.2610569,12.5783529,1
0.0001220703125,974,-5.18082094,-7.29557705,12.6141949,1
0.0001220703125,975,-5.20685625,-7.33019543,12.650362,1
0.0001220703125,976,-5.23281097,-7.36467123,12.6866198,1
0.0001220703125,977,-5.2588315,-7.39913607,12.7232504,1
0.0001220703125,978,-5.28485537,-7.43355656,12.7600527,1
0.0001220703125,979,-5.31085539,-7.46789169,12.7970991,1
0.0001220703125,980,-5.33686781,-7.50217247,12.8342934,1
0.0001220703125,981,-5.36292267,-7.53644514,12.8718443,1
0.0001220703125,982,-5.38898277,-7.57064581,12.9096394,1
0.0001220703125,983,-5.41500807,-7.60473394,12.9475822,1
0.0001220703125,984,-5.44105387,-7.63878059,12.9858084,1
0.0001220703125,985,-5.46712637,-7.67279625,13.0242367,1
0.0001220703125,986,-5.49324131,-7.70676851,13.0629911,1
0.0001220703125,987,-5.51928329,-7.74062824,13.1018715,1
0.0001220703125,988,-5.54537725,-7.77442646,13.1410351,1
0.0001220703125,989,-5.57143784,-7.80813503,13.180377,1
0.0001220703125,990,-5.59757042,-7.84185696,13.2200384,1
0.0001220703125,991,-5.62361431,-7.8753891,13.2598495,1
0.0001220703125,992,-5.64962101,-7.90881729,13.2997894,1
0.0001220703125,993,-5.67571211,-7.94224358,13.3401308,1
0.0001220703125,994,-5.70175648,-7.97555733,13.3805981,1
0.0001220703125,995,-5.72779799,-8.00876808,13.4213305,1
0.0001220703125,996,-5.75386667,-8.04193592,13.4623222,1
0.0001220703125,997,-5.77986765,-8.07494926,13.5034494,1
0.0001220703125,998,-5.80591106,-8.10793114,13.5448513,1
0.0001220703125,999,-5.83194113,-8.14080906,13.5865173,1
0.0001220703125,1000,-5.85793877,-8.17355728,13.6283426,1
0.0001220703125,1001,-5.88393116,-8.20622349,13.6703663,1
0.0001220703125,1002,-5.909904,-8.23879051,13.7126293,1
0.0001220703125,1003,-5.93586826,-8.27125454,13.7550993,1
0.0001220703125,1004,-5.96183157,-8.30359936,13.7978926,1
0.0001220703125,1005,-5.98779106,-8.33586884,13.8408623,1
0.0001220703125,1006,-6.01368904,-8.36798859,13.8839378,1
0.0001220703125,1007,-6.03954506,-8.39997005,13.9272242,1
0.0001220703125,1008,-6.06544065,-8.43186569,13.9708757,1
0.0001220703125,1009,-6.09130526,-8.46367741,14.0146313,1
0.0001220703125,1010,-6.11713552,-8.49534225,14.0585909,1
0.0001220703125,1011,-6.14295626,-8.52689838,14.102807,1
0.0001220703125,1012,-6.16874647,-8.55832863,14.1471701,1
0.0001220703125,1013,-6.19451571,-8.5896225,14.1918335,1
0.0001220703125,1014,-6.22027969,-8.62080193,14.2367077,1
0.0001220703125,1015,-6.24600554,-8.65185833,14.2817602,1
0.0001220703125,1016,-6.27163649,-8.68272209,14.3268833,1
0.0001220703125,1017,-6.29728889,-8.71348286,14.3723431,1
0.0001220703125,1018,-6.32296038,-8.74416542,14.418026,1
0.0001220703125,1019,-6.34854507,-8.77465439,14.4638634,1
0.0001220703125,1020,-6.37410784,-8.80500984,14.5098772,1
0.0001220703125,1021,-6.39964676,-8.83523369,14.5561361,1
0.0001220703125,1022,-6.42512512,-8.86529922,14.6025238,1
0.0001220703125,1023,-6.45055723,-8.89520264,14.6490841,1
