tol,traj,s1,s2,s3,naccept,nreject,converged
0.01,0,2.10020826e-05,0,0,13,0,1
0.01,1,2.82758738e-05,6.56472139e-06,9.32124919e-08,13,0,1
0.01,2,3.55496995e-05,1.31312554e-05,1.86481557e-07,13,0,1
0.01,3,4.2826563e-05,1.96995989e-05,2.79807125e-07,13,0,1
0.01,4,5.01049653e-05,2.62697522e-05,3.73189835e-07,13,0,1
0.01,5,5.73855577e-05,3.28417191e-05,4.66628933e-07,13,0,1
0.01,6,6.46683475e-05,3.94155068e-05,5.60125557e-07,13,0,1
0.01,7,7.19515883e-05,4.59910989e-05,6.53678455e-07,13,0,1
0.01,8,6.53594616e-05,5.24008065e-05,7.50655715e-07,12,0,1
0.01,9,7.26390863e-05,5.89587071e-05,8.44776935e-07,12,0,1
0.01,10,7.99213885e-05,6.55202603e-05,9.39083179e-07,12,0,1
0.01,11,0.000104665167,7.21472825e-05,1.0169814e-06,13,0,1
0.01,12,0.000111948815,7.87170065e-05,1.10980659e-06,13,0,1
0.01,13,0.000119234668,8.52885132e-05,1.20269431e-06,13,0,1
0.01,14,0.000126521947,9.18618898e-05,1.29564478e-06,13,0,1
0.01,15,0.000133810783,9.84370199e-05,1.38865528e-06,13,0,1
0.01,16,0.000141101787,0.000105013998,1.48173103e-06,13,0,1
0.01,17,0.000148394174,0.000111592773,1.57486318e-06,13,0,1
0.01,18,0.000155688234,0.000118173361,1.66806342e-06,13,0,1
0.01,19,0.000162984055,0.000124755781,1.76132676e-06,13,0,1
0.01,20,0.000170281841,0.000131339984,1.85464842e-06,13,0,1
0.01,21,0.000177581111,0.000137926036,1.94803215e-06,13,0,1
0.01,22,0.000184882141,0.000144513891,2.04148091e-06,13,0,1
0.01,23,0.000192184976,0.000151103566,2.13498902e-06,13,0,1
0.01,24,0.000199489295,0.000157695074,2.22856556e-06,13,0,1
0.01,25,0.000206795623,0.000164288358,2.32220373e-06,13,0,1
0.01,26,0.000214103318,0.000170883417,2.41589873e-06,13,0,1
0.01,27,0.000221413109,0.000177480426,2.509659e-06,13,0,1
0.01,28,0.000228724864,0.000184079167,2.60347588e-06,13,0,1
0.01,29,0.000236037653,0.000190679741,2.69736415e-06,13,0,1
0.01,30,0.000243352712,0.000197282134,2.79131086e-06,13,0,1
0.01,31,0.000250669109,0.000203886302,2.88532328e-06,13,0,1
0.01,32,0.000257987587,0.000210492348,2.979398e-06,13,0,1
0.01,33,0.000265307463,0.000217100198,3.07353343e-06,13,0,1
0.01,34,0.000272629171,0.000223709852,3.16773276e-06,13,0,1
0.01,35,0.00027995283,0.00023032137,3.26199279e-06,13,0,1
0.01,36,0.00028727809,0.000236934648,3.35631739e-06,13,0,1
0.01,37,0.000294605066,0.000243549715,3.45070362e-06,13,0,1
0.01,38,0.00030193376,0.000250166748,3.54515555e-06,13,0,1
0.01,39,0.000309264258,0.000256785483,3.63966342e-06,13,0,1
0.01,40,0.000316596357,0.000263406051,3.73423836e-06,13,0,1
0.01,41,0.000323930377,0.000270028453,3.82888174e-06,13,0,1
0.01,42,0.000331265823,0.000276652718,3.92358197e-06,13,0,1
0.01,43,0.000338603248,0.000283278699,4.01834359e-06,13,0,1
0.01,44,0.000345942302,0.000289906602,4.11317251e-06,13,0,1
0.01,45,0.000353283249,0.000296536309,4.208061e-06,13,0,1
0.01,46,0.000360625505,0.000303167792,4.30301816e-06,13,0,1
0.01,47,0.000367969857,0.000309801137,4.39803125e-06,13,0,1
0.01,48,0.000375316013,0.000316436344,4.49311119e-06,13,0,1
0.01,49,0.000382663595,0.000323073211,4.58825389e-06,13,0,1
0.01,50,0.000390013098,0.000329712057,4.68345479e-06,13,0,1
0.01,51,0.000397364463,0.000336352736,4.77872572e-06,13,0,1
0.01,52,0.000404717779,0.000342995249,4.87405077e-06,13,0,1
0.01,53,0.000412071648,0.000349639478,4.96945404e-06,13,0,1
0.01,54,0.000419428834,0.000356285571,5.06490596e-06,13,0,1
0.01,55,0.000426786457,0.000362933439,5.16043201e-06,13,0,1
0.01,56,0.000434146263,0.000369583286,5.25601718e-06,13,0,1
0.01,57,0.000441507873,0.000376234821,5.35166782e-06,13,0,1
0.01,58,0.000448871433,0.000382888189,5.44737759e-06,13,0,1
0.01,59,0.000456236361,0.000389543449,5.54314965e-06,13,0,1
0.01,60,0.000463603268,0.000396200601,5.63898902e-06,13,0,1
0.01,61,0.000470971776,0.000402859412,5.73488887e-06,13,0,1
0.01,62,0.000478342467,0.000409520231,5.83085284e-06,13,0,1
0.01,63,0.00048571403,0.000416182767,5.92688775e-06,13,0,1
0.01,64,0.000493087748,0.00042284705,6.02298405e-06,13,0,1
0.01,65,0.000500463299,0.000429513282,6.11913038e-06,13,0,1
0.01,66,0.000507840596,0.000436181319,6.21534809e-06,13,0,1
0.01,67,0.000515219348,0.000442851189,6.31163857e-06,13,0,1
0.01,68,0.000522599847,0.000449522806,6.40798635e-06,13,0,1
0.01,69,0.000529982499,0.000456196372,6.50439415e-06,13,0,1
0.01,70,0.000537366723,0.000462871714,6.60087062e-06,13,0,1
0.01,71,0.000544752344,0.00046954889,6.69740803e-06,13,0,1
0.01,72,0.000552140235,0.000476227928,6.79400182e-06,13,0,1
0.01,73,0.00055952929,0.000482908712,6.8906561e-06,13,0,1
0.01,74,0.000566921022,0.00048959133,6.98738495e-06,13,0,1
0.01,75,0.000574313628,0.000496275898,7.08418656e-06,13,0,1
0.01,76,0.000581708562,0.000502962328,7.1810482e-06,13,0,1
0.01,77,0.000589104253,0.000509650388,7.27795396e-06,13,0,1
0.01,78,0.000596502388,0.000516340369,7.37495247e-06,13,0,1
0.01,79,0.000603902154,0.000523032271,7.47199374e-06,13,0,1
0.01,80,0.000611303782,0.000529725919,7.56911004e-06,13,0,1
0.01,81,0.000618706807,0.000536421314,7.66628091e-06,13,0,1
0.01,82,0.000626112218,0.000543118804,7.76352499e-06,13,0,1
0.01,83,0.000633518968,0.000549817923,7.86083001e-06,13,0,1
0.01,84,0.000640927348,0.000556518848,7.95820051e-06,13,0,1
0.01,85,0.000648337998,0.000563221693,8.05562468e-06,13,0,1
0.01,86,0.000655749638,0.0005699264,8.15312978e-06,13,0,1
0.01,87,0.000663163664,0.00057663297,8.25067673e-06,13,0,1
0.01,88,0.000670578855,0.000583341287,8.34830098e-06,13,0,1
0.01,89,0.000677995908,0.000590051408,8.44600072e-06,13,0,1
0.01,90,0.000685415289,0.000596763333,8.54374593e-06,13,0,1
0.01,91,0.000692835718,0.00060347718,8.64157118e-06,13,0,1
0.01,92,0.000700258068,0.000610193063,8.7394501e-06,13,0,1
0.01,93,0.000707682571,0.00061691046,8.83738903e-06,13,0,1
0.01,94,0.000715108647,0.000623629836,8.93539709e-06,13,0,1
0.01,95,0.000722536352,0.000630351075,9.03348064e-06,13,0,1
0.01,96,0.000729965512,0.000637074001,9.13160238e-06,13,0,1
0.01,97,0.000737396651,0.000643798907,9.22982053e-06,13,0,1
0.01,98,0.000744829653,0.000650525675,9.32806961e-06,13,0,1
0.01,99,0.000752264343,0.000657254132,9.42640418e-06,13,0,1
0.01,100,0.000759700662,0.000663984683,9.52481696e-06,13,0,1
0.01,101,0.000767138379,0.000670716632,9.62325976e-06,13,0,1
0.01,102,0.000774578424,0.000677450851,9.72180078e-06,13,0,1
0.01,103,0.00078202039,0.000684186874,9.82038728e-06,13,0,1
0.01,104,0.000789463636,0.000690924528,9.91903289e-06,13,0,1
0.01,105,0.000796908862,0.000697664102,1.00177522e-05,13,0,1
0.01,106,0.000804355252,0.000704405596,1.01165342e-05,13,0,1
0.01,107,0.000811804493,0.000711148721,1.02153863e-05,13,0,1
0.01,108,0.000819254492,0.000717893767,1.03142947e-05,13,0,1
0.01,109,0.000826706935,0.000724641082,1.04132778e-05,13,0,1
0.01,110,0.000834160775,0.000731389679,1.05123108e-05,13,0,1
0.01,111,0.000841615954,0.000738140196,1.06114221e-05,13,0,1
0.01,112,0.000849073986,0.000744892925,1.07105925e-05,13,0,1
0.01,113,0.000856532657,0.000751647167,1.0809832e-05,13,0,1
0.01,114,0.000863993308,0.000758403097,1.09091234e-05,13,0,1
0.01,115,0.000871456054,0.000765161181,1.10084984e-05,13,0,1
0.01,116,0.000878920255,0.000771921012,1.11079316e-05,13,0,1
0.01,117,0.000886386668,0.000778682646,1.12074285e-05,13,0,1
0.01,118,0.000893854361,0.000785446144,1.13069727e-05,13,0,1
0.01,119,0.00090132386,0.00079221162,1.14066179e-05,13,0,1
0.01,120,0.000908795046,0.000798978843,1.15062994e-05,13,0,1
0.01,121,0.000916268269,0.000805747753,1.16060555e-05,13,0,1
0.01,122,0.000923743006,0.000812518876,1.17058735e-05,13,0,1
0.01,123,0.000931219605,0.000819291628,1.18057624e-05,13,0,1
0.01,124,0.000938697893,0.000826066185,1.19057213e-05,13,0,1
0.01,125,0.000946178159,0.000832842721,1.20057139e-05,13,0,1
0.01,126,0.000953659881,0.000839621003,1.21058138e-05,13,0,1
0.01,127,0.00096114364,0.000846401032,1.22059473e-05,13,0,1
0.01,128,0.000968629087,0.000853183097,1.230616e-05,13,0,1
0.01,129,0.000976115989,0.000859966967,1.24064318e-05,13,0,1
0.01,130,0.000983604696,0.000866752642,1.25067818e-05,13,0,1
0.01,131,0.000991095556,0.000873540295,1.26071773e-05,13,0,1
0.01,132,0.00099858758,0.000880329462,1.27076655e-05,13,0,1
0.01,133,0.0010060817,0.000887120783,1.28081892e-05,13,0,1
0.01,134,0.0010135778,0.000893914024,1.29088094e-05,13,0,1
0.01,135,0.00102107483,0.000900708779,1.30094804e-05,13,0,1
0.01,136,0.00102857477,0.00090750563,1.31102033e-05,13,0,1
0.01,137,0.00103607564,0.000914304168,1.32109972e-05,13,0,1
0.01,138,0.00104357849,0.000921104802,1.33118738e-05,13,0,1
0.01,139,0.00105108321,0.000927907065,1.34128004e-05,13,0,1
0.01,140,0.00105858909,0.000934711075,1.35138089e-05,13,0,1
0.01,141,0.00106609764,0.000941517355,1.36148683e-05,13,0,1
0.01,142,0.00107360771,0.000948325091,1.37159686e-05,13,0,1
0.01,143,0.00108111929,0.000955134979,1.38171781e-05,13,0,1
0.01,144,0.00108863297,0.000961946615,1.3918444e-05,13,0,1
0.01,145,0.00109614769,0.000968759821,1.40197617e-05,13,0,1
0.01,146,0.00110366475,0.000975575356,1.4121164e-05,13,0,1
0.01,147,0.00111118343,0.000982392463,1.42226063e-05,13,0,1
0.01,148,0.00111870386,0.00098921149,1.43241368e-05,13,0,1
0.01,149,0.00112622604,0.000996032264,1.44257083e-05,13,0,1
0.01,150,0.00113374961,0.00100285478,1.45273807e-05,13,0,1
0.01,151,0.00114127563,0.00100967952,1.46290768e-05,13,0,1
0.01,152,0.00114880281,0.00101650599,1.4730882e-05,13,0,1
0.01,153,0.00115633185,0.00102333433,1.4832739e-05,13,0,1
0.01,154,0.00116386276,0.00103016419,1.49346479e-05,13,0,1
0.01,155,0.00117139576,0.00103699625,1.50366341e-05,13,0,1
0.01,156,0.00117893016,0.00104383018,1.51386666e-05,13,0,1
0.01,157,0.00118646643,0.00105066586,1.5240792e-05,13,0,1
0.01,158,0.00119400455,0.00105750351,1.53429864e-05,13,0,1
0.01,159,0.00120154384,0.0010643428,1.54452446e-05,13,0,1
0.01,160,0.00120908546,0.00107118406,1.55475209e-05,13,0,1
0.01,161,0.00121662905,0.00107802742,1.56499136e-05,13,0,1
0.01,162,0.00122417416,0.00108487217,1.57523682e-05,13,0,1
0.01,163,0.00123172067,0.00109171914,1.58548573e-05,13,0,1
0.01,164,0.00123926916,0.00109856774,1.59574374e-05,13,0,1
0.01,165,0.00124681951,0.00110541831,1.60600866e-05,13,0,1
0.01,166,0.00125437172,0.00111227087,1.61628031e-05,13,0,1
0.01,167,0.00126192579,0.00111912517,1.62655506e-05,13,0,1
0.01,168,0.00126948114,0.00112598133,1.6368429e-05,13,0,1
0.01,169,0.00127703871,0.00113283924,1.64713256e-05,13,0,1
0.01,170,0.00128459767,0.00113969913,1.65743277e-05,13,0,1
0.01,171,0.00129215838,0.00114656065,1.66773461e-05,13,0,1
0.01,172,0.00129972119,0.00115342427,1.67804646e-05,13,0,1
0.01,173,0.00130728562,0.00116028986,1.68836268e-05,13,0,1
0.01,174,0.00131485157,0.00116715708,1.69868872e-05,13,0,1
0.01,175,0.0013224195,0.00117402594,1.70901658e-05,13,0,1
0.01,176,0.00132998906,0.00118089712,1.71935535e-05,13,0,1
0.01,177,0.00133756071,0.00118777016,1.7297014e-05,13,0,1
0.01,178,0.00134513376,0.00119464507,1.74005017e-05,13,0,1
0.01,179,0.00135270879,0.00120152149,1.7504075e-05,13,0,1
0.01,180,0.00136028591,0.00120840012,1.76077174e-05,13,0,1
0.01,181,0.00136786385,0.00121528015,1.77114416e-05,13,0,1
0.01,182,0.00137544412,0.00122216239,1.78151931e-05,13,0,1
0.01,183,0.0013830266,0.00122904649,1.7919021e-05,13,0,1
0.01,184,0.00139061001,0.00123593258,1.80229417e-05,13,0,1
0.01,185,0.00139819586,0.00124282029,1.81269224e-05,13,0,1
0.01,186,0.00140578276,0.00124970998,1.82309686e-05,13,0,1
0.01,187,0.00141337211,0.00125660165,1.83350621e-05,13,0,1
0.01,188,0.00142096286,0.00126349472,1.84392484e-05,13,0,1
0.01,189,0.00142855581,0.00127039012,1.85434583e-05,13,0,1
0.01,190,0.00143615052,0.00127728737,1.86477828e-05,13,0,1
0.01,191,0.00144374662,0.00128418626,1.87521564e-05,13,0,1
0.01,192,0.00145134423,0.00129108701,1.885661e-05,13,0,1
0.01,193,0.00145894405,0.00129798998,1.89611128e-05,13,0,1
0.01,194,0.00146654563,0.00130489434,1.90656865e-05,13,0,1
0.01,195,0.00147414859,0.00131180102,1.91703111e-05,13,0,1
0.01,196,0.00148175377,0.00131870911,1.92750413e-05,13,0,1
0.01,197,0.00148936047,0.00132561941,1.93798205e-05,13,0,1
0.01,198,0.00149696879,0.00133253145,1.94846743e-05,13,0,1
0.01,199,0.00150457898,0.00133944512,1.95895846e-05,13,0,1
0.01,200,0.00151219126,0.00134636124,1.9694553e-05,13,0,1
0.01,201,0.00151980552,0.00135327887,1.97995923e-05,13,0,1
0.01,202,0.00152742106,0.00136019848,1.9904719e-05,13,0,1
0.01,203,0.00153503858,0.00136711984,2.00099039e-05,13,0,1
0.01,204,0.00154265715,0.00137404294,2.01151379e-05,13,0,1
0.01,205,0.00155027804,0.00138096814,2.02204428e-05,13,0,1
0.01,206,0.0015579008,0.0013878952,2.03258642e-05,13,0,1
0.01,207,0.00156552542,0.00139482412,2.0431291e-05,13,0,1
0.01,208,0.00157315214,0.00140175514,2.05368124e-05,13,0,1
0.01,209,0.00158077967,0.00140868768,2.06423756e-05,13,0,1
0.01,210,0.00158840977,0.00141562207,2.07480316e-05,13,0,1
0.01,211,0.00159604102,0.00142255845,2.0853784e-05,13,0,1
0.01,212,0.00160367449,0.0014294968,2.09595328e-05,13,0,1
0.01,213,0.00161130959,0.00143643701,2.10653925e-05,13,0,1
0.01,214,0.00161894632,0.00144337874,2.11713323e-05,13,0,1
0.01,215,0.00162658526,0.00145032268,2.12773029e-05,13,0,1
0.01,216,0.00163422583,0.00145726884,2.13833937e-05,13,0,1
0.01,217,0.00164186768,0.00146421616,2.14894881e-05,13,0,1
0.01,218,0.00164951151,0.00147116557,2.15956934e-05,13,0,1
0.01,219,0.00165715732,0.00147811684,2.17019769e-05,13,0,1
0.01,220,0.00166480511,0.00148507033,2.18082878e-05,13,0,1
0.01,221,0.00167245406,0.00149202545,2.1914695e-05,13,0,1
0.01,222,0.00168010499,0.00149898231,2.20211241e-05,13,0,1
0.01,223,0.00168775849,0.00150594127,2.21276605e-05,13,0,1
0.01,224,0.00169541256,0.00151290197,2.2234246e-05,13,0,1
0.01,225,0.0017030692,0.00151986466,2.23409606e-05,13,0,1
0.01,226,0.00171072688,0.00152682897,2.2447668e-05,13,0,1
0.01,227,0.00171838701,0.0015337955,2.25544682e-05,13,0,1
0.01,228,0.001726049,0.00154076377,2.26613483e-05,13,0,1
0.01,229,0.00173371262,0.00154773402,2.27682922e-05,13,0,1
0.01,230,0.00174137764,0.0015547059,2.28753124e-05,13,0,1
0.01,231,0.00174904487,0.00156167988,2.29823945e-05,13,0,1
0.01,232,0.00175671349,0.0015686556,2.30895239e-05,13,0,1
0.01,233,0.00176438398,0.00157563295,2.3196726e-05,13,0,1
0.01,234,0.00177205668,0.00158261275,2.33040046e-05,13,0,1
0.01,235,0.00177973055,0.00158959383,2.34113468e-05,13,0,1
0.01,236,0.00178740674,0.00159657758,2.35187799e-05,13,0,1
0.01,237,0.00179508445,0.00160356273,2.36262022e-05,13,0,1
0.01,238,0.00180276367,0.00161054975,2.37338136e-05,13,0,1
0.01,239,0.00181044487,0.00161753839,2.38414214e-05,13,0,1
0.01,240,0.00181812828,0.00162452972,2.39491255e-05,13,0,1
0.01,241,0.00182581309,0.00163152243,2.40568697e-05,13,0,1
0.01,242,0.00183349964,0.00163851678,2.41647067e-05,13,0,1
0.01,243,0.00184118806,0.00164551311,2.42725873e-05,13,0,1
0.01,244,0.00184887822,0.00165251154,2.43805498e-05,13,0,1
0.01,245,0.00185656978,0.00165951182,2.4488596e-05,13,0,1
0.01,246,0.00186426414,0.00166651409,2.45966894e-05,13,0,1
0.01,247,0.00187195919,0.0016735181,2.47048883e-05,13,0,1
0.01,248,0.00187965645,0.00168052374,2.48130837e-05,13,0,1
0.01,249,0.00188735523,0.00168753159,2.49214336e-05,13,0,1
0.01,250,0.0018950568,0.00169454154,2.50298071e-05,13,0,1
0.01,251,0.00190275919,0.00170155289,2.51382189e-05,13,0,1
0.01,252,0.00191046344,0.00170856633,2.5246758e-05,13,0,1
0.01,253,0.00191816944,0.00171558175,2.53553553e-05,13,0,1
0.01,254,0.00192587741,0.00172259856,2.54639617e-05,13,0,1
0.01,255,0.00193358772,0.00172961806,2.55726827e-05,13,0,1
0.01,256,0.00194129883,0.00173663895,2.56814492e-05,13,0,1
0.01,257,0.0019490124,0.00174366171,2.57903084e-05,13,0,1
0.01,258,0.00195672712,0.00175068621,2.58992386e-05,13,0,1
0.01,259,0.00196444429,0.00175771303,2.60082325e-05,13,0,1
0.01,260,0.0019721631,0.00176474149,2.61172972e-05,13,0,1
0.01,261,0.00197988329,0.00177177181,2.62264275e-05,13,0,1
0.01,262,0.00198760582,0.00177880435,2.6335636e-05,13,0,1
0.01,263,0.00199532951,0.00178583839,2.64449391e-05,13,0,1
0.01,264,0.0020030553,0.00179287442,2.6554244e-05,13,0,1
0.01,265,0.00201078295,0.00179991254,2.66636525e-05,13,0,1
0.01,266,0.00201851246,0.00180695229,2.6773123e-05,13,0,1
0.01,267,0.00202624383,0.00181399414,2.68826516e-05,13,0,1
0.01,268,0.00203397661,0.00182103761,2.69922639e-05,13,0,1
0.01,269,0.00204171101,0.00182808295,2.71019526e-05,13,0,1
0.01,270,0.00204944797,0.00183513062,2.72117322e-05,13,0,1
0.01,271,0.00205718586,0.00184217968,2.73215264e-05,13,0,1
0.01,272,0.00206492655,0.00184923119,2.74314625e-05,13,0,1
0.01,273,0.00207266817,0.00185628445,2.75413931e-05,13,0,1
0.01,274,0.00208041212,0.00186333945,2.76514183e-05,13,0,1
0.01,275,0.00208815699,0.00187039585,2.77615345e-05,13,0,1
0.01,276,0.00209590467,0.00187745504,2.78717198e-05,13,0,1
0.01,277,0.0021036535,0.00188451516,2.7981896e-05,13,0,1
0.01,278,0.00211140467,0.00189157785,2.8092225e-05,13,0,1
0.01,279,0.00211915746,0.00189864228,2.82025776e-05,13,0,1
0.01,280,0.00212691166,0.00190570881,2.83130339e-05,13,0,1
0.01,281,0.00213466771,0.00191277685,2.84235139e-05,13,0,1
0.01,282,0.00214242586,0.00191984687,2.85341321e-05,13,0,1
0.01,283,0.00215018541,0.00192691886,2.86447921e-05,13,0,1
0.01,284,0.00215794682,0.00193399272,2.87555176e-05,13,0,1
0.01,285,0.00216571055,0.00194106868,2.88663286e-05,13,0,1
0.01,286,0.00217347522,0.00194814638,2.89771979e-05,13,0,1
0.01,287,0.00218124292,0.0019552263,2.90880944e-05,13,0,1
0.01,288,0.00218901108,0.00196230737,2.91991291e-05,13,0,1
0.01,289,0.0021967818,0.00196939101,2.93101675e-05,13,0,1
0.01,290,0.00220455439,0.00197647605,2.94212859e-05,13,0,1
0.01,291,0.00221232837,0.00198356365,2.95325481e-05,13,0,1
0.01,292,0.00222010398,0.00199065264,2.96438102e-05,13,0,1
0.01,293,0.00222788122,0.00199774303,2.97551487e-05,13,0,1
0.01,294,0.00223566103,0.00200483599,2.98665691e-05,13,0,1
0.01,295,0.00224344246,0.00201193104,2.99781004e-05,13,0,1
0.01,296,0.00225122529,0.00201902771,3.00896209e-05,13,0,1
0.01,297,0.00225901091,0.00202612649,3.02012413e-05,13,0,1
0.01,298,0.00226679724,0.00203322689,3.031296e-05,13,0,1
0.01,299,0.00227458542,0.00204032892,3.04247005e-05,13,0,1
0.01,300,0.00228237617,0.00204743352,3.05365684e-05,13,0,1
0.01,301,0.00229016785,0.00205453951,3.06484399e-05,13,0,1
0.01,302,0.00229796162,0.0020616476,3.07604387e-05,13,0,1
0.01,303,0.00230575679,0.00206875731,3.08724848e-05,13,0,1
0.01,304,0.00231355499,0.00207586959,3.09846073e-05,13,0,1
0.01,305,0.00232135411,0.00208298326,3.10967625e-05,13,0,1
0.01,306,0.00232915417,0.00209009857,3.12090997e-05,13,0,1
0.01,307,0.00233695772,0.00209721667,3.1321415e-05,13,0,1
0.01,308,0.00234476221,0.00210433593,3.14337776e-05,13,0,1
0.01,309,0.00235256832,0.00211145752,3.15463039e-05,13,0,1
0.01,310,0.00236037723,0.00211858121,3.16587975e-05,13,0,1
0.01,311,0.00236818637,0.00212570559,3.1771393e-05,13,0,1
0.01,312,0.00237599853,0.002132833,3.18841085e-05,13,0,1
0.01,313,0.0023838128,0.00213996251,3.19968749e-05,13,0,1
0.01,314,0.00239162729,0.00214709272,3.21096632e-05,13,0,1
0.01,315,0.00239944481,0.00215422548,3.22225715e-05,13,0,1
0.01,316,0.0024072635,0.00216136058,3.23355489e-05,13,0,1
0.01,317,0.00241508405,0.00216849661,3.24486027e-05,13,0,1
0.01,318,0.00242290716,0.00217563566,3.25617002e-05,13,0,1
0.01,319,0.0024307312,0.00218277588,3.26748232e-05,13,0,1
0.01,320,0.00243855733,0.00218991819,3.27881353e-05,13,0,1
0.01,321,0.00244638603,0.00219706283,3.29014038e-05,13,0,1
0.01,322,0.00245421543,0.00220420863,3.3014825e-05,13,0,1
0.01,323,0.00246204739,0.00221135677,3.3128239e-05,13,0,1
0.01,324,0.00246988097,0.00221850676,3.32417367e-05,13,0,1
0.01,325,0.00247771572,0.00222565862,3.33554053e-05,13,0,1
0.01,326,0.00248555257,0.00223281211,3.34689939e-05,13,0,1
0.01,327,0.00249339081,0.0022399677,3.35828081e-05,13,0,1
0.01,328,0.00250123255,0.00224712631,3.36966041e-05,13,0,1
0.01,329,0.00250907429,0.00225428515,3.38105092e-05,13,0,1
0.01,330,0.00251691858,0.00226144679,3.39244652e-05,13,0,1
0.01,331,0.00252476474,0.00226861029,3.40384868e-05,13,0,1
0.01,332,0.0025326123,0.00227577495,3.41525156e-05,13,0,1
0.01,333,0.00254046172,0.00228294241,3.42667227e-05,13,0,1
0.01,334,0.00254831347,0.00229011127,3.43809697e-05,13,0,1
0.01,335,0.00255616638,0.00229728222,3.44952387e-05,13,0,1
0.01,336,0.00256402139,0.00230445503,3.46096676e-05,13,0,1
0.01,337,0.00257187802,0.00231162994,3.47241075e-05,13,0,1
0.01,338,0.00257973652,0.00231880671,3.48386311e-05,13,0,1
0.01,339,0.00258759712,0.00232598488,3.49531947e-05,13,0,1
0.01,340,0.00259545911,0.00233316608,3.50678783e-05,13,0,1
0.01,341,0.00260332366,0.00234034867,3.51826093e-05,13,0,1
0.01,342,0.00261118868,0.00234753243,3.52974712e-05,13,0,1
0.01,343,0.0026190572,0.00235471898,3.54123113e-05,13,0,1
0.01,344,0.00262692501,0.00236190623,3.55272496e-05,13,0,1
0.01,345,0.00263479701,0.00236909697,3.5642257e-05,13,0,1
0.01,346,0.00264267018,0.00237628911,3.57573335e-05,13,0,1
0.01,347,0.00265054568,0.00238348334,3.58724719e-05,13,0,1
0.01,348,0.00265842164,0.00239067851,3.59877522e-05,13,0,1
0.01,349,0.00266630016,0.00239787647,3.61030106e-05,13,0,1
0.01,350,0.00267418032,0.00240507582,3.62184437e-05,13,0,1
0.01,351,0.00268206233,0.00241227751,3.63339022e-05,13,0,1
0.01,352,0.00268994668,0.00241948082,3.64494517e-05,13,0,1
0.01,353,0.00269783242,0.00242668693,3.65650012e-05,13,0,1
0.01,354,0.00270571955,0.00243389374,3.66806489e-05,13,0,1
0.01,355,0.00271360925,0.00244110334,3.6796413e-05,13,0,1
0.01,356,0.00272150058,0.0024483148,3.69121663e-05,13,0,1
0.01,357,0.00272939308,0.00245552766,3.70280723e-05,13,0,1
0.01,358,0.00273728743,0.00246274238,3.71440292e-05,13,0,1
0.01,359,0.00274518435,0.00246995944,3.72600334e-05,13,0,1
0.01,360,0.00275308243,0.00247717835,3.73761723e-05,13,0,1
0.01,361,0.00276098214,0.00248439889,3.74923038e-05,13,0,1
0.01,362,0.00276888511,0.002491622,3.76085736e-05,13,0,1
0.01,363,0.00277678808,0.00249884604,3.77248944e-05,13,0,1
0.01,364,0.00278469385,0.00250607287,3.78412515e-05,13,0,1
0.01,365,0.00279260171,0.00251330156,3.79576704e-05,13,0,1
0.01,366,0.00280051073,0.00252053142,3.80742276e-05,13,0,1
0.01,367,0.00280842208,0.00252776407,3.8190803e-05,13,0,1
0.01,368,0.00281633437,0.00253499788,3.83074475e-05,13,0,1
0.01,369,0.00282424898,0.00254223403,3.84241685e-05,13,0,1
0.01,370,0.00283216522,0.0025494718,3.85409985e-05,13,0,1
0.01,371,0.00284008402,0.0025567126,3.8657905e-05,13,0,1
0.01,372,0.00284800399,0.00256395433,3.87748878e-05,13,0,1
0.01,373,0.00285592605,0.00257119769,3.88919216e-05,13,0,1
0.01,374,0.00286384998,0.00257844431,3.90090136e-05,13,0,1
0.01,375,0.00287177484,0.0025856914,3.91261929e-05,13,0,1
0.01,376,0.00287970202,0.00259294058,3.92433831e-05,13,0,1
0.01,377,0.00288763107,0.00260019233,3.93607406e-05,13,0,1
0.01,378,0.00289556198,0.0026074457,3.94780945e-05,13,0,1
0.01,379,0.00290349522,0.00261470117,3.95955612e-05,13,0,1
0.01,380,0.00291142962,0.0026219585,3.97131153e-05,13,0,1
0.01,381,0.00291936635,0.00262921746,3.9830702e-05,13,0,1
0.01,382,0.00292730378,0.00263647828,3.99483797e-05,13,0,1
0.01,383,0.00293524424,0.0026437419,4.00661593e-05,13,0,1
0.01,384,0.00294318562,0.00265100668,4.01840007e-05,13,0,1
0.01,385,0.00295112934,0.00265827356,4.03019039e-05,13,0,1
0.01,386,0.00295907492,0.00266554207,4.04198727e-05,13,0,1
0.01,387,0.00296702236,0.00267281267,4.05378341e-05,13,0,1
0.01,388,0.0029749705,0.0026800856,4.06560575e-05,13,0,1
0.01,389,0.00298292283,0.00268736039,4.07742227e-05,13,0,1
0.01,390,0.00299087446,0.00269463682,4.08924607e-05,13,0,1
0.01,391,0.00299882982,0.00270191533,4.10107459e-05,13,0,1
0.01,392,0.00300678564,0.00270919548,4.11291294e-05,13,0,1
0.01,393,0.00301474356,0.00271647749,4.12475929e-05,13,0,1
0.01,394,0.00302270357,0.00272376207,4.13661946e-05,13,0,1
0.01,395,0.00303066615,0.0027310485,4.14848291e-05,13,0,1
0.01,396,0.00303862942,0.0027383361,4.16035218e-05,13,0,1
0.01,397,0.00304659479,0.00274562649,4.17223164e-05,13,0,1
0.01,398,0.00305456226,0.00275291828,4.184114e-05,13,0,1
0.01,399,0.00244915858,0.00277570006,3.48123649e-05,11,0,1
0.01,400,0.00245725084,0.00278303213,3.49155525e-05,11,0,1
0.01,401,0.00246535707,0.00279036863,3.50135015e-05,11,0,1
0.01,402,0.00247345585,0.00279770442,3.51146373e-05,11,0,1
0.01,403,0.00248156488,0.00280504208,3.52156349e-05,11,0,1
0.01,404,0.00248967484,0.0028123823,3.53163414e-05,11,0,1
0.01,405,0.00249777455,0.00281972555,3.54163349e-05,11,0,1
0.01,406,0.00250588451,0.00282707019,3.55149605e-05,11,0,1
0.01,407,0.00251399819,0.00283441599,3.56146993e-05,11,0,1
0.01,408,0.0025221156,0.00284176413,3.57165409e-05,11,0,1
0.01,409,0.00253023207,0.00284911366,3.58192192e-05,11,0,1
0.01,410,0.00253834762,0.00285646599,3.59174082e-05,11,0,1
0.01,411,0.00254646037,0.00286381971,3.60203412e-05,11,0,1
0.01,412,0.00255458709,0.00287117553,3.61208367e-05,11,0,1
0.01,413,0.00256269798,0.00287853414,3.62213977e-05,11,0,1
0.01,414,0.00257082377,0.00288589392,3.63213549e-05,11,0,1
0.01,415,0.00257895514,0.00289325463,3.64222869e-05,11,0,1
0.01,416,0.00258707628,0.00290061906,3.65240703e-05,11,0,1
0.01,417,0.00259521138,0.00290798349,3.6626574e-05,11,0,1
0.01,418,0.00260333996,0.00291535165,3.67265093e-05,11,0,1
0.01,419,0.00261147227,0.00292272074,3.68284818e-05,11,0,1
0.01,420,0.00261960924,0.00293009169,3.69295303e-05,11,0,1
0.01,421,0.00262774713,0.00293746451,3.70324851e-05,11,0,1
0.01,422,0.00263588224,0.00294484012,3.71336137e-05,11,0,1
0.01,423,0.00264402572,0.00295221712,3.72347786e-05,11,0,1
0.01,424,0.00265216269,0.00295959786,3.73332368e-05,11,0,1
0.01,425,0.00266030245,0.00296697766,3.74383089e-05,11,0,1
0.01,426,0.00266845617,0.00297436025,3.75400996e-05,11,0,1
0.01,427,0.00267659593,0.00298174471,3.76412572e-05,11,0,1
0.01,428,0.00268475059,0.00298913103,3.77442047e-05,11,0,1
0.01,429,0.00269289967,0.00299652014,3.78448385e-05,11,0,1
0.01,430,0.00270105153,0.00300391088,3.79475969e-05,11,0,1
0.01,431,0.00270921271,0.00301130349,3.80486672e-05,11,0,1
0.01,432,0.00271736644,0.00301869772,3.8152597e-05,11,0,1
0.01,433,0.00272551645,0.00302609475,3.82523504e-05,11,0,1
0.01,434,0.00273368508,0.00303349271,3.83550869e-05,11,0,1
0.01,435,0.00274184626,0.00304089254,3.84588639e-05,11,0,1
0.01,436,0.0027500093,0.00304829516,3.85606108e-05,11,0,1
0.01,437,0.00275817141,0.00305569894,3.86634711e-05,11,0,1
0.01,438,0.00276633352,0.00306310598,3.87652399e-05,11,0,1
0.01,439,0.00277450867,0.00307051279,3.88690532e-05,11,0,1
0.01,440,0.00278267916,0.00307792309,3.89717025e-05,11,0,1
0.01,441,0.00279084966,0.00308533479,3.9074177e-05,11,0,1
0.01,442,0.00279902946,0.00309274858,3.91782523e-05,11,0,1
0.01,443,0.00280720089,0.0031001647,3.92776201e-05,11,0,1
0.01,444,0.00281537324,0.00310758175,3.93842638e-05,11,0,1
0.01,445,0.00282356143,0.00311500137,3.94856397e-05,11,0,1
0.01,446,0.00283173472,0.00312242238,3.95911338e-05,11,0,1
0.01,447,0.0028399257,0.00312984642,3.96921896e-05,11,0,1
0.01,448,0.00284811389,0.00313727139,3.97960393e-05,11,0,1
0.01,449,0.00285628997,0.00314469938,3.98992343e-05,11,0,1
0.01,450,0.0028644884,0.00315212854,4.00020654e-05,11,0,1
0.01,451,0.00287267566,0.0031595591,4.01054713e-05,11,0,1
0.01,452,0.0028808685,0.00316699268,4.02089063e-05,11,0,1
0.01,453,0.00288906321,0.00317442836,4.03126542e-05,11,0,1
0.01,454,0.00289726071,0.00318186404,4.04172242e-05,11,0,1
0.01,455,0.0029054638,0.00318930368,4.05214305e-05,11,0,1
0.01,456,0.0029136613,0.00319674518,4.06227409e-05,11,0,1
0.01,457,0.00292185601,0.00320418668,4.07299522e-05,11,0,1
0.01,458,0.00293006375,0.00321163191,4.08336855e-05,11,0,1
0.01,459,0.00293826777,0.00321907876,4.0937688e-05,11,0,1
0.01,460,0.00294646993,0.00322652701,4.10405264e-05,11,0,1
0.01,461,0.00295468513,0.00323397829,4.11443616e-05,11,0,1
0.01,462,0.00296288542,0.00324143143,4.1247702e-05,11,0,1
0.01,463,0.00297110341,0.00324888527,4.1350766e-05,11,0,1
0.01,464,0.00297931489,0.00325634074,4.14613241e-05,11,0,1
0.01,465,0.00298752543,0.00326379971,4.15617033e-05,11,0,1
0.01,466,0.00299574714,0.00327125983,4.16682233e-05,11,0,1
0.01,467,0.00300397072,0.00327872206,4.17722695e-05,11,0,1
0.01,468,0.00301218592,0.00328618591,4.18777927e-05,11,0,1
0.01,469,0.00302041415,0.00329365162,4.19830103e-05,11,0,1
0.01,470,0.0030286368,0.0033011206,4.20855285e-05,11,0,1
0.01,471,0.00303686131,0.0033085905,4.21914374e-05,11,0,1
0.01,472,0.00304509979,0.00331606157,4.22959711e-05,11,0,1
0.01,473,0.0030533215,0.00332353613,4.24014288e-05,11,0,1
0.01,474,0.00306155905,0.00333101163,4.25069884e-05,11,0,1
0.01,475,0.00306979287,0.00333849015,4.26115876e-05,11,0,1
0.01,476,0.00307802763,0.0033459689,4.27178893e-05,11,0,1
0.01,477,0.00308626518,0.00335345161,4.28209678e-05,11,0,1
0.01,478,0.00309450738,0.00336093549,4.29251304e-05,11,0,1
0.01,479,0.00310274679,0.00336842099,4.30324362e-05,11,0,1
0.01,480,0.00311099179,0.00337590859,4.31374574e-05,11,0,1
0.01,481,0.00311923865,0.00338339736,4.32441011e-05,11,0,1
0.01,482,0.00312747713,0.00339088915,4.33504683e-05,11,0,1
0.01,483,0.00313572865,0.0033983821,4.34563481e-05,11,0,1
0.01,484,0.00314397737,0.00340587692,4.35620168e-05,11,0,1
0.01,485,0.00315223634,0.003413375,4.36671689e-05,11,0,1
0.01,486,0.00316048972,0.00342087424,4.37731214e-05,11,0,1
0.01,487,0.0031687431,0.00342837488,4.38796487e-05,11,0,1
0.01,488,0.00317700114,0.00343587808,4.398499e-05,11,0,1
0.01,489,0.00318526383,0.00344338315,4.40911026e-05,11,0,1
0.01,490,0.00319351908,0.0034508903,4.4196393e-05,11,0,1
0.01,491,0.00320179015,0.00345839886,4.43042154e-05,11,0,1
0.01,492,0.00321005657,0.00346591044,4.44097241e-05,11,0,1
0.01,493,0.00321831368,0.00347342249,4.45184342e-05,11,0,1
0.01,494,0.00322659407,0.0034809364,4.4624554e-05,11,0,1
0.01,495,0.00323485676,0.00348845427,4.47286147e-05,11,0,1
0.01,496,0.00324313622,0.00349597353,4.4834429e-05,11,0,1
0.01,497,0.0032514073,0.00350349396,4.49414729e-05,11,0,1
0.01,498,0.00325967837,0.00351101649,4.50494117e-05,11,0,1
0.01,499,0.00326795876,0.00351854158,4.51561282e-05,11,0,1
0.01,500,0.00327624474,0.00352606713,4.52632448e-05,11,0,1
0.01,501,0.00328451768,0.00353359594,4.53705288e-05,11,0,1
0.01,502,0.00329281297,0.00354112615,4.54768524e-05,11,0,1
0.01,503,0.00330109429,0.00354865822,4.55839763e-05,11,0,1
0.01,504,0.00330937933,0.00355619262,4.56910129e-05,11,0,1
0.01,505,0.00331766903,0.00356372865,4.57985589e-05,11,0,1
0.01,506,0.00332595501,0.00357126771,4.59054863e-05,11,0,1
0.01,507,0.0033342503,0.00357880746,4.60140873e-05,11,0,1
0.01,508,0.00334254466,0.00358634931,4.61216478e-05,11,0,1
0.01,509,0.00335083436,0.00359389349,4.62299358e-05,11,0,1
0.01,510,0.0033591371,0.00360143976,4.63365432e-05,11,0,1
0.01,511,0.00336743612,0.00360898813,4.64427139e-05,11,0,1
0.01,512,0.00337573048,0.00361653767,4.65517223e-05,11,0,1
0.01,513,0.00338404533,0.00362408906,4.66583297e-05,11,0,1
0.01,514,0.00339235179,0.00363164372,4.67658683e-05,11,0,1
0.01,515,0.00340065733,0.00363919837,4.6874542e-05,11,0,1
0.01,516,0.00340896379,0.00364675722,4.69831793e-05,11,0,1
0.01,517,0.00341727678,0.00365431653,4.7092115e-05,11,0,1
0.01,518,0.00342559256,0.00366187771,4.71999883e-05,11,0,1
0.01,519,0.00343390275,0.00366944168,4.73071996e-05,11,0,1
0.01,520,0.00344221946,0.00367700821,4.74152694e-05,11,0,1
0.01,521,0.0034505371,0.00368457474,4.75261913e-05,11,0,1
0.01,522,0.00345885754,0.0036921443,4.76340574e-05,11,0,1
0.01,523,0.00346719287,0.00369971525,4.77427238e-05,11,0,1
0.01,524,0.00347550679,0.00370728946,4.78491274e-05,11,0,1
0.01,525,0.00348383375,0.00371486507,4.79574664e-05,11,0,1
0.01,526,0.00349215884,0.00372244231,4.80661984e-05,11,0,1
0.01,527,0.00350048766,0.00373002072,4.81766037e-05,11,0,1
0.01,528,0.00350881554,0.00373760355,4.82843898e-05,11,0,1
0.01,529,0.00351714995,0.00374518614,4.8394737e-05,11,0,1
0.01,530,0.00352548342,0.00375277083,4.85031633e-05,11,0,1
0.01,531,0.00353382062,0.00376035902,4.86125937e-05,11,0,1
0.01,532,0.00354215968,0.00376794743,4.8721442e-05,11,0,1
0.01,533,0.00355049595,0.00377553771,4.88331279e-05,11,0,1
0.01,534,0.00355884526,0.00378313148,4.89414379e-05,11,0,1
0.01,535,0.00356718991,0.00379072735,4.90490784e-05,11,0,1
0.01,536,0.00357553177,0.00379832392,4.91580722e-05,11,0,1
0.01,537,0.003583882,0.00380592281,4.92676627e-05,11,0,1
0.01,538,0.00359222759,0.0038135245,4.93757543e-05,11,0,1
0.01,539,0.00360057969,0.00382112642,4.94885171e-05,11,0,1
0.01,540,0.00360893551,0.00382873137,4.95973218e-05,11,0,1
0.01,541,0.00361728948,0.00383633794,4.97086876e-05,11,0,1
0.01,542,0.00362564623,0.00384394638,4.98161971e-05,11,0,1
0.01,543,0.00363400113,0.00385155645,4.99283633e-05,11,0,1
0.01,544,0.00364236441,0.00385917001,5.00387832e-05,11,0,1
0.01,545,0.00365073327,0.00386678614,5.01452159e-05,11,0,1
0.01,546,0.00365909375,0.00387440133,5.02585317e-05,11,0,1
0.01,547,0.00366746075,0.00388202048,5.03665651e-05,11,0,1
0.01,548,0.00367582589,0.00388964079,5.04773489e-05,11,0,1
0.01,549,0.00368420035,0.00389726344,5.05867938e-05,11,0,1
0.01,550,0.00369256269,0.00390488817,5.0698829e-05,11,0,1
0.01,551,0.00370093808,0.00391251454,5.08076337e-05,11,0,1
0.01,552,0.00370931346,0.003920143,5.09195816e-05,11,0,1
0.01,553,0.00371769536,0.0039277724,5.10327664e-05,11,0,1
0.01,554,0.00372606982,0.00393540645,5.11404942e-05,11,0,1
0.01,555,0.00373444799,0.00394304004,5.1251991e-05,11,0,1
0.01,556,0.00374284294,0.00395067595,5.13619598e-05,11,0,1
0.01,557,0.00375121925,0.00395831466,5.14729036e-05,11,0,1
0.01,558,0.00375960488,0.00396595523,5.15855936e-05,11,0,1
0.01,559,0.00376800168,0.00397359673,5.16946457e-05,11,0,1
0.01,560,0.00377639476,0.00398124009,5.18095476e-05,11,0,1
0.01,561,0.00378478691,0.00398888718,5.1918294e-05,11,0,1
0.01,562,0.00379317813,0.0039965352,5.20298345e-05,11,0,1
0.01,563,0.00380157214,0.00400418602,5.21400507e-05,11,0,1
0.01,564,0.00380996894,0.00401183777,5.22524642e-05,11,0,1
0.01,565,0.00381836109,0.00401949277,5.23640192e-05,11,0,1
0.01,566,0.00382676534,0.00402714778,5.2476651e-05,11,0,1
0.01,567,0.00383517519,0.00403480418,5.25904761e-05,11,0,1
0.01,568,0.00384357665,0.00404246524,5.26991789e-05,11,0,1
0.01,569,0.00385198463,0.0040501277,5.28113887e-05,11,0,1
0.01,570,0.00386039168,0.00405779202,5.29213139e-05,11,0,1
0.01,571,0.00386879779,0.00406545773,5.30364923e-05,11,0,1
0.01,572,0.00387721509,0.00407312438,5.31496189e-05,11,0,1
0.01,573,0.00388562586,0.00408079568,5.32604317e-05,11,0,1
0.01,574,0.00389403384,0.00408846699,5.33718267e-05,11,0,1
0.01,575,0.00390245765,0.00409614015,5.34845894e-05,11,0,1
0.01,576,0.00391087774,0.00410381751,5.35953877e-05,11,0,1
0.01,577,0.00391929783,0.0041114958,5.37079322e-05,11,0,1
0.01,578,0.00392772444,0.00411917455,5.38207969e-05,11,0,1
0.01,579,0.00393614452,0.00412685703,5.39317116e-05,11,0,1
0.01,580,0.00394458137,0.00413453951,5.40457986e-05,11,0,1
0.01,581,0.00395300239,0.00414222525,5.41602494e-05,11,0,1
0.01,582,0.00396143179,0.00414991286,5.4270582e-05,11,0,1
0.01,583,0.00396986958,0.00415760325,5.43846254e-05,11,0,1
0.01,584,0.00397829898,0.00416529458,5.44984214e-05,11,0,1
0.01,585,0.00398672931,0.00417298777,5.46125375e-05,11,0,1
0.01,586,0.00399517361,0.00418068375,5.47240779e-05,11,0,1
0.01,587,0.00400360953,0.0041883816,5.48363605e-05,11,0,1
0.01,588,0.0040120529,0.00419608084,5.49494289e-05,11,0,1
0.01,589,0.00402050372,0.00420378242,5.50617697e-05,11,0,1
0.01,590,0.0040289443,0.00421148492,5.51782286e-05,11,0,1
0.01,591,0.00403740071,0.00421919022,5.5291006e-05,11,0,1
0.01,592,0.00404584501,0.00422689877,5.54018625e-05,11,0,1
0.01,593,0.00405429676,0.00423460826,5.55178121e-05,11,0,1
0.01,594,0.00406274758,0.00424231961,5.56295709e-05,11,0,1
0.01,595,0.0040711984,0.00425003283,5.57440799e-05,11,0,1
0.01,596,0.00407965202,0.00425774883,5.58579486e-05,11,0,1
0.01,597,0.00408810843,0.00426546577,5.59710752e-05,11,0,1
0.01,598,0.0040965667,0.00427318458,5.6086079e-05,11,0,1
0.01,599,0.00410503428,0.00428090617,5.62002824e-05,11,0,1
0.01,600,0.00411350466,0.00428862963,5.63140784e-05,11,0,1
0.01,601,0.00412196387,0.00429635588,5.64268848e-05,11,0,1
0.01,602,0.00413043797,0.00430408213,5.65418886e-05,11,0,1
0.01,603,0.0041389009,0.00431181211,5.66552771e-05,11,0,1
0.01,604,0.00414737873,0.00431954209,5.67710813e-05,11,0,1
0.01,605,0.00415584911,0.00432727579,5.68861578e-05,11,0,1
0.01,606,0.00416432228,0.00433501136,5.70016418e-05,11,0,1
0.01,607,0.00417279918,0.00434274925,5.71150886e-05,11,0,1
0.01,608,0.00418127514,0.00435048761,5.72297577e-05,11,0,1
0.01,609,0.00418975484,0.00435822969,5.73419675e-05,11,0,1
0.01,610,0.00419824012,0.00436597178,5.74588776e-05,11,0,1
0.01,611,0.00420672819,0.00437371712,5.75728627e-05,11,0,1
0.01,612,0.00421520974,0.00438146433,5.76885504e-05,11,0,1
0.01,613,0.00422370341,0.0043892134,5.78039617e-05,11,0,1
0.01,614,0.00423218869,0.0043969648,5.79180778e-05,11,0,1
0.01,615,0.0042406749,0.00440471806,5.80351334e-05,11,0,1
0.01,616,0.00424917508,0.00441247318,5.81485074e-05,11,0,1
0.01,617,0.00425766874,0.00442023017,5.82635985e-05,11,0,1
0.01,618,0.00426616427,0.00442798994,5.83775254e-05,11,0,1
0.01,619,0.004274657,0.00443575066,5.84964146e-05,11,0,1
0.01,620,0.00428315904,0.0044435137,5.86103706e-05,11,0,1
0.01,621,0.00429166667,0.0044512786,5.87249961e-05,11,0,1
0.01,622,0.0043001771,0.00445904583,5.88409457e-05,11,0,1
0.01,623,0.00430867448,0.00446681539,5.89571719e-05,11,0,1
0.01,624,0.00431719329,0.00447458494,5.90749114e-05,11,0,1
0.01,625,0.0043256944,0.00448235776,5.91910211e-05,11,0,1
0.01,626,0.00433420669,0.00449013337,5.93050208e-05,11,0,1
0.01,627,0.00434272364,0.00449791085,5.94227895e-05,11,0,1
0.01,628,0.00435123686,0.00450568972,5.95382298e-05,11,0,1
0.01,629,0.00435975753,0.00451347046,5.96538739e-05,11,0,1
0.01,630,0.00436827913,0.00452125259,5.97702747e-05,11,0,1
0.01,631,0.00437679514,0.00452903938,5.98867191e-05,11,0,1
0.01,632,0.00438531768,0.00453682616,6.00026106e-05,11,0,1
0.01,633,0.00439384487,0.00454461575,6.01180946e-05,11,0,1
0.01,634,0.00440237205,0.0045524044,6.02346699e-05,11,0,1
0.01,635,0.00441091415,0.0045601977,6.03533408e-05,11,0,1
0.01,636,0.00441943761,0.00456799334,6.04699453e-05,11,0,1
0.01,637,0.00442797597,0.00457579037,6.05862733e-05,11,0,1
0.01,638,0.00443650782,0.0045835888,6.07031689e-05,11,0,1
0.01,639,0.00444504246,0.00459139002,6.08194387e-05,11,0,1
0.01,640,0.00445358083,0.00459919311,6.09360286e-05,11,0,1
0.01,641,0.00446211454,0.00460699853,6.10523566e-05,11,0,1
0.01,642,0.00447065197,0.0046148058,6.11688301e-05,11,0,1
0.01,643,0.00447920524,0.00462261401,6.12877484e-05,11,0,1
0.01,644,0.00448775105,0.00463042501,6.14043529e-05,11,0,1
0.01,645,0.00449629314,0.00463823788,6.1522238e-05,11,0,1
0.01,646,0.00450484734,0.00464605307,6.16385951e-05,11,0,1
0.01,647,0.00451339316,0.0046538692,6.17583719e-05,11,0,1
0.01,648,0.00452195294,0.00466168812,6.18760678e-05,11,0,1
0.01,649,0.00453050528,0.00466950983,6.19934872e-05,11,0,1
0.01,650,0.00453906134,0.00467733154,6.21116487e-05,11,0,1
0.01,651,0.00454762299,0.00468515791,6.22266089e-05,11,0,1
0.01,652,0.00455618184,0.00469298474,6.23452943e-05,11,0,1
0.01,653,0.0045647379,0.00470081391,6.24631357e-05,11,0,1
0.01,654,0.00457330886,0.00470864493,6.25818939e-05,11,0,1
0.01,655,0.00458187424,0.00471647643,6.2699939e-05,11,0,1
0.01,656,0.00459044613,0.00472431164,6.28177222e-05,11,0,1
0.01,657,0.00459901802,0.00473214919,6.29358547e-05,11,0,1
0.01,658,0.0046075834,0.00473998813,6.30549621e-05,11,0,1
0.01,659,0.00461616553,0.00474782847,6.31727162e-05,11,0,1
0.01,660,0.0046247365,0.00475567207,6.32942392e-05,11,0,1
0.01,661,0.00463331304,0.0047635166,6.34096796e-05,11,0,1
0.01,662,0.00464188959,0.00477136439,6.35290635e-05,11,0,1
0.01,663,0.00465046801,0.00477921404,6.36463665e-05,11,0,1
0.01,664,0.00465904828,0.00478706509,6.37654448e-05,11,0,1
0.01,665,0.00466763694,0.004794918,6.38855272e-05,11,0,1
0.01,666,0.0046762256,0.00480277278,6.40015205e-05,11,0,1
0.01,667,0.00468481798,0.00481062895,6.41221559e-05,11,0,1
0.01,668,0.00469340477,0.00481848791,6.42417435e-05,11,0,1
0.01,669,0.00470199063,0.00482634921,6.43620588e-05,11,0,1
0.01,670,0.00471059233,0.0048342105,6.4482796e-05,11,0,1
0.01,671,0.00471918564,0.00484207645,6.46004482e-05,11,0,1
0.01,672,0.00472778641,0.00484994333,6.47207926e-05,11,0,1
0.01,673,0.00473638345,0.00485781301,6.4840453e-05,11,0,1
0.01,674,0.00474498421,0.00486568408,6.49595895e-05,11,0,1
0.01,675,0.0047535859,0.00487355702,6.50791335e-05,11,0,1
0.01,676,0.00476219226,0.00488143228,6.51992741e-05,11,0,1
0.01,677,0.0047708014,0.00488930847,6.53190073e-05,11,0,1
0.01,678,0.00477941521,0.0048971884,6.54370524e-05,11,0,1
0.01,679,0.00478802063,0.00490506925,6.55580516e-05,11,0,1
0.01,680,0.00479663163,0.00491295196,6.56785123e-05,11,0,1
0.01,681,0.00480525289,0.00492083747,6.57979544e-05,11,0,1
0.01,682,0.00481386762,0.00492872391,6.5918779e-05,11,0,1
0.01,683,0.00482248329,0.00493661501,6.60364894e-05,11,0,1
0.01,684,0.00483110454,0.00494450517,6.61572703e-05,11,0,1
0.01,685,0.00483972952,0.00495239813,6.627728e-05,11,0,1
0.01,686,0.00484835263,0.00496029295,6.64003455e-05,11,0,1
0.01,687,0.00485697575,0.00496819057,6.65181433e-05,11,0,1
0.01,688,0.00486560352,0.00497609051,6.66388078e-05,11,0,1
0.01,689,0.00487423595,0.00498399045,6.67593122e-05,11,0,1
0.01,690,0.00488286559,0.00499189366,6.68822468e-05,11,0,1
0.01,691,0.00489149429,0.00499979965,6.70027657e-05,11,0,1
0.01,692,0.00490013324,0.00500770519,6.71248126e-05,11,0,1
0.01,693,0.00490876753,0.00501561537,6.72441383e-05,11,0,1
0.01,694,0.00491740927,0.00502352603,6.73662289e-05,11,0,1
0.01,695,0.00492605288,0.00503143901,6.74883922e-05,11,0,1
0.01,696,0.00493469276,0.00503935479,6.76073978e-05,11,0,1
0.01,697,0.00494333822,0.00504727382,6.77277421e-05,11,0,1
0.01,698,0.00495199114,0.00505519193,6.78504875e-05,11,0,1
0.01,699,0.00496063754,0.00506311329,6.79713849e-05,11,0,1
0.01,700,0.00496928673,0.00507103559,6.80922676e-05,11,0,1
0.01,701,0.00497794151,0.00507896161,6.82152022e-05,11,0,1
0.01,702,0.00498658884,0.00508688949,6.83342805e-05,11,0,1
0.01,703,0.00499525014,0.00509481737,6.84598781e-05,11,0,1
0.01,704,0.00500390586,0.00510275038,6.85806008e-05,11,0,1
0.01,705,0.00501257088,0.00511068292,6.87005959e-05,11,0,1
0.01,706,0.00502122566,0.00511861918,6.88234577e-05,11,0,1
0.01,707,0.00502988975,0.00512655731,6.89462177e-05,11,0,1
0.01,708,0.00503855292,0.00513449591,6.90689485e-05,11,0,1
0.01,709,0.00504722074,0.00514243776,6.9190166e-05,11,0,1
0.01,710,0.00505589228,0.00515038101,6.93113252e-05,11,0,1
0.01,711,0.00506456383,0.00515832659,6.94345945e-05,11,0,1
0.01,712,0.00507323444,0.00516627403,6.95575e-05,11,0,1
0.01,713,0.00508190598,0.00517422333,6.96796487e-05,11,0,1
0.01,714,0.00509058777,0.00518217636,6.98003423e-05,11,0,1
0.01,715,0.00509926118,0.00519012939,6.99249358e-05,11,0,1
0.01,716,0.00510795321,0.00519808475,7.00471574e-05,11,0,1
0.01,717,0.00511662662,0.0052060415,7.01704557e-05,11,0,1
0.01,718,0.0051253112,0.00521400105,7.02932593e-05,11,0,1
0.01,719,0.00513400231,0.00522196386,7.04165432e-05,11,0,1
0.01,720,0.00514268223,0.00522992713,7.05394341e-05,11,0,1
0.01,721,0.00515137799,0.00523789367,7.06600986e-05,11,0,1
0.01,722,0.00516007096,0.0052458602,7.07856379e-05,11,0,1
0.01,723,0.00516876206,0.00525383139,7.09083979e-05,11,0,1
0.01,724,0.00517746061,0.00526180211,7.10317545e-05,11,0,1
0.01,725,0.0051861601,0.0052697761,7.11547182e-05,11,0,1
0.01,726,0.00519485399,0.00527775241,7.12801557e-05,11,0,1
0.01,727,0.00520355999,0.00528572919,7.14019407e-05,11,0,1
0.01,728,0.00521226134,0.00529371016,7.15237838e-05,11,0,1
0.01,729,0.00522096176,0.00530169252,7.16496725e-05,11,0,1
0.01,730,0.00522967707,0.00530967582,7.17741204e-05,11,0,1
0.01,731,0.00523837749,0.00531766191,7.18981173e-05,11,0,1
0.01,732,0.00524709187,0.00532565126,7.2019815e-05,11,0,1
0.01,733,0.00525580253,0.00533364061,7.21439865e-05,11,0,1
0.01,734,0.00526451692,0.00534163183,7.22697296e-05,11,0,1
0.01,735,0.00527323689,0.00534962723,7.23935518e-05,11,0,1
0.01,736,0.00528194942,0.0053576217,7.25196005e-05,11,0,1
0.01,737,0.00529066566,0.0053656213,7.26414582e-05,11,0,1
0.01,738,0.00529939961,0.00537362089,7.27661827e-05,11,0,1
0.01,739,0.00530811679,0.00538162328,7.2892246e-05,11,0,1
0.01,740,0.00531683955,0.0053896266,7.30164757e-05,11,0,1
0.01,741,0.00532557443,0.00539763225,7.31399778e-05,11,0,1
0.01,742,0.00533429906,0.00540564209,7.32648041e-05,11,0,1
0.01,743,0.00534303673,0.00541365147,7.33906054e-05,11,0,1
0.01,744,0.00535176508,0.00542166363,7.35141948e-05,11,0,1
0.01,745,0.00536049902,0.00542967953,7.3638832e-05,11,0,1
0.01,746,0.00536923949,0.00543769542,7.3765128e-05,11,0,1
0.01,747,0.00537797902,0.00544571411,7.38888775e-05,11,0,1
0.01,748,0.00538671669,0.00545373559,7.40116229e-05,11,0,1
0.01,749,0.00539546274,0.00546175661,7.41413969e-05,11,0,1
0.01,750,0.00540420506,0.00546978228,7.42647971e-05,11,0,1
0.01,751,0.00541295297,0.00547780795,7.43894634e-05,11,0,1
0.01,752,0.00542170368,0.00548583549,7.45167199e-05,11,0,1
0.01,753,0.00543045159,0.00549386721,7.46403384e-05,11,0,1
0.01,754,0.00543920696,0.0055018994,7.47678132e-05,11,0,1
0.01,755,0.00544795487,0.00550993439,7.48934253e-05,11,0,1
0.01,756,0.00545671023,0.0055179717,7.50183244e-05,11,0,1
0.01,757,0.00546547025,0.00552600995,7.51447078e-05,11,0,1
0.01,758,0.00547422934,0.00553405099,7.52694177e-05,11,0,1
0.01,759,0.00548298564,0.00554209482,7.53951754e-05,11,0,1
0.01,760,0.00549175683,0.00555013865,7.55240471e-05,11,0,1
0.01,761,0.00550051779,0.00555818435,7.56503141e-05,11,0,1
0.01,762,0.00550929178,0.0055662347,7.57742382e-05,11,0,1
0.01,763,0.0055180639,0.00557428598,7.59006216e-05,11,0,1
0.01,764,0.00552682485,0.00558233913,7.60287367e-05,11,0,1
0.01,765,0.00553561002,0.00559039321,7.61547417e-05,11,0,1
0.01,766,0.00554437935,0.00559845194,7.62817799e-05,11,0,1
0.01,767,0.00555315148,0.00560651021,7.64073338e-05,11,0,1
0.01,768,0.00556193292,0.00561457127,7.65353761e-05,11,0,1
0.01,769,0.00557071529,0.00562263466,7.66619341e-05,11,0,1
0.01,770,0.00557949673,0.00563069945,7.6788594e-05,11,0,1
0.01,771,0.0055882819,0.00563876703,7.69148755e-05,11,0,1
0.01,772,0.00559706427,0.00564683694,7.70420156e-05,11,0,1
0.01,773,0.00560585875,0.00565490732,7.71684572e-05,11,0,1
0.01,774,0.00561465044,0.00566298049,7.72968342e-05,11,0,1
0.01,775,0.00562343094,0.00567105599,7.74232612e-05,11,0,1
0.01,776,0.00563223474,0.00567913428,7.75504013e-05,11,0,1
0.01,777,0.00564102363,0.00568721257,7.76768284e-05,11,0,1
0.01,778,0.00564981997,0.00569529552,7.78062386e-05,11,0,1
0.01,779,0.00565862469,0.0057033794,7.79321272e-05,11,0,1
0.01,780,0.00566742569,0.00571146514,7.80598202e-05,11,0,1
0.01,781,0.00567622855,0.00571955321,7.81874405e-05,11,0,1
0.01,782,0.00568503235,0.00572764315,7.8316647e-05,11,0,1
0.01,783,0.00569383893,0.00573573401,7.84443255e-05,11,0,1
0.01,784,0.00570265111,0.00574382674,7.85718003e-05,11,0,1
0.01,785,0.00571146328,0.00575192366,7.86999444e-05,11,0,1
0.01,786,0.00572026987,0.00576002058,7.88293546e-05,11,0,1
0.01,787,0.00572909322,0.00576812169,7.89568294e-05,11,0,1
0.01,788,0.00573790539,0.00577622373,7.90844497e-05,11,0,1
0.01,789,0.00574672222,0.0057843281,7.92133796e-05,11,0,1
0.01,790,0.00575554837,0.00579243386,7.93427316e-05,11,0,1
0.01,791,0.00576436799,0.00580054196,7.94707739e-05,11,0,1
0.01,792,0.00577319227,0.00580865238,7.95988744e-05,11,0,1
0.01,793,0.00578201842,0.00581676513,7.97267712e-05,11,0,1
0.01,794,0.00579085201,0.00582487881,7.98561232e-05,11,0,1
0.01,795,0.0057996884,0.00583299436,7.99846021e-05,11,0,1
0.01,796,0.00580852013,0.0058411127,8.0113372e-05,11,0,1
0.01,797,0.00581734627,0.00584923383,8.0242331e-05,11,0,1
0.01,798,0.00582618918,0.0058573545,8.03704024e-05,11,0,1
0.01,799,0.00583502371,0.00586548168,8.05002201e-05,11,0,1
0.01,800,0.00584386569,0.00587360701,8.0630547e-05,11,0,1
0.01,801,0.00585270207,0.00588173606,8.07598699e-05,11,0,1
0.01,802,0.00586215453,0.0058898353,8.0889462e-05,12,0,1
0.01,803,0.0058726538,0.00589788333,8.10222482e-05,12,0,1
0.01,804,0.00588304317,0.00590593927,8.11538775e-05,12,0,1
0.01,805,0.00587572018,0.00591701036,8.29924466e-05,12,0,1
0.01,806,0.00588144781,0.00591817498,8.21891226e-05,12,0,1
0.01,807,0.00591451069,0.00593010057,8.15509629e-05,12,0,1
0.01,808,0.00592488283,0.00593816489,8.16824104e-05,12,0,1
0.01,809,0.00593543053,0.00594621943,8.18164262e-05,12,0,1
0.01,810,0.00594578777,0.00595428841,8.19478955e-05,12,0,1
0.01,811,0.00595625676,0.00596235506,8.20812129e-05,12,0,1
0.01,812,0.0059666899,0.00597042311,8.22124784e-05,12,0,1
0.01,813,0.00597710721,0.00597849302,8.23443406e-05,12,0,1
0.01,814,0.00598749937,0.00598656666,8.2478502e-05,12,0,1
0.01,815,0.00599790039,0.00599464262,8.2611703e-05,12,0,1
0.01,816,0.00600825669,0.00600272138,8.2744984e-05,12,0,1
0.01,817,0.00601873314,0.00601079687,8.28793127e-05,12,0,1
0.01,818,0.00602915976,0.00601887563,8.30124627e-05,12,0,1
0.01,819,0.00603950722,0.00602696231,8.31444559e-05,12,0,1
0.01,820,0.00604995573,0.00603504572,8.32768928e-05,12,0,1
0.01,821,0.00606021564,0.00604313798,8.34123784e-05,12,0,1
0.01,822,0.0060706581,0.00605122512,8.35437095e-05,12,0,1
0.01,823,0.0060810158,0.00605931692,8.3678402e-05,12,0,1
0.01,824,0.00609138235,0.00606741244,8.38131818e-05,12,0,1
0.01,825,0.00610169768,0.00607551215,8.39450731e-05,12,0,1
0.01,826,0.00611205306,0.00608360907,8.40805224e-05,12,0,1
0.01,827,0.00612237211,0.00609171158,8.42142908e-05,12,0,1
0.01,828,0.00613280758,0.00609980989,8.43487869e-05,12,0,1
0.01,829,0.00614313176,0.00610791566,8.44813039e-05,12,0,1
0.01,830,0.00615345407,0.00611602329,8.46158437e-05,12,0,1
0.01,831,0.00616383785,0.00612413045,8.47507108e-05,12,0,1
0.01,832,0.00617408194,0.00613224646,8.48854252e-05,12,0,1
0.01,833,0.00618446991,0.00614035595,8.50188808e-05,12,0,1
0.01,834,0.00619477546,0.00614847196,8.51535806e-05,12,0,1
0.01,835,0.00620505074,0.0061565917,8.52886951e-05,12,0,1
0.01,836,0.00621538423,0.00616471143,8.54236496e-05,12,0,1
0.01,837,0.00622565486,0.00617283676,8.55574472e-05,12,0,1
0.01,838,0.0062359497,0.00618095975,8.56921251e-05,12,0,1
0.01,839,0.00624626549,0.00618908508,8.58273052e-05,12,0,1
0.01,840,0.00625661109,0.00619721226,8.59626234e-05,12,0,1
0.01,841,0.00626688637,0.00620534271,8.60963919e-05,12,0,1
0.01,842,0.00627715839,0.00621347642,8.62324159e-05,12,0,1
0.01,843,0.00628735358,0.00622161571,8.63685491e-05,12,0,1
0.01,844,0.00629775412,0.00622974569,8.65044058e-05,12,0,1
0.01,845,0.00630801124,0.00623788545,8.66380869e-05,12,0,1
0.01,846,0.0063181906,0.00624603219,8.67754134e-05,12,0,1
0.01,847,0.00632847659,0.00625417475,8.69103751e-05,12,0,1
0.01,848,0.00633870531,0.00626232289,8.70457516e-05,12,0,1
0.01,849,0.00634898152,0.00627046963,8.71798911e-05,12,0,1
0.01,850,0.00635925261,0.00627861964,8.73164099e-05,12,0,1
0.01,851,0.00636954373,0.00628676824,8.74548641e-05,12,0,1
0.01,852,0.00637975987,0.00629492477,8.75900369e-05,12,0,1
0.01,853,0.00639003282,0.00630307896,8.77244747e-05,12,0,1
0.01,854,0.00640019868,0.006311242,8.78619685e-05,12,0,1
0.01,855,0.00641047815,0.00631939899,8.79998261e-05,12,0,1
0.01,856,0.0064206887,0.00632756343,8.81336673e-05,12,0,1
0.01,857,0.00643099798,0.00633572415,8.82695458e-05,12,0,1
0.01,858,0.00644113729,0.0063438965,8.84060573e-05,12,0,1
0.01,859,0.00645132642,0.00635206653,8.85430272e-05,12,0,1
0.01,860,0.00646155933,0.00636024028,8.86786365e-05,12,0,1
0.01,861,0.00647182763,0.00636840891,8.88163122e-05,12,0,1
0.01,862,0.00648197765,0.00637658639,8.89535077e-05,12,0,1
0.01,863,0.00649224035,0.00638476154,8.90911178e-05,12,0,1
0.01,864,0.00650244206,0.00639294181,8.92275057e-05,12,0,1
0.01,865,0.00651263213,0.00640112534,8.93639153e-05,12,0,1
0.01,866,0.00652283616,0.00640930934,8.95012708e-05,12,0,1
0.01,867,0.00653300341,0.0064174966,8.96379643e-05,12,0,1
0.01,868,0.00654321536,0.00642568339,8.97765567e-05,12,0,1
0.01,869,0.00655333698,0.00643387903,8.99126389e-05,12,0,1
0.01,870,0.00656348607,0.0064420728,9.00512678e-05,12,0,1
0.01,871,0.00657364447,0.00645026797,9.01890307e-05,12,0,1
0.01,872,0.0065838648,0.00645846454,9.03268083e-05,12,0,1
0.01,873,0.00659404462,0.00646666298,9.04641784e-05,12,0,1
0.01,874,0.00660433341,0.00647485722,9.06019777e-05,12,0,1
0.01,875,0.00661447877,0.00648306264,9.07388021e-05,12,0,1
0.01,876,0.00662460225,0.00649127085,9.08777656e-05,12,0,1
0.01,877,0.00663478393,0.00649947766,9.10149101e-05,12,0,1
0.01,878,0.00664485898,0.00650769239,9.11535317e-05,12,0,1
0.01,879,0.0066551459,0.00651589595,9.12909964e-05,12,0,1
0.01,880,0.0066652121,0.00652411534,9.14305856e-05,12,0,1
0.01,881,0.00667537469,0.00653233146,9.15690762e-05,12,0,1
0.01,882,0.00668549817,0.00654055085,9.17082798e-05,12,0,1
0.01,883,0.00669565471,0.00654877163,9.18458536e-05,12,0,1
0.01,884,0.00670579309,0.00655699382,9.19838058e-05,12,0,1
0.01,885,0.00671593472,0.00656522112,9.21212923e-05,12,0,1
0.01,886,0.00672611455,0.00657344516,9.22617837e-05,12,0,1
0.01,887,0.00673621614,0.00658167526,9.24007254e-05,12,0,1
0.01,888,0.00674638106,0.00658990396,9.25396598e-05,12,0,1
0.01,889,0.00675641466,0.00659814291,9.26790162e-05,12,0,1
0.01,890,0.00676664058,0.00660637394,9.28177687e-05,12,0,1
0.01,891,0.00677665276,0.00661461754,9.29565213e-05,12,0,1
0.01,892,0.0067867483,0.00662285881,9.30954047e-05,12,0,1
0.01,893,0.00679684849,0.00663110148,9.32351613e-05,12,0,1
0.01,894,0.00680699712,0.00663934508,9.33745541e-05,12,0,1
0.01,895,0.00681708241,0.00664759241,9.35146309e-05,12,0,1
0.01,896,0.00682722451,0.00665583927,9.36541401e-05,12,0,1
0.01,897,0.0068373587,0.006664088,9.3794908e-05,12,0,1
0.01,898,0.00684742676,0.00667234324,9.39332604e-05,12,0,1
0.01,899,0.00685751531,0.00668059895,9.40751997e-05,12,0,1
0.01,900,0.00686758524,0.00668885699,9.42146435e-05,12,0,1
0.01,901,0.00687774923,0.00669711269,9.43541381e-05,12,0,1
0.01,902,0.00688778376,0.00670537958,9.44941348e-05,12,0,1
0.01,903,0.00689787278,0.00671364181,9.46344371e-05,12,0,1
0.01,904,0.00690792827,0.00672190962,9.47757217e-05,12,0,1
0.01,905,0.00691803265,0.00673017651,9.49145979e-05,12,0,1
0.01,906,0.00692818593,0.0067384392,9.50582034e-05,12,0,1
0.01,907,0.00693821348,0.00674671726,9.51961483e-05,12,0,1
0.01,908,0.00694831274,0.00675498974,9.53379276e-05,12,0,1
0.01,909,0.00695836358,0.00676326873,9.5477888e-05,12,0,1
0.01,910,0.00696846284,0.00677154586,9.56197327e-05,12,0,1
0.01,911,0.0069785174,0.00677982811,9.57602024e-05,12,0,1
0.01,912,0.00698857615,0.00678811176,9.59012759e-05,12,0,1
0.01,913,0.00699858926,0.00679640099,9.60422985e-05,12,0,1
0.01,914,0.00700862519,0.00680468976,9.61833211e-05,12,0,1
0.01,915,0.00701866206,0.0068129804,9.63243219e-05,12,0,1
0.01,916,0.00702873431,0.00682127057,9.64662904e-05,12,0,1
0.01,917,0.00703887828,0.00682955887,9.66064617e-05,12,0,1
0.01,918,0.00704885647,0.00683786068,9.67489832e-05,12,0,1
0.01,919,0.00705895526,0.00684615597,9.68898457e-05,12,0,1
0.01,920,0.00706899026,0.00685445732,9.70310648e-05,12,0,1
0.01,921,0.00707903039,0.00686276052,9.71739937e-05,12,0,1
0.01,922,0.00708905561,0.00687106699,9.73167625e-05,12,0,1
0.01,923,0.007099126,0.00687937113,9.74589348e-05,12,0,1
0.01,924,0.00710911723,0.00688768318,9.76001829e-05,12,0,1
0.01,925,0.00711920299,0.00689599151,9.77433301e-05,12,0,1
0.01,926,0.00712921331,0.00690430729,9.78836106e-05,12,0,1
0.01,927,0.00713925064,0.00691262214,9.80264449e-05,12,0,1
0.01,928,0.00714928471,0.00692094024,9.81695121e-05,12,0,1
0.01,929,0.00715930201,0.00692926021,9.83123609e-05,12,0,1
0.01,930,0.00716933189,0.00693758205,9.84548533e-05,12,0,1
0.01,931,0.00717937434,0.00694590434,9.85976076e-05,12,0,1
0.01,932,0.00718941912,0.00695423037,9.87413659e-05,12,0,1
0.01,933,0.00719942572,0.00696256058,9.8882716e-05,12,0,1
0.01,934,0.00720948586,0.00697088847,9.90266053e-05,12,0,1
0.01,935,0.0072194403,0.00697922567,9.91689594e-05,12,0,1
0.01,936,0.00722946832,0.00698755775,9.93125141e-05,12,0,1
0.01,937,0.00723950611,0.00699589495,9.94550355e-05,12,0,1
0.01,938,0.00724947639,0.00700423587,9.95986338e-05,12,0,1
0.01,939,0.00725950859,0.00701257633,9.9742967e-05,12,0,1
0.01,940,0.00726948632,0.00702092191,9.98854302e-05,12,0,1
0.01,941,0.00727946404,0.00702927029,0.000100028308,12,0,1
0.01,942,0.00728947949,0.00703761773,0.00010017254,12,0,1
0.01,943,0.00729953032,0.00704596518,0.000100315607,12,0,1
0.01,944,0.00730951549,0.00705431774,0.000100460486,12,0,1
0.01,945,0.0073195314,0.0070626731,0.000100603043,12,0,1
0.01,946,0.00732948538,0.00707103172,0.000100748177,12,0,1
0.01,947,0.00733955763,0.00707938429,0.000100892779,12,0,1
0.01,948,0.0073495144,0.00708774896,0.000101036429,12,0,1
0.01,949,0.00735949213,0.00709611317,0.000101180623,12,0,1
0.01,950,0.00736949546,0.00710447878,0.000101324251,12,0,1
0.01,951,0.00737947645,0.00711284624,0.000101468693,12,0,1
0.01,952,0.00738947792,0.00712121464,0.000101612975,12,0,1
0.01,953,0.00739948824,0.0071295849,0.000101757265,12,0,1
0.01,954,0.00740947202,0.00713795889,0.000101903242,12,0,1
0.01,955,0.0074194558,0.00714633381,0.000102048114,12,0,1
0.01,956,0.00742945028,0.00715471199,0.0001021922,12,0,1
0.01,957,0.00743938657,0.00716309668,0.000102337748,12,0,1
0.01,958,0.00744937314,0.00717147905,0.000102481914,12,0,1
0.01,959,0.00745933782,0.00717986608,0.000102627448,12,0,1
0.01,960,0.00746932253,0.00718825171,0.000102772254,12,0,1
0.01,961,0.00747932168,0.00719663873,0.000102918842,12,0,1
0.01,962,0.00748925982,0.00720503088,0.00010306343,12,0,1
0.01,963,0.00749927247,0.00721342163,0.000103208527,12,0,1
0.01,964,0.00750920363,0.0072218217,0.000103353312,12,0,1
0.01,965,0.00751920929,0.00723021617,0.000103500082,12,0,1
0.01,966,0.00752915815,0.0072386167,0.000103645565,12,0,1
0.01,967,0.0075391233,0.00724702002,0.000103791768,12,0,1
0.01,968,0.0075490945,0.00725542335,0.000103938903,12,0,1
0.01,969,0.00755910389,0.00726382528,0.000104083578,12,0,1
0.01,970,0.00756906532,0.00727223558,0.000104230981,12,0,1
0.01,971,0.00757897412,0.00728065008,0.000104376013,12,0,1
0.01,972,0.00758895651,0.00728906132,0.000104521649,12,0,1
0.01,973,0.00759891141,0.00729747675,0.000104668958,12,0,1
0.01,974,0.00760886958,0.00730589451,0.000104814739,12,0,1
0.01,975,0.00761884265,0.00731431227,0.00010496223,12,0,1
0.01,976,0.007628805,0.00732273282,0.0001051086,12,0,1
0.01,977,0.00763877947,0.00733115617,0.000105255342,12,0,1
0.01,978,0.00764872227,0.00733958278,0.000105401268,12,0,1
0.01,979,0.00765864644,0.00734801218,0.000105549349,12,0,1
0.01,980,0.00766864326,0.00735644018,0.00010569577,12,0,1
0.01,981,0.00767851947,0.00736487703,0.000105842068,12,0,1
0.01,982,0.00768851908,0.0073733083,0.000105990795,12,0,1
0.01,983,0.00769846654,0.00738174608,0.000106136482,12,0,1
0.01,984,0.00770839164,0.00739018712,0.000106284853,12,0,1
0.01,985,0.00771835819,0.00739862537,0.000106431959,12,0,1
0.01,986,0.00772830052,0.00740706921,0.000106579711,12,0,1
0.01,987,0.00773822516,0.00741551584,0.000106726264,12,0,1
0.01,988,0.00774814701,0.00742396433,0.000106874577,12,0,1
0.01,989,0.00775812054,0.00743241282,0.000107021035,12,0,1
0.01,990,0.0077680368,0.00744086597,0.000107169952,12,0,1
0.01,991,0.00777803967,0.00744931493,0.00010731705,12,0,1
0.01,992,0.00778796105,0.0074577718,0.000107466731,12,0,1
0.01,993,0.00779790198,0.00746623101,0.00010761428,12,0,1
0.01,994,0.00780783733,0.00747469254,0.000107761975,12,0,1
0.01,995,0.00781776104,0.00748315733,0.000107909873,12,0,1
0.01,996,0.00782769453,0.00749162259,0.000108059721,12,0,1
0.01,997,0.00783761218,0.00750009017,0.000108207918,12,0,1
0.01,998,0.00784754194,0.00750855962,0.000108356071,12,0,1
0.01,999,0.00785750709,0.00751702813,0.000108505199,12,0,1
0.01,1000,0.007867462,0.00752549991,0.000108655004,12,0,1
0.01,1001,0.00787737966,0.00753397634,0.000108802429,12,0,1
0.01,1002,0.0078873029,0.00754245464,0.000108952547,12,0,1
0.01,1003,0.00789724197,0.0075509348,0.000109100722,12,0,1
0.01,1004,0.00790716708,0.00755941728,0.00010924993,12,0,1
0.01,1005,0.00791708659,0.00756790256,0.000109399618,12,0,1
0.01,1006,0.00792700239,0.0075763911,0.000109549073,12,0,1
0.01,1007,0.00793696195,0.00758487731,0.000109698143,12,0,1
0.01,1008,0.00794684608,0.00759337237,0.000109847497,12,0,1
0.01,1009,0.00795677677,0.0076018637,0.00010999669,12,0,1
0.01,1010,0.00796670094,0.00761036016,0.00011014683,12,0,1
0.01,1011,0.00797663443,0.00761885568,0.000110297457,12,0,1
0.01,1012,0.00798658375,0.007627354,0.000110446497,12,0,1
0.01,1013,0.00799652748,0.00763585418,0.000110596557,12,0,1
0.01,1014,0.00800642185,0.00764435856,0.000110745234,12,0,1
0.01,1015,0.0080163572,0.00765286479,0.000110896959,12,0,1
0.01,1016,0.00802628137,0.00766137382,0.000111046829,12,0,1
0.01,1017,0.00803618878,0.00766988378,0.000111196357,12,0,1
0.01,1018,0.00804609898,0.00767839979,0.00011134614,12,0,1
0.01,1019,0.00805601943,0.00768691348,0.000111497662,12,0,1
0.01,1020,0.00806593895,0.00769542996,0.000111648202,12,0,1
0.01,1021,0.00807585288,0.00770395016,0.000111798785,12,0,1
0.01,1022,0.00808578916,0.00771246944,0.000111949674,12,0,1
0.01,1023,0.00809570029,0.00772099337,0.000112102076,12,0,1
0.001,0,3.1518146e-05,0,0,23,0,1
0.001,1,4.30277723e-05,6.54402629e-06,8.14387136e-08,23,0,1
0.001,2,4.60651172e-05,1.30905128e-05,1.64234947e-07,23,0,1
0.001,3,5.75612139e-05,1.96375022e-05,2.44494458e-07,23,0,1
0.001,4,6.06182984e-05,2.61882524e-05,3.28685275e-07,23,0,1
0.001,5,7.21014512e-05,3.27382149e-05,4.07788121e-07,23,0,1
0.001,6,7.51786429e-05,3.92932234e-05,4.9335074e-07,23,0,1
0.001,7,8.66486153e-05,4.58461654e-05,5.71320356e-07,23,0,1
0.001,8,8.97460559e-05,5.24054267e-05,6.58231102e-07,23,0,1
0.001,9,9.70325054e-05,5.89642441e-05,7.40752e-07,23,0,1
0.001,10,0.000108460983,6.54951436e-05,8.057321e-07,23,0,1
0.001,11,0.000115740128,7.20546159e-05,8.86647058e-07,23,0,1
0.001,12,0.000123021033,7.86159217e-05,9.67624032e-07,23,0,1
0.001,13,0.000130303655,8.51790173e-05,1.04866422e-06,23,0,1
0.001,14,0.000133629015,9.17365178e-05,1.1243219e-06,23,0,1
0.001,15,0.000140785356,9.83551436e-05,1.23701705e-06,23,0,1
0.001,16,0.000148182502,0.000104870705,1.2859017e-06,23,0,1
0.001,17,0.000155462083,0.000111440546,1.36678011e-06,23,0,1
0.001,18,0.000162742595,0.000118012162,1.44771866e-06,23,0,1
0.001,19,0.000170025669,0.000124585626,1.52871871e-06,23,0,1
0.001,20,0.000177310169,0.000131160836,1.60977675e-06,23,0,1
0.001,21,0.000184596298,0.000137737952,1.69089799e-06,23,0,1
0.001,22,0.000191884305,0.000144316873,1.77207744e-06,23,0,1
0.001,23,0.000199173723,0.000150897555,1.85331783e-06,23,0,1
0.001,24,0.000206465047,0.000157480055,1.93461915e-06,23,0,1
0.001,25,0.000213758118,0.00016406439,2.01597982e-06,23,0,1
0.001,26,0.000221052818,0.000170650499,2.09740165e-06,23,0,1
0.001,27,0.000228349323,0.000177238515,2.17888328e-06,23,0,1
0.001,28,0.000235647894,0.000183828321,2.26042448e-06,23,0,1
0.001,29,0.000242947441,0.000190419858,2.34202844e-06,23,0,1
0.001,30,0.000250249286,0.000197013258,2.42369038e-06,23,0,1
0.001,31,0.000257552747,0.000203608506,2.50541484e-06,23,0,1
0.001,32,0.000264857925,0.000210205559,2.58719729e-06,23,0,1
0.001,33,0.0002721645,0.000216804459,2.66904522e-06,23,0,1
0.001,34,0.000279472704,0.000223405106,2.75094976e-06,23,0,1
0.001,35,0.000286783208,0.00023000763,2.83291456e-06,23,0,1
0.001,36,0.000294095255,0.000236611959,2.91494007e-06,23,0,1
0.001,37,0.00030140896,0.000243218092,2.99702833e-06,23,0,1
0.001,38,0.000308724528,0.000249826058,3.07917867e-06,23,0,1
0.001,39,0.0003160419,0.000256435858,3.16138767e-06,23,0,1
0.001,40,0.000323360466,0.000263047405,3.24365465e-06,23,0,1
0.001,41,0.000330680952,0.000269660843,3.32598324e-06,23,0,1
0.001,42,0.000338003243,0.000276276085,3.40838051e-06,23,0,1
0.001,43,0.000345327484,0.000282893132,3.49083007e-06,23,0,1
0.001,44,0.000352653384,0.000289512041,3.57334375e-06,23,0,1
0.001,45,0.000359980681,0.000296132814,3.65591541e-06,23,0,1
0.001,46,0.000367309869,0.000302755274,3.73855369e-06,23,0,1
0.001,47,0.000374640949,0.000309379626,3.82124244e-06,23,0,1
0.001,48,0.000381973514,0.00031600584,3.90400055e-06,23,0,1
0.001,49,0.000389307854,0.000322633772,3.98681823e-06,23,0,1
0.001,50,0.000396644289,0.000329263625,4.06969502e-06,23,0,1
0.001,51,0.000403981743,0.000335895311,4.15263685e-06,23,0,1
0.001,52,0.0004113217,0.000342528714,4.23563142e-06,23,0,1
0.001,53,0.000418662588,0.000349164038,4.31869967e-06,23,0,1
0.001,54,0.00042600598,0.000355801167,4.4018243e-06,23,0,1
0.001,55,0.000433350855,0.000362440041,4.48500396e-06,23,0,1
0.001,56,0.000440696807,0.000369080808,4.56824728e-06,23,0,1
0.001,57,0.00044804535,0.000375723408,4.65155517e-06,23,0,1
0.001,58,0.000452662178,0.000382370723,4.75096294e-06,23,0,1
0.001,59,0.000460009614,0.000389017048,4.83467966e-06,23,0,1
0.001,60,0.000467359205,0.000395665178,4.91844639e-06,23,0,1
0.001,61,0.000474711327,0.000402315141,5.00228498e-06,23,0,1
0.001,62,0.000482063537,0.000408966909,5.08618632e-06,23,0,1
0.001,63,0.000489418744,0.00041562054,5.17014405e-06,23,0,1
0.001,64,0.000496774272,0.000422275974,5.25416635e-06,23,0,1
0.001,65,0.000504132884,0.000428933301,5.33825096e-06,23,0,1
0.001,66,0.00051149237,0.000435592316,5.42238831e-06,23,0,1
0.001,67,0.000518853369,0.00044225328,5.50660252e-06,23,0,1
0.001,68,0.000526217103,0.00044891602,5.59086493e-06,23,0,1
0.001,69,0.000533582177,0.000455580681,5.67519464e-06,23,0,1
0.001,70,0.000540948939,0.000462247088,5.75958711e-06,23,0,1
0.001,71,0.000548316923,0.000468915212,5.84404188e-06,23,0,1
0.001,72,0.000485185417,0.000475674809,5.69106032e-06,22,0,1
0.001,73,0.000492610503,0.00048234791,5.7722873e-06,22,0,1
0.001,74,0.000500036753,0.000489022816,5.85360067e-06,22,0,1
0.001,75,0.000507466379,0.000495699525,5.93496134e-06,22,0,1
0.001,76,0.000514895772,0.000502378098,6.01643842e-06,22,0,1
0.001,77,0.000522327609,0.000509058591,6.09773815e-06,22,0,1
0.001,78,0.000529763289,0.00051574083,6.17915794e-06,22,0,1
0.001,79,0.000537198037,0.000522424874,6.26086785e-06,22,0,1
0.001,80,0.00054463488,0.000529110897,6.34245134e-06,22,0,1
0.001,81,0.000552074402,0.00053579855,6.42420127e-06,22,0,1
0.001,82,0.000559514388,0.000542488182,6.5060658e-06,22,0,1
0.001,83,0.000566957518,0.00054917956,6.58787394e-06,22,0,1
0.001,84,0.000574400765,0.000555872743,6.66954111e-06,22,0,1
0.001,85,0.000581846223,0.00056256773,6.75160118e-06,22,0,1
0.001,86,0.000589295407,0.000569264754,6.83362123e-06,22,0,1
0.001,87,0.000596744008,0.000575963466,6.91569585e-06,22,0,1
0.001,88,0.000604194705,0.000582664157,6.99777956e-06,22,0,1
0.001,89,0.000611648662,0.000589366478,7.08001244e-06,22,0,1
0.001,90,0.000619102153,0.000596070779,7.16222348e-06,22,0,1
0.001,91,0.000626560184,0.000602776825,7.2444418e-06,22,0,1
0.001,92,0.000634016702,0.000609484618,7.32695116e-06,22,0,1
0.001,93,0.000641476945,0.000616194331,7.40942323e-06,22,0,1
0.001,94,0.000648938352,0.000622906024,7.49179162e-06,22,0,1
0.001,95,0.000656401971,0.000629619462,7.57422549e-06,22,0,1
0.001,96,0.000663865358,0.000636334647,7.65697223e-06,22,0,1
0.001,97,0.000671333284,0.000643051811,7.73952524e-06,22,0,1
0.001,98,0.000678800396,0.000649770722,7.82246116e-06,22,0,1
0.001,99,0.000686270767,0.000656491495,7.90505965e-06,22,0,1
0.001,100,0.000693744281,0.000663214014,7.98809106e-06,22,0,1
0.001,101,0.000701216748,0.000669938396,8.07102151e-06,22,0,1
0.001,102,0.000708693755,0.000676664757,8.15394014e-06,22,0,1
0.001,103,0.000716169481,0.00068339298,8.23694336e-06,22,0,1
0.001,104,0.000723648234,0.000690122717,8.32000387e-06,22,0,1
0.001,105,0.000731129199,0.000696854549,8.40305711e-06,22,0,1
0.001,106,0.000738610863,0.000703588128,8.48631862e-06,22,0,1
0.001,107,0.000746094272,0.000710323686,8.56964471e-06,22,0,1
0.001,108,0.000753581175,0.00071706099,8.65288439e-06,22,0,1
0.001,109,0.000761069125,0.000723799982,8.73630779e-06,22,0,1
0.001,110,0.000768556842,0.000730541069,8.81992128e-06,22,0,1
0.001,111,0.000776049681,0.000737283961,8.90349565e-06,22,0,1
0.001,112,0.000783541123,0.000744028657,8.98688086e-06,22,0,1
0.001,113,0.000791036757,0.000750774925,9.07055619e-06,22,0,1
0.001,114,0.000798532157,0.000757523347,9.1541342e-06,22,0,1
0.001,115,0.000806030468,0.000764273573,9.23798325e-06,22,0,1
0.001,116,0.00081352971,0.00077102572,9.32193416e-06,22,0,1
0.001,117,0.000821031746,0.000777779613,9.40559039e-06,22,0,1
0.001,118,0.000828533433,0.000784535136,9.48964043e-06,22,0,1
0.001,119,0.000836039777,0.000791292987,9.57356951e-06,22,0,1
0.001,120,0.000843546703,0.00079805241,9.65791878e-06,22,0,1
0.001,121,0.000851054792,0.000804813404,9.74195245e-06,22,0,1
0.001,122,0.000858565094,0.000811576436,9.82602523e-06,22,0,1
0.001,123,0.000866076211,0.000818341563,9.91048182e-06,22,0,1
0.001,124,0.00087359082,0.000825108262,9.99458553e-06,22,0,1
0.001,125,0.000881104963,0.000831876823,1.00791367e-05,22,0,1
0.001,126,0.0008886219,0.00083864748,1.01634378e-05,22,0,1
0.001,127,0.000896141632,0.000845419592,1.02479562e-05,22,0,1
0.001,128,0.000903661479,0.000852193916,1.03324464e-05,22,0,1
0.001,129,0.000911182957,0.000858969754,1.04171395e-05,22,0,1
0.001,130,0.00091870816,0.000865747686,1.05017461e-05,22,0,1
0.001,131,0.00092623441,0.000872527249,1.05864565e-05,22,0,1
0.001,132,0.000933762174,0.000879309024,1.06713214e-05,22,0,1
0.001,133,0.000941291219,0.000886092312,1.07563046e-05,22,0,1
0.001,134,0.000948821427,0.000892877462,1.08411459e-05,22,0,1
0.001,135,0.000956355827,0.00089966465,1.09262346e-05,22,0,1
0.001,136,0.000963888713,0.000906453468,1.10112287e-05,22,0,1
0.001,137,0.000971425441,0.000913244439,1.1096361e-05,22,0,1
0.001,138,0.00097896345,0.00092003704,1.11814661e-05,22,0,1
0.001,139,0.000986503437,0.000926831446,1.12669022e-05,22,0,1
0.001,140,0.000994044938,0.000933627947,1.13520655e-05,22,0,1
0.001,141,0.00100158807,0.00094042602,1.14373706e-05,22,0,1
0.001,142,0.00100913306,0.00094722613,1.15228377e-05,22,0,1
0.001,143,0.00101667992,0.00095402787,1.16082811e-05,22,0,1
0.001,144,0.00102422852,0.000960831763,1.16937717e-05,22,0,1
0.001,145,0.00103177794,0.000967637228,1.17794461e-05,22,0,1
0.001,146,0.00103933085,0.000974444614,1.18651296e-05,22,0,1
0.001,147,0.00104688341,0.000981253805,1.19507786e-05,22,0,1
0.001,148,0.00105443993,0.000988065265,1.20366458e-05,22,0,1
0.001,149,0.00106199621,0.00099487789,1.21226331e-05,22,0,1
0.001,150,0.00106955599,0.00100169284,1.22084966e-05,22,0,1
0.001,151,0.00107711647,0.00100850966,1.22943893e-05,22,0,1
0.001,152,0.00108467904,0.00101532787,1.23804002e-05,22,0,1
0.001,153,0.00109224394,0.00102214841,1.24664184e-05,22,0,1
0.001,154,0.00109980989,0.00102897082,1.25526913e-05,22,0,1
0.001,155,0.00110737758,0.00103579485,1.26391569e-05,22,0,1
0.001,156,0.00111494621,0.00104262074,1.27252752e-05,22,0,1
0.001,157,0.00112251798,0.0010494485,1.28117699e-05,22,0,1
0.001,158,0.00113009033,0.00105627824,1.28980082e-05,22,0,1
0.001,159,0.0011376664,0.00106310984,1.2984583e-05,22,0,1
0.001,160,0.00114524143,0.00106994319,1.30711014e-05,22,0,1
0.001,161,0.00115281995,0.0010767784,1.31575925e-05,22,0,1
0.001,162,0.0011604001,0.00108361559,1.32441637e-05,22,0,1
0.001,163,0.001167982,0.0010904544,1.33310623e-05,22,0,1
0.001,164,0.00117556623,0.0010972952,1.34177408e-05,22,0,1
0.001,165,0.00118315173,0.00110413821,1.35048012e-05,22,0,1
0.001,166,0.00119073875,0.00111098262,1.35915598e-05,22,0,1
0.001,167,0.00119832577,0.00111782865,1.36786639e-05,22,0,1
0.001,168,0.00120591803,0.0011246769,1.37655479e-05,22,0,1
0.001,169,0.00121350901,0.00113152713,1.38527994e-05,22,0,1
0.001,170,0.00122110441,0.0011383791,1.39399526e-05,22,0,1
0.001,171,0.00122869888,0.00114523293,1.40269713e-05,22,0,1
0.001,172,0.00123629649,0.00115208863,1.41142718e-05,22,0,1
0.001,173,0.00124389562,0.00115894608,1.42016615e-05,22,0,1
0.001,174,0.00125149742,0.00116580562,1.42891131e-05,22,0,1
0.001,175,0.00125909981,0.00117266667,1.43766738e-05,22,0,1
0.001,176,0.00126670452,0.00117952982,1.44642618e-05,22,0,1
0.001,177,0.0012743111,0.00118639471,1.45517934e-05,22,0,1
0.001,178,0.00128191931,0.00119326171,1.46393922e-05,22,0,1
0.001,179,0.00128952845,0.00120013021,1.47270166e-05,22,0,1
0.001,180,0.00129713991,0.00120700093,1.48149174e-05,22,0,1
0.001,181,0.00130475429,0.0012138735,1.49027564e-05,22,0,1
0.001,182,0.0013123675,0.0012207476,1.49907482e-05,22,0,1
0.001,183,0.00131998514,0.00122762378,1.50786855e-05,22,0,1
0.001,184,0.00132760394,0.00123450172,1.51668137e-05,22,0,1
0.001,185,0.00133522449,0.00124138151,1.52549055e-05,22,0,1
0.001,186,0.00134284631,0.00124826306,1.53430974e-05,22,0,1
0.001,187,0.00135047047,0.00125514693,1.54311874e-05,22,0,1
0.001,188,0.00135809497,0.00126203184,1.5519312e-05,22,0,1
0.001,189,0.00136572297,0.00126892002,1.56077895e-05,22,0,1
0.001,190,0.00137335237,0.00127580878,1.56964052e-05,22,0,1
0.001,191,0.00138098223,0.00128269987,1.57847771e-05,22,0,1
0.001,192,0.00138861581,0.00128959259,1.58732892e-05,22,0,1
0.001,193,0.00139624893,0.00129648752,1.59619558e-05,22,0,1
0.001,194,0.0014038852,0.00130338408,1.60505988e-05,22,0,1
0.001,195,0.00141152309,0.00131028262,1.61394019e-05,22,0,1
0.001,196,0.00141916284,0.00131718314,1.6228063e-05,22,0,1
0.001,197,0.00142680574,0.00132408529,1.63170953e-05,22,0,1
0.001,198,0.00143444794,0.00133098953,1.64058911e-05,22,0,1
0.001,199,0.00144209294,0.0013378954,1.6494896e-05,22,0,1
0.001,200,0.00144973956,0.00134480337,1.65839792e-05,22,0,1
0.001,201,0.00145738781,0.00135171297,1.66729769e-05,22,0,1
0.001,202,0.00146503677,0.00135862431,1.67621838e-05,22,0,1
0.001,203,0.00147269038,0.00136553787,1.68514398e-05,22,0,1
0.001,204,0.00148034329,0.00137245317,1.69409086e-05,22,0,1
0.001,205,0.00148799829,0.00137937034,1.70302683e-05,22,0,1
0.001,206,0.00149565609,0.00138628925,1.71195898e-05,22,0,1
0.001,207,0.00150331529,0.00139321049,1.72090531e-05,22,0,1
0.001,208,0.00151097681,0.0014001329,1.7298642e-05,22,0,1
0.001,209,0.00151863904,0.00140705798,1.73882145e-05,22,0,1
0.001,210,0.00152630266,0.00141398411,1.7477958e-05,22,0,1
0.001,211,0.00153396884,0.00142091268,1.75677978e-05,22,0,1
0.001,212,0.00154163665,0.001427843,1.76574777e-05,22,0,1
0.001,213,0.00154930586,0.00143477519,1.77473994e-05,22,0,1
0.001,214,0.0015569781,0.001441709,1.78373848e-05,22,0,1
0.001,215,0.00156465033,0.00144864526,1.7927181e-05,22,0,1
0.001,216,0.00157232629,0.00145558291,1.8017301e-05,22,0,1
0.001,217,0.00158000225,0.00146252243,1.81075102e-05,22,0,1
0.001,218,0.00158768008,0.00146946404,1.81975229e-05,22,0,1
0.001,219,0.00159536209,0.00147640752,1.82877138e-05,22,0,1
0.001,220,0.00160304224,0.00148335251,1.83780921e-05,22,0,1
0.001,221,0.00161072635,0.00149029947,1.84684868e-05,22,0,1
0.001,222,0.00161841186,0.00149724865,1.85590889e-05,22,0,1
0.001,223,0.00162609899,0.00150419935,1.86494835e-05,22,0,1
0.001,224,0.00163378753,0.00151115237,1.87400838e-05,22,0,1
0.001,225,0.00164147932,0.00151810702,1.88307095e-05,22,0,1
0.001,226,0.00164917065,0.0015250633,1.89213297e-05,22,0,1
0.001,227,0.00165686617,0.00153202168,1.9012261e-05,22,0,1
0.001,228,0.00166456145,0.00153898215,1.91030758e-05,22,0,1
0.001,229,0.00167225953,0.00154594402,1.91939689e-05,22,0,1
0.001,230,0.00167996017,0.00155290798,1.92849602e-05,22,0,1
0.001,231,0.00168766081,0.00155987439,1.9375886e-05,22,0,1
0.001,232,0.00169536332,0.00156684162,1.94669992e-05,22,0,1
0.001,233,0.00170306838,0.00157381152,1.95582252e-05,22,0,1
0.001,234,0.00171077484,0.0015807827,1.9649382e-05,22,0,1
0.001,235,0.00171848293,0.00158775598,1.97406134e-05,22,0,1
0.001,236,0.00172619405,0.00159473158,1.98319685e-05,22,0,1
0.001,237,0.00173390517,0.00160170882,1.99235092e-05,22,0,1
0.001,238,0.00174161931,0.00160868757,2.00149407e-05,22,0,1
0.001,239,0.00174933416,0.00161566865,2.01063158e-05,22,0,1
0.001,240,0.00175705156,0.00162265159,2.01980129e-05,22,0,1
0.001,241,0.00176477223,0.00162963616,2.02897554e-05,22,0,1
0.001,242,0.00177249243,0.00163662271,2.03814252e-05,22,0,1
0.001,243,0.00178021449,0.001643611,2.04732478e-05,22,0,1
0.001,244,0.00178793841,0.00165060104,2.05649794e-05,22,0,1
0.001,245,0.00179566629,0.00165759365,2.06570094e-05,22,0,1
0.001,246,0.00180339464,0.001664588,2.07488647e-05,22,0,1
0.001,247,0.00181112508,0.00167158386,2.0840962e-05,22,0,1
0.001,248,0.00181885483,0.00167858158,2.09330374e-05,22,0,1
0.001,249,0.00182658993,0.00168558117,2.10253093e-05,22,0,1
0.001,250,0.00183432363,0.00169258285,2.11175029e-05,22,0,1
0.001,251,0.00184205989,0.00169958593,2.12097639e-05,22,0,1
0.001,252,0.00184980035,0.00170659181,2.13023832e-05,22,0,1
0.001,253,0.00185753941,0.00171359861,2.13945641e-05,22,0,1
0.001,254,0.00186528242,0.00172060798,2.14871579e-05,22,0,1
0.001,255,0.00187302544,0.00172761944,2.15796226e-05,22,0,1
0.001,256,0.00188077078,0.00173463207,2.16723529e-05,22,0,1
0.001,257,0.00188851822,0.00174164679,2.17650631e-05,22,0,1
0.001,258,0.00189626822,0.00174866361,2.18578334e-05,22,0,1
0.001,259,0.00190401706,0.00175568159,2.19506692e-05,22,0,1
0.001,260,0.00191177172,0.00176270236,2.20435068e-05,22,0,1
0.001,261,0.00191952544,0.00176972477,2.21365044e-05,22,0,1
0.001,262,0.00192728173,0.0017767488,2.22294075e-05,22,0,1
0.001,263,0.00193504081,0.0017837747,2.23223251e-05,22,0,1
0.001,264,0.00194279989,0.00179080293,2.24158175e-05,22,0,1
0.001,265,0.001950562,0.00179783255,2.25089971e-05,22,0,1
0.001,266,0.00195832504,0.00180486438,2.26022057e-05,22,0,1
0.001,267,0.00196609041,0.00181189831,2.26954289e-05,22,0,1
0.001,268,0.00197385717,0.00181893387,2.2788925e-05,22,0,1
0.001,269,0.0019816258,0.00182597106,2.28823847e-05,22,0,1
0.001,270,0.00198939606,0.00183301081,2.29759426e-05,22,0,1
0.001,271,0.00199716957,0.00184005185,2.30693804e-05,22,0,1
0.001,272,0.00200494262,0.00184709486,2.31630511e-05,22,0,1
0.001,273,0.00201271917,0.00185413973,2.32569e-05,22,0,1
0.001,274,0.00202049711,0.0018611867,2.33507235e-05,22,0,1
0.001,275,0.00202827575,0.00186823565,2.34446052e-05,22,0,1
0.001,276,0.00203605811,0.00187528622,2.35384541e-05,22,0,1
0.001,277,0.00204384001,0.00188233843,2.36325577e-05,22,0,1
0.001,278,0.002051624,0.00188939285,2.37265012e-05,22,0,1
0.001,279,0.00205941102,0.00189644936,2.38207685e-05,22,0,1
0.001,280,0.00206719968,0.00190350774,2.39148321e-05,22,0,1
0.001,281,0.00207498856,0.00191056775,2.40090812e-05,22,0,1
0.001,282,0.0020827821,0.0019176302,2.4103465e-05,22,0,1
0.001,283,0.00209057378,0.00192469335,2.4197765e-05,22,0,1
0.001,284,0.00209837104,0.00193175953,2.42921851e-05,22,0,1
0.001,285,0.00210616877,0.00193882734,2.43866634e-05,22,0,1
0.001,286,0.00211396627,0.00194589654,2.44812545e-05,22,0,1
0.001,287,0.00212176796,0.00195296807,2.45761112e-05,22,0,1
0.001,288,0.00212956988,0.0019600417,2.46706877e-05,22,0,1
0.001,289,0.0021373739,0.00196711672,2.47656244e-05,22,0,1
0.001,290,0.00214518094,0.00197419431,2.48602955e-05,22,0,1
0.001,291,0.00215298845,0.00198127283,2.49552068e-05,22,0,1
0.001,292,0.00216079736,0.00198835367,2.50500707e-05,22,0,1
0.001,293,0.00216860953,0.00199543661,2.51453384e-05,22,0,1
0.001,294,0.00217642239,0.00200252142,2.5240297e-05,22,0,1
0.001,295,0.00218423852,0.00200960832,2.53355647e-05,22,0,1
0.001,296,0.00219205511,0.00201669661,2.54307924e-05,22,0,1
0.001,297,0.00219987333,0.00202378724,2.55260748e-05,22,0,1
0.001,298,0.00220769411,0.00203087949,2.56215244e-05,22,0,1
0.001,299,0.00221551606,0.00203797361,2.5717025e-05,22,0,1
0.001,300,0.0022233394,0.00204506959,2.5812391e-05,22,0,1
0.001,301,0.00223116507,0.00205216766,2.59078879e-05,22,0,1
0.001,302,0.00223899283,0.0020592676,2.60035267e-05,22,0,1
0.001,303,0.00224682223,0.00206636963,2.6099231e-05,22,0,1
0.001,304,0.00225465349,0.0020734733,2.61950299e-05,22,0,1
0.001,305,0.00226248568,0.00208057906,2.62906797e-05,22,0,1
0.001,306,0.00227032159,0.00208768621,2.63868278e-05,22,0,1
0.001,307,0.00227815798,0.00209479593,2.64828559e-05,22,0,1
0.001,308,0.00228599529,0.00210190704,2.65785347e-05,22,0,1
0.001,309,0.00229383609,0.00210902025,2.66747484e-05,22,0,1
0.001,310,0.00230167713,0.00211613532,2.67709765e-05,22,0,1
0.001,311,0.00230952096,0.00212325249,2.68671465e-05,22,0,1
0.001,312,0.00231736642,0.00213037152,2.69633929e-05,22,0,1
0.001,313,0.00232521421,0.00213749241,2.7059803e-05,22,0,1
0.001,314,0.00233306293,0.00214461517,2.7156264e-05,22,0,1
0.001,315,0.00234091352,0.00215173955,2.72527177e-05,22,0,1
0.001,316,0.00234876713,0.0021588665,2.73492224e-05,22,0,1
0.001,317,0.0023566212,0.00216599461,2.74458325e-05,22,0,1
0.001,318,0.00236447691,0.00217312481,2.75425264e-05,22,0,1
0.001,319,0.00237233331,0.00218025688,2.76392457e-05,22,0,1
0.001,320,0.00238019484,0.00218739081,2.77362124e-05,22,0,1
0.001,321,0.00238805544,0.00219452754,2.78329571e-05,22,0,1
0.001,322,0.00239591976,0.00220166496,2.79299893e-05,22,0,1
0.001,323,0.00247062137,0.00220845989,2.88144929e-05,23,0,1
0.001,324,0.00241165143,0.00221594702,2.81242064e-05,22,0,1
0.001,325,0.00241952017,0.00222309097,2.82211186e-05,22,0,1
0.001,326,0.00242739054,0.00223023607,2.8318449e-05,22,0,1
0.001,327,0.00243526278,0.00223738374,2.8415634e-05,22,0,1
0.001,328,0.00244313711,0.00224453304,2.85130518e-05,22,0,1
0.001,329,0.0025176052,0.00225133239,2.94133843e-05,23,0,1
0.001,330,0.00252544228,0.00225848425,2.95134432e-05,23,0,1
0.001,331,0.00253328122,0.00226563844,2.96135549e-05,23,0,1
0.001,332,0.00254112179,0.00227279449,2.97137012e-05,23,0,1
0.001,333,0.00254896446,0.00227995263,2.98139457e-05,23,0,1
0.001,334,0.00255680853,0.00228711218,2.99142666e-05,23,0,1
0.001,335,0.00256465445,0.00229427358,3.00146712e-05,23,0,1
0.001,336,0.00257250271,0.00230143755,3.0115134e-05,23,0,1
0.001,337,0.00258035283,0.00230860361,3.02156586e-05,23,0,1
0.001,338,0.00258820388,0.0023157706,3.0316216e-05,23,0,1
0.001,339,0.00259605679,0.00232293969,3.04168825e-05,23,0,1
0.001,340,0.00260391203,0.00233011111,3.05176036e-05,23,0,1
0.001,341,0.0026117689,0.00233728439,3.06184083e-05,23,0,1
0.001,342,0.00261962786,0.0023444593,3.07192531e-05,23,0,1
0.001,343,0.00262748823,0.00235163653,3.08201707e-05,23,0,1
0.001,344,0.00263535045,0.00235881517,3.09211537e-05,23,0,1
0.001,345,0.002643215,0.00236599636,3.10222349e-05,23,0,1
0.001,346,0.00265108026,0.00237317849,3.11233562e-05,23,0,1
0.001,347,0.00265894807,0.00238036341,3.12245575e-05,23,0,1
0.001,348,0.00266681751,0.00238754996,3.13258024e-05,23,0,1
0.001,349,0.00267468905,0.00239473814,3.14271638e-05,23,0,1
0.001,350,0.00268256222,0.00240192888,3.15285652e-05,23,0,1
0.001,351,0.00269043678,0.00240912102,3.16300357e-05,23,0,1
0.001,352,0.00269831391,0.00241631526,3.17315644e-05,23,0,1
0.001,353,0.0027061922,0.00242351135,3.18331622e-05,23,0,1
0.001,354,0.00271407259,0.00243070931,3.19348292e-05,23,0,1
0.001,355,0.0027219539,0.0024379089,3.20365871e-05,23,0,1
0.001,356,0.00272983918,0.00244511152,3.21383923e-05,23,0,1
0.001,357,0.00273772469,0.0024523153,3.22402702e-05,23,0,1
0.001,358,0.00274561159,0.00245952047,3.23421991e-05,23,0,1
0.001,359,0.00275350059,0.00246672775,3.24442335e-05,23,0,1
0.001,360,0.00276139169,0.00247393735,3.25463043e-05,23,0,1
0.001,361,0.00276928511,0.00248114904,3.2648466e-05,23,0,1
0.001,362,0.00277718017,0.0024883626,3.27506932e-05,23,0,1
0.001,363,0.00278507685,0.00249557802,3.28529786e-05,23,0,1
0.001,364,0.00279297493,0.00250279508,3.29553186e-05,23,0,1
0.001,365,0.00280087488,0.00251001376,3.30577532e-05,23,0,1
0.001,366,0.00280877645,0.00251723453,3.31602641e-05,23,0,1
0.001,367,0.00281668082,0.00252445787,3.32628151e-05,23,0,1
0.001,368,0.00282458658,0.00253168307,3.33654316e-05,23,0,1
0.001,369,0.00283249351,0.0025389092,3.34681281e-05,23,0,1
0.001,370,0.00284040277,0.0025461379,3.35709119e-05,23,0,1
0.001,371,0.00284831412,0.00255336915,3.36737357e-05,23,0,1
0.001,372,0.0028562271,0.00256060157,3.37766469e-05,23,0,1
0.001,373,0.00286414148,0.00256783585,3.38796053e-05,23,0,1
0.001,374,0.00287205889,0.00257507293,3.39826729e-05,23,0,1
0.001,375,0.00287997629,0.0025823107,3.40857659e-05,23,0,1
0.001,376,0.00288789603,0.00258955033,3.41889463e-05,23,0,1
0.001,377,0.00289581856,0.00259679323,3.42922067e-05,23,0,1
0.001,378,0.00290374178,0.00260403682,3.43955071e-05,23,0,1
0.001,379,0.00291166734,0.00261128298,3.44988803e-05,23,0,1
0.001,380,0.00291959499,0.002618531,3.46023444e-05,23,0,1
0.001,381,0.0029275238,0.00262578065,3.4705874e-05,23,0,1
0.001,382,0.00293545541,0.00263303285,3.48094691e-05,23,0,1
0.001,383,0.00294338795,0.00264028623,3.49131151e-05,23,0,1
0.001,384,0.00295132212,0.00264754193,3.50168448e-05,23,0,1
0.001,385,0.00295925932,0.00265480019,3.51206545e-05,23,0,1
0.001,386,0.00296719768,0.00266205962,3.52245406e-05,23,0,1
0.001,387,0.00297513697,0.00266932021,3.5328485e-05,23,0,1
0.001,388,0.00298307883,0.00267658383,3.54324766e-05,23,0,1
0.001,389,0.00299102301,0.00268384907,3.55365337e-05,23,0,1
0.001,390,0.00299896812,0.00269111618,3.5640689e-05,23,0,1
0.001,391,0.00300691556,0.00269838539,3.57448844e-05,23,0,1
0.001,392,0.0030148644,0.00270565622,3.58491743e-05,23,0,1
0.001,393,0.0030228158,0.00271292916,3.59535188e-05,23,0,1
0.001,394,0.00303076766,0.00272020372,3.60579143e-05,23,0,1
0.001,395,0.00303872232,0.00272748084,3.61624334e-05,23,0,1
0.001,396,0.00304667931,0.00273475982,3.62670035e-05,23,0,1
0.001,397,0.00305463676,0.00274203997,3.63716244e-05,23,0,1
0.001,398,0.00306259748,0.00274932315,3.64763291e-05,23,0,1
0.001,399,0.00307055912,0.00275660772,3.65811211e-05,23,0,1
0.001,400,0.00307852263,0.00276389392,3.66859313e-05,23,0,1
0.001,401,0.00308648753,0.00277118199,3.67908506e-05,23,0,1
0.001,402,0.00309445569,0.00277847284,3.68958099e-05,23,0,1
0.001,403,0.00310242479,0.0027857651,3.70008711e-05,23,0,1
0.001,404,0.00311039481,0.00279305875,3.71059796e-05,23,0,1
0.001,405,0.00311836787,0.00280035497,3.72111281e-05,23,0,1
0.001,406,0.00312634208,0.00280765304,3.73164148e-05,23,0,1
0.001,407,0.00313431839,0.00281495298,3.74217307e-05,23,0,1
0.001,408,0.00314229657,0.00282225478,3.75271193e-05,23,0,1
0.001,409,0.00315027661,0.00282955868,3.76325952e-05,23,0,1
0.001,410,0.00315825758,0.00283686398,3.77381293e-05,23,0,1
0.001,411,0.0031662425,0.0028441723,3.78437289e-05,23,0,1
0.001,412,0.0031742272,0.00285148132,3.79493758e-05,23,0,1
0.001,413,0.00318221538,0.0028587936,3.8055161e-05,23,0,1
0.001,414,0.00319020427,0.00286610681,3.81609643e-05,23,0,1
0.001,415,0.00319819525,0.00287342258,3.82668368e-05,23,0,1
0.001,416,0.00320618856,0.00288074045,3.8372782e-05,23,0,1
0.001,417,0.00321418233,0.00288805901,3.84788036e-05,23,0,1
0.001,418,0.0032221789,0.00289538037,3.85849125e-05,23,0,1
0.001,419,0.00323017687,0.00290270336,3.86910397e-05,23,0,1
0.001,420,0.00323817786,0.00291002914,3.87972832e-05,23,0,1
0.001,421,0.00324617908,0.00291735609,3.89036031e-05,23,0,1
0.001,422,0.00325418264,0.00292468467,3.90099485e-05,23,0,1
0.001,423,0.00326218852,0.00293201581,3.91164176e-05,23,0,1
0.001,424,0.00327019603,0.00293934857,3.92229194e-05,23,0,1
0.001,425,0.00327820471,0.00294668321,3.93294904e-05,23,0,1
0.001,426,0.00328621478,0.00295401947,3.94361596e-05,23,0,1
0.001,427,0.00329422858,0.00296135875,3.95428651e-05,23,0,1
0.001,428,0.00330224214,0.00296869874,3.96496544e-05,23,0,1
0.001,429,0.00331025897,0.00297604129,3.97565127e-05,23,0,1
0.001,430,0.00331827765,0.0029833864,3.98634656e-05,23,0,1
0.001,431,0.00332629727,0.00299073244,3.9970455e-05,23,0,1
0.001,432,0.00333431945,0.00299808057,4.0077528e-05,23,0,1
0.001,433,0.0033423428,0.0030054308,4.01846519e-05,23,0,1
0.001,434,0.00335036893,0.00301278383,4.02918995e-05,23,0,1
0.001,435,0.003358396,0.00302013755,4.03991653e-05,23,0,1
0.001,436,0.00336642563,0.00302749407,4.05065148e-05,23,0,1
0.001,437,0.00337445643,0.00303485198,4.06139443e-05,23,0,1
0.001,438,0.00338248932,0.00304221199,4.07214102e-05,23,0,1
0.001,439,0.00339052454,0.00304957433,4.08290216e-05,23,0,1
0.001,440,0.00339856069,0.00305693783,4.09366403e-05,23,0,1
0.001,441,0.00340659777,0.00306430249,4.10443608e-05,23,0,1
0.001,442,0.00341463881,0.00307167112,4.11521178e-05,23,0,1
0.001,443,0.00342268124,0.00307904114,4.12599693e-05,23,0,1
0.001,444,0.00343072531,0.00308641302,4.13678863e-05,23,0,1
0.001,445,0.00343877007,0.00309378607,4.14758906e-05,23,0,1
0.001,446,0.00344681717,0.00310116098,4.15839349e-05,23,0,1
0.001,447,0.00345486612,0.00310853845,4.16920775e-05,23,0,1
0.001,448,0.00346291834,0.00311591849,4.18002819e-05,23,0,1
0.001,449,0.00347097171,0.00312330015,4.19085409e-05,23,0,1
0.001,450,0.00347902603,0.00313068344,4.20169126e-05,23,0,1
0.001,451,0.00348708266,0.00313806836,4.21252844e-05,23,0,1
0.001,452,0.0034951407,0.00314545562,4.22337835e-05,23,0,1
0.001,453,0.00350320153,0.00315284496,4.23423153e-05,23,0,1
0.001,454,0.00351126259,0.00316023547,4.24509417e-05,23,0,1
0.001,455,0.00351932691,0.00316762878,4.25596736e-05,23,0,1
0.001,456,0.0035273924,0.00317502348,4.26684383e-05,23,0,1
0.001,457,0.00353546091,0.00318242097,4.27772611e-05,23,0,1
0.001,458,0.00354353013,0.0031898201,4.28862077e-05,23,0,1
0.001,459,0.00355160097,0.00319722015,4.29951724e-05,23,0,1
0.001,460,0.00355967507,0.00320462347,4.31042172e-05,23,0,1
0.001,461,0.00356774963,0.00321202818,4.32133529e-05,23,0,1
0.001,462,0.00357582676,0.00321943499,4.3322525e-05,23,0,1
0.001,463,0.00358390505,0.00322684366,4.34318063e-05,23,0,1
0.001,464,0.00359198498,0.00323425373,4.35411239e-05,23,0,1
0.001,465,0.00360006816,0.00324166706,4.36505288e-05,23,0,1
0.001,466,0.0036081518,0.00324908108,4.37600174e-05,23,0,1
0.001,467,0.00361623825,0.0032564979,4.38695934e-05,23,0,1
0.001,468,0.00362432539,0.00326391589,4.39792129e-05,23,0,1
0.001,469,0.00363241532,0.00327133643,4.40888871e-05,23,0,1
0.001,470,0.00364050642,0.00327875814,4.41986558e-05,23,0,1
0.001,471,0.00364860008,0.00328618265,4.43085191e-05,23,0,1
0.001,472,0.00365669467,0.00329360878,4.44183715e-05,23,0,1
0.001,473,0.00366479228,0.00330103701,4.45283658e-05,23,0,1
0.001,474,0.0036728906,0.0033084671,4.46384511e-05,23,0,1
0.001,475,0.00368099147,0.00331589929,4.47485691e-05,23,0,1
0.001,476,0.00368909421,0.00332333357,4.48587489e-05,23,0,1
0.001,477,0.00369719812,0.00333076902,4.49689978e-05,23,0,1
0.001,478,0.00370530388,0.00333820656,4.50793486e-05,23,0,1
0.001,479,0.00371341244,0.0033456469,4.51897831e-05,23,0,1
0.001,480,0.00372152217,0.00335308909,4.53002722e-05,23,0,1
0.001,481,0.00372963422,0.00336053269,4.54108231e-05,23,0,1
0.001,482,0.0037377479,0.00336797861,4.55214395e-05,23,0,1
0.001,483,0.00374586228,0.0033754257,4.56321031e-05,23,0,1
0.001,484,0.00375398016,0.00338287605,4.57428832e-05,23,0,1
0.001,485,0.00376209896,0.0033903271,4.58537434e-05,23,0,1
0.001,486,0.00377022009,0.0033977814,4.59646362e-05,23,0,1
0.001,487,0.00377834216,0.00340523617,4.60756346e-05,23,0,1
0.001,488,0.00378646632,0.00341269327,4.61866694e-05,23,0,1
0.001,489,0.00379459234,0.00342015247,4.62978096e-05,23,0,1
0.001,490,0.00380272116,0.00342761446,4.64090081e-05,23,0,1
0.001,491,0.00381085137,0.00343507808,4.65202756e-05,23,0,1
0.001,492,0.00381898205,0.00344254239,4.66316269e-05,23,0,1
0.001,493,0.00382711692,0.0034500102,4.67430327e-05,23,0,1
0.001,494,0.00383525249,0.00345747964,4.68545259e-05,23,0,1
0.001,495,0.00384338992,0.00346495071,4.69660808e-05,23,0,1
0.001,496,0.00385152875,0.00347242365,4.7077745e-05,23,0,1
0.001,497,0.00385967083,0.00347989937,4.71894455e-05,23,0,1
0.001,498,0.00386781315,0.00348737603,4.73011896e-05,23,0,1
0.001,499,0.00387595803,0.00349485502,4.74130611e-05,23,0,1
0.001,500,0.00388410501,0.0035023361,4.75249908e-05,23,0,1
0.001,501,0.00389225385,0.00350981951,4.76369896e-05,23,0,1
0.001,502,0.00390040246,0.00351730315,4.77490248e-05,23,0,1
0.001,503,0.00390855549,0.00352479052,4.78611619e-05,23,0,1
0.001,504,0.00391670968,0.00353227975,4.79733935e-05,23,0,1
0.001,505,0.00392486621,0.00353977107,4.80856834e-05,23,0,1
0.001,506,0.0039330232,0.0035472631,4.8198006e-05,23,0,1
0.001,507,0.00394118298,0.00355475815,4.83104595e-05,23,0,1
0.001,508,0.00394934323,0.0035622539,4.84229204e-05,23,0,1
0.001,509,0.00395750767,0.00356975337,4.85355631e-05,23,0,1
0.001,510,0.00396567257,0.00357725401,4.86481913e-05,23,0,1
0.001,511,0.00397383887,0.00358475652,4.87609177e-05,23,0,1
0.001,512,0.00398200704,0.00359225995,4.88736696e-05,23,0,1
0.001,513,0.003990178,0.00359976664,4.89865597e-05,23,0,1
0.001,514,0.00399835035,0.0036072752,4.9099468e-05,23,0,1
0.001,515,0.0040065241,0.00361478515,4.92124891e-05,23,0,1
0.001,516,0.00401470065,0.00362229836,4.93255611e-05,23,0,1
0.001,517,0.00402287906,0.00362981251,4.94387205e-05,23,0,1
0.001,518,0.0040310584,0.00363732874,4.95519562e-05,23,0,1
0.001,519,0.004039241,0.00364484778,4.9665261e-05,23,0,1
0.001,520,0.00404742314,0.00365236681,4.97786023e-05,23,0,1
0.001,521,0.00405560946,0.00365989003,4.98920708e-05,23,0,1
0.001,522,0.00406379672,0.00366741442,5.00056049e-05,23,0,1
0.001,523,0.00407198537,0.00367493997,5.01192008e-05,23,0,1
0.001,524,0.00408017682,0.00368246878,5.0232873e-05,23,0,1
0.001,525,0.0040883692,0.0036899983,5.03465708e-05,23,0,1
0.001,526,0.00409656391,0.00369753037,5.04604141e-05,23,0,1
0.001,527,0.00410476001,0.00370506383,5.05742755e-05,23,0,1
0.001,528,0.00411295844,0.00371259986,5.06882207e-05,23,0,1
0.001,529,0.00412115874,0.00372013822,5.08022822e-05,23,0,1
0.001,530,0.0041293609,0.00372767844,5.09163765e-05,23,0,1
0.001,531,0.00413756492,0.00373522006,5.10305508e-05,23,0,1
0.001,532,0.0041457708,0.00374276447,5.11448197e-05,23,0,1
0.001,533,0.00415397761,0.00375030981,5.12591287e-05,23,0,1
0.001,534,0.00416218769,0.00375785795,5.13735431e-05,23,0,1
0.001,535,0.00417039776,0.00376540679,5.14879648e-05,23,0,1
0.001,536,0.00417861203,0.00377295958,5.16025721e-05,23,0,1
0.001,537,0.00418682629,0.0037805126,5.17171684e-05,23,0,1
0.001,538,0.00419504289,0.00378806842,5.18318266e-05,23,0,1
0.001,539,0.00420326134,0.00379562564,5.1946583e-05,23,0,1
0.001,540,0.00421148213,0.00380318565,5.20614558e-05,23,0,1
0.001,541,0.0042197057,0.00381074823,5.21763286e-05,23,0,1
0.001,542,0.00422792835,0.0038183108,5.22913033e-05,23,0,1
0.001,543,0.00423615519,0.00382587663,5.24064053e-05,23,0,1
0.001,544,0.00424438389,0.00383344502,5.25214928e-05,23,0,1
0.001,545,0.00425261213,0.00384101341,5.26366966e-05,23,0,1
0.001,546,0.00426084455,0.00384858553,5.27520424e-05,23,0,1
0.001,547,0.00426907837,0.00385615905,5.28673954e-05,23,0,1
0.001,548,0.00427731359,0.00386373443,5.29827594e-05,23,0,1
0.001,549,0.00428555021,0.00387131143,5.30983089e-05,23,0,1
0.001,550,0.00429379009,0.00387889147,5.3213862e-05,23,0,1
0.001,551,0.00430203089,0.0038864729,5.33294588e-05,23,0,1
0.001,552,0.00431027263,0.00389405526,5.34452411e-05,23,0,1
0.001,553,0.00431851856,0.00390164182,5.35610816e-05,23,0,1
0.001,554,0.00432676496,0.00390922884,5.36768785e-05,23,0,1
0.001,555,0.00433501275,0.00391681772,5.37928427e-05,23,0,1
0.001,556,0.00434326287,0.00392440893,5.3908836e-05,23,0,1
0.001,557,0.00435151439,0.00393200153,5.40249312e-05,23,0,1
0.001,558,0.0043597687,0.00393959694,5.41410882e-05,23,0,1
0.001,559,0.00436802581,0.0039471956,5.42573616e-05,23,0,1
0.001,560,0.00437628198,0.00395479426,5.43736824e-05,23,0,1
0.001,561,0.00438454188,0.00396239478,5.44900977e-05,23,0,1
0.001,562,0.00439280365,0.00396999903,5.46065348e-05,23,0,1
0.001,563,0.00440106727,0.00397760421,5.47230447e-05,23,0,1
0.001,564,0.00440933136,0.00398521032,5.48396456e-05,23,0,1
0.001,565,0.00441759871,0.00399282016,5.49563119e-05,23,0,1
0.001,566,0.00442586746,0.00400043093,5.50730911e-05,23,0,1
0.001,567,0.00443413761,0.00400804356,5.51899393e-05,23,0,1
0.001,568,0.00444240961,0.00401565852,5.5306813e-05,23,0,1
0.001,569,0.00445068441,0.0040232758,5.54238359e-05,23,0,1
0.001,570,0.00445896108,0.00403089495,5.55408988e-05,23,0,1
0.001,571,0.00446724007,0.0040385169,5.56580198e-05,23,0,1
0.001,572,0.00447551953,0.00404613931,5.57752355e-05,23,0,1
0.001,573,0.00448380131,0.00405376451,5.58924876e-05,23,0,1
0.001,574,0.00449208496,0.00406139158,5.60098561e-05,23,0,1
0.001,575,0.00450037094,0.00406902004,5.61272645e-05,23,0,1
0.001,576,0.00450865831,0.0040766513,5.62447603e-05,23,0,1
0.001,577,0.00451694708,0.00408428395,5.63623544e-05,23,0,1
0.001,578,0.00452523772,0.00409191847,5.64799921e-05,23,0,1
0.001,579,0.00453353114,0.00409955578,5.65977352e-05,23,0,1
0.001,580,0.0045418255,0.00410719449,5.67155221e-05,23,0,1
0.001,581,0.00455012172,0.00411483459,5.68333817e-05,23,0,1
0.001,582,0.00455842074,0.00412247796,5.69513504e-05,23,0,1
0.001,583,0.00456672115,0.00413012272,5.70693628e-05,23,0,1
0.001,584,0.00457502436,0.00413776981,5.71874698e-05,23,0,1
0.001,585,0.0045833285,0.00414541876,5.73056459e-05,23,0,1
0.001,586,0.00459163403,0.00415306957,5.74239166e-05,23,0,1
0.001,587,0.00459994189,0.00416072225,5.75421946e-05,23,0,1
0.001,588,0.00460825162,0.00416837679,5.76605889e-05,23,0,1
0.001,589,0.00461656367,0.00417603366,5.77791179e-05,23,0,1
0.001,590,0.00462487619,0.00418369193,5.78976069e-05,23,0,1
0.001,591,0.00463319197,0.00419135299,5.80162741e-05,23,0,1
0.001,592,0.00464150961,0.00419901591,5.81349595e-05,23,0,1
0.001,593,0.00464982819,0.00420668023,5.82537323e-05,23,0,1
0.001,594,0.00465814956,0.00421434734,5.83725705e-05,23,0,1
0.001,595,0.00466647232,0.00422201585,5.84915178e-05,23,0,1
0.001,596,0.00467479695,0.00422968622,5.86104761e-05,23,0,1
0.001,597,0.00468312297,0.00423735846,5.87295654e-05,23,0,1
0.001,598,0.00469145179,0.00424503349,5.8848731e-05,23,0,1
0.001,599,0.004699782,0.00425271038,5.8967933e-05,23,0,1
0.001,600,0.00470811501,0.0042603896,5.90872623e-05,23,0,1
0.001,601,0.00471644849,0.00426806975,5.92066499e-05,23,0,1
0.001,602,0.00472478382,0.00427575223,5.93261029e-05,23,0,1
0.001,603,0.00473312195,0.00428343704,5.94456033e-05,23,0,1
0.001,604,0.00474146195,0.00429112418,5.95652236e-05,23,0,1
0.001,605,0.00474980334,0.00429881224,5.96848549e-05,23,0,1
0.001,606,0.00475814706,0.00430650311,5.98046463e-05,23,0,1
0.001,607,0.00476649217,0.00431419536,5.9924485e-05,23,0,1
0.001,608,0.00477483962,0.00432189042,6.00443527e-05,23,0,1
0.001,609,0.00478318753,0.0043295864,6.01643369e-05,23,0,1
0.001,610,0.0047915387,0.00433728518,6.02844157e-05,23,0,1
0.001,611,0.00479989126,0.00434498582,6.04044944e-05,23,0,1
0.001,612,0.00480824523,0.00435268739,6.05247078e-05,23,0,1
0.001,613,0.00481660292,0.00436039316,6.0645023e-05,23,0,1
0.001,614,0.00482496107,0.00436809938,6.0765331e-05,23,0,1
0.001,615,0.00483332062,0.00437580748,6.08857736e-05,23,0,1
0.001,616,0.00484168343,0.00438351883,6.1006318e-05,23,0,1
0.001,617,0.00485004717,0.00439123111,6.11268842e-05,23,0,1
0.001,618,0.00485841278,0.00439894572,6.12474978e-05,23,0,1
0.001,619,0.00486678118,0.00440666266,6.1368286e-05,23,0,1
0.001,620,0.00487515097,0.00441438099,6.14890814e-05,23,0,1
0.001,621,0.0048835217,0.00442210119,6.16099496e-05,23,0,1
0.001,622,0.00489189615,0.00442982465,6.17309706e-05,23,0,1
0.001,623,0.00490027154,0.00443754951,6.18519698e-05,23,0,1
0.001,624,0.00490864692,0.00444527483,6.19731145e-05,23,0,1
0.001,625,0.00491702743,0.00445300434,6.20943028e-05,23,0,1
0.001,626,0.0049254084,0.00446073525,6.2215564e-05,23,0,1
0.001,627,0.0049337903,0.00446846709,6.23369197e-05,23,0,1
0.001,628,0.004942175,0.00447620172,6.24583336e-05,23,0,1
0.001,629,0.00495056156,0.00448393822,6.25798275e-05,23,0,1
0.001,630,0.00495894952,0.00449167658,6.27014233e-05,23,0,1
0.001,631,0.00496734027,0.00449941726,6.28230337e-05,23,0,1
0.001,632,0.00497573195,0.00450715981,6.29447677e-05,23,0,1
0.001,633,0.00498412689,0.00451490516,6.30666036e-05,23,0,1
0.001,634,0.0049925223,0.00452265143,6.31884759e-05,23,0,1
0.001,635,0.00500092003,0.0045304005,6.33104137e-05,23,0,1
0.001,636,0.00500931963,0.0045381505,6.34324242e-05,23,0,1
0.001,637,0.00501772156,0.00454590376,6.35545584e-05,23,0,1
0.001,638,0.00502612395,0.00455365749,6.36767218e-05,23,0,1
0.001,639,0.00503452914,0.00456141448,6.37989942e-05,23,0,1
0.001,640,0.00504293712,0.00456917379,6.39213467e-05,23,0,1
0.001,641,0.0050513451,0.0045769331,6.40437283e-05,23,0,1
0.001,642,0.00505975634,0.00458469568,6.41661536e-05,23,0,1
0.001,643,0.00506816898,0.00459246058,6.42887899e-05,23,0,1
0.001,644,0.00507658394,0.00460022781,6.4411448e-05,23,0,1
0.001,645,0.00508499984,0.00460799597,6.45341133e-05,23,0,1
0.001,646,0.00509341899,0.00461576693,6.46569388e-05,23,0,1
0.001,647,0.00510184048,0.00462354021,6.47798588e-05,23,0,1
0.001,648,0.00511026196,0.00463131489,6.49027788e-05,23,0,1
0.001,649,0.00511868484,0.0046390905,6.50257862e-05,23,0,1
0.001,650,0.00512711052,0.00464686891,6.51488808e-05,23,0,1
0.001,651,0.00513553945,0.00465465058,6.52720773e-05,23,0,1
0.001,652,0.00514396932,0.00466243317,6.53953321e-05,23,0,1
0.001,653,0.00515240012,0.00467021763,6.55186304e-05,23,0,1
0.001,654,0.00516083324,0.00467800396,6.56420743e-05,23,0,1
0.001,655,0.00516926963,0.00468579354,6.57655473e-05,23,0,1
0.001,656,0.00517770695,0.00469358452,6.58891804e-05,23,0,1
0.001,657,0.00518614613,0.00470137736,6.60128135e-05,23,0,1
0.001,658,0.0051945853,0.0047091702,6.61364684e-05,23,0,1
0.001,659,0.00520302821,0.00471696723,6.62602542e-05,23,0,1
0.001,660,0.00521147391,0.00472476706,6.63841711e-05,23,0,1
0.001,661,0.005219921,0.00473256782,6.65081316e-05,23,0,1
0.001,662,0.00522837089,0.00474037183,6.66321866e-05,23,0,1
0.001,663,0.00523682032,0.00474817539,6.67562344e-05,23,0,1
0.001,664,0.00524527254,0.00475598313,6.68803768e-05,23,0,1
0.001,665,0.00525372662,0.00476379134,6.70047011e-05,23,0,1
0.001,666,0.00526218163,0.00477160141,6.71289818e-05,23,0,1
0.001,667,0.00527063943,0.00477941474,6.72533788e-05,23,0,1
0.001,668,0.00527909957,0.00478722993,6.73779432e-05,23,0,1
0.001,669,0.0052875625,0.00479504745,6.75024858e-05,23,0,1
0.001,670,0.00529602543,0.00480286591,6.76271593e-05,23,0,1
0.001,671,0.00530449161,0.00481068715,6.77518619e-05,23,0,1
0.001,672,0.00531295827,0.0048185098,6.7876681e-05,23,0,1
0.001,673,0.00532142771,0.00482633477,6.80015146e-05,23,0,1
0.001,674,0.00532989949,0.00483416207,6.81264573e-05,23,0,1
0.001,675,0.00533837313,0.0048419917,6.8251531e-05,23,0,1
0.001,676,0.0053468463,0.00484982086,6.8376612e-05,23,0,1
0.001,677,0.0053553246,0.00485765561,6.85018313e-05,23,0,1
0.001,678,0.00536380196,0.00486548943,6.86270942e-05,23,0,1
0.001,679,0.00537228258,0.00487332651,6.87524007e-05,23,0,1
0.001,680,0.00538076414,0.00488116499,6.88777873e-05,23,0,1
0.001,681,0.00538924988,0.00488900766,6.90033849e-05,23,0,1
0.001,682,0.00539773609,0.00489685033,6.91289242e-05,23,0,1
0.001,683,0.00540622417,0.00490469532,6.92545582e-05,23,0,1
0.001,684,0.00541471411,0.00491254218,6.93803086e-05,23,0,1
0.001,685,0.00542320497,0.0049203909,6.95061171e-05,23,0,1
0.001,686,0.00543170003,0.00492824335,6.9631933e-05,23,0,1
0.001,687,0.00544019649,0.00493609672,6.97579526e-05,23,0,1
0.001,688,0.00544869294,0.00494395103,6.98840158e-05,23,0,1
0.001,689,0.00545719359,0.00495180953,7.00101809e-05,23,0,1
0.001,690,0.00546569517,0.0049596685,7.01363169e-05,23,0,1
0.001,691,0.00547419814,0.00496752933,7.02625839e-05,23,0,1
0.001,692,0.00548270298,0.00497539295,7.03889891e-05,23,0,1
0.001,693,0.00549121015,0.00498325797,7.05153798e-05,23,0,1
0.001,694,0.00549971778,0.00499112438,7.06419087e-05,23,0,1
0.001,695,0.00550823053,0.00499899546,7.07684667e-05,23,0,1
0.001,696,0.00551674236,0.0050068656,7.08951557e-05,23,0,1
0.001,697,0.00552525837,0.0050147404,7.10219028e-05,23,0,1
0.001,698,0.00553377438,0.00502261519,7.11486937e-05,23,0,1
0.001,699,0.00554229133,0.00503049232,7.12756591e-05,23,0,1
0.001,700,0.005550812,0.00503837224,7.14026246e-05,23,0,1
0.001,701,0.00555933407,0.00504625356,7.15296774e-05,23,0,1
0.001,702,0.00556785846,0.0050541372,7.16567956e-05,23,0,1
0.001,703,0.00557638519,0.00506202318,7.17840448e-05,23,0,1
0.001,704,0.00558491424,0.00506991195,7.1911345e-05,23,0,1
0.001,705,0.00559344189,0.00507780025,7.20387179e-05,23,0,1
0.001,706,0.0056019742,0.00508569181,7.21661563e-05,23,0,1
0.001,707,0.00561050745,0.00509358523,7.22936456e-05,23,0,1
0.001,708,0.00561904348,0.00510148145,7.24212878e-05,23,0,1
0.001,709,0.00562758138,0.00510937953,7.25489954e-05,23,0,1
0.001,710,0.00563611928,0.00511727855,7.26767757e-05,23,0,1
0.001,711,0.00564466137,0.00512518082,7.28045561e-05,23,0,1
0.001,712,0.00565320486,0.00513308542,7.29325329e-05,23,0,1
0.001,713,0.00566174975,0.00514099048,7.30604952e-05,23,0,1
0.001,714,0.00567029649,0.00514889834,7.31885812e-05,23,0,1
0.001,715,0.0056788451,0.00515680853,7.33167399e-05,23,0,1
0.001,716,0.00568739697,0.00516472152,7.34450587e-05,23,0,1
0.001,717,0.00569594838,0.0051726345,7.35733338e-05,23,0,1
0.001,718,0.00570450304,0.00518055074,7.3701769e-05,23,0,1
0.001,719,0.00571305864,0.00518846791,7.3830226e-05,23,0,1
0.001,720,0.00572161842,0.00519638928,7.3958814e-05,23,0,1
0.001,721,0.00573017821,0.00520431111,7.40874675e-05,23,0,1
0.001,722,0.00573873986,0.0052122348,7.42161719e-05,23,0,1
0.001,723,0.00574730476,0.00522016175,7.43449345e-05,23,0,1
0.001,724,0.0057558706,0.0052280901,7.44737772e-05,23,0,1
0.001,725,0.00576443784,0.00523601985,7.46027217e-05,23,0,1
0.001,726,0.00577300694,0.00524395145,7.47317608e-05,23,0,1
0.001,727,0.00578157976,0.00525188725,7.48609018e-05,23,0,1
0.001,728,0.00579015352,0.00525982352,7.49900428e-05,23,0,1
0.001,729,0.00579872727,0.00526776072,7.51193584e-05,23,0,1
0.001,730,0.00580730475,0.00527570117,7.52487031e-05,23,0,1
0.001,731,0.0058158855,0.00528364489,7.5378106e-05,23,0,1
0.001,732,0.00582446624,0.00529158954,7.55076398e-05,23,0,1
0.001,733,0.0058330493,0.00529953558,7.56372028e-05,23,0,1
0.001,734,0.0058416333,0.00530748395,7.57668822e-05,23,0,1
0.001,735,0.0058502215,0.00531543512,7.58965762e-05,23,0,1
0.001,736,0.00585880969,0.00532338722,7.60264375e-05,23,0,1
0.001,737,0.00586740067,0.00533134211,7.61563351e-05,23,0,1
0.001,738,0.00587599259,0.00533929886,7.62863783e-05,23,0,1
0.001,739,0.00588458776,0.00534725795,7.64163851e-05,23,0,1
0.001,740,0.00589318341,0.00535521843,7.65465302e-05,23,0,1
0.001,741,0.00590178091,0.00536318077,7.66767844e-05,23,0,1
0.001,742,0.00591038307,0.00537114637,7.68070531e-05,23,0,1
0.001,743,0.0059189829,0.00537911244,7.69374456e-05,23,0,1
0.001,744,0.00592758739,0.0053870813,7.70678598e-05,23,0,1
0.001,745,0.00593619421,0.00539505295,7.71984487e-05,23,0,1
0.001,746,0.00594480149,0.00540302601,7.73290521e-05,23,0,1
0.001,747,0.00595341064,0.00541100046,7.74597793e-05,23,0,1
0.001,748,0.00596202305,0.0054189777,7.75905282e-05,23,0,1
0.001,749,0.00597063499,0.00542695588,7.77214082e-05,23,0,1
0.001,750,0.00597925158,0.00543493778,7.78523099e-05,23,0,1
0.001,751,0.00598786958,0.005442922,7.79833717e-05,23,0,1
0.001,752,0.0059964871,0.00545090577,7.8114499e-05,23,0,1
0.001,753,0.00600510975,0.00545889419,7.82456482e-05,23,0,1
0.001,754,0.0060137338,0.005466884,7.83769428e-05,23,0,1
0.001,755,0.00602235831,0.00547487568,7.85082957e-05,23,0,1
0.001,756,0.00603098422,0.00548286829,7.86396195e-05,23,0,1
0.001,757,0.00603961339,0.00549086416,7.8771176e-05,23,0,1
0.001,758,0.00604824303,0.0054988605,7.89027472e-05,23,0,1
0.001,759,0.00605687592,0.00550686056,7.90344056e-05,23,0,1
0.001,760,0.00606550975,0.00551486108,7.91661369e-05,23,0,1
0.001,761,0.0060741473,0.0055228658,7.92979336e-05,23,0,1
0.001,762,0.00608278532,0.00553087192,7.94298467e-05,23,0,1
0.001,763,0.00609142613,0.00553888036,7.95619053e-05,23,0,1
0.001,764,0.00610006927,0.0055468902,7.96939275e-05,23,0,1
0.001,765,0.00610871334,0.00555490283,7.98260953e-05,23,0,1
0.001,766,0.00611735834,0.00556291547,7.9958314e-05,23,0,1
0.001,767,0.00612600474,0.00557092996,8.00905473e-05,23,0,1
0.001,768,0.00613465719,0.00557895051,8.02230061e-05,23,0,1
0.001,769,0.00614330731,0.0055869692,8.03555231e-05,23,0,1
0.001,770,0.00615196116,0.00559499115,8.04879746e-05,23,0,1
0.001,771,0.00616061594,0.00560301496,8.06206299e-05,23,0,1
0.001,772,0.00616927352,0.0056110411,8.07533288e-05,23,0,1
0.001,773,0.00617793342,0.00561907003,8.08860932e-05,23,0,1
0.001,774,0.00618659472,0.00562709989,8.10190322e-05,23,0,1
0.001,775,0.00619525881,0.00563513301,8.11519858e-05,23,0,1
0.001,776,0.00620392337,0.00564316753,8.12850412e-05,23,0,1
0.001,777,0.00621258933,0.00565120252,8.14181112e-05,23,0,1
0.001,778,0.00622125855,0.00565924076,8.15512758e-05,23,0,1
0.001,779,0.00622996781,0.00566722639,7.96200475e-05,23,0,1
0.001,780,0.00623864122,0.00567526929,7.97498215e-05,23,0,1
0.001,781,0.00624731556,0.00568331359,7.98796682e-05,23,0,1
0.001,782,0.00625599129,0.00569136022,8.00096022e-05,23,0,1
0.001,783,0.00626466982,0.00569940917,8.01396236e-05,23,0,1
0.001,784,0.00627335068,0.00570745999,8.02697468e-05,23,0,1
0.001,785,0.00628203293,0.00571551314,8.03998992e-05,23,0,1
0.001,786,0.00629071798,0.00572356861,8.05301606e-05,23,0,1
0.001,787,0.00629940536,0.00573162735,8.06605385e-05,23,0,1
0.001,788,0.0063080932,0.00573968561,8.07909455e-05,23,0,1
0.001,789,0.00631678384,0.00574774761,8.09214544e-05,23,0,1
0.001,790,0.00632547494,0.00575581053,8.10519996e-05,23,0,1
0.001,791,0.00633416884,0.00576387579,8.11826467e-05,23,0,1
0.001,792,0.00634286506,0.00577194337,8.13133738e-05,23,0,1
0.001,793,0.00635156268,0.00578001281,8.14441737e-05,23,0,1
0.001,794,0.0063602645,0.00578808598,8.15750973e-05,23,0,1
0.001,795,0.00636896538,0.00579615869,8.17060645e-05,23,0,1
0.001,796,0.00637766765,0.00580423372,8.18370609e-05,23,0,1
0.001,797,0.00638637273,0.00581231108,8.19681954e-05,23,0,1
0.001,798,0.00639508013,0.00582039077,8.2099381e-05,23,0,1
0.001,799,0.00640379125,0.00582847465,8.2230712e-05,23,0,1
0.001,800,0.00641250191,0.00583655806,8.23620212e-05,23,0,1
0.001,801,0.00642121583,0.00584464474,8.24934832e-05,23,0,1
0.001,802,0.00642992975,0.00585273188,8.2624967e-05,23,0,1
0.001,803,0.0064386474,0.00586082228,8.27565746e-05,23,0,1
0.001,804,0.00644736644,0.00586891407,8.28882476e-05,23,0,1
0.001,805,0.00645608827,0.00587700959,8.30200079e-05,23,0,1
0.001,806,0.00646480871,0.00588510418,8.31518046e-05,23,0,1
0.001,807,0.00647353474,0.00589320343,8.32837395e-05,23,0,1
0.001,808,0.00648226216,0.00590130407,8.34157036e-05,23,0,1
0.001,809,0.00649099052,0.00590940705,8.35477767e-05,23,0,1
0.001,810,0.00649972027,0.00591751095,8.36799154e-05,23,0,1
0.001,811,0.00650845235,0.00592561718,8.38121268e-05,23,0,1
0.001,812,0.00651718816,0.00593372714,8.39444328e-05,23,0,1
0.001,813,0.00652592396,0.00594183663,8.40767752e-05,23,0,1
0.001,814,0.00653466256,0.00594994985,8.42092632e-05,23,0,1
0.001,815,0.00654340303,0.00595806586,8.43418238e-05,23,0,1
0.001,816,0.00655214489,0.00596618233,8.44744063e-05,23,0,1
0.001,817,0.00656088907,0.00597430114,8.46071125e-05,23,0,1
0.001,818,0.00656963419,0.0059824218,8.47398769e-05,23,0,1
0.001,819,0.00657838304,0.00599054573,8.48727432e-05,23,0,1
0.001,820,0.00658713095,0.00599866966,8.50056749e-05,23,0,1
0.001,821,0.00659588352,0.00600679731,8.51386721e-05,23,0,1
0.001,822,0.00660463702,0.00601492682,8.52717494e-05,23,0,1
0.001,823,0.00661339425,0.0060230596,8.54049576e-05,23,0,1
0.001,824,0.00662215194,0.0060311933,8.5538195e-05,23,0,1
0.001,825,0.00663091103,0.00603932841,8.56715269e-05,23,0,1
0.001,826,0.00663967291,0.00604746677,8.58049534e-05,23,0,1
0.001,827,0.00664843526,0.00605560513,8.59384454e-05,23,0,1
0.001,828,0.00665719993,0.00606374675,8.60719738e-05,23,0,1
0.001,829,0.00666596647,0.00607189024,8.62056186e-05,23,0,1
0.001,830,0.00667473674,0.00608003652,8.63393434e-05,23,0,1
0.001,831,0.00668350747,0.00608818466,8.64731774e-05,23,0,1
0.001,832,0.0066922782,0.0060963328,8.66070041e-05,23,0,1
0.001,833,0.00670105452,0.00610448653,8.67410126e-05,23,0,1
0.001,834,0.0067098313,0.00611264026,8.68750212e-05,23,0,1
0.001,835,0.00671861088,0.00612079771,8.70091608e-05,23,0,1
0.001,836,0.00672739279,0.0061289561,8.71433804e-05,23,0,1
0.001,837,0.00673617329,0.00613711542,8.72776291e-05,23,0,1
0.001,838,0.00674495939,0.00614527892,8.74120014e-05,23,0,1
0.001,839,0.00675374549,0.00615344336,8.75464466e-05,23,0,1
0.001,840,0.00676253485,0.00616161153,8.76810154e-05,23,0,1
0.001,841,0.0067713242,0.00616977829,8.78155843e-05,23,0,1
0.001,842,0.00678011682,0.00617794972,8.79502695e-05,23,0,1
0.001,843,0.0067889085,0.00618612068,8.80850057e-05,23,0,1
0.001,844,0.00679770624,0.00619429676,8.8219851e-05,23,0,1
0.001,845,0.00680650398,0.00620247331,8.83547764e-05,23,0,1
0.001,846,0.00681530451,0.00621065218,8.84897745e-05,23,0,1
0.001,847,0.00682410691,0.00621883385,8.86248599e-05,23,0,1
0.001,848,0.0068329107,0.00622701785,8.87600327e-05,23,0,1
0.001,849,0.00684171729,0.00623520371,8.88952782e-05,23,0,1
0.001,850,0.00685052294,0.0062433891,8.90305382e-05,23,0,1
0.001,851,0.00685933512,0.00625158055,8.91659947e-05,23,0,1
0.001,852,0.00686814496,0.00625977013,8.93014585e-05,23,0,1
0.001,853,0.0068769576,0.00626796344,8.94370023e-05,23,0,1
0.001,854,0.0068857749,0.00627616001,8.95726334e-05,23,0,1
0.001,855,0.0068945908,0.00628435705,8.9708381e-05,23,0,1
0.001,856,0.00690341089,0.00629255688,8.98441649e-05,23,0,1
0.001,857,0.00691223098,0.0063007581,8.99800361e-05,23,0,1
0.001,858,0.0069210548,0.00630896259,9.01160092e-05,23,0,1
0.001,859,0.00692987861,0.00631716708,9.0252026e-05,23,0,1
0.001,860,0.00693870708,0.00632537669,9.03881592e-05,23,0,1
0.001,861,0.00694753556,0.00633358629,9.05243578e-05,23,0,1
0.001,862,0.00695636636,0.0063417987,9.0660651e-05,23,0,1
0.001,863,0.00696519949,0.00635001343,9.07970098e-05,23,0,1
0.001,864,0.00697403494,0.00635823049,9.09334485e-05,23,0,1
0.001,865,0.00698287273,0.00636644941,9.10700037e-05,23,0,1
0.001,866,0.00699170958,0.00637466833,9.12065516e-05,23,0,1
0.001,867,0.00700055202,0.00638289191,9.13432814e-05,23,0,1
0.001,868,0.00700939214,0.00639111549,9.14800185e-05,23,0,1
0.001,869,0.00701823784,0.00639934326,9.16168647e-05,23,0,1
0.001,870,0.00702708401,0.00640757149,9.17537909e-05,23,0,1
0.001,871,0.00703593064,0.00641580112,9.18907608e-05,23,0,1
0.001,872,0.00704478426,0.00642403634,9.20279126e-05,23,0,1
0.001,873,0.00705363555,0.0064322711,9.21650717e-05,23,0,1
0.001,874,0.00706248963,0.00644050865,9.23023108e-05,23,0,1
0.001,875,0.00707134698,0.00644874852,9.24396591e-05,23,0,1
0.001,876,0.00708020478,0.00645698979,9.25770437e-05,23,0,1
0.001,877,0.00708906492,0.0064652334,9.27145593e-05,23,0,1
0.001,878,0.00709792599,0.00647347793,9.28521185e-05,23,0,1
0.001,879,0.00710679032,0.00648172619,9.29897651e-05,23,0,1
0.001,880,0.00711565418,0.00648997398,9.31274844e-05,23,0,1
0.001,881,0.00712452456,0.00649822736,9.32653202e-05,23,0,1
0.001,882,0.00713339308,0.00650648074,9.34031923e-05,23,0,1
0.001,883,0.00714226533,0.00651473785,9.35412027e-05,23,0,1
0.001,884,0.00715113804,0.00652299449,9.36792203e-05,23,0,1
0.001,885,0.00709963962,0.00653255777,9.35599164e-05,22,0,1
0.001,886,0.00710855797,0.00654081954,9.36980796e-05,22,0,1
0.001,887,0.00711748004,0.00654908549,9.38366138e-05,22,0,1
0.001,888,0.00712640304,0.00655735284,9.39753591e-05,22,0,1
0.001,889,0.00713532325,0.00656562019,9.4113806e-05,22,0,1
0.001,890,0.00714425277,0.00657389313,9.42523475e-05,22,0,1
0.001,891,0.00715317996,0.0065821656,9.43912019e-05,22,0,1
0.001,892,0.00716210995,0.0065904418,9.45297652e-05,22,0,1
0.001,893,0.00717104226,0.00659871893,9.46689979e-05,22,0,1
0.001,894,0.00717997551,0.00660699839,9.48079542e-05,22,0,1
0.001,895,0.00718891062,0.00661527831,9.49469541e-05,22,0,1
0.001,896,0.00719785085,0.00662356429,9.50861067e-05,22,0,1
0.001,897,0.00720679015,0.00663184933,9.52253686e-05,22,0,1
0.001,898,0.00721573271,0.0066401381,9.53647759e-05,22,0,1
0.001,899,0.00722467713,0.00664842781,9.55039577e-05,22,0,1
0.001,900,0.00723362062,0.00665671937,9.56434378e-05,22,0,1
0.001,901,0.00724256923,0.00666501373,9.5783209e-05,22,0,1
0.001,902,0.00725151692,0.00667330995,9.59228346e-05,22,0,1
0.001,903,0.00726046832,0.0066816071,9.60624311e-05,22,0,1
0.001,904,0.00726942252,0.00668990798,9.62023696e-05,22,0,1
0.001,905,0.00727837719,0.00669821026,9.63422863e-05,22,0,1
0.001,906,0.00728733744,0.00670651626,9.64823121e-05,22,0,1
0.001,907,0.00729629491,0.00671482226,9.66222069e-05,22,0,1
0.001,908,0.00730525609,0.00672313105,9.67624364e-05,22,0,1
0.001,909,0.00731422007,0.00673144311,9.69028406e-05,22,0,1
0.001,910,0.00732318498,0.00673975516,9.70429319e-05,22,0,1
0.001,911,0.00733215362,0.00674807187,9.71835543e-05,22,0,1
0.001,912,0.00734112225,0.00675638765,9.73239294e-05,22,0,1
0.001,913,0.00735009089,0.00676470622,9.74646246e-05,22,0,1
0.001,914,0.00735906465,0.00677302852,9.7605116e-05,22,0,1
0.001,915,0.00736804027,0.00678135268,9.77457166e-05,22,0,1
0.001,916,0.00737701496,0.00678967638,9.78867029e-05,22,0,1
0.001,917,0.00738599524,0.00679800427,9.80275654e-05,22,0,1
0.001,918,0.00739497645,0.00680633541,9.81685371e-05,22,0,1
0.001,919,0.00740395859,0.00681466702,9.83096324e-05,22,0,1
0.001,920,0.00741294306,0.00682299957,9.84506696e-05,22,0,1
0.001,921,0.00742192939,0.0068313363,9.85919469e-05,22,0,1
0.001,922,0.00743091758,0.00683967536,9.87333187e-05,22,0,1
0.001,923,0.00743990811,0.00684801443,9.88745815e-05,22,0,1
0.001,924,0.00744889956,0.00685635675,9.90160624e-05,22,0,1
0.001,925,0.0074578952,0.00686470186,9.91576817e-05,22,0,1
0.001,926,0.00746689271,0.00687304884,9.92994901e-05,22,0,1
0.001,927,0.00747588882,0.00688139629,9.94409857e-05,22,0,1
0.001,928,0.00748488959,0.00688974652,9.95829541e-05,22,0,1
0.001,929,0.00749389175,0.00689810095,9.97249226e-05,22,0,1
0.001,930,0.00750289625,0.00690645631,9.98668183e-05,22,0,1
0.001,931,0.00751190167,0.00691481167,0.000100008736,22,0,1
0.001,932,0.00752091035,0.00692317169,0.000100150864,22,0,1
0.001,933,0.00752991904,0.00693153311,0.00010029324,22,0,1
0.001,934,0.00753893284,0.00693989638,0.000100435514,22,0,1
0.001,935,0.00754794572,0.00694826199,0.000100577956,22,0,1
0.001,936,0.00755696278,0.00695663039,0.000100720397,22,0,1
0.001,937,0.00756598078,0.00696499832,0.000100862853,22,0,1
0.001,938,0.00757499877,0.00697337138,0.000101005709,22,0,1
0.001,939,0.00758402143,0.00698174443,0.00010114842,22,0,1
0.001,940,0.00759304408,0.00699012028,0.000101291167,22,0,1
0.001,941,0.00760206999,0.00699849892,0.00010143406,22,0,1
0.001,942,0.00761109591,0.0070068771,0.000101577025,22,0,1
0.001,943,0.00762012601,0.0070152604,0.000101720158,22,0,1
0.001,944,0.00762915891,0.00702364556,0.000101863341,22,0,1
0.001,945,0.00763819367,0.00703203306,0.000102006517,22,0,1
0.001,946,0.00764722843,0.00704042241,0.000102149963,22,0,1
0.001,947,0.00765626505,0.00704881083,0.000102293227,22,0,1
0.001,948,0.0076653054,0.00705720484,0.000102436694,22,0,1
0.001,949,0.00767434482,0.00706559885,0.000102580198,22,0,1
0.001,950,0.00768338982,0.00707399752,0.00010272392,22,0,1
0.001,951,0.00769243483,0.00708239572,0.000102867576,22,0,1
0.001,952,0.0077014803,0.00709079579,0.000103011524,22,0,1
0.001,953,0.00771053229,0.00709920097,0.000103155544,22,0,1
0.001,954,0.00771958055,0.00710760523,0.000103299324,22,0,1
0.001,955,0.00772863347,0.00711601181,0.000103443483,22,0,1
0.001,956,0.00773768872,0.00712442212,0.000103587518,22,0,1
0.001,957,0.00774674583,0.00713283429,0.000103731822,22,0,1
0.001,958,0.00775580481,0.00714124786,0.000103876257,22,0,1
0.001,959,0.00776486471,0.00714966282,0.000104020553,22,0,1
0.001,960,0.00777392788,0.00715808198,0.000104165199,22,0,1
0.001,961,0.00778299384,0.007166503,0.000104309722,22,0,1
0.001,962,0.00779206119,0.00717492541,0.00010445431,22,0,1
0.001,963,0.00780112995,0.00718334969,0.00010459913,22,0,1
0.001,964,0.0078101987,0.0071917749,0.0001047439,22,0,1
0.001,965,0.00781927165,0.00720020384,0.000104888939,22,0,1
0.001,966,0.00782834459,0.00720863417,0.000105033861,22,0,1
0.001,967,0.00783742219,0.00721706729,0.00010517906,22,0,1
0.001,968,0.00784650072,0.00722550182,0.000105324107,22,0,1
0.001,969,0.00785558019,0.0072339382,0.000105469291,22,0,1
0.001,970,0.00786466431,0.00724237831,0.000105614767,22,0,1
0.001,971,0.0078737475,0.00725082029,0.000105760068,22,0,1
0.001,972,0.00788283348,0.00725926273,0.00010590563,22,0,1
0.001,973,0.00789192133,0.00726770842,0.000106051193,22,0,1
0.001,974,0.0079010129,0.00727615599,0.000106196916,22,0,1
0.001,975,0.00791010633,0.00728460727,0.000106342857,22,0,1
0.001,976,0.0079191979,0.00729305763,0.000106488515,22,0,1
0.001,977,0.00792829506,0.00730151217,0.000106634441,22,0,1
0.001,978,0.00793739408,0.00730996858,0.000106780419,22,0,1
0.001,979,0.0079464931,0.00731842685,0.000106926658,22,0,1
0.001,980,0.00795559585,0.00732688745,0.000107072679,22,0,1
0.001,981,0.00796469767,0.00733534805,0.000107219057,22,0,1
0.001,982,0.00797380414,0.00734381285,0.00010736542,22,0,1
0.001,983,0.0079829134,0.0073522795,0.000107511929,22,0,1
0.001,984,0.00799202174,0.00736074895,0.000107658227,22,0,1
0.001,985,0.00800113566,0.00736921979,0.000107804932,22,0,1
0.001,986,0.00801024772,0.00737769343,0.000107951753,22,0,1
0.001,987,0.00801936351,0.00738616753,0.000108098429,22,0,1
0.001,988,0.00802848116,0.00739464443,0.000108245316,22,0,1
0.001,989,0.0080376016,0.00740312506,0.000108392356,22,0,1
0.001,990,0.00804672297,0.00741160661,0.000108539505,22,0,1
0.001,991,0.00805584807,0.00742009003,0.00010868648,22,0,1
0.001,992,0.00806497224,0.00742857438,0.000108833745,22,0,1
0.001,993,0.00807410106,0.00743706385,0.00010898101,22,0,1
0.001,994,0.00808322988,0.00744555332,0.000109128363,22,0,1
0.001,995,0.00809235964,0.00745404419,0.000109275934,22,0,1
0.001,996,0.00810149405,0.00746253878,0.000109423505,22,0,1
0.001,997,0.00811062846,0.00747103523,0.000109571098,22,0,1
0.001,998,0.0081197666,0.00747953355,0.000109718821,22,0,1
0.001,999,0.00812890567,0.00748803467,0.000109866531,22,0,1
0.001,1000,0.00813804753,0.00749653624,0.000110014473,22,0,1
0.001,1001,0.00814719126,0.00750504155,0.000110162488,22,0,1
0.001,1002,0.00815633684,0.00751354964,0.000110310662,22,0,1
0.001,1003,0.00816548243,0.00752205774,0.000110458597,22,0,1
0.001,1004,0.00817463268,0.0075305691,0.000110606954,22,0,1
0.001,1005,0.00818378292,0.00753908139,0.000110755274,22,0,1
0.001,1006,0.00819293689,0.00754759833,0.000110903733,22,0,1
0.001,1007,0.00820209272,0.00755611528,0.000111052155,22,0,1
0.001,1008,0.00821124949,0.00756463595,0.000111200774,22,0,1
0.001,1009,0.00822040904,0.00757315708,0.000111349429,22,0,1
0.001,1010,0.00822956953,0.00758168101,0.000111498142,22,0,1
0.001,1011,0.00823873281,0.00759020727,0.000111647103,22,0,1
0.001,1012,0.00824789889,0.00759873632,0.000111795787,22,0,1
0.001,1013,0.00825706404,0.00760726538,0.000111945054,22,0,1
0.001,1014,0.00826623291,0.00761579629,0.000112094109,22,0,1
0.001,1015,0.00827540457,0.00762433279,0.0001122432,22,0,1
0.001,1016,0.00828457624,0.00763286836,0.000112392387,22,0,1
0.001,1017,0.00829375349,0.00764140859,0.000112541835,22,0,1
0.001,1018,0.00830293074,0.00764995161,0.000112691458,22,0,1
0.001,1019,0.008312108,0.00765849324,0.000112840782,22,0,1
0.001,1020,0.00832128897,0.00766703859,0.000112990492,22,0,1
0.001,1021,0.00833047181,0.00767558441,0.000113140173,22,0,1
0.001,1022,0.00833965652,0.00768413441,0.000113289912,22,0,1
0.001,1023,0.00834884308,0.00769268675,0.000113439746,22,0,1
0.0001,0,1.70891872e-05,6.13364004e-12,-2.99783531e-11,45,0,1
0.0001,1,3.27727794e-05,6.54060204e-06,7.70852395e-08,45,0,1
0.0001,2,5.54883882e-05,1.30830522e-05,1.5451036e-07,45,0,1
0.0001,3,6.10739298e-05,1.96279216e-05,2.33053981e-07,45,0,1
0.0001,4,7.00207311e-05,2.61733439e-05,3.09251504e-07,45,0,1
0.0001,5,7.72808999e-05,3.27212038e-05,3.86705494e-07,45,0,1
0.0001,6,8.40662979e-05,3.92701913e-05,4.63758994e-07,45,1,1
0.0001,7,9.18259902e-05,4.58223512e-05,5.41792474e-07,45,0,1
0.0001,8,9.91107372e-05,5.23756316e-05,6.1942842e-07,45,0,1
0.0001,9,0.000104583647,5.89326301e-05,7.00896408e-07,45,0,1
0.0001,10,0.000111865913,6.54897303e-05,7.79048037e-07,45,0,1
0.0001,11,0.000104867948,7.20462631e-05,8.51052732e-07,45,0,1
0.0001,12,0.00012641077,7.86094388e-05,9.35572871e-07,45,0,1
0.0001,13,0.000135499373,8.51692312e-05,1.0084425e-06,45,0,1
0.0001,14,0.000142787772,9.17334037e-05,1.08642416e-06,45,0,1
0.0001,15,0.000148344479,9.83025238e-05,1.17052491e-06,45,0,1
0.0001,16,0.000140048069,0.000104867155,1.24005896e-06,45,0,1
0.0001,17,0.000159402771,0.000111434849,1.31883405e-06,45,0,1
0.0001,18,0.000170096959,0.000118011943,1.40653947e-06,45,0,1
0.0001,19,0.00017746404,0.000124585378,1.48496179e-06,45,0,1
0.0001,20,0.00018467175,0.000131160647,1.56400438e-06,45,0,1
0.0001,21,0.000192039937,0.00013773769,1.64252833e-06,45,0,1
0.0001,22,0.000199332135,0.000144316582,1.72139403e-06,45,0,1
0.0001,23,0.00020654696,0.000150897307,1.80064842e-06,45,0,1
0.0001,24,0.000210247221,0.000157472066,1.86672514e-06,45,0,1
0.0001,25,0.000221138762,0.000164064128,1.95870689e-06,45,0,1
0.0001,26,0.000228434379,0.000170650281,2.03783929e-06,45,0,1
0.0001,27,0.000235734595,0.000177238224,2.11701945e-06,45,0,1
0.0001,28,0.000243039583,0.00018382803,2.19624189e-06,45,0,1
0.0001,29,0.000250424695,0.000190419596,2.27512032e-06,45,0,1
0.0001,30,0.000254054175,0.000197003334,2.33860851e-06,45,0,1
0.0001,31,0.000265074195,0.000203608259,2.43370368e-06,45,0,1
0.0001,32,0.000272347213,0.000210205311,2.51332654e-06,45,0,1
0.0001,33,0.000279574917,0.000216804183,2.59332592e-06,45,0,1
0.0001,34,0.000286990893,0.000223404844,2.67233236e-06,45,0,1
0.0001,35,0.000294200989,0.000230007368,2.7525748e-06,45,0,1
0.0001,36,0.000298081082,0.000236600114,2.81251005e-06,45,0,1
0.0001,37,0.000305136782,0.000243205985,2.8917791e-06,45,0,1
0.0001,38,0.000312677555,0.000249813631,2.9709654e-06,45,0,1
0.0001,39,0.000323559361,0.00025643548,3.07122264e-06,45,0,1
0.0001,40,0.000330882409,0.000263047143,3.1511629e-06,45,0,1
0.0001,41,0.000334615324,0.000269647397,3.2090752e-06,45,0,1
0.0001,42,0.000345533423,0.000276275794,3.31121987e-06,45,0,1
0.0001,43,0.00034924061,0.000282879133,3.36810967e-06,45,0,1
0.0001,44,0.000356555858,0.000289497664,3.44771524e-06,45,0,1
0.0001,45,0.000367522356,0.000296132377,3.55175325e-06,45,0,1
0.0001,46,0.000371190952,0.000302740315,3.60709942e-06,45,0,1
0.0001,47,0.000378252764,0.000309364434,3.68696828e-06,45,0,1
0.0001,48,0.000385832973,0.000315990241,3.76671778e-06,45,0,1
0.0001,49,0.000393314316,0.000322617794,3.84662872e-06,45,0,1
0.0001,50,0.000400481309,0.000329247443,3.92656921e-06,45,0,1
0.0001,51,0.000407807849,0.000335878693,4.00658337e-06,45,0,1
0.0001,52,0.000414873415,0.000342511979,4.08675169e-06,45,0,1
0.0001,53,0.000426235929,0.000349163689,4.19581647e-06,45,0,1
0.0001,54,0.00042979818,0.000355783617,4.24697419e-06,45,0,1
0.0001,55,0.000437132403,0.000362422434,4.32722481e-06,45,0,1
0.0001,56,0.000448281877,0.000369080517,4.4383396e-06,45,0,1
0.0001,57,0.000451535743,0.000375705247,4.48799892e-06,45,0,1
0.0001,58,0.000459141855,0.000382349041,4.56831549e-06,45,0,1
0.0001,59,0.000466482074,0.000388995075,4.64880122e-06,45,0,1
0.0001,60,0.000477700261,0.00039566186,4.76253945e-06,45,0,1
0.0001,61,0.000485086464,0.000402311853,4.84352358e-06,45,0,1
0.0001,62,0.0004812025,0.000408948486,4.88961859e-06,45,0,1
0.0001,63,0.000499782327,0.000415617018,5.00631768e-06,45,0,1
0.0001,64,0.000507146295,0.000422272366,5.08769881e-06,45,0,1
0.0001,65,0.000510558137,0.000428909087,5.13292662e-06,45,0,1
0.0001,66,0.000517909473,0.000435567694,5.21381889e-06,45,0,1
0.0001,67,0.000525262905,0.000442228396,5.29477074e-06,45,0,1
0.0001,68,0.000536647683,0.00044891212,5.41359213e-06,45,0,1
0.0001,69,0.00053997495,0.000455554982,5.45685361e-06,45,0,1
0.0001,70,0.000551366713,0.000462243072,5.57726253e-06,45,0,1
0.0001,71,0.000554693164,0.000468888815,5.61916795e-06,45,0,1
0.0001,72,0.000562055153,0.000475558714,5.70041675e-06,45,0,1
0.0001,73,0.000569418538,0.000482230185,5.78172103e-06,45,0,1
0.0001,74,0.000576783787,0.000488903373,5.86308215e-06,45,0,1
0.0001,75,0.000584150199,0.000495578628,5.94450739e-06,45,0,1
0.0001,76,0.000591518707,0.000502255687,6.02599175e-06,45,0,1
0.0001,77,0.000598888495,0.000508934434,6.10753341e-06,45,0,1
0.0001,78,0.00060626067,0.000515615335,6.18913737e-06,45,0,1
0.0001,79,0.000613810786,0.000522297749,6.27082954e-06,45,0,1
0.0001,80,0.00062100892,0.000528982142,6.35250854e-06,45,0,1
0.0001,81,0.00063264434,0.000535693427,6.48000605e-06,45,0,1
0.0001,82,0.000635763572,0.0005423564,6.51612481e-06,45,0,1
0.0001,83,0.000643129926,0.000549046381,6.59802936e-06,45,0,1
0.0001,84,0.000654788746,0.000555764243,6.72807118e-06,45,0,1
0.0001,85,0.000657909608,0.000562431349,6.76199397e-06,45,0,1
0.0001,86,0.000665294065,0.000569126802,6.84406677e-06,45,0,1
0.0001,87,0.000672681897,0.000575824233,6.92620279e-06,45,0,1
0.0001,88,0.000684399914,0.000582550536,7.05907041e-06,45,0,1
0.0001,89,0.000687444583,0.000589223986,7.09065262e-06,45,0,1
0.0001,90,0.000694851682,0.000595926656,7.17295325e-06,45,0,1
0.0001,91,0.000702244812,0.000602631131,7.255323e-06,45,0,1
0.0001,92,0.000709639862,0.000609337585,7.33775641e-06,45,0,1
0.0001,93,0.000717036717,0.000616045843,7.42024167e-06,45,0,1
0.0001,94,0.000724434736,0.000622755615,7.50279196e-06,45,0,1
0.0001,95,0.000731834793,0.000629467715,7.58539954e-06,45,0,1
0.0001,96,0.000739236944,0.000636181503,7.66806806e-06,45,0,1
0.0001,97,0.000746624311,0.000642897037,7.75080025e-06,45,0,1
0.0001,98,0.000754045439,0.000649614201,7.83358064e-06,45,0,1
0.0001,99,0.000761452015,0.000656333519,7.91642469e-06,45,0,1
0.0001,100,0.000768859696,0.0006630547,7.99932604e-06,45,0,1
0.0001,101,0.000776254397,0.000669777626,8.08229834e-06,45,0,1
0.0001,102,0.000783681986,0.000676502357,8.1653252e-06,45,0,1
0.0001,103,0.000791095663,0.000683229126,8.24840208e-06,45,0,1
0.0001,104,0.000798510853,0.00068995764,8.33155173e-06,45,0,1
0.0001,105,0.000805926451,0.000696687668,8.41474503e-06,45,0,1
0.0001,106,0.000813345308,0.000703419966,8.4980129e-06,45,0,1
0.0001,107,0.000820765272,0.000710153661,8.58133353e-06,45,0,1
0.0001,108,0.000828186749,0.000716889626,8.66471237e-06,45,0,1
0.0001,109,0.000835610379,0.00072362728,8.7481576e-06,45,0,1
0.0001,110,0.000843036221,0.000730367028,8.8316674e-06,45,0,1
0.0001,111,0.000850461423,0.000737108116,8.91522177e-06,45,0,1
0.0001,112,0.000857890467,0.00074385124,8.99884253e-06,45,0,1
0.0001,113,0.00086531986,0.000750596169,9.08251968e-06,45,0,1
0.0001,114,0.000872752164,0.000757343136,9.16626504e-06,45,0,1
0.0001,115,0.000880185107,0.000764091732,9.2500668e-06,45,0,1
0.0001,116,0.000894196739,0.000770855928,9.34607033e-06,45,0,1
0.0001,117,0.000895056699,0.00077759492,9.41785038e-06,45,0,1
0.0001,118,0.000907417329,0.000784385018,9.57212069e-06,45,0,1
0.0001,119,0.000909935276,0.000791105034,9.58586043e-06,45,0,1
0.0001,120,0.000924069202,0.000797876739,9.68262884e-06,45,0,1
0.0001,121,0.000924820546,0.000804622716,9.75412604e-06,45,0,1
0.0001,122,0.000939015648,0.000811398204,9.85127554e-06,45,0,1
0.0001,123,0.000944729778,0.000818185159,9.9964418e-06,45,0,1
0.0001,124,0.000953969604,0.000824927178,1.00201614e-05,45,0,1
0.0001,125,0.000961448881,0.000831694284,1.01047008e-05,45,0,1
0.0001,126,0.000962060993,0.000838449108,1.01758251e-05,45,0,1
0.0001,127,0.00097641279,0.000845234143,1.02739496e-05,45,0,1
0.0001,128,0.000983897597,0.000852006953,1.03586644e-05,45,0,1
0.0001,129,0.000984426471,0.000858767249,1.04295659e-05,45,0,1
0.0001,130,0.000998872099,0.000865557813,1.05282816e-05,45,0,1
0.0001,131,0.000999344513,0.000872322067,1.05990312e-05,45,0,1
0.0001,132,0.00101385405,0.000879116589,1.06981415e-05,45,0,1
0.0001,133,0.00102134689,0.000885898015,1.07831584e-05,45,0,1
0.0001,134,0.00102173374,0.000892667624,1.08536678e-05,45,0,1
0.0001,135,0.0010291998,0.000899453124,1.09386674e-05,45,0,1
0.0001,136,0.00103666843,0.000906240661,1.10237324e-05,45,0,1
0.0001,137,0.0010441381,0.000913030119,1.11088539e-05,45,0,1
0.0001,138,0.00105161045,0.000919821381,1.1194039e-05,45,0,1
0.0001,139,0.00105908304,0.000926614332,1.12792859e-05,45,0,1
0.0001,140,0.00106655853,0.000933409377,1.13645883e-05,45,0,1
0.0001,141,0.00107938063,0.000940196973,1.14455434e-05,45,0,1
0.0001,142,0.00108151208,0.000947004359,1.15353705e-05,45,0,1
0.0001,143,0.00108899153,0.000953804702,1.16208485e-05,45,0,1
0.0001,144,0.00109647354,0.000960607314,1.17064046e-05,45,0,1
0.0001,145,0.00110395695,0.000967411383,1.17920108e-05,45,0,1
0.0001,146,0.00111144141,0.000974217313,1.18776752e-05,45,0,1
0.0001,147,0.00111892784,0.000981024932,1.19633914e-05,45,0,1
0.0001,148,0.00112641591,0.000987834763,1.20491841e-05,45,0,1
0.0001,149,0.00113390584,0.000994646456,1.21350276e-05,45,0,1
0.0001,150,0.00114139693,0.0010014599,1.22209412e-05,45,0,1
0.0001,151,0.00114888977,0.00100827496,1.23069085e-05,45,0,1
0.0001,152,0.00115638494,0.00101509213,1.23929349e-05,45,0,1
0.0001,153,0.00117160159,0.00102192606,1.24963935e-05,45,0,1
0.0001,154,0.0011769993,0.0010287218,1.25606475e-05,45,0,1
0.0001,155,0.00117887929,0.00103555468,1.26513878e-05,45,0,1
0.0001,156,0.00118638063,0.00104237942,1.27376607e-05,45,0,1
0.0001,157,0.00119388406,0.00104920578,1.28239944e-05,45,0,1
0.0001,158,0.00120138738,0.00105603389,1.29103819e-05,45,0,1
0.0001,159,0.00120889489,0.0010628642,1.29968403e-05,45,0,1
0.0001,160,0.00122433063,0.00106971106,1.3101795e-05,45,0,1
0.0001,161,0.00122391211,0.00107652985,1.31699326e-05,45,0,1
0.0001,162,0.00123142358,0.00108336553,1.32565692e-05,45,0,1
0.0001,163,0.00123893702,0.00109020318,1.33432623e-05,45,0,1
0.0001,164,0.00124654919,0.00109704258,1.34301044e-05,45,0,1
0.0001,165,0.00125396682,0.00110388384,1.35168448e-05,45,0,1
0.0001,166,0.00126148481,0.00111072685,1.36037243e-05,45,0,1
0.0001,167,0.00127716456,0.00111758662,1.37102124e-05,45,0,1
0.0001,168,0.00127652555,0.00112441892,1.37776678e-05,45,0,1
0.0001,169,0.00128404866,0.00113126729,1.38647265e-05,45,0,1
0.0001,170,0.00129754876,0.00113810622,1.39472704e-05,45,0,1
0.0001,171,0.00129909941,0.00114497053,1.4039043e-05,45,0,1
0.0001,172,0.00131495623,0.00115183974,1.41466608e-05,45,0,1
0.0001,173,0.00131415681,0.001158681,1.42135914e-05,45,0,1
0.0001,174,0.00132168771,0.00116553891,1.43009565e-05,45,0,1
0.0001,175,0.00133765209,0.0011724137,1.44092701e-05,45,0,1
0.0001,176,0.00133675453,0.00117926043,1.44758751e-05,45,0,1
0.0001,177,0.00134429161,0.00118612451,1.45634331e-05,45,0,1
0.0001,178,0.00135182904,0.00119298976,1.46510483e-05,45,0,1
0.0001,179,0.00135936786,0.00119985663,1.47387145e-05,45,0,1
0.0001,180,0.00137551362,0.00120674085,1.48481795e-05,45,0,1
0.0001,181,0.00137445203,0.00121359713,1.49142397e-05,45,0,1
0.0001,182,0.00138199597,0.00122046983,1.50020987e-05,45,0,1
0.0001,183,0.0013895419,0.00122734474,1.50900141e-05,45,0,1
0.0001,184,0.00140583457,0.00123423617,1.5200425e-05,45,0,1
0.0001,185,0.00140463933,0.00124110002,1.52660432e-05,45,0,1
0.0001,186,0.00141219026,0.0012479804,1.53541478e-05,45,0,1
0.0001,187,0.00141974224,0.00125486229,1.54423051e-05,45,0,1
0.0001,188,0.0014272969,0.00126174686,1.55305333e-05,45,0,1
0.0001,189,0.0014437756,0.00126864738,1.56421393e-05,45,0,1
0.0001,190,0.00144241028,0.00127552077,1.57071645e-05,45,0,1
0.0001,191,0.00144996983,0.00128241023,1.57955728e-05,45,0,1
0.0001,192,0.00145753019,0.00128930178,1.58840412e-05,45,0,1
0.0001,193,0.00146509265,0.00129619532,1.59725769e-05,45,0,1
0.0001,194,0.00147265673,0.00130309048,1.60611671e-05,45,0,1
0.0001,195,0.00148936233,0.00131000171,1.61742391e-05,45,0,1
0.0001,196,0.0014969667,0.00131690106,1.62631368e-05,45,0,1
0.0001,197,0.00149535877,0.0013237875,1.63273144e-05,45,0,1
0.0001,198,0.00150292891,0.00133068988,1.64161556e-05,45,0,1
0.0001,199,0.00151050219,0.00133759482,1.65050551e-05,45,0,1
0.0001,200,0.00151807594,0.00134450162,1.65940255e-05,45,0,1
0.0001,201,0.00153503008,0.00135142368,1.67086073e-05,45,0,1
0.0001,202,0.00153998483,0.00135830347,1.67678081e-05,45,0,1
0.0001,203,0.00154080708,0.00136523228,1.68612805e-05,45,0,1
0.0001,204,0.00155519706,0.00137212989,1.69462091e-05,45,0,1
0.0001,205,0.00155597087,0.00137906184,1.70397561e-05,45,0,1
0.0001,206,0.00156355463,0.00138597994,1.71290885e-05,45,0,1
0.0001,207,0.00157113955,0.00139289943,1.72184791e-05,45,0,1
0.0001,208,0.00157872669,0.00139982067,1.73079388e-05,45,0,1
0.0001,209,0.00158631662,0.00140674459,1.73974604e-05,45,0,1
0.0001,210,0.00159390597,0.0014136692,1.74870329e-05,45,0,1
0.0001,211,0.00160149811,0.0014205965,1.75766745e-05,45,0,1
0.0001,212,0.00160909235,0.00142752554,1.76663834e-05,45,0,1
0.0001,213,0.00162650482,0.00143446948,1.77840338e-05,45,0,1
0.0001,214,0.00162428466,0.00144138909,1.78459777e-05,45,0,1
0.0001,215,0.00163188332,0.0014483236,1.79358594e-05,45,0,1
0.0001,216,0.00163948245,0.00145525986,1.80258085e-05,45,0,1
0.0001,217,0.00164708553,0.00146219856,1.8115823e-05,45,0,1
0.0001,218,0.00165468815,0.00146913866,1.82059011e-05,45,0,1
0.0001,219,0.0016622931,0.00147608074,1.82960339e-05,45,0,1
0.0001,220,0.00166990061,0.00148302468,1.83862412e-05,45,0,1
0.0001,221,0.00167750986,0.00148997095,1.8476494e-05,45,0,1
0.0001,222,0.00168511947,0.00149691827,1.85668196e-05,45,0,1
0.0001,223,0.00169273082,0.00150386791,1.86572033e-05,45,0,1
0.0001,224,0.00171059626,0.00151083188,1.87778205e-05,45,0,1
0.0001,225,0.00170795911,0.00151777291,1.88381637e-05,45,0,1
0.0001,226,0.00171557569,0.00152472768,1.89287221e-05,45,0,1
0.0001,227,0.00172319298,0.00153168465,1.90193514e-05,45,0,1
0.0001,228,0.00173081516,0.00153864454,1.91100589e-05,45,0,1
0.0001,229,0.00173843536,0.00154560478,1.92008065e-05,45,0,1
0.0001,230,0.00174605788,0.00155256747,1.92916323e-05,45,0,1
0.0001,231,0.00175368367,0.00155953248,1.93825217e-05,45,0,1
0.0001,232,0.00176130969,0.00156649854,1.94734566e-05,45,0,1
0.0001,233,0.00177955767,0.0015734788,1.95965858e-05,45,0,1
0.0001,234,0.00177656824,0.00158043765,1.9655532e-05,45,0,1
0.0001,235,0.00179490144,0.00158742059,1.97792251e-05,45,0,1
0.0001,236,0.00180257647,0.00159439479,1.98706402e-05,45,0,1
0.0001,237,0.00181025313,0.00160137063,1.99621245e-05,45,0,1
0.0001,238,0.00180710305,0.00160833762,2.00204413e-05,45,0,1
0.0001,239,0.00181474211,0.00161531731,2.01118146e-05,45,0,1
0.0001,240,0.00182238116,0.0016222985,2.0203257e-05,45,0,1
0.0001,241,0.00183002162,0.0016292826,2.0294754e-05,45,0,1
0.0001,242,0.0018486625,0.00163627788,2.04204662e-05,45,0,1
0.0001,243,0.001845308,0.00164325442,2.04779535e-05,45,0,1
0.0001,244,0.00185295439,0.00165024376,2.05696433e-05,45,0,1
0.0001,245,0.00187172927,0.00165724463,2.06962632e-05,45,0,1
0.0001,246,0.00187942188,0.00166423758,2.07883058e-05,45,0,1
0.0001,247,0.0018759009,0.00167122215,2.08450874e-05,45,0,1
0.0001,248,0.00188355485,0.00167821907,2.09370428e-05,45,0,1
0.0001,249,0.00189120776,0.00168521784,2.10290418e-05,45,0,1
0.0001,250,0.00189886405,0.00169221801,2.11211136e-05,45,0,1
0.0001,251,0.0019065222,0.00169922039,2.12132454e-05,45,0,1
0.0001,252,0.00191418035,0.0017062244,2.13054464e-05,45,0,1
0.0001,253,0.00192184094,0.00171323051,2.13976873e-05,45,0,1
0.0001,254,0.00192950212,0.00172023836,2.14900083e-05,45,0,1
0.0001,255,0.00193716679,0.00172724831,2.15823893e-05,45,0,1
0.0001,256,0.00194483297,0.00173425989,2.16748322e-05,45,0,1
0.0001,257,0.00196415698,0.00174128183,2.18050936e-05,45,0,1
0.0001,258,0.00197187113,0.00174829725,2.18979112e-05,45,0,1
0.0001,259,0.00196783873,0.00175530603,2.19525282e-05,45,0,1
0.0001,260,0.00197551027,0.00176232564,2.2045233e-05,45,0,1
0.0001,261,0.00198318483,0.00176934688,2.21379869e-05,45,0,1
0.0001,262,0.002002744,0.0017763772,2.22698272e-05,45,0,1
0.0001,263,0.00199853606,0.00178339495,2.23236857e-05,45,0,1
0.0001,264,0.00200621481,0.00179042201,2.24166342e-05,45,0,1
0.0001,265,0.00202591764,0.00179745723,2.25494223e-05,45,0,1
0.0001,266,0.00203364599,0.00180448778,2.26427437e-05,45,0,1
0.0001,267,0.00204137643,0.00181152055,2.27361379e-05,45,0,1
0.0001,268,0.00203694496,0.00181854819,2.27890523e-05,45,0,1
0.0001,269,0.00204463047,0.00182558422,2.2882301e-05,45,0,1
0.0001,270,0.00206457591,0.00183262827,2.30167279e-05,45,0,1
0.0001,271,0.0020600073,0.00183966209,2.30690021e-05,45,0,1
0.0001,272,0.0020676991,0.00184670405,2.3162449e-05,45,0,1
0.0001,273,0.00208779331,0.00185375428,2.32978764e-05,45,0,1
0.0001,274,0.00208308548,0.00186079403,2.33495302e-05,45,0,1
0.0001,275,0.00210327981,0.00186784728,2.34856307e-05,45,0,1
0.0001,276,0.00211102515,0.00187489612,2.35795887e-05,45,0,1
0.0001,277,0.00211877283,0.00188194728,2.36736196e-05,45,0,1
0.0001,278,0.00212652283,0.00188900076,2.37677541e-05,45,0,1
0.0001,279,0.00212158309,0.00189605076,2.38183511e-05,45,0,1
0.0001,280,0.00214202655,0.00190311205,2.39561268e-05,45,0,1
0.0001,281,0.00213699485,0.00191016693,2.40063291e-05,45,0,1
0.0001,282,0.00215755217,0.00191723148,2.41448415e-05,45,0,1
0.0001,283,0.00216529658,0.00192429428,2.42392125e-05,45,0,1
0.0001,284,0.00217305683,0.00193135894,2.43337126e-05,45,0,1
0.0001,285,0.00216783048,0.00193842186,2.43830182e-05,45,0,1
0.0001,286,0.00217554718,0.0019454913,2.44773601e-05,45,0,1
0.0001,287,0.00218326063,0.00195256132,2.45717565e-05,45,0,1
0.0001,288,0.00220411597,0.00195963611,2.47123171e-05,45,0,1
0.0001,289,0.00221188483,0.00196670974,2.48071119e-05,45,0,1
0.0001,290,0.00220641773,0.00197378383,2.4855317e-05,45,0,1
0.0001,291,0.00221413933,0.00198086165,2.49499681e-05,45,0,1
0.0001,292,0.0022351949,0.00198794343,2.50917801e-05,45,0,1
0.0001,293,0.00222958694,0.00199502334,2.51394467e-05,45,0,1
0.0001,294,0.00225074915,0.00200210814,2.52819773e-05,45,0,1
0.0001,295,0.00225853687,0.00200919295,2.53773542e-05,45,0,1
0.0001,296,0.00226631085,0.00201628078,2.54724691e-05,45,0,1
0.0001,297,0.00227410207,0.00202336954,2.55679442e-05,45,0,1
0.0001,298,0.00228188816,0.0020304611,2.56633593e-05,45,0,1
0.0001,299,0.00228967424,0.00203755335,2.57588108e-05,45,0,1
0.0001,300,0.00229745521,0.0020446484,2.58541513e-05,45,0,1
0.0001,301,0.00230525411,0.00205174508,2.59499429e-05,45,0,1
0.0001,302,0.00231304625,0.00205884362,2.60455854e-05,45,0,1
0.0001,303,0.00232084095,0.00206594425,2.61413079e-05,45,0,1
0.0001,304,0.00232863682,0.00207304675,2.6237085e-05,45,0,1
0.0001,305,0.00233643432,0.00208015088,2.63329493e-05,45,0,1
0.0001,306,0.00234423438,0.00208725734,2.64288647e-05,45,0,1
0.0001,307,0.00235205702,0.00209436449,2.6524951e-05,45,0,1
0.0001,308,0.00235983031,0.00210147514,2.66206989e-05,45,0,1
0.0001,309,0.00236763572,0.00210858742,2.67168161e-05,45,0,1
0.0001,310,0.00237545068,0.00211570156,2.68131862e-05,45,0,1
0.0001,311,0.00238325866,0.00212281663,2.69094162e-05,45,0,1
0.0001,312,0.00239106896,0.00212993426,2.70057353e-05,45,0,1
0.0001,313,0.0023988809,0.00213705376,2.71021036e-05,45,0,1
0.0001,314,0.00240669516,0.00214417535,2.71985555e-05,45,0,1
0.0001,315,0.00241451059,0.00215129834,2.72950383e-05,45,0,1
0.0001,316,0.00242231996,0.00215842365,2.73914084e-05,45,0,1
0.0001,317,0.00243014703,0.00216555037,2.74882586e-05,45,0,1
0.0001,318,0.00243796897,0.00217268011,2.75849488e-05,45,0,1
0.0001,319,0.00244579185,0.00217981124,2.76817191e-05,45,0,1
0.0001,320,0.00245361635,0.00218694378,2.77785475e-05,45,0,1
0.0001,321,0.00246143481,0.00219407887,2.78752523e-05,45,0,1
0.0001,322,0.00246926397,0.00220121606,2.79722262e-05,45,0,1
0.0001,323,0.00247710105,0.00220835395,2.80694367e-05,45,0,1
0.0001,324,0.00248492509,0.0022154944,2.81663288e-05,45,0,1
0.0001,325,0.00249276659,0.00222263671,2.8263712e-05,45,0,1
0.0001,326,0.00250060228,0.00222978112,2.83609334e-05,45,0,1
0.0001,327,0.00250843889,0.00223692693,2.84582238e-05,45,0,1
0.0001,328,0.002516279,0.00224407599,2.85555761e-05,45,0,1
0.0001,329,0.00252411212,0.00225122576,2.86527957e-05,45,0,1
0.0001,330,0.00253196177,0.00225837738,2.87504863e-05,45,0,1
0.0001,331,0.002539807,0.0022655318,2.88480405e-05,45,0,1
0.0001,332,0.00254764524,0.00227268739,2.89454456e-05,45,0,1
0.0001,333,0.00255550165,0.00227984553,2.90433418e-05,45,0,1
0.0001,334,0.00256334315,0.00228700461,2.91408833e-05,45,0,1
0.0001,335,0.00257120188,0.00229416555,2.92389104e-05,45,0,1
0.0001,336,0.00257905503,0.00230132858,2.93367921e-05,45,0,1
0.0001,337,0.0025869112,0.00230849488,2.94347265e-05,45,0,1
0.0001,338,0.00259178365,0.00231562112,2.94741258e-05,45,0,1
0.0001,339,0.00260262005,0.00232283142,2.96306316e-05,45,0,1
0.0001,340,0.00261047995,0.00233000191,2.97287916e-05,45,0,1
0.0001,341,0.00261834264,0.00233717496,2.98269915e-05,45,0,1
0.0001,342,0.00262621418,0.00234434963,2.9925488e-05,45,0,1
0.0001,343,0.00263408013,0.00235152617,3.00238462e-05,45,0,1
0.0001,344,0.00264194864,0.0023587055,3.01222444e-05,45,0,1
0.0001,345,0.00264982972,0.00236588577,3.02208045e-05,45,0,1
0.0001,346,0.00265768939,0.00237306836,3.03192828e-05,45,0,1
0.0001,347,0.00266556256,0.00238025258,3.0417872e-05,45,0,1
0.0001,348,0.00267343782,0.00238743913,3.05165595e-05,45,0,1
0.0001,349,0.00268131448,0.00239462731,3.06152979e-05,45,0,1
0.0001,350,0.0026891923,0.00240181666,3.07141127e-05,45,0,1
0.0001,351,0.00269707339,0.0024090095,3.08129929e-05,45,0,1
0.0001,352,0.00270495564,0.00241620326,3.09119496e-05,45,0,1
0.0001,353,0.00271283975,0.00242339913,3.10109281e-05,45,0,1
0.0001,354,0.00272072526,0.00243059685,3.11100157e-05,45,0,1
0.0001,355,0.00272861309,0.00243779668,3.12091543e-05,45,0,1
0.0001,356,0.00273650233,0.00244499813,3.13083874e-05,45,0,1
0.0001,357,0.00274440483,0.00245220121,3.14077297e-05,45,0,1
0.0001,358,0.00275228731,0.00245940732,3.1506981e-05,45,0,1
0.0001,359,0.00275707478,0.00246657361,3.15428988e-05,45,0,1
0.0001,360,0.00276807882,0.00247382419,3.17058657e-05,45,0,1
0.0001,361,0.0027759769,0.00248103519,3.18054008e-05,45,0,1
0.0001,362,0.00278387684,0.00248824782,3.19050159e-05,45,0,1
0.0001,363,0.00279177981,0.00249546394,3.20046893e-05,45,0,1
0.0001,364,0.00279968395,0.00250268076,3.21044245e-05,45,0,1
0.0001,365,0.00280758925,0.00250989944,3.22042324e-05,45,0,1
0.0001,366,0.00281549618,0.00251711975,3.23040986e-05,45,0,1
0.0001,367,0.0028234066,0.00252434332,3.24040593e-05,45,0,1
0.0001,368,0.00283131702,0.00253156759,3.25040601e-05,45,0,1
0.0001,369,0.00283922977,0.00253879372,3.26041372e-05,45,0,1
0.0001,370,0.00284714438,0.00254602218,3.27042799e-05,45,0,1
0.0001,371,0.00285506155,0.0025532532,3.28044916e-05,45,0,1
0.0001,372,0.00286298036,0.00256048585,3.2904758e-05,45,0,1
0.0001,373,0.00287090009,0.00256771967,3.30050862e-05,45,0,1
0.0001,374,0.00287882192,0.00257495558,3.31055162e-05,45,0,1
0.0001,375,0.00288674631,0.00258219452,3.32059972e-05,45,0,1
0.0001,376,0.00289467187,0.00258943439,3.33065218e-05,45,0,1
0.0001,377,0.00290259859,0.00259667588,3.34071447e-05,45,0,1
0.0001,378,0.00291052787,0.00260391971,3.35078184e-05,45,0,1
0.0001,379,0.00291845878,0.00261116517,3.36085468e-05,45,0,1
0.0001,380,0.00292639155,0.00261841319,3.37093661e-05,45,0,1
0.0001,381,0.00293432618,0.00262566283,3.38102509e-05,45,0,1
0.0001,382,0.00294226338,0.00263291481,3.39111939e-05,45,0,1
0.0001,383,0.00295020174,0.00264016865,3.40122133e-05,45,0,1
0.0001,384,0.0029547778,0.00264738104,3.40438855e-05,45,0,1
0.0001,385,0.00296270894,0.00265463814,3.41448031e-05,45,0,1
0.0001,386,0.00297402753,0.00266194041,3.43156498e-05,45,0,1
0.0001,387,0.00297857774,0.00266915886,3.43468018e-05,45,0,1
0.0001,388,0.00298991986,0.00267646415,3.45182707e-05,45,0,1
0.0001,389,0.00299445353,0.00268368772,3.45490917e-05,45,0,1
0.0001,390,0.00300582033,0.00269099651,3.47211826e-05,45,0,1
0.0001,391,0.00301033561,0.00269822287,3.47516325e-05,45,0,1
0.0001,392,0.00302172825,0.00270553678,3.49243492e-05,45,0,1
0.0001,393,0.0030262263,0.00271276711,3.49544644e-05,45,0,1
0.0001,394,0.00303417328,0.00272004167,3.50559494e-05,45,0,1
0.0001,395,0.00304212328,0.00272731856,3.51575254e-05,45,0,1
0.0001,396,0.00305007352,0.00273459591,3.52591596e-05,45,0,1
0.0001,397,0.00305802631,0.00274187652,3.53608775e-05,45,0,1
0.0001,398,0.00306598167,0.00274915947,3.54626536e-05,45,0,1
0.0001,399,0.00307393889,0.00275644427,3.5564517e-05,45,0,1
0.0001,400,0.00308189611,0.00276372954,3.56664023e-05,45,0,1
0.0001,401,0.00308985729,0.00277101877,3.57684112e-05,45,0,1
0.0001,402,0.003097818,0.002778308,3.58704128e-05,45,0,1
0.0001,403,0.00310578244,0.00278560049,3.59725454e-05,45,0,1
0.0001,404,0.00311374827,0.00279289484,3.6074729e-05,45,0,1
0.0001,405,0.00312171597,0.00280019082,3.61769708e-05,45,0,1
0.0001,406,0.00312968483,0.00280748843,3.62792925e-05,45,0,1
0.0001,407,0.00313765532,0.00281478814,3.63816653e-05,45,0,1
0.0001,408,0.00314562861,0.00282209017,3.64841217e-05,45,0,1
0.0001,409,0.00315360283,0.0028293936,3.65866435e-05,45,0,1
0.0001,410,0.00316157867,0.00283669867,3.668922e-05,45,0,1
0.0001,411,0.00316955638,0.00284400582,3.67918547e-05,45,0,1
0.0001,412,0.00317753805,0.00285131647,3.68945912e-05,45,0,1
0.0001,413,0.00318551902,0.00285862712,3.69973823e-05,45,0,1
0.0001,414,0.00319350231,0.00286594033,3.7100217e-05,45,0,1
0.0001,415,0.00320148794,0.00287325634,3.72031573e-05,45,0,1
0.0001,416,0.00320947566,0.00288057374,3.73061448e-05,45,0,1
0.0001,417,0.00321732694,0.0028878923,3.74091906e-05,45,0,1
0.0001,418,0.00322545459,0.00289521343,3.75123163e-05,45,0,1
0.0001,419,0.00323344674,0.00290253595,3.76155185e-05,45,0,1
0.0001,420,0.00324144121,0.00290986127,3.77187607e-05,45,0,1
0.0001,421,0.00324933114,0.00291718869,3.78221375e-05,45,0,1
0.0001,422,0.00325743528,0.0029245168,3.79254998e-05,45,0,1
0.0001,423,0.00326543511,0.00293184747,3.80289639e-05,45,0,1
0.0001,424,0.0032734361,0.00293917977,3.81324971e-05,45,0,1
0.0001,425,0.00328143965,0.00294651464,3.82360886e-05,45,0,1
0.0001,426,0.0032894453,0.0029538516,3.83397528e-05,45,0,1
0.0001,427,0.00329745165,0.00296118949,3.84434825e-05,45,0,1
0.0001,428,0.00330546056,0.00296853064,3.85472849e-05,45,0,1
0.0001,429,0.0033134718,0.00297587318,3.86511565e-05,45,0,1
0.0001,430,0.00332148466,0.00298321783,3.87551117e-05,45,0,1
0.0001,431,0.00332938717,0.00299056247,3.88591252e-05,45,0,1
0.0001,432,0.00333751389,0.0029979113,3.89631714e-05,45,0,1
0.0001,433,0.00334553118,0.0030052613,3.90673267e-05,45,0,1
0.0001,434,0.00335355173,0.00301261409,3.91715294e-05,45,0,1
0.0001,435,0.00336157344,0.00301996805,3.92758047e-05,45,0,1
0.0001,436,0.00336959632,0.00302732433,3.93801711e-05,45,0,1
0.0001,437,0.00337762036,0.00303468131,3.94845629e-05,45,0,1
0.0001,438,0.00338564673,0.00304204086,3.95890238e-05,45,0,1
0.0001,439,0.00339367706,0.00304940413,3.96936048e-05,45,0,1
0.0001,440,0.00340170786,0.00305676786,3.97982221e-05,45,0,1
0.0001,441,0.00340973795,0.00306413206,3.99028941e-05,45,0,1
0.0001,442,0.00341777271,0.00307150022,4.00076715e-05,45,0,1
0.0001,443,0.00342580932,0.00307887024,4.0112478e-05,45,0,1
0.0001,444,0.0034338457,0.00308624073,4.02173755e-05,45,0,1
0.0001,445,0.00344188558,0.00309361471,4.0322353e-05,45,0,1
0.0001,446,0.00344992708,0.00310099055,4.04273633e-05,45,0,1
0.0001,447,0.00345796929,0.00310836709,4.05324681e-05,45,0,1
0.0001,448,0.0034658995,0.00311574712,4.06376603e-05,45,0,1
0.0001,449,0.00347406161,0.00312312809,4.07428743e-05,45,0,1
0.0001,450,0.0034821101,0.00313051161,4.08481865e-05,45,0,1
0.0001,451,0.00349015952,0.00313789607,4.09535423e-05,45,0,1
0.0001,452,0.00349821104,0.00314528216,4.10589491e-05,45,0,1
0.0001,453,0.00350626628,0.00315267243,4.11645051e-05,45,0,1
0.0001,454,0.00351432012,0.00316006225,4.12700501e-05,45,0,1
0.0001,455,0.00352237909,0.00316745671,4.13757225e-05,45,0,1
0.0001,456,0.00353043806,0.00317485118,4.14814167e-05,45,0,1
0.0001,457,0.00353849982,0.00318224821,4.15872091e-05,45,0,1
0.0001,458,0.00354656181,0.00318964664,4.16930525e-05,45,0,1
0.0001,459,0.0035546259,0.0031970467,4.17989686e-05,45,0,1
0.0001,460,0.00356269302,0.00320444978,4.19049757e-05,45,0,1
0.0001,461,0.00357076153,0.00321185472,4.20110227e-05,45,0,1
0.0001,462,0.00357883074,0.00321926014,4.21171317e-05,45,0,1
0.0001,463,0.00358678424,0.0032266702,4.22233497e-05,45,0,1
0.0001,464,0.00359497778,0.00323408027,4.23296115e-05,45,0,1
0.0001,465,0.00360305351,0.0032414929,4.24359459e-05,45,0,1
0.0001,466,0.00361113134,0.00324890763,4.25423568e-05,45,0,1
0.0001,467,0.0036192101,0.00325632351,4.2648815e-05,45,0,1
0.0001,468,0.00362729072,0.0032637415,4.27553605e-05,45,0,1
0.0001,469,0.00363537343,0.00327116158,4.28619569e-05,45,0,1
0.0001,470,0.00364345731,0.00327858329,4.29686443e-05,45,0,1
0.0001,471,0.00365142222,0.00328600802,4.30753826e-05,45,0,1
0.0001,472,0.00365963252,0.00329343393,4.31821973e-05,45,0,1
0.0001,473,0.00366772315,0.00330086239,4.32890956e-05,45,0,1
0.0001,474,0.00367581495,0.00330829225,4.33960522e-05,45,0,1
0.0001,475,0.00368390768,0.00331572373,4.3503067e-05,45,0,1
0.0001,476,0.0036920032,0.00332315755,4.36101582e-05,45,0,1
0.0001,477,0.00370010058,0.003330593,4.37173112e-05,45,0,1
0.0001,478,0.00370803964,0.00333803263,4.38244897e-05,45,0,1
0.0001,479,0.00371630117,0.00334547111,4.39318719e-05,45,0,1
0.0001,480,0.00372440461,0.00335291377,4.40392469e-05,45,0,1
0.0001,481,0.00373251014,0.00336035783,4.41466727e-05,45,0,1
0.0001,482,0.00374061475,0.00336780213,4.42541641e-05,45,0,1
0.0001,483,0.00374872331,0.00337525038,4.43617537e-05,45,0,1
0.0001,484,0.00375683233,0.00338269863,4.4469376e-05,45,0,1
0.0001,485,0.00376481842,0.00339015154,4.45770893e-05,45,0,1
0.0001,486,0.00377305807,0.00339760398,4.46848899e-05,45,0,1
0.0001,487,0.00378117384,0.00340505992,4.47927378e-05,45,0,1
0.0001,488,0.00378929102,0.00341251725,4.49006729e-05,45,0,1
0.0001,489,0.00379740866,0.00341997552,4.50086591e-05,45,0,1
0.0001,490,0.00380553096,0.00342743797,4.51167252e-05,45,0,1
0.0001,491,0.00381365325,0.00343490066,4.52248605e-05,45,0,1
0.0001,492,0.00382177718,0.00344236591,4.53330358e-05,45,0,1
0.0001,493,0.0038299046,0.00344983349,4.54413275e-05,45,0,1
0.0001,494,0.00383803155,0.00345730176,4.55496629e-05,45,0,1
0.0001,495,0.00384616316,0.00346477423,4.56580747e-05,45,0,1
0.0001,496,0.00385429431,0.00347224716,4.57665665e-05,45,0,1
0.0001,497,0.00386242825,0.00347972196,4.58751274e-05,45,0,1
0.0001,498,0.00387043133,0.00348719838,4.5983692e-05,45,0,1
0.0001,499,0.00387870078,0.00349467807,4.60924275e-05,45,0,1
0.0001,500,0.00388666801,0.00350215845,4.62010757e-05,45,0,1
0.0001,501,0.00389498076,0.00350964162,4.63100296e-05,45,0,1
0.0001,502,0.00390312308,0.0035171262,4.64189143e-05,45,0,1
0.0001,503,0.00391113572,0.00352461473,4.65278754e-05,45,0,1
0.0001,504,0.00391941285,0.00353210117,4.66369056e-05,45,0,1
0.0001,505,0.00392756099,0.00353959203,4.67460195e-05,45,0,1
0.0001,506,0.00393571099,0.00354708498,4.68552025e-05,45,0,1
0.0001,507,0.00394386239,0.0035545791,4.69644292e-05,45,0,1
0.0001,508,0.00395201612,0.00356207555,4.70737505e-05,45,0,1
0.0001,509,0.00396453682,0.00356963207,4.72668944e-05,45,0,1
0.0001,510,0.00396832917,0.00357707543,4.72925967e-05,45,0,1
0.0001,511,0.00397648849,0.00358457793,4.74021472e-05,45,0,1
0.0001,512,0.0039846492,0.00359208183,4.75117486e-05,45,0,1
0.0001,513,0.00399724487,0.00359964441,4.77060858e-05,45,0,1
0.0001,514,0.00400097528,0.00360709662,4.77311478e-05,45,0,1
0.0001,515,0.00400914159,0.0036146068,4.78409711e-05,45,0,1
0.0001,516,0.0040217815,0.00362217752,4.8036276e-05,45,0,1
0.0001,517,0.00402548024,0.00362963392,4.8060785e-05,45,0,1
0.0001,518,0.00403365213,0.0036371504,4.81708048e-05,45,0,1
0.0001,519,0.00404182635,0.0036446692,4.82809191e-05,45,0,1
0.0001,520,0.00405454077,0.00365224481,4.84774064e-05,45,0,1
0.0001,521,0.00405817898,0.00365971122,4.85012897e-05,45,0,1
0.0001,522,0.00406635692,0.00366723444,4.86115896e-05,45,0,1
0.0001,523,0.00407453673,0.00367476023,4.87219368e-05,45,0,1
0.0001,524,0.00408272026,0.00368228881,4.88323894e-05,45,0,1
0.0001,525,0.00409090566,0.00368981948,4.89429221e-05,45,0,1
0.0001,526,0.00409909012,0.00369735016,4.90534621e-05,45,0,1
0.0001,527,0.00410727831,0.00370488456,4.91641331e-05,45,0,1
0.0001,528,0.00412012404,0.00371247786,4.93631669e-05,45,0,1
0.0001,529,0.0041236612,0.00371995918,4.93856642e-05,45,0,1
0.0001,530,0.00413185498,0.00372749893,4.94965316e-05,45,0,1
0.0001,531,0.00414005015,0.00373504055,4.96074645e-05,45,0,1
0.0001,532,0.00414824765,0.00374258449,4.97184774e-05,45,0,1
0.0001,533,0.00415644702,0.003750131,4.98295449e-05,45,0,1
0.0001,534,0.00416464638,0.00375767774,4.99406997e-05,45,0,1
0.0001,535,0.00417284947,0.00376522797,5.00519018e-05,45,0,1
0.0001,536,0.00418105209,0.00377277751,5.01631621e-05,45,0,1
0.0001,537,0.00418926124,0.00378033379,5.02745825e-05,45,0,1
0.0001,538,0.00419746758,0.00378788821,5.03859665e-05,45,0,1
0.0001,539,0.00420567906,0.00379544683,5.04974851e-05,45,0,1
0.0001,540,0.00421389053,0.00380300614,5.060904e-05,45,0,1
0.0001,541,0.00422210339,0.00381056732,5.07207005e-05,45,0,1
0.0001,542,0.00423031999,0.00381813175,5.08324229e-05,45,0,1
0.0001,543,0.00423853658,0.00382569665,5.09441816e-05,45,0,1
0.0001,544,0.00424675504,0.00383326388,5.10560458e-05,45,0,1
0.0001,545,0.00425497582,0.0038408332,5.11679755e-05,45,0,1
0.0001,546,0.00426319987,0.00384840579,5.12799743e-05,45,0,1
0.0001,547,0.00427142438,0.0038559793,5.13920495e-05,45,0,1
0.0001,548,0.00427964982,0.00386355422,5.15041647e-05,45,0,1
0.0001,549,0.00428787759,0.00387113099,5.16163782e-05,45,0,1
0.0001,550,0.00429610861,0.00387871079,5.17286644e-05,45,0,1
0.0001,551,0.00430433964,0.00388629152,5.18410016e-05,45,0,1
0.0001,552,0.00431257393,0.00389387552,5.19534406e-05,45,0,1
0.0001,553,0.00432080962,0.00390146137,5.20659305e-05,45,0,1
0.0001,554,0.00432904717,0.00390904816,5.21785187e-05,45,0,1
0.0001,555,0.00434236787,0.00391669106,5.23861891e-05,45,0,1
0.0001,556,0.00434552552,0.00392422825,5.24038223e-05,45,0,1
0.0001,557,0.00435377145,0.00393182319,5.2516647e-05,45,0,1
0.0001,558,0.00436201412,0.00393941719,5.26294789e-05,45,0,1
0.0001,559,0.00437026145,0.00394701539,5.27424054e-05,45,0,1
0.0001,560,0.00437850971,0.00395461451,5.28554083e-05,45,0,1
0.0001,561,0.00438675843,0.00396221457,5.29684621e-05,45,0,1
0.0001,562,0.00439501042,0.00396981789,5.30815814e-05,45,0,1
0.0001,563,0.00440326519,0.00397742353,5.31948062e-05,45,0,1
0.0001,564,0.0044115209,0.00398503058,5.33080893e-05,45,0,1
0.0001,565,0.00441977754,0.00399263902,5.34214414e-05,45,0,1
0.0001,566,0.00443330081,0.0040003038,5.36327934e-05,45,0,1
0.0001,567,0.00443629827,0.00400786381,5.36483349e-05,45,0,1
0.0001,568,0.0044445605,0.00401547784,5.37619089e-05,45,0,1
0.0001,569,0.00445813872,0.00402314821,5.39742687e-05,45,0,1
0.0001,570,0.00446109194,0.00403071474,5.39892571e-05,45,0,1
0.0001,571,0.00446936069,0.00403833576,5.41030313e-05,45,0,1
0.0001,572,0.00447763084,0.00404595863,5.42168709e-05,45,0,1
0.0001,573,0.00448590424,0.00405358477,5.4330827e-05,45,0,1
0.0001,574,0.00449417718,0.00406121043,5.44447903e-05,45,0,1
0.0001,575,0.00450245431,0.0040688403,5.45588919e-05,45,0,1
0.0001,576,0.0045107319,0.00407647202,5.46730407e-05,45,0,1
0.0001,577,0.00451901089,0.00408410374,5.4787226e-05,45,0,1
0.0001,578,0.00453275535,0.00409178995,5.50026562e-05,45,0,1
0.0001,579,0.004535574,0.0040993751,5.5015862e-05,45,0,1
0.0001,580,0.00454385905,0.00410701428,5.51302874e-05,45,0,1
0.0001,581,0.00455214595,0.00411465578,5.52447891e-05,45,0,1
0.0001,582,0.00456043426,0.00412229821,5.53593454e-05,45,0,1
0.0001,583,0.00456872396,0.00412994204,5.54739963e-05,45,0,1
0.0001,584,0.00457701646,0.00413758913,5.55887018e-05,45,0,1
0.0001,585,0.00459089456,0.00414528884,5.5806544e-05,45,0,1
0.0001,586,0.00459360657,0.0041528889,5.58183601e-05,45,0,1
0.0001,587,0.00460190466,0.00416054251,5.5933273e-05,45,0,1
0.0001,588,0.0046102046,0.00416819751,5.60482877e-05,45,0,1
0.0001,589,0.00461850455,0.00417585345,5.6163346e-05,45,0,1
0.0001,590,0.00462680729,0.00418351078,5.62784553e-05,45,0,1
0.0001,591,0.00463511283,0.00419117324,5.63937137e-05,45,0,1
0.0001,592,0.00464341976,0.0041988357,5.65090013e-05,45,0,1
0.0001,593,0.00465172902,0.00420650095,5.66243543e-05,45,0,1
0.0001,594,0.00466003874,0.00421416713,5.6739791e-05,45,0,1
0.0001,595,0.00466835219,0.00422183657,5.68553005e-05,45,0,1
0.0001,596,0.00467666658,0.00422950694,5.697089e-05,45,0,1
0.0001,597,0.00468498096,0.00423717871,5.70865232e-05,45,0,1
0.0001,598,0.00469329953,0.00424485421,5.72022691e-05,45,0,1
0.0001,599,0.00470161811,0.0042525297,5.73180296e-05,45,0,1
0.0001,600,0.0047099418,0.00426021079,5.74339465e-05,45,0,1
0.0001,601,0.00472412724,0.00426793844,5.76573657e-05,45,0,1
0.0001,602,0.00472658966,0.00427557295,5.76658858e-05,45,0,1
0.0001,603,0.00473491615,0.00428325776,5.77819519e-05,45,0,1
0.0001,604,0.0047432459,0.0042909449,5.78981271e-05,45,0,1
0.0001,605,0.00475157518,0.00429863296,5.80143605e-05,45,0,1
0.0001,606,0.00475990819,0.00430632383,5.81306558e-05,45,0,1
0.0001,607,0.0047742133,0.00431406405,5.83562505e-05,45,0,1
0.0001,608,0.0047765784,0.00432171021,5.83634792e-05,45,0,1
0.0001,609,0.00478491653,0.00432940712,5.84799891e-05,45,0,1
0.0001,610,0.00479325652,0.00433710637,5.85965972e-05,45,0,1
0.0001,611,0.00480159791,0.00434480701,5.87132345e-05,45,0,1
0.0001,612,0.00480994117,0.00435250951,5.88299845e-05,45,0,1
0.0001,613,0.00481828721,0.00436021527,5.89468109e-05,45,0,1
0.0001,614,0.00483273203,0.0043679676,5.91749777e-05,45,0,1
0.0001,615,0.00483498303,0.00437562913,5.91806383e-05,45,0,1
0.0001,616,0.00484333327,0.00438333955,5.92976576e-05,45,0,1
0.0001,617,0.0048516863,0.00439105276,5.9414775e-05,45,0,1
0.0001,618,0.00486004073,0.00439876737,5.9531947e-05,45,0,1
0.0001,619,0.00487458706,0.00440652994,5.97619146e-05,45,0,1
0.0001,620,0.00487675657,0.00441420311,5.97665385e-05,45,0,1
0.0001,621,0.0048851152,0.00442192284,5.98839106e-05,45,0,1
0.0001,622,0.00489347801,0.00442964584,6.00013918e-05,45,0,1
0.0001,623,0.00490810443,0.00443741586,6.02328328e-05,45,0,1
0.0001,624,0.00491020735,0.00444509787,6.02365508e-05,45,0,1
0.0001,625,0.00491857389,0.00445282552,6.0354243e-05,45,0,1
0.0001,626,0.00492694508,0.00446055783,6.04720044e-05,45,0,1
0.0001,627,0.00494165067,0.00446833251,6.07049442e-05,45,0,1
0.0001,628,0.00494368793,0.00447602384,6.07077309e-05,45,0,1
0.0001,629,0.00495206239,0.00448376127,6.08257142e-05,45,0,1
0.0001,630,0.0049604387,0.00449149963,6.09437557e-05,45,0,1
0.0001,631,0.00496881641,0.00449923938,6.10618954e-05,45,0,1
0.0001,632,0.00497719646,0.0045069824,6.11800715e-05,45,0,1
0.0001,633,0.00499202963,0.00451477012,6.14152887e-05,45,0,1
0.0001,634,0.00499396119,0.00452247215,6.14166711e-05,45,0,1
0.0001,635,0.00500234729,0.00453022216,6.15350873e-05,45,0,1
0.0001,636,0.00501724379,0.00453801546,6.17714977e-05,45,0,1
0.0001,637,0.00501912646,0.00454572635,6.17721744e-05,45,0,1
0.0001,638,0.00502751675,0.00455348007,6.18907943e-05,45,0,1
0.0001,639,0.00503591215,0.00456123892,6.20095452e-05,45,0,1
0.0001,640,0.0050443043,0.00456899544,6.21282961e-05,45,0,1
0.0001,641,0.00505270157,0.00457675708,6.22471707e-05,45,0,1
0.0001,642,0.0050677238,0.00458456157,6.24858367e-05,45,0,1
0.0001,643,0.0050695017,0.00459228456,6.24851018e-05,45,0,1
0.0001,644,0.00507790269,0.00460005039,6.26041729e-05,45,0,1
0.0001,645,0.00508630881,0.00460782088,6.27233749e-05,45,0,1
0.0001,646,0.00510141347,0.00461563095,6.29635178e-05,45,0,1
0.0001,647,0.00510312058,0.00462336279,6.2961888e-05,45,0,1
0.0001,648,0.00511153089,0.00463113841,6.30812428e-05,45,0,1
0.0001,649,0.0051199412,0.00463891402,6.32006704e-05,45,0,1
0.0001,650,0.0051283557,0.00464669382,6.33202289e-05,45,0,1
0.0001,651,0.00514356885,0.00465451414,6.35623583e-05,45,0,1
0.0001,652,0.00515200524,0.00466229627,6.36823461e-05,45,0,1
0.0001,653,0.00515360618,0.00467004161,6.36792029e-05,45,0,1
0.0001,654,0.0051620286,0.00467783026,6.37990452e-05,45,0,1
0.0001,655,0.00517045055,0.00468561845,6.39189311e-05,45,0,1
0.0001,656,0.00517887529,0.00469340943,6.40388971e-05,45,0,1
0.0001,657,0.00518729957,0.00470120087,6.4158914e-05,45,0,1
0.0001,658,0.00519572804,0.00470899604,6.42790401e-05,45,0,1
0.0001,659,0.0052041579,0.00471679308,6.43992316e-05,45,0,1
0.0001,660,0.00521259103,0.0047245929,6.45195105e-05,45,0,1
0.0001,661,0.00522801979,0.00473242998,6.47655761e-05,45,0,1
0.0001,662,0.00522945821,0.00474019535,6.47602137e-05,45,0,1
0.0001,663,0.00523789739,0.00474800169,6.48807181e-05,45,0,1
0.0001,664,0.00524633471,0.00475580711,6.50012371e-05,45,0,1
0.0001,665,0.00525477622,0.00476361718,6.51219016e-05,45,0,1
0.0001,666,0.00526321866,0.00477142818,6.52425879e-05,45,0,1
0.0001,667,0.00527166342,0.00477924105,6.53633688e-05,45,0,1
0.0001,668,0.00528011052,0.00478705671,6.5484237e-05,45,0,1
0.0001,669,0.00528855855,0.00479487283,6.56051343e-05,45,0,1
0.0001,670,0.00529700844,0.00480269222,6.57261553e-05,45,0,1
0.0001,671,0.00530545926,0.00481051253,6.58472127e-05,45,0,1
0.0001,672,0.0053139152,0.00481833657,6.59683865e-05,45,0,1
0.0001,673,0.00532960985,0.00482619554,6.62193197e-05,45,0,1
0.0001,674,0.00533082848,0.00483398931,6.62109305e-05,45,0,1
0.0001,675,0.00534656877,0.00484185154,6.64626423e-05,45,0,1
0.0001,676,0.00534774875,0.0048496495,6.64537438e-05,45,0,1
0.0001,677,0.00535621308,0.00485748379,6.6575245e-05,45,0,1
0.0001,678,0.0053646774,0.00486531807,6.66968626e-05,45,0,1
0.0001,679,0.00537314219,0.00487315375,6.68184948e-05,45,0,1
0.0001,680,0.00538161211,0.00488099409,6.69402652e-05,45,0,1
0.0001,681,0.00539008202,0.0048888349,6.7062072e-05,45,0,1
0.0001,682,0.00539855333,0.00489667756,6.71839662e-05,45,0,1
0.0001,683,0.00540702837,0.00490452349,6.73059258e-05,45,0,1
0.0001,684,0.0054155048,0.00491237128,6.742798e-05,45,0,1
0.0001,685,0.00543147326,0.0049202526,6.76838899e-05,45,0,1
0.0001,686,0.00543997437,0.00492810365,6.78064098e-05,45,0,1
0.0001,687,0.00544094341,0.0049359249,6.77946009e-05,45,0,1
0.0001,688,0.00544942589,0.0049437806,6.79169025e-05,45,0,1
0.0001,689,0.00546548842,0.0049516689,6.81744932e-05,45,0,1
0.0001,690,0.00546639971,0.00495949853,6.81618185e-05,45,0,1
0.0001,691,0.00547488919,0.00496735983,6.82844111e-05,45,0,1
0.0001,692,0.00549102249,0.00497525139,6.85432606e-05,45,0,1
0.0001,693,0.00549187139,0.004983088,6.85297418e-05,45,0,1
0.0001,694,0.00550036598,0.00499095581,6.86525382e-05,45,0,1
0.0001,695,0.00550886244,0.00499882549,6.87754145e-05,45,0,1
0.0001,696,0.00551735936,0.00500669656,6.88983346e-05,45,0,1
0.0001,697,0.00552585907,0.0050145695,6.90213565e-05,45,0,1
0.0001,698,0.00553436298,0.00502244709,6.91444293e-05,45,0,1
0.0001,699,0.00555065647,0.00503035123,6.94062619e-05,45,0,1
0.0001,700,0.00555918412,0.00503823161,6.95298513e-05,45,0,1
0.0001,701,0.00555987889,0.00504608639,6.95141789e-05,45,0,1
0.0001,702,0.00556838838,0.00505396957,6.96375428e-05,45,0,1
0.0001,703,0.00558477733,0.00506188162,6.99010779e-05,45,0,1
0.0001,704,0.0055854111,0.00506974244,6.9884547e-05,45,0,1
0.0001,705,0.00559392618,0.00507763261,7.00081946e-05,45,0,1
0.0001,706,0.00560244313,0.00508552464,7.01318859e-05,45,0,1
0.0001,707,0.00561892986,0.00509344554,7.03971673e-05,45,0,1
0.0001,708,0.00561948214,0.00510131475,7.03794794e-05,45,0,1
0.0001,709,0.00562800467,0.00510921329,7.05034108e-05,45,0,1
0.0001,710,0.00563652674,0.00511711184,7.06273713e-05,45,0,1
0.0001,711,0.00565310987,0.00512503926,7.08944062e-05,45,0,1
0.0001,712,0.00565357925,0.00513291731,7.08755615e-05,45,0,1
0.0001,713,0.00566211063,0.00514082424,7.0999813e-05,45,0,1
0.0001,714,0.00567064155,0.00514873257,7.11241009e-05,45,0,1
0.0001,715,0.0056873234,0.0051566679,7.13929403e-05,45,0,1
0.0001,716,0.00568771176,0.00516455714,7.13729605e-05,45,0,1
0.0001,717,0.00569624966,0.00517247152,7.14974885e-05,45,0,1
0.0001,718,0.0057047857,0.0051803859,7.16220384e-05,45,0,1
0.0001,719,0.00571332732,0.00518830493,7.17467192e-05,45,0,1
0.0001,720,0.00572187034,0.00519622583,7.18715091e-05,45,0,1
0.0001,721,0.00573041337,0.00520414719,7.19962773e-05,45,0,1
0.0001,722,0.00573896104,0.00521207228,7.21211982e-05,45,0,1
0.0001,723,0.00574750826,0.0052199983,7.22461482e-05,45,0,1
0.0001,724,0.00575605733,0.00522792619,7.23712074e-05,45,0,1
0.0001,725,0.00577298459,0.00523587782,7.26445069e-05,45,0,1
0.0001,726,0.0057731634,0.00524378987,7.26215658e-05,45,0,1
0.0001,727,0.00578171806,0.00525172381,7.27467996e-05,45,0,1
0.0001,728,0.00579027366,0.00525965868,7.28721279e-05,45,0,1
0.0001,729,0.00579883624,0.00526760099,7.29976236e-05,45,0,1
0.0001,730,0.00581588736,0.00527555961,7.32731278e-05,45,0,1
0.0001,731,0.0058159586,0.00528348237,7.32486733e-05,45,0,1
0.0001,732,0.00582452118,0.00529142609,7.33743436e-05,45,0,1
0.0001,733,0.005841651,0.00529939169,7.36512739e-05,45,0,1
0.0001,734,0.00584165566,0.00530732144,7.36258662e-05,45,0,1
0.0001,735,0.00585022988,0.00531527586,7.37518058e-05,45,0,1
0.0001,736,0.00585879898,0.00532322563,7.38777162e-05,45,0,1
0.0001,737,0.00587602891,0.00533119775,7.41565018e-05,45,0,1
0.0001,738,0.00587594882,0.00533913821,7.412985e-05,45,0,1
0.0001,739,0.00589323044,0.00534711313,7.4409596e-05,45,0,1
0.0001,740,0.00589310797,0.00535505963,7.43823548e-05,45,0,1
0.0001,741,0.00590168638,0.00536302105,7.45086363e-05,45,0,1
0.0001,742,0.00591027271,0.00537098851,7.4635107e-05,45,0,1
0.0001,743,0.00591885624,0.00537895458,7.47615632e-05,45,0,1
0.0001,744,0.00592744164,0.00538692344,7.48881357e-05,45,0,1
0.0001,745,0.00593603123,0.00539489463,7.50147883e-05,45,0,1
0.0001,746,0.00594462221,0.00540286815,7.51415137e-05,45,0,1
0.0001,747,0.00595321506,0.00541084399,7.52683482e-05,45,0,1
0.0001,748,0.00596180977,0.0054188217,7.53951899e-05,45,0,1
0.0001,749,0.00597040448,0.00542679988,7.55221117e-05,45,0,1
0.0001,750,0.00597900292,0.00543478178,7.56491718e-05,45,0,1
0.0001,751,0.00598760182,0.00544276508,7.57762537e-05,45,0,1
0.0001,752,0.00600522198,0.00545076141,7.60620969e-05,45,0,1
0.0001,753,0.006004808,0.00545873865,7.60307012e-05,45,0,1
0.0001,754,0.0060134111,0.00546672707,7.61580086e-05,45,0,1
0.0001,755,0.00603111368,0.00547473086,7.64453362e-05,45,0,1
0.0001,756,0.00603062892,0.00548271323,7.6412929e-05,45,0,1
0.0001,757,0.00603923853,0.00549070816,7.65404766e-05,45,0,1
0.0001,758,0.00605702074,0.00549871707,7.68292739e-05,45,0,1
0.0001,759,0.006056468,0.00550670782,7.67958409e-05,45,0,1
0.0001,760,0.0060650832,0.00551470835,7.69236431e-05,45,0,1
0.0001,761,0.00607370166,0.00552271167,7.70514962e-05,45,0,1
0.0001,762,0.00609158957,0.00553072616,7.73421998e-05,45,0,1
0.0001,763,0.00609094463,0.00553872716,7.73074862e-05,45,0,1
0.0001,764,0.00609956821,0.00554673746,7.74356013e-05,45,0,1
0.0001,765,0.00610819412,0.00555474963,7.756376e-05,45,0,1
0.0001,766,0.0061168205,0.00556276273,7.76920133e-05,45,0,1
0.0001,767,0.00613484439,0.00557078514,7.79851689e-05,45,0,1
0.0001,768,0.00613408256,0.00557879824,7.79487746e-05,45,0,1
0.0001,769,0.00615216186,0.00558682159,7.82429561e-05,45,0,1
0.0001,770,0.00615134835,0.00559483888,7.82057832e-05,45,0,1
0.0001,771,0.00615998544,0.00560286362,7.83344003e-05,45,0,1
0.0001,772,0.00616862345,0.00561089022,7.8463112e-05,45,0,1
0.0001,773,0.00618681265,0.00561892241,7.87592289e-05,45,0,1
0.0001,774,0.00618590601,0.00562694902,7.87207537e-05,45,0,1
0.0001,775,0.00619455194,0.0056349826,7.884972e-05,45,0,1
0.0001,776,0.00621282496,0.00564301992,7.9147394e-05,45,0,1
0.0001,777,0.00622150302,0.00565105677,7.92770516e-05,45,0,1
0.0001,778,0.0062204944,0.00565909222,7.9237012e-05,45,0,1
0.0001,779,0.00622914778,0.00566713419,7.93662912e-05,45,0,1
0.0001,780,0.00623780023,0.00567517662,7.94956213e-05,45,0,1
0.0001,781,0.00624645548,0.00568322185,7.96250242e-05,45,0,1
0.0001,782,0.00626489706,0.00569126895,7.99257323e-05,45,0,1
0.0001,783,0.00627358072,0.00569931651,8.00557173e-05,45,0,1
0.0001,784,0.00627243193,0.00570736872,8.00136841e-05,45,0,1
0.0001,785,0.00628109649,0.0057154228,8.01434435e-05,45,0,1
0.0001,786,0.00629965169,0.00572347688,8.04462106e-05,45,0,1
0.0001,787,0.00629842654,0.00573153514,8.04030933e-05,45,0,1
0.0001,788,0.00630709436,0.00573959295,8.05330201e-05,45,0,1
0.0001,789,0.00632573711,0.00574765401,8.08373734e-05,45,0,1
0.0001,790,0.00633443519,0.005755716,8.09678822e-05,45,0,1
0.0001,791,0.00633310992,0.00576378359,8.09233243e-05,45,0,1
0.0001,792,0.00634178659,0.0057718521,8.10536003e-05,45,0,1
0.0001,793,0.00636054389,0.00577991782,8.13599909e-05,45,0,1
0.0001,794,0.00636924943,0.00578798819,8.14908562e-05,45,0,1
0.0001,795,0.00637795916,0.00579606276,8.16217871e-05,45,0,1
0.0001,796,0.00637650676,0.00580414338,8.15754247e-05,45,0,1
0.0001,797,0.00638519088,0.00581221981,8.17060645e-05,45,0,1
0.0001,798,0.00640409393,0.00582029298,8.20150381e-05,45,0,1
0.0001,799,0.0064025661,0.00582838245,8.19675479e-05,45,0,1
0.0001,800,0.0064112572,0.00583646633,8.20984642e-05,45,0,1
0.0001,801,0.00641995249,0.0058445544,8.22294387e-05,45,0,1
0.0001,802,0.0064389715,0.00585263269,8.25405805e-05,45,0,1
0.0001,803,0.00643733982,0.00586073101,8.24915624e-05,45,0,1
0.0001,804,0.00644603837,0.00586882327,8.26227842e-05,45,0,1
0.0001,805,0.00646514865,0.00587690761,8.29355267e-05,45,0,1
0.0001,806,0.00646344107,0.00588501524,8.28853954e-05,45,0,1
0.0001,807,0.00648260862,0.00589310098,8.31991711e-05,45,0,1
0.0001,808,0.00648084981,0.00590121374,8.31483121e-05,45,0,1
0.0001,809,0.0065000779,0.0059093032,8.34632083e-05,45,0,1
0.0001,810,0.0065088165,0.0059174085,8.35953251e-05,45,0,1
0.0001,811,0.00650697434,0.00592552591,8.35432584e-05,45,0,1
0.0001,812,0.00651568966,0.0059336368,8.36750987e-05,45,0,1
0.0001,813,0.00652440451,0.00594174769,8.38070118e-05,45,0,1
0.0001,814,0.00653311936,0.00594985997,8.39389395e-05,45,0,1
0.0001,815,0.00654183887,0.00595797552,8.40710418e-05,45,0,1
0.0001,816,0.00655055838,0.00596609199,8.42031295e-05,45,0,1
0.0001,817,0.00655927835,0.00597420987,8.43352755e-05,45,0,1
0.0001,818,0.00657878537,0.0059823175,8.46551775e-05,45,0,1
0.0001,819,0.00657672808,0.00599045446,8.4599953e-05,45,0,1
0.0001,820,0.00658545736,0.00599858118,8.47324482e-05,45,0,1
0.0001,821,0.00660505332,0.00600668974,8.50538927e-05,45,0,1
0.0001,822,0.00660291826,0.00601483835,8.49975477e-05,45,0,1
0.0001,823,0.00662257615,0.00602295017,8.53200909e-05,45,0,1
0.0001,824,0.00663134083,0.00603108294,8.54533282e-05,45,0,1
0.0001,825,0.00664010784,0.00603921898,8.55866601e-05,45,0,1
0.0001,826,0.00663786056,0.0060473755,8.55286999e-05,45,0,1
0.0001,827,0.00664660241,0.00605551573,8.56616753e-05,45,0,1
0.0001,828,0.00666641723,0.00606363593,8.59870779e-05,45,0,1
0.0001,829,0.00666408753,0.00607180083,8.59279025e-05,45,0,1
0.0001,830,0.00667283405,0.00607994758,8.60610962e-05,45,0,1
0.0001,831,0.00669274479,0.00608807243,8.63882015e-05,45,0,1
0.0001,832,0.00669033034,0.00609624386,8.63277746e-05,45,0,1
0.0001,833,0.00669908291,0.00610439759,8.64612593e-05,45,0,1
0.0001,834,0.00670783455,0.00611255085,8.65947659e-05,45,0,1
0.0001,835,0.00671659224,0.00612070831,8.67283961e-05,45,0,1
0.0001,836,0.00672534853,0.00612886529,8.68621064e-05,45,0,1
0.0001,837,0.00674545253,0.00613700133,8.71926532e-05,45,0,1
0.0001,838,0.00675424468,0.00614516437,8.73270255e-05,45,0,1
0.0001,839,0.00676303683,0.00615332741,8.74613834e-05,45,0,1
0.0001,840,0.00677182898,0.00616149092,8.75958794e-05,45,0,1
0.0001,841,0.00678062858,0.00616966141,8.77305138e-05,45,0,1
0.0001,842,0.00678942772,0.00617783144,8.78651699e-05,45,0,1
0.0001,843,0.00679822825,0.0061860038,8.79999352e-05,45,0,1
0.0001,844,0.00679547293,0.00619420875,8.79344952e-05,45,0,1
0.0001,845,0.0068158377,0.00620235596,8.82697059e-05,45,0,1
0.0001,846,0.00681302231,0.00621056324,8.82033273e-05,45,0,1
0.0001,847,0.00683345133,0.00621871371,8.85397094e-05,45,0,1
0.0001,848,0.00684226444,0.0062268991,8.86749331e-05,45,0,1
0.0001,849,0.00683936058,0.0062351143,8.86072958e-05,45,0,1
0.0001,850,0.00685989019,0.00624326896,8.89454532e-05,45,0,1
0.0001,851,0.00685692905,0.00625149114,8.88769428e-05,45,0,1
0.0001,852,0.00687752711,0.00625965092,8.92163371e-05,45,0,1
0.0001,853,0.00688634766,0.0062678447,8.93518736e-05,45,0,1
0.0001,854,0.00689516636,0.00627603661,8.94874611e-05,45,0,1
0.0001,855,0.0069039911,0.00628423411,8.9623165e-05,45,0,1
0.0001,856,0.00690088142,0.00629247027,8.95525372e-05,45,0,1
0.0001,857,0.00690967543,0.00630067103,8.96878773e-05,45,0,1
0.0001,858,0.00691847596,0.00630887644,8.98233266e-05,45,0,1
0.0001,859,0.00693930732,0.00631704461,9.01668391e-05,45,0,1
0.0001,860,0.00694814138,0.00632525096,9.03029722e-05,45,0,1
0.0001,861,0.00694487942,0.00633350015,9.02300671e-05,45,0,1
0.0001,862,0.00696581556,0.00634167437,9.05754714e-05,45,0,1
0.0001,863,0.00697465567,0.00634988816,9.07118083e-05,45,0,1
0.0001,864,0.00697130337,0.00635814527,9.06375935e-05,45,0,1
0.0001,865,0.00699233869,0.00636632042,9.09847731e-05,45,0,1
0.0001,866,0.00698892307,0.00637458172,9.0909627e-05,45,0,1
0.0001,867,0.00701003289,0.00638276385,9.12580363e-05,45,0,1
0.0001,868,0.00700655486,0.00639103074,9.11820171e-05,45,0,1
0.0001,869,0.00701537356,0.00639925711,9.13182885e-05,45,0,1
0.0001,870,0.00703658722,0.0064074425,9.16686113e-05,45,0,1
0.0001,871,0.00703301607,0.00641571777,9.15911442e-05,45,0,1
0.0001,872,0.00705430051,0.00642390735,9.19426966e-05,45,0,1
0.0001,873,0.00706316018,0.00643214211,9.20798484e-05,45,0,1
0.0001,874,0.00705949496,0.00644042576,9.20010571e-05,45,0,1
0.0001,875,0.00706832111,0.00644866284,9.21377941e-05,45,0,1
0.0001,876,0.00707715517,0.00645690598,9.22747204e-05,45,0,1
0.0001,877,0.00709861331,0.00646509929,9.2629336e-05,45,0,1
0.0001,878,0.00710748415,0.00647334475,9.27670626e-05,45,0,1
0.0001,879,0.0071163536,0.00648159208,9.29045782e-05,45,0,1
0.0001,880,0.00712522678,0.0064898422,9.30422757e-05,45,0,1
0.0001,881,0.00713410042,0.00649809232,9.31801333e-05,45,0,1
0.0001,882,0.00714297919,0.00650634756,9.33180272e-05,45,0,1
0.0001,883,0.00715185842,0.0065146042,9.34560157e-05,45,0,1
0.0001,884,0.00715251034,0.00652285805,9.3383198e-05,45,0,1
0.0001,885,0.0071696192,0.00653111935,9.37322038e-05,45,0,1
0.0001,886,0.00717850775,0.0065393839,9.38706144e-05,45,0,1
0.0001,887,0.00717441831,0.00654769922,9.37853911e-05,45,0,1
0.0001,888,0.00718796765,0.00655590976,9.39343736e-05,45,0,1
0.0001,889,0.00720516918,0.00656417944,9.42855768e-05,45,0,1
0.0001,890,0.00721406005,0.00657244865,9.44241619e-05,45,0,1
0.0001,891,0.00720984396,0.0065807784,9.43371997e-05,45,0,1
0.0001,892,0.00723185111,0.00658899639,9.47014705e-05,45,0,1
0.0001,893,0.00724074896,0.00659727305,9.48403031e-05,45,0,1
0.0001,894,0.00724964822,0.00660555065,9.49791938e-05,45,0,1
0.0001,895,0.00724529522,0.00661388878,9.48902161e-05,45,0,1
0.0001,896,0.00726745557,0.00662211468,9.52571718e-05,45,0,1
0.0001,897,0.00727636088,0.00663039973,9.53962954e-05,45,0,1
0.0001,898,0.00728526851,0.00663868617,9.55354844e-05,45,0,1
0.0001,899,0.00728077954,0.00664703595,9.54445495e-05,45,0,1
0.0001,900,0.00730308983,0.00665526604,9.58141827e-05,45,0,1
0.0001,901,0.00731200352,0.006663559,9.59536264e-05,45,0,1
0.0001,902,0.00732091814,0.00667185429,9.60931357e-05,45,0,1
0.0001,903,0.00732983788,0.00668015331,9.62327758e-05,45,0,1
0.0001,904,0.00733875344,0.00668844953,9.63724233e-05,45,0,1
0.0001,905,0.00734767597,0.00669675181,9.6512209e-05,45,0,1
0.0001,906,0.00735659944,0.00670505501,9.66522421e-05,45,0,1
0.0001,907,0.0073655257,0.00671336195,9.67920496e-05,45,0,1
0.0001,908,0.00737445103,0.00672166795,9.69320026e-05,45,0,1
0.0001,909,0.00738338148,0.00672997907,9.70721885e-05,45,0,1
0.0001,910,0.0073923124,0.00673829112,9.72123089e-05,45,0,1
0.0001,911,0.00740124565,0.0067466055,9.7352633e-05,45,0,1
0.0001,912,0.00741018029,0.00675492082,9.74929499e-05,45,0,1
0.0001,913,0.00741911493,0.00676323753,9.76333322e-05,45,0,1
0.0001,914,0.00742805796,0.00677156122,9.77739837e-05,45,0,1
0.0001,915,0.00743699586,0.00677988119,9.79144679e-05,45,0,1
0.0001,916,0.00744594075,0.00678820768,9.80551922e-05,45,0,1
0.0001,917,0.00745488331,0.00679653184,9.81959456e-05,45,0,1
0.0001,918,0.00746383052,0.00680486113,9.8336779e-05,45,0,1
0.0001,919,0.00747278007,0.00681319321,9.84777362e-05,45,0,1
0.0001,920,0.00748172961,0.00682152435,9.8618737e-05,45,0,1
0.0001,921,0.00749068428,0.00682986155,9.87598687e-05,45,0,1
0.0001,922,0.00749963569,0.00683819596,9.89009859e-05,45,0,1
0.0001,923,0.00750859361,0.00684653642,9.90422559e-05,45,0,1
0.0001,924,0.0075175534,0.00685487874,9.91836132e-05,45,0,1
0.0001,925,0.00752651272,0.00686322106,9.93250578e-05,45,0,1
0.0001,926,0.00753547577,0.00687156664,9.94667789e-05,45,0,1
0.0001,927,0.00754443975,0.00687991409,9.96081872e-05,45,0,1
0.0001,928,0.00755340559,0.00688826432,9.97498064e-05,45,0,1
0.0001,929,0.0075623733,0.00689661549,9.98915857e-05,45,0,1
0.0001,930,0.00757134426,0.00690496992,0.000100033474,45,0,1
0.0001,931,0.00758031476,0.00691332482,0.000100175283,45,0,1
0.0001,932,0.00758928945,0.00692168297,0.000100317295,45,0,1
0.0001,933,0.00759826554,0.00693004346,0.000100459423,45,0,1
0.0001,934,0.00760724489,0.00693840627,0.00010060161,45,0,1
0.0001,935,0.00761622423,0.00694677047,0.000100743833,45,0,1
0.0001,936,0.00762520684,0.00695513748,0.000100886231,45,0,1
0.0001,937,0.00763419131,0.00696350681,0.000101028643,45,0,1
0.0001,938,0.00764317624,0.00697187707,0.000101171099,45,0,1
0.0001,939,0.00765216118,0.00698024686,0.000101313679,45,0,1
0.0001,940,0.00766115263,0.00698862318,0.000101456346,45,0,1
0.0001,941,0.00767014502,0.00699700089,0.000101599115,45,0,1
0.0001,942,0.00767913833,0.00700538,0.000101742153,45,0,1
0.0001,943,0.00768813398,0.00701376097,0.000101884849,45,0,1
0.0001,944,0.00769713148,0.00702214427,0.000102027821,45,0,1
0.0001,945,0.00770613179,0.00703053083,0.000102170947,45,0,1
0.0001,946,0.00771513348,0.00703891786,0.00010231413,45,0,1
0.0001,947,0.00772413658,0.00704730721,0.000102457372,45,0,1
0.0001,948,0.00773314061,0.0070556975,0.000102600934,45,0,1
0.0001,949,0.00774215069,0.00706409384,0.000102744139,45,0,1
0.0001,950,0.00775115984,0.00707249017,0.000102887694,45,0,1
0.0001,951,0.00776016852,0.00708088605,0.000103031198,45,0,1
0.0001,952,0.00776918232,0.00708928658,0.000103174883,45,0,1
0.0001,953,0.00777819799,0.00709768897,0.000103318656,45,0,1
0.0001,954,0.00778721645,0.00710609369,0.000103462502,45,0,1
0.0001,955,0.00779623585,0.0071145012,0.00010360642,45,0,1
0.0001,956,0.00780525617,0.00712290965,0.000103750426,45,0,1
0.0001,957,0.00781427976,0.00713131996,0.00010389449,45,0,1
0.0001,958,0.0078233052,0.00713973353,0.000104038685,45,0,1
0.0001,959,0.00783233158,0.00714814803,0.000104182887,45,0,1
0.0001,960,0.00784135982,0.00715656392,0.000104327235,45,0,1
0.0001,961,0.00785039086,0.00716498401,0.000104471641,45,0,1
0.0001,962,0.00785942469,0.00717340503,0.000104616185,45,0,1
0.0001,963,0.00786845759,0.00718182744,0.000104760707,45,0,1
0.0001,964,0.00787749607,0.00719025359,0.000104905419,45,0,1
0.0001,965,0.00788653083,0.00719867833,0.000105050152,45,0,1
0.0001,966,0.00789557584,0.00720711146,0.000105195046,45,0,1
0.0001,967,0.00790461712,0.00721554272,0.000105339946,45,0,1
0.0001,968,0.00791366212,0.00722397584,0.000105484942,45,0,1
0.0001,969,0.00792270899,0.0072324127,0.000105630017,45,0,1
0.0001,970,0.00793175679,0.00724085048,0.000105775238,45,0,1
0.0001,971,0.00794080552,0.00724928919,0.000105920662,45,0,1
0.0001,972,0.0079498617,0.00725773489,0.000106065854,45,0,1
0.0001,973,0.00795891881,0.00726618012,0.000106211279,45,0,1
0.0001,974,0.0079679722,0.00727462489,0.00010635682,45,0,1
0.0001,975,0.0079770321,0.00728307525,0.000106502426,45,0,1
0.0001,976,0.00797570776,0.00729156332,0.000106390522,45,0,1
0.0001,977,0.00799515285,0.00729997689,0.000106793814,45,0,1
0.0001,978,0.00800421555,0.00730843004,0.000106939624,45,0,1
0.0001,979,0.00801328197,0.00731688784,0.00010708558,45,0,1
0.0001,980,0.00802235026,0.00732534751,0.00010723179,45,0,1
0.0001,981,0.00803142041,0.00733380811,0.000107377688,45,0,1
0.0001,982,0.00804049335,0.0073422729,0.000107523912,45,0,1
0.0001,983,0.00804957002,0.00735074049,0.000107670196,45,0,1
0.0001,984,0.00805864483,0.00735920668,0.000107816551,45,0,1
0.0001,985,0.00806772243,0.00736767612,0.000107962929,45,0,1
0.0001,986,0.00807680376,0.0073761493,0.000108109518,45,0,1
0.0001,987,0.00808588415,0.007384622,0.000108256107,45,0,1
0.0001,988,0.00809497014,0.0073931003,0.000108402848,45,0,1
0.0001,989,0.00810405426,0.00740157673,0.000108549582,45,0,1
0.0001,990,0.00811314397,0.00741005875,0.000108696426,45,0,1
0.0001,991,0.00812223554,0.00741854263,0.000108843429,45,0,1
0.0001,992,0.00813132338,0.00742702326,0.000108990396,45,0,1
0.0001,993,0.00814041775,0.0074355104,0.000109137516,45,0,1
0.0001,994,0.0081495177,0.00744400313,0.000109284825,45,0,1
0.0001,995,0.00815861486,0.00745249353,0.000109432083,45,0,1
0.0001,996,0.00816771388,0.00746098626,0.000109579443,45,0,1
0.0001,997,0.00817681383,0.00746948039,0.00010972684,45,0,1
0.0001,998,0.00818591844,0.00747797778,0.00010987444,45,0,1
0.0001,999,0.00819502398,0.00748647796,0.000110022316,45,0,1
0.0001,1000,0.00820413325,0.00749498047,0.000110169764,45,0,1
0.0001,1001,0.00821324158,0.00750348251,0.000110317538,45,0,1
0.0001,1002,0.00822235178,0.00751198782,0.000110465393,45,0,1
0.0001,1003,0.00823146477,0.00752049545,0.000110613371,45,0,1
0.0001,1004,0.00824058335,0.00752900774,0.000110761452,45,0,1
0.0001,1005,0.00824970193,0.00753752096,0.000110909648,45,0,1
0.0001,1006,0.00825881958,0.00754603418,0.000111057787,45,0,1
0.0001,1007,0.00826794188,0.00755455066,0.000111206144,45,0,1
0.0001,1008,0.00827706605,0.00756307039,0.000111354566,45,0,1
0.0001,1009,0.00828619115,0.0075715906,0.000111503003,45,0,1
0.0001,1010,0.00829532091,0.00758011546,0.000111651585,45,0,1
0.0001,1011,0.0083044488,0.00758863986,0.000111800269,45,0,1
0.0001,1012,0.00831357855,0.00759716518,0.000111948932,45,0,1
0.0001,1013,0.0083227111,0.00760569423,0.000112097747,45,0,1
0.0001,1014,0.00833184924,0.00761422794,0.000112246722,45,0,1
0.0001,1015,0.00834098645,0.00762276072,0.000112395668,45,0,1
0.0001,1016,0.00835012551,0.00763129629,0.000112544789,45,0,1
0.0001,1017,0.00835926645,0.00763983419,0.000112693931,45,0,1
0.0001,1018,0.00836840924,0.00764837302,0.000112843154,45,0,1
0.0001,1019,0.00837755483,0.00765691604,0.000112992479,45,0,1
0.0001,1020,0.00838670041,0.00766545767,0.000113141847,45,0,1
0.0001,1021,0.00839584973,0.00767400488,0.000113291397,45,0,1
0.0001,1022,0.00840500277,0.00768255442,0.000113441027,45,0,1
0.0001,1023,0.00841415673,0.00769110629,0.000113590708,45,0,1
1e-05,0,4.16329276e-05,0,0,92,0,1
1e-05,1,4.9240356e-05,6.54041787e-06,7.70163169e-08,93,0,1
1e-05,2,5.64646143e-05,1.30826502e-05,1.54089633e-07,93,0,1
1e-05,3,6.43933454e-05,1.96268902e-05,2.31126975e-07,93,0,1
1e-05,4,7.06680294e-05,2.61725381e-05,3.08409426e-07,93,0,1
1e-05,5,8.05621676e-05,3.27202288e-05,3.85623679e-07,93,0,1
1e-05,6,8.52569719e-05,3.92696784e-05,4.62961367e-07,93,0,1
1e-05,7,9.23574844e-05,4.5820947e-05,5.40314488e-07,93,0,1
1e-05,8,0.00010239354,5.23740746e-05,6.17676903e-07,93,0,1
1e-05,9,0.000107275824,5.89289411e-05,6.95208655e-07,93,0,1
1e-05,10,0.000116935713,6.54857213e-05,7.72672195e-07,93,0,1
1e-05,11,0.000123192294,7.20446114e-05,8.50103959e-07,93,0,1
1e-05,12,0.00012925487,7.8604462e-05,9.27991834e-07,93,0,1
1e-05,13,0.00013877415,8.5166721e-05,1.00559475e-06,93,0,1
1e-05,14,0.000144513149,9.17314901e-05,1.08309314e-06,93,0,1
1e-05,15,0.000151626373,9.82973797e-05,1.16078627e-06,93,0,1
1e-05,16,0.000158171621,0.000104864012,1.23914322e-06,93,0,1
1e-05,17,0.000167903985,0.000111433437,1.31696822e-06,93,0,1
1e-05,18,0.000174282482,0.000118005213,1.39476242e-06,93,0,1
1e-05,19,0.000182469143,0.00012457768,1.47299943e-06,93,0,1
1e-05,20,0.000187952901,0.000131153924,1.55050577e-06,93,0,1
1e-05,21,0.000197064568,0.000137729163,1.62926597e-06,93,0,1
1e-05,22,0.00020431263,0.000144307822,1.70750423e-06,93,0,1
1e-05,23,0.000210036145,0.000150889377,1.78526102e-06,93,0,1
1e-05,24,0.000218005167,0.000157470888,1.86380396e-06,93,0,1
1e-05,25,0.000225346739,0.000164054713,1.94221798e-06,93,0,1
1e-05,26,0.000231773432,0.000170641448,2.02020033e-06,93,0,1
1e-05,27,0.00023988921,0.000177228212,2.09912582e-06,93,0,1
1e-05,28,0.00024563921,0.000183816635,2.17817751e-06,93,0,1
1e-05,29,0.00025294043,0.000190407794,2.25680606e-06,93,0,1
1e-05,30,0.000261843496,0.000197001849,2.33497008e-06,93,0,1
1e-05,31,0.000269172044,0.000203596632,2.41371799e-06,93,0,1
1e-05,32,0.0002774022,0.00021019236,2.4928604e-06,93,0,1
1e-05,33,0.000284714566,0.000216790751,2.571717e-06,93,0,1
1e-05,34,0.000291073811,0.00022339214,2.65024028e-06,93,0,1
1e-05,35,0.000298368017,0.000229994213,2.7291735e-06,93,0,1
1e-05,36,0.00030480072,0.000236596854,2.8088557e-06,93,0,1
1e-05,37,0.000313035154,0.000243203947,2.88727119e-06,93,0,1
1e-05,38,0.000320389197,0.000249811565,2.96644771e-06,93,0,1
1e-05,39,0.000327659771,0.000256421074,3.04560763e-06,93,0,1
1e-05,40,0.000333478412,0.000263030815,3.12558132e-06,93,0,1
1e-05,41,0.000340680417,0.000269643846,3.2048747e-06,93,0,1
1e-05,42,0.000349669135,0.000276260107,3.28353872e-06,93,0,1
1e-05,43,0.000355352415,0.000282875262,3.36370476e-06,93,0,1
1e-05,44,0.000364289939,0.000289495336,3.44242721e-06,93,0,1
1e-05,45,0.000372616225,0.000296114245,3.52254483e-06,93,0,1
1e-05,46,0.000378130848,0.000302736007,3.60244053e-06,93,0,1
1e-05,47,0.000384970568,0.000309360039,3.68215956e-06,93,0,1
1e-05,48,0.000391997484,0.00031598573,3.76178946e-06,93,0,1
1e-05,49,0.000400111778,0.000322613138,3.84163832e-06,93,0,1
1e-05,50,0.000407423388,0.000329242728,3.92148286e-06,93,0,1
1e-05,51,0.000416650029,0.000335874327,4.0011023e-06,93,0,1
1e-05,52,0.000423998543,0.000342507439,4.08107007e-06,93,0,1
1e-05,53,0.000431349588,0.000349142298,4.16109697e-06,93,0,1
1e-05,54,0.00043698441,0.000355778378,4.24154132e-06,93,0,1
1e-05,55,0.000445056998,0.000362419407,4.32055776e-06,93,0,1
1e-05,56,0.000451688102,0.000369057525,4.40189615e-06,93,0,1
1e-05,57,0.00045893903,0.000375699747,4.48208812e-06,93,0,1
1e-05,58,0.000468116836,0.000382343977,4.56209864e-06,93,0,1
1e-05,59,0.000474486442,0.000388991815,4.64165987e-06,93,0,1
1e-05,60,0.000480260234,0.000395637529,4.7232279e-06,92,0,1
1e-05,61,0.000489213329,0.000402289152,4.80256904e-06,93,0,1
1e-05,62,0.000496580906,0.000408940366,4.88311571e-06,93,0,1
1e-05,63,0.000504916476,0.000415591523,4.9645605e-06,93,0,1
1e-05,64,0.000512289058,0.00042224658,5.04523359e-06,93,0,1
1e-05,65,0.000517119654,0.000428903062,5.12632641e-06,92,0,1
1e-05,66,0.000526044576,0.000435564172,5.20583626e-06,93,0,1
1e-05,67,0.000532720995,0.000442221877,5.28801183e-06,93,0,1
1e-05,68,0.00054012792,0.000448884035,5.36893367e-06,93,0,1
1e-05,69,0.00054816663,0.000455551082,5.44851491e-06,93,0,1
1e-05,70,0.00055652915,0.000462214753,5.53048812e-06,93,0,1
1e-05,71,0.000561501307,0.000468882179,5.61200613e-06,93,0,1
1e-05,72,0.000569508236,0.000475551642,5.69315853e-06,93,0,1
1e-05,73,0.000577667495,0.000482226169,5.77285073e-06,93,0,1
1e-05,74,0.000585055386,0.000488899357,5.85410271e-06,93,0,1
1e-05,75,0.000590996817,0.000495571585,5.93693221e-06,93,0,1
1e-05,76,0.000599100487,0.000502248236,6.01831334e-06,93,0,1
1e-05,77,0.000606504793,0.000508926867,6.09976314e-06,93,0,1
1e-05,78,0.000614616089,0.000515610678,6.17968271e-06,93,0,1
1e-05,79,0.00062047469,0.000522290531,6.26279143e-06,92,0,1
1e-05,80,0.000628496869,0.000528974342,6.34434809e-06,93,0,1
1e-05,81,0.00063600752,0.000535660132,6.42612986e-06,93,0,1
1e-05,82,0.000643190928,0.000542348193,6.50775655e-06,93,0,1
1e-05,83,0.000650904607,0.000549037824,6.58967065e-06,93,0,1
1e-05,84,0.000659998797,0.000555730367,6.67101813e-06,93,0,1
1e-05,85,0.000667401648,0.000562423491,6.75292631e-06,93,0,1
1e-05,86,0.000674808107,0.000569119118,6.83490134e-06,93,0,1
1e-05,87,0.000679807737,0.000575815677,6.91752302e-06,92,0,1
1e-05,88,0.000689622189,0.000582514913,6.99901375e-06,93,0,1
1e-05,89,0.000694558199,0.000589215429,7.08162452e-06,93,0,1
1e-05,90,0.000702655525,0.000595917576,7.16386603e-06,93,0,1
1e-05,91,0.000710085151,0.000602621876,7.24614256e-06,93,0,1
1e-05,92,0.000718235387,0.00060933223,7.32649505e-06,93,0,1
1e-05,93,0.000724903424,0.000616036297,7.41085887e-06,93,0,1
1e-05,94,0.000731605978,0.000622746709,7.49327e-06,93,0,1
1e-05,95,0.000740509131,0.000629462069,7.57383668e-06,93,0,1
1e-05,96,0.000747106504,0.00063617155,7.65835466e-06,93,0,1
1e-05,97,0.000756381778,0.000642887957,7.74049113e-06,93,0,1
1e-05,98,0.000762761629,0.000649608613,7.82158349e-06,93,0,1
1e-05,99,0.000770176353,0.000656327931,7.90426384e-06,93,0,1
1e-05,100,0.000778667512,0.000663045328,7.98872315e-06,93,0,1
1e-05,101,0.000784271921,0.000669767091,8.07210745e-06,93,0,1
1e-05,102,0.000792434788,0.000676496362,8.15265503e-06,93,0,1
1e-05,103,0.000798465917,0.000683218648,8.23801929e-06,92,0,1
1e-05,104,0.000807330711,0.000689951528,8.31873604e-06,93,0,1
1e-05,105,0.000815842301,0.000696677598,8.40363737e-06,93,0,1
1e-05,106,0.000822178961,0.000703413738,8.48484342e-06,93,0,1
1e-05,107,0.000828828372,0.000710142485,8.57052783e-06,93,0,1
1e-05,108,0.000837117608,0.000716882758,8.65151833e-06,93,0,1
1e-05,109,0.000844527734,0.000723620702,8.73469617e-06,93,0,1
1e-05,110,0.000851974881,0.000730360218,8.81808137e-06,93,0,1
1e-05,111,0.000860510743,0.000737097522,8.90350384e-06,93,0,1
1e-05,112,0.000866845367,0.00074384443,8.98490271e-06,93,0,1
1e-05,113,0.000873573357,0.00075058412,9.07117828e-06,93,0,1
1e-05,114,0.000881776272,0.000757336093,9.15218425e-06,93,0,1
1e-05,115,0.00089032494,0.000764080731,9.23794505e-06,93,0,1
1e-05,116,0.00089668599,0.000770835555,9.31959676e-06,93,0,1
1e-05,117,0.0009033276,0.000777581881,9.40606878e-06,93,0,1
1e-05,118,0.000912706484,0.000784337055,9.48941488e-06,93,0,1
1e-05,119,0.000918267528,0.000791092229,9.57391512e-06,93,0,1
1e-05,120,0.000927637564,0.000797850895,9.6573649e-06,93,0,1
1e-05,121,0.000933992094,0.000804615091,9.73916212e-06,93,0,1
1e-05,122,0.000941455306,0.000811376492,9.82325128e-06,93,0,1
1e-05,123,0.000948119326,0.00081813446,9.9102881e-06,93,0,1
1e-05,124,0.000955519557,0.000824899529,9.99448184e-06,93,0,1
1e-05,125,0.000963046332,0.000831666344,1.00788211e-05,93,0,1
1e-05,126,0.000972456706,0.000838436186,1.01626256e-05,93,0,1
1e-05,127,0.000979934819,0.000845207484,1.02470467e-05,93,0,1
1e-05,128,0.000987412757,0.000851979828,1.03315306e-05,93,0,1
1e-05,129,0.000993761583,0.0008587591,1.04135388e-05,93,0,1
1e-05,130,0.00100036722,0.000865529466,1.05012114e-05,93,0,1
1e-05,131,0.00100872864,0.000872313511,1.05827776e-05,93,0,1
1e-05,132,0.00101537805,0.000879087369,1.06706393e-05,93,0,1
1e-05,133,0.00102369522,0.00088587543,1.07522119e-05,93,0,1
1e-05,134,0.0010303515,0.000892652839,1.08402819e-05,93,0,1
1e-05,135,0.00103867473,0.00089944416,1.09219163e-05,93,0,1
1e-05,136,0.00104730425,0.000906226691,1.10095607e-05,93,0,1
1e-05,137,0.00105365715,0.000913020922,1.109184e-05,93,0,1
1e-05,138,0.00106115662,0.000919811951,1.11769223e-05,93,0,1
1e-05,139,0.00106981175,0.000926599547,1.12648368e-05,93,0,1
1e-05,140,0.00107528758,0.000933393312,1.13506203e-05,93,0,1
1e-05,141,0.00108277972,0.000940190163,1.14358909e-05,93,0,1
1e-05,142,0.00109239249,0.000946989108,1.15204921e-05,93,0,1
1e-05,143,0.00109867309,0.000953795505,1.16032197e-05,93,0,1
1e-05,144,0.00110529445,0.000960591016,1.1692081e-05,93,0,1
1e-05,145,0.0011127888,0.000967395259,1.17775899e-05,93,0,1
1e-05,146,0.00112029992,0.00097420119,1.18631688e-05,93,0,1
1e-05,147,0.00112789299,0.000981008518,1.19488786e-05,93,0,1
1e-05,148,0.00113531726,0.000987817766,1.20344912e-05,93,0,1
1e-05,149,0.00114370312,0.000994636444,1.21165003e-05,93,0,1
1e-05,150,0.00115122006,0.0010014493,1.22022748e-05,93,0,1
1e-05,151,0.00115873548,0.00100826542,1.22881193e-05,93,0,1
1e-05,152,0.001165319,0.0010150749,1.23778264e-05,93,0,1
1e-05,153,0.00117497181,0.00102189463,1.24633207e-05,93,0,1
1e-05,154,0.00118129072,0.00102872157,1.25459683e-05,93,0,1
1e-05,155,0.0011888179,0.00103554409,1.26320738e-05,93,0,1
1e-05,156,0.00119635335,0.00104236871,1.27182921e-05,93,0,1
1e-05,157,0.00120505877,0.00104918901,1.28078882e-05,93,0,1
1e-05,158,0.00121269072,0.00105601642,1.28940783e-05,93,0,1
1e-05,159,0.00121892407,0.00106285315,1.29769751e-05,93,0,1
1e-05,160,0.00122647791,0.00106968533,1.30635099e-05,93,0,1
1e-05,161,0.00123519613,0.00107651204,1.31534634e-05,93,0,1
1e-05,162,0.00124061492,0.0010833462,1.32406021e-05,93,0,1
1e-05,163,0.00124816364,0.00109018409,1.33272297e-05,93,0,1
1e-05,164,0.00125570537,0.00109702291,1.34139054e-05,93,0,1
1e-05,165,0.00126546691,0.00110386475,1.34999354e-05,93,0,1
1e-05,166,0.00127301528,0.00111070788,1.35867504e-05,93,0,1
1e-05,167,0.00127832254,0.00111755205,1.36742774e-05,93,0,1
1e-05,168,0.00128586602,0.0011243989,1.37611969e-05,93,0,1
1e-05,169,0.00129318004,0.00113124505,1.38489613e-05,93,0,1
1e-05,170,0.00130312215,0.00113809831,1.39346266e-05,93,0,1
1e-05,171,0.00131072942,0.00114495051,1.40214688e-05,93,0,1
1e-05,172,0.00131606613,0.00115180411,1.41094779e-05,93,0,1
1e-05,173,0.00132577331,0.00115866109,1.41960782e-05,93,0,1
1e-05,174,0.00133333541,0.0011655197,1.42833824e-05,93,0,1
1e-05,175,0.00134099845,0.00117237773,1.43706202e-05,93,0,1
1e-05,176,0.00134845707,0.00117924053,1.44581081e-05,93,0,1
1e-05,177,0.00135386758,0.00118610216,1.454623e-05,92,0,1
1e-05,178,0.00136235147,0.0011929766,1.46288221e-05,93,0,1
1e-05,179,0.00137126446,0.00119983556,1.47206474e-05,93,0,1
1e-05,180,0.00137873052,0.00120670535,1.48083654e-05,93,0,1
1e-05,181,0.00138505292,0.00121358363,1.48916206e-05,93,0,1
1e-05,182,0.00139393506,0.00122044876,1.49841162e-05,93,0,1
1e-05,183,0.00140025385,0.0012273303,1.50675432e-05,93,0,1
1e-05,184,0.00140692736,0.00123419857,1.51603899e-05,92,0,1
1e-05,185,0.00141539436,0.00124108605,1.52432913e-05,93,0,1
1e-05,186,0.001422929,0.00124796596,1.53309174e-05,93,0,1
1e-05,187,0.00143051567,0.00125484879,1.54190166e-05,93,0,1
1e-05,188,0.00143809465,0.00126173231,1.55070957e-05,93,0,1
1e-05,189,0.00144570612,0.00126861816,1.55954785e-05,93,0,1
1e-05,190,0.00145326345,0.00127550564,1.5683474e-05,93,0,1
1e-05,191,0.00146213255,0.00128238706,1.57766353e-05,93,0,1
1e-05,192,0.00146848836,0.00128928665,1.58605071e-05,93,0,1
1e-05,193,0.00147611543,0.00129618007,1.59491628e-05,93,0,1
1e-05,194,0.00148364762,0.00130307558,1.6037191e-05,93,0,1
1e-05,195,0.00149125722,0.00130997237,1.61258067e-05,93,0,1
1e-05,196,0.00149805273,0.00131686137,1.62202014e-05,92,0,1
1e-05,197,0.00150781148,0.00132376258,1.63079148e-05,93,0,1
1e-05,198,0.00151407125,0.00133067439,1.63919649e-05,93,0,1
1e-05,199,0.00152300892,0.00133756979,1.64854682e-05,93,0,1
1e-05,200,0.00152925716,0.00134448498,1.65694255e-05,93,0,1
1e-05,201,0.00153691636,0.00135139364,1.66587797e-05,93,0,1
1e-05,202,0.00154375331,0.00135829323,1.67535436e-05,92,0,1
1e-05,203,0.00155137572,0.00136520551,1.68426741e-05,92,0,1
1e-05,204,0.00156096369,0.00137212058,1.69306077e-05,93,0,1
1e-05,205,0.00156867015,0.00137903553,1.70197527e-05,93,0,1
1e-05,206,0.00157629244,0.00138595351,1.71090505e-05,93,0,1
1e-05,207,0.00158253766,0.00139288243,1.7193137e-05,93,0,1
1e-05,208,0.00159013469,0.00139980309,1.72823384e-05,93,0,1
1e-05,209,0.00159772066,0.00140672724,1.73714416e-05,93,0,1
1e-05,210,0.00160534133,0.00141365221,1.74609104e-05,93,0,1
1e-05,211,0.00161301869,0.00142057845,1.75508703e-05,93,0,1
1e-05,212,0.00162059185,0.00142750842,1.76400317e-05,93,0,1
1e-05,213,0.00162821205,0.00143443886,1.77296315e-05,93,0,1
1e-05,214,0.00163594808,0.00144137093,1.78202808e-05,93,0,1
1e-05,215,0.0016429231,0.00144829473,1.79167109e-05,92,0,1
1e-05,216,0.00165109884,0.00145524216,1.79989383e-05,93,0,1
1e-05,217,0.00165818818,0.00146216911,1.80965562e-05,92,0,1
1e-05,218,0.00166587101,0.00146910863,1.81866872e-05,92,0,1
1e-05,219,0.00167344743,0.00147605105,1.82766089e-05,92,0,1
1e-05,220,0.0016831056,0.00148299558,1.83652919e-05,93,0,1
1e-05,221,0.00169070275,0.00148994115,1.84558667e-05,93,0,1
1e-05,222,0.00169836811,0.00149688835,1.85455701e-05,93,0,1
1e-05,223,0.00170604663,0.00150383834,1.86361267e-05,93,0,1
1e-05,224,0.00171177508,0.00151078799,1.87282312e-05,92,0,1
1e-05,225,0.00172133953,0.00151774206,1.88169179e-05,93,0,1
1e-05,226,0.00172899733,0.00152469671,1.89074744e-05,93,0,1
1e-05,227,0.00173518341,0.00153166533,1.89914153e-05,93,0,1
1e-05,228,0.0017428227,0.00153862406,1.9081861e-05,93,0,1
1e-05,229,0.00175195839,0.00154557382,1.91793588e-05,93,0,1
1e-05,230,0.00175813329,0.00155254744,1.92632051e-05,93,0,1
1e-05,231,0.00176586478,0.00155951153,1.93547421e-05,93,0,1
1e-05,232,0.00177304226,0.00156646559,1.94537133e-05,92,0,1
1e-05,233,0.00178074953,0.00157343398,1.95447901e-05,92,0,1
1e-05,234,0.00178881723,0.00158041634,1.96270303e-05,93,0,1
1e-05,235,0.00179609435,0.00158737623,1.97269383e-05,92,0,1
1e-05,236,0.00180410338,0.0015943629,1.98087037e-05,93,0,1
1e-05,237,0.00181328238,0.00160132675,1.99072565e-05,93,0,1
1e-05,238,0.00181950221,0.00160831527,1.99916376e-05,93,0,1
1e-05,239,0.0018274443,0.00161529332,2.00852337e-05,93,0,1
1e-05,240,0.00183450384,0.00162226392,2.01834573e-05,92,0,1
1e-05,241,0.00184398657,0.00162924838,2.0272706e-05,93,0,1
1e-05,242,0.00185044145,0.00163624284,2.03591862e-05,93,0,1
1e-05,243,0.00185755861,0.00164321903,2.04580792e-05,92,0,1
1e-05,244,0.00186704204,0.00165020896,2.05475299e-05,93,0,1
1e-05,245,0.00187324127,0.00165721134,2.06318055e-05,93,0,1
1e-05,246,0.00188058533,0.0016641909,2.07331614e-05,92,0,1
1e-05,247,0.00188830309,0.00167118502,2.08250985e-05,92,0,1
1e-05,248,0.00189624855,0.00167819543,2.09066257e-05,93,0,1
1e-05,249,0.00190391624,0.00168519409,2.09982663e-05,93,0,1
1e-05,250,0.00191317266,0.00169218075,2.109866e-05,93,0,1
1e-05,251,0.0019193202,0.00169919583,2.11824481e-05,93,0,1
1e-05,252,0.00192710583,0.00170619937,2.1275504e-05,93,0,1
1e-05,253,0.00193478505,0.00171320525,2.13674666e-05,93,0,1
1e-05,254,0.00194225437,0.00172019913,2.14700231e-05,92,0,1
1e-05,255,0.00195017934,0.0017272227,2.15518994e-05,93,0,1
1e-05,256,0.00195784355,0.00173423439,2.16438602e-05,93,0,1
1e-05,257,0.00196561264,0.00174124737,2.17369325e-05,93,0,1
1e-05,258,0.00197310164,0.00174824882,2.18398818e-05,92,0,1
1e-05,259,0.0019807436,0.00175526633,2.19322501e-05,92,0,1
1e-05,260,0.00198852248,0.00176228513,2.20251186e-05,92,0,1
1e-05,261,0.00199793419,0.00176930695,2.21151622e-05,93,0,1
1e-05,262,0.00200399989,0.00177632866,2.22108483e-05,92,0,1
1e-05,263,0.00201172312,0.00178335328,2.23037277e-05,92,0,1
1e-05,264,0.00201936858,0.00179037952,2.23963798e-05,92,0,1
1e-05,265,0.00202880939,0.00179740961,2.24866908e-05,93,0,1
1e-05,266,0.00203653239,0.00180443923,2.2579743e-05,93,0,1
1e-05,267,0.00204263255,0.0018114706,2.2675893e-05,92,0,1
1e-05,268,0.00205028825,0.00181850442,2.2768796e-05,92,0,1
1e-05,269,0.00205808249,0.00182554056,2.28622957e-05,92,0,1
1e-05,270,0.00206603599,0.00183259265,2.2945298e-05,93,0,1
1e-05,271,0.00207357761,0.00183961797,2.30490859e-05,92,0,1
1e-05,272,0.002082919,0.00184666074,2.31394042e-05,93,0,1
1e-05,273,0.00209064432,0.00185370515,2.32328239e-05,93,0,1
1e-05,274,0.00209680153,0.00186074909,2.33296741e-05,92,0,1
1e-05,275,0.00210612034,0.00186779723,2.34199797e-05,93,0,1
1e-05,276,0.00211230107,0.00187484536,2.3517061e-05,92,0,1
1e-05,277,0.00212001381,0.00188189675,2.36107207e-05,92,0,1
1e-05,278,0.0021278034,0.00188894942,2.37046879e-05,92,0,1
1e-05,279,0.00213556108,0.00189600443,2.37986205e-05,92,0,1
1e-05,280,0.00214485661,0.00190306338,2.38891407e-05,93,0,1
1e-05,281,0.00215099193,0.0019101192,2.39863002e-05,92,0,1
1e-05,282,0.00215875031,0.00191718014,2.40804038e-05,92,0,1
1e-05,283,0.00216654013,0.00192424189,2.41746729e-05,92,0,1
1e-05,284,0.00217427034,0.00193130737,2.42687966e-05,92,0,1
1e-05,285,0.0021820846,0.00193837297,2.43633131e-05,92,0,1
1e-05,286,0.00218983833,0.00194544147,2.44575822e-05,92,0,1
1e-05,287,0.00219783839,0.00195252686,2.45415558e-05,93,0,1
1e-05,288,0.00220541982,0.00195958302,2.46466952e-05,92,0,1
1e-05,289,0.00221466878,0.00196665921,2.47374501e-05,93,0,1
1e-05,290,0.00222243974,0.0019737354,2.48320648e-05,93,0,1
1e-05,291,0.00222870288,0.00198080996,2.49303666e-05,92,0,1
1e-05,292,0.00223796628,0.00198789267,2.50213016e-05,93,0,1
1e-05,293,0.00224417006,0.00199498888,2.51060665e-05,93,0,1
1e-05,294,0.0022520381,0.00200205529,2.52148784e-05,92,0,1
1e-05,295,0.0022598512,0.00200914079,2.53099406e-05,92,0,1
1e-05,296,0.00226759724,0.00201622769,2.540481e-05,92,0,1
1e-05,297,0.00227541639,0.00202331739,2.55000123e-05,92,0,1
1e-05,298,0.00228327163,0.00203042314,2.55831001e-05,93,0,1
1e-05,299,0.00229099393,0.00203750003,2.56903368e-05,92,0,1
1e-05,300,0.0022988664,0.00204461068,2.57738084e-05,93,0,1
1e-05,301,0.00230658404,0.00205169176,2.58809687e-05,92,0,1
1e-05,302,0.00231432868,0.00205878983,2.59761255e-05,92,0,1
1e-05,303,0.00232214271,0.00206589024,2.60716988e-05,92,0,1
1e-05,304,0.00232993392,0.00207299273,2.61671976e-05,92,0,1
1e-05,305,0.00233913935,0.00208009942,2.62584017e-05,93,0,1
1e-05,306,0.00234693289,0.00208720448,2.63539987e-05,93,0,1
1e-05,307,0.00235329475,0.00209431141,2.64539485e-05,92,0,1
1e-05,308,0.00236113509,0.00210142066,2.65498638e-05,92,0,1
1e-05,309,0.0023686972,0.00210855133,2.66295356e-05,92,0,1
1e-05,310,0.00237678806,0.00211564614,2.67418018e-05,92,0,1
1e-05,311,0.00238456298,0.00212276191,2.68376589e-05,92,0,1
1e-05,312,0.00239232229,0.00212987931,2.6933456e-05,92,0,1
1e-05,313,0.0024001631,0.00213699858,2.70296568e-05,92,0,1
1e-05,314,0.00240935688,0.00214412203,2.7121212e-05,93,0,1
1e-05,315,0.00241585751,0.00215124269,2.72223697e-05,92,0,1
1e-05,316,0.00242368295,0.00215836847,2.73186888e-05,92,0,1
1e-05,317,0.00243279571,0.00216549798,2.74099984e-05,93,0,1
1e-05,318,0.0024406258,0.00217262586,2.75065031e-05,93,0,1
1e-05,319,0.00244707754,0.00217975583,2.76076462e-05,92,0,1
1e-05,320,0.00245495141,0.0021868886,2.77044455e-05,92,0,1
1e-05,321,0.00246280711,0.00219402323,2.78012067e-05,92,0,1
1e-05,322,0.00247059576,0.00220115972,2.78976877e-05,92,0,1
1e-05,323,0.00247844215,0.00220829784,2.79945416e-05,92,0,1
1e-05,324,0.00248755096,0.00221544108,2.80861077e-05,93,0,1
1e-05,325,0.00249539898,0.0022225827,2.81831744e-05,93,0,1
1e-05,326,0.00250321184,0.00222972734,2.82798646e-05,93,0,1
1e-05,327,0.00250977627,0.00223687082,2.83821391e-05,92,0,1
1e-05,328,0.00251765316,0.00224401895,2.84794332e-05,92,0,1
1e-05,329,0.00252531772,0.00225116685,2.85720944e-05,93,0,1
1e-05,330,0.00253330031,0.00225832104,2.86735958e-05,92,0,1
1e-05,331,0.00254115229,0.00226547522,2.87709099e-05,92,0,1
1e-05,332,0.00254900916,0.00227262964,2.88683332e-05,92,0,1
1e-05,333,0.0025568651,0.00227978779,2.89657874e-05,92,0,1
1e-05,334,0.00256470568,0.00228694803,2.90632452e-05,92,0,1
1e-05,335,0.00257232157,0.00229410571,2.91560355e-05,93,0,1
1e-05,336,0.00258042035,0.00230127177,2.92584191e-05,92,0,1
1e-05,337,0.00258826697,0.0023084376,2.93560042e-05,92,0,1
1e-05,338,0.00259732502,0.00231560692,2.94479196e-05,93,0,1
1e-05,339,0.00260518119,0.00232277508,2.95456957e-05,93,0,1
1e-05,340,0.00261304784,0.0023299458,2.96436046e-05,93,0,1
1e-05,341,0.0026194388,0.00233711395,2.97432052e-05,92,0,1
1e-05,342,0.00262875017,0.00234429375,2.98393188e-05,93,0,1
1e-05,343,0.00263517699,0.00235146564,2.9938532e-05,93,0,1
1e-05,344,0.00264335121,0.00235864753,3.00417996e-05,92,0,1
1e-05,345,0.00265116058,0.00236582733,3.01396631e-05,92,0,1
1e-05,346,0.00265909429,0.00237300876,3.02382541e-05,92,0,1
1e-05,347,0.00266663358,0.00238019088,3.03313082e-05,93,0,1
1e-05,348,0.00267482828,0.00238738023,3.0434865e-05,92,0,1
1e-05,349,0.00268382253,0.00239457074,3.05268804e-05,93,0,1
1e-05,350,0.00269172201,0.00240176124,3.06256443e-05,93,0,1
1e-05,351,0.00269808271,0.00240894826,3.07250666e-05,93,0,1
1e-05,352,0.00270746159,0.00241614692,3.08226154e-05,93,0,1
1e-05,353,0.00271532778,0.00242334208,3.09211791e-05,93,0,1
1e-05,354,0.00272324216,0.00243053935,3.10203068e-05,93,0,1
1e-05,355,0.00273111719,0.00243773963,3.11190161e-05,93,0,1
1e-05,356,0.00273900339,0.00244494155,3.12179072e-05,93,0,1
1e-05,357,0.00274575874,0.00245214277,3.13232886e-05,92,0,1
1e-05,358,0.00275478023,0.00245934911,3.14158751e-05,93,0,1
1e-05,359,0.00276264688,0.00246655848,3.15146681e-05,93,0,1
1e-05,360,0.00277056522,0.00247376692,3.16141268e-05,93,0,1
1e-05,361,0.0027784456,0.00248097838,3.17131526e-05,93,0,1
1e-05,362,0.00278634299,0.00248819194,3.18125021e-05,93,0,1
1e-05,363,0.00279425131,0.00249540666,3.19119317e-05,93,0,1
1e-05,364,0.00280215358,0.00250262348,3.20113577e-05,93,0,1
1e-05,365,0.0028100526,0.00250984123,3.21108055e-05,93,0,1
1e-05,366,0.00281794206,0.00251706387,3.22102242e-05,93,0,1
1e-05,367,0.0028258469,0.00252428488,3.23098211e-05,93,0,1
1e-05,368,0.00283375965,0.00253151054,3.24095199e-05,93,0,1
1e-05,369,0.00284167938,0.00253873644,3.25094079e-05,93,0,1
1e-05,370,0.00284852926,0.00254596258,3.26162626e-05,92,0,1
1e-05,371,0.00285748811,0.00255319523,3.27089474e-05,93,0,1
1e-05,372,0.00286539923,0.00256042834,3.28088317e-05,93,0,1
1e-05,373,0.00287184119,0.00256765774,3.29102841e-05,92,0,1
1e-05,374,0.00288123707,0.00257489854,3.30089642e-05,93,0,1
1e-05,375,0.00288916938,0.00258213654,3.31092378e-05,93,0,1
1e-05,376,0.00289706653,0.00258937641,3.3209144e-05,93,0,1
1e-05,377,0.00290500373,0.00259661814,3.33095704e-05,93,0,1
1e-05,378,0.0029129372,0.00260386034,3.34100405e-05,93,0,1
1e-05,379,0.0029208404,0.00261110649,3.35101504e-05,93,0,1
1e-05,380,0.00292879483,0.00261835428,3.3610926e-05,93,0,1
1e-05,381,0.00293529336,0.00262559787,3.37130514e-05,92,0,1
1e-05,382,0.00294465804,0.00263285567,3.38120954e-05,93,0,1
1e-05,383,0.00295259221,0.00264010904,3.39127546e-05,93,0,1
1e-05,384,0.00296051521,0.00264736405,3.40133192e-05,93,0,1
1e-05,385,0.00296750525,0.00265461951,3.4122244e-05,92,0,1
1e-05,386,0.00297544338,0.00266187871,3.4223136e-05,92,0,1
1e-05,387,0.00298434845,0.00266914256,3.43161446e-05,93,0,1
1e-05,388,0.00299226097,0.00267640548,3.44167311e-05,93,0,1
1e-05,389,0.00300020608,0.00268366933,3.45177868e-05,93,0,1
1e-05,390,0.00300819171,0.00269093807,3.46194574e-05,93,0,1
1e-05,391,0.00301478268,0.00269820075,3.47225941e-05,92,0,1
1e-05,392,0.00302407099,0.00270547695,3.4821649e-05,93,0,1
1e-05,393,0.00303202751,0.00271274988,3.49230904e-05,93,0,1
1e-05,394,0.00303999032,0.00272002444,3.50245864e-05,93,0,1
1e-05,395,0.00304704369,0.00272729713,3.51345589e-05,92,0,1
1e-05,396,0.00305500254,0.00273457589,3.52361531e-05,92,0,1
1e-05,397,0.0030638359,0.00274185999,3.5328816e-05,93,0,1
1e-05,398,0.00307181152,0.00274914224,3.54307267e-05,93,0,1
1e-05,399,0.00307979365,0.00275642495,3.55327029e-05,93,0,1
1e-05,400,0.0030877348,0.00276371278,3.56341734e-05,93,0,1
1e-05,401,0.00309570227,0.00277100177,3.57360586e-05,93,0,1
1e-05,402,0.00310368836,0.00277829054,3.58382385e-05,93,0,1
1e-05,403,0.00311163021,0.0027855814,3.59398546e-05,93,0,1
1e-05,404,0.00311962957,0.00279287668,3.60422928e-05,93,0,1
1e-05,405,0.00312759168,0.00280017359,3.61442981e-05,93,0,1
1e-05,406,0.00313555659,0.00280747144,3.62463434e-05,93,0,1
1e-05,407,0.00314355968,0.00281477044,3.63489562e-05,93,0,1
1e-05,408,0.00315152761,0.00282207178,3.64511179e-05,93,0,1
1e-05,409,0.00315952278,0.00282937544,3.65537599e-05,93,0,1
1e-05,410,0.00316749699,0.00283668027,3.66561471e-05,93,0,1
1e-05,411,0.00317548797,0.00284398859,3.67587163e-05,93,0,1
1e-05,412,0.00318348012,0.00285129878,3.68614346e-05,93,0,1
1e-05,413,0.00319067645,0.00285860593,3.69737681e-05,92,0,1
1e-05,414,0.00319944369,0.0028659224,3.70666021e-05,93,0,1
1e-05,415,0.00320743979,0.00287323724,3.71694878e-05,93,0,1
1e-05,416,0.00321541494,0.00288055511,3.72720897e-05,93,0,1
1e-05,417,0.00322342478,0.00288787344,3.73752227e-05,93,0,1
1e-05,418,0.00323142158,0.0028951955,3.74782721e-05,93,0,1
1e-05,419,0.0032394249,0.00290251803,3.75813761e-05,93,0,1
1e-05,420,0.00324744033,0.00290984171,3.76847856e-05,93,0,1
1e-05,421,0.00325541478,0.00291716913,3.77875658e-05,93,0,1
1e-05,422,0.00326270424,0.00292449328,3.79015e-05,92,0,1
1e-05,423,0.00327144307,0.00293182908,3.79944358e-05,93,0,1
1e-05,424,0.00327943568,0.00293916138,3.80976089e-05,93,0,1
1e-05,425,0.00328747276,0.00294649554,3.82015205e-05,93,0,1
1e-05,426,0.00329548609,0.00295383274,3.8305101e-05,93,0,1
1e-05,427,0.00330349826,0.00296116993,3.84086925e-05,93,0,1
1e-05,428,0.00331151648,0.00296851201,3.85124149e-05,93,0,1
1e-05,429,0.00331950793,0.00297585386,3.86157735e-05,93,0,1
1e-05,430,0.00332645909,0.00298319105,3.87239015e-05,92,0,1
1e-05,431,0.00333555043,0.00299054431,3.88235276e-05,93,0,1
1e-05,432,0.00334360241,0.00299789314,3.89279376e-05,93,0,1
1e-05,433,0.00335162762,0.00300524291,3.90319801e-05,93,0,1
1e-05,434,0.00335879228,0.00301258964,3.91456051e-05,92,0,1
1e-05,435,0.00336658582,0.00301994081,3.92441434e-05,92,0,1
1e-05,436,0.0033750406,0.00302729988,3.93556329e-05,92,0,1
1e-05,437,0.00338373263,0.00303466292,3.94486233e-05,93,0,1
1e-05,438,0.0033917767,0.003042022,3.95530842e-05,93,0,1
1e-05,439,0.00339980121,0.00304938294,3.96573814e-05,93,0,1
1e-05,440,0.00340785366,0.00305674691,3.97621043e-05,93,0,1
1e-05,441,0.0034152572,0.00306410808,3.98782504e-05,92,0,1
1e-05,442,0.00342391501,0.0030714809,3.99710152e-05,93,0,1
1e-05,443,0.0034319656,0.00307884905,4.00758581e-05,93,0,1
1e-05,444,0.00344001199,0.0030862214,4.01806647e-05,93,0,1
1e-05,445,0.00344805955,0.00309359422,4.02855148e-05,93,0,1
1e-05,446,0.00345612061,0.00310097029,4.03906015e-05,93,0,1
1e-05,447,0.00346417353,0.0031083473,4.04956372e-05,93,0,1
1e-05,448,0.00347222807,0.00311572663,4.06007275e-05,93,0,1
1e-05,449,0.0034796882,0.00312310294,4.07179614e-05,92,0,1
1e-05,450,0.00348832062,0.00313048996,4.08107699e-05,93,0,1
1e-05,451,0.00349580403,0.00313787162,4.0928524e-05,92,0,1
1e-05,452,0.00350444298,0.0031452633,4.1021427e-05,93,0,1
1e-05,453,0.00351251452,0.00315265101,4.11269684e-05,93,0,1
1e-05,454,0.00352001889,0.0031600385,4.12450136e-05,92,0,1
1e-05,455,0.00352863269,0.00316743506,4.1337822e-05,93,0,1
1e-05,456,0.00353600457,0.00317482557,4.14548704e-05,92,0,1
1e-05,457,0.00354383443,0.00318221841,4.15544564e-05,92,0,1
1e-05,458,0.00355285266,0.00318962429,4.16550211e-05,93,0,1
1e-05,459,0.00355998729,0.00319701759,4.17661358e-05,92,0,1
1e-05,460,0.00356831867,0.00320442347,4.18783238e-05,92,0,1
1e-05,461,0.003576549,0.00321182935,4.19857242e-05,92,0,1
1e-05,462,0.0035851642,0.00321924035,4.20788492e-05,93,0,1
1e-05,463,0.00359323923,0.00322664739,4.21848345e-05,93,0,1
1e-05,464,0.00360041368,0.00323404931,4.22965095e-05,92,0,1
1e-05,465,0.00360850897,0.00324146217,4.24028658e-05,92,0,1
1e-05,466,0.00361750042,0.00324888458,4.25037033e-05,93,0,1
1e-05,467,0.00362468953,0.00325629278,4.26155966e-05,92,0,1
1e-05,468,0.0036328251,0.00326371263,4.27223422e-05,92,0,1
1e-05,469,0.00364088616,0.00327113154,4.28286512e-05,92,0,1
1e-05,470,0.00364898588,0.00327855325,4.29352949e-05,92,0,1
1e-05,471,0.00365747721,0.00328598148,4.30498512e-05,92,0,1
1e-05,472,0.00366605073,0.0032934139,4.31428234e-05,93,0,1
1e-05,473,0.00367329409,0.00330083142,4.3255608e-05,92,0,1
1e-05,474,0.00368143315,0.00330826081,4.33627356e-05,92,0,1
1e-05,475,0.00368954171,0.0033156923,4.34697358e-05,92,0,1
1e-05,476,0.00369762233,0.00332312589,4.3576536e-05,92,0,1
1e-05,477,0.00370576885,0.0033305611,4.36838964e-05,92,0,1
1e-05,478,0.00371385971,0.0033380012,4.37909403e-05,92,0,1
1e-05,479,0.00372277922,0.00334544899,4.38917268e-05,93,0,1
1e-05,480,0.0037301199,0.00335288141,4.40056974e-05,92,0,1
1e-05,481,0.00373820821,0.003360325,4.41128723e-05,92,0,1
1e-05,482,0.00374636264,0.00336777139,4.42205892e-05,92,0,1
1e-05,483,0.00375524047,0.0033752278,4.43212557e-05,93,0,1
1e-05,484,0.00376258022,0.00338266673,4.44354628e-05,92,0,1
1e-05,485,0.00377107784,0.00339012337,4.45512196e-05,92,0,1
1e-05,486,0.00377884135,0.00339757302,4.46509221e-05,92,0,1
1e-05,487,0.00378699112,0.00340502663,4.47589009e-05,92,0,1
1e-05,488,0.00379512529,0.00341248512,4.48667925e-05,92,0,1
1e-05,489,0.00380323036,0.00341994269,4.49745276e-05,92,0,1
1e-05,490,0.00381136639,0.00342740491,4.50825537e-05,92,0,1
1e-05,491,0.00381950079,0.0034348676,4.51906017e-05,92,0,1
1e-05,492,0.00382837257,0.00344234286,4.52914974e-05,93,0,1
1e-05,493,0.00383614819,0.00344980462,4.54152396e-05,92,0,1
1e-05,494,0.00384392776,0.00345726823,4.55153131e-05,92,0,1
1e-05,495,0.00385243446,0.00346474443,4.56319322e-05,92,0,1
1e-05,496,0.00386022148,0.0034722127,4.57321366e-05,92,0,1
1e-05,497,0.00386837241,0.00347968889,4.58406648e-05,92,0,1
1e-05,498,0.00387652311,0.00348716532,4.59492439e-05,92,0,1
1e-05,499,0.0038847106,0.00349464477,4.60581286e-05,92,0,1
1e-05,500,0.00389283337,0.00350212306,4.61666277e-05,92,0,1
1e-05,501,0.00390098989,0.00350960623,4.6275396e-05,92,0,1
1e-05,502,0.0039098151,0.00351710152,4.63763572e-05,93,0,1
1e-05,503,0.00391797395,0.00352458982,4.64853256e-05,93,0,1
1e-05,504,0.0039254711,0.00353206671,4.66021957e-05,92,0,1
1e-05,505,0.00393427955,0.00353956688,4.67030841e-05,93,0,1
1e-05,506,0.0039424412,0.00354705984,4.68122125e-05,93,0,1
1e-05,507,0.00395060144,0.00355455442,4.69213155e-05,93,0,1
1e-05,508,0.00395877101,0.00356205134,4.70306586e-05,93,0,1
1e-05,509,0.00396630727,0.00356953987,4.71482635e-05,92,0,1
1e-05,510,0.00397448847,0.00357704051,4.72577594e-05,92,0,1
1e-05,511,0.00398265617,0.00358454278,4.73671535e-05,92,0,1
1e-05,512,0.00399083784,0.00359204621,4.74767658e-05,92,0,1
1e-05,513,0.00399904558,0.00359955197,4.75866109e-05,92,0,1
1e-05,514,0.00400719512,0.00360705983,4.76960704e-05,92,0,1
1e-05,515,0.0040154052,0.00361457071,4.78061047e-05,92,0,1
1e-05,516,0.00402357662,0.00362208346,4.79158552e-05,92,0,1
1e-05,517,0.004032325,0.00362960808,4.80167255e-05,93,0,1
1e-05,518,0.0040399367,0.00363711314,4.81356183e-05,92,0,1
1e-05,519,0.00404813047,0.00364463031,4.82456817e-05,92,0,1
1e-05,520,0.0040568728,0.00365216308,4.83465883e-05,93,0,1
1e-05,521,0.00406450871,0.00365967257,4.8465954e-05,92,0,1
1e-05,522,0.00407273928,0.00366722234,4.85611636e-05,92,0,1
1e-05,523,0.00408144854,0.00367473462,4.86773824e-05,93,0,1
1e-05,524,0.004089138,0.00368227647,4.87819525e-05,92,0,1
1e-05,525,0.00409783097,0.00368979294,4.88979713e-05,93,0,1
1e-05,526,0.00410602661,0.00369732478,4.90084385e-05,93,0,1
1e-05,527,0.00411371561,0.00370484707,4.91286701e-05,92,0,1
1e-05,528,0.00412242208,0.00371239334,4.92295294e-05,93,0,1
1e-05,529,0.00413015671,0.00371994637,4.93350271e-05,92,0,1
1e-05,530,0.00413883151,0.00372747099,4.94510641e-05,93,0,1
1e-05,531,0.00414655264,0.0037350019,4.95718741e-05,92,0,1
1e-05,532,0.00415478414,0.00374257145,4.9667673e-05,92,0,1
1e-05,533,0.00416303426,0.00375011493,4.97788715e-05,92,0,1
1e-05,534,0.00417119218,0.00375763699,4.99049856e-05,92,0,1
1e-05,535,0.00417944556,0.0037652133,5.00010501e-05,92,0,1
1e-05,536,0.00418764353,0.00377276586,5.01121249e-05,92,0,1
1e-05,537,0.00419620052,0.00378024741,5.02799085e-05,93,0,1
1e-05,538,0.00420409208,0.00378787401,5.03348638e-05,92,0,1
1e-05,539,0.00421231426,0.00379543169,5.04462805e-05,92,0,1
1e-05,540,0.00422056951,0.00380299101,5.05580319e-05,92,0,1
1e-05,541,0.00422877539,0.00381055195,5.06694632e-05,92,0,1
1e-05,542,0.00423742365,0.00381810381,5.07855948e-05,93,0,1
1e-05,543,0.00424524071,0.00382568222,5.08929261e-05,92,0,1
1e-05,544,0.00425352855,0.00383324898,5.10050377e-05,92,0,1
1e-05,545,0.00426212139,0.0038408062,5.11210492e-05,93,0,1
1e-05,546,0.0042701331,0.003848369,5.12515035e-05,92,0,1
1e-05,547,0.00427819975,0.00385596114,5.13406339e-05,92,0,1
1e-05,548,0.00428643776,0.00386353838,5.14527128e-05,92,0,1
1e-05,549,0.00429509347,0.00387110212,5.15692482e-05,93,0,1
1e-05,550,0.00430293055,0.00387869519,5.16771543e-05,92,0,1
1e-05,551,0.00431118486,0.00388627592,5.1789495e-05,92,0,1
1e-05,552,0.00431982661,0.00389384618,5.19063178e-05,92,0,1
1e-05,553,0.00432768185,0.00390144321,5.20143549e-05,92,0,1
1e-05,554,0.00433594082,0.0039090286,5.21268594e-05,92,0,1
1e-05,555,0.00434457371,0.00391660864,5.22438058e-05,92,0,1
1e-05,556,0.00435245084,0.00392421056,5.23521448e-05,92,0,1
1e-05,557,0.00436071353,0.00393180503,5.24649404e-05,92,0,1
1e-05,558,0.00436897529,0.00393939996,5.25777723e-05,92,0,1
1e-05,559,0.00437762821,0.00394698465,5.26951917e-05,92,0,1
1e-05,560,0.00438588066,0.00395458331,5.28080309e-05,92,0,1
1e-05,561,0.00439377688,0.00396219781,5.291669e-05,92,0,1
1e-05,562,0.00440239068,0.00396978809,5.30334109e-05,92,0,1
1e-05,563,0.00441031298,0.00397740491,5.31429578e-05,92,0,1
1e-05,564,0.00441858731,0.00398501242,5.32562262e-05,92,0,1
1e-05,565,0.00442722347,0.00399260875,5.33738494e-05,92,0,1
1e-05,566,0.00443512807,0.00400023069,5.34829051e-05,92,0,1
1e-05,567,0.00444341637,0.00400784332,5.35963845e-05,92,0,1
1e-05,568,0.00445207022,0.00401544711,5.37144952e-05,92,0,1
1e-05,569,0.00446031801,0.004023063,5.38271925e-05,92,0,1
1e-05,570,0.004468292,0.00403069379,5.39374487e-05,92,0,1
1e-05,571,0.00447691698,0.00403830409,5.40555557e-05,92,0,1
1e-05,572,0.0044848402,0.00404593861,5.41648624e-05,92,0,1
1e-05,573,0.00449349731,0.00405355077,5.42833586e-05,92,0,1
1e-05,574,0.00450142054,0.00406118901,5.43927163e-05,92,0,1
1e-05,575,0.00451004738,0.0040688063,5.45105031e-05,92,0,1
1e-05,576,0.00451800413,0.00407644967,5.46208757e-05,92,0,1
1e-05,577,0.00452630641,0.00408408139,5.47350865e-05,92,0,1
1e-05,578,0.00453460449,0.00409171684,5.48493517e-05,92,0,1
1e-05,579,0.00454326766,0.00409934018,5.496835e-05,92,0,1
1e-05,580,0.00455156434,0.00410697935,5.50827172e-05,92,0,1
1e-05,581,0.0045595197,0.00411463296,5.51925987e-05,92,0,1
1e-05,582,0.00456782198,0.00412227539,5.53071259e-05,92,0,1
1e-05,583,0.00457628537,0.00412990106,5.54453618e-05,92,0,1
1e-05,584,0.00458478089,0.00413755467,5.55409533e-05,92,0,1
1e-05,585,0.00459309993,0.00414520316,5.56558552e-05,92,0,1
1e-05,586,0.00460105902,0.00415286655,5.57660096e-05,92,0,1
1e-05,587,0.00460938551,0.00416051969,5.58810279e-05,92,0,1
1e-05,588,0.00461803935,0.00416815886,5.6000561e-05,92,0,1
1e-05,589,0.00462602172,0.0041758297,5.61110319e-05,92,0,1
1e-05,590,0.00463468069,0.00418347493,5.62307978e-05,92,0,1
1e-05,591,0.00464292383,0.00419113645,5.63445028e-05,92,0,1
1e-05,592,0.00465097791,0.00419881102,5.64565489e-05,92,0,1
1e-05,593,0.00465965224,0.00420646276,5.65766677e-05,92,0,1
1e-05,594,0.00466797967,0.00421412941,5.66921008e-05,92,0,1
1e-05,595,0.00467631081,0.00422179792,5.68076139e-05,92,0,1
1e-05,596,0.0046843118,0.00422947994,5.69185104e-05,92,0,1
1e-05,597,0.00469297357,0.00423714099,5.70388183e-05,92,0,1
1e-05,598,0.00470097084,0.00424482906,5.71497731e-05,92,0,1
1e-05,599,0.0047093099,0.00425250456,5.72655845e-05,92,0,1
1e-05,600,0.00471766479,0.00426018378,5.73815269e-05,92,0,1
1e-05,601,0.00472600386,0.00426786393,5.74974583e-05,92,0,1
1e-05,602,0.00473435223,0.00427554687,5.76134844e-05,92,0,1
1e-05,603,0.00474269921,0.00428323122,5.77295577e-05,92,0,1
1e-05,604,0.00475134794,0.00429090625,5.78502368e-05,92,0,1
1e-05,605,0.00475950679,0.0042985864,5.79855659e-05,92,0,1
1e-05,606,0.0047680554,0.00430628331,5.80829255e-05,92,0,1
1e-05,607,0.00477621332,0.00431397138,5.82183457e-05,92,0,1
1e-05,608,0.00478445226,0.00432168227,5.83110341e-05,92,0,1
1e-05,609,0.00479281507,0.00432937872,5.84275622e-05,92,0,1
1e-05,610,0.00480115181,0.00433707936,5.85440284e-05,92,0,1
1e-05,611,0.00480976235,0.00434476696,5.86639508e-05,92,0,1
1e-05,612,0.00481819548,0.00435246807,5.87822906e-05,92,0,1
1e-05,613,0.00482625933,0.00436018361,5.88943367e-05,92,0,1
1e-05,614,0.00483491411,0.00436787819,5.90158306e-05,92,0,1
1e-05,615,0.00484328717,0.00437558722,5.9132879e-05,92,0,1
1e-05,616,0.00485163275,0.00438329903,5.9249036e-05,92,0,1
1e-05,617,0.00485973945,0.00439102296,5.93623627e-05,92,0,1
1e-05,618,0.00486840261,0.00439872453,5.94842786e-05,92,0,1
1e-05,619,0.00487648183,0.00440645358,5.95967358e-05,92,0,1
1e-05,620,0.00488514965,0.00441415841,5.97188409e-05,92,0,1
1e-05,621,0.00489351619,0.00442187861,5.9836013e-05,92,0,1
1e-05,622,0.00490162009,0.00442961464,5.99488994e-05,92,0,1
1e-05,623,0.00491000665,0.00443733856,6.00664862e-05,92,0,1
1e-05,624,0.0049185087,0.00444504851,6.02081927e-05,92,0,1
1e-05,625,0.00492677744,0.00445279479,6.03017688e-05,92,0,1
1e-05,626,0.00493544666,0.0044605108,6.04243469e-05,92,0,1
1e-05,627,0.00494355708,0.00446825614,6.05373934e-05,92,0,1
1e-05,628,0.00495193433,0.0044759931,6.06551985e-05,92,0,1
1e-05,629,0.00496034836,0.00448372867,6.07733236e-05,92,0,1
1e-05,630,0.00496884529,0.0044914484,6.09154995e-05,92,0,1
1e-05,631,0.00497722859,0.00449919142,6.10334755e-05,92,0,1
1e-05,632,0.00498581305,0.0045069363,6.11325449e-05,92,0,1
1e-05,633,0.00499417773,0.00451467978,6.12496369e-05,92,0,1
1e-05,634,0.00500242924,0.00452242233,6.13883094e-05,92,0,1
1e-05,635,0.00501073897,0.00453019002,6.14826567e-05,92,0,1
1e-05,636,0.00501925265,0.00453792186,6.16253674e-05,92,0,1
1e-05,637,0.00502766296,0.00454567559,6.17439728e-05,92,0,1
1e-05,638,0.0050359806,0.00455344608,6.18384802e-05,92,0,1
1e-05,639,0.00504464423,0.00456118863,6.19618659e-05,92,0,1
1e-05,640,0.00505306758,0.00456894748,6.20808278e-05,92,0,1
1e-05,641,0.00506122597,0.0045767203,6.21948566e-05,92,0,1
1e-05,642,0.00506964838,0.00458448427,6.2313833e-05,92,0,1
1e-05,643,0.00507815462,0.00459223241,6.24570312e-05,92,0,1
1e-05,644,0.00508674141,0.00460000196,6.25567627e-05,92,0,1
1e-05,645,0.00509501621,0.00460776547,6.26955371e-05,92,0,1
1e-05,646,0.00510333758,0.00461555319,6.27902846e-05,92,0,1
1e-05,647,0.00511176931,0.00462332694,6.29096685e-05,92,0,1
1e-05,648,0.00512028346,0.00463108486,6.30532886e-05,92,0,1
1e-05,649,0.00512863183,0.00463887677,6.31484872e-05,92,0,1
1e-05,650,0.00513706123,0.00464665471,6.32680312e-05,92,0,1
1e-05,651,0.00514549948,0.00465443591,6.3387648e-05,92,0,1
1e-05,652,0.00515393633,0.00466221943,6.35073011e-05,92,0,1
1e-05,653,0.00516261533,0.00466999179,6.36319601e-05,92,0,1
1e-05,654,0.00517105591,0.00467777718,6.37518388e-05,92,0,1
1e-05,655,0.00517949788,0.00468556443,6.38717684e-05,92,0,1
1e-05,656,0.00518794172,0.00469335588,6.39917635e-05,92,0,1
1e-05,657,0.00519638928,0.00470115151,6.41118095e-05,92,0,1
1e-05,658,0.00520460354,0.00470895646,6.42269952e-05,92,0,1
1e-05,659,0.00521328393,0.00471674046,6.43521344e-05,92,0,1
1e-05,660,0.00522156805,0.00472454028,6.44648972e-05,92,0,1
1e-05,661,0.00523018604,0.00473233964,6.45927794e-05,92,0,1
1e-05,662,0.00523841614,0.00474015437,6.47082634e-05,92,0,1
1e-05,663,0.00524694612,0.00474795047,6.4826294e-05,92,0,1
1e-05,664,0.00525547005,0.00475575402,6.49476642e-05,92,0,1
1e-05,665,0.00526386639,0.00476356549,6.50674556e-05,92,0,1
1e-05,666,0.00527248345,0.00477137463,6.51957089e-05,92,0,1
1e-05,667,0.00528079132,0.0047791861,6.53089446e-05,92,0,1
1e-05,668,0.00528919324,0.00478701293,6.54323812e-05,92,0,1
1e-05,669,0.00529766735,0.00479482999,6.55534095e-05,92,0,1
1e-05,670,0.00530635193,0.00480263727,6.56793709e-05,92,0,1
1e-05,671,0.00531482464,0.00481045665,6.58005374e-05,92,0,1
1e-05,672,0.00532308966,0.00481829466,6.59167345e-05,92,0,1
1e-05,673,0.00533156283,0.00482611684,6.60379155e-05,92,0,1
1e-05,674,0.00534004113,0.00483394274,6.61592494e-05,92,0,1
1e-05,675,0.00534858555,0.00484176259,6.6278044e-05,92,0,1
1e-05,676,0.00535700563,0.004849602,6.64021209e-05,92,0,1
1e-05,677,0.00536549138,0.00485743769,6.65237385e-05,92,0,1
1e-05,678,0.00537402835,0.00486526173,6.66425331e-05,92,0,1
1e-05,679,0.00538252061,0.00487309974,6.67642889e-05,92,0,1
1e-05,680,0.00539101474,0.00488093728,6.68860739e-05,92,0,1
1e-05,681,0.00539944833,0.00488878693,6.7010631e-05,92,0,1
1e-05,682,0.00540814037,0.00489661936,6.71376038e-05,92,0,1
1e-05,683,0.00541643566,0.00490447739,6.72545139e-05,92,0,1
1e-05,684,0.00542511046,0.00491231168,6.73805844e-05,92,0,1
1e-05,685,0.0054334309,0.00492017437,6.74987677e-05,92,0,1
1e-05,686,0.00544199487,0.00492801424,6.76182535e-05,92,0,1
1e-05,687,0.00545044383,0.0049358774,6.77433782e-05,92,0,1
1e-05,688,0.0054591354,0.00494372053,6.78707365e-05,92,0,1
1e-05,689,0.00546764024,0.0049515767,6.79932054e-05,92,0,1
1e-05,690,0.00547601655,0.00495943706,6.81078745e-05,92,0,1
1e-05,691,0.00548466202,0.00496729929,6.82384125e-05,92,0,1
1e-05,692,0.00549303833,0.00497516198,6.83531398e-05,92,0,1
1e-05,693,0.00550150918,0.00498303724,6.8478781e-05,92,0,1
1e-05,694,0.00551001914,0.00499090413,6.86015628e-05,92,0,1
1e-05,695,0.00551860174,0.00499876123,6.87218562e-05,92,0,1
1e-05,696,0.00552710891,0.00500663696,6.88445798e-05,92,0,1
1e-05,697,0.00553557836,0.00501452107,6.89704757e-05,92,0,1
1e-05,698,0.0055441102,0.00502239494,6.90936795e-05,92,0,1
1e-05,699,0.00555278221,0.00503025623,6.92207395e-05,92,0,1
1e-05,700,0.00556116225,0.00503814919,6.93401598e-05,92,0,1
1e-05,701,0.00556969829,0.00504603237,6.94635819e-05,92,0,1
1e-05,702,0.0055782143,0.00505391695,6.95868512e-05,92,0,1
1e-05,703,0.00558676105,0.00506180199,6.97104479e-05,92,0,1
1e-05,704,0.00559545681,0.00506967679,6.98391013e-05,92,0,1
1e-05,705,0.00560386851,0.00507757021,6.99546435e-05,92,0,1
1e-05,706,0.00561237475,0.00508547248,7.00814489e-05,92,0,1
1e-05,707,0.0056210719,0.00509335054,7.02103716e-05,92,0,1
1e-05,708,0.00562949339,0.00510124722,7.0326103e-05,92,0,1
1e-05,709,0.00563804107,0.00510914717,7.04500708e-05,92,0,1
1e-05,710,0.00564659154,0.00511704665,7.05741841e-05,92,0,1
1e-05,711,0.0056551015,0.00512495823,7.07013096e-05,92,0,1
1e-05,712,0.00566380145,0.00513285166,7.0830567e-05,92,0,1
1e-05,713,0.00567223737,0.00514075672,7.09466258e-05,92,0,1
1e-05,714,0.00568090379,0.00514866225,7.10792083e-05,92,0,1
1e-05,715,0.00568932109,0.00515658874,7.11985631e-05,92,0,1
1e-05,716,0.00569801219,0.00516448636,7.13279151e-05,92,0,1
1e-05,717,0.0057065771,0.0051723998,7.14526614e-05,92,0,1
1e-05,718,0.00571500044,0.00518032815,7.15723145e-05,92,0,1
1e-05,719,0.00572356535,0.00518824346,7.16969807e-05,92,0,1
1e-05,720,0.00573212747,0.00519616343,7.18217925e-05,92,0,1
1e-05,721,0.00574069098,0.00520408899,7.19466043e-05,92,0,1
1e-05,722,0.00574926939,0.00521201175,7.20716707e-05,92,0,1
1e-05,723,0.00575786736,0.00521992706,7.21934339e-05,92,0,1
1e-05,724,0.00576643553,0.00522785308,7.23184639e-05,92,0,1
1e-05,725,0.00577511545,0.00523578329,7.24519632e-05,92,0,1
1e-05,726,0.00578358443,0.00524371909,7.25688296e-05,92,0,1
1e-05,727,0.00579217123,0.00525165303,7.26942817e-05,92,0,1
1e-05,728,0.00580075057,0.0052595865,7.28196683e-05,92,0,1
1e-05,729,0.00580930989,0.00526753534,7.29484309e-05,92,0,1
1e-05,730,0.00581789762,0.00527547626,7.30740867e-05,92,0,1
1e-05,731,0.00582648581,0.00528342044,7.31997279e-05,92,0,1
1e-05,732,0.00583518436,0.00529135065,7.33303314e-05,92,0,1
1e-05,733,0.00584377674,0.00529929809,7.345622e-05,92,0,1
1e-05,734,0.00585225783,0.00530725811,7.35771027e-05,92,0,1
1e-05,735,0.00586096104,0.0053151967,7.37080409e-05,92,0,1
1e-05,736,0.00586945703,0.00532315206,7.38255039e-05,92,0,1
1e-05,737,0.00587815465,0.00533110416,7.39602183e-05,92,0,1
1e-05,738,0.00588664925,0.00533907255,7.40813412e-05,92,0,1
1e-05,739,0.00589535432,0.00534701999,7.42126504e-05,92,0,1
1e-05,740,0.00590395648,0.00535497954,7.43390046e-05,92,0,1
1e-05,741,0.0059124711,0.00536294188,7.44568242e-05,92,0,1
1e-05,742,0.00592108164,0.00537090888,7.45833604e-05,92,0,1
1e-05,743,0.00592968008,0.00537888706,7.471344e-05,92,0,1
1e-05,744,0.00593838748,0.00538684381,7.48450984e-05,92,0,1
1e-05,745,0.00594690535,0.00539482571,7.49667524e-05,92,0,1
1e-05,746,0.00595552288,0.00540280063,7.50935869e-05,92,0,1
1e-05,747,0.00596414646,0.0054107625,7.52168708e-05,92,0,1
1e-05,748,0.00597276352,0.00541873928,7.53437707e-05,92,0,1
1e-05,749,0.00598137733,0.0054267291,7.54743814e-05,92,0,1
1e-05,750,0.0059900023,0.00543471007,7.56014924e-05,92,0,1
1e-05,751,0.00599863287,0.00544268405,7.57250382e-05,92,0,1
1e-05,752,0.00600725971,0.00545066968,7.58522801e-05,92,0,1
1e-05,753,0.00601592287,0.0054586539,7.59860122e-05,92,0,1
1e-05,754,0.00602448126,0.00546665769,7.61098272e-05,92,0,1
1e-05,755,0.00603314582,0.00547463354,7.62344425e-05,92,0,1
1e-05,756,0.00604178431,0.00548264105,7.63657881e-05,92,0,1
1e-05,757,0.00605041906,0.00549063366,7.64934084e-05,92,0,1
1e-05,758,0.00605905941,0.00549863372,7.66211451e-05,92,0,1
1e-05,759,0.00606768997,0.00550662214,7.67450256e-05,92,0,1
1e-05,760,0.00607633311,0.0055146236,7.68729224e-05,92,0,1
1e-05,761,0.00608498696,0.00552263809,7.70047773e-05,92,0,1
1e-05,762,0.00609362684,0.0055306321,7.71289269e-05,92,0,1
1e-05,763,0.00610228023,0.00553865032,7.72608764e-05,92,0,1
1e-05,764,0.00611093128,0.00554666109,7.73890715e-05,92,0,1
1e-05,765,0.00611957489,0.00555467326,7.75172739e-05,92,0,1
1e-05,766,0.00612822315,0.00556267472,7.76416782e-05,92,0,1
1e-05,767,0.00613689423,0.00557070179,7.77741297e-05,92,0,1
1e-05,768,0.00614553969,0.00557870883,7.78986941e-05,92,0,1
1e-05,769,0.00615420984,0.0055867387,7.80311893e-05,92,0,1
1e-05,770,0.00616284274,0.00559476204,7.81589697e-05,92,0,1
1e-05,771,0.00617153384,0.00560278399,7.82885545e-05,92,0,1
1e-05,772,0.00618019979,0.00561081106,7.84173753e-05,92,0,1
1e-05,773,0.00618885178,0.00561882695,7.85422308e-05,92,0,1
1e-05,774,0.00619753776,0.00562686892,7.86752498e-05,92,0,1
1e-05,775,0.00620622095,0.00563489087,7.88069956e-05,92,0,1
1e-05,776,0.0062148897,0.00564292306,7.8936042e-05,92,0,1
1e-05,777,0.00622354029,0.0056509627,7.90585182e-05,92,0,1
1e-05,778,0.00623220764,0.00565901212,7.91910061e-05,92,0,1
1e-05,779,0.00624087593,0.00566705177,7.93202198e-05,92,0,1
1e-05,780,0.00624957308,0.00567508349,7.94465741e-05,92,0,1
1e-05,781,0.00625825673,0.00568312593,7.95760716e-05,92,0,1
1e-05,782,0.00626696507,0.00569118559,7.970976e-05,92,0,1
1e-05,783,0.00627564732,0.00569923408,7.9839403e-05,92,0,1
1e-05,784,0.00628431235,0.00570727326,7.99650006e-05,92,0,1
1e-05,785,0.00629299693,0.00571532687,8.00946582e-05,92,0,1
1e-05,786,0.00630169269,0.00572338048,8.0224665e-05,92,0,1
1e-05,787,0.00631041173,0.00573144946,8.03588191e-05,92,0,1
1e-05,788,0.00631910749,0.0057395068,8.04888696e-05,92,0,1
1e-05,789,0.00632780651,0.00574756786,8.06190219e-05,92,0,1
1e-05,790,0.00633647572,0.00575561868,8.07449542e-05,92,0,1
1e-05,791,0.00634518079,0.00576369604,8.08786426e-05,92,0,1
1e-05,792,0.00635388773,0.00577176455,8.10090714e-05,92,0,1
1e-05,793,0.00636260491,0.00577983214,8.11401696e-05,92,0,1
1e-05,794,0.00637129741,0.00578790391,8.12699946e-05,92,0,1
1e-05,795,0.00638000807,0.00579597708,8.14006125e-05,92,0,1
1e-05,796,0.00638870988,0.00580404187,8.15277162e-05,92,0,1
1e-05,797,0.00639743032,0.00581212854,8.1661994e-05,92,0,1
1e-05,798,0.00640614005,0.00582019705,8.17893961e-05,92,0,1
1e-05,799,0.00641487213,0.00582827954,8.19273118e-05,92,0,1
1e-05,800,0.00642358977,0.00583637692,8.20548594e-05,92,0,1
1e-05,801,0.00643230649,0.00584446127,8.21858703e-05,92,0,1
1e-05,802,0.00644104881,0.0058525363,8.23216251e-05,92,0,1
1e-05,803,0.00644975062,0.00586063648,8.24481613e-05,92,0,1
1e-05,804,0.00645850878,0.005868732,8.25804455e-05,92,0,1
1e-05,805,0.00646721106,0.00587682286,8.27109761e-05,92,0,1
1e-05,806,0.00647593616,0.00588492071,8.28423799e-05,92,0,1
1e-05,807,0.00648469804,0.0058930167,8.29748606e-05,92,0,1
1e-05,808,0.00649340823,0.00590111595,8.31055731e-05,92,0,1
1e-05,809,0.00650213566,0.00590921007,8.32406222e-05,92,0,1
1e-05,810,0.00651085936,0.00591731304,8.33652593e-05,92,0,1
1e-05,811,0.00651961192,0.00592541788,8.35043611e-05,92,0,1
1e-05,812,0.00652834494,0.0059335269,8.36291656e-05,92,0,1
1e-05,813,0.00653708493,0.00594163872,8.37610569e-05,92,0,1
1e-05,814,0.00654582726,0.00594974821,8.38930937e-05,92,0,1
1e-05,815,0.00655462919,0.00595787494,8.40300781e-05,92,0,1
1e-05,816,0.00656337757,0.00596599095,8.41623114e-05,92,0,1
1e-05,817,0.00657213107,0.00597411115,8.42946538e-05,92,0,1
1e-05,818,0.00658088317,0.00598223181,8.44270544e-05,92,0,1
1e-05,819,0.00658960827,0.00599035528,8.455856e-05,92,0,1
1e-05,820,0.00659834174,0.00599846849,8.46872936e-05,92,0,1
1e-05,821,0.00660710176,0.00600659521,8.48199488e-05,92,0,1
1e-05,822,0.00661591766,0.00601473404,8.49575081e-05,92,0,1
1e-05,823,0.00662463345,0.00602285704,8.50928627e-05,92,0,1
1e-05,824,0.00663342467,0.00603099726,8.52223093e-05,92,0,1
1e-05,825,0.00664221635,0.00603913516,8.53562087e-05,92,0,1
1e-05,826,0.00665098336,0.00604727073,8.54892278e-05,92,0,1
1e-05,827,0.00665975362,0.00605540955,8.56223123e-05,92,0,1
1e-05,828,0.00666846661,0.00606354047,8.57506093e-05,92,0,1
1e-05,829,0.00667730207,0.0060716942,8.58888816e-05,92,0,1
1e-05,830,0.00668601692,0.00607982604,8.60172877e-05,92,0,1
1e-05,831,0.00669485889,0.00608798629,8.61556764e-05,92,0,1
1e-05,832,0.00670363056,0.00609613629,8.62890593e-05,92,0,1
1e-05,833,0.00671235286,0.00610427652,8.641772e-05,92,0,1
1e-05,834,0.00672114221,0.00611243071,8.6551503e-05,92,0,1
1e-05,835,0.00672992552,0.00612058677,8.66851915e-05,92,0,1
1e-05,836,0.00673871487,0.00612874376,8.681904e-05,92,0,1
1e-05,837,0.00674757501,0.00613691518,8.69580836e-05,92,0,1
1e-05,838,0.00675636297,0.00614507729,8.70920776e-05,92,0,1
1e-05,839,0.00676512439,0.00615324033,8.72250021e-05,92,0,1
1e-05,840,0.00677388208,0.00616139732,8.73550744e-05,92,0,1
1e-05,841,0.00678273104,0.0061695762,8.74935868e-05,92,0,1
1e-05,842,0.00679148035,0.00617773645,8.76236445e-05,92,0,1
1e-05,843,0.00680035632,0.00618591998,8.77632774e-05,92,0,1
1e-05,844,0.00680913171,0.0061940928,8.78967185e-05,92,0,1
1e-05,845,0.00681788567,0.00620225631,8.80269799e-05,92,0,1
1e-05,846,0.00682670018,0.00621043844,8.81617307e-05,92,0,1
1e-05,847,0.00683551002,0.00621861918,8.82964669e-05,92,0,1
1e-05,848,0.00684439437,0.00622681295,8.84364345e-05,92,0,1
1e-05,849,0.00685312366,0.0062349881,8.8573739e-05,92,0,1
1e-05,850,0.00686202385,0.00624318514,8.87062924e-05,92,0,1
1e-05,851,0.00687076384,0.00625136262,8.88360955e-05,92,0,1
1e-05,852,0.00687966123,0.00625956384,8.8976507e-05,92,0,1
1e-05,853,0.00688840076,0.00626774738,8.91062518e-05,92,0,1
1e-05,854,0.00689727627,0.00627595326,8.92458702e-05,92,0,1
1e-05,855,0.00690612895,0.0062841489,8.93823162e-05,92,0,1
1e-05,856,0.00691495743,0.00629234919,8.95177727e-05,92,0,1
1e-05,857,0.00692376168,0.00630054856,8.9652247e-05,92,0,1
1e-05,858,0.00693258876,0.00630875491,8.97877908e-05,92,0,1
1e-05,859,0.00694144284,0.00631695846,8.99244333e-05,92,0,1
1e-05,860,0.00695027458,0.00632516574,9.00601299e-05,92,0,1
1e-05,861,0.00695911841,0.00633337395,9.01961394e-05,92,0,1
1e-05,862,0.00696796132,0.00634158822,9.03320688e-05,92,0,1
1e-05,863,0.00697671063,0.00634979038,9.04624831e-05,92,0,1
1e-05,864,0.00698564108,0.00635801628,9.06041241e-05,92,0,1
1e-05,865,0.00699448679,0.00636623474,9.07402646e-05,92,0,1
1e-05,866,0.00700324215,0.00637444202,9.08709917e-05,92,0,1
1e-05,867,0.00701216282,0.00638267724,9.10118979e-05,92,0,1
1e-05,868,0.00702101039,0.00639090175,9.11483294e-05,92,0,1
1e-05,869,0.00702979136,0.00639911555,9.12801625e-05,92,0,1
1e-05,870,0.00703864591,0.00640734471,9.14167613e-05,92,0,1
1e-05,871,0.00704758521,0.00641558599,9.15588098e-05,92,0,1
1e-05,872,0.00705645373,0.00642381888,9.16957724e-05,92,0,1
1e-05,873,0.0070653148,0.0064320555,9.18325968e-05,92,0,1
1e-05,874,0.00707406038,0.00644028466,9.19717058e-05,92,0,1
1e-05,875,0.00708292145,0.00644852221,9.21086466e-05,92,0,1
1e-05,876,0.00709190592,0.00645677,9.22434992e-05,92,0,1
1e-05,877,0.00710065151,0.00646500522,9.23828193e-05,92,0,1
1e-05,878,0.00710964203,0.0064732586,9.25177883e-05,92,0,1
1e-05,879,0.00711841229,0.00648149569,9.26492285e-05,92,0,1
1e-05,880,0.00712739024,0.00648975512,9.27925357e-05,92,0,1
1e-05,881,0.00713624246,0.00649800478,9.29289454e-05,92,0,1
1e-05,882,0.00714504113,0.00650624977,9.30616952e-05,92,0,1
1e-05,883,0.00715401676,0.00651451154,9.32050389e-05,92,0,1
1e-05,884,0.00716290204,0.00652277237,9.33428237e-05,92,0,1
1e-05,885,0.00717177009,0.00653103413,9.34796335e-05,92,0,1
1e-05,886,0.00718066562,0.00653929636,9.3618306e-05,92,0,1
1e-05,887,0.00718942191,0.00654754881,9.37583609e-05,92,0,1
1e-05,888,0.00719833933,0.0065558143,9.3888375e-05,92,0,1
1e-05,889,0.00720734335,0.00656409236,9.4032599e-05,92,0,1
1e-05,890,0.0072161248,0.00657235272,9.41647595e-05,92,0,1
1e-05,891,0.0072250152,0.0065806238,9.43028426e-05,92,0,1
1e-05,892,0.00723402435,0.00658890838,9.4447314e-05,92,0,1
1e-05,893,0.0072429236,0.00659718597,9.45857682e-05,92,0,1
1e-05,894,0.00725182937,0.0066054659,9.47244116e-05,92,0,1
1e-05,895,0.00726072956,0.00661374582,9.48629167e-05,92,0,1
1e-05,896,0.00726951659,0.00662201457,9.49954265e-05,92,0,1
1e-05,897,0.0072783893,0.00663030334,9.51421971e-05,92,0,1
1e-05,898,0.00728742685,0.00663859677,9.52780974e-05,92,0,1
1e-05,899,0.00729624042,0.00664687529,9.54118368e-05,92,0,1
1e-05,900,0.00730515365,0.00665516779,9.55509022e-05,92,0,1
1e-05,901,0.00731417909,0.00666347193,9.56959848e-05,92,0,1
1e-05,902,0.00732310116,0.00667176442,9.58352757e-05,92,0,1
1e-05,903,0.0073320209,0.0066800639,9.5974603e-05,92,0,1
1e-05,904,0.00734082051,0.00668835221,9.61076439e-05,92,0,1
1e-05,905,0.00734969974,0.00669665355,9.6255113e-05,92,0,1
1e-05,906,0.00735878712,0.00670496793,9.63927814e-05,92,0,1
1e-05,907,0.00736758672,0.00671326136,9.65259023e-05,92,0,1
1e-05,908,0.00737664057,0.0067215804,9.66719672e-05,92,0,1
1e-05,909,0.00738557242,0.00672989013,9.68117529e-05,92,0,1
1e-05,910,0.00739450473,0.00673820218,9.69515822e-05,92,0,1
1e-05,911,0.00740330666,0.00674650352,9.7084936e-05,92,0,1
1e-05,912,0.00741237495,0.00675483281,9.72314883e-05,92,0,1
1e-05,913,0.00742131658,0.00676315418,9.7371536e-05,92,0,1
1e-05,914,0.0074301227,0.00677146204,9.75051153e-05,92,0,1
1e-05,915,0.00743918912,0.00677979272,9.76518058e-05,92,0,1
1e-05,916,0.00744795892,0.0067881071,9.77940945e-05,92,0,1
1e-05,917,0.00745707611,0.0067964443,9.79324395e-05,92,0,1
1e-05,918,0.00746602658,0.00680477358,9.80729019e-05,92,0,1
1e-05,919,0.00747484434,0.00681309216,9.8206976e-05,92,0,1
1e-05,920,0.00748393219,0.00682143681,9.83542632e-05,92,0,1
1e-05,921,0.00749275088,0.00682976097,9.84884318e-05,92,0,1
1e-05,922,0.00750184339,0.00683811121,9.86358136e-05,92,0,1
1e-05,923,0.00751065882,0.00684643583,9.8769895e-05,92,0,1
1e-05,924,0.0075195739,0.00685478281,9.89193941e-05,92,0,1
1e-05,925,0.00752857886,0.00686312141,9.90519256e-05,92,0,1
1e-05,926,0.00753753912,0.00687146466,9.9192941e-05,92,0,1
1e-05,927,0.00754650636,0.0068798149,9.9334211e-05,92,0,1
1e-05,928,0.00755561003,0.00688817445,9.9482204e-05,92,0,1
1e-05,929,0.0075644413,0.00689651631,9.96168601e-05,92,0,1
1e-05,930,0.00757335965,0.0069048726,9.9767014e-05,92,0,1
1e-05,931,0.00758253178,0.00691323914,9.99067561e-05,92,0,1
1e-05,932,0.00759136025,0.00692158425,0.00010004155,92,0,1
1e-05,933,0.00760033447,0.00692994334,0.000100183221,92,0,1
1e-05,934,0.00760931382,0.00693830568,0.000100325007,92,0,1
1e-05,935,0.00761842588,0.00694668293,0.000100472673,92,0,1
1e-05,936,0.00762722129,0.00695504062,0.000100617282,92,0,1
1e-05,937,0.00763619831,0.00696340343,0.000100759273,92,0,1
1e-05,938,0.00764524285,0.00697177462,0.000100892779,92,0,1
1e-05,939,0.00765437586,0.00698015746,0.000101041856,92,0,1
1e-05,940,0.00766322203,0.00698852353,0.000101177211,92,0,1
1e-05,941,0.00767221302,0.00699689938,0.00010131958,92,0,1
1e-05,942,0.00768136326,0.00700529153,0.000101469152,92,0,1
1e-05,943,0.00769035658,0.0070136697,0.00010161168,92,0,1
1e-05,944,0.00769935967,0.00702205673,0.000101754318,92,0,1
1e-05,945,0.00770820212,0.00703042932,0.000101889964,92,0,1
1e-05,946,0.00771720475,0.00703881774,0.000102032667,92,0,1
1e-05,947,0.00772614777,0.00704721175,0.000102184385,92,0,1
1e-05,948,0.00773521187,0.00705559691,0.000102318489,92,0,1
1e-05,949,0.00774422102,0.00706399232,0.000102461512,92,0,1
1e-05,950,0.00775338896,0.00707239797,0.000102611753,92,0,1
1e-05,951,0.00776224304,0.00708078686,0.000102747821,92,0,1
1e-05,952,0.00777119165,0.00708918972,0.000102899765,92,0,1
1e-05,953,0.00778027065,0.00709758792,0.000103034414,92,0,1
1e-05,954,0.00778944977,0.00710600242,0.000103185033,92,0,1
1e-05,955,0.00779830711,0.00711439969,0.000103321196,92,0,1
1e-05,956,0.00780732557,0.00712280581,0.000103464772,92,0,1
1e-05,957,0.00781635474,0.00713122124,0.000103608683,92,0,1
1e-05,958,0.00782537647,0.00713963062,0.000103752391,92,0,1
1e-05,959,0.00783440564,0.00714804744,0.000103896251,92,0,1
1e-05,960,0.00784360059,0.00715647219,0.000104047504,92,0,1
1e-05,961,0.00785263628,0.00716489507,0.000104191589,92,0,1
1e-05,962,0.00786166638,0.00717331702,0.000104335573,92,0,1
1e-05,963,0.00787053164,0.00718172686,0.000104472332,92,0,1
1e-05,964,0.00787956826,0.00719015161,0.000104616614,92,0,1
1e-05,965,0.00788861047,0.00719858194,0.000104760999,92,0,1
1e-05,966,0.00789764896,0.00720701041,0.000104905346,92,0,1
1e-05,967,0.00790669303,0.00721544307,0.000105049898,92,0,1
1e-05,968,0.00791573618,0.00722387386,0.000105194631,92,0,1
1e-05,969,0.00792478397,0.00723231118,0.000105339277,92,0,1
1e-05,970,0.00793400966,0.00724076061,0.000105491577,92,0,1
1e-05,971,0.00794304349,0.00724920025,0.000105635227,92,0,1
1e-05,972,0.00795186032,0.00725763431,0.00010578271,92,0,1
1e-05,973,0.00796091184,0.00726607861,0.000105927815,92,0,1
1e-05,974,0.00797004625,0.00727452245,0.00010606381,92,0,1
1e-05,975,0.00797928777,0.00728298258,0.000106216816,92,0,1
1e-05,976,0.00798816793,0.00729142316,0.000106354302,92,0,1
1e-05,977,0.00799741037,0.00729988422,0.000106507432,92,0,1
1e-05,978,0.00800647866,0.00730834063,0.000106652937,92,0,1
1e-05,979,0.00801554602,0.0073167989,0.000106798456,92,0,1
1e-05,980,0.00802434888,0.00732524926,0.000106945183,92,0,1
1e-05,981,0.00803368445,0.00733371777,0.000107089712,92,0,1
1e-05,982,0.00804257393,0.00734217325,0.000107227686,92,0,1
1e-05,983,0.0080516478,0.00735063897,0.000107373613,92,0,1
1e-05,984,0.00806072168,0.0073591047,0.000107518819,92,0,1
1e-05,985,0.00806971826,0.00736757787,0.000107674568,92,0,1
1e-05,986,0.00807888154,0.00737604778,0.000107810774,92,0,1
1e-05,987,0.00808796287,0.00738452096,0.000107956948,92,0,1
1e-05,988,0.00809704699,0.00739299692,0.000108104039,92,0,1
1e-05,989,0.00810613669,0.00740147848,0.000108249784,92,0,1
1e-05,990,0.00811522454,0.00740995817,0.000108396984,92,0,1
1e-05,991,0.00812442787,0.0074184523,0.000108544249,92,0,1
1e-05,992,0.00813340303,0.00742692268,0.000108690016,92,0,1
1e-05,993,0.00814261753,0.00743542053,0.00010883763,92,0,1
1e-05,994,0.00815171842,0.00744391233,0.000108984481,92,0,1
1e-05,995,0.0081606945,0.00745239062,0.000109129585,92,0,1
1e-05,996,0.00816979259,0.00746088335,0.000109277273,92,0,1
1e-05,997,0.00817889627,0.00746938027,0.000109424444,92,0,1
1e-05,998,0.00818812102,0.00747788837,0.000109572335,92,0,1
1e-05,999,0.00819710642,0.00748637691,0.000109717985,92,0,1
1e-05,1000,0.00820634421,0.00749488967,0.000109867069,92,0,1
1e-05,1001,0.00821532495,0.00750338379,0.000110013425,92,0,1
1e-05,1002,0.00822443701,0.0075118891,0.000110160094,92,0,1
1e-05,1003,0.0082335528,0.00752039813,0.000110307701,92,0,1
1e-05,1004,0.00824266765,0.00752890762,0.000110455127,92,0,1
1e-05,1005,0.00825178437,0.00753742037,0.00011060376,92,0,1
1e-05,1006,0.00826104358,0.0075459471,0.000110752684,92,0,1
1e-05,1007,0.00827002339,0.00755444914,0.000110899382,92,0,1
1e-05,1008,0.00827931892,0.00756298145,0.00011105361,92,0,1
1e-05,1009,0.00828827452,0.00757148955,0.000111195324,92,0,1
1e-05,1010,0.0082975449,0.00758002326,0.000111344794,92,0,1
1e-05,1011,0.00830667652,0.00758854812,0.000111492955,92,0,1
1e-05,1012,0.00831566565,0.00759706553,0.000111639354,92,0,1
1e-05,1013,0.0083247982,0.00760559412,0.000111788395,92,0,1
1e-05,1014,0.00833393261,0.00761412503,0.000111936839,92,0,1
1e-05,1015,0.00834307354,0.00762265967,0.000112084599,92,0,1
1e-05,1016,0.00835220981,0.00763119431,0.00011223404,92,0,1
1e-05,1017,0.00836134888,0.00763973128,0.000112382855,92,0,1
1e-05,1018,0.0083704954,0.00764827291,0.000112531758,92,0,1
1e-05,1019,0.00837979559,0.0076568285,0.000112681941,92,0,1
1e-05,1020,0.00838878844,0.00766535802,0.000112828813,92,0,1
1e-05,1021,0.00839814637,0.00767391734,0.000112986134,92,0,1
1e-05,1022,0.00840708893,0.00768245198,0.000113127004,92,0,1
1e-05,1023,0.00841624197,0.00769100385,0.000113277085,92,0,1
1e-06,0,4.5044635e-05,0,0,195,0,1
1e-06,1,5.23237504e-05,6.54040196e-06,7.69948514e-08,195,0,1
1e-06,2,5.9627695e-05,1.3082612e-05,1.54051207e-07,195,0,1
1e-06,3,6.680972e-05,1.96266319e-05,2.31153322e-07,195,0,1
1e-06,4,7.41214462e-05,2.61724581e-05,3.08323706e-07,195,0,1
1e-06,5,8.13650113e-05,3.27201087e-05,3.85537589e-07,195,0,1
1e-06,6,8.86304479e-05,3.92695511e-05,4.62817695e-07,195,0,1
1e-06,7,9.58815799e-05,4.58208342e-05,5.40149699e-07,195,0,1
1e-06,8,0.000103150094,5.23738818e-05,6.1755577e-07,195,0,1
1e-06,9,0.000110444802,5.89287811e-05,6.94999187e-07,195,0,1
1e-06,10,0.000117697011,6.54854666e-05,7.72506041e-07,195,0,1
1e-06,11,0.000124935556,7.20439712e-05,8.50061497e-07,195,0,1
1e-06,12,0.00013231083,7.86043383e-05,9.27712847e-07,195,0,1
1e-06,13,0.000139601965,8.51664008e-05,1.00540569e-06,195,0,1
1e-06,14,0.000146839899,9.17303259e-05,1.08316851e-06,195,0,1
1e-06,15,0.000154158814,9.82960846e-05,1.1609668e-06,195,0,1
1e-06,16,0.000161411546,0.000104863655,1.23878431e-06,195,0,1
1e-06,17,0.000168684666,0.000111433023,1.31668776e-06,195,0,1
1e-06,18,0.00017603302,0.00011800426,1.39469864e-06,195,0,1
1e-06,19,0.000183259719,0.000124577273,1.47268418e-06,195,0,1
1e-06,20,0.000190570951,0.000131152163,1.55077669e-06,195,0,1
1e-06,21,0.000197891321,0.000137728712,1.62898129e-06,195,0,1
1e-06,22,0.00020509641,0.000144307123,1.7071884e-06,195,0,1
1e-06,23,0.000212454324,0.000150887456,1.78542973e-06,195,0,1
1e-06,24,0.000219758425,0.000157469593,1.86371221e-06,195,0,1
1e-06,25,0.000227080862,0.000164053519,1.94210065e-06,195,0,1
1e-06,26,0.000234370193,0.000170639105,2.02052411e-06,195,0,1
1e-06,27,0.000241617556,0.000177226771,2.09898872e-06,195,0,1
1e-06,28,0.000248987286,0.000183816097,2.17757542e-06,195,0,1
1e-06,29,0.000256311061,0.000190407198,2.25625763e-06,195,0,1
1e-06,30,0.00026362011,0.000197000132,2.33492597e-06,195,0,1
1e-06,31,0.000270908349,0.000203594944,2.41362841e-06,195,0,1
1e-06,32,0.000278234278,0.00021019156,2.49236086e-06,195,0,1
1e-06,33,0.000285546528,0.00021678998,2.57119586e-06,195,0,1
1e-06,34,0.000292868121,0.000223390176,2.65013227e-06,195,0,1
1e-06,35,0.00030017001,0.000229992307,2.72907573e-06,195,0,1
1e-06,36,0.000307512673,0.000236596272,2.80816312e-06,195,0,1
1e-06,37,0.000314783392,0.000243201896,2.88722731e-06,195,0,1
1e-06,38,0.000322126405,0.000249809498,2.96636313e-06,195,0,1
1e-06,39,0.000329491158,0.000256418862,3.04548848e-06,195,0,1
1e-06,40,0.000336786965,0.000263029942,3.12480392e-06,195,0,1
1e-06,41,0.000344127824,0.000269643147,3.20410732e-06,195,0,1
1e-06,42,0.000351459428,0.000276257837,3.28339388e-06,195,0,1
1e-06,43,0.000358780235,0.000282874476,3.36281141e-06,195,0,1
1e-06,44,0.000366130029,0.000289492862,3.44239834e-06,195,0,1
1e-06,45,0.000373459421,0.00029611311,3.52193365e-06,195,0,1
1e-06,46,0.000380810583,0.000302735367,3.60156537e-06,195,0,1
1e-06,47,0.000388154527,0.000309359253,3.6811407e-06,195,0,1
1e-06,48,0.000395480689,0.000315984944,3.7608047e-06,195,0,1
1e-06,49,0.000402813952,0.000322612439,3.84057785e-06,195,0,1
1e-06,50,0.00041019835,0.000329241768,3.92049242e-06,195,0,1
1e-06,51,0.000417505536,0.000335873017,4.00029558e-06,195,0,1
1e-06,52,0.000424791127,0.000342506246,4.08018514e-06,195,0,1
1e-06,53,0.00043215981,0.000349141104,4.16021157e-06,195,0,1
1e-06,54,0.000439460127,0.000355778087,4.24021255e-06,195,0,1
1e-06,55,0.000446897349,0.000362416089,4.32044681e-06,195,0,1
1e-06,56,0.000454270776,0.000369056623,4.40064923e-06,195,0,1
1e-06,57,0.000461615302,0.000375698612,4.48099718e-06,195,0,1
1e-06,58,0.00046894807,0.000382342609,4.56113867e-06,195,0,1
1e-06,59,0.000476278889,0.000388988468,4.64156346e-06,195,0,1
1e-06,60,0.000483706826,0.000395636016,4.72198417e-06,195,0,1
1e-06,61,0.00049099914,0.000402285688,4.80255721e-06,195,0,1
1e-06,62,0.000498435111,0.000408937107,4.88296928e-06,195,0,1
1e-06,63,0.000505797565,0.000415589951,4.9635737e-06,195,0,1
1e-06,64,0.000513160019,0.000422244979,5.04435684e-06,195,0,1
1e-06,65,0.000520533998,0.000428901811,5.12514816e-06,195,0,1
1e-06,66,0.000527903205,0.00043556036,5.20573394e-06,195,0,1
1e-06,67,0.000535277126,0.000442220829,5.28653709e-06,195,0,1
1e-06,68,0.000542643247,0.000448883104,5.36744028e-06,195,0,1
1e-06,69,0.000550018041,0.000455547153,5.44835393e-06,195,0,1
1e-06,70,0.000557416526,0.000462213036,5.529389e-06,195,0,1
1e-06,71,0.000564779271,0.000468880724,5.6104609e-06,195,0,1
1e-06,72,0.000572172925,0.000475550478,5.69163785e-06,195,0,1
1e-06,73,0.000579548592,0.00048222192,5.77275478e-06,195,0,1
1e-06,74,0.000586945214,0.000488894875,5.85405041e-06,195,0,1
1e-06,75,0.000594323617,0.000495570188,5.93545883e-06,195,0,1
1e-06,76,0.000601744396,0.000502246956,6.0167763e-06,195,0,1
1e-06,77,0.000609106442,0.00050892611,6.09809922e-06,195,0,1
1e-06,78,0.000616508536,0.000515606429,6.17977685e-06,195,0,1
1e-06,79,0.00062390219,0.000522288668,6.26112615e-06,195,0,1
1e-06,80,0.000631317031,0.000528972945,6.34281787e-06,195,0,1
1e-06,81,0.000638667378,0.000535659201,6.42435407e-06,195,0,1
1e-06,82,0.000646131462,0.00054234697,6.50623451e-06,195,0,1
1e-06,83,0.000653452356,0.000549036718,6.58777844e-06,195,0,1
1e-06,84,0.000660888385,0.000555728155,6.66970482e-06,195,0,1
1e-06,85,0.000668258348,0.000562421686,6.7516703e-06,195,0,1
1e-06,86,0.000675658754,0.000569116615,6.83370308e-06,195,0,1
1e-06,87,0.000683119462,0.000575814163,6.91578498e-06,195,0,1
1e-06,88,0.00069053279,0.000582512643,6.99767224e-06,195,0,1
1e-06,89,0.000697934243,0.00058921345,7.07995468e-06,195,0,1
1e-06,90,0.000705362647,0.000595916063,7.16200884e-06,195,0,1
1e-06,91,0.000712747686,0.000602620712,7.24435358e-06,195,0,1
1e-06,92,0.00072018808,0.000609326467,7.32676335e-06,195,0,1
1e-06,93,0.00072760589,0.000616034842,7.40912719e-06,195,0,1
1e-06,94,0.000735028938,0.000622744788,7.49136325e-06,195,0,1
1e-06,95,0.000742442673,0.000629456888,7.57379985e-06,195,0,1
1e-06,96,0.000749873929,0.000636169862,7.65637742e-06,195,0,1
1e-06,97,0.000757299073,0.000642885454,7.73923239e-06,195,0,1
1e-06,98,0.00076468935,0.000649602909,7.82156803e-06,195,0,1
1e-06,99,0.000772109837,0.000656321703,7.90429749e-06,195,0,1
1e-06,100,0.000779544935,0.000663042942,7.98711699e-06,195,0,1
1e-06,101,0.000787015364,0.000669765519,8.07003926e-06,195,0,1
1e-06,102,0.000794450461,0.000676490308,8.15314706e-06,195,0,1
1e-06,103,0.000801851624,0.000683216902,8.23579467e-06,195,0,1
1e-06,104,0.000809337071,0.000689945125,8.3189725e-06,195,0,1
1e-06,105,0.000816767337,0.000696675095,8.40226949e-06,195,0,1
1e-06,106,0.000824206625,0.000703406811,8.48539457e-06,195,0,1
1e-06,107,0.000831660407,0.000710140564,8.56847055e-06,195,0,1
1e-06,108,0.000839094806,0.000716876646,8.65162929e-06,195,0,1
1e-06,109,0.000846532872,0.00072361459,8.73501085e-06,195,0,1
1e-06,110,0.000853981939,0.000730353699,8.81832511e-06,195,0,1
1e-06,111,0.000861447072,0.000737094611,8.90181855e-06,195,0,1
1e-06,112,0.000868883624,0.000743837503,8.98528197e-06,195,0,1
1e-06,113,0.000876362144,0.000750582782,9.06897185e-06,195,0,1
1e-06,114,0.00088382879,0.000757329224,9.15264263e-06,195,0,1
1e-06,115,0.00089123752,0.000764077588,9.23631796e-06,195,0,1
1e-06,116,0.000898718485,0.000770827988,9.32019429e-06,195,0,1
1e-06,117,0.000906163128,0.000777579728,9.40391146e-06,195,0,1
1e-06,118,0.000913634023,0.000784334028,9.48759589e-06,195,0,1
1e-06,119,0.00092110422,0.000791089959,9.57154134e-06,195,0,1
1e-06,120,0.000928573019,0.00079784781,9.65549953e-06,195,0,1
1e-06,121,0.000936034485,0.000804607989,9.73953229e-06,195,0,1
1e-06,122,0.000943507999,0.000811368925,9.8236269e-06,195,0,1
1e-06,123,0.000950943795,0.000818132423,9.90801982e-06,195,0,1
1e-06,124,0.000958452467,0.000824897434,9.9920253e-06,195,0,1
1e-06,125,0.000965928892,0.000831664249,1.00766774e-05,195,0,1
1e-06,126,0.000973385177,0.000838433276,1.0160873e-05,195,0,1
1e-06,127,0.000980836339,0.000845203584,1.02449794e-05,195,0,1
1e-06,128,0.000988373999,0.000851976802,1.03296261e-05,195,0,1
1e-06,129,0.000995845767,0.000858750776,1.04141491e-05,195,0,1
1e-06,130,0.00100332987,0.000865527487,1.04987412e-05,195,0,1
1e-06,131,0.001010812,0.000872305012,1.05833242e-05,195,0,1
1e-06,132,0.00101830228,0.000879085157,1.06680618e-05,195,0,1
1e-06,133,0.0010257907,0.000885867281,1.07531596e-05,195,0,1
1e-06,134,0.00103328761,0.000892650278,1.08376862e-05,195,0,1
1e-06,135,0.00104079791,0.000899435719,1.0922723e-05,195,0,1
1e-06,136,0.00104826759,0.000906223373,1.1007487e-05,195,0,1
1e-06,137,0.00105575146,0.000913012191,1.1092694e-05,195,0,1
1e-06,138,0.00106328086,0.000919802755,1.11777463e-05,195,0,1
1e-06,139,0.00107076298,0.000926596171,1.12627295e-05,195,0,1
1e-06,140,0.0010782429,0.000933390867,1.13478618e-05,195,0,1
1e-06,141,0.00108575891,0.000940187892,1.14334653e-05,195,0,1
1e-06,142,0.00109327072,0.000946985965,1.15185412e-05,195,0,1
1e-06,143,0.00110080116,0.000953786483,1.16040792e-05,195,0,1
1e-06,144,0.0011083053,0.000960588455,1.16894762e-05,195,0,1
1e-06,145,0.0011157929,0.00096739264,1.1774855e-05,195,0,1
1e-06,146,0.00112330588,0.00097419793,1.18603848e-05,195,0,1
1e-06,147,0.00113080582,0.000981005724,1.19461802e-05,195,0,1
1e-06,148,0.00113832706,0.000987815089,1.203176e-05,195,0,1
1e-06,149,0.00114583375,0.000994627015,1.21176272e-05,195,0,1
1e-06,150,0.00115336559,0.00100144011,1.22036063e-05,195,0,1
1e-06,151,0.00116089161,0.00100825517,1.22891388e-05,195,0,1
1e-06,152,0.0011683827,0.00101507222,1.23750124e-05,195,0,1
1e-06,153,0.00117592991,0.00102189067,1.24609669e-05,195,0,1
1e-06,154,0.00118344068,0.00102871167,1.25474517e-05,195,0,1
1e-06,155,0.00119101559,0.00103553443,1.26333471e-05,195,0,1
1e-06,156,0.00119852764,0.00104235834,1.27193707e-05,195,0,1
1e-06,157,0.0012060852,0.00104918494,1.28057991e-05,195,0,1
1e-06,158,0.00121358037,0.00105601305,1.28921993e-05,195,0,1
1e-06,159,0.00122111302,0.00106284302,1.29782929e-05,195,0,1
1e-06,160,0.00122865511,0.0010696745,1.30646131e-05,195,0,1
1e-06,161,0.00123618823,0.00107650785,1.31514425e-05,195,0,1
1e-06,162,0.00124375417,0.00108334399,1.323783e-05,195,0,1
1e-06,163,0.00125130732,0.00109018129,1.33244757e-05,195,0,1
1e-06,164,0.00125882495,0.00109701999,1.34109523e-05,195,0,1
1e-06,165,0.00126635621,0.00110386056,1.34979746e-05,195,0,1
1e-06,166,0.00127390039,0.00111070427,1.3584804e-05,195,0,1
1e-06,167,0.00128144771,0.00111754879,1.36715153e-05,195,0,1
1e-06,168,0.00128900365,0.00112439541,1.37584866e-05,195,0,1
1e-06,169,0.00129655586,0.00113124377,1.38454689e-05,195,0,1
1e-06,170,0.00130410516,0.00113809423,1.39324375e-05,195,0,1
1e-06,171,0.00131165108,0.00114494632,1.40194479e-05,195,0,1
1e-06,172,0.00131923438,0.00115180074,1.41064447e-05,195,0,1
1e-06,173,0.00132678438,0.00115865655,1.41935698e-05,195,0,1
1e-06,174,0.00133434194,0.00116551458,1.42807785e-05,195,0,1
1e-06,175,0.0013419094,0.0011723747,1.43681755e-05,195,0,1
1e-06,176,0.00134946895,0.00117923506,1.44559872e-05,195,0,1
1e-06,177,0.00135704153,0.00118609983,1.45430276e-05,195,0,1
1e-06,178,0.00136460562,0.00119296403,1.46305374e-05,195,0,1
1e-06,179,0.00137221138,0.00119983067,1.47183964e-05,195,0,1
1e-06,180,0.00137973635,0.00120670046,1.48057106e-05,195,0,1
1e-06,181,0.0013873158,0.00121357129,1.48938088e-05,195,0,1
1e-06,182,0.00139488978,0.00122044375,1.49812013e-05,195,0,1
1e-06,183,0.00140249846,0.00122731726,1.50692995e-05,195,0,1
1e-06,184,0.00141006149,0.00123419461,1.51570093e-05,195,0,1
1e-06,185,0.00141761906,0.00124107383,1.52451885e-05,195,0,1
1e-06,186,0.00142521202,0.00124795304,1.53329074e-05,195,0,1
1e-06,187,0.00143279228,0.00125483458,1.54213358e-05,195,0,1
1e-06,188,0.00144038419,0.00126171892,1.55091329e-05,195,0,1
1e-06,189,0.00144799787,0.00126860524,1.5597574e-05,195,0,1
1e-06,190,0.00145558862,0.0012754926,1.5685835e-05,195,0,1
1e-06,191,0.00146317354,0.00128238264,1.57741106e-05,195,0,1
1e-06,192,0.00147074892,0.00128927419,1.58623079e-05,195,0,1
1e-06,193,0.00147833966,0.00129616703,1.59511692e-05,195,0,1
1e-06,194,0.00148593471,0.00130306196,1.60396958e-05,195,0,1
1e-06,195,0.00149353128,0.00130995864,1.61282933e-05,195,0,1
1e-06,196,0.00150114472,0.00131685787,1.62165543e-05,195,0,1
1e-06,197,0.00150873326,0.00132375828,1.63055283e-05,195,0,1
1e-06,198,0.00151634216,0.00133066101,1.63939003e-05,195,0,1
1e-06,199,0.00152392825,0.0013375656,1.64832254e-05,195,0,1
1e-06,200,0.0015315502,0.00134447124,1.65715701e-05,195,0,1
1e-06,201,0.00153915607,0.00135137897,1.66609061e-05,195,0,1
1e-06,202,0.00154678035,0.0013582902,1.67496219e-05,195,0,1
1e-06,203,0.00155439426,0.00136520213,1.68387141e-05,195,0,1
1e-06,204,0.00156199408,0.00137211522,1.69281229e-05,195,0,1
1e-06,205,0.00156960776,0.00137903017,1.70168441e-05,195,0,1
1e-06,206,0.00157723739,0.00138594874,1.71062329e-05,195,0,1
1e-06,207,0.00158484804,0.00139286823,1.71959928e-05,195,0,1
1e-06,208,0.00159246265,0.00139978877,1.72853597e-05,195,0,1
1e-06,209,0.00160009169,0.00140671164,1.73747612e-05,195,0,1
1e-06,210,0.00160772062,0.00141363672,1.74638135e-05,195,0,1
1e-06,211,0.00161532906,0.00142056425,1.75539335e-05,195,0,1
1e-06,212,0.0016229765,0.00142749236,1.76430185e-05,195,0,1
1e-06,213,0.00163061335,0.00143442233,1.77327784e-05,195,0,1
1e-06,214,0.00163823832,0.00144135603,1.782246e-05,195,0,1
1e-06,215,0.0016458648,0.00144828972,1.79127856e-05,195,0,1
1e-06,216,0.00165351259,0.00145522633,1.80022234e-05,195,0,1
1e-06,217,0.00166115176,0.00146216422,1.80921543e-05,195,0,1
1e-06,218,0.00166878325,0.00146910397,1.81820797e-05,195,0,1
1e-06,219,0.00167641859,0.00147604605,1.82721251e-05,195,0,1
1e-06,220,0.00168406591,0.00148299034,1.83622851e-05,195,0,1
1e-06,221,0.00169169274,0.00148993684,1.84530181e-05,195,0,1
1e-06,222,0.00169933704,0.00149688264,1.85432382e-05,195,0,1
1e-06,223,0.00170701079,0.00150383229,1.86331254e-05,195,0,1
1e-06,224,0.00171465951,0.00151078356,1.87234928e-05,195,0,1
1e-06,225,0.00172233593,0.00151773635,1.88141748e-05,195,0,1
1e-06,226,0.00172995834,0.00152469228,1.89043458e-05,195,0,1
1e-06,227,0.0017376116,0.00153164798,1.89949187e-05,195,0,1
1e-06,228,0.00174528873,0.00153860776,1.90858245e-05,195,0,1
1e-06,229,0.00175291789,0.00154556741,1.91767977e-05,195,0,1
1e-06,230,0.00176058989,0.00155252987,1.92670122e-05,195,0,1
1e-06,231,0.00176824862,0.00155949465,1.93582964e-05,195,0,1
1e-06,232,0.00177590433,0.00156646036,1.94492677e-05,195,0,1
1e-06,233,0.00178357819,0.00157342863,1.95401408e-05,195,0,1
1e-06,234,0.00179124903,0.00158039865,1.96306664e-05,195,0,1
1e-06,235,0.00179893326,0.00158737123,1.97219761e-05,195,0,1
1e-06,236,0.00180656812,0.00159434474,1.98127036e-05,195,0,1
1e-06,237,0.00181426026,0.00160132069,1.99040423e-05,195,0,1
1e-06,238,0.00182191504,0.00160829735,1.99959122e-05,195,0,1
1e-06,239,0.00182960031,0.00161527714,2.00872219e-05,195,0,1
1e-06,240,0.00183728896,0.00162225915,2.01785424e-05,195,0,1
1e-06,241,0.00184497202,0.00162924209,2.02695119e-05,195,0,1
1e-06,242,0.00185265613,0.0016362262,2.03610562e-05,195,0,1
1e-06,243,0.00186031626,0.00164321437,2.04531643e-05,195,0,1
1e-06,244,0.00186802924,0.00165020255,2.05443102e-05,195,0,1
1e-06,245,0.0018756974,0.00165719318,2.063582e-05,195,0,1
1e-06,246,0.00188343239,0.00166418671,2.07280646e-05,195,0,1
1e-06,247,0.00189106772,0.00167118071,2.08193433e-05,195,0,1
1e-06,248,0.00189878105,0.00167817669,2.09114023e-05,195,0,1
1e-06,249,0.00190647168,0.00168517523,2.10033395e-05,195,0,1
1e-06,250,0.00191420107,0.00169217505,2.1095766e-05,195,0,1
1e-06,251,0.00192186306,0.00169917638,2.11874958e-05,195,0,1
1e-06,252,0.00192959316,0.00170618156,2.12799168e-05,195,0,1
1e-06,253,0.00193730078,0.00171318697,2.13722142e-05,195,0,1
1e-06,254,0.00194494531,0.00172019389,2.14647171e-05,195,0,1
1e-06,255,0.00195268448,0.00172720349,2.15565324e-05,195,0,1
1e-06,256,0.00196038652,0.00173421495,2.16489025e-05,195,0,1
1e-06,257,0.00196809322,0.00174122839,2.17412744e-05,195,0,1
1e-06,258,0.00197580154,0.00174824381,2.18338082e-05,195,0,1
1e-06,259,0.0019835087,0.00175526063,2.19263493e-05,195,0,1
1e-06,260,0.00199121819,0.00176227954,2.20196398e-05,195,0,1
1e-06,261,0.00199894514,0.0017693002,2.21118735e-05,195,0,1
1e-06,262,0.00200669467,0.00177632365,2.22049657e-05,195,0,1
1e-06,263,0.00201441534,0.00178334839,2.2297816e-05,195,0,1
1e-06,264,0.00202207523,0.00179037428,2.23900788e-05,195,0,1
1e-06,265,0.0020298087,0.00179740239,2.24831474e-05,195,0,1
1e-06,266,0.00203755009,0.00180443283,2.25763106e-05,195,0,1
1e-06,267,0.0020453101,0.0018114656,2.26698376e-05,195,0,1
1e-06,268,0.00205303472,0.00181849895,2.27629353e-05,195,0,1
1e-06,269,0.00206076493,0.00182553474,2.28562185e-05,195,0,1
1e-06,270,0.00206845999,0.00183257274,2.29496527e-05,195,0,1
1e-06,271,0.00207620021,0.00183961296,2.30424557e-05,195,0,1
1e-06,272,0.0020839374,0.00184665481,2.31359809e-05,195,0,1
1e-06,273,0.00209167646,0.00185369782,2.32294824e-05,195,0,1
1e-06,274,0.00209944416,0.00186074316,2.33233113e-05,195,0,1
1e-06,275,0.00210713129,0.00186779001,2.34170984e-05,195,0,1
1e-06,276,0.00211488432,0.00187483977,2.35101325e-05,195,0,1
1e-06,277,0.00212266645,0.0018818914,2.36042979e-05,195,0,1
1e-06,278,0.00213037548,0.00188894337,2.36983269e-05,195,0,1
1e-06,279,0.00213816715,0.00189599954,2.37920558e-05,195,0,1
1e-06,280,0.00214585778,0.00190305547,2.38861176e-05,195,0,1
1e-06,281,0.00215362385,0.00191011431,2.39794645e-05,195,0,1
1e-06,282,0.00216138433,0.00191717537,2.40736808e-05,195,0,1
1e-06,283,0.00216912711,0.00192423735,2.41676225e-05,195,0,1
1e-06,284,0.00217689062,0.00193130143,2.42618298e-05,195,0,1
1e-06,285,0.00218469044,0.00193836784,2.43565755e-05,195,0,1
1e-06,286,0.00219239108,0.00194543588,2.44502899e-05,195,0,1
1e-06,287,0.00220021117,0.0019525059,2.45452575e-05,195,0,1
1e-06,288,0.00220793113,0.00195957813,2.46392992e-05,195,0,1
1e-06,289,0.00221573259,0.00196665083,2.47342214e-05,195,0,1
1e-06,290,0.00222345069,0.00197372679,2.4828998e-05,195,0,1
1e-06,291,0.00223122165,0.00198080461,2.49228251e-05,195,0,1
1e-06,292,0.00223902566,0.00198788405,2.50178582e-05,195,0,1
1e-06,293,0.00224677776,0.00199496606,2.51123802e-05,195,0,1
1e-06,294,0.00225448655,0.002002049,2.52067166e-05,195,0,1
1e-06,295,0.00226233737,0.00200913474,2.53028629e-05,195,0,1
1e-06,296,0.00227011484,0.00201622047,2.53978051e-05,195,0,1
1e-06,297,0.00227784785,0.00202331063,2.54927563e-05,195,0,1
1e-06,298,0.0022856521,0.00203040126,2.55879313e-05,195,0,1
1e-06,299,0.00229345495,0.00203749421,2.56830881e-05,195,0,1
1e-06,300,0.00230123685,0.00204458833,2.57783231e-05,195,0,1
1e-06,301,0.00230901618,0.00205168477,2.58727705e-05,195,0,1
1e-06,302,0.00231680251,0.00205878401,2.59689314e-05,195,0,1
1e-06,303,0.00232465286,0.00206588372,2.60641991e-05,195,0,1
1e-06,304,0.00233239029,0.00207298761,2.61590285e-05,195,0,1
1e-06,305,0.00234015821,0.00208009011,2.62553513e-05,195,0,1
1e-06,306,0.00234803697,0.00208719703,2.63508155e-05,195,0,1
1e-06,307,0.00235576532,0.00209430396,2.64466962e-05,195,0,1
1e-06,308,0.00236363476,0.00210141391,2.65422368e-05,195,0,1
1e-06,309,0.00237139873,0.00210852642,2.66375318e-05,195,0,1
1e-06,310,0.00237919181,0.00211564009,2.67334217e-05,195,0,1
1e-06,311,0.0023870389,0.00212275633,2.68298299e-05,195,0,1
1e-06,312,0.00239479332,0.00212987349,2.69260381e-05,195,0,1
1e-06,313,0.00240257406,0.00213699182,2.70219807e-05,195,0,1
1e-06,314,0.00241043023,0.00214411365,2.71181889e-05,195,0,1
1e-06,315,0.0024182687,0.00215123617,2.72141442e-05,195,0,1
1e-06,316,0.00242603989,0.00215836358,2.73098012e-05,195,0,1
1e-06,317,0.00243386463,0.0021654903,2.74069862e-05,195,0,1
1e-06,318,0.00244168565,0.00217261817,2.75034308e-05,195,0,1
1e-06,319,0.00244948897,0.00217975024,2.75998882e-05,195,0,1
1e-06,320,0.00245731953,0.00218688184,2.76955143e-05,195,0,1
1e-06,321,0.00246518757,0.00219401508,2.77927284e-05,195,0,1
1e-06,322,0.00247297483,0.00220115203,2.78889056e-05,195,0,1
1e-06,323,0.0024808147,0.00220829248,2.79856849e-05,195,0,1
1e-06,324,0.00248863525,0.00221543107,2.80831118e-05,195,0,1
1e-06,325,0.0024964842,0.00222257315,2.81793837e-05,195,0,1
1e-06,326,0.0025042952,0.00222971686,2.82768015e-05,195,0,1
1e-06,327,0.00251213228,0.00223686406,2.83731606e-05,195,0,1
1e-06,328,0.00251998729,0.00224401196,2.8470351e-05,195,0,1
1e-06,329,0.00252785045,0.00225116219,2.85677997e-05,195,0,1
1e-06,330,0.00253568566,0.00225831335,2.86649538e-05,195,0,1
1e-06,331,0.00254346547,0.00226546638,2.87623461e-05,195,0,1
1e-06,332,0.00255133724,0.00227262336,2.88589545e-05,195,0,1
1e-06,333,0.00255920831,0.00227978174,2.89568179e-05,195,0,1
1e-06,334,0.00256700651,0.00228694058,2.90544758e-05,195,0,1
1e-06,335,0.00257486803,0.00229410036,2.91511842e-05,195,0,1
1e-06,336,0.00258276146,0.00230126549,2.92493805e-05,195,0,1
1e-06,337,0.00259061344,0.00230843015,2.93470057e-05,195,0,1
1e-06,338,0.00259841699,0.00231559691,2.94449183e-05,195,0,1
1e-06,339,0.0026062557,0.00232276507,2.95426453e-05,195,0,1
1e-06,340,0.00261412561,0.00232993718,2.96404614e-05,195,0,1
1e-06,341,0.00262196036,0.00233711,2.97383649e-05,195,0,1
1e-06,342,0.00262986845,0.00234428444,2.98355899e-05,195,0,1
1e-06,343,0.00263773021,0.00235146028,2.9933688e-05,195,0,1
1e-06,344,0.00264562666,0.00235863891,3.00322426e-05,195,0,1
1e-06,345,0.00265342742,0.00236582011,3.01305718e-05,195,0,1
1e-06,346,0.00266136043,0.00237300363,3.02286098e-05,195,0,1
1e-06,347,0.0026691868,0.00238018762,3.03271681e-05,195,0,1
1e-06,348,0.00267705857,0.00238737371,3.0424615e-05,195,0,1
1e-06,349,0.0026849336,0.00239456096,3.05238718e-05,195,0,1
1e-06,350,0.00269280514,0.00240175053,3.06214861e-05,195,0,1
1e-06,351,0.0027006832,0.00240894244,3.07200316e-05,195,0,1
1e-06,352,0.00270855986,0.00241613761,3.08186136e-05,195,0,1
1e-06,353,0.00271642441,0.00242333417,3.09171519e-05,195,0,1
1e-06,354,0.00272437721,0.00243053166,3.10167961e-05,195,0,1
1e-06,355,0.00273226365,0.00243773009,3.11156182e-05,195,0,1
1e-06,356,0.00274008396,0.00244493061,3.12147022e-05,195,0,1
1e-06,357,0.00274797902,0.00245213532,3.13125965e-05,195,0,1
1e-06,358,0.00275588362,0.00245934073,3.14118879e-05,195,0,1
1e-06,359,0.00276376982,0.002466548,3.151083e-05,195,0,1
1e-06,360,0.00277165393,0.00247375737,3.16098776e-05,195,0,1
1e-06,361,0.00277955411,0.00248096883,3.17090817e-05,195,0,1
1e-06,362,0.00278743915,0.00248818146,3.18082202e-05,195,0,1
1e-06,363,0.00279534771,0.00249539502,3.19077008e-05,195,0,1
1e-06,364,0.00280319969,0.002502613,3.20079234e-05,195,0,1
1e-06,365,0.00281114387,0.00250983099,3.21066582e-05,195,0,1
1e-06,366,0.00281907013,0.00251705362,3.22062879e-05,195,0,1
1e-06,367,0.00282702222,0.0025242758,3.23065433e-05,195,0,1
1e-06,368,0.00283489237,0.00253149937,3.24057364e-05,195,0,1
1e-06,369,0.00284278044,0.0025387262,3.25061847e-05,195,0,1
1e-06,370,0.00285073183,0.00254595396,3.26054469e-05,195,0,1
1e-06,371,0.00285867415,0.00255318498,3.2705706e-05,195,0,1
1e-06,372,0.0028665408,0.00256041694,3.28050519e-05,195,0,1
1e-06,373,0.00287443423,0.00256765145,3.29047034e-05,195,0,1
1e-06,374,0.00288236141,0.00257488783,3.30059047e-05,195,0,1
1e-06,375,0.00289026462,0.00258212443,3.31059819e-05,195,0,1
1e-06,376,0.00289825606,0.0025893657,3.32060299e-05,195,0,1
1e-06,377,0.00290613039,0.00259660697,3.33056269e-05,195,0,1
1e-06,378,0.00291410252,0.00260385009,3.34065917e-05,195,0,1
1e-06,379,0.0029219857,0.00261109532,3.35062978e-05,195,0,1
1e-06,380,0.00292989123,0.00261834403,3.36064877e-05,195,0,1
1e-06,381,0.00293784821,0.00262559415,3.37076635e-05,195,0,1
1e-06,382,0.0029457584,0.0026328438,3.38089812e-05,195,0,1
1e-06,383,0.00295371492,0.00264009857,3.39096187e-05,195,0,1
1e-06,384,0.00296171708,0.00264735287,3.40101506e-05,195,0,1
1e-06,385,0.00296956068,0.0026546095,3.4111079e-05,195,0,1
1e-06,386,0.00297752488,0.00266187079,3.42119638e-05,195,0,1
1e-06,387,0.00298545277,0.00266912929,3.43128595e-05,195,0,1
1e-06,388,0.00299335713,0.00267639454,3.44124273e-05,195,0,1
1e-06,389,0.00300143193,0.00268365769,3.4514891e-05,195,0,1
1e-06,390,0.00300937518,0.00269092619,3.46159759e-05,195,0,1
1e-06,391,0.00301725906,0.0026981947,3.47162713e-05,195,0,1
1e-06,392,0.00302526774,0.00270546554,3.48184549e-05,195,0,1
1e-06,393,0.00303313485,0.00271273847,3.49199327e-05,195,0,1
1e-06,394,0.00304107019,0.00272001349,3.50199298e-05,195,0,1
1e-06,395,0.00304908631,0.00272728829,3.51219969e-05,195,0,1
1e-06,396,0.00305709988,0.00273456844,3.52242678e-05,195,0,1
1e-06,397,0.00306500541,0.00274184719,3.5325138e-05,195,0,1
1e-06,398,0.00307295704,0.00274913013,3.54266012e-05,195,0,1
1e-06,399,0.00308091636,0.00275641587,3.55282573e-05,195,0,1
1e-06,400,0.00308890129,0.0027637009,3.56303244e-05,195,0,1
1e-06,401,0.00309686689,0.00277098897,3.57325625e-05,195,0,1
1e-06,402,0.00310489209,0.00277827983,3.58349644e-05,195,0,1
1e-06,403,0.00311282999,0.00278557115,3.59363366e-05,195,0,1
1e-06,404,0.00312083052,0.00279286318,3.6039004e-05,195,0,1
1e-06,405,0.0031287407,0.00280016055,3.61413586e-05,195,0,1
1e-06,406,0.00313673774,0.00280745793,3.6242589e-05,195,0,1
1e-06,407,0.00314472569,0.00281475764,3.63449544e-05,195,0,1
1e-06,408,0.0031527055,0.00282205944,3.6447309e-05,195,0,1
1e-06,409,0.00316067622,0.00282936241,3.6549689e-05,195,0,1
1e-06,410,0.00316865882,0.0028366691,3.66520289e-05,195,0,1
1e-06,411,0.0031766477,0.00284397462,3.67557623e-05,195,0,1
1e-06,412,0.00318463868,0.00285128457,3.68573528e-05,195,0,1
1e-06,413,0.00319265365,0.00285859639,3.6961148e-05,195,0,1
1e-06,414,0.00320060551,0.0028659096,3.70637499e-05,195,0,1
1e-06,415,0.00320859649,0.00287322584,3.71666501e-05,195,0,1
1e-06,416,0.00321659562,0.00288054184,3.72694813e-05,195,0,1
1e-06,417,0.00322465948,0.00288785971,3.73722869e-05,195,0,1
1e-06,418,0.00323259062,0.00289518223,3.74755509e-05,195,0,1
1e-06,419,0.00324063259,0.00290250569,3.75787495e-05,195,0,1
1e-06,420,0.00324861356,0.00290982984,3.76807511e-05,195,0,1
1e-06,421,0.00325661781,0.00291715702,3.77840552e-05,195,0,1
1e-06,422,0.00326462719,0.0029244849,3.78872974e-05,195,0,1
1e-06,423,0.00327263284,0.00293181511,3.79905978e-05,195,0,1
1e-06,424,0.00328069367,0.00293914787,3.80948914e-05,195,0,1
1e-06,425,0.00328865508,0.0029464832,3.81976351e-05,195,0,1
1e-06,426,0.00329663628,0.00295381923,3.83021616e-05,195,0,1
1e-06,427,0.00330468407,0.00296115922,3.84048799e-05,195,0,1
1e-06,428,0.00331274956,0.00296849734,3.85093081e-05,195,0,1
1e-06,429,0.0033207275,0.00297584035,3.86123647e-05,195,0,1
1e-06,430,0.00332872267,0.00298318523,3.87157961e-05,195,0,1
1e-06,431,0.00333677814,0.00299052964,3.88202534e-05,195,0,1
1e-06,432,0.00334476167,0.00299788103,3.89251691e-05,195,0,1
1e-06,433,0.00335280248,0.00300522824,3.90279893e-05,195,0,1
1e-06,434,0.00336078904,0.00301258173,3.91314497e-05,194,0,1
1e-06,435,0.00336883077,0.00301993522,3.9237304e-05,195,0,1
1e-06,436,0.0033769107,0.00302728964,3.93410046e-05,195,0,1
1e-06,437,0.00338491425,0.00303464755,3.94459312e-05,195,0,1
1e-06,438,0.00339294947,0.0030420078,3.95488896e-05,195,0,1
1e-06,439,0.00340107526,0.00304936967,3.96547184e-05,195,0,1
1e-06,440,0.00340902247,0.00305673317,3.97593976e-05,195,0,1
1e-06,441,0.0034171436,0.00306409784,3.98637167e-05,195,0,1
1e-06,442,0.0034251234,0.00307146669,3.99686032e-05,195,0,1
1e-06,443,0.0034332464,0.00307883462,4.00732024e-05,195,0,1
1e-06,444,0.00344123016,0.0030862065,4.01770922e-05,195,0,1
1e-06,445,0.00344923302,0.00309358118,4.028291e-05,195,0,1
1e-06,446,0.00345737627,0.00310095516,4.0387702e-05,195,0,1
1e-06,447,0.00346542895,0.00310833263,4.04924394e-05,195,0,1
1e-06,448,0.00347345136,0.0031157129,4.05974897e-05,195,0,1
1e-06,449,0.00348147075,0.00312309479,4.07016996e-05,195,0,1
1e-06,450,0.00348960143,0.00313047599,4.08081833e-05,195,0,1
1e-06,451,0.00349762221,0.00313786068,4.09127388e-05,195,0,1
1e-06,452,0.00350574334,0.0031452477,4.10189023e-05,195,0,1
1e-06,453,0.00351371407,0.00315263658,4.11228866e-05,195,0,1
1e-06,454,0.00352181774,0.00316002709,4.12290647e-05,195,0,1
1e-06,455,0.0035299114,0.0031674183,4.13349117e-05,195,0,1
1e-06,456,0.00353800505,0.00317481556,4.14410024e-05,195,0,1
1e-06,457,0.00354606542,0.00318221143,4.15465838e-05,195,0,1
1e-06,458,0.00355408667,0.00318961078,4.16526746e-05,195,0,1
1e-06,459,0.00356215145,0.00319701084,4.17572373e-05,195,0,1
1e-06,460,0.00357027305,0.00320441532,4.18639793e-05,195,0,1
1e-06,461,0.00357825635,0.00321181794,4.19701646e-05,195,0,1
1e-06,462,0.00358636561,0.00321922405,4.20762772e-05,195,0,1
1e-06,463,0.00359446066,0.00322663342,4.21811164e-05,195,0,1
1e-06,464,0.00360259414,0.00323404232,4.22881712e-05,195,0,1
1e-06,465,0.00361064891,0.00324145425,4.23938218e-05,195,0,1
1e-06,466,0.00361867854,0.00324887037,4.25010912e-05,195,0,1
1e-06,467,0.00362681295,0.00325628626,4.26063489e-05,195,0,1
1e-06,468,0.00363488053,0.00326370448,4.27123123e-05,195,0,1
1e-06,469,0.0036429863,0.00327112526,4.2818996e-05,195,0,1
1e-06,470,0.00365107972,0.00327854441,4.29270112e-05,195,0,1
1e-06,471,0.00365926651,0.00328597194,4.30337095e-05,195,0,1
1e-06,472,0.00366730103,0.00329339621,4.31398039e-05,195,0,1
1e-06,473,0.00367544545,0.00330082304,4.3247026e-05,195,0,1
1e-06,474,0.00368351885,0.00330825523,4.33531713e-05,195,0,1
1e-06,475,0.00369166443,0.00331568648,4.34609319e-05,195,0,1
1e-06,476,0.00369967567,0.00332311774,4.35679722e-05,195,0,1
1e-06,477,0.00370780169,0.00333055481,4.36737173e-05,195,0,1
1e-06,478,0.0037159666,0.00333799189,4.37819435e-05,195,0,1
1e-06,479,0.00372393033,0.00334542687,4.38915849e-05,195,0,1
1e-06,480,0.00373213436,0.00335287396,4.39966061e-05,194,0,1
1e-06,481,0.00374023523,0.00336031779,4.41025186e-05,195,0,1
1e-06,482,0.00374837522,0.00336776278,4.42102646e-05,195,0,1
1e-06,483,0.00375655713,0.00337520964,4.43188655e-05,195,0,1
1e-06,484,0.0037646289,0.00338266045,4.44256002e-05,195,0,1
1e-06,485,0.00377274374,0.00339011173,4.45341211e-05,194,0,1
1e-06,486,0.00378084881,0.00339756534,4.46419726e-05,195,0,1
1e-06,487,0.00378881698,0.00340501545,4.47480234e-05,195,0,1
1e-06,488,0.00379712041,0.00341247744,4.48576538e-05,195,0,1
1e-06,489,0.00380524085,0.00341993733,4.49641557e-05,195,0,1
1e-06,490,0.00381333055,0.00342739769,4.50734224e-05,195,0,1
1e-06,491,0.00382147729,0.00343486085,4.51795677e-05,195,0,1
1e-06,492,0.00382970576,0.00344232563,4.52893946e-05,195,0,1
1e-06,493,0.00383775658,0.00344979391,4.53976609e-05,195,0,1
1e-06,494,0.00384592009,0.00345726172,4.55046393e-05,195,0,1
1e-06,495,0.00385404122,0.00346473162,4.56142843e-05,195,0,1
1e-06,496,0.00386221893,0.00347220502,4.57215901e-05,195,0,1
1e-06,497,0.003870324,0.00347968168,4.58311551e-05,195,0,1
1e-06,498,0.00387848355,0.00348715833,4.59381845e-05,195,0,1
1e-06,499,0.00388666079,0.00349463872,4.60473166e-05,195,0,1
1e-06,500,0.00389476842,0.00350211677,4.61569725e-05,195,0,1
1e-06,501,0.0039029303,0.00350960251,4.62657554e-05,195,0,1
1e-06,502,0.00391113805,0.00351708382,4.63741635e-05,195,0,1
1e-06,503,0.00391923264,0.00352457282,4.6483452e-05,195,0,1
1e-06,504,0.00392726203,0.00353205553,4.65907469e-05,195,0,1
1e-06,505,0.00393557036,0.00353955105,4.66999736e-05,195,0,1
1e-06,506,0.00394376507,0.00354704214,4.68095022e-05,194,0,1
1e-06,507,0.00395194301,0.00355453813,4.69193219e-05,195,0,1
1e-06,508,0.00396007486,0.00356203248,4.70278828e-05,194,0,1
1e-06,509,0.00396828214,0.00356953288,4.71379499e-05,195,0,1
1e-06,510,0.00397636322,0.00357703096,4.72475331e-05,195,0,1
1e-06,511,0.00398461567,0.00358453463,4.73564542e-05,195,0,1
1e-06,512,0.00399279967,0.00359204109,4.74663684e-05,195,0,1
1e-06,513,0.00400091801,0.00359954592,4.75749584e-05,195,0,1
1e-06,514,0.00400905963,0.00360705331,4.76857458e-05,194,0,1
1e-06,515,0.00401732093,0.00361456233,4.77952672e-05,195,0,1
1e-06,516,0.00402548723,0.00362207624,4.79042865e-05,194,0,1
1e-06,517,0.00403367495,0.00362959155,4.80148556e-05,195,0,1
1e-06,518,0.00404179189,0.00363710779,4.81233983e-05,195,0,1
1e-06,519,0.00404998707,0.00364462426,4.82337018e-05,195,0,1
1e-06,520,0.00405824091,0.00365214562,4.83449876e-05,195,0,1
1e-06,521,0.00406635739,0.00365966535,4.8455393e-05,195,0,1
1e-06,522,0.0040745791,0.00366719044,4.85645287e-05,194,0,1
1e-06,523,0.00408256846,0.00367470644,4.86735189e-05,195,0,1
1e-06,524,0.00409099879,0.0036822441,4.87856232e-05,195,0,1
1e-06,525,0.00409913622,0.00368977408,4.8895221e-05,195,0,1
1e-06,526,0.00410732767,0.00369730731,4.90054226e-05,195,0,1
1e-06,527,0.00411554659,0.00370484218,4.91165047e-05,195,0,1
1e-06,528,0.00412373431,0.00371237542,4.92266881e-05,195,0,1
1e-06,529,0.00413196767,0.00371991331,4.93380394e-05,195,0,1
1e-06,530,0.00414014794,0.00372745283,4.94483611e-05,195,0,1
1e-06,531,0.00414837012,0.00373499678,4.9559505e-05,195,0,1
1e-06,532,0.00415663049,0.00374253979,4.96714092e-05,195,0,1
1e-06,533,0.00416483637,0.00375008513,4.97823494e-05,195,0,1
1e-06,534,0.00417296262,0.00375762978,4.98936533e-05,195,0,1
1e-06,535,0.0041812174,0.0037651821,5.00035894e-05,195,0,1
1e-06,536,0.00418948056,0.00377273234,5.01159229e-05,194,0,1
1e-06,537,0.00419763476,0.00378028746,5.02256153e-05,195,0,1
1e-06,538,0.00420592539,0.00378784072,5.03384472e-05,195,0,1
1e-06,539,0.00421413034,0.003795397,5.04496456e-05,195,0,1
1e-06,540,0.00422231201,0.00380296004,5.05600874e-05,195,0,1
1e-06,541,0.00423052954,0.00381051889,5.06732104e-05,194,0,1
1e-06,542,0.00423878105,0.00381808449,5.07836121e-05,195,0,1
1e-06,543,0.00424707355,0.00382564915,5.08964549e-05,195,0,1
1e-06,544,0.00425525289,0.00383321662,5.10071186e-05,195,0,1
1e-06,545,0.00426350487,0.00384078524,5.11194012e-05,195,0,1
1e-06,546,0.00427170889,0.00384839182,5.12332044e-05,194,0,1
1e-06,547,0.00427994644,0.00385593297,5.13428131e-05,195,0,1
1e-06,548,0.00428825244,0.00386350742,5.14560379e-05,195,0,1
1e-06,549,0.00429642387,0.00387108233,5.15669271e-05,195,0,1
1e-06,550,0.00430464745,0.00387866073,5.16804575e-05,194,0,1
1e-06,551,0.00431277603,0.00388623611,5.17956141e-05,195,0,1
1e-06,552,0.00432112673,0.00389382802,5.190503e-05,194,0,1
1e-06,553,0.00432939874,0.00390141085,5.20161302e-05,195,0,1
1e-06,554,0.00433764467,0.00390900159,5.21301772e-05,194,0,1
1e-06,555,0.00434594508,0.00391658815,5.2242136e-05,195,0,1
1e-06,556,0.0043541952,0.00392417889,5.23543458e-05,195,0,1
1e-06,557,0.00436245557,0.00393177243,5.2467145e-05,195,0,1
1e-06,558,0.00437066518,0.0039393683,5.25792093e-05,195,0,1
1e-06,559,0.00437900238,0.00394696556,5.26934309e-05,195,0,1
1e-06,560,0.00438719196,0.00395456143,5.28064957e-05,194,0,1
1e-06,561,0.00439547002,0.00396216428,5.29182762e-05,195,0,1
1e-06,562,0.00440371595,0.00396976667,5.30307407e-05,194,0,1
1e-06,563,0.00441204384,0.00397737231,5.31453552e-05,195,0,1
1e-06,564,0.00442027487,0.00398498075,5.32575577e-05,195,0,1
1e-06,565,0.00442858506,0.00399258826,5.3371914e-05,195,0,1
1e-06,566,0.00443687523,0.00400019996,5.34848805e-05,194,0,1
1e-06,567,0.00444507459,0.00400781259,5.35973049e-05,195,0,1
1e-06,568,0.00445340248,0.00401542801,5.37120504e-05,195,0,1
1e-06,569,0.00446151337,0.00402303459,5.38299719e-05,195,0,1
1e-06,570,0.00446989574,0.00403066212,5.39377834e-05,194,0,1
1e-06,571,0.0044781724,0.00403828407,5.40532601e-05,194,0,1
1e-06,572,0.00448647654,0.00404590648,5.41656009e-05,194,0,1
1e-06,573,0.00449477136,0.00405353121,5.42797134e-05,194,0,1
1e-06,574,0.00450306712,0.00406115828,5.43937349e-05,195,0,1
1e-06,575,0.00451132562,0.00406878907,5.45089497e-05,195,0,1
1e-06,576,0.00451967213,0.00407641754,5.46231204e-05,194,0,1
1e-06,577,0.00452792272,0.00408405019,5.4735443e-05,194,0,1
1e-06,578,0.0045362222,0.00409168517,5.48499193e-05,195,0,1
1e-06,579,0.00454455474,0.00409932015,5.49650795e-05,194,0,1
1e-06,580,0.00455280673,0.00410696212,5.50799887e-05,194,0,1
1e-06,581,0.00456113275,0.00411460083,5.51945413e-05,194,0,1
1e-06,582,0.00456940662,0.00412224373,5.53088466e-05,194,0,1
1e-06,583,0.00457772519,0.00412988756,5.54220314e-05,195,0,1
1e-06,584,0.00458607124,0.00413753558,5.55376391e-05,195,0,1
1e-06,585,0.00459434604,0.00414518267,5.56529558e-05,194,0,1
1e-06,586,0.00460272795,0.00415283255,5.57675849e-05,195,0,1
1e-06,587,0.00461095013,0.00416048709,5.58806314e-05,195,0,1
1e-06,588,0.00461934786,0.0041681393,5.5997305e-05,195,0,1
1e-06,589,0.00462759519,0.00417579757,5.61110028e-05,195,0,1
1e-06,590,0.00463595428,0.0041834563,5.62271125e-05,194,0,1
1e-06,591,0.00464422768,0.00419111736,5.63408721e-05,194,0,1
1e-06,592,0.00465255463,0.00419877935,5.64565053e-05,195,0,1
1e-06,593,0.00466087693,0.00420644414,5.6571731e-05,195,0,1
1e-06,594,0.00466920994,0.00421410846,5.66872659e-05,195,0,1
1e-06,595,0.00467753969,0.00422177883,5.68027281e-05,195,0,1
1e-06,596,0.00468593743,0.0042294478,5.6919529e-05,195,0,1
1e-06,597,0.00469420059,0.00423712144,5.70352859e-05,194,0,1
1e-06,598,0.00470259273,0.00424479833,5.71506789e-05,195,0,1
1e-06,599,0.00471087918,0.00425247476,5.72650388e-05,194,0,1
1e-06,600,0.0047192229,0.00426014978,5.73810175e-05,194,0,1
1e-06,601,0.00472755637,0.00426783087,5.74971345e-05,195,0,1
1e-06,602,0.00473592989,0.00427551474,5.76140046e-05,194,0,1
1e-06,603,0.00474425731,0.00428320048,5.77292958e-05,194,0,1
1e-06,604,0.00475260941,0.00429088529,5.78459549e-05,195,0,1
1e-06,605,0.00476093777,0.00429857429,5.79613807e-05,194,0,1
1e-06,606,0.00476931781,0.00430626376,5.80785563e-05,195,0,1
1e-06,607,0.0047774883,0.00431394903,5.8198344e-05,195,0,1
1e-06,608,0.00478600571,0.00432165107,5.83110814e-05,195,0,1
1e-06,609,0.00479433313,0.00432934659,5.84280133e-05,194,0,1
1e-06,610,0.00480270432,0.0043370463,5.85446614e-05,194,0,1
1e-06,611,0.00481104851,0.00434474694,5.86611714e-05,194,0,1
1e-06,612,0.00481942063,0.00435244944,5.8776568e-05,194,0,1
1e-06,613,0.00482780905,0.00436015334,5.88943076e-05,195,0,1
1e-06,614,0.00483610621,0.00436785957,5.90099153e-05,195,0,1
1e-06,615,0.00484446995,0.00437556813,5.91267963e-05,195,0,1
1e-06,616,0.00485283369,0.00438327715,5.92452816e-05,195,0,1
1e-06,617,0.00486125704,0.00439099036,5.93619989e-05,194,0,1
1e-06,618,0.00486957375,0.00439870358,5.94776648e-05,195,0,1
1e-06,619,0.00487799663,0.00440641958,5.95962083e-05,195,0,1
1e-06,620,0.00488637108,0.00441414258,5.97134895e-05,194,0,1
1e-06,621,0.00489468593,0.00442186091,5.98311635e-05,194,0,1
1e-06,622,0.00490310555,0.0044295853,5.99474661e-05,194,0,1
1e-06,623,0.00491145765,0.0044373069,6.00646636e-05,194,0,1
1e-06,624,0.00491987355,0.00444503315,6.01838001e-05,194,0,1
1e-06,625,0.00492825033,0.00445276266,6.03015433e-05,194,0,1
1e-06,626,0.00493663456,0.00446049124,6.04191118e-05,194,0,1
1e-06,627,0.00494497735,0.00446822541,6.05367823e-05,195,0,1
1e-06,628,0.00495344168,0.00447596051,6.06544781e-05,194,0,1
1e-06,629,0.00496183382,0.00448369514,6.07723232e-05,195,0,1
1e-06,630,0.00497018127,0.00449143397,6.08892951e-05,194,0,1
1e-06,631,0.0049785939,0.00449917512,6.10074494e-05,194,0,1
1e-06,632,0.00498695206,0.00450691627,6.11267242e-05,194,0,1
1e-06,633,0.00499538099,0.00451466301,6.12451477e-05,194,0,1
1e-06,634,0.00500381319,0.00452241022,6.13623051e-05,194,0,1
1e-06,635,0.00501222303,0.0045301551,6.14808087e-05,194,0,1
1e-06,636,0.0050205742,0.00453790789,6.15988465e-05,194,0,1
1e-06,637,0.00502902828,0.00454565976,6.17185287e-05,194,0,1
1e-06,638,0.00503742043,0.00455341255,6.18367412e-05,194,0,1
1e-06,639,0.00504583726,0.00456116954,6.19548373e-05,194,0,1
1e-06,640,0.00505423965,0.00456893072,6.20734936e-05,194,0,1
1e-06,641,0.005062663,0.00457669003,6.2192652e-05,194,0,1
1e-06,642,0.00507108215,0.00458445353,6.23113665e-05,194,0,1
1e-06,643,0.0050795055,0.00459221518,6.24311942e-05,194,0,1
1e-06,644,0.00508790417,0.00459998334,6.25491011e-05,194,0,1
1e-06,645,0.00509630563,0.00460775057,6.26682668e-05,195,0,1
1e-06,646,0.00510476995,0.00461551966,6.27879563e-05,194,0,1
1e-06,647,0.00511319702,0.00462329574,6.2907653e-05,195,0,1
1e-06,648,0.00512158079,0.00463107182,6.30260693e-05,195,0,1
1e-06,649,0.00513004092,0.00463884417,6.31468429e-05,194,0,1
1e-06,650,0.00513847545,0.00464662304,6.32657611e-05,195,0,1
1e-06,651,0.00514691882,0.00465440331,6.33856398e-05,194,0,1
1e-06,652,0.00515534217,0.00466218824,6.35050237e-05,194,0,1
1e-06,653,0.00516375247,0.00466997409,6.36236218e-05,194,0,1
1e-06,654,0.00517222751,0.00467775483,6.37447156e-05,194,0,1
1e-06,655,0.00518067274,0.0046855486,6.3863743e-05,194,0,1
1e-06,656,0.00518910028,0.00469333958,6.39837308e-05,194,0,1
1e-06,657,0.00519754039,0.00470113149,6.41047154e-05,194,0,1
1e-06,658,0.00520598842,0.00470892526,6.42249215e-05,194,0,1
1e-06,659,0.00521442574,0.00471671997,6.43438034e-05,194,0,1
1e-06,660,0.00522290915,0.00472452119,6.44642714e-05,194,0,1
1e-06,661,0.00523133529,0.00473232009,6.45854234e-05,194,0,1
1e-06,662,0.00523981126,0.0047401255,6.47057459e-05,194,0,1
1e-06,663,0.00524827652,0.00474792812,6.48255373e-05,194,0,1
1e-06,664,0.00525666261,0.00475573447,6.49453432e-05,195,0,1
1e-06,665,0.00526517117,0.00476354314,6.50670918e-05,194,0,1
1e-06,666,0.00527363969,0.00477135554,6.51879454e-05,194,0,1
1e-06,667,0.00528207282,0.00477916701,6.53074094e-05,194,0,1
1e-06,668,0.0052905106,0.00478698267,6.54281612e-05,195,0,1
1e-06,669,0.00529904012,0.00479480019,6.55499098e-05,194,0,1
1e-06,670,0.00530749001,0.00480261864,6.56703269e-05,194,0,1
1e-06,671,0.0053159711,0.00481043709,6.57917626e-05,194,0,1
1e-06,672,0.00532443682,0.00481826207,6.59124853e-05,194,0,1
1e-06,673,0.00533290207,0.00482608657,6.60336445e-05,194,0,1
1e-06,674,0.00534138223,0.00483391434,6.6154942e-05,194,0,1
1e-06,675,0.00534986798,0.00484174304,6.62763123e-05,194,0,1
1e-06,676,0.00535836536,0.0048495722,6.63989704e-05,194,0,1
1e-06,677,0.00536685204,0.00485740742,6.65195621e-05,194,0,1
1e-06,678,0.00537533266,0.00486524077,6.66412234e-05,194,0,1
1e-06,679,0.00538378023,0.00487307878,6.67628919e-05,194,0,1
1e-06,680,0.00539226644,0.00488091726,6.68839348e-05,194,0,1
1e-06,681,0.00540077267,0.0048887562,6.70062072e-05,194,0,1
1e-06,682,0.00540923933,0.00489660073,6.71288726e-05,194,0,1
1e-06,683,0.00541774742,0.0049044448,6.72496462e-05,194,0,1
1e-06,684,0.00542624388,0.00491229165,6.73719624e-05,194,0,1
1e-06,685,0.00543473661,0.00492014177,6.74944022e-05,195,0,1
1e-06,686,0.00544320978,0.00492799375,6.76157288e-05,194,0,1
1e-06,687,0.00545175513,0.00493584713,6.77384232e-05,194,0,1
1e-06,688,0.00546025624,0.00494369958,6.78617507e-05,194,0,1
1e-06,689,0.0054687676,0.00495155901,6.79830991e-05,194,0,1
1e-06,690,0.00547728362,0.00495941984,6.81057209e-05,194,0,1
1e-06,691,0.00548578938,0.00496727787,6.82282698e-05,194,0,1
1e-06,692,0.00549428724,0.00497514242,6.83506587e-05,194,0,1
1e-06,693,0.00550281163,0.00498300791,6.84736806e-05,194,0,1
1e-06,694,0.00551132811,0.00499087386,6.85964478e-05,194,0,1
1e-06,695,0.00551985763,0.004998744,6.87197462e-05,194,0,1
1e-06,696,0.00552835548,0.00500661694,6.88420696e-05,194,0,1
1e-06,697,0.00553682353,0.00501448475,6.89645822e-05,194,0,1
1e-06,698,0.00554540986,0.00502236467,6.90893939e-05,194,0,1
1e-06,699,0.00555392588,0.00503024179,6.92114118e-05,194,0,1
1e-06,700,0.00556244608,0.00503812078,6.93344336e-05,194,0,1
1e-06,701,0.00557092763,0.0050460049,6.94574192e-05,194,0,1
1e-06,702,0.00557952328,0.00505388621,6.95817944e-05,194,0,1
1e-06,703,0.00558804581,0.00506176939,6.97057912e-05,194,0,1
1e-06,704,0.00559652736,0.00506966095,6.98277872e-05,194,0,1
1e-06,705,0.00560507225,0.00507754926,6.99515585e-05,194,0,1
1e-06,706,0.00561359944,0.00508543896,7.00748715e-05,194,0,1
1e-06,707,0.00562219694,0.00509333564,7.01997342e-05,194,0,1
1e-06,708,0.00563071948,0.0051012272,7.03238766e-05,194,0,1
1e-06,709,0.00563927321,0.00510912482,7.04474005e-05,194,0,1
1e-06,710,0.00564781576,0.00511702569,7.05710117e-05,194,0,1
1e-06,711,0.00565635832,0.0051249289,7.06959836e-05,194,0,1
1e-06,712,0.00566492183,0.00513283256,7.08196894e-05,194,0,1
1e-06,713,0.00567345088,0.0051407367,7.09435626e-05,194,0,1
1e-06,714,0.00568201765,0.00514864642,7.10687673e-05,194,0,1
1e-06,715,0.00569056068,0.00515655521,7.1191942e-05,194,0,1
1e-06,716,0.00569911115,0.00516446773,7.13163899e-05,194,0,1
1e-06,717,0.00570765464,0.00517238071,7.14406342e-05,194,0,1
1e-06,718,0.00571625168,0.00518029835,7.15660935e-05,194,0,1
1e-06,719,0.00572478259,0.00518821552,7.16902869e-05,194,0,1
1e-06,720,0.00573338056,0.00519613642,7.18155788e-05,194,0,1
1e-06,721,0.00574193429,0.00520405499,7.19399395e-05,194,0,1
1e-06,722,0.00575048896,0.00521197962,7.20654207e-05,194,0,1
1e-06,723,0.00575904315,0.00521990843,7.21900215e-05,194,0,1
1e-06,724,0.00576764345,0.00522783538,7.2314775e-05,194,0,1
1e-06,725,0.00577620324,0.0052357642,7.24396377e-05,194,0,1
1e-06,726,0.00578478212,0.00524369534,7.25649152e-05,194,0,1
1e-06,727,0.00579336844,0.00525163393,7.26913495e-05,194,0,1
1e-06,728,0.00580195012,0.00525956741,7.28167943e-05,194,0,1
1e-06,729,0.00581052434,0.00526750414,7.29420717e-05,194,0,1
1e-06,730,0.00581911905,0.00527544692,7.30670945e-05,194,0,1
1e-06,731,0.00582767418,0.00528338784,7.31926848e-05,194,0,1
1e-06,732,0.00583625492,0.00529133063,7.33175548e-05,194,0,1
1e-06,733,0.00584486965,0.00529927947,7.34439163e-05,194,0,1
1e-06,734,0.00585344899,0.00530722504,7.35693393e-05,194,0,1
1e-06,735,0.00586204557,0.00531517714,7.36952425e-05,194,0,1
1e-06,736,0.00587065145,0.00532313203,7.3821393e-05,194,0,1
1e-06,737,0.00587920845,0.00533108506,7.39479437e-05,194,0,1
1e-06,738,0.00588784041,0.00533903809,7.40744872e-05,194,0,1
1e-06,739,0.00589644071,0.00534699764,7.41997865e-05,194,0,1
1e-06,740,0.00590504659,0.00535495905,7.43259297e-05,194,0,1
1e-06,741,0.00591364456,0.00536292372,7.44521385e-05,194,0,1
1e-06,742,0.00592225417,0.00537088746,7.45790312e-05,194,0,1
1e-06,743,0.00593085308,0.00537885306,7.47059457e-05,194,0,1
1e-06,744,0.00593944825,0.00538682193,7.48314924e-05,194,0,1
1e-06,745,0.00594809093,0.00539479451,7.49586616e-05,194,0,1
1e-06,746,0.00595669961,0.00540276757,7.50853069e-05,194,0,1
1e-06,747,0.00596531015,0.00541074434,7.52128544e-05,194,0,1
1e-06,748,0.00597393094,0.00541872345,7.5339849e-05,194,0,1
1e-06,749,0.005982548,0.00542669743,7.5466909e-05,194,0,1
1e-06,750,0.00599116785,0.00543467933,7.55938745e-05,194,0,1
1e-06,751,0.00599978585,0.0054426617,7.57199159e-05,194,0,1
1e-06,752,0.00600842992,0.00545064546,7.58477181e-05,194,0,1
1e-06,753,0.00601704745,0.00545863947,7.59745599e-05,194,0,1
1e-06,754,0.00602564961,0.0054666237,7.61021292e-05,194,0,1
1e-06,755,0.00603430811,0.00547461817,7.6229393e-05,194,0,1
1e-06,756,0.00604293821,0.00548261171,7.63567441e-05,194,0,1
1e-06,757,0.0060515739,0.00549060293,7.64846118e-05,194,0,1
1e-06,758,0.00606018724,0.00549860345,7.66124285e-05,194,0,1
1e-06,759,0.00606883829,0.00550659932,7.67406018e-05,194,0,1
1e-06,760,0.00607748423,0.00551460544,7.68674217e-05,194,0,1
1e-06,761,0.00608613202,0.00552261062,7.69955368e-05,194,0,1
1e-06,762,0.00609476585,0.00553061021,7.71235427e-05,194,0,1
1e-06,763,0.00610341597,0.00553861912,7.72516651e-05,194,0,1
1e-06,764,0.00611207262,0.00554663036,7.73799693e-05,194,0,1
1e-06,765,0.0061207125,0.00555464393,7.75087974e-05,194,0,1
1e-06,766,0.00612935936,0.00556265377,7.7635872e-05,194,0,1
1e-06,767,0.00613802625,0.00557066873,7.7764802e-05,194,0,1
1e-06,768,0.00614667311,0.00557868928,7.78937538e-05,194,0,1
1e-06,769,0.00615532743,0.0055867089,7.80211049e-05,194,0,1
1e-06,770,0.00616399106,0.00559473131,7.81510171e-05,194,0,1
1e-06,771,0.00617265003,0.00560275605,7.82794596e-05,194,0,1
1e-06,772,0.00618130807,0.00561078126,7.84070144e-05,194,0,1
1e-06,773,0.00618997589,0.00561880879,7.85358716e-05,194,0,1
1e-06,774,0.00619865628,0.00562684331,7.86651508e-05,194,0,1
1e-06,775,0.00620731153,0.00563487131,7.87947647e-05,194,0,1
1e-06,776,0.00621598819,0.00564290863,7.89239639e-05,194,0,1
1e-06,777,0.00622466719,0.00565094315,7.90522463e-05,194,0,1
1e-06,778,0.00623332476,0.00565897999,7.91810016e-05,194,0,1
1e-06,779,0.00624200562,0.00566702336,7.93103973e-05,194,0,1
1e-06,780,0.00625071162,0.00567506626,7.94407097e-05,194,0,1
1e-06,781,0.00625937572,0.00568310916,7.95696542e-05,194,0,1
1e-06,782,0.00626805471,0.00569115486,7.96989261e-05,194,0,1
1e-06,783,0.00627673743,0.00569920661,7.98295077e-05,194,0,1
1e-06,784,0.00628542341,0.00570725184,7.99584232e-05,194,0,1
1e-06,785,0.00629412616,0.00571530778,8.0088641e-05,194,0,1
1e-06,786,0.00630281214,0.00572336512,8.0218022e-05,194,0,1
1e-06,787,0.00631149206,0.00573142059,8.03486037e-05,194,0,1
1e-06,788,0.00632019853,0.0057394742,8.04781303e-05,194,0,1
1e-06,789,0.00632888731,0.00574754085,8.06078169e-05,194,0,1
1e-06,790,0.00633757887,0.00575559959,8.07388351e-05,194,0,1
1e-06,791,0.00634629931,0.00576366484,8.08688128e-05,194,0,1
1e-06,792,0.00635499042,0.00577173242,8.09987978e-05,194,0,1
1e-06,793,0.00636367686,0.0057798042,8.11286009e-05,194,0,1
1e-06,794,0.00637239264,0.00578787643,8.12602229e-05,194,0,1
1e-06,795,0.0063810898,0.00579594728,8.13898369e-05,194,0,1
1e-06,796,0.00638980884,0.00580402371,8.15217209e-05,194,0,1
1e-06,797,0.00639854185,0.00581210013,8.16518004e-05,194,0,1
1e-06,798,0.00640723901,0.00582018215,8.17820692e-05,194,0,1
1e-06,799,0.00641594082,0.00582826091,8.19125853e-05,194,0,1
1e-06,800,0.00642466312,0.00583634665,8.20435598e-05,194,0,1
1e-06,801,0.0064334115,0.00584443426,8.21754438e-05,194,0,1
1e-06,802,0.00644209422,0.00585251767,8.23063019e-05,194,0,1
1e-06,803,0.00645082165,0.00586060621,8.24367598e-05,194,0,1
1e-06,804,0.00645954488,0.00586869847,8.2568833e-05,194,0,1
1e-06,805,0.00646829791,0.00587679539,8.2700084e-05,194,0,1
1e-06,806,0.00647700857,0.00588488905,8.28308766e-05,194,0,1
1e-06,807,0.00648575881,0.00589298643,8.29630226e-05,194,0,1
1e-06,808,0.00649445411,0.00590108568,8.30934077e-05,194,0,1
1e-06,809,0.00650321832,0.00590918725,8.32260484e-05,194,0,1
1e-06,810,0.00651194714,0.00591729395,8.33573067e-05,194,0,1
1e-06,811,0.00652068527,0.00592539832,8.34891325e-05,194,0,1
1e-06,812,0.00652941549,0.00593350735,8.36210238e-05,194,0,1
1e-06,813,0.00653818157,0.00594161684,8.37535772e-05,194,0,1
1e-06,814,0.00654690387,0.00594973005,8.38857959e-05,194,0,1
1e-06,815,0.00655565457,0.00595784606,8.40169159e-05,194,0,1
1e-06,816,0.00656439271,0.00596596207,8.41498841e-05,194,0,1
1e-06,817,0.00657312619,0.00597408088,8.42824375e-05,194,0,1
1e-06,818,0.00658190064,0.00598220294,8.44147289e-05,194,0,1
1e-06,819,0.00659066392,0.00599032501,8.4546431e-05,194,0,1
1e-06,820,0.00659941323,0.0059984508,8.46785551e-05,194,0,1
1e-06,821,0.0066081672,0.00600657566,8.48123454e-05,194,0,1
1e-06,822,0.00661691837,0.00601470424,8.49436256e-05,194,0,1
1e-06,823,0.00662570819,0.00602283515,8.50774813e-05,194,0,1
1e-06,824,0.0066344603,0.00603096979,8.52095982e-05,194,0,1
1e-06,825,0.00664320355,0.00603910396,8.53434976e-05,194,0,1
1e-06,826,0.00665197615,0.0060472386,8.54751706e-05,194,0,1
1e-06,827,0.00666075666,0.00605537882,8.56084225e-05,194,0,1
1e-06,828,0.00666953158,0.00606352137,8.57417181e-05,194,0,1
1e-06,829,0.00667830138,0.00607166672,8.58746716e-05,194,0,1
1e-06,830,0.0066870735,0.00607981393,8.60092114e-05,194,0,1
1e-06,831,0.0066958596,0.00608796021,8.61415974e-05,194,0,1
1e-06,832,0.00670461962,0.00609610369,8.62760935e-05,194,0,1
1e-06,833,0.0067134141,0.00610426068,8.64084359e-05,194,0,1
1e-06,834,0.00672221323,0.00611241348,8.65427792e-05,194,0,1
1e-06,835,0.00673097605,0.00612056674,8.66756309e-05,194,0,1
1e-06,836,0.00673975982,0.0061287256,8.68106144e-05,194,0,1
1e-06,837,0.00674854638,0.00613688771,8.69433643e-05,194,0,1
1e-06,838,0.00675734272,0.00614504749,8.70770964e-05,194,0,1
1e-06,839,0.00676614046,0.00615321146,8.72113596e-05,194,0,1
1e-06,840,0.00677492935,0.00616138009,8.73451354e-05,194,0,1
1e-06,841,0.00678373687,0.00616954453,8.74799734e-05,194,0,1
1e-06,842,0.00679252855,0.00617772015,8.76137783e-05,194,0,1
1e-06,843,0.00680134213,0.00618588598,8.77488346e-05,194,0,1
1e-06,844,0.00681012683,0.00619406439,8.78824576e-05,194,0,1
1e-06,845,0.00681891805,0.00620223815,8.80174775e-05,194,0,1
1e-06,846,0.0068277549,0.00621041562,8.81522283e-05,194,0,1
1e-06,847,0.00683656055,0.00621859962,8.82868553e-05,194,0,1
1e-06,848,0.0068453569,0.00622678502,8.84209803e-05,194,0,1
1e-06,849,0.0068541728,0.00623496762,8.85558984e-05,194,0,1
1e-06,850,0.00686297752,0.00624315534,8.86915586e-05,194,0,1
1e-06,851,0.00687177712,0.00625134213,8.88251525e-05,194,0,1
1e-06,852,0.00688059209,0.00625953544,8.89601797e-05,194,0,1
1e-06,853,0.00688943127,0.00626772456,8.90956289e-05,194,0,1
1e-06,854,0.00689825183,0.00627591927,8.92309108e-05,194,0,1
1e-06,855,0.00690707518,0.00628412096,8.93673641e-05,194,0,1
1e-06,856,0.00691590691,0.00629232172,8.95015837e-05,194,0,1
1e-06,857,0.00692472933,0.00630052108,8.96380952e-05,194,0,1
1e-06,858,0.00693355734,0.00630872278,8.97724894e-05,194,0,1
1e-06,859,0.00694240816,0.00631693192,8.99087099e-05,194,0,1
1e-06,860,0.00695124408,0.00632513501,9.00445812e-05,194,0,1
1e-06,861,0.00696005812,0.00633334694,9.01795574e-05,194,0,1
1e-06,862,0.00696889125,0.00634155748,9.03164182e-05,194,0,1
1e-06,863,0.00697773229,0.00634977221,9.04512563e-05,194,0,1
1e-06,864,0.00698659942,0.00635799021,9.0588117e-05,194,0,1
1e-06,865,0.00699541811,0.00636620587,9.07235735e-05,194,0,1
1e-06,866,0.0070042708,0.00637442665,9.08599031e-05,194,0,1
1e-06,867,0.00701310998,0.00638264883,9.09958762e-05,194,0,1
1e-06,868,0.00702198083,0.00639087241,9.11331445e-05,194,0,1
1e-06,869,0.00703080604,0.00639909785,9.12696632e-05,194,0,1
1e-06,870,0.00703965686,0.00640732469,9.1406182e-05,194,0,1
1e-06,871,0.00704853889,0.00641555851,9.15424898e-05,194,0,1
1e-06,872,0.00705736969,0.00642379001,9.16793797e-05,194,0,1
1e-06,873,0.00706623262,0.00643202616,9.18150108e-05,194,0,1
1e-06,874,0.00707509369,0.00644026278,9.19518643e-05,194,0,1
1e-06,875,0.00708395569,0.00644850172,9.20887105e-05,194,0,1
1e-06,876,0.00709279161,0.00645674393,9.22268518e-05,194,0,1
1e-06,877,0.00710170204,0.00646498241,9.23634943e-05,194,0,1
1e-06,878,0.00711055333,0.0064732288,9.24999622e-05,194,0,1
1e-06,879,0.00711942324,0.00648147892,9.26370703e-05,194,0,1
1e-06,880,0.00712829502,0.00648972765,9.27743167e-05,194,0,1
1e-06,881,0.00713719102,0.00649797637,9.29127636e-05,194,0,1
1e-06,882,0.00714604603,0.00650622742,9.30494134e-05,194,0,1
1e-06,883,0.00715494296,0.00651448732,9.31875838e-05,194,0,1
1e-06,884,0.00716376491,0.00652274303,9.3325405e-05,194,0,1
1e-06,885,0.007172707,0.00653100573,9.34628843e-05,194,0,1
1e-06,886,0.00718157832,0.00653926749,9.36003053e-05,194,0,1
1e-06,887,0.00719044823,0.00654752832,9.37378645e-05,194,0,1
1e-06,888,0.00719934003,0.00655579846,9.38758894e-05,194,0,1
1e-06,889,0.00720824022,0.00656406442,9.40141326e-05,194,0,1
1e-06,890,0.0072171418,0.00657232944,9.4152696e-05,194,0,1
1e-06,891,0.00722600985,0.00658060657,9.4291514e-05,194,0,1
1e-06,892,0.00723491982,0.00658887997,9.44286658e-05,194,0,1
1e-06,893,0.00724382838,0.00659715198,9.45675347e-05,194,0,1
1e-06,894,0.00725270389,0.00660543283,9.47050794e-05,194,0,1
1e-06,895,0.00726160686,0.00661371369,9.48437373e-05,194,0,1
1e-06,896,0.00727050984,0.00662200013,9.49833993e-05,194,0,1
1e-06,897,0.00727941655,0.00663028145,9.51220572e-05,194,0,1
1e-06,898,0.00728832697,0.00663857022,9.52597547e-05,194,0,1
1e-06,899,0.00729724113,0.00664685806,9.53987328e-05,194,0,1
1e-06,900,0.00730613526,0.0066551487,9.55386422e-05,194,0,1
1e-06,901,0.00731508108,0.00666344492,9.56772419e-05,194,0,1
1e-06,902,0.00732399616,0.00667173602,9.58164528e-05,194,0,1
1e-06,903,0.00733287586,0.00668003224,9.59559839e-05,194,0,1
1e-06,904,0.0073418133,0.00668833219,9.60941252e-05,194,0,1
1e-06,905,0.00735073769,0.00669664051,9.62334016e-05,194,0,1
1e-06,906,0.00735967653,0.00670494093,9.63738203e-05,194,0,1
1e-06,907,0.00736858789,0.00671324739,9.65124927e-05,194,0,1
1e-06,908,0.00737752765,0.00672155339,9.66528023e-05,194,0,1
1e-06,909,0.00738644414,0.00672986498,9.67917513e-05,194,0,1
1e-06,910,0.00739535317,0.00673817238,9.69323592e-05,194,0,1
1e-06,911,0.00740431948,0.00674648723,9.70718975e-05,194,0,1
1e-06,912,0.0074132178,0.00675480627,9.7212258e-05,194,0,1
1e-06,913,0.007422172,0.00676312018,9.73512142e-05,194,0,1
1e-06,914,0.00743111549,0.00677144434,9.749132e-05,194,0,1
1e-06,915,0.00744004548,0.00677976618,9.76311858e-05,194,0,1
1e-06,916,0.00744899968,0.00678809406,9.77717646e-05,194,0,1
1e-06,917,0.00745792221,0.00679641962,9.79129618e-05,194,0,1
1e-06,918,0.00746683823,0.00680474518,9.80530385e-05,194,0,1
1e-06,919,0.00747584924,0.00681307353,9.81933481e-05,194,0,1
1e-06,920,0.00748477038,0.00682140887,9.83344216e-05,194,0,1
1e-06,921,0.00749373809,0.00682974234,9.847404e-05,194,0,1
1e-06,922,0.00750270579,0.00683807861,9.86152663e-05,194,0,1
1e-06,923,0.00751164369,0.00684642419,9.87553358e-05,194,0,1
1e-06,924,0.00752058299,0.00685476186,9.88960819e-05,194,0,1
1e-06,925,0.00752955722,0.00686310511,9.90371482e-05,194,0,1
1e-06,926,0.00753854588,0.00687145349,9.91790293e-05,194,0,1
1e-06,927,0.00754747493,0.00687979674,9.93193389e-05,194,0,1
1e-06,928,0.00755645521,0.00688814698,9.94607253e-05,194,0,1
1e-06,929,0.00756541872,0.00689650234,9.96030503e-05,194,0,1
1e-06,930,0.007574338,0.00690485397,9.97441166e-05,194,0,1
1e-06,931,0.00758337928,0.00691320887,9.9885503e-05,194,0,1
1e-06,932,0.00759232929,0.00692156656,0.000100027333,194,0,1
1e-06,933,0.00760130631,0.00692993356,0.000100167963,194,0,1
1e-06,934,0.00761027494,0.00693828799,0.000100310732,194,0,1
1e-06,935,0.00761926267,0.00694665499,0.000100452642,194,0,1
1e-06,936,0.00762827462,0.00695502106,0.000100594239,194,0,1
1e-06,937,0.00763724046,0.00696339225,0.000100735284,194,0,1
1e-06,938,0.00764623843,0.00697175693,0.000100878242,194,0,1
1e-06,939,0.00765521172,0.00698013231,0.000101019759,194,0,1
1e-06,940,0.00766421668,0.00698850583,0.000101162579,194,0,1
1e-06,941,0.00767321,0.00699688448,0.000101304926,194,0,1
1e-06,942,0.00768218702,0.00700526498,0.000101446545,194,0,1
1e-06,943,0.00769118685,0.00701364549,0.000101588979,194,0,1
1e-06,944,0.00770019414,0.00702202599,0.00010173217,194,0,1
1e-06,945,0.00770917162,0.00703041255,0.000101875004,194,0,1
1e-06,946,0.00771817192,0.00703880191,0.000102016522,194,0,1
1e-06,947,0.00772720203,0.00704719219,0.000102160397,194,0,1
1e-06,948,0.00773617392,0.00705558062,0.00010230334,194,0,1
1e-06,949,0.00774519518,0.00706397742,0.000102445505,194,0,1
1e-06,950,0.00775420526,0.00707237422,0.00010258863,194,0,1
1e-06,951,0.00776319951,0.00708076824,0.000102732745,194,0,1
1e-06,952,0.00777221937,0.00708917063,0.000102874459,194,0,1
1e-06,953,0.007781222,0.00709757162,0.000103018989,194,0,1
1e-06,954,0.00779025489,0.00710597821,0.000103161583,194,0,1
1e-06,955,0.0077992822,0.007114382,0.000103304963,194,0,1
1e-06,956,0.00780829554,0.00712279044,0.000103448496,194,0,1
1e-06,957,0.00781732704,0.00713120122,0.000103592058,194,0,1
1e-06,958,0.00782633107,0.00713961851,0.000103735503,194,0,1
1e-06,959,0.00783536211,0.00714803161,0.00010387924,194,0,1
1e-06,960,0.00784440804,0.00715644937,0.00010402358,194,0,1
1e-06,961,0.00785342697,0.00716486806,0.0001041672,194,0,1
1e-06,962,0.00786245614,0.00717328861,0.000104312392,194,0,1
1e-06,963,0.00787149556,0.00718171056,0.000104455263,194,0,1
1e-06,964,0.0078805415,0.0071901381,0.000104599829,194,0,1
1e-06,965,0.00788957346,0.00719856611,0.000104743784,194,0,1
1e-06,966,0.00789860543,0.00720699457,0.000104887993,194,0,1
1e-06,967,0.00790765695,0.0072154263,0.00010503301,194,0,1
1e-06,968,0.00791669823,0.00722385431,0.000105177278,194,0,1
1e-06,969,0.00792577304,0.00723229721,0.000105322761,194,0,1
1e-06,970,0.00793479197,0.00724073406,0.000105466352,194,0,1
1e-06,971,0.00794383232,0.00724917185,0.000105612467,194,0,1
1e-06,972,0.00795290153,0.00725761801,0.000105756488,194,0,1
1e-06,973,0.00796193257,0.00726606231,0.000105900675,194,0,1
1e-06,974,0.00797101296,0.00727450894,0.000106046355,194,0,1
1e-06,975,0.00798004679,0.00728295604,0.000106192572,194,0,1
1e-06,976,0.00798912253,0.00729140965,0.000106336302,194,0,1
1e-06,977,0.00799817964,0.00729986094,0.000106481581,194,0,1
1e-06,978,0.00800726283,0.00730831455,0.000106628009,194,0,1
1e-06,979,0.00801634602,0.0073167705,0.00010677355,194,0,1
1e-06,980,0.00802537706,0.0073252311,0.000106919324,194,0,1
1e-06,981,0.00803448446,0.00733369216,0.000107064763,194,0,1
1e-06,982,0.00804353878,0.00734216021,0.000107209897,194,0,1
1e-06,983,0.00805263314,0.00735062174,0.00010735626,194,0,1
1e-06,984,0.00806169491,0.0073590884,0.000107502157,194,0,1
1e-06,985,0.0080707483,0.00736755971,0.000107648346,194,0,1
1e-06,986,0.00807986315,0.00737603009,0.000107794047,194,0,1
1e-06,987,0.00808891002,0.00738450605,0.000107940621,194,0,1
1e-06,988,0.00809798762,0.00739298295,0.000108085325,194,0,1
1e-06,989,0.00810711924,0.00740146125,0.000108232845,194,0,1
1e-06,990,0.00811615866,0.00740994047,0.000108379463,194,0,1
1e-06,991,0.0081252642,0.00741842296,0.00010852448,194,0,1
1e-06,992,0.00813435297,0.00742690684,0.00010867128,194,0,1
1e-06,993,0.00814342964,0.00743539445,0.000108819411,194,0,1
1e-06,994,0.00815254729,0.00744388299,0.000108964901,194,0,1
1e-06,995,0.00816162024,0.00745237339,0.000109112902,194,0,1
1e-06,996,0.00817075279,0.00746086799,0.000109258224,194,0,1
1e-06,997,0.00817985088,0.00746936537,0.000109405366,194,0,1
1e-06,998,0.00818896573,0.0074778595,0.000109552573,194,0,1
1e-06,999,0.00819805078,0.00748636341,0.000109699336,194,0,1
1e-06,1000,0.00820718519,0.00749486638,0.000109847133,194,0,1
1e-06,1001,0.00821626838,0.00750336377,0.000109993722,194,0,1
1e-06,1002,0.00822538882,0.00751187094,0.000110141613,194,0,1
1e-06,1003,0.00823452696,0.00752038136,0.000110289948,194,0,1
1e-06,1004,0.00824358687,0.00752888806,0.000110437781,194,0,1
1e-06,1005,0.00825273246,0.00753739849,0.0001105841,194,0,1
1e-06,1006,0.00826186687,0.00754592149,0.00011073186,194,0,1
1e-06,1007,0.00827100221,0.00755443471,0.000110880668,194,0,1
1e-06,1008,0.00828009378,0.00756295165,0.000111027548,194,0,1
1e-06,1009,0.00828926172,0.00757147511,0.000111176625,194,0,1
1e-06,1010,0.00829833653,0.00757999718,0.000111324829,194,0,1
1e-06,1011,0.0083074728,0.00758851878,0.000111473055,194,0,1
1e-06,1012,0.00831660908,0.00759704877,0.000111619891,194,0,1
1e-06,1013,0.00832573231,0.00760558015,0.000111769878,194,0,1
1e-06,1014,0.00833487138,0.00761410734,0.00011191651,194,0,1
1e-06,1015,0.00834401138,0.00762264337,0.000112065412,194,0,1
1e-06,1016,0.00835317653,0.00763117801,0.000112214722,194,0,1
1e-06,1017,0.00836228486,0.00763972057,0.000112364236,194,0,1
1e-06,1018,0.00837144721,0.00764825847,0.000112511203,194,0,1
1e-06,1019,0.00838057138,0.00765679963,0.000112661182,194,0,1
1e-06,1020,0.00838977192,0.00766534731,0.000112810092,194,0,1
1e-06,1021,0.0083989026,0.00767389033,0.000112958398,194,0,1
1e-06,1022,0.00840803515,0.00768243754,0.000113107002,194,0,1
1e-06,1023,0.00841717329,0.00769098848,0.00011325605,194,0,1
1e-07,0,4.53486282e-05,0,0,416,1,1
1e-07,1,5.26071854e-05,6.54040377e-06,7.7000486e-08,416,1,1
1e-07,2,5.98689367e-05,1.30826193e-05,1.54058228e-07,416,1,1
1e-07,3,6.71300804e-05,1.96266355e-05,2.31173644e-07,416,1,1
1e-07,4,7.43962082e-05,2.61724654e-05,3.083465e-07,416,1,1
1e-07,5,8.16625834e-05,3.27201051e-05,3.8557701e-07,416,1,1
1e-07,6,8.89280782e-05,3.92695656e-05,4.62863369e-07,416,1,1
1e-07,7,9.6196869e-05,4.58208087e-05,5.40207907e-07,416,1,1
1e-07,8,0.000103470855,5.2373849e-05,6.17610453e-07,416,1,1
1e-07,9,0.000110741988,5.89287301e-05,6.95070639e-07,416,1,1
1e-07,10,0.000118017138,6.54854448e-05,7.72589317e-07,416,1,1
1e-07,11,0.000125292674,7.20439493e-05,8.50163531e-07,416,1,1
1e-07,12,0.000132570465,7.8604251e-05,9.27798681e-07,416,1,1
1e-07,13,0.000139850556,8.51663717e-05,1.00548618e-06,416,1,1
1e-07,14,0.000147129074,9.17303987e-05,1.0832357e-06,416,1,1
1e-07,15,0.00015441679,9.8296121e-05,1.16104229e-06,416,1,1
1e-07,16,0.000161701959,0.000104863691,1.23890402e-06,416,1,1
1e-07,17,0.000168987084,0.00011143303,1.31682464e-06,416,1,1
1e-07,18,0.000176275513,0.000118004304,1.39480369e-06,416,1,1
1e-07,19,0.000183565877,0.000124577258,1.47283981e-06,416,1,1
1e-07,20,0.000190857463,0.000131152032,1.55093369e-06,416,1,1
1e-07,21,0.000198151116,0.000137728653,1.62908816e-06,416,1,1
1e-07,22,0.000205446646,0.000144307283,1.7072972e-06,416,1,1
1e-07,23,0.000212741405,0.000150887427,1.78556479e-06,416,1,1
1e-07,24,0.00022004373,0.000157469505,1.86389195e-06,416,1,1
1e-07,25,0.000227342709,0.000164053446,1.94227437e-06,416,1,1
1e-07,26,0.000234640684,0.000170639221,2.02071647e-06,416,1,1
1e-07,27,0.00024194381,0.000177226699,2.09921427e-06,416,1,1
1e-07,28,0.0002492528,0.000183815951,2.17777165e-06,416,1,1
1e-07,29,0.000256561994,0.000190406994,2.25638496e-06,416,1,1
1e-07,30,0.00026386918,0.000197000161,2.3350608e-06,416,1,1
1e-07,31,0.000271180994,0.00020359506,2.41379712e-06,416,1,1
1e-07,32,0.000278493797,0.000210191414,2.49258437e-06,416,1,1
1e-07,33,0.000285803806,0.000216790024,2.57143006e-06,416,1,1
1e-07,34,0.000293124496,0.000223390045,2.65033236e-06,416,1,1
1e-07,35,0.000300442276,0.00022999238,2.72930447e-06,416,1,1
1e-07,36,0.000307761831,0.000236596054,2.80831568e-06,416,1,1
1e-07,37,0.000315082027,0.000243201866,2.88740398e-06,416,1,1
1e-07,38,0.0003224049,0.000249809527,2.96653616e-06,416,1,1
1e-07,39,0.00032973112,0.000256418774,3.04573518e-06,416,1,1
1e-07,40,0.000337057834,0.00026303,3.12499219e-06,416,1,1
1e-07,41,0.000344386004,0.000269643147,3.20430559e-06,416,1,1
1e-07,42,0.00035171464,0.000276257924,3.28367855e-06,416,1,1
1e-07,43,0.000359041791,0.000282874389,3.36310586e-06,416,1,1
1e-07,44,0.000366381224,0.000289493124,3.44260184e-06,416,1,1
1e-07,45,0.000373714021,0.000296112878,3.52213578e-06,416,1,1
1e-07,46,0.000381051563,0.000302735454,3.60175272e-06,416,1,1
1e-07,47,0.00038838794,0.000309359108,3.68140627e-06,416,1,1
1e-07,48,0.000395730167,0.000315985002,3.76113394e-06,416,1,1
1e-07,49,0.000403071841,0.000322612526,3.84090845e-06,416,1,1
1e-07,50,0.00041041564,0.000329241797,3.92074435e-06,416,1,1
1e-07,51,0.000417759351,0.000335873046,4.00064619e-06,416,1,1
1e-07,52,0.000425108883,0.000342506246,4.08060578e-06,416,1,1
1e-07,53,0.000432457629,0.000349140784,4.16061312e-06,416,1,1
1e-07,54,0.000439809111,0.000355777913,4.24069003e-06,416,1,1
1e-07,55,0.000447161263,0.000362416526,4.32082243e-06,416,1,1
1e-07,56,0.000454517489,0.000369056361,4.40101758e-06,416,1,1
1e-07,57,0.000461871125,0.000375698699,4.48126184e-06,416,1,1
1e-07,58,0.000469227758,0.000382342754,4.56157341e-06,416,1,1
1e-07,59,0.000476587011,0.000388988294,4.64193863e-06,416,1,1
1e-07,60,0.000483948272,0.000395636045,4.72235297e-06,416,1,1
1e-07,61,0.000491309504,0.000402285368,4.80283643e-06,416,1,1
1e-07,62,0.000498676382,0.000408936787,4.88337992e-06,416,1,1
1e-07,63,0.00050604227,0.000415589893,4.96398161e-06,416,1,1
1e-07,64,0.00051341072,0.000422245095,5.04464379e-06,416,1,1
1e-07,65,0.000520779926,0.000428901811,5.12536872e-06,416,1,1
1e-07,66,0.000528152217,0.00043556036,5.20613685e-06,416,1,1
1e-07,67,0.000535525556,0.0004422208,5.28697683e-06,416,1,1
1e-07,68,0.000542900001,0.000448883104,5.36787184e-06,416,1,1
1e-07,69,0.000550276483,0.000455547008,5.44882369e-06,416,1,1
1e-07,70,0.000557655119,0.000462213182,5.52984875e-06,416,1,1
1e-07,71,0.000565036782,0.000468880869,5.61091929e-06,416,1,1
1e-07,72,0.000572417455,0.000475550391,5.69204349e-06,416,1,1
1e-07,73,0.000579802028,0.000482221862,5.7732409e-06,416,1,1
1e-07,74,0.000587187125,0.000488894933,5.85448697e-06,416,1,1
1e-07,75,0.000594572863,0.000495570363,5.93579307e-06,416,1,1
1e-07,76,0.0006019625,0.000502246665,6.01714692e-06,416,1,1
1e-07,77,0.000609356794,0.000508925936,6.09860263e-06,416,1,1
1e-07,78,0.000616745907,0.000515605905,6.18007334e-06,416,1,1
1e-07,79,0.000624141423,0.000522289076,6.26162137e-06,416,1,1
1e-07,80,0.000631537172,0.000528972887,6.34322441e-06,416,1,1
1e-07,81,0.000638936646,0.000535658852,6.42489886e-06,416,1,1
1e-07,82,0.000646334549,0.000542347261,6.50662196e-06,416,1,1
1e-07,83,0.000653733674,0.000549036369,6.58838826e-06,416,1,1
1e-07,84,0.000661137397,0.000555728562,6.67024005e-06,416,1,1
1e-07,85,0.000668541878,0.000562421512,6.7521355e-06,416,1,1
1e-07,86,0.00067594857,0.000569116964,6.83409417e-06,416,1,1
1e-07,87,0.000683357415,0.00057581393,6.91611967e-06,416,1,1
1e-07,88,0.000690765912,0.000582512876,6.99818793e-06,416,1,1
1e-07,89,0.00069818052,0.000589213625,7.08034031e-06,416,1,1
1e-07,90,0.000705594255,0.000595916121,7.16254226e-06,416,1,1
1e-07,91,0.000713004847,0.000602620188,7.24478878e-06,416,1,1
1e-07,92,0.000720422948,0.000609326293,7.32708941e-06,416,1,1
1e-07,93,0.000727842096,0.000616034726,7.40947962e-06,416,1,1
1e-07,94,0.000735265086,0.000622744963,7.49192077e-06,416,1,1
1e-07,95,0.000742684817,0.000629456481,7.57441921e-06,416,1,1
1e-07,96,0.000750109088,0.000636169978,7.65696495e-06,416,1,1
1e-07,97,0.000757534464,0.000642885396,7.7395789e-06,416,1,1
1e-07,98,0.000764963275,0.000649602734,7.82226743e-06,416,1,1
1e-07,99,0.000772389467,0.000656321994,7.90497961e-06,416,1,1
1e-07,100,0.000779820897,0.000663042418,7.98777637e-06,416,1,1
1e-07,101,0.000787251454,0.000669764879,8.0706368e-06,416,1,1
1e-07,102,0.000794686726,0.000676490599,8.15356543e-06,416,1,1
1e-07,103,0.000802123977,0.000683216786,8.23652681e-06,416,1,1
1e-07,104,0.000809564372,0.00068994466,8.3195664e-06,416,1,1
1e-07,105,0.000816999178,0.000696674571,8.40263601e-06,416,1,1
1e-07,106,0.000824441435,0.00070340652,8.48578838e-06,416,1,1
1e-07,107,0.000831887533,0.000710140099,8.56900169e-06,416,1,1
1e-07,108,0.000839330314,0.000716876122,8.65227503e-06,416,1,1
1e-07,109,0.000846776005,0.000723613834,8.73559657e-06,416,1,1
1e-07,110,0.000854224258,0.000730353291,8.81901178e-06,416,1,1
1e-07,111,0.000861678622,0.000737095019,8.90246974e-06,416,1,1
1e-07,112,0.000869127747,0.000743837503,8.98596136e-06,416,1,1
1e-07,113,0.000876580481,0.000750582083,9.0695321e-06,416,1,1
1e-07,114,0.000884039153,0.00075732905,9.15318196e-06,416,1,1
1e-07,115,0.000891492935,0.000764077704,9.23685548e-06,416,1,1
1e-07,116,0.000898950617,0.000770827406,9.32061175e-06,416,1,1
1e-07,117,0.000906411849,0.000777579902,9.40441896e-06,416,1,1
1e-07,118,0.000913876633,0.000784333446,9.48829165e-06,416,1,1
1e-07,119,0.000921338971,0.000791089959,9.57223892e-06,416,1,1
1e-07,120,0.000928807713,0.000797847752,9.6562344e-06,416,1,1
1e-07,121,0.000936271623,0.000804607291,9.74026352e-06,416,1,1
1e-07,122,0.000943744963,0.000811369042,9.82440815e-06,416,1,1
1e-07,123,0.000951214111,0.000818132889,9.90856734e-06,416,1,1
1e-07,124,0.000958685298,0.000824897317,9.99280655e-06,416,1,1
1e-07,125,0.000966159336,0.00083166454,1.00770958e-05,416,1,1
1e-07,126,0.000973635993,0.000838433742,1.01614651e-05,416,1,1
1e-07,127,0.000981115387,0.000845204049,1.02458525e-05,416,1,1
1e-07,128,0.000988595653,0.000851976161,1.03303419e-05,416,1,1
1e-07,129,0.000996074639,0.000858750194,1.04148576e-05,416,1,1
1e-07,130,0.00100355688,0.000865526788,1.04994451e-05,416,1,1
1e-07,131,0.00101104332,0.000872305245,1.05840991e-05,416,1,1
1e-07,132,0.00101853174,0.00087908475,1.06688303e-05,416,1,1
1e-07,133,0.0010260155,0.000885865884,1.0753608e-05,416,1,1
1e-07,134,0.00103351008,0.000892650511,1.08384384e-05,416,1,1
1e-07,135,0.00104100327,0.000899436534,1.0923347e-05,416,1,1
1e-07,136,0.00104849588,0.000906223315,1.10082883e-05,416,1,1
1e-07,137,0.00105598907,0.000913011958,1.10933179e-05,416,1,1
1e-07,138,0.00106348842,0.000919802813,1.11783784e-05,416,1,1
1e-07,139,0.00107098848,0.000926596753,1.12635307e-05,416,1,1
1e-07,140,0.00107848889,0.000933391217,1.13487213e-05,416,1,1
1e-07,141,0.00108599279,0.000940187834,1.14340182e-05,416,1,1
1e-07,142,0.00109349575,0.000946985616,1.15193061e-05,416,1,1
1e-07,143,0.00110100163,0.000953786715,1.1604684e-05,416,1,1
1e-07,144,0.00110851065,0.000960588281,1.16901383e-05,416,1,1
1e-07,145,0.00111601909,0.000967391301,1.17756445e-05,416,1,1
1e-07,146,0.00112353312,0.000974198338,1.18612124e-05,416,1,1
1e-07,147,0.00113104447,0.000981005724,1.19468341e-05,416,1,1
1e-07,148,0.00113855873,0.000987815089,1.2032534e-05,416,1,1
1e-07,149,0.00114607834,0.000994626898,1.21182866e-05,416,1,1
1e-07,150,0.00115359365,0.00100143987,1.22040929e-05,416,1,1
1e-07,151,0.00116111594,0.00100825471,1.22899391e-05,416,1,1
1e-07,152,0.00116863661,0.00101507187,1.23758718e-05,416,1,1
1e-07,153,0.0011761596,0.00102189067,1.24618491e-05,416,1,1
1e-07,154,0.00118369062,0.00102871156,1.25479301e-05,416,1,1
1e-07,155,0.00119121606,0.00103553454,1.26340465e-05,416,1,1
1e-07,156,0.00119874324,0.00104235834,1.27202266e-05,416,1,1
1e-07,157,0.00120627263,0.00104918459,1.28064539e-05,416,1,1
1e-07,158,0.00121380645,0.001056012,1.28927659e-05,416,1,1
1e-07,159,0.0012213398,0.00106284232,1.29791179e-05,416,1,1
1e-07,160,0.00122888002,0.00106967427,1.30655326e-05,416,1,1
1e-07,161,0.00123641791,0.00107650796,1.31520255e-05,416,1,1
1e-07,162,0.00124395743,0.00108334317,1.32385467e-05,416,1,1
1e-07,163,0.00125149637,0.00109018013,1.33251287e-05,416,1,1
1e-07,164,0.0012590423,0.00109701883,1.34117963e-05,416,1,1
1e-07,165,0.00126658566,0.00110386114,1.34985266e-05,416,1,1
1e-07,166,0.00127413077,0.00111070322,1.35853106e-05,416,1,1
1e-07,167,0.00128168042,0.00111754949,1.36722001e-05,416,1,1
1e-07,168,0.00128923159,0.00112439506,1.3759066e-05,416,1,1
1e-07,169,0.00129678135,0.00113124377,1.38460364e-05,416,1,1
1e-07,170,0.00130433531,0.00113809342,1.39330541e-05,416,1,1
1e-07,171,0.00131189055,0.00114494516,1.40201591e-05,416,1,1
1e-07,172,0.00131944846,0.00115179992,1.41073133e-05,416,1,1
1e-07,173,0.00132701057,0.00115865632,1.41945538e-05,416,1,1
1e-07,174,0.00133456686,0.00116551388,1.4281798e-05,416,1,1
1e-07,175,0.00134212943,0.001172374,1.43691532e-05,416,1,1
1e-07,176,0.00134969316,0.00117923471,1.44565383e-05,416,1,1
1e-07,177,0.00135726295,0.00118609949,1.45440154e-05,416,1,1
1e-07,178,0.00136482948,0.00119296391,1.46315206e-05,416,1,1
1e-07,179,0.00137240149,0.00119983021,1.47191176e-05,416,1,1
1e-07,180,0.00137997442,0.00120670092,1.48067802e-05,416,1,1
1e-07,181,0.0013875477,0.00121357106,1.48945001e-05,416,1,1
1e-07,182,0.00139511796,0.00122044317,1.4982249e-05,416,1,1
1e-07,183,0.00140269718,0.00122731866,1.50700816e-05,416,1,1
1e-07,184,0.00141027442,0.00123419473,1.51579625e-05,416,1,1
1e-07,185,0.00141785585,0.00124107231,1.52459361e-05,416,1,1
1e-07,186,0.00142543914,0.00124795327,1.53339588e-05,416,1,1
1e-07,187,0.00143302698,0.00125483586,1.54220506e-05,416,1,1
1e-07,188,0.00144060655,0.00126171939,1.55101588e-05,416,1,1
1e-07,189,0.00144819147,0.00126860535,1.55983907e-05,416,1,1
1e-07,190,0.00145578128,0.0012754919,1.56866463e-05,416,1,1
1e-07,191,0.00146337703,0.00128238171,1.577496e-05,416,1,1
1e-07,192,0.00147096545,0.00128927198,1.58633393e-05,416,1,1
1e-07,193,0.00147855957,0.00129616668,1.59517676e-05,416,1,1
1e-07,194,0.00148615381,0.0013030608,1.60403069e-05,416,1,1
1e-07,195,0.00149375643,0.00130995794,1.61289063e-05,416,1,1
1e-07,196,0.00150135544,0.00131685578,1.62175038e-05,416,1,1
1e-07,197,0.00150895317,0.00132375688,1.63062068e-05,416,1,1
1e-07,198,0.00151655846,0.00133066054,1.63949844e-05,416,1,1
1e-07,199,0.00152416737,0.00133756408,1.64837893e-05,416,1,1
1e-07,200,0.00153176882,0.00134447147,1.65727015e-05,416,1,1
1e-07,201,0.00153938122,0.00135137932,1.66616101e-05,416,1,1
1e-07,202,0.00154699455,0.00135828927,1.67506496e-05,416,1,1
1e-07,203,0.00155460474,0.00136520062,1.68397055e-05,416,1,1
1e-07,204,0.00156221632,0.00137211464,1.69288214e-05,416,1,1
1e-07,205,0.00156983663,0.00137903029,1.70180392e-05,416,1,1
1e-07,206,0.00157744891,0.00138594804,1.71072934e-05,416,1,1
1e-07,207,0.00158507156,0.00139286695,1.71966294e-05,416,1,1
1e-07,208,0.00159268873,0.00139978877,1.72859727e-05,416,1,1
1e-07,209,0.00160031323,0.00140671269,1.7375447e-05,416,1,1
1e-07,210,0.0016079389,0.00141363707,1.74649467e-05,416,1,1
1e-07,211,0.00161557028,0.00142056402,1.7554532e-05,416,1,1
1e-07,212,0.00162318978,0.00142749306,1.76441627e-05,416,1,1
1e-07,213,0.00163082278,0.0014344235,1.77338352e-05,416,1,1
1e-07,214,0.00163845182,0.00144135545,1.7823606e-05,416,1,1
1e-07,215,0.00164609251,0.00144829066,1.79134404e-05,416,1,1
1e-07,216,0.00165372284,0.00145522621,1.80032894e-05,416,1,1
1e-07,217,0.00166136434,0.00146216457,1.80932475e-05,416,1,1
1e-07,218,0.00166900351,0.0014691063,1.81832929e-05,416,1,1
1e-07,219,0.00167663873,0.00147604686,1.82733238e-05,416,1,1
1e-07,220,0.00168427988,0.00148298999,1.83634802e-05,416,1,1
1e-07,221,0.00169192767,0.00148993672,1.84536675e-05,416,1,1
1e-07,222,0.00169956975,0.00149688346,1.85439094e-05,416,1,1
1e-07,223,0.00170721894,0.00150383217,1.86342004e-05,416,1,1
1e-07,224,0.00171487092,0.0015107831,1.87245896e-05,416,1,1
1e-07,225,0.00172251998,0.0015177374,1.88150425e-05,416,1,1
1e-07,226,0.00173017906,0.0015246917,1.89056027e-05,416,1,1
1e-07,227,0.00173782674,0.0015316488,1.89961447e-05,416,1,1
1e-07,228,0.00174548978,0.00153860683,1.90867922e-05,416,1,1
1e-07,229,0.00175314688,0.00154556741,1.91774816e-05,416,1,1
1e-07,230,0.00176080014,0.00155252963,1.92682273e-05,416,1,1
1e-07,231,0.0017684655,0.00155949581,1.93590731e-05,416,1,1
1e-07,232,0.00177613215,0.00156646094,1.94499407e-05,416,1,1
1e-07,233,0.00178379717,0.00157342921,1.95408902e-05,416,1,1
1e-07,234,0.00179146172,0.00158039923,1.96319033e-05,416,1,1
1e-07,235,0.00179913477,0.00158736936,1.97229692e-05,416,1,1
1e-07,236,0.00180680014,0.00159434369,1.98140733e-05,416,1,1
1e-07,237,0.00181447272,0.00160131918,1.99052665e-05,416,1,1
1e-07,238,0.00182214915,0.00160829769,1.99965725e-05,416,1,1
1e-07,239,0.00182982883,0.00161527819,2.00879331e-05,416,1,1
1e-07,240,0.00183750817,0.0016222581,2.01793082e-05,416,1,1
1e-07,241,0.00184518227,0.00162924209,2.02707288e-05,416,1,1
1e-07,242,0.00185286347,0.00163622585,2.03622512e-05,416,1,1
1e-07,243,0.00186054897,0.0016432124,2.04538537e-05,416,1,1
1e-07,244,0.00186823169,0.00165020197,2.05454635e-05,416,1,1
1e-07,245,0.0018759236,0.00165719353,2.06371769e-05,416,1,1
1e-07,246,0.00188361062,0.00166418694,2.07289668e-05,416,1,1
1e-07,247,0.0018913002,0.00167117943,2.08207857e-05,416,1,1
1e-07,248,0.00189899292,0.00167817471,2.09126647e-05,416,1,1
1e-07,249,0.00190669042,0.00168517441,2.10046619e-05,416,1,1
1e-07,250,0.00191438559,0.00169217482,2.10966882e-05,416,1,1
1e-07,251,0.00192207808,0.0016991765,2.11887163e-05,416,1,1
1e-07,252,0.0019297814,0.00170618028,2.12809082e-05,416,1,1
1e-07,253,0.00193748041,0.00171318615,2.13731e-05,416,1,1
1e-07,254,0.00194518839,0.00172019273,2.1465401e-05,416,1,1
1e-07,255,0.0019528917,0.00172720244,2.1557742e-05,416,1,1
1e-07,256,0.00196059374,0.00173421449,2.16501576e-05,416,1,1
1e-07,257,0.00196830742,0.00174122932,2.17426259e-05,416,1,1
1e-07,258,0.0019759743,0.00174824148,2.18349815e-05,416,1,1
1e-07,259,0.00198372919,0.0017552604,2.19277317e-05,416,1,1
1e-07,260,0.00199143984,0.00176227815,2.2020371e-05,416,1,1
1e-07,261,0.00199915608,0.00176929927,2.21131086e-05,415,1,1
1e-07,262,0.00200687209,0.00177632319,2.22058879e-05,416,1,1
1e-07,263,0.0020145874,0.00178334734,2.22986801e-05,416,1,1
1e-07,264,0.00202231249,0.00179037417,2.23916395e-05,416,1,1
1e-07,265,0.00203003245,0.00179740333,2.24846463e-05,416,1,1
1e-07,266,0.00203775894,0.00180443295,2.25776676e-05,416,1,1
1e-07,267,0.00204548659,0.00181146478,2.26707798e-05,416,1,1
1e-07,268,0.00205320958,0.00181849801,2.27638957e-05,416,1,1
1e-07,269,0.00206094212,0.00182553486,2.28571698e-05,416,1,1
1e-07,270,0.00206867885,0.00183257402,2.29504858e-05,416,1,1
1e-07,271,0.00207640743,0.00183961238,2.30438072e-05,416,1,1
1e-07,272,0.00208414253,0.00184665376,2.31372687e-05,416,1,1
1e-07,273,0.00209188345,0.0018536963,2.32307229e-05,415,1,1
1e-07,274,0.0020995948,0.00186074292,2.33242281e-05,416,1,1
1e-07,275,0.00210735807,0.00186778931,2.34178697e-05,416,1,1
1e-07,276,0.00211510714,0.00187484024,2.35116186e-05,416,1,1
1e-07,277,0.0021228136,0.00188188907,2.36052128e-05,416,1,1
1e-07,278,0.00213059038,0.0018889436,2.36990763e-05,416,1,1
1e-07,279,0.00213834643,0.00189599907,2.37930271e-05,416,1,1
1e-07,280,0.00214608805,0.00190305454,2.38868852e-05,416,1,1
1e-07,281,0.00215384248,0.00191011408,2.39809488e-05,415,1,1
1e-07,282,0.00216159434,0.00191717455,2.40749687e-05,415,1,1
1e-07,283,0.00216935296,0.00192423677,2.41691487e-05,416,1,1
1e-07,284,0.00217710668,0.00193130132,2.42632905e-05,415,1,1
1e-07,285,0.00218487252,0.00193836889,2.43575996e-05,415,1,1
1e-07,286,0.00219262368,0.00194543565,2.44518797e-05,416,1,1
1e-07,287,0.00220038975,0.00195250486,2.45462907e-05,416,1,1
1e-07,288,0.00220815162,0.00195957883,2.46407217e-05,415,1,1
1e-07,289,0.00221591722,0.00196665013,2.47352345e-05,416,1,1
1e-07,290,0.00222368771,0.00197372842,2.48298602e-05,415,1,1
1e-07,291,0.00223145518,0.00198080437,2.49244513e-05,415,1,1
1e-07,292,0.00223922776,0.00198788242,2.50192006e-05,416,1,1
1e-07,293,0.00224699941,0.00199496397,2.51139681e-05,415,1,1
1e-07,294,0.00225477503,0.00200204854,2.52087957e-05,416,1,1
1e-07,295,0.00226255017,0.00200913497,2.53036924e-05,416,1,1
1e-07,296,0.00227032974,0.00201622117,2.53986418e-05,415,1,1
1e-07,297,0.00227810978,0.00202331017,2.54936749e-05,415,1,1
1e-07,298,0.00228589191,0.00203040056,2.55888081e-05,415,1,1
1e-07,299,0.00229367707,0.00203749328,2.56839394e-05,415,1,1
1e-07,300,0.00230141683,0.0020445867,2.5778807e-05,416,1,1
1e-07,301,0.00230924925,0.00205168547,2.58744949e-05,415,1,1
1e-07,302,0.0023170386,0.00205878424,2.59698281e-05,416,1,1
1e-07,303,0.00232482888,0.00206588255,2.60652159e-05,415,1,1
1e-07,304,0.00233262056,0.00207298575,2.61606692e-05,415,1,1
1e-07,305,0.0023404127,0.00208009011,2.62562899e-05,416,1,1
1e-07,306,0.00234821229,0.00208719703,2.63518741e-05,415,1,1
1e-07,307,0.00235600956,0.00209430465,2.64475457e-05,415,1,1
1e-07,308,0.00236380729,0.00210141251,2.65432373e-05,415,1,1
1e-07,309,0.00237161061,0.00210852618,2.66390616e-05,415,1,1
1e-07,310,0.00237941905,0.00211564009,2.67349897e-05,415,1,1
1e-07,311,0.00238721888,0.00212275586,2.68308868e-05,415,1,1
1e-07,312,0.00239502662,0.0021298721,2.69268821e-05,415,1,1
1e-07,313,0.00240283576,0.00213699136,2.70229593e-05,415,1,1
1e-07,314,0.00241065072,0.00214411365,2.71191093e-05,415,1,1
1e-07,315,0.00241846428,0.00215123827,2.72153411e-05,415,1,1
1e-07,316,0.00242627459,0.00215836195,2.73115711e-05,415,1,1
1e-07,317,0.00243409467,0.00216548797,2.7407892e-05,415,1,1
1e-07,318,0.00244191079,0.00217261841,2.75043021e-05,415,1,1
1e-07,319,0.00244972715,0.00217974698,2.76007522e-05,415,1,1
1e-07,320,0.00245755212,0.00218688021,2.76972496e-05,415,1,1
1e-07,321,0.00246537104,0.00219401624,2.77938379e-05,416,1,1
1e-07,322,0.0024732037,0.00220115273,2.78904936e-05,415,1,1
1e-07,323,0.00248102844,0.00220829155,2.79872474e-05,416,1,1
1e-07,324,0.00248885551,0.00221543107,2.80840013e-05,415,1,1
1e-07,325,0.00249668583,0.00222257269,2.81808552e-05,416,1,1
1e-07,326,0.00250452175,0.00222971803,2.82777764e-05,415,1,1
1e-07,327,0.00251235464,0.00223686453,2.83747613e-05,415,1,1
1e-07,328,0.00252018915,0.00224401033,2.84718153e-05,415,1,1
1e-07,329,0.00252802833,0.00225116056,2.85689257e-05,415,1,1
1e-07,330,0.0025358682,0.00225831312,2.86661052e-05,415,1,1
1e-07,331,0.00254371017,0.00226546754,2.8763312e-05,415,1,1
1e-07,332,0.00255155191,0.0022726208,2.88606388e-05,415,1,1
1e-07,333,0.00255939853,0.00227978011,2.8958013e-05,415,1,1
1e-07,334,0.00256724586,0.00228694011,2.90554362e-05,415,1,1
1e-07,335,0.00257509295,0.00229410082,2.91529632e-05,415,1,1
1e-07,336,0.00258294353,0.00230126479,2.92505101e-05,415,1,1
1e-07,337,0.00259079691,0.00230842968,2.93481517e-05,415,1,1
1e-07,338,0.00259864749,0.00231559644,2.94458459e-05,415,1,1
1e-07,339,0.00260650553,0.00232276437,2.95435675e-05,415,1,1
1e-07,340,0.00261436542,0.00232993788,2.9641511e-05,415,1,1
1e-07,341,0.00262222812,0.00233711116,2.97393617e-05,415,1,1
1e-07,342,0.00263008568,0.00234428397,2.98372997e-05,415,1,1
1e-07,343,0.00263794977,0.00235146028,2.99353487e-05,415,1,1
1e-07,344,0.0026458113,0.00235863915,3.00334359e-05,415,1,1
1e-07,345,0.00265367958,0.00236581941,3.01315649e-05,415,1,1
1e-07,346,0.00266155135,0.0023730034,3.02298158e-05,415,1,1
1e-07,347,0.00266941963,0.00238018623,3.03280758e-05,415,1,1
1e-07,348,0.00267728791,0.00238737324,3.04264668e-05,415,1,1
1e-07,349,0.00268516387,0.00239455956,3.05248541e-05,415,1,1
1e-07,350,0.00269304099,0.0024017517,3.06234324e-05,415,1,1
1e-07,351,0.00270091789,0.00240894151,3.07219379e-05,415,1,1
1e-07,352,0.00270879967,0.00241613644,3.08205745e-05,415,1,1
1e-07,353,0.00271667889,0.00242333184,3.09192183e-05,415,1,1
1e-07,354,0.00272456277,0.00243053096,3.10180149e-05,415,1,1
1e-07,355,0.00273244595,0.00243772776,3.11167933e-05,415,1,1
1e-07,356,0.00274033193,0.00244492898,3.12156844e-05,415,1,1
1e-07,357,0.00274822209,0.00245213392,3.13146484e-05,415,1,1
1e-07,358,0.00275610853,0.00245933747,3.14136232e-05,415,1,1
1e-07,359,0.00276400545,0.00246654777,3.15127763e-05,415,1,1
1e-07,360,0.0027718998,0.00247375714,3.1611944e-05,415,1,1
1e-07,361,0.00277979253,0.00248096487,3.17110862e-05,415,1,1
1e-07,362,0.00278769317,0.00248818053,3.18104103e-05,415,1,1
1e-07,363,0.00279559265,0.00249539595,3.19097599e-05,415,1,1
1e-07,364,0.00280349352,0.0025026123,3.20092331e-05,415,1,1
1e-07,365,0.00281139533,0.00250982889,3.21086191e-05,415,1,1
1e-07,366,0.00281929784,0.00251705036,3.22081614e-05,415,1,1
1e-07,367,0.00282720686,0.00252427324,3.23078057e-05,415,1,1
1e-07,368,0.00283511681,0.0025314982,3.24075008e-05,415,1,1
1e-07,369,0.00284302793,0.00253872597,3.25072979e-05,415,1,1
1e-07,370,0.00285093905,0.0025459535,3.26070331e-05,415,1,1
1e-07,371,0.00285885204,0.00255318335,3.27069683e-05,415,1,1
1e-07,372,0.00286676642,0.00256041624,3.28069073e-05,415,1,1
1e-07,373,0.00287468592,0.00256765005,3.29068716e-05,415,1,1
1e-07,374,0.00288260286,0.0025748855,3.30069633e-05,415,1,1
1e-07,375,0.00289052911,0.0025821263,3.31071387e-05,415,1,1
1e-07,376,0.00289845024,0.0025893664,3.32073832e-05,415,1,1
1e-07,377,0.0029063737,0.00259660557,3.33076314e-05,415,1,1
1e-07,378,0.00291429902,0.002603848,3.3407945e-05,415,1,1
1e-07,379,0.00292222784,0.00261109555,3.35083532e-05,415,1,1
1e-07,380,0.00293015759,0.00261834194,3.36088706e-05,415,1,1
1e-07,381,0.00293809362,0.00262559368,3.37094461e-05,415,1,1
1e-07,382,0.00294602942,0.00263284752,3.38100617e-05,415,1,1
1e-07,383,0.00295396149,0.00264009717,3.39106809e-05,415,1,1
1e-07,384,0.00296189706,0.00264735171,3.40113802e-05,415,1,1
1e-07,385,0.00296983682,0.0026546102,3.41122395e-05,415,1,1
1e-07,386,0.00297777774,0.00266186846,3.42131389e-05,415,1,1
1e-07,387,0.00298572239,0.00266913045,3.43141146e-05,415,1,1
1e-07,388,0.0029936668,0.0026763936,3.44151158e-05,415,1,1
1e-07,389,0.00300161634,0.00268365955,3.45162371e-05,415,1,1
1e-07,390,0.00300956168,0.00269092526,3.46173474e-05,415,1,1
1e-07,391,0.00301750959,0.00269819237,3.4718556e-05,415,1,1
1e-07,392,0.00302546285,0.00270546344,3.48198009e-05,415,1,1
1e-07,393,0.00303341588,0.00271273544,3.49211768e-05,415,1,1
1e-07,394,0.00304137496,0.0027200121,3.50225928e-05,415,1,1
1e-07,395,0.00304933335,0.00272728875,3.51240742e-05,415,1,1
1e-07,396,0.0030572894,0.00273456541,3.52255956e-05,415,1,1
1e-07,397,0.00306525617,0.00274185021,3.53272662e-05,415,1,1
1e-07,398,0.00307321409,0.00274912873,3.54289732e-05,415,1,1
1e-07,399,0.00308118179,0.002756414,3.55307129e-05,415,1,1
1e-07,400,0.00308914506,0.00276369858,3.56324672e-05,415,1,1
1e-07,401,0.00309711788,0.00277098943,3.57344179e-05,415,1,1
1e-07,402,0.00310508488,0.00277827727,3.5836325e-05,415,1,1
1e-07,403,0.00311305677,0.00278557022,3.5938363e-05,415,1,1
1e-07,404,0.00312103564,0.00279286574,3.60405102e-05,415,1,1
1e-07,405,0.00312900869,0.00280016102,3.61426064e-05,415,1,1
1e-07,406,0.00313698966,0.00280746026,3.62448664e-05,415,1,1
1e-07,407,0.00314496923,0.0028147602,3.63471554e-05,415,1,1
1e-07,408,0.00315294811,0.00282206153,3.64495136e-05,415,1,1
1e-07,409,0.00316092907,0.00282936287,3.65519554e-05,415,1,1
1e-07,410,0.00316891447,0.0028366691,3.66544664e-05,415,1,1
1e-07,411,0.00317690149,0.00284397486,3.67569737e-05,415,1,1
1e-07,412,0.00318488968,0.00285128574,3.68596084e-05,415,1,1
1e-07,413,0.00319288042,0.00285859685,3.6962283e-05,415,1,1
1e-07,414,0.0032008721,0.0028659096,3.70650669e-05,415,1,1
1e-07,415,0.00320886238,0.00287322165,3.71678761e-05,415,1,1
1e-07,416,0.00321686245,0.00288054231,3.72708164e-05,415,1,1
1e-07,417,0.00322485971,0.00288786064,3.73738003e-05,415,1,1
1e-07,418,0.00323286024,0.00289518107,3.7476806e-05,415,1,1
1e-07,419,0.00324085844,0.00290250196,3.75798809e-05,415,1,1
1e-07,420,0.00324886781,0.00290983263,3.76831376e-05,415,1,1
1e-07,421,0.00325686974,0.00291715702,3.77863544e-05,415,1,1
1e-07,422,0.00326487492,0.00292448374,3.78896148e-05,415,1,1
1e-07,423,0.00327288359,0.00293181464,3.79929734e-05,415,1,1
1e-07,424,0.00328089716,0.00293914881,3.80964411e-05,415,1,1
1e-07,425,0.00328890397,0.00294647994,3.81999271e-05,415,1,1
1e-07,426,0.00329692243,0.00295381993,3.83035695e-05,415,1,1
1e-07,427,0.00330493855,0.00296115689,3.84071827e-05,415,1,1
1e-07,428,0.00331295514,0.00296849757,3.85108578e-05,415,1,1
1e-07,429,0.00332097313,0.00297583849,3.8614653e-05,415,1,1
1e-07,430,0.00332899508,0.00298318267,3.87185064e-05,415,1,1
1e-07,431,0.00333701819,0.00299052917,3.88223998e-05,415,1,1
1e-07,432,0.00334504107,0.00299787498,3.89263587e-05,415,1,1
1e-07,433,0.00335307023,0.00300522731,3.90304485e-05,415,1,1
1e-07,434,0.00336110336,0.00301258243,3.91346257e-05,415,1,1
1e-07,435,0.0033691295,0.00301993103,3.92387628e-05,415,1,1
1e-07,436,0.00337716145,0.00302728848,3.93429909e-05,415,1,1
1e-07,437,0.0033851983,0.00303464802,3.94473682e-05,415,1,1
1e-07,438,0.00339323469,0.00304200617,3.95517927e-05,415,1,1
1e-07,439,0.003401272,0.0030493692,3.96562791e-05,415,1,1
1e-07,440,0.00340931327,0.00305673433,3.97607437e-05,415,1,1
1e-07,441,0.00341735501,0.00306409993,3.98654083e-05,415,1,1
1e-07,442,0.00342540117,0.00307146902,3.99700766e-05,415,1,1
1e-07,443,0.00343344244,0.00307883485,4.00747776e-05,415,1,1
1e-07,444,0.0034414921,0.00308620743,4.01796278e-05,415,1,1
1e-07,445,0.00344953616,0.00309357862,4.02844198e-05,415,1,1
1e-07,446,0.00345758628,0.00310095353,4.03893682e-05,415,1,1
1e-07,447,0.00346564222,0.0031083324,4.04943894e-05,415,1,1
1e-07,448,0.00347369653,0.0031157115,4.05994724e-05,415,1,1
1e-07,449,0.00348175433,0.00312309293,4.07046609e-05,415,1,1
1e-07,450,0.0034898154,0.00313047925,4.08098604e-05,415,1,1
1e-07,451,0.00349787134,0.00313786091,4.09151035e-05,415,1,1
1e-07,452,0.00350593054,0.003145247,4.10204302e-05,415,1,1
1e-07,453,0.00351399742,0.00315263751,4.11258952e-05,415,1,1
1e-07,454,0.00352205778,0.0031600236,4.12313129e-05,415,1,1
1e-07,455,0.0035301242,0.0031674169,4.13368907e-05,415,1,1
1e-07,456,0.00353819877,0.00317481509,4.14425849e-05,415,1,1
1e-07,457,0.00354627077,0.00318221352,4.154829e-05,415,1,1
1e-07,458,0.00355434371,0.00318961032,4.16540388e-05,415,1,1
1e-07,459,0.00356241874,0.00319701061,4.17598603e-05,415,1,1
1e-07,460,0.00357049378,0.00320441369,4.18658237e-05,415,1,1
1e-07,461,0.0035785723,0.00321181887,4.19716962e-05,415,1,1
1e-07,462,0.00358665083,0.00321922405,4.20777724e-05,415,1,1
1e-07,463,0.00359473377,0.00322663109,4.21838849e-05,415,1,1
1e-07,464,0.00360281812,0.00323404442,4.22900994e-05,415,1,1
1e-07,465,0.00361090573,0.00324145611,4.23963065e-05,415,1,1
1e-07,466,0.00361899287,0.00324886921,4.25026556e-05,415,1,1
1e-07,467,0.00362707861,0.0032562844,4.26089609e-05,415,1,1
1e-07,468,0.00363517064,0.00326370331,4.27154919e-05,415,1,1
1e-07,469,0.0036432622,0.00327112013,4.28219682e-05,415,1,1
1e-07,470,0.00365135889,0.00327854604,4.29286156e-05,415,1,1
1e-07,471,0.00365945627,0.00328596844,4.30352484e-05,415,1,1
1e-07,472,0.00366755854,0.0032933976,4.3141983e-05,415,1,1
1e-07,473,0.00367565616,0.00330082304,4.32487832e-05,415,1,1
1e-07,474,0.00368375983,0.00330825383,4.33556997e-05,415,1,1
1e-07,475,0.00369185931,0.00331568392,4.34625726e-05,415,1,1
1e-07,476,0.00369997113,0.00332312053,4.3569642e-05,415,1,1
1e-07,477,0.00370807364,0.00333055295,4.36766895e-05,415,1,1
1e-07,478,0.00371618499,0.00333799119,4.37838135e-05,415,1,1
1e-07,479,0.00372429588,0.00334543153,4.38910247e-05,415,1,1
1e-07,480,0.00373241189,0.00335287489,4.39983487e-05,415,1,1
1e-07,481,0.00374052231,0.00336031523,4.41055963e-05,415,1,1
1e-07,482,0.00374864414,0.00336776255,4.42131095e-05,415,1,1
1e-07,483,0.00375676248,0.00337521103,4.43206118e-05,415,1,1
1e-07,484,0.00376488641,0.00338266161,4.44281977e-05,415,1,1
1e-07,485,0.00377300265,0.00339010986,4.45357655e-05,415,1,1
1e-07,486,0.00378112844,0.00339756417,4.46435115e-05,415,1,1
1e-07,487,0.00378925493,0.00340501964,4.47512575e-05,415,1,1
1e-07,488,0.00379738328,0.00341247744,4.48590472e-05,415,1,1
1e-07,489,0.00380551163,0.00341993547,4.49670551e-05,415,1,1
1e-07,490,0.00381364417,0.00342739653,4.50750485e-05,415,1,1
1e-07,491,0.00382177904,0.00343485922,4.51830856e-05,415,1,1
1e-07,492,0.00382991252,0.00344232423,4.52911663e-05,415,1,1
1e-07,493,0.00383805321,0.00344979111,4.5399378e-05,415,1,1
1e-07,494,0.00384619157,0.00345725985,4.55076333e-05,415,1,1
1e-07,495,0.00385432923,0.00346472976,4.5615925e-05,415,1,1
1e-07,496,0.00386247691,0.00347220362,4.57244169e-05,415,1,1
1e-07,497,0.00387061876,0.00347967772,4.58328141e-05,415,1,1
1e-07,498,0.00387876504,0.00348715438,4.5941415e-05,415,1,1
1e-07,499,0.00388691481,0.00349463476,4.60499541e-05,415,1,1
1e-07,500,0.00389506621,0.00350211817,4.61587078e-05,415,1,1
1e-07,501,0.00390321831,0.00350959785,4.62673997e-05,415,1,1
1e-07,502,0.00391137181,0.00351708382,4.63762008e-05,415,1,1
1e-07,503,0.00391952787,0.00352457003,4.64851328e-05,415,1,1
1e-07,504,0.00392768672,0.00353205879,4.65941048e-05,415,1,1
1e-07,505,0.0039358451,0.00353955082,4.6703135e-05,415,1,1
1e-07,506,0.00394400535,0.00354703935,4.68122089e-05,415,1,1
1e-07,507,0.00395217072,0.00355453859,4.6921381e-05,415,1,1
1e-07,508,0.00396033237,0.00356203155,4.70305604e-05,415,1,1
1e-07,509,0.00396850333,0.00356953382,4.71399726e-05,415,1,1
1e-07,510,0.00397667009,0.00357703166,4.72492866e-05,415,1,1
1e-07,511,0.00398484571,0.00358453672,4.7358797e-05,415,1,1
1e-07,512,0.00399301248,0.00359203853,4.74682674e-05,415,1,1
1e-07,513,0.00400118809,0.00359954359,4.75778834e-05,415,1,1
1e-07,514,0.00400936324,0.00360705191,4.76874629e-05,415,1,1
1e-07,515,0.00401753979,0.00361456117,4.77972026e-05,415,1,1
1e-07,516,0.00402572285,0.00362207554,4.79070331e-05,415,1,1
1e-07,517,0.00403390545,0.00362959015,4.8016962e-05,415,1,1
1e-07,518,0.00404208526,0.0036371043,4.81268944e-05,415,1,1
1e-07,519,0.00405027252,0.00364462286,4.82369287e-05,415,1,1
1e-07,520,0.00405845931,0.00365214259,4.83469485e-05,415,1,1
1e-07,521,0.00406664377,0.00365966093,4.84570555e-05,415,1,1
1e-07,522,0.0040748436,0.00366719346,4.856745e-05,415,1,1
1e-07,523,0.00408303319,0.00367471692,4.86777171e-05,415,1,1
1e-07,524,0.00409123022,0.00368224457,4.87880316e-05,415,1,1
1e-07,525,0.00409942353,0.00368977059,4.88984406e-05,415,1,1
1e-07,526,0.00410762429,0.00369730336,4.90089697e-05,415,1,1
1e-07,527,0.00411582412,0.00370483892,4.91195606e-05,415,1,1
1e-07,528,0.00412403001,0.00371237565,4.92302242e-05,415,1,1
1e-07,529,0.00413223309,0.00371991494,4.9340957e-05,415,1,1
1e-07,530,0.00414043246,0.00372745097,4.94516025e-05,415,1,1
1e-07,531,0.00414864207,0.00373499235,4.95625136e-05,415,1,1
1e-07,532,0.00415685214,0.00374253537,4.96734538e-05,415,1,1
1e-07,533,0.00416502682,0.00375008234,4.97839756e-05,415,1,1
1e-07,534,0.00417327695,0.00375762931,4.98954869e-05,415,1,1
1e-07,535,0.00418149354,0.00376518024,5.0006689e-05,415,1,1
1e-07,536,0.00418970967,0.00377273094,5.01178765e-05,415,1,1
1e-07,537,0.00419792766,0.00378028397,5.02291987e-05,415,1,1
1e-07,538,0.00420614891,0.00378783955,5.03405063e-05,415,1,1
1e-07,539,0.00421436923,0.00379539584,5.04519739e-05,415,1,1
1e-07,540,0.00422259932,0.00380295888,5.05635107e-05,415,1,1
1e-07,541,0.0042308229,0.00381051935,5.06750293e-05,415,1,1
1e-07,542,0.00423905253,0.00381808355,5.07867771e-05,415,1,1
1e-07,543,0.0042472817,0.00382564683,5.08984012e-05,415,1,1
1e-07,544,0.00425551739,0.00383321731,5.10102582e-05,415,1,1
1e-07,545,0.00426374795,0.00384078547,5.11220242e-05,415,1,1
1e-07,546,0.00427198363,0.00384835573,5.12339611e-05,415,1,1
1e-07,547,0.00428022072,0.00385592878,5.13459563e-05,415,1,1
1e-07,548,0.00428846292,0.00386350439,5.14580315e-05,415,1,1
1e-07,549,0.00429670047,0.0038710807,5.15701504e-05,415,1,1
1e-07,550,0.00430494314,0.00387865957,5.1682393e-05,415,1,1
1e-07,551,0.00431318581,0.00388624007,5.17946683e-05,415,1,1
1e-07,552,0.00432143966,0.00389382779,5.19070672e-05,415,1,1
1e-07,553,0.00432968512,0.00390141155,5.20194699e-05,415,1,1
1e-07,554,0.00433793757,0.00390899833,5.21319744e-05,415,1,1
1e-07,555,0.00434618816,0.00391658815,5.22444752e-05,415,1,1
1e-07,556,0.00435443874,0.00392417517,5.2357067e-05,415,1,1
1e-07,557,0.00436269632,0.0039317701,5.24698335e-05,415,1,1
1e-07,558,0.00437095808,0.00393936597,5.25826908e-05,415,1,1
1e-07,559,0.00437921518,0.00394696323,5.269553e-05,415,1,1
1e-07,560,0.00438747322,0.0039545605,5.28083947e-05,415,1,1
1e-07,561,0.0043957415,0.00396216568,5.2921434e-05,415,1,1
1e-07,562,0.00440400885,0.00396976667,5.3034506e-05,415,1,1
1e-07,563,0.0044122762,0.00397737185,5.31476871e-05,415,1,1
1e-07,564,0.00442054495,0.00398498075,5.32608901e-05,415,1,1
1e-07,565,0.0044288123,0.0039925864,5.33740385e-05,415,1,1
1e-07,566,0.00443708804,0.00400019903,5.34874634e-05,415,1,1
1e-07,567,0.00444536144,0.00400781166,5.36009393e-05,415,1,1
1e-07,568,0.00445363764,0.00401542522,5.37143678e-05,415,1,1
1e-07,569,0.00446191989,0.00402304437,5.38280692e-05,415,1,1
1e-07,570,0.00447020074,0.00403066305,5.39415887e-05,415,1,1
1e-07,571,0.00447847694,0.0040382822,5.40552937e-05,415,1,1
1e-07,572,0.00448676851,0.00404590834,5.41691807e-05,415,1,1
1e-07,573,0.00449505169,0.00405353121,5.4282973e-05,415,1,1
1e-07,574,0.00450333767,0.00406115688,5.43968781e-05,415,1,1
1e-07,575,0.00451163156,0.00406878768,5.4510976e-05,415,1,1
1e-07,576,0.00451991614,0.00407641334,5.46249576e-05,415,1,1
1e-07,577,0.00452821003,0.00408404833,5.47391428e-05,415,1,1
1e-07,578,0.00453651324,0.00409168564,5.48534153e-05,415,1,1
1e-07,579,0.0045448076,0.00409932109,5.49677061e-05,415,1,1
1e-07,580,0.00455310568,0.00410695979,5.50819859e-05,415,1,1
1e-07,581,0.0045614033,0.00411459664,5.51963858e-05,415,1,1
1e-07,582,0.00456971163,0.00412224326,5.53109458e-05,415,1,1
1e-07,583,0.00457801763,0.00412988942,5.54255748e-05,415,1,1
1e-07,584,0.0045863199,0.00413753465,5.55401493e-05,415,1,1
1e-07,585,0.00459462777,0.00414518174,5.56548621e-05,415,1,1
1e-07,586,0.00460294122,0.00415283442,5.5769684e-05,415,1,1
1e-07,587,0.00461124582,0.00416048337,5.58845495e-05,414,1,1
1e-07,588,0.00461955881,0.00416813465,5.59994805e-05,415,1,1
1e-07,589,0.00462788204,0.00417579664,5.61144952e-05,415,1,1
1e-07,590,0.00463619642,0.00418345258,5.6229539e-05,415,1,1
1e-07,591,0.00464451825,0.0041911155,5.63447757e-05,415,1,1
1e-07,592,0.00465284288,0.00419878028,5.64600741e-05,415,1,1
1e-07,593,0.00466113864,0.00420644274,5.65751689e-05,415,1,1
1e-07,594,0.00466948468,0.0042141052,5.66905728e-05,415,1,1
1e-07,595,0.00467778696,0.00422177417,5.68058349e-05,415,1,1
1e-07,596,0.00468614232,0.00422944734,5.6921639e-05,415,1,1
1e-07,597,0.004694473,0.00423712004,5.70372176e-05,414,1,1
1e-07,598,0.00470277155,0.00424479041,5.71525452e-05,415,1,1
1e-07,599,0.004711146,0.00425247196,5.7268684e-05,415,1,1
1e-07,600,0.00471945293,0.00426014652,5.7384048e-05,415,1,1
1e-07,601,0.00472781807,0.00426782807,5.75003723e-05,415,1,1
1e-07,602,0.00473615667,0.00427551288,5.76162965e-05,414,1,1
1e-07,603,0.00474450132,0.00428319676,5.77322789e-05,415,1,1
1e-07,604,0.00475284411,0.00429088296,5.78484214e-05,415,1,1
1e-07,605,0.00476119108,0.00429857196,5.79646294e-05,415,1,1
1e-07,606,0.00476953527,0.00430626143,5.80808664e-05,414,1,1
1e-07,607,0.00477788551,0.00431395462,5.81970999e-05,415,1,1
1e-07,608,0.00478623947,0.00432164874,5.83135225e-05,415,1,1
1e-07,609,0.00479459343,0.00432934705,5.84299887e-05,414,1,1
1e-07,610,0.00480295252,0.00433704769,5.85466078e-05,415,1,1
1e-07,611,0.00481130788,0.0043447474,5.86631941e-05,415,1,1
1e-07,612,0.00481966836,0.00435244944,5.87799041e-05,415,1,1
1e-07,613,0.00482802372,0.00436015194,5.88966614e-05,415,1,1
1e-07,614,0.00483638933,0.00436785817,5.90134478e-05,415,1,1
1e-07,615,0.0048447242,0.00437556533,5.91300377e-05,415,1,1
1e-07,616,0.00485312147,0.00438327808,5.92473225e-05,414,1,1
1e-07,617,0.00486149034,0.00439099083,5.9364389e-05,414,1,1
1e-07,618,0.0048698606,0.00439870451,5.9481521e-05,414,1,1
1e-07,619,0.00487822853,0.00440641819,5.95986567e-05,414,1,1
1e-07,620,0.00488660671,0.00441414025,5.97160251e-05,415,1,1
1e-07,621,0.00489497976,0.00442185719,5.98332772e-05,414,1,1
1e-07,622,0.0049033612,0.00442958344,5.99507257e-05,415,1,1
1e-07,623,0.00491173891,0.0044373055,6.00681597e-05,415,1,1
1e-07,624,0.00492012175,0.00444503315,6.01857755e-05,415,1,1
1e-07,625,0.00492850784,0.00445276126,6.03034423e-05,414,1,1
1e-07,626,0.00493689161,0.00446049171,6.04211746e-05,414,1,1
1e-07,627,0.00494527631,0.00446822168,6.05388814e-05,414,1,1
1e-07,628,0.00495366659,0.00447595632,6.06567555e-05,414,1,1
1e-07,629,0.00496205827,0.00448369607,6.07747243e-05,415,1,1
1e-07,630,0.00497045135,0.0044914349,6.08927294e-05,415,1,1
1e-07,631,0.00497884303,0.00449917279,6.10107236e-05,415,1,1
1e-07,632,0.00498724077,0.00450691581,6.11289652e-05,414,1,1
1e-07,633,0.00499564037,0.00451465975,6.12471631e-05,415,1,1
1e-07,634,0.00500401203,0.00452240556,6.13651937e-05,415,1,1
1e-07,635,0.00501244469,0.00453015557,6.14838646e-05,414,1,1
1e-07,636,0.00502084987,0.00453790557,6.1602339e-05,414,1,1
1e-07,637,0.00502925739,0.00454565883,6.1720857e-05,414,1,1
1e-07,638,0.00503766164,0.00455341255,6.18393897e-05,414,1,1
1e-07,639,0.00504607102,0.00456116628,6.19580387e-05,414,1,1
1e-07,640,0.00505448924,0.00456893258,6.2076906e-05,415,1,1
1e-07,641,0.00506289629,0.0045766877,6.21957151e-05,415,1,1
1e-07,642,0.00507131033,0.00458444888,6.23145534e-05,415,1,1
1e-07,643,0.00507973088,0.00459221518,6.24334716e-05,414,1,1
1e-07,644,0.00508814678,0.00459997822,6.25525063e-05,414,1,1
1e-07,645,0.00509657757,0.00460775429,6.26716574e-05,415,1,1
1e-07,646,0.00510499347,0.00461552013,6.27908521e-05,414,1,1
1e-07,647,0.00511342147,0.00462329295,6.29100832e-05,414,1,1
1e-07,648,0.00512184808,0.00463106763,6.30294162e-05,414,1,1
1e-07,649,0.00513028167,0.00463884743,6.31488874e-05,414,1,1
1e-07,650,0.00513870781,0.00464662211,6.32683077e-05,414,1,1
1e-07,651,0.0051471428,0.00465440517,6.33878808e-05,414,1,1
1e-07,652,0.00515557593,0.00466218591,6.3507483e-05,414,1,1
1e-07,653,0.00516401092,0.00466996897,6.36271434e-05,414,1,1
1e-07,654,0.00517244777,0.00467775343,6.37469784e-05,414,1,1
1e-07,655,0.00518089533,0.00468554767,6.38669226e-05,414,1,1
1e-07,656,0.0051893373,0.00469333958,6.39867285e-05,414,1,1
1e-07,657,0.00519777555,0.0047011273,6.41067236e-05,414,1,1
1e-07,658,0.00520622358,0.0047089234,6.42267914e-05,414,1,1
1e-07,659,0.00521466741,0.00471671717,6.43469466e-05,414,1,1
1e-07,660,0.00522312103,0.00472451886,6.44672255e-05,414,1,1
1e-07,661,0.00523156719,0.0047323145,6.45874316e-05,414,1,1
1e-07,662,0.0052400236,0.00474012038,6.47079141e-05,414,1,1
1e-07,663,0.0052484842,0.00474792998,6.48284185e-05,414,1,1
1e-07,664,0.00525693595,0.00475573307,6.49488575e-05,414,1,1
1e-07,665,0.00526538957,0.00476354035,6.50693473e-05,415,1,1
1e-07,666,0.00527385576,0.00477135228,6.51901646e-05,414,1,1
1e-07,667,0.00528231822,0.00477916282,6.53108946e-05,414,1,1
1e-07,668,0.00529078627,0.00478698127,6.54317773e-05,414,1,1
1e-07,669,0.00529925525,0.00479479972,6.55526965e-05,414,1,1
1e-07,670,0.00530771865,0.00480261492,6.56735792e-05,414,1,1
1e-07,671,0.00531618996,0.00481043849,6.57946148e-05,414,1,1
1e-07,672,0.00532466127,0.00481825788,6.59157304e-05,414,1,1
1e-07,673,0.00533313444,0.00482608238,6.60369187e-05,414,1,1
1e-07,674,0.0053416146,0.00483391201,6.6158238e-05,414,1,1
1e-07,675,0.00535008498,0.00484173698,6.62794919e-05,414,1,1
1e-07,676,0.00535857258,0.00484957173,6.64009494e-05,414,1,1
1e-07,677,0.00536705321,0.00485740416,6.65224288e-05,414,1,1
1e-07,678,0.00537553616,0.00486523844,6.66440392e-05,414,1,1
1e-07,679,0.00538402377,0.00487307739,6.67657077e-05,414,1,1
1e-07,680,0.00539250858,0.004880914,6.68873763e-05,414,1,1
1e-07,681,0.00540099759,0.00488875434,6.70091176e-05,414,1,1
1e-07,682,0.00540949032,0.0048965984,6.71310845e-05,414,1,1
1e-07,683,0.00541798444,0.00490444247,6.72530659e-05,414,1,1
1e-07,684,0.00542648043,0.00491229072,6.73751056e-05,414,1,1
1e-07,685,0.0054349741,0.00492013711,6.74970943e-05,414,1,1
1e-07,686,0.00544348219,0.00492799561,6.76194104e-05,414,1,1
1e-07,687,0.00545197492,0.00493584294,6.77415665e-05,414,1,1
1e-07,688,0.00546047837,0.00494369818,6.78637953e-05,414,1,1
1e-07,689,0.00546898507,0.00495155808,6.79862569e-05,414,1,1
1e-07,690,0.00547748525,0.00495941192,6.81086822e-05,414,1,1
1e-07,691,0.0054859966,0.00496727508,6.82312966e-05,414,1,1
1e-07,692,0.00549451401,0.00497514475,6.83539402e-05,414,1,1
1e-07,693,0.00550301978,0.00498300418,6.84765473e-05,414,1,1
1e-07,694,0.00551153952,0.00499087619,6.85994237e-05,414,1,1
1e-07,695,0.00552004902,0.00499874074,6.87221618e-05,414,1,1
1e-07,696,0.00552857155,0.005006616,6.88451328e-05,414,1,1
1e-07,697,0.00553708756,0.00501448568,6.89680601e-05,414,1,1
1e-07,698,0.0055456101,0.00502236187,6.90912639e-05,414,1,1
1e-07,699,0.00555413263,0.00503023807,6.9214293e-05,414,1,1
1e-07,700,0.00556266261,0.00503812311,6.93376642e-05,414,1,1
1e-07,701,0.00557118468,0.00504599838,6.94609334e-05,414,1,1
1e-07,702,0.00557971979,0.00505388761,6.95843119e-05,414,1,1
1e-07,703,0.00558824698,0.00506176846,6.97076612e-05,414,1,1
1e-07,704,0.00559677975,0.0050696563,6.98311851e-05,414,1,1
1e-07,705,0.00560531486,0.00507754786,6.99548909e-05,414,1,1
1e-07,706,0.00561385415,0.00508543896,7.00785895e-05,414,1,1
1e-07,707,0.00562238973,0.00509333052,7.02021862e-05,414,1,1
1e-07,708,0.00563093089,0.00510122674,7.03261176e-05,414,1,1
1e-07,709,0.00563947018,0.00510912202,7.04499616e-05,414,1,1
1e-07,710,0.00564801972,0.00511702523,7.05739803e-05,414,1,1
1e-07,711,0.00565656275,0.00512492424,7.06979772e-05,414,1,1
1e-07,712,0.00566511042,0.00513282698,7.08221341e-05,414,1,1
1e-07,713,0.00567366416,0.00514073623,7.09463784e-05,414,1,1
1e-07,714,0.00568221556,0.00514864363,7.10707682e-05,414,1,1
1e-07,715,0.00569076743,0.00515655149,7.11949979e-05,414,1,1
1e-07,716,0.00569932209,0.00516446261,7.13194822e-05,414,1,1
1e-07,717,0.00570788467,0.00517238118,7.14440248e-05,414,1,1
1e-07,718,0.00571644446,0.00518029742,7.15685601e-05,414,1,1
1e-07,719,0.00572499773,0.00518820807,7.1693139e-05,414,1,1
1e-07,720,0.00573356636,0.00519613037,7.18179581e-05,414,1,1
1e-07,721,0.0057421322,0.00520405453,7.19427189e-05,414,1,1
1e-07,722,0.00575070223,0.00521197962,7.20676035e-05,414,1,1
1e-07,723,0.00575927366,0.00521990797,7.21926699e-05,414,1,1
1e-07,724,0.00576784555,0.00522783585,7.23176854e-05,414,1,1
1e-07,725,0.00577641744,0.00523576606,7.24427809e-05,414,1,1
1e-07,726,0.00578498887,0.00524369394,7.25680002e-05,414,1,1
1e-07,727,0.00579356495,0.00525162835,7.26933067e-05,414,1,1
1e-07,728,0.0058021429,0.00525956415,7.28185987e-05,414,1,1
1e-07,729,0.00581072783,0.005267506,7.29441017e-05,414,1,1
1e-07,730,0.00581930997,0.00527544552,7.30696338e-05,414,1,1
1e-07,731,0.0058278935,0.00528338784,7.31951732e-05,414,1,1
1e-07,732,0.00583647843,0.00529133109,7.33207708e-05,414,1,1
1e-07,733,0.00584506476,0.00529927528,7.34464629e-05,414,1,1
1e-07,734,0.00585366227,0.00530722877,7.35723515e-05,414,1,1
1e-07,735,0.00586224813,0.00531517435,7.36982329e-05,414,1,1
1e-07,736,0.00587084424,0.00532312877,7.38241943e-05,414,1,1
1e-07,737,0.00587943569,0.00533107994,7.3950112e-05,414,1,1
1e-07,738,0.00588803692,0.00533903949,7.40762698e-05,414,1,1
1e-07,739,0.00589663535,0.00534699718,7.4202515e-05,414,1,1
1e-07,740,0.00590524077,0.00535496045,7.43288401e-05,414,1,1
1e-07,741,0.00591384387,0.00536292279,7.44552744e-05,414,1,1
1e-07,742,0.00592244649,0.00537088513,7.45815123e-05,414,1,1
1e-07,743,0.00593105704,0.00537885493,7.47081358e-05,414,1,1
1e-07,744,0.00593966944,0.00538682612,7.48346647e-05,414,1,1
1e-07,745,0.00594827905,0.00539479544,7.49613828e-05,414,1,1
1e-07,746,0.00595689192,0.00540276896,7.5087999e-05,414,1,1
1e-07,747,0.0059655006,0.00541073736,7.52147898e-05,414,1,1
1e-07,748,0.00597412651,0.00541872159,7.53418281e-05,414,1,1
1e-07,749,0.00598274218,0.00542669743,7.54686625e-05,414,1,1
1e-07,750,0.00599135878,0.00543467514,7.55956862e-05,414,1,1
1e-07,751,0.00599998329,0.00544266077,7.57228627e-05,414,1,1
1e-07,752,0.00600861013,0.00545064779,7.58500319e-05,414,1,1
1e-07,753,0.00601724209,0.00545863854,7.59773829e-05,414,1,1
1e-07,754,0.00602586847,0.00546662649,7.61047195e-05,414,1,1
1e-07,755,0.00603449903,0.0054746191,7.62321069e-05,414,1,1
1e-07,756,0.00604312913,0.00548260938,7.63595162e-05,414,1,1
1e-07,757,0.00605176156,0.00549060432,7.64871802e-05,414,1,1
1e-07,758,0.00606039632,0.00549859973,7.66148223e-05,414,1,1
1e-07,759,0.00606903899,0.00550660398,7.674261e-05,414,1,1
1e-07,760,0.00607767515,0.00551459985,7.68703176e-05,414,1,1
1e-07,761,0.00608631084,0.00552259991,7.6998127e-05,414,1,1
1e-07,762,0.00609496003,0.00553060975,7.71261984e-05,414,1,1
1e-07,763,0.00610360969,0.00553862005,7.72543135e-05,414,1,1
1e-07,764,0.00611225702,0.00554662896,7.73824722e-05,414,1,1
1e-07,765,0.00612090388,0.00555463787,7.75105e-05,414,1,1
1e-07,766,0.00612956285,0.00556265889,7.7638957e-05,414,1,1
1e-07,767,0.00613821065,0.00557067152,7.77672249e-05,414,1,1
1e-07,768,0.00614687102,0.00557869207,7.78956746e-05,414,1,1
1e-07,769,0.00615552114,0.0055867061,7.80240371e-05,414,1,1
1e-07,770,0.00616418058,0.00559472851,7.81527051e-05,414,1,1
1e-07,771,0.00617284235,0.00560275279,7.82813368e-05,414,1,1
1e-07,772,0.00618150784,0.00561078126,7.84101867e-05,414,1,1
1e-07,773,0.00619017379,0.00561880926,7.85389857e-05,414,1,1
1e-07,774,0.0061988458,0.00562684471,7.86679011e-05,414,1,1
1e-07,775,0.00620750897,0.00563487131,7.87968384e-05,414,1,1
1e-07,776,0.00621617725,0.00564290304,7.8925812e-05,414,1,1
1e-07,777,0.0062248488,0.00565094082,7.90548947e-05,414,1,1
1e-07,778,0.006233525,0.00565898092,7.91842394e-05,414,1,1
1e-07,779,0.00624220306,0.00566702057,7.9313475e-05,414,1,1
1e-07,780,0.00625087507,0.00567505741,7.9442776e-05,414,1,1
1e-07,781,0.00625956338,0.0056831101,7.95722735e-05,414,1,1
1e-07,782,0.00626823818,0.0056911502,7.97017638e-05,414,1,1
1e-07,783,0.00627692975,0.00569920521,7.98314722e-05,414,1,1
1e-07,784,0.00628561527,0.0057072551,7.99610934e-05,414,1,1
1e-07,785,0.00629430125,0.00571530499,8.00907874e-05,414,1,1
1e-07,786,0.00630299002,0.00572335999,8.02206778e-05,414,1,1
1e-07,787,0.00631168485,0.00573141873,8.03505682e-05,414,1,1
1e-07,788,0.00632037921,0.00573947839,8.04805168e-05,414,1,1
1e-07,789,0.00632906891,0.00574753527,8.06105163e-05,414,1,1
1e-07,790,0.00633777305,0.00575560238,8.07406977e-05,414,1,1
1e-07,791,0.00634646975,0.00576366624,8.0870901e-05,414,1,1
1e-07,792,0.00635517249,0.00577173522,8.10012716e-05,414,1,1
1e-07,793,0.00636387849,0.0057798042,8.11316859e-05,414,1,1
1e-07,794,0.00637258263,0.00578787597,8.12620856e-05,414,1,1
1e-07,795,0.00638128817,0.00579594588,8.13926818e-05,414,1,1
1e-07,796,0.00638999511,0.00580402045,8.15231906e-05,414,1,1
1e-07,797,0.00639870763,0.00581209827,8.16539105e-05,414,1,1
1e-07,798,0.00640741969,0.0058201775,8.1784754e-05,414,1,1
1e-07,799,0.00641612988,0.00582825532,8.19154229e-05,414,1,1
1e-07,800,0.00642484985,0.00583634153,8.2046412e-05,414,1,1
1e-07,801,0.00643357495,0.00584443239,8.21775466e-05,414,1,1
1e-07,802,0.00644229818,0.00585252093,8.2308703e-05,414,1,1
1e-07,803,0.00645100931,0.00586060341,8.24396266e-05,414,1,1
1e-07,804,0.00645974139,0.00586870126,8.25709576e-05,414,1,1
1e-07,805,0.00646846695,0.00587679399,8.27022377e-05,414,1,1
1e-07,806,0.00647718785,0.00588488299,8.28335906e-05,414,1,1
1e-07,807,0.00648592273,0.00589298271,8.29651544e-05,414,1,1
1e-07,808,0.0064946604,0.00590108987,8.30967329e-05,414,1,1
1e-07,809,0.00650339248,0.00590918865,8.32283185e-05,414,1,1
1e-07,810,0.00651213154,0.00591729488,8.33600861e-05,414,1,1
1e-07,811,0.00652086595,0.00592539925,8.34917882e-05,414,1,1
1e-07,812,0.00652960781,0.00593350921,8.36236795e-05,414,1,1
1e-07,813,0.00653835014,0.0059416201,8.37555926e-05,414,1,1
1e-07,814,0.00654708641,0.0059497254,8.38876003e-05,414,1,1
1e-07,815,0.00655584084,0.00595784746,8.40197536e-05,414,1,1
1e-07,816,0.00656458456,0.00596596068,8.41519286e-05,414,1,1
1e-07,817,0.0065733362,0.00597408041,8.42842564e-05,414,1,1
1e-07,818,0.00658208877,0.00598220108,8.44165406e-05,414,1,1
1e-07,819,0.00659083715,0.00599032082,8.45489703e-05,414,1,1
1e-07,820,0.00659959204,0.00599844567,8.46815237e-05,414,1,1
1e-07,821,0.00660835439,0.00600657659,8.4814099e-05,414,1,1
1e-07,822,0.00661711348,0.00601470424,8.49467906e-05,414,1,1
1e-07,823,0.00662586885,0.00602283143,8.50794604e-05,414,1,1
1e-07,824,0.00663463399,0.00603096373,8.52122685e-05,414,1,1
1e-07,825,0.00664340425,0.00603910442,8.53451274e-05,414,1,1
1e-07,826,0.00665216846,0.0060472386,8.54781611e-05,414,1,1
1e-07,827,0.0066609364,0.00605537649,8.56111583e-05,414,1,1
1e-07,828,0.00666970573,0.00606351625,8.57442647e-05,414,1,1
1e-07,829,0.00667848345,0.00607166439,8.58775165e-05,414,1,1
1e-07,830,0.00668725977,0.00607981114,8.60109139e-05,414,1,1
1e-07,831,0.00669603515,0.00608795648,8.61442168e-05,414,1,1
1e-07,832,0.00670481753,0.00609610975,8.62776797e-05,414,1,1
1e-07,833,0.00671359198,0.00610425556,8.64112008e-05,414,1,1
1e-07,834,0.00672237389,0.00611240882,8.65448674e-05,414,1,1
1e-07,835,0.00673115952,0.00612056721,8.66783594e-05,414,1,1
1e-07,836,0.00673994562,0.00612872466,8.6812237e-05,414,1,1
1e-07,837,0.00674872892,0.00613688072,8.69460346e-05,414,1,1
1e-07,838,0.00675752852,0.00614504982,8.70800577e-05,414,1,1
1e-07,839,0.00676631834,0.00615321146,8.721419e-05,414,1,1
1e-07,840,0.00677511096,0.00616137544,8.73481549e-05,414,1,1
1e-07,841,0.00678390684,0.00616954546,8.74823527e-05,414,1,1
1e-07,842,0.00679270644,0.00617771596,8.76166087e-05,414,1,1
1e-07,843,0.00680151116,0.00618589111,8.77510247e-05,414,1,1
1e-07,844,0.00681030797,0.00619406113,8.78852807e-05,414,1,1
1e-07,845,0.00681911269,0.00620224001,8.80198277e-05,414,1,1
1e-07,846,0.00682792068,0.00621041935,8.8154382e-05,414,1,1
1e-07,847,0.00683672726,0.00621859962,8.82890308e-05,414,1,1
1e-07,848,0.00684553431,0.0062267785,8.84237015e-05,414,1,1
1e-07,849,0.00685434882,0.00623496529,8.85585978e-05,414,1,1
1e-07,850,0.00686316285,0.00624315487,8.86935086e-05,414,1,1
1e-07,851,0.00687198108,0.00625134492,8.88284485e-05,414,1,1
1e-07,852,0.00688079419,0.00625953171,8.89634321e-05,414,1,1
1e-07,853,0.00688961567,0.00626772735,8.90985903e-05,414,1,1
1e-07,854,0.00689843483,0.0062759202,8.9233763e-05,414,1,1
1e-07,855,0.00690726005,0.00628411863,8.93691322e-05,414,1,1
1e-07,856,0.00691606198,0.00629231846,8.95041521e-05,414,1,1
1e-07,857,0.00692490954,0.00630051643,8.96398415e-05,414,1,1
1e-07,858,0.00693373568,0.00630871952,8.97754144e-05,414,1,1
1e-07,859,0.00694257347,0.00631692726,8.99110455e-05,414,1,1
1e-07,860,0.00695140334,0.00632513501,9.00466766e-05,414,1,1
1e-07,861,0.00696024159,0.00633334601,9.01825042e-05,414,1,1
1e-07,862,0.0069690831,0.00634156261,9.03184336e-05,414,1,1
1e-07,863,0.0069779153,0.00634977128,9.04542976e-05,414,1,1
1e-07,864,0.0069867624,0.0063579916,9.05903289e-05,414,1,1
1e-07,865,0.00699559739,0.00636620307,9.07263529e-05,414,1,1
1e-07,866,0.00700444961,0.00637442758,9.0862588e-05,414,1,1
1e-07,867,0.00701329205,0.00638264557,9.09987866e-05,414,1,1
1e-07,868,0.00702213775,0.00639087055,9.11351599e-05,414,1,1
1e-07,869,0.00703099091,0.00639909692,9.12715623e-05,414,1,1
1e-07,870,0.00703983754,0.00640732329,9.14079574e-05,414,1,1
1e-07,871,0.00704870326,0.00641556131,9.1544709e-05,414,1,1
1e-07,872,0.00705755502,0.00642379094,9.16813078e-05,414,1,1
1e-07,873,0.00706640631,0.00643201964,9.18179067e-05,414,1,1
1e-07,874,0.00707527762,0.00644026697,9.19549493e-05,414,1,1
1e-07,875,0.0070841331,0.006448498,9.20916791e-05,414,1,1
1e-07,876,0.0070929965,0.00645673834,9.22286345e-05,414,1,1
1e-07,877,0.00710186828,0.00646498566,9.23657935e-05,414,1,1
1e-07,878,0.0071107382,0.00647323439,9.25029308e-05,414,1,1
1e-07,879,0.00711961277,0.00648148218,9.26402936e-05,414,1,1
1e-07,880,0.0071284771,0.00648972532,9.27775254e-05,414,1,1
1e-07,881,0.00713735353,0.00649798056,9.29147645e-05,414,1,1
1e-07,882,0.00714622717,0.00650622975,9.30522801e-05,414,1,1
1e-07,883,0.00715510221,0.00651448453,9.31897521e-05,414,1,1
1e-07,884,0.00716399262,0.00652275095,9.3327646e-05,414,1,1
1e-07,885,0.00717287092,0.00653100898,9.34651544e-05,414,1,1
1e-07,886,0.0071817548,0.00653927121,9.36029392e-05,413,1,1
1e-07,887,0.00719063589,0.00654753204,9.37408258e-05,414,1,1
1e-07,888,0.00719951885,0.00655579194,9.38786616e-05,414,1,1
1e-07,889,0.00720841298,0.00656406488,9.40168175e-05,414,1,1
1e-07,890,0.00721729826,0.00657232897,9.41548496e-05,414,1,1
1e-07,891,0.00722619984,0.00658060797,9.42931802e-05,414,1,1
1e-07,892,0.00723509118,0.00658887764,9.44313215e-05,414,1,1
1e-07,893,0.00724395365,0.00659714546,9.45691863e-05,414,1,1
1e-07,894,0.00725288689,0.0066054333,9.4708128e-05,414,1,1
1e-07,895,0.00726178847,0.00661371509,9.48466914e-05,414,1,1
1e-07,896,0.00727066537,0.00662199315,9.49848763e-05,414,1,1
1e-07,897,0.00727957021,0.00663028145,9.51232578e-05,414,1,1
1e-07,898,0.00728850625,0.00663856929,9.52626579e-05,414,1,1
1e-07,899,0.00729741203,0.00664685667,9.54014686e-05,414,1,1
1e-07,900,0.00730632758,0.00665515102,9.55405339e-05,414,1,1
1e-07,901,0.00731523801,0.00666344119,9.56793956e-05,414,1,1
1e-07,902,0.0073241489,0.00667173276,9.58184755e-05,414,1,1
1e-07,903,0.00733307051,0.00668003317,9.59577665e-05,414,1,1
1e-07,904,0.00734199351,0.00668833824,9.60970574e-05,413,1,1
1e-07,905,0.00735090487,0.00669663027,9.62361737e-05,414,1,1
1e-07,906,0.00735983066,0.0067049358,9.63756102e-05,414,1,1
1e-07,907,0.00736875646,0.00671324087,9.65151412e-05,414,1,1
1e-07,908,0.00737768319,0.0067215492,9.66547595e-05,414,1,1
1e-07,909,0.00738662109,0.00672986917,9.67946035e-05,413,1,1
1e-07,910,0.00739554223,0.00673817284,9.69341927e-05,414,1,1
1e-07,911,0.00740446849,0.00674647931,9.70739929e-05,413,1,1
1e-07,912,0.00741338171,0.00675480254,9.72134367e-05,414,1,1
1e-07,913,0.00742234848,0.00676312018,9.73539209e-05,414,1,1
1e-07,914,0.00743128266,0.00677143876,9.74938521e-05,413,1,1
1e-07,915,0.0074402038,0.00677976152,9.76338342e-05,414,1,1
1e-07,916,0.00744916359,0.00678808475,9.77742529e-05,414,1,1
1e-07,917,0.00745810755,0.00679640938,9.79146134e-05,414,1,1
1e-07,918,0.00746706221,0.00680474611,9.80550903e-05,414,1,1
1e-07,919,0.00747601176,0.00681307819,9.81956546e-05,414,1,1
1e-07,920,0.0074849478,0.00682139909,9.83360151e-05,413,1,1
1e-07,921,0.00749390712,0.00682974001,9.84766739e-05,414,1,1
1e-07,922,0.00750286458,0.00683808047,9.86175073e-05,414,1,1
1e-07,923,0.00751182344,0.00684642186,9.87584353e-05,414,1,1
1e-07,924,0.00752077531,0.00685475813,9.88991596e-05,414,1,1
1e-07,925,0.00752974302,0.00686310697,9.90402332e-05,413,1,1
1e-07,926,0.00753869629,0.0068714465,9.91811903e-05,414,1,1
1e-07,927,0.00754766446,0.00687979674,9.93223948e-05,413,1,1
1e-07,928,0.00755662844,0.00688814372,9.94635702e-05,413,1,1
1e-07,929,0.00756559847,0.00689649768,9.96048329e-05,414,1,1
1e-07,930,0.00757456711,0.00690485118,9.97462557e-05,414,1,1
1e-07,931,0.00758354086,0.00691320933,9.98877076e-05,413,1,1
1e-07,932,0.00759251276,0.00692156423,0.000100029334,413,1,1
1e-07,933,0.00760149164,0.00692992751,0.000100170888,413,1,1
1e-07,934,0.00761047145,0.00693829078,0.000100312653,413,1,1
1e-07,935,0.00761944428,0.00694665033,0.000100454308,414,1,1
1e-07,936,0.00762842968,0.00695501827,0.000100596277,413,1,1
1e-07,937,0.00763740484,0.00696338154,0.000100738114,413,1,1
1e-07,938,0.00764639955,0.00697175786,0.000100880308,413,1,1
1e-07,939,0.0076553775,0.00698012346,0.000101022357,413,1,1
1e-07,940,0.00766437314,0.00698850304,0.00010116458,414,1,1
1e-07,941,0.0076733646,0.00699687982,0.000101306883,413,1,1
1e-07,942,0.00768235885,0.00700526172,0.000101449346,413,1,1
1e-07,943,0.00769135496,0.0070136413,0.000101591744,413,1,1
1e-07,944,0.0077003534,0.00702202553,0.000101734309,413,1,1
1e-07,945,0.00770934997,0.0070304093,0.000101876911,414,1,1
1e-07,946,0.00771835493,0.00703879911,0.000102019651,413,1,1
1e-07,947,0.00772735756,0.00704718893,0.000102162376,413,1,1
1e-07,948,0.00773635786,0.0070555741,0.000102305232,413,1,1
1e-07,949,0.00774536841,0.0070639723,0.000102448306,413,1,1
1e-07,950,0.00775438128,0.00707237097,0.000102591315,413,1,1
1e-07,951,0.0077633881,0.00708076591,0.000102734353,413,1,1
1e-07,952,0.00777240377,0.00708916737,0.000102877617,413,1,1
1e-07,953,0.00778142037,0.00709757116,0.000103020968,413,1,1
1e-07,954,0.00779043604,0.00710597541,0.000103164246,413,1,1
1e-07,955,0.00779945403,0.00711438293,0.000103307742,413,1,1
1e-07,956,0.00780847901,0.00712279323,0.00010345129,413,1,1
1e-07,957,0.00781750027,0.00713120168,0.000103594874,413,1,1
1e-07,958,0.00782652292,0.00713961339,0.000103738632,413,1,1
1e-07,959,0.00783554837,0.00714802649,0.000103882332,413,1,1
1e-07,960,0.00784457847,0.00715644378,0.000104026287,413,1,1
1e-07,961,0.0078536123,0.00716486527,0.000104170183,413,1,1
1e-07,962,0.00786264986,0.00717329048,0.000104314335,413,1,1
1e-07,963,0.0078716781,0.00718171056,0.000104458435,413,1,1
1e-07,964,0.00788071007,0.00719013019,0.000104602492,413,1,1
1e-07,965,0.00788975134,0.00719855819,0.000104746832,413,1,1
1e-07,966,0.00789879542,0.00720699225,0.000104891275,413,1,1
1e-07,967,0.00790783297,0.00721541885,0.000105035688,413,1,1
1e-07,968,0.0079168845,0.00722386269,0.000105180305,413,1,1
1e-07,969,0.00792592671,0.00723229116,0.000105324842,413,1,1
1e-07,970,0.00793497823,0.00724073173,0.000105469611,413,1,1
1e-07,971,0.00794403069,0.00724917464,0.000105614403,413,1,1
1e-07,972,0.00795308501,0.00725761894,0.000105759362,413,1,1
1e-07,973,0.00796213839,0.00726606138,0.00010590427,413,1,1
1e-07,974,0.00797118712,0.00727450242,0.000106049229,413,1,1
1e-07,975,0.00798025541,0.0072829593,0.000106194479,413,1,1
1e-07,976,0.0079893088,0.00729140267,0.00010633959,413,1,1
1e-07,977,0.00799837522,0.00729986047,0.000106485037,413,1,1
1e-07,978,0.00800743978,0.00730831549,0.000106630367,413,1,1
1e-07,979,0.00801650155,0.0073167677,0.000106775631,413,1,1
1e-07,980,0.00802556891,0.00732522784,0.000106921281,413,1,1
1e-07,981,0.00803464092,0.0073336889,0.000107066895,413,1,1
1e-07,982,0.00804370828,0.00734214904,0.000107212494,413,1,1
1e-07,983,0.00805279333,0.00735062407,0.000107358464,413,1,1
1e-07,984,0.00806186628,0.00735908793,0.000107504253,413,1,1
1e-07,985,0.00807093922,0.00736755366,0.000107650201,413,1,1
1e-07,986,0.0080800252,0.00737603148,0.000107796404,413,1,1
1e-07,987,0.00808910746,0.00738450466,0.000107942542,413,1,1
1e-07,988,0.00809819065,0.00739297876,0.000108088723,413,1,1
1e-07,989,0.00810728036,0.00740146218,0.000108235057,413,1,1
1e-07,990,0.00811636075,0.00740993442,0.000108381348,413,1,1
1e-07,991,0.00812545884,0.00741842575,0.000108527915,413,1,1
1e-07,992,0.00813454576,0.00742690591,0.000108674387,413,1,1
1e-07,993,0.00814364385,0.00743539585,0.000108821114,413,1,1
1e-07,994,0.00815274008,0.00744388485,0.00010896779,413,1,1
1e-07,995,0.00816183165,0.00745237013,0.000109114582,413,1,1
1e-07,996,0.00817093346,0.00746086519,0.000109261331,413,1,1
1e-07,997,0.00818003993,0.00746936351,0.000109408466,413,1,1
1e-07,998,0.00818914641,0.00747786462,0.000109555644,413,1,1
1e-07,999,0.00819824543,0.00748635689,0.000109702647,413,1,1
1e-07,1000,0.00820735097,0.00749485707,0.000109849811,413,1,1
1e-07,1001,0.00821646489,0.0075033647,0.000109997265,413,1,1
1e-07,1002,0.00822558161,0.00751187606,0.000110144611,413,1,1
1e-07,1003,0.00823468715,0.00752037577,0.000110292109,413,1,1
1e-07,1004,0.00824380107,0.00752888434,0.000110439614,413,1,1
1e-07,1005,0.00825292245,0.00753739942,0.000110587353,413,1,1
1e-07,1006,0.00826204661,0.00754591916,0.000110735091,413,1,1
1e-07,1007,0.00827116612,0.00755443191,0.000110882902,413,1,1
1e-07,1008,0.00828028284,0.00756294467,0.000111030669,413,1,1
1e-07,1009,0.00828941632,0.00757147139,0.000111178742,413,1,1
1e-07,1010,0.00829854794,0.00757999904,0.000111326917,413,1,1
1e-07,1011,0.0083076749,0.00758852065,0.000111475048,413,1,1
1e-07,1012,0.00831680372,0.00759704551,0.000111623202,413,1,1
1e-07,1013,0.00832594186,0.00760557922,0.000111771682,413,1,1
1e-07,1014,0.00833507255,0.00761410641,0.000111919879,413,1,1
1e-07,1015,0.00834420789,0.00762263732,0.000112068497,413,1,1
1e-07,1016,0.00835335348,0.00763117895,0.000112217123,413,1,1
1e-07,1017,0.00836249627,0.00763971731,0.000112365808,413,1,1
1e-07,1018,0.0083716372,0.00764825568,0.000112514514,413,1,1
1e-07,1019,0.00838078465,0.0076567987,0.000112663423,413,1,1
1e-07,1020,0.00838993117,0.00766534079,0.000112812348,413,1,1
1e-07,1021,0.00839907769,0.00767388614,0.00011296133,413,1,1
1e-07,1022,0.00840824097,0.00768244592,0.000113110691,413,1,1
1e-07,1023,0.00841738656,0.00769098755,0.000113259601,413,1,1
1e-08,0,4.53932298e-05,0,0,890,1,1
1e-08,1,5.26518415e-05,6.54039422e-06,7.70012818e-08,890,1,1
1e-08,2,5.99121631e-05,1.30826129e-05,1.54059478e-07,890,1,1
1e-08,3,6.71748057e-05,1.96266337e-05,2.31175846e-07,890,1,1
1e-08,4,7.44387289e-05,2.61724726e-05,3.08348945e-07,890,1,1
1e-08,5,8.17049004e-05,3.27200833e-05,3.85579426e-07,890,1,1
1e-08,6,8.89724906e-05,3.92695329e-05,4.62868741e-07,890,1,1
1e-08,7,9.62416379e-05,4.58208342e-05,5.40214387e-07,890,1,1
1e-08,8,0.000103512531,5.23738927e-05,6.17618241e-07,890,1,1
1e-08,9,0.000110785506,5.89287483e-05,6.95078995e-07,890,1,1
1e-08,10,0.000118059674,6.54854666e-05,7.72596252e-07,890,1,1
1e-08,11,0.000125335777,7.20439566e-05,8.50170295e-07,890,1,1
1e-08,12,0.000132613524,7.86042074e-05,9.2780391e-07,890,1,1
1e-08,13,0.000139893629,8.51663863e-05,1.0054971e-06,890,1,1
1e-08,14,0.000147175,9.17303623e-05,1.08324502e-06,890,1,1
1e-08,15,0.000154458234,9.82963102e-05,1.16105389e-06,890,1,1
1e-08,16,0.0001617425,0.000104863546,1.23891414e-06,890,1,1
1e-08,17,0.000169029037,0.000111433008,1.31683635e-06,890,1,1
1e-08,18,0.00017631751,0.000118004325,1.39481688e-06,890,1,1
1e-08,19,0.000183607335,0.000124577142,1.47285107e-06,890,1,1
1e-08,20,0.000190899504,0.000131152177,1.5509512e-06,890,1,1
1e-08,21,0.000198193113,0.000137728872,1.62910328e-06,890,1,1
1e-08,22,0.000205488002,0.000144307211,1.70731391e-06,890,1,1
1e-08,23,0.000212784871,0.000150887368,1.78558071e-06,890,1,1
1e-08,24,0.00022008385,0.000157469549,1.8639106e-06,890,1,1
1e-08,25,0.000227384109,0.000164053519,1.94229187e-06,890,1,1
1e-08,26,0.000234686115,0.000170639076,2.02073329e-06,890,1,1
1e-08,27,0.000241989823,0.000177226553,2.09923337e-06,890,1,1
1e-08,28,0.000249295525,0.000183815995,2.17779325e-06,890,1,1
1e-08,29,0.000256602827,0.000190407227,2.25640974e-06,890,1,1
1e-08,30,0.000263912196,0.000197000292,2.33508422e-06,890,1,1
1e-08,31,0.000271222234,0.000203594784,2.41381326e-06,890,1,1
1e-08,32,0.000278534892,0.000210191443,2.49260165e-06,890,1,1
1e-08,33,0.000285849033,0.000216789966,2.5714512e-06,890,1,1
1e-08,34,0.000293164921,0.000223390161,2.65035897e-06,890,1,1
1e-08,35,0.00030048273,0.000229992191,2.72932243e-06,890,1,1
1e-08,36,0.000307802315,0.000236596257,2.80834843e-06,890,1,1
1e-08,37,0.000315123092,0.000243201735,2.88742763e-06,890,1,1
1e-08,38,0.000322446169,0.000249809382,2.96656481e-06,890,1,1
1e-08,39,0.000329771108,0.000256418891,3.04576292e-06,890,1,1
1e-08,40,0.000337097328,0.00026303,3.12501948e-06,890,1,1
1e-08,41,0.000344425847,0.000269643177,3.20433651e-06,890,1,1
1e-08,42,0.000351754978,0.000276257721,3.28370197e-06,890,1,1
1e-08,43,0.000359086756,0.000282874476,3.36314019e-06,890,1,1
1e-08,44,0.000366420631,0.00028949324,3.44263208e-06,890,1,1
1e-08,45,0.000373754796,0.000296112994,3.5221683e-06,890,1,1
1e-08,46,0.000381091202,0.000302734843,3.60177319e-06,890,1,1
1e-08,47,0.000388430257,0.00030935934,3.68144379e-06,890,1,1
1e-08,48,0.000395769894,0.000315984478,3.76116077e-06,890,1,1
1e-08,49,0.000403112383,0.00032261241,3.84094164e-06,890,1,1
1e-08,50,0.000410456007,0.000329241884,3.92078528e-06,890,1,1
1e-08,51,0.000417801348,0.000335872959,4.00068257e-06,890,1,1
1e-08,52,0.000425148552,0.000342506071,4.08063306e-06,890,1,1
1e-08,53,0.000432497996,0.000349141337,4.16065495e-06,890,1,1
1e-08,54,0.000439847528,0.000355777302,4.24071504e-06,890,1,1
1e-08,55,0.000447200408,0.000362416089,4.32085562e-06,890,1,1
1e-08,56,0.000454554829,0.000369056477,4.40104759e-06,890,1,1
1e-08,57,0.000461910531,0.000375698553,4.4812964e-06,890,1,1
1e-08,58,0.000469268038,0.00038234255,4.56161251e-06,890,1,1
1e-08,59,0.000476627611,0.000388988614,4.64198001e-06,890,1,1
1e-08,60,0.000483988348,0.000395636045,4.72239526e-06,890,1,1
1e-08,61,0.000491352053,0.000402286154,4.80289327e-06,890,1,1
1e-08,62,0.000498715322,0.000408936758,4.88341539e-06,890,1,1
1e-08,63,0.000506081793,0.000415589748,4.9640239e-06,890,1,1
1e-08,64,0.000513449719,0.000422244746,5.04468062e-06,890,1,1
1e-08,65,0.000520819274,0.000428901229,5.12540282e-06,890,1,1
1e-08,66,0.000528191391,0.00043556036,5.20619051e-06,890,1,1
1e-08,67,0.000535564439,0.000442220509,5.28701958e-06,890,1,1
1e-08,68,0.000542939582,0.000448883191,5.36791822e-06,890,1,1
1e-08,69,0.000550316356,0.000455547182,5.44887507e-06,890,1,1
1e-08,70,0.000557694933,0.000462213065,5.52989559e-06,890,1,1
1e-08,71,0.000565074733,0.00046888052,5.61095476e-06,890,1,1
1e-08,72,0.000572456804,0.000475550245,5.69210124e-06,890,1,1
1e-08,73,0.000579840795,0.000482221774,5.77328501e-06,890,1,1
1e-08,74,0.000587225775,0.000488894817,5.85453154e-06,890,1,1
1e-08,75,0.000594613142,0.000495570072,5.93584809e-06,890,1,1
1e-08,76,0.000602002372,0.000502247014,6.0172174e-06,890,1,1
1e-08,77,0.000609392533,0.000508925295,6.09864264e-06,890,1,1
1e-08,78,0.000616785372,0.000515606254,6.18013155e-06,890,1,1
1e-08,79,0.000624178967,0.000522288377,6.26166411e-06,890,1,1
1e-08,80,0.000631575414,0.000528972887,6.34327489e-06,890,1,1
1e-08,81,0.000638973026,0.000535658968,6.42495297e-06,890,1,1
1e-08,82,0.000646371802,0.000542346563,6.50665879e-06,890,1,1
1e-08,83,0.000653773546,0.000549036486,6.58844829e-06,890,1,1
1e-08,84,0.000661175523,0.000555727747,6.67028371e-06,890,1,1
1e-08,85,0.000668580935,0.00056242157,6.75219144e-06,890,1,1
1e-08,86,0.000675986754,0.000569116324,6.83414191e-06,890,1,1
1e-08,87,0.000683395541,0.000575813989,6.91617015e-06,890,1,1
1e-08,88,0.000690805318,0.000582512876,6.99825796e-06,890,1,1
1e-08,89,0.000698216551,0.000589213392,7.08039352e-06,890,1,1
1e-08,90,0.000705630751,0.00059591647,7.16258819e-06,890,1,1
1e-08,91,0.000713044545,0.000602619955,7.24484153e-06,890,1,1
1e-08,92,0.00072046055,0.000609325652,7.32715807e-06,890,1,1
1e-08,93,0.000727880048,0.000616034435,7.40953101e-06,890,1,1
1e-08,94,0.000735300768,0.000622744672,7.49196806e-06,890,1,1
1e-08,95,0.000742721779,0.000629455491,7.57445741e-06,890,1,1
1e-08,96,0.000750145409,0.00063616893,7.65701043e-06,890,1,1
1e-08,97,0.000757571834,0.000642885105,7.73963257e-06,890,1,1
1e-08,98,0.000765000528,0.000649603375,7.82233565e-06,890,1,1
1e-08,99,0.000772428641,0.000656321819,7.90505601e-06,890,1,1
1e-08,100,0.000779858907,0.000663042127,7.98784458e-06,890,1,1
1e-08,101,0.000787292025,0.000669765286,8.07071319e-06,890,1,1
1e-08,102,0.000794725318,0.000676489493,8.15361182e-06,890,1,1
1e-08,103,0.000802161987,0.000683216203,8.23658775e-06,890,1,1
1e-08,104,0.000809599762,0.000689944602,8.31962461e-06,890,1,1
1e-08,105,0.000817039632,0.000696674746,8.40270604e-06,890,1,1
1e-08,106,0.000824480143,0.000703406113,8.48585114e-06,890,1,1
1e-08,107,0.000831924437,0.000710141088,8.56907445e-06,890,1,1
1e-08,108,0.000839369022,0.000716876704,8.65234324e-06,890,1,1
1e-08,109,0.000846815587,0.000723613892,8.73568479e-06,890,1,1
1e-08,110,0.000854263199,0.000730352767,8.81907636e-06,890,1,1
1e-08,111,0.000861713663,0.000737094204,8.90253159e-06,890,1,1
1e-08,112,0.000869165524,0.00074383727,8.98604867e-06,890,1,1
1e-08,113,0.000876619655,0.000750582723,9.06963305e-06,890,1,1
1e-08,114,0.000884074601,0.000757328991,9.15324017e-06,890,1,1
1e-08,115,0.000891531934,0.000764077937,9.23693369e-06,890,1,1
1e-08,116,0.000898991188,0.000770828396,9.32068906e-06,890,1,1
1e-08,117,0.000906450616,0.000777580193,9.40449991e-06,890,1,1
1e-08,118,0.00091391243,0.000784333504,9.48836532e-06,890,1,1
1e-08,119,0.000921378552,0.000791091123,9.57232078e-06,890,1,1
1e-08,120,0.000928842812,0.000797848043,9.65630261e-06,890,1,1
1e-08,121,0.000936310564,0.000804607465,9.74035447e-06,890,1,1
1e-08,122,0.000943778723,0.000811368169,9.82444999e-06,890,1,1
1e-08,123,0.000951250899,0.000818132306,9.90863919e-06,890,1,1
1e-08,124,0.000958722958,0.000824896561,9.99286294e-06,890,1,1
1e-08,125,0.000966198626,0.000831664656,1.00771631e-05,890,1,1
1e-08,126,0.000973674876,0.000838433276,1.0161516e-05,890,1,1
1e-08,127,0.000981152756,0.000845203642,1.02459189e-05,890,1,1
1e-08,128,0.000988632208,0.000851976161,1.03303882e-05,890,1,1
1e-08,129,0.000996114337,0.000858750951,1.04149467e-05,890,1,1
1e-08,130,0.00100359728,0.000865527021,1.04995197e-05,890,1,1
1e-08,131,0.00101108337,0.000872305885,1.05841982e-05,890,1,1
1e-08,132,0.00101856899,0.000879084575,1.0668904e-05,890,1,1
1e-08,133,0.00102605752,0.000885866233,1.07536816e-05,890,1,1
1e-08,134,0.0010335485,0.000892650452,1.08385375e-05,890,1,1
1e-08,135,0.00104104134,0.000899436418,1.09234397e-05,890,1,1
1e-08,136,0.00104853476,0.000906223198,1.10083802e-05,890,1,1
1e-08,137,0.00105602958,0.000913011667,1.10933797e-05,890,1,1
1e-08,138,0.00106352789,0.000919803511,1.11785048e-05,890,1,1
1e-08,139,0.00107102771,0.000926596927,1.12636326e-05,890,1,1
1e-08,140,0.00107852754,0.000933390576,1.13488313e-05,890,1,1
1e-08,141,0.00108603039,0.000940187543,1.14340755e-05,890,1,1
1e-08,142,0.0010935344,0.000946985383,1.15193952e-05,890,1,1
1e-08,143,0.00110103027,0.000953785377,1.16047358e-05,890,1,1
1e-08,144,0.00110853906,0.000960587233,1.16901765e-05,890,1,1
1e-08,145,0.00111605879,0.000967392116,1.17757345e-05,890,1,1
1e-08,146,0.00112355978,0.000974197988,1.18612606e-05,890,1,1
1e-08,147,0.00113108382,0.000981005724,1.19469269e-05,890,1,1
1e-08,148,0.00113859854,0.000987814739,1.20326085e-05,890,1,1
1e-08,149,0.00114611688,0.00099462783,1.21183984e-05,890,1,1
1e-08,150,0.00115363498,0.00100144092,1.22041838e-05,890,1,1
1e-08,151,0.00116114644,0.00100825517,1.22900301e-05,890,1,1
1e-08,152,0.0011686763,0.00101507141,1.23759692e-05,890,1,1
1e-08,153,0.00117619871,0.00102188939,1.2461951e-05,890,1,1
1e-08,154,0.00118372624,0.00102871167,1.25480246e-05,890,1,1
1e-08,155,0.00119125226,0.00103553315,1.26341247e-05,890,1,1
1e-08,156,0.00119878235,0.00104235834,1.27202966e-05,890,1,1
1e-08,157,0.00120631326,0.00104918459,1.28065449e-05,890,1,1
1e-08,158,0.00121383392,0.00105601118,1.28927877e-05,890,1,1
1e-08,159,0.00122138113,0.00106284302,1.29792325e-05,890,1,1
1e-08,160,0.00122890482,0.00106967404,1.30655517e-05,890,1,1
1e-08,161,0.00123645377,0.00107650738,1.31521083e-05,889,1,1
1e-08,162,0.00124399294,0.00108334247,1.32386403e-05,890,1,1
1e-08,163,0.00125153549,0.00109018071,1.33252515e-05,890,1,1
1e-08,164,0.00125907909,0.00109702023,1.34119064e-05,890,1,1
1e-08,165,0.00126662455,0.00110386137,1.34986385e-05,890,1,1
1e-08,166,0.00127416849,0.00111070217,1.35854034e-05,890,1,1
1e-08,167,0.00128171779,0.00111754762,1.36722329e-05,889,1,1
1e-08,168,0.00128925813,0.00112439436,1.3759126e-05,890,1,1
1e-08,169,0.00129682256,0.00113124494,1.3846161e-05,889,1,1
1e-08,170,0.00130437396,0.00113809307,1.39331696e-05,890,1,1
1e-08,171,0.00131191825,0.00114494516,1.40201992e-05,890,1,1
1e-08,172,0.00131947617,0.00115180027,1.41073742e-05,890,1,1
1e-08,173,0.00132704922,0.0011586583,1.41946521e-05,890,1,1
1e-08,174,0.00133460807,0.00116551411,1.42819245e-05,889,1,1
1e-08,175,0.0013421732,0.00117237587,1.43692887e-05,890,1,1
1e-08,176,0.00134973589,0.00117923552,1.44566666e-05,890,1,1
1e-08,177,0.00135730254,0.00118609925,1.45441427e-05,890,1,1
1e-08,178,0.0013648693,0.00119296403,1.46316415e-05,889,1,1
1e-08,179,0.00137243886,0.00119983114,1.47192277e-05,890,1,1
1e-08,180,0.00138001214,0.00120670127,1.48069121e-05,889,1,1
1e-08,181,0.00138758495,0.00121357187,1.48946046e-05,889,1,1
1e-08,182,0.00139515859,0.00122044317,1.49823518e-05,889,1,1
1e-08,183,0.00140273478,0.00122731726,1.50701762e-05,889,1,1
1e-08,184,0.00141031609,0.00123419589,1.51581044e-05,889,1,1
1e-08,185,0.00141789322,0.0012410715,1.52460379e-05,889,1,1
1e-08,186,0.00142547814,0.00124795409,1.53340643e-05,889,1,1
1e-08,187,0.0014330612,0.0012548354,1.5422158e-05,889,1,1
1e-08,188,0.00144064531,0.00126171822,1.55102607e-05,889,1,1
1e-08,189,0.00144823524,0.00126860593,1.55985053e-05,889,1,1
1e-08,190,0.00145582517,0.00127549411,1.568675e-05,889,1,1
1e-08,191,0.0014634151,0.00128238264,1.57750983e-05,889,1,1
1e-08,192,0.00147100829,0.00128927443,1.58634739e-05,889,1,1
1e-08,193,0.00147860229,0.00129616703,1.59519113e-05,889,1,1
1e-08,194,0.00148619805,0.00130306149,1.60404252e-05,889,1,1
1e-08,195,0.0014937938,0.00130995666,1.61290009e-05,889,1,1
1e-08,196,0.00150139595,0.00131685752,1.62176475e-05,889,1,1
1e-08,197,0.00150900066,0.00132376095,1.63063614e-05,889,1,1
1e-08,198,0.00151660072,0.00133066089,1.63951063e-05,889,1,1
1e-08,199,0.00152420392,0.0013375635,1.64838711e-05,889,1,1
1e-08,200,0.00153181376,0.00134447205,1.65728325e-05,889,1,1
1e-08,201,0.00153942069,0.00135137851,1.66617465e-05,889,1,1
1e-08,202,0.00154703017,0.00135828787,1.67507533e-05,889,1,1
1e-08,203,0.00155464653,0.00136520341,1.68398801e-05,889,1,1
1e-08,204,0.00156225858,0.00137211545,1.69290106e-05,889,1,1
1e-08,205,0.00156987482,0.00137903122,1.70181847e-05,889,1,1
1e-08,206,0.00157749152,0.00138594816,1.71074425e-05,889,1,1
1e-08,207,0.00158510916,0.00139286625,1.71967113e-05,889,1,1
1e-08,208,0.00159273029,0.00139978714,1.72861255e-05,889,1,1
1e-08,209,0.00160035421,0.00140671153,1.73755816e-05,889,1,1
1e-08,210,0.0016079807,0.00141363777,1.74651086e-05,889,1,1
1e-08,211,0.00161560695,0.00142056448,1.75546811e-05,889,1,1
1e-08,212,0.00162323413,0.00142749248,1.76442754e-05,889,1,1
1e-08,213,0.00163086317,0.0014344221,1.7733968e-05,889,1,1
1e-08,214,0.00163849758,0.00144135708,1.78237569e-05,889,1,1
1e-08,215,0.00164612941,0.00144828972,1.79135568e-05,889,1,1
1e-08,216,0.00165376568,0.00145522715,1.80034549e-05,889,1,1
1e-08,217,0.00166140357,0.00146216585,1.80934112e-05,889,1,1
1e-08,218,0.00166903937,0.00146910315,1.81833711e-05,889,1,1
1e-08,219,0.00167668122,0.00147604605,1.82734329e-05,889,1,1
1e-08,220,0.00168432307,0.00148298894,1.83636057e-05,889,1,1
1e-08,221,0.00169196888,0.00148993614,1.84538112e-05,889,1,1
1e-08,222,0.00169961259,0.00149688171,1.85440113e-05,889,1,1
1e-08,223,0.00170726236,0.00150383252,1.86343841e-05,889,1,1
1e-08,224,0.00171491061,0.00151078287,1.87247442e-05,889,1,1
1e-08,225,0.00172256317,0.00151773705,1.88152189e-05,889,1,1
1e-08,226,0.00173021737,0.00152469298,1.89057282e-05,889,1,1
1e-08,227,0.00173786946,0.00153164729,1.89962811e-05,889,1,1
1e-08,228,0.00174552808,0.00153860787,1.90869468e-05,889,1,1
1e-08,229,0.00175318378,0.00154556625,1.91775835e-05,889,1,1
1e-08,230,0.00176084647,0.00155253045,1.92683747e-05,889,1,1
1e-08,231,0.00176850753,0.00155949418,1.93591895e-05,889,1,1
1e-08,232,0.0017761708,0.00156645977,1.94500608e-05,889,1,1
1e-08,233,0.0017838378,0.00157342909,1.95410485e-05,889,1,1
1e-08,234,0.00179150293,0.00158039725,1.96320398e-05,889,1,1
1e-08,235,0.00179917458,0.00158737123,1.97231311e-05,889,1,1
1e-08,236,0.00180684461,0.00159434427,1.98142479e-05,889,1,1
1e-08,237,0.00181451789,0.00160132057,1.9905463e-05,889,1,1
1e-08,238,0.00182219408,0.00160829944,1.99967508e-05,889,1,1
1e-08,239,0.00182986935,0.00161527784,2.00880731e-05,889,1,1
1e-08,240,0.00183754729,0.00162225927,2.01794646e-05,889,1,1
1e-08,241,0.00184522616,0.00162924174,2.02709161e-05,889,1,1
1e-08,242,0.00185290608,0.0016362248,2.03623895e-05,889,1,1
1e-08,243,0.00186058995,0.0016432124,2.04539683e-05,889,1,1
1e-08,244,0.00186827604,0.00165020174,2.05456181e-05,889,1,1
1e-08,245,0.00187596295,0.00165719236,2.06373388e-05,889,1,1
1e-08,246,0.00188365078,0.00166418427,2.07290959e-05,889,1,1
1e-08,247,0.0018913442,0.00167118106,2.08209804e-05,889,1,1
1e-08,248,0.00189903309,0.00167817483,2.0912792e-05,889,1,1
1e-08,249,0.0019067314,0.00168517628,2.10048074e-05,889,1,1
1e-08,250,0.00191442599,0.00169217552,2.10968465e-05,889,1,1
1e-08,251,0.00192212278,0.00169917638,2.1188931e-05,889,1,1
1e-08,252,0.00192982203,0.00170618074,2.12810883e-05,889,1,1
1e-08,253,0.00193752197,0.00171318522,2.13732746e-05,889,1,1
1e-08,254,0.00194522645,0.00172019354,2.14655702e-05,889,1,1
1e-08,255,0.00195293047,0.00172720291,2.15578857e-05,889,1,1
1e-08,256,0.00196063588,0.00173421309,2.16502722e-05,889,1,1
1e-08,257,0.00196834607,0.00174122781,2.17427569e-05,889,1,1
1e-08,258,0.00197605649,0.00174824323,2.18352998e-05,889,1,1
1e-08,259,0.00198376761,0.00175525947,2.19278627e-05,889,1,1
1e-08,260,0.00199148036,0.00176227768,2.20205256e-05,889,1,1
1e-08,261,0.00199919706,0.00176929985,2.21132705e-05,889,1,1
1e-08,262,0.0020069147,0.00177632226,2.22060498e-05,889,1,1
1e-08,263,0.0020146328,0.00178334652,2.22989256e-05,889,1,1
1e-08,264,0.00202235486,0.00179037428,2.23918287e-05,889,1,1
1e-08,265,0.00203007832,0.00179740286,2.24848063e-05,889,1,1
1e-08,266,0.00203780155,0.00180443143,2.25778385e-05,889,1,1
1e-08,267,0.00204552896,0.00181146525,2.26709453e-05,889,1,1
1e-08,268,0.00205325731,0.0018184993,2.27641176e-05,889,1,1
1e-08,269,0.00206098449,0.00182553311,2.28573244e-05,889,1,1
1e-08,270,0.00206871796,0.00183257228,2.29506259e-05,889,1,1
1e-08,271,0.0020764519,0.00183961273,2.30440019e-05,889,1,1
1e-08,272,0.00208418793,0.00184665481,2.31374543e-05,889,1,1
1e-08,273,0.0020919235,0.00185369723,2.32309012e-05,889,1,1
1e-08,274,0.00209966139,0.00186074153,2.33244627e-05,889,1,1
1e-08,275,0.00210740441,0.00186779082,2.34181189e-05,889,1,1
1e-08,276,0.00211514719,0.00187484047,2.35117786e-05,889,1,1
1e-08,277,0.00212288927,0.00188188942,2.36054984e-05,889,1,1
1e-08,278,0.00213063741,0.0018889443,2.36993583e-05,889,1,1
1e-08,279,0.00213838392,0.00189599872,2.37932072e-05,889,1,1
1e-08,280,0.00214613276,0.00190305442,2.38871162e-05,889,1,1
1e-08,281,0.00215388485,0.00191011373,2.39811197e-05,889,1,1
1e-08,282,0.00216163602,0.00191717269,2.40751488e-05,889,1,1
1e-08,283,0.002169393,0.00192423712,2.41693142e-05,889,1,1
1e-08,284,0.00217715069,0.00193130167,2.42635233e-05,889,1,1
1e-08,285,0.0021849086,0.00193836726,2.43577761e-05,889,1,1
1e-08,286,0.00219266699,0.00194543449,2.44520506e-05,889,1,1
1e-08,287,0.00220042979,0.00195250462,2.45464544e-05,889,1,1
1e-08,288,0.0022081947,0.00195957744,2.46409472e-05,889,1,1
1e-08,289,0.00221596076,0.00196665176,2.47354546e-05,889,1,1
1e-08,290,0.00222372916,0.00197372795,2.48300039e-05,889,1,1
1e-08,291,0.00223149802,0.00198080507,2.49246605e-05,889,1,1
1e-08,292,0.00223927014,0.00198788545,2.50193953e-05,889,1,1
1e-08,293,0.00224704086,0.0019949649,2.51141464e-05,889,1,1
1e-08,294,0.00225481624,0.00200204877,2.52090231e-05,889,1,1
1e-08,295,0.00226259325,0.00200913381,2.53038997e-05,889,1,1
1e-08,296,0.00227037212,0.0020162221,2.53988783e-05,889,1,1
1e-08,297,0.00227815052,0.00202330947,2.54938623e-05,889,1,1
1e-08,298,0.00228592986,0.002030398,2.55889354e-05,889,1,1
1e-08,299,0.00229371805,0.00203749468,2.56841922e-05,889,1,1
1e-08,300,0.00230150274,0.00204458903,2.57793672e-05,889,1,1
1e-08,301,0.00230928906,0.00205168454,2.58746586e-05,889,1,1
1e-08,302,0.00231708004,0.00205878471,2.59700009e-05,889,1,1
1e-08,303,0.00232486799,0.00206588255,2.60653978e-05,889,1,1
1e-08,304,0.00233266223,0.00207298552,2.61609202e-05,889,1,1
1e-08,305,0.00234045438,0.00208008825,2.6256419e-05,889,1,1
1e-08,306,0.00234825234,0.00208719564,2.63520524e-05,889,1,1
1e-08,307,0.00235605193,0.00209430465,2.6447764e-05,889,1,1
1e-08,308,0.0023638492,0.00210141251,2.65434937e-05,889,1,1
1e-08,309,0.00237164996,0.00210852339,2.6639229e-05,889,1,1
1e-08,310,0.00237945747,0.00211564079,2.67351643e-05,889,1,1
1e-08,311,0.00238726195,0.0021227554,2.68311196e-05,889,1,1
1e-08,312,0.00239505898,0.00212987233,2.69270095e-05,889,1,1
1e-08,313,0.00240287813,0.00213699276,2.70231576e-05,889,1,1
1e-08,314,0.00241068727,0.00214411248,2.71192894e-05,889,1,1
1e-08,315,0.00241849921,0.00215123501,2.7215503e-05,889,1,1
1e-08,316,0.00242631533,0.00215836195,2.73117403e-05,889,1,1
1e-08,317,0.00243413285,0.0021654903,2.74081431e-05,889,1,1
1e-08,318,0.00244194898,0.00217261724,2.75044986e-05,889,1,1
1e-08,319,0.00244976045,0.00217974884,2.76008304e-05,889,1,1
1e-08,320,0.00245759124,0.00218688208,2.76974588e-05,889,1,1
1e-08,321,0.00246541551,0.00219401787,2.77940781e-05,889,1,1
1e-08,322,0.0024732342,0.00220114831,2.78906427e-05,889,1,1
1e-08,323,0.00248105754,0.00220829016,2.7987342e-05,889,1,1
1e-08,324,0.00248889509,0.00221543154,2.80842251e-05,889,1,1
1e-08,325,0.00249672844,0.00222257664,2.81811135e-05,889,1,1
1e-08,326,0.00250455784,0.00222971803,2.82779656e-05,889,1,1
1e-08,327,0.00251239026,0.00223686243,2.83749596e-05,889,1,1
1e-08,328,0.00252022804,0.0022440122,2.84719972e-05,889,1,1
1e-08,329,0.00252806745,0.00225116359,2.85691331e-05,889,1,1
1e-08,330,0.00253590499,0.00225831335,2.86662762e-05,889,1,1
1e-08,331,0.00254374673,0.00226546731,2.87635121e-05,888,1,1
1e-08,332,0.00255159265,0.00227262569,2.88608553e-05,888,1,1
1e-08,333,0.00255943486,0.00227978057,2.89582003e-05,889,1,1
1e-08,334,0.00256728148,0.00228693965,2.90556436e-05,888,1,1
1e-08,335,0.00257512811,0.00229409942,2.91531196e-05,889,1,1
1e-08,336,0.00258297636,0.0023012599,2.92506938e-05,888,1,1
1e-08,337,0.00259083463,0.00230843131,2.9348379e-05,888,1,1
1e-08,338,0.00259868498,0.00231559458,2.94459969e-05,889,1,1
1e-08,339,0.00260654115,0.00232276437,2.95438113e-05,888,1,1
1e-08,340,0.00261439942,0.00232993579,2.96416092e-05,889,1,1
1e-08,341,0.00262225699,0.0023371065,2.97394818e-05,889,1,1
1e-08,342,0.00263012177,0.00234428467,2.98374889e-05,888,1,1
1e-08,343,0.00263798097,0.00235145772,2.99355015e-05,888,1,1
1e-08,344,0.00264584646,0.00235863659,3.00336087e-05,888,1,1
1e-08,345,0.00265371497,0.00236581895,3.01317541e-05,888,1,1
1e-08,346,0.00266157999,0.00237299828,3.02299704e-05,888,1,1
1e-08,347,0.00266945688,0.00238018832,3.03283105e-05,888,1,1
1e-08,348,0.00267732376,0.00238736998,3.04266268e-05,888,1,1
1e-08,349,0.00268519996,0.00239455979,3.05250469e-05,888,1,1
1e-08,350,0.00269308011,0.00240175426,3.06235888e-05,888,1,1
1e-08,351,0.00270095305,0.00240894151,3.07221417e-05,889,1,1
1e-08,352,0.00270883413,0.00241613667,3.082076e-05,888,1,1
1e-08,353,0.00271671452,0.00242333184,3.09194475e-05,888,1,1
1e-08,354,0.00272460049,0.00243053236,3.10182259e-05,888,1,1
1e-08,355,0.00273248204,0.00243772892,3.11170188e-05,888,1,1
1e-08,356,0.00274037244,0.0024449341,3.12159209e-05,888,1,1
1e-08,357,0.00274825911,0.00245213555,3.13148485e-05,888,1,1
1e-08,358,0.00275614532,0.00245933724,3.14138488e-05,888,1,1
1e-08,359,0.00276404177,0.00246654893,3.15129582e-05,888,1,1
1e-08,360,0.00277193426,0.00247375621,3.16121441e-05,888,1,1
1e-08,361,0.00277982862,0.0024809665,3.17113372e-05,888,1,1
1e-08,362,0.00278772623,0.00248817913,3.18105849e-05,888,1,1
1e-08,363,0.00279562501,0.00249539386,3.1909909e-05,888,1,1
1e-08,364,0.00280352915,0.00250261347,3.20094005e-05,888,1,1
1e-08,365,0.00281143165,0.00250983215,3.21088119e-05,888,1,1
1e-08,366,0.00281933183,0.00251704874,3.22083397e-05,888,1,1
1e-08,367,0.00282724504,0.00252427696,3.23080349e-05,888,1,1
1e-08,368,0.00283515221,0.00253150077,3.24076864e-05,888,1,1
1e-08,369,0.0028430582,0.00253872317,3.2507407e-05,888,1,1
1e-08,370,0.00285097235,0.0025459535,3.26072222e-05,888,1,1
1e-08,371,0.00285888859,0.00255318591,3.27071757e-05,888,1,1
1e-08,372,0.00286680204,0.00256041577,3.28070928e-05,888,1,1
1e-08,373,0.00287471781,0.00256764842,3.2907119e-05,888,1,1
1e-08,374,0.00288263545,0.00257488317,3.3007098e-05,888,1,1
1e-08,375,0.00289056078,0.00258212513,3.31073534e-05,888,1,1
1e-08,376,0.00289847958,0.00258936128,3.32074778e-05,888,1,1
1e-08,377,0.00290640746,0.00259660603,3.33077987e-05,888,1,1
1e-08,378,0.00291433302,0.00260384893,3.34081851e-05,888,1,1
1e-08,379,0.00292226183,0.00261109485,3.35086006e-05,888,1,1
1e-08,380,0.00293018995,0.00261834054,3.36090125e-05,888,1,1
1e-08,381,0.00293812226,0.00262559066,3.37095444e-05,888,1,1
1e-08,382,0.00294605782,0.00263284333,3.38101818e-05,888,1,1
1e-08,383,0.00295399735,0.00264009996,3.39109574e-05,888,1,1
1e-08,384,0.00296193431,0.00264735473,3.40117003e-05,888,1,1
1e-08,385,0.00296987174,0.00265461067,3.41124432e-05,888,1,1
1e-08,386,0.0029778122,0.0026618687,3.4213379e-05,888,1,1
1e-08,387,0.00298575335,0.00266912836,3.43142565e-05,888,1,1
1e-08,388,0.00299370126,0.0026763943,3.4415305e-05,888,1,1
1e-08,389,0.00300164707,0.00268365839,3.45164117e-05,888,1,1
1e-08,390,0.00300959544,0.00269092573,3.4617522e-05,888,1,1
1e-08,391,0.00301754219,0.00269819098,3.47187306e-05,888,1,1
1e-08,392,0.00302549941,0.00270546624,3.48200265e-05,888,1,1
1e-08,393,0.00303344917,0.00271273567,3.49213624e-05,888,1,1
1e-08,394,0.00304140802,0.0027200128,3.50228474e-05,888,1,1
1e-08,395,0.00304936105,0.00272728526,3.51242343e-05,888,1,1
1e-08,396,0.00305732572,0.00273456844,3.52258685e-05,888,1,1
1e-08,397,0.00306528714,0.00274184928,3.53274845e-05,888,1,1
1e-08,398,0.00307324715,0.0027491285,3.54291369e-05,888,1,1
1e-08,399,0.00308121182,0.00275641307,3.55309166e-05,888,1,1
1e-08,400,0.00308918115,0.0027637016,3.56327146e-05,888,1,1
1e-08,401,0.00309714838,0.00277098827,3.57346144e-05,888,1,1
1e-08,402,0.00310511608,0.00277827587,3.58365396e-05,888,1,1
1e-08,403,0.00311309146,0.00278557115,3.59385558e-05,888,1,1
1e-08,404,0.00312106148,0.00279286108,3.60406775e-05,888,1,1
1e-08,405,0.00312904129,0.00280016055,3.61428865e-05,888,1,1
1e-08,406,0.00313701876,0.0028074584,3.62450774e-05,888,1,1
1e-08,407,0.00314499717,0.00281475717,3.63473337e-05,888,1,1
1e-08,408,0.00315297907,0.00282205921,3.64496955e-05,888,1,1
1e-08,409,0.00316096377,0.00282936427,3.65521992e-05,888,1,1
1e-08,410,0.00316894543,0.00283666723,3.6654601e-05,888,1,1
1e-08,411,0.00317693222,0.00284397439,3.67571593e-05,888,1,1
1e-08,412,0.0031849232,0.00285128574,3.68598376e-05,888,1,1
1e-08,413,0.00319291186,0.00285859569,3.69624759e-05,888,1,1
1e-08,414,0.00320090167,0.00286590657,3.70652524e-05,888,1,1
1e-08,415,0.00320889894,0.0028732249,3.71680981e-05,888,1,1
1e-08,416,0.00321689527,0.00288054254,3.72710529e-05,888,1,1
1e-08,417,0.00322489301,0.0028878611,3.73739531e-05,888,1,1
1e-08,418,0.00323289237,0.00289518177,3.74769843e-05,888,1,1
1e-08,419,0.00324089197,0.00290250359,3.75800955e-05,888,1,1
1e-08,420,0.00324889435,0.00290982728,3.76832795e-05,888,1,1
1e-08,421,0.0032568993,0.00291715446,3.77864817e-05,888,1,1
1e-08,422,0.00326490751,0.0029244842,3.78898403e-05,888,1,1
1e-08,423,0.00327291456,0.00293181348,3.79931844e-05,888,1,1
1e-08,424,0.0032809244,0.00293914555,3.80966376e-05,888,1,1
1e-08,425,0.00328893866,0.00294648181,3.82001999e-05,888,1,1
1e-08,426,0.00329695409,0.00295381946,3.8303755e-05,888,1,1
1e-08,427,0.00330496812,0.00296115549,3.84073464e-05,888,1,1
1e-08,428,0.00331298891,0.00296849874,3.85111161e-05,888,1,1
1e-08,429,0.00332100666,0.00297583942,3.86148968e-05,888,1,1
1e-08,430,0.00332902814,0.0029831836,3.87187611e-05,888,1,1
1e-08,431,0.00333705009,0.00299052848,3.88226472e-05,888,1,1
1e-08,432,0.00334507343,0.00299787498,3.89266315e-05,888,1,1
1e-08,433,0.00335310213,0.00300522684,3.90306632e-05,888,1,1
1e-08,434,0.003361132,0.00301257987,3.91347785e-05,888,1,1
1e-08,435,0.00336916558,0.00301993638,3.92390466e-05,888,1,1
1e-08,436,0.00337719615,0.00302729057,3.93432601e-05,888,1,1
1e-08,437,0.00338523043,0.00303464779,3.94476119e-05,888,1,1
1e-08,438,0.00339326379,0.003042005,3.95519455e-05,888,1,1
1e-08,439,0.00340130366,0.00304936827,3.96564392e-05,888,1,1
1e-08,440,0.00340934587,0.00305673433,3.97610202e-05,888,1,1
1e-08,441,0.00341738807,0.0030640997,3.98656593e-05,888,1,1
1e-08,442,0.00342542864,0.00307146576,3.99702149e-05,888,1,1
1e-08,443,0.00343347434,0.00307883532,4.00749304e-05,888,1,1
1e-08,444,0.00344151887,0.00308620441,4.01797734e-05,888,1,1
1e-08,445,0.00344956899,0.00309357862,4.02845872e-05,888,1,1
1e-08,446,0.0034576219,0.00310095516,4.03896229e-05,888,1,1
1e-08,447,0.00346567389,0.00310833217,4.04946441e-05,888,1,1
1e-08,448,0.00347372331,0.00311570754,4.05996179e-05,888,1,1
1e-08,449,0.00348178251,0.00312309037,4.07047883e-05,888,1,1
1e-08,450,0.00348983705,0.00313047087,4.08099804e-05,888,1,1
1e-08,451,0.00349790324,0.00313786138,4.09153581e-05,888,1,1
1e-08,452,0.00350596616,0.0031452484,4.1020754e-05,888,1,1
1e-08,453,0.0035140242,0.00315263285,4.11260808e-05,888,1,1
1e-08,454,0.00352209504,0.00316002825,4.12316767e-05,888,1,1
1e-08,455,0.00353016215,0.00316742086,4.13371708e-05,888,1,1
1e-08,456,0.00353822811,0.00317481277,4.14427595e-05,888,1,1
1e-08,457,0.00354629755,0.00318220817,4.1548461e-05,888,1,1
1e-08,458,0.00355437514,0.00318961102,4.1654268e-05,888,1,1
1e-08,459,0.00356245064,0.00319701224,4.17600932e-05,888,1,1
1e-08,460,0.00357052567,0.00320441392,4.1866002e-05,888,1,1
1e-08,461,0.0035786021,0.00321181701,4.19719254e-05,888,1,1
1e-08,462,0.00358668366,0.00321922405,4.2078027e-05,888,1,1
1e-08,463,0.00359476311,0.00322663016,4.2184045e-05,888,1,1
1e-08,464,0.00360285048,0.00323404348,4.22902813e-05,888,1,1
1e-08,465,0.00361093623,0.00324145565,4.23965503e-05,888,1,1
1e-08,466,0.00361901824,0.00324886525,4.2502812e-05,888,1,1
1e-08,467,0.00362711493,0.00325628766,4.26092884e-05,888,1,1
1e-08,468,0.00363520789,0.00326370751,4.27156956e-05,888,1,1
1e-08,469,0.00364329829,0.00327112502,4.28222229e-05,888,1,1
1e-08,470,0.00365139358,0.0032785472,4.2928863e-05,888,1,1
1e-08,471,0.00365947885,0.00328596728,4.30354012e-05,888,1,1
1e-08,472,0.00366758718,0.00329339644,4.31421868e-05,888,1,1
1e-08,473,0.00367568061,0.0033008235,4.32489542e-05,888,1,1
1e-08,474,0.00368377846,0.0033082501,4.33557034e-05,888,1,1
1e-08,475,0.00369188469,0.00331568252,4.34627073e-05,888,1,1
1e-08,476,0.00369998673,0.00332311541,4.35696493e-05,888,1,1
1e-08,477,0.00370810949,0.00333055621,4.36769187e-05,888,1,1
1e-08,478,0.00371621735,0.00333799212,4.37840681e-05,888,1,1
1e-08,479,0.00372432312,0.0033454271,4.38911848e-05,888,1,1
1e-08,480,0.00373243424,0.00335287256,4.39984724e-05,888,1,1
1e-08,481,0.00374055491,0.00336031499,4.41058728e-05,888,1,1
1e-08,482,0.00374867697,0.00336776464,4.42133714e-05,888,1,1
1e-08,483,0.00375679578,0.00337521243,4.43208373e-05,887,1,1
1e-08,484,0.00376490341,0.00338265649,4.44283069e-05,888,1,1
1e-08,485,0.00377303502,0.00339010917,4.45359947e-05,887,1,1
1e-08,486,0.00378115568,0.00339756603,4.46436716e-05,888,1,1
1e-08,487,0.00378928799,0.00340501964,4.4751534e-05,888,1,1
1e-08,488,0.00379740656,0.00341247465,4.48592145e-05,888,1,1
1e-08,489,0.00380554423,0.00341993407,4.49672625e-05,888,1,1
1e-08,490,0.00381367444,0.00342739373,4.50752086e-05,888,1,1
1e-08,491,0.00382180838,0.00343485735,4.51832311e-05,887,1,1
1e-08,492,0.00382994092,0.00344232493,4.52913846e-05,888,1,1
1e-08,493,0.0038380886,0.0034497953,4.53996545e-05,888,1,1
1e-08,494,0.0038462237,0.00345726148,4.55079207e-05,887,1,1
1e-08,495,0.00385436811,0.00346473511,4.56162452e-05,888,1,1
1e-08,496,0.00386250787,0.00347220479,4.57245842e-05,887,1,1
1e-08,497,0.00387065439,0.00347968168,4.58330542e-05,887,1,1
1e-08,498,0.00387879321,0.0034871574,4.59415351e-05,888,1,1
1e-08,499,0.00388695044,0.00349463802,4.60502561e-05,887,1,1
1e-08,500,0.00389509648,0.00350211468,4.61589079e-05,887,1,1
1e-08,501,0.00390324928,0.00350959832,4.62676398e-05,888,1,1
1e-08,502,0.00391140627,0.00351708545,4.63764845e-05,887,1,1
1e-08,503,0.00391955441,0.00352456537,4.64853292e-05,887,1,1
1e-08,504,0.00392771559,0.00353205646,4.65943267e-05,887,1,1
1e-08,505,0.00393587863,0.00353955012,4.67033569e-05,887,1,1
1e-08,506,0.0039440426,0.00354704494,4.68125036e-05,887,1,1
1e-08,507,0.00395219773,0.00355453254,4.69215483e-05,887,1,1
1e-08,508,0.00396036264,0.00356202852,4.70307496e-05,887,1,1
1e-08,509,0.00396853779,0.00356953405,4.71402454e-05,887,1,1
1e-08,510,0.00397670409,0.00357703306,4.72495594e-05,887,1,1
1e-08,511,0.00398487365,0.0035845337,4.7359008e-05,887,1,1
1e-08,512,0.00399304926,0.00359204062,4.74685658e-05,887,1,1
1e-08,513,0.00400122022,0.00359954382,4.75780798e-05,887,1,1
1e-08,514,0.00400939723,0.00360705308,4.76878122e-05,887,1,1
1e-08,515,0.00401757844,0.00361456559,4.77975555e-05,887,1,1
1e-08,516,0.00402574986,0.00362207065,4.79072369e-05,887,1,1
1e-08,517,0.00403393758,0.00362959038,4.80171548e-05,887,1,1
1e-08,518,0.00404211972,0.00363710476,4.81271636e-05,887,1,1
1e-08,519,0.00405030558,0.0036446231,4.82371506e-05,887,1,1
1e-08,520,0.00405849563,0.00365214562,4.83472686e-05,887,1,1
1e-08,521,0.00406667963,0.00365966279,4.84573247e-05,887,1,1
1e-08,522,0.00407487154,0.00366718741,4.85675628e-05,887,1,1
1e-08,523,0.00408306764,0.00367471622,4.86779027e-05,887,1,1
1e-08,524,0.00409126002,0.00368224178,4.87882498e-05,887,1,1
1e-08,525,0.00409945752,0.00368977245,4.88987498e-05,887,1,1
1e-08,526,0.00410765689,0.00369730499,4.90092352e-05,887,1,1
1e-08,527,0.00411585998,0.00370484195,4.91198189e-05,887,1,1
1e-08,528,0.00412405934,0.00371237542,4.92304389e-05,887,1,1
1e-08,529,0.0041322601,0.00371990958,4.93411171e-05,887,1,1
1e-08,530,0.00414046971,0.00372745236,4.94519481e-05,887,1,1
1e-08,531,0.00414868072,0.00373499747,4.95628919e-05,887,1,1
1e-08,532,0.00415689079,0.00374254072,4.96738539e-05,887,1,1
1e-08,533,0.00416510273,0.00375008723,4.97848814e-05,887,1,1
1e-08,534,0.00417331094,0.00375763047,4.98958871e-05,887,1,1
1e-08,535,0.0041815294,0.00376518257,5.00069909e-05,887,1,1
1e-08,536,0.00418974226,0.00377273047,5.0118153e-05,887,1,1
1e-08,537,0.00419796398,0.00378028629,5.02294715e-05,887,1,1
1e-08,538,0.00420618197,0.00378783932,5.03408082e-05,887,1,1
1e-08,539,0.00421440555,0.00379539817,5.04521959e-05,887,1,1
1e-08,540,0.00422263425,0.0038029612,5.05638127e-05,887,1,1
1e-08,541,0.0042308569,0.00381051912,5.0675324e-05,887,1,1
1e-08,542,0.00423909118,0.00381808821,5.07870136e-05,887,1,1
1e-08,543,0.00424731383,0.00382564706,5.08986632e-05,887,1,1
1e-08,544,0.00425554672,0.00383321545,5.10104583e-05,887,1,1
1e-08,545,0.00426378055,0.00384078431,5.11223079e-05,887,1,1
1e-08,546,0.00427201902,0.00384835806,5.12342449e-05,887,1,1
1e-08,547,0.00428025471,0.00385592971,5.13462983e-05,887,1,1
1e-08,548,0.00428849598,0.00386350718,5.14583298e-05,887,1,1
1e-08,549,0.00429673167,0.00387107907,5.15704014e-05,887,1,1
1e-08,550,0.004304979,0.0038786612,5.16827131e-05,887,1,1
1e-08,551,0.0043132212,0.00388624007,5.17949193e-05,887,1,1
1e-08,552,0.00432147179,0.00389382709,5.19073255e-05,887,1,1
1e-08,553,0.00432971818,0.00390141015,5.201971e-05,887,1,1
1e-08,554,0.00433796877,0.00390899694,5.21321963e-05,887,1,1
1e-08,555,0.00434622448,0.00391658908,5.22448499e-05,887,1,1
1e-08,556,0.00435447786,0.00392418029,5.23574781e-05,887,1,1
1e-08,557,0.00436273031,0.0039317701,5.24700881e-05,887,1,1
1e-08,558,0.00437098602,0.00393936224,5.25828691e-05,887,1,1
1e-08,559,0.00437925244,0.00394696509,5.26957629e-05,887,1,1
1e-08,560,0.00438750954,0.00395456003,5.28087148e-05,887,1,1
1e-08,561,0.00439577317,0.00396216102,5.29216486e-05,887,1,1
1e-08,562,0.00440404192,0.00396976667,5.30347461e-05,887,1,1
1e-08,563,0.00441231253,0.00397737464,5.31479345e-05,887,1,1
1e-08,564,0.00442057848,0.00398497889,5.32611411e-05,887,1,1
1e-08,565,0.00442884769,0.00399258547,5.33743878e-05,887,1,1
1e-08,566,0.00443712156,0.00400019763,5.348778e-05,887,1,1
1e-08,567,0.0044453973,0.00400781212,5.36011648e-05,887,1,1
1e-08,568,0.00445367536,0.00401542755,5.3714688e-05,887,1,1
1e-08,569,0.00446194829,0.00402303925,5.38283311e-05,887,1,1
1e-08,570,0.00447022961,0.00403065933,5.39418652e-05,887,1,1
1e-08,571,0.00447851932,0.0040382864,5.40557267e-05,887,1,1
1e-08,572,0.00448680017,0.00404590694,5.41694244e-05,887,1,1
1e-08,573,0.00449508801,0.00405353261,5.42833077e-05,887,1,1
1e-08,574,0.00450337445,0.00406115828,5.43971873e-05,887,1,1
1e-08,575,0.00451166369,0.00406878581,5.45112744e-05,887,1,1
1e-08,576,0.00451995339,0.00407641521,5.46252959e-05,887,1,1
1e-08,577,0.00452825194,0.00408405252,5.47394739e-05,887,1,1
1e-08,578,0.0045365463,0.00409168657,5.48536773e-05,887,1,1
1e-08,579,0.00454484345,0.00409932248,5.49679826e-05,887,1,1
1e-08,580,0.00455314107,0.00410696026,5.50823752e-05,887,1,1
1e-08,581,0.00456144195,0.00411460083,5.51968078e-05,887,1,1
1e-08,582,0.00456974329,0.00412224326,5.53112623e-05,887,1,1
1e-08,583,0.00457804883,0.00412988756,5.54258586e-05,887,1,1
1e-08,584,0.00458635436,0.00413753325,5.55404331e-05,887,1,1
1e-08,585,0.00459466223,0.00414518127,5.56551349e-05,887,1,1
1e-08,586,0.00460297382,0.00415283255,5.57699968e-05,887,1,1
1e-08,587,0.00461128913,0.00416048896,5.58849133e-05,887,1,1
1e-08,588,0.00461959792,0.00416813837,5.59997643e-05,887,1,1
1e-08,589,0.00462791929,0.00417579943,5.61147972e-05,887,1,1
1e-08,590,0.00463623041,0.00418345165,5.6229881e-05,887,1,1
1e-08,591,0.00464455411,0.00419111643,5.63450703e-05,887,1,1
1e-08,592,0.00465287175,0.00419877609,5.6460216e-05,887,1,1
1e-08,593,0.00466119684,0.00420644181,5.6575569e-05,887,1,1
1e-08,594,0.00466951961,0.0042141052,5.66909439e-05,887,1,1
1e-08,595,0.00467784982,0.00422177697,5.68063733e-05,887,1,1
1e-08,596,0.00468617817,0.00422944641,5.69220174e-05,887,1,1
1e-08,597,0.00469450932,0.00423711957,5.70374978e-05,887,1,1
1e-08,598,0.00470284279,0.00424479414,5.71531964e-05,887,1,1
1e-08,599,0.00471117534,0.00425246963,5.72689642e-05,887,1,1
1e-08,600,0.00471951161,0.00426014746,5.7384761e-05,887,1,1
1e-08,601,0.00472785346,0.0042678304,5.75006343e-05,887,1,1
1e-08,602,0.00473619439,0.00427551381,5.76166276e-05,887,1,1
1e-08,603,0.00474453811,0.00428320002,5.77326282e-05,887,1,1
1e-08,604,0.00475288089,0.00429088529,5.78487452e-05,887,1,1
1e-08,605,0.00476122275,0.0042985701,5.79649022e-05,887,1,1
1e-08,606,0.00476957252,0.00430626236,5.80811356e-05,887,1,1
1e-08,607,0.00477792649,0.00431395741,5.81975291e-05,887,1,1
1e-08,608,0.00478627719,0.00432165246,5.83138608e-05,887,1,1
1e-08,609,0.00479463069,0.00432934845,5.84304034e-05,887,1,1
1e-08,610,0.00480297999,0.00433704117,5.85467969e-05,887,1,1
1e-08,611,0.00481133815,0.00434474321,5.86634415e-05,887,1,1
1e-08,612,0.0048196963,0.00435244385,5.87801042e-05,887,1,1
1e-08,613,0.00482805818,0.00436014915,5.88968614e-05,887,1,1
1e-08,614,0.00483642519,0.0043678591,5.90137679e-05,887,1,1
1e-08,615,0.00484478939,0.00437556766,5.91306598e-05,887,1,1
1e-08,616,0.00485315314,0.00438327575,5.92476063e-05,887,1,1
1e-08,617,0.00486152619,0.00439099222,5.93647201e-05,887,1,1
1e-08,618,0.0048698904,0.00439870078,5.94817648e-05,887,1,1
1e-08,619,0.00487826113,0.00440641586,5.9598915e-05,887,1,1
1e-08,620,0.00488663651,0.00441413559,5.97161816e-05,887,1,1
1e-08,621,0.00489501329,0.00442185672,5.98336374e-05,887,1,1
1e-08,622,0.00490338728,0.00442958251,5.99509294e-05,887,1,1
1e-08,623,0.00491176778,0.00443730596,6.00684689e-05,887,1,1
1e-08,624,0.00492015248,0.00444502942,6.01860665e-05,887,1,1
1e-08,625,0.00492853113,0.00445275893,6.03036024e-05,887,1,1
1e-08,626,0.00493691862,0.00446049124,6.04213674e-05,887,1,1
1e-08,627,0.00494530844,0.00446822029,6.05391433e-05,887,1,1
1e-08,628,0.00495369546,0.00447595911,6.06570065e-05,887,1,1
1e-08,629,0.00496208435,0.00448368723,6.07749498e-05,887,1,1
1e-08,630,0.00497047883,0.00449143117,6.08929149e-05,887,1,1
1e-08,631,0.00497887656,0.00449917093,6.10111056e-05,887,1,1
1e-08,632,0.00498727895,0.00450691767,6.11292999e-05,887,1,1
1e-08,633,0.00499567669,0.00451466208,6.12474832e-05,887,1,1
1e-08,634,0.00500407582,0.00452240743,6.13657758e-05,887,1,1
1e-08,635,0.00501247495,0.00453015277,6.14840974e-05,887,1,1
1e-08,636,0.00502088014,0.0045379037,6.16025354e-05,887,1,1
1e-08,637,0.00502928626,0.00454565603,6.17210244e-05,886,1,1
1e-08,638,0.00503770541,0.00455342093,6.18398262e-05,887,1,1
1e-08,639,0.00504610687,0.00456116907,6.19584171e-05,887,1,1
1e-08,640,0.00505452231,0.00456893165,6.20772116e-05,886,1,1
1e-08,641,0.00506293401,0.00457669003,6.21959043e-05,886,1,1
1e-08,642,0.00507134525,0.00458444841,6.23147935e-05,886,1,1
1e-08,643,0.00507976534,0.00459221471,6.24338427e-05,887,1,1
1e-08,644,0.00508818263,0.00459998008,6.25528482e-05,886,1,1
1e-08,645,0.00509659993,0.00460774545,6.26719484e-05,887,1,1
1e-08,646,0.00510503491,0.00461552665,6.27911722e-05,887,1,1
1e-08,647,0.00511346012,0.00462329853,6.29105489e-05,886,1,1
1e-08,648,0.00512187928,0.00463106669,6.3029649e-05,887,1,1
1e-08,649,0.00513031147,0.0046388465,6.31492003e-05,886,1,1
1e-08,650,0.00513874181,0.00464662397,6.32687224e-05,886,1,1
1e-08,651,0.00514717028,0.00465440098,6.33881718e-05,886,1,1
1e-08,652,0.00515560247,0.00466218125,6.35076649e-05,886,1,1
1e-08,653,0.00516404677,0.00466997316,6.36274999e-05,886,1,1
1e-08,654,0.00517248502,0.00467776041,6.37473204e-05,886,1,1
1e-08,655,0.00518091861,0.00468554208,6.38671336e-05,886,1,1
1e-08,656,0.00518936291,0.00469333539,6.39870486e-05,886,1,1
1e-08,657,0.00519780582,0.0047011273,6.41070219e-05,886,1,1
1e-08,658,0.00520625571,0.0047089248,6.42271625e-05,886,1,1
1e-08,659,0.0052147042,0.00471672229,6.43473977e-05,886,1,1
1e-08,660,0.00522314385,0.00472451188,6.44674583e-05,886,1,1
1e-08,661,0.00523160072,0.00473231776,6.45877444e-05,886,1,1
1e-08,662,0.00524005946,0.00474012457,6.47082634e-05,887,1,1
1e-08,663,0.00524851121,0.00474792626,6.48286878e-05,886,1,1
1e-08,664,0.00525696622,0.00475573167,6.49491267e-05,886,1,1
1e-08,665,0.00526543893,0.00476355199,6.50700676e-05,886,1,1
1e-08,666,0.0052738837,0.00477134855,6.51903756e-05,886,1,1
1e-08,667,0.00528235221,0.00477916701,6.53111783e-05,886,1,1
1e-08,668,0.00529081887,0.0047869836,6.54320538e-05,886,1,1
1e-08,669,0.00529928412,0.00479479833,6.55529875e-05,886,1,1
1e-08,670,0.00530774985,0.00480261492,6.56738921e-05,886,1,1
1e-08,671,0.00531621743,0.0048104329,6.5794884e-05,886,1,1
1e-08,672,0.00532469479,0.0048182602,6.59160796e-05,886,1,1
1e-08,673,0.00533316936,0.00482608564,6.6037268e-05,886,1,1
1e-08,674,0.00534163974,0.00483390735,6.61585073e-05,886,1,1
1e-08,675,0.00535012037,0.00484173838,6.62798629e-05,886,1,1
1e-08,676,0.00535860006,0.00484956987,6.64012186e-05,886,1,1
1e-08,677,0.00536708301,0.00485740323,6.65227926e-05,886,1,1
1e-08,678,0.00537557295,0.0048652445,6.66444539e-05,886,1,1
1e-08,679,0.00538405357,0.00487307692,6.6765977e-05,886,1,1
1e-08,680,0.00539254397,0.00488091772,6.68877037e-05,886,1,1
1e-08,681,0.00540102553,0.00488875294,6.70094523e-05,886,1,1
1e-08,682,0.00540951686,0.00489659561,6.71313246e-05,886,1,1
1e-08,683,0.00541801099,0.00490444014,6.7253306e-05,886,1,1
1e-08,684,0.00542650651,0.00491228886,6.7375302e-05,886,1,1
1e-08,685,0.00543500623,0.00492014084,6.74973853e-05,886,1,1
1e-08,686,0.00544350874,0.00492799422,6.76196287e-05,886,1,1
1e-08,687,0.00545199635,0.00493583549,6.77416538e-05,886,1,1
1e-08,688,0.0054605091,0.00494370097,6.78641081e-05,886,1,1
1e-08,689,0.00546901766,0.00495156134,6.79866062e-05,886,1,1
1e-08,690,0.00547751551,0.00495941238,6.81090605e-05,886,1,1
1e-08,691,0.00548602454,0.00496727461,6.82314349e-05,886,1,1
1e-08,692,0.00549454428,0.00497514615,6.83542894e-05,886,1,1
1e-08,693,0.00550305611,0.0049830107,6.84769475e-05,886,1,1
1e-08,694,0.00551156141,0.0049908706,6.85995765e-05,886,1,1
1e-08,695,0.00552008161,0.00499874307,6.87225183e-05,886,1,1
1e-08,696,0.00552858924,0.00500660576,6.88453365e-05,886,1,1
1e-08,697,0.00553712808,0.00501449686,6.89685985e-05,886,1,1
1e-08,698,0.0055456371,0.00502236001,6.9091453e-05,886,1,1
1e-08,699,0.00555416057,0.00503023714,6.92146205e-05,886,1,1
1e-08,700,0.00556267984,0.005038111,6.93378242e-05,886,1,1
1e-08,701,0.00557121867,0.00504600303,6.94611808e-05,886,1,1
1e-08,702,0.00557974214,0.00505388202,6.9584552e-05,886,1,1
1e-08,703,0.0055882684,0.00506176241,6.97079668e-05,886,1,1
1e-08,704,0.00559680769,0.0050696563,6.98315416e-05,886,1,1
1e-08,705,0.00560534699,0.00507754879,6.9955131e-05,886,1,1
1e-08,706,0.0056138793,0.00508543663,7.00787932e-05,886,1,1
1e-08,707,0.00562241627,0.00509332865,7.02024408e-05,886,1,1
1e-08,708,0.00563095557,0.00510122301,7.03262704e-05,886,1,1
1e-08,709,0.00563950371,0.00510912621,7.04503254e-05,886,1,1
1e-08,710,0.00564804301,0.00511702057,7.05741841e-05,886,1,1
1e-08,711,0.00565659581,0.00512492843,7.06983483e-05,886,1,1
1e-08,712,0.00566513697,0.00513282511,7.0822367e-05,886,1,1
1e-08,713,0.00567368511,0.00514072971,7.09465894e-05,886,1,1
1e-08,714,0.00568224397,0.00514864223,7.10709792e-05,886,1,1
1e-08,715,0.0056907977,0.00515655288,7.11952744e-05,886,1,1
1e-08,716,0.00569935329,0.00516446494,7.13197514e-05,886,1,1
1e-08,717,0.00570790609,0.00517237419,7.14441412e-05,886,1,1
1e-08,718,0.00571647007,0.00518029416,7.15687929e-05,886,1,1
1e-08,719,0.00572503172,0.0051882118,7.16934228e-05,886,1,1
1e-08,720,0.00573359802,0.00519613316,7.18182491e-05,886,1,1
1e-08,721,0.00574215828,0.00520405173,7.19429954e-05,886,1,1
1e-08,722,0.00575072272,0.0052119731,7.20679018e-05,886,1,1
1e-08,723,0.00575929275,0.00521990005,7.21928373e-05,886,1,1
1e-08,724,0.0057678693,0.00522783259,7.23180419e-05,886,1,1
1e-08,725,0.00577644911,0.00523576932,7.2443152e-05,886,1,1
1e-08,726,0.00578501681,0.00524369441,7.25683058e-05,886,1,1
1e-08,727,0.00579358451,0.00525162043,7.26934522e-05,886,1,1
1e-08,728,0.00580217503,0.00525956741,7.28189625e-05,886,1,1
1e-08,729,0.0058107567,0.00526750693,7.29444146e-05,886,1,1
1e-08,730,0.00581933232,0.0052754404,7.30697575e-05,886,1,1
1e-08,731,0.00582791865,0.00528338458,7.31955006e-05,886,1,1
1e-08,732,0.00583650917,0.00529133296,7.33211418e-05,886,1,1
1e-08,733,0.00584509457,0.00529927621,7.34468122e-05,886,1,1
1e-08,734,0.00585368276,0.00530722318,7.35726062e-05,886,1,1
1e-08,735,0.00586227281,0.00531517155,7.36984002e-05,886,1,1
1e-08,736,0.0058708759,0.0053231325,7.38245726e-05,886,1,1
1e-08,737,0.00587946502,0.00533108087,7.39505413e-05,886,1,1
1e-08,738,0.00588807045,0.00533904461,7.40767427e-05,886,1,1
1e-08,739,0.00589666236,0.00534699624,7.4202886e-05,886,1,1
1e-08,740,0.00590526825,0.00535495998,7.43291457e-05,886,1,1
1e-08,741,0.0059138732,0.00536292465,7.44554636e-05,886,1,1
1e-08,742,0.00592247676,0.00537088746,7.45818397e-05,886,1,1
1e-08,743,0.00593107985,0.0053788498,7.47083614e-05,886,1,1
1e-08,744,0.00593969692,0.00538682565,7.48350503e-05,886,1,1
1e-08,745,0.00594830466,0.00539479312,7.49616665e-05,886,1,1
1e-08,746,0.00595691847,0.00540276617,7.50883773e-05,886,1,1
1e-08,747,0.00596553646,0.00541074434,7.52151973e-05,886,1,1
1e-08,748,0.00597414328,0.00541871227,7.53419445e-05,886,1,1
1e-08,749,0.00598276686,0.00542669604,7.546899e-05,886,1,1
1e-08,750,0.00599138997,0.00543467933,7.55959481e-05,886,1,1
1e-08,751,0.0060000103,0.0054426603,7.57230664e-05,886,1,1
1e-08,752,0.00600863574,0.00545064546,7.58502647e-05,886,1,1
1e-08,753,0.0060172677,0.00545863714,7.59777031e-05,886,1,1
1e-08,754,0.00602589082,0.00546662183,7.61050178e-05,886,1,1
1e-08,755,0.00603452092,0.00547461212,7.62323762e-05,886,1,1
1e-08,756,0.00604315987,0.00548261264,7.63599455e-05,886,1,1
1e-08,757,0.00605179137,0.00549060479,7.64874712e-05,886,1,1
1e-08,758,0.00606042566,0.00549860112,7.66150333e-05,886,1,1
1e-08,759,0.00606906088,0.00550659699,7.67428137e-05,886,1,1
1e-08,760,0.00607770309,0.00551460125,7.68706523e-05,886,1,1
1e-08,761,0.0060863453,0.00552260457,7.69984981e-05,886,1,1
1e-08,762,0.00609499309,0.00553061441,7.71264968e-05,886,1,1
1e-08,763,0.00610363577,0.00553861866,7.72545609e-05,886,1,1
1e-08,764,0.00611228496,0.00554662989,7.73826832e-05,886,1,1
1e-08,765,0.00612093741,0.00555464393,7.75109584e-05,886,1,1
1e-08,766,0.00612957403,0.00556265051,7.76389716e-05,886,1,1
1e-08,767,0.00613824045,0.00557067199,7.77675159e-05,886,1,1
1e-08,768,0.00614688313,0.00557867857,7.78956892e-05,886,1,1
1e-08,769,0.00615555374,0.00558671076,7.80245537e-05,886,1,1
1e-08,770,0.00616421085,0.00559473131,7.81529961e-05,886,1,1
1e-08,771,0.00617287168,0.00560275512,7.82817078e-05,886,1,1
1e-08,772,0.00618152786,0.00561077893,7.84102158e-05,886,1,1
1e-08,773,0.00619020732,0.00561881531,7.85394004e-05,886,1,1
1e-08,774,0.00619887374,0.00562684564,7.86682504e-05,885,1,1
1e-08,775,0.00620754203,0.00563487737,7.87970857e-05,886,1,1
1e-08,776,0.0062162024,0.00564290164,7.89260957e-05,885,1,1
1e-08,777,0.0062248786,0.00565094175,7.9055244e-05,886,1,1
1e-08,778,0.00623355294,0.00565897953,7.91845305e-05,886,1,1
1e-08,779,0.00624223519,0.00566702569,7.93138315e-05,886,1,1
1e-08,780,0.00625090115,0.00567505648,7.9443118e-05,886,1,1
1e-08,781,0.00625958387,0.00568310358,7.95725355e-05,886,1,1
1e-08,782,0.00626825588,0.00569114694,7.97019238e-05,886,1,1
1e-08,783,0.00627695443,0.00569920242,7.98316905e-05,886,1,1
1e-08,784,0.00628564879,0.00570726069,7.99614645e-05,885,1,1
1e-08,785,0.0062943357,0.0057153129,8.00911948e-05,886,1,1
1e-08,786,0.00630302122,0.00572336325,8.0221027e-05,886,1,1
1e-08,787,0.00631171325,0.00573142013,8.03509247e-05,886,1,1
1e-08,788,0.00632040063,0.00573947281,8.04807787e-05,885,1,1
1e-08,789,0.00632909825,0.00574753573,8.06109238e-05,885,1,1
1e-08,790,0.00633780053,0.00575560238,8.0741178e-05,885,1,1
1e-08,791,0.00634649629,0.00576366438,8.08712866e-05,885,1,1
1e-08,792,0.00635520555,0.00577173848,8.10015408e-05,885,1,1
1e-08,793,0.00636390131,0.0057798014,8.11319624e-05,886,1,1
1e-08,794,0.00637260824,0.00578787317,8.12623912e-05,885,1,1
1e-08,795,0.00638131378,0.00579594495,8.13928782e-05,885,1,1
1e-08,796,0.00639002072,0.00580401905,8.15234307e-05,886,1,1
1e-08,797,0.00639873045,0.00581209501,8.16541797e-05,885,1,1
1e-08,798,0.00640744995,0.00582018029,8.17850087e-05,886,1,1
1e-08,799,0.00641616015,0.00582825718,8.19158086e-05,885,1,1
1e-08,800,0.00642489037,0.00583635224,8.20468922e-05,885,1,1
1e-08,801,0.00643360615,0.00584443519,8.21779468e-05,885,1,1
1e-08,802,0.00644231541,0.00585251255,8.23087612e-05,885,1,1
1e-08,803,0.0064510433,0.00586060621,8.24400777e-05,885,1,1
1e-08,804,0.0064597684,0.0058686994,8.2571205e-05,885,1,1
1e-08,805,0.00646849163,0.0058767898,8.27026524e-05,885,1,1
1e-08,806,0.0064772144,0.00588488113,8.28338889e-05,885,1,1
1e-08,807,0.00648594787,0.00589298131,8.29654091e-05,885,1,1
1e-08,808,0.00649467716,0.00590107869,8.30970021e-05,885,1,1
1e-08,809,0.00650341436,0.00590918353,8.32286387e-05,885,1,1
1e-08,810,0.00651215902,0.00591729535,8.33603553e-05,885,1,1
1e-08,811,0.00652089342,0.00592539832,8.34921084e-05,885,1,1
1e-08,812,0.00652963901,0.00593351107,8.36240724e-05,885,1,1
1e-08,813,0.00653837202,0.00594161311,8.375584e-05,885,1,1
1e-08,814,0.00654711341,0.005949724,8.38878404e-05,885,1,1
1e-08,815,0.00655586226,0.00595784048,8.40200373e-05,885,1,1
1e-08,816,0.0065646111,0.00596595835,8.41522415e-05,885,1,1
1e-08,817,0.00657336228,0.00597407809,8.42845548e-05,885,1,1
1e-08,818,0.00658211159,0.00598219642,8.44169044e-05,885,1,1
1e-08,819,0.00659086788,0.00599032221,8.45492759e-05,885,1,1
1e-08,820,0.00659962092,0.00599844428,8.46817129e-05,885,1,1
1e-08,821,0.00660838746,0.00600657938,8.48145064e-05,885,1,1
1e-08,822,0.00661714515,0.00601470657,8.49471035e-05,885,1,1
1e-08,823,0.00662589725,0.0060228291,8.50797223e-05,885,1,1
1e-08,824,0.00663467357,0.00603097444,8.52125813e-05,885,1,1
1e-08,825,0.00664343312,0.00603910349,8.53455276e-05,885,1,1
1e-08,826,0.0066521978,0.00604723906,8.5478503e-05,885,1,1
1e-08,827,0.0066609662,0.00605537696,8.56115148e-05,885,1,1
1e-08,828,0.00666973647,0.00606351811,8.57447376e-05,885,1,1
1e-08,829,0.00667850906,0.0060716616,8.58778221e-05,885,1,1
1e-08,830,0.00668728258,0.00607980648,8.60111104e-05,885,1,1
1e-08,831,0.00669606449,0.00608795788,8.61445587e-05,885,1,1
1e-08,832,0.00670484919,0.00609611254,8.62781526e-05,885,1,1
1e-08,833,0.00671362644,0.00610426161,8.64116009e-05,885,1,1
1e-08,834,0.00672240043,0.00611240789,8.65449983e-05,885,1,1
1e-08,835,0.00673118467,0.00612056162,8.66788978e-05,885,1,1
1e-08,836,0.00673997449,0.00612872373,8.68125571e-05,885,1,1
1e-08,837,0.00674876664,0.00613688631,8.69464857e-05,885,1,1
1e-08,838,0.00675756857,0.00614505867,8.70806252e-05,885,1,1
1e-08,839,0.00676634256,0.00615320681,8.72142991e-05,885,1,1
1e-08,840,0.00677514309,0.00616137823,8.73484896e-05,885,1,1
1e-08,841,0.00678393571,0.00616954267,8.74826001e-05,885,1,1
1e-08,842,0.00679274043,0.00617771968,8.76169725e-05,885,1,1
1e-08,843,0.00680153444,0.00618588645,8.77512502e-05,885,1,1
1e-08,844,0.00681032985,0.00619405508,8.7885528e-05,885,1,1
1e-08,845,0.00681914482,0.0062022428,8.80201042e-05,885,1,1
1e-08,846,0.00682794396,0.00621041423,8.81546366e-05,885,1,1
1e-08,847,0.00683675986,0.00621860148,8.82894674e-05,885,1,1
1e-08,848,0.00684555806,0.00622677431,8.84238762e-05,885,1,1
1e-08,849,0.00685437815,0.00623496622,8.8558867e-05,885,1,1
1e-08,850,0.00686319498,0.00624315673,8.86937923e-05,885,1,1
1e-08,851,0.00687200762,0.00625134353,8.88287759e-05,885,1,1
1e-08,852,0.00688082213,0.00625953032,8.89637595e-05,885,1,1
1e-08,853,0.00688964175,0.00626772409,8.90989031e-05,885,1,1
1e-08,854,0.00689846883,0.00627592392,8.92341777e-05,885,1,1
1e-08,855,0.00690728938,0.0062841191,8.93693941e-05,885,1,1
1e-08,856,0.00691611459,0.00629231846,8.95048433e-05,885,1,1
1e-08,857,0.00692493655,0.00630051503,8.96401834e-05,885,1,1
1e-08,858,0.00693377247,0.00630872324,8.97758218e-05,885,1,1
1e-08,859,0.00694259442,0.00631692214,8.99112201e-05,885,1,1
1e-08,860,0.00695143081,0.00632513175,9.00470477e-05,885,1,1
1e-08,861,0.00696026394,0.00633333903,9.01828025e-05,885,1,1
1e-08,862,0.00696910778,0.00634155795,9.03186883e-05,885,1,1
1e-08,863,0.00697794603,0.00634977128,9.04546105e-05,885,1,1
1e-08,864,0.00698678009,0.00635798136,9.05904744e-05,885,1,1
1e-08,865,0.00699563511,0.00636621006,9.07267604e-05,885,1,1
1e-08,866,0.00700448034,0.00637443084,9.08628863e-05,885,1,1
1e-08,867,0.00701331533,0.00638264231,9.0999114e-05,885,1,1
1e-08,868,0.00702217128,0.00639087381,9.11354364e-05,885,1,1
1e-08,869,0.00703101233,0.0063990904,9.1271686e-05,885,1,1
1e-08,870,0.00703986967,0.00640732329,9.14083066e-05,885,1,1
1e-08,871,0.00704872282,0.00641555293,9.15448982e-05,885,1,1
1e-08,872,0.00705758343,0.00642378954,9.16816134e-05,885,1,1
1e-08,873,0.00706645194,0.00643203361,9.18185906e-05,885,1,1
1e-08,874,0.00707530556,0.00644026324,9.19552185e-05,885,1,1
1e-08,875,0.00708416896,0.00644850358,9.20921375e-05,885,1,1
1e-08,876,0.00709302817,0.0064567402,9.22290128e-05,885,1,1
1e-08,877,0.00710188923,0.00646497821,9.23660045e-05,885,1,1
1e-08,878,0.00711076008,0.00647322508,9.25031854e-05,885,1,1
1e-08,879,0.00711964071,0.00648148218,9.26405264e-05,885,1,1
1e-08,880,0.00712850504,0.00648972532,9.27776928e-05,885,1,1
1e-08,881,0.00713738613,0.00649798289,9.29153393e-05,885,1,1
1e-08,882,0.00714625511,0.00650622975,9.30526585e-05,885,1,1
1e-08,883,0.00715512829,0.00651448127,9.31900504e-05,885,1,1
1e-08,884,0.00716401543,0.00652274536,9.3327857e-05,885,1,1
1e-08,885,0.00717288721,0.00653099502,9.34654163e-05,885,1,1
1e-08,886,0.00718177808,0.00653926376,9.36032447e-05,885,1,1
1e-08,887,0.00719066104,0.00654752506,9.37410441e-05,885,1,1
1e-08,888,0.00719955191,0.00655579381,9.38790399e-05,885,1,1
1e-08,889,0.00720844138,0.00656406209,9.40169775e-05,885,1,1
1e-08,890,0.00721733179,0.0065723313,9.41552062e-05,885,1,1
1e-08,891,0.00722622825,0.00658060657,9.42934785e-05,885,1,1
1e-08,892,0.0072351112,0.00658886926,9.44316271e-05,885,1,1
1e-08,893,0.00724402489,0.00659716083,9.4570154e-05,885,1,1
1e-08,894,0.00725291111,0.00660542632,9.47083463e-05,885,1,1
1e-08,895,0.00726181595,0.00661370996,9.48469969e-05,885,1,1
1e-08,896,0.00727072824,0.00662200106,9.49857349e-05,885,1,1
1e-08,897,0.00727962563,0.00663027959,9.51241964e-05,885,1,1
1e-08,898,0.00728853419,0.0066385665,9.52630216e-05,885,1,1
1e-08,899,0.00729744602,0.0066468576,9.54019779e-05,885,1,1
1e-08,900,0.00730635971,0.00665515102,9.55409341e-05,885,1,1
1e-08,901,0.00731527014,0.00666344725,9.56798467e-05,885,1,1
1e-08,902,0.00732418336,0.00667173555,9.58188466e-05,885,1,1
1e-08,903,0.00733310403,0.00668003643,9.59581448e-05,885,1,1
1e-08,904,0.00734201074,0.0066883252,9.60972029e-05,885,1,1
1e-08,905,0.00735094119,0.00669663493,9.62366248e-05,885,1,1
1e-08,906,0.00735986186,0.00670493627,9.63759521e-05,885,1,1
1e-08,907,0.00736878347,0.00671324413,9.65154759e-05,885,1,1
1e-08,908,0.00737771206,0.00672155339,9.66550942e-05,885,1,1
1e-08,909,0.00738664437,0.00672986172,9.67948363e-05,885,1,1
1e-08,910,0.00739556737,0.00673816679,9.6934491e-05,885,1,1
1e-08,911,0.00740449876,0.00674647931,9.70743058e-05,885,1,1
1e-08,912,0.00741343619,0.00675479835,9.72143025e-05,885,1,1
1e-08,913,0.00742237642,0.00676312065,9.73542046e-05,885,1,1
1e-08,914,0.00743131386,0.00677143876,9.74942741e-05,885,1,1
1e-08,915,0.00744024618,0.00677975407,9.76343435e-05,885,1,1
1e-08,916,0.00744919432,0.00678808428,9.77747186e-05,885,1,1
1e-08,917,0.00745813875,0.0067964117,9.79149336e-05,885,1,1
1e-08,918,0.0074670827,0.00680473819,9.80552359e-05,885,1,1
1e-08,919,0.00747604575,0.00681308145,9.8196113e-05,885,1,1
1e-08,920,0.00748498552,0.00682140514,9.83364371e-05,885,1,1
1e-08,921,0.00749394484,0.0068297456,9.84772851e-05,885,1,1
1e-08,922,0.00750289252,0.00683807721,9.86177693e-05,885,1,1
1e-08,923,0.00751184952,0.00684641674,9.87587118e-05,885,1,1
1e-08,924,0.00752081489,0.00685476605,9.88997999e-05,885,1,1
1e-08,925,0.00752980867,0.00686313817,9.90416811e-05,884,1,1
1e-08,926,0.00753872469,0.00687144324,9.91815614e-05,884,1,1
1e-08,927,0.0075476896,0.00687979162,9.93225767e-05,885,1,1
1e-08,928,0.00755665265,0.00688813766,9.94636866e-05,884,1,1
1e-08,929,0.00756564224,0.00689651025,9.96054805e-05,884,1,1
1e-08,930,0.00757458806,0.00690484326,9.97464231e-05,885,1,1
1e-08,931,0.00758356974,0.00691320747,9.98881515e-05,884,1,1
1e-08,932,0.00759254862,0.00692156935,0.000100029778,884,1,1
1e-08,933,0.00760151213,0.00692991959,0.000100171113,884,1,1
1e-08,934,0.00761049101,0.00693828287,0.000100312827,884,1,1
1e-08,935,0.00761947455,0.00694665033,0.000100454919,885,1,1
1e-08,936,0.00762846181,0.00695502153,0.000100596706,884,1,1
1e-08,937,0.00763743976,0.00696338527,0.000100738631,884,1,1
1e-08,938,0.00764642563,0.00697175646,0.000100880628,885,1,1
1e-08,939,0.00765541289,0.00698012905,0.00010102275,884,1,1
1e-08,940,0.00766440388,0.0069885049,0.000101165038,884,1,1
1e-08,941,0.00767339906,0.00699688587,0.000101307349,884,1,1
1e-08,942,0.00768238818,0.00700526033,0.000101449594,884,1,1
1e-08,943,0.0076913829,0.00701364083,0.00010159221,885,1,1
1e-08,944,0.00770037714,0.00702202134,0.000101734528,884,1,1
1e-08,945,0.00770938769,0.00703041628,0.000101877384,884,1,1
1e-08,946,0.00771838007,0.00703879585,0.000102020022,884,1,1
1e-08,947,0.00772739761,0.00704719825,0.000102162958,884,1,1
1e-08,948,0.00773638254,0.00705557177,0.000102305588,884,1,1
1e-08,949,0.00774539541,0.00706397137,0.000102448641,884,1,1
1e-08,950,0.0077544027,0.00707236538,0.000102591635,884,1,1
1e-08,951,0.00776342116,0.00708076963,0.000102734863,884,1,1
1e-08,952,0.00777243031,0.00708916737,0.000102877893,884,1,1
1e-08,953,0.00778144598,0.00709756883,0.000103021128,884,1,1
1e-08,954,0.00779046351,0.00710597448,0.000103164763,884,1,1
1e-08,955,0.00779948104,0.00711437967,0.000103308092,884,1,1
1e-08,956,0.00780849578,0.00712278206,0.000103451493,884,1,1
1e-08,957,0.00781752542,0.00713120028,0.000103595223,884,1,1
1e-08,958,0.0078265518,0.00713961385,0.000103739032,884,1,1
1e-08,959,0.00783557445,0.00714802463,0.000103882841,884,1,1
1e-08,960,0.0078445971,0.0071564368,0.000104026447,884,1,1
1e-08,961,0.00785363838,0.00716486434,0.000104170693,884,1,1
1e-08,962,0.007862675,0.00717328954,0.000104314757,884,1,1
1e-08,963,0.00787170511,0.00718170777,0.000104458719,884,1,1
1e-08,964,0.00788073149,0.0071901246,0.000104602899,884,1,1
1e-08,965,0.00788977835,0.00719855959,0.000104747196,884,1,1
1e-08,966,0.00789882615,0.00720699457,0.00010489166,884,1,1
1e-08,967,0.00790786278,0.00721542118,0.000105036102,884,1,1
1e-08,968,0.00791690871,0.00722385664,0.000105180588,884,1,1
1e-08,969,0.00792595278,0.00723229116,0.000105325125,884,1,1
1e-08,970,0.00793499872,0.00724072708,0.000105469815,884,1,1
1e-08,971,0.00794406421,0.00724917976,0.000105615021,884,1,1
1e-08,972,0.00795311853,0.00725762499,0.000105759835,884,1,1
1e-08,973,0.00796216261,0.00726605859,0.000105904553,884,1,1
1e-08,974,0.00797121506,0.00727450103,0.000106049411,884,1,1
1e-08,975,0.00798027124,0.00728294952,0.000106194646,884,1,1
1e-08,976,0.00798934419,0.00729141105,0.000106339998,884,1,1
1e-08,977,0.00799839944,0.00729985721,0.000106485306,884,1,1
1e-08,978,0.00800746586,0.00730831455,0.000106630701,884,1,1
1e-08,979,0.00801652484,0.00731676444,0.000106776111,884,1,1
1e-08,980,0.00802559592,0.00732522644,0.000106921565,884,1,1
1e-08,981,0.00803466234,0.00733368471,0.000107067193,884,1,1
1e-08,982,0.0080437474,0.00734215882,0.000107213149,884,1,1
1e-08,983,0.00805281196,0.00735061662,0.000107358799,884,1,1
1e-08,984,0.00806189328,0.0073590884,0.000107504631,884,1,1
1e-08,985,0.0080709653,0.00736755226,0.000107650565,884,1,1
1e-08,986,0.00808004662,0.00737602636,0.000107796623,884,1,1
1e-08,987,0.00808912516,0.00738449814,0.000107942673,884,1,1
1e-08,988,0.00809822045,0.00739298388,0.000108089167,884,1,1
1e-08,989,0.00810730364,0.00740145985,0.000108235297,884,1,1
1e-08,990,0.00811639335,0.00740993954,0.000108381711,884,1,1
1e-08,991,0.00812548772,0.00741842855,0.000108528387,884,1,1
1e-08,992,0.00813457277,0.00742690638,0.000108674765,884,1,1
1e-08,993,0.00814366434,0.00743539026,0.000108821376,884,1,1
1e-08,994,0.00815276057,0.00744387973,0.000108968117,884,1,1
1e-08,995,0.00816186052,0.00745237246,0.000109114902,884,1,1
1e-08,996,0.00817096233,0.00746086705,0.000109261935,884,1,1
1e-08,997,0.00818006415,0.00746936304,0.000109408786,884,1,1
1e-08,998,0.00818916503,0.0074778581,0.000109555884,884,1,1
1e-08,999,0.00819827523,0.00748636108,0.000109702989,884,1,1
1e-08,1000,0.00820738822,0.00749486871,0.00010985032,884,1,1
1e-08,1001,0.00821648818,0.00750336191,0.000109997527,884,1,1
1e-08,1002,0.0082256021,0.00751187,0.00011014488,884,1,1
1e-08,1003,0.00823472254,0.00752038369,0.000110292465,884,1,1
1e-08,1004,0.00824382808,0.0075288848,0.00011043992,884,1,1
1e-08,1005,0.00825294387,0.00753739476,0.000110587629,884,1,1
1e-08,1006,0.00826206245,0.00754590891,0.000110735447,884,1,1
1e-08,1007,0.00827118196,0.00755442353,0.000110883084,884,1,1
1e-08,1008,0.00828032009,0.00756295538,0.000111031215,884,1,1
1e-08,1009,0.0082894424,0.00757147279,0.000111179208,884,1,1
1e-08,1010,0.00829856005,0.00757998554,0.000111327048,884,1,1
1e-08,1011,0.00830769911,0.00758851971,0.000111475427,884,1,1
1e-08,1012,0.00831683539,0.00759705063,0.00011162374,884,1,1
1e-08,1013,0.00832597166,0.00760558248,0.000111772184,884,1,1
1e-08,1014,0.00833509862,0.0076141078,0.000111920432,884,1,1
1e-08,1015,0.00834425446,0.00762265828,0.000112069145,884,1,1
1e-08,1016,0.00835337769,0.00763117755,0.00011221748,884,1,1
1e-08,1017,0.00836251862,0.00763971545,0.000112366244,884,1,1
1e-08,1018,0.00837165862,0.00764825195,0.000112514805,884,1,1
1e-08,1019,0.00838081073,0.00765680009,0.000112663802,884,1,1
1e-08,1020,0.00838995725,0.00766534219,0.000112812682,884,1,1
1e-08,1021,0.00839911494,0.00767389592,0.00011296192,884,1,1
1e-08,1022,0.00840824842,0.0076824287,0.000113110655,884,1,1
1e-08,1023,0.00841741357,0.00769098988,0.000113260212,884,1,1
