dt,traj,s1,s2,s3,converged
0.5,0,0.183673441,2.1668356e-09,3.45922047e-09,1
0.5,1,0.183683068,3.03127354e-06,-1.32133255e-06,1
0.5,2,0.183692679,6.06458616e-06,-2.64264031e-06,1
0.5,3,0.18370229,9.09979008e-06,-3.96385622e-06,1
0.5,4,0.183711886,1.21327967e-05,-5.28722376e-06,1
0.5,5,0.183721483,1.51709073e-05,-6.60882961e-06,1
0.5,6,0.183731079,1.82109707e-05,-7.93035815e-06,1
0.5,7,0.183740675,2.1253014e-05,-9.25172026e-06,1
0.5,8,0.183750302,2.4297e-05,-1.05731433e-05,1
0.5,9,0.183759928,2.73429614e-05,-1.18944172e-05,1
0.5,10,0.183769524,3.03733923e-05,-1.3209331e-05,1
0.5,11,0.183779135,3.34215292e-05,-1.452981e-05,1
0.5,12,0.183788732,3.64716216e-05,-1.58501934e-05,1
0.5,13,0.183798343,3.95237075e-05,-1.71705087e-05,1
0.5,14,0.183807999,4.2577798e-05,-1.84907349e-05,1
0.5,15,0.183817625,4.56337802e-05,-1.98108701e-05,1
0.5,16,0.183827221,4.86832032e-05,-2.11297302e-05,1
0.5,17,0.183836833,5.17426015e-05,-2.24496307e-05,1
0.5,18,0.183846444,5.48039607e-05,-2.3769453e-05,1
0.5,19,0.18385607,5.78673207e-05,-2.5089179e-05,1
0.5,20,0.183865696,6.09326053e-05,-2.64088285e-05,1
0.5,21,0.183875367,6.39999198e-05,-2.77283852e-05,1
0.5,22,0.183885008,6.70691516e-05,-2.90478729e-05,1
0.5,23,0.18389459,7.01403769e-05,-3.03672678e-05,1
0.5,24,0.183904275,7.32135668e-05,-3.16865808e-05,1
0.5,25,0.183913901,7.62887285e-05,-3.30058137e-05,1
0.5,26,0.183923542,7.93658546e-05,-3.43249485e-05,1
0.5,27,0.183933154,8.24448944e-05,-3.56440141e-05,1
0.5,28,0.183942795,8.55259641e-05,-3.69629997e-05,1
0.5,29,0.183952451,8.86090202e-05,-3.82818907e-05,1
0.5,30,0.183962137,9.16940844e-05,-3.96007053e-05,1
0.5,31,0.183971733,9.47809604e-05,-4.09194363e-05,1
0.5,32,0.183981419,9.78699463e-05,-4.22380726e-05,1
0.5,33,0.18399106,0.00010096086,-4.3556629e-05,1
0.5,34,0.184000745,0.000104053659,-4.48751089e-05,1
0.5,35,0.184010357,0.000107148589,-4.61934942e-05,1
0.5,36,0.184020042,0.000110245419,-4.75117849e-05,1
0.5,37,0.184029683,0.00011334422,-4.88300175e-05,1
0.5,38,0.184039339,0.000116445131,-5.01481518e-05,1
0.5,39,0.18404898,0.000119547716,-5.14662133e-05,1
0.5,40,0.184058651,0.000122652462,-5.27841839e-05,1
0.5,41,0.184068307,0.000125759136,-5.41020709e-05,1
0.5,42,0.184077978,0.000128867803,-5.54198778e-05,1
0.5,43,0.184087664,0.000131978493,-5.67375973e-05,1
0.5,44,0.184097365,0.000135091061,-5.80552223e-05,1
0.5,45,0.184106991,0.000138205578,-5.93727673e-05,1
0.5,46,0.184116706,0.000141322176,-6.06902395e-05,1
0.5,47,0.184126362,0.000144440826,-6.20076098e-05,1
0.5,48,0.184136018,0.000147561208,-6.33249001e-05,1
0.5,49,0.184145719,0.000150683787,-6.46421249e-05,1
0.5,50,0.18415539,0.000153808316,-6.59592552e-05,1
0.5,51,0.184165105,0.000156934751,-6.72762835e-05,1
0.5,52,0.184174761,0.000160063195,-6.85932537e-05,1
0.5,53,0.184184432,0.000163193297,-6.99101365e-05,1
0.5,54,0.184194133,0.000166325743,-7.12269248e-05,1
0.5,55,0.184203818,0.000169460269,-7.25436184e-05,1
0.5,56,0.184213519,0.000172596527,-7.38602394e-05,1
0.5,57,0.184223264,0.000175734924,-7.51767802e-05,1
0.5,58,0.18423292,0.000178875227,-7.64932192e-05,1
0.5,59,0.184242621,0.000182017291,-7.78095855e-05,1
0.5,60,0.184252292,0.000185161509,-7.91258717e-05,1
0.5,61,0.184262037,0.000188307851,-8.04420633e-05,1
0.5,62,0.184271753,0.000191456202,-8.17581822e-05,1
0.5,63,0.184281439,0.000194606109,-8.30742138e-05,1
0.5,64,0.184291139,0.000197758462,-8.43901507e-05,1
0.5,65,0.184300825,0.000200912531,-8.57060077e-05,1
0.5,66,0.184310555,0.000204068623,-8.70217991e-05,1
0.5,67,0.184320241,0.000207226592,-8.83374669e-05,1
0.5,68,0.184329987,0.000210386759,-8.96530619e-05,1
0.5,69,0.184339672,0.000213548701,-9.09685987e-05,1
0.5,70,0.184349403,0.000216712811,-9.22840263e-05,1
0.5,71,0.184359074,0.000219878624,-9.35993667e-05,1
0.5,72,0.184368819,0.000223046896,-9.49146415e-05,1
0.5,73,0.184378594,0.000226216842,-9.62298072e-05,1
0.5,74,0.18438828,0.000229388694,-9.75449148e-05,1
0.5,75,0.18439804,0.000232562656,-9.88599204e-05,1
0.5,76,0.184407711,0.000235738597,-0.000100174839,1
0.5,77,0.184417427,0.000238916415,-0.000101489684,1
0.5,78,0.184427217,0.000242096517,-0.000102804435,1
0.5,79,0.184436902,0.000245278352,-0.000104119099,1
0.5,80,0.184446648,0.000248462136,-0.00010543369,1
0.5,81,0.184456438,0.000251648016,-0.000106748164,1
0.5,82,0.184466138,0.000254835933,-0.000108062595,1
0.5,83,0.184475839,0.000258025568,-0.000109376917,1
0.5,84,0.184485629,0.000261217385,-0.000110691166,1
0.5,85,0.18449536,0.000264411356,-0.000112005335,1
0.5,86,0.184505135,0.000267607073,-0.000113319395,1
0.5,87,0.184514835,0.000270804798,-0.000114633396,1
0.5,88,0.184524581,0.000274004356,-0.000115947267,1
0.5,89,0.184534356,0.000277206243,-0.000117261086,1
0.5,90,0.184544116,0.000280409906,-0.000118574826,1
0.5,91,0.184553862,0.000283615664,-0.000119888457,1
0.5,92,0.184563607,0.000286823313,-0.000121202051,1
0.5,93,0.184573382,0.000290032971,-0.000122515499,1
0.5,94,0.184583113,0.000293244491,-0.000123828897,1
0.5,95,0.184592903,0.000296458194,-0.000125142193,1
0.5,96,0.184602678,0.000299673877,-0.000126455416,1
0.5,97,0.184612423,0.000302891596,-0.000127768537,1
0.5,98,0.184622213,0.000306111266,-0.000129081585,1
0.5,99,0.184631929,0.000309332594,-0.000130394546,1
0.5,100,0.184641689,0.000312556251,-0.00013170742,1
0.5,101,0.184651494,0.000315781828,-0.000133020192,1
0.5,102,0.184661284,0.000319009385,-0.000134332906,1
0.5,103,0.184671029,0.0003222386,-0.000135645532,1
0.5,104,0.184680805,0.000325470493,-0.000136958028,1
0.5,105,0.184690595,0.0003287039,-0.00013827048,1
0.5,106,0.184700385,0.000331939402,-0.000139582888,1
0.5,107,0.18471013,0.00033517665,-0.000140895107,1
0.5,108,0.18471995,0.000338416547,-0.000142207326,1
0.5,109,0.184729725,0.000341657898,-0.000143519428,1
0.5,110,0.184739515,0.000344901375,-0.000144831414,1
0.5,111,0.184749305,0.00034814715,-0.000146143357,1
0.5,112,0.18475908,0.000351394556,-0.000147455226,1
0.5,113,0.184768856,0.00035464362,-0.00014876698,1
0.5,114,0.184778705,0.000357895246,-0.00015007866,1
0.5,115,0.18478848,0.000361148588,-0.000151390253,1
0.5,116,0.18479827,0.000364404317,-0.00015270173,1
0.5,117,0.184808061,0.000367661647,-0.000154013134,1
0.5,118,0.18481788,0.000370920898,-0.000155324436,1
0.5,119,0.184827685,0.000374182273,-0.00015663571,1
0.5,120,0.184837461,0.000377445947,-0.000157946881,1
0.5,121,0.18484728,0.000380711048,-0.000159257921,1
0.5,122,0.1848571,0.000383978535,-0.000160568918,1
0.5,123,0.184866905,0.000387247972,-0.000161879783,1
0.5,124,0.18487668,0.000390519766,-0.000163190605,1
0.5,125,0.184886545,0.000393793074,-0.000164501325,1
0.5,126,0.184896335,0.000397068245,-0.000165811987,1
0.5,127,0.184906185,0.000400346034,-0.000167122518,1
0.5,128,0.184916005,0.000403625134,-0.000168433005,1
0.5,129,0.184925839,0.000406906329,-0.000169743391,1
0.5,130,0.184935614,0.000410189969,-0.000171053645,1
0.5,131,0.184945464,0.000413475209,-0.000172363842,1
0.5,132,0.184955299,0.000416762632,-0.00017367398,1
0.5,133,0.184965104,0.000420051627,-0.000174984016,1
0.5,134,0.184974939,0.000423343387,-0.000176293936,1
0.5,135,0.184984788,0.00042663666,-0.000177603826,1
0.5,136,0.184994623,0.000429932086,-0.000178913571,1
0.5,137,0.185004428,0.000433229055,-0.000180223258,1
0.5,138,0.185014233,0.00043652876,-0.000181532858,1
0.5,139,0.185024157,0.000439830008,-0.00018284237,1
0.5,140,0.185033977,0.000443133467,-0.000184151781,1
0.5,141,0.185043782,0.000446438731,-0.000185461162,1
0.5,142,0.185053632,0.000449746352,-0.000186770383,1
0.5,143,0.185063466,0.000453055312,-0.000188079546,1
0.5,144,0.185073331,0.000456366601,-0.000189388651,1
0.5,145,0.185083196,0.00045968013,-0.00019069761,1
0.5,146,0.185093045,0.000462995667,-0.000192006526,1
0.5,147,0.18510291,0.000466312747,-0.00019331534,1
0.5,148,0.185112745,0.00046963201,-0.000194624066,1
0.5,149,0.185122579,0.000472953398,-0.000195932706,1
0.5,150,0.185132444,0.000476276764,-0.000197241243,1
0.5,151,0.185142279,0.000479602168,-0.000198549737,1
0.5,152,0.185152173,0.000482929638,-0.000199858114,1
0.5,153,0.185162053,0.000486258999,-0.000201166389,1
0.5,154,0.185171917,0.000489590631,-0.000202474606,1
0.5,155,0.185181797,0.000492924184,-0.000203782722,1
0.5,156,0.185191646,0.000496259076,-0.000205090764,1
0.5,157,0.185201496,0.000499596586,-0.000206398705,1
0.5,158,0.18521139,0.000502935844,-0.000207706558,1
0.5,159,0.185221225,0.000506277021,-0.000209014324,1
0.5,160,0.185231164,0.000509620644,-0.000210322032,1
0.5,161,0.185240999,0.000512965838,-0.000211629624,1
0.5,162,0.185250878,0.000516313594,-0.000212937113,1
0.5,163,0.185260743,0.000519662921,-0.000214244545,1
0.5,164,0.185270667,0.00052301446,-0.000215551874,1
0.5,165,0.185280517,0.000526367745,-0.000216859131,1
0.5,166,0.185290441,0.000529723358,-0.000218166271,1
0.5,167,0.185300305,0.000533080834,-0.000219473353,1
0.5,168,0.18531023,0.000536440173,-0.000220780334,1
0.5,169,0.185320124,0.000539801724,-0.000222087212,1
0.5,170,0.185329974,0.000543165195,-0.000223394061,1
0.5,171,0.185339868,0.000546530529,-0.000224700765,1
0.5,172,0.185349777,0.000549897843,-0.000226007396,1
0.5,173,0.185359642,0.000553267484,-0.000227313954,1
0.5,174,0.185369581,0.000556639221,-0.000228620353,1
0.5,175,0.18537949,0.000560012646,-0.00022992678,1
0.5,176,0.185389385,0.000563387992,-0.000231233076,1
0.5,177,0.185399294,0.00056676555,-0.000232539242,1
0.5,178,0.185409203,0.000570145319,-0.000233845392,1
0.5,179,0.185419112,0.00057352666,-0.000235151369,1
0.5,180,0.185429022,0.000576910388,-0.000236457345,1
0.5,181,0.185438961,0.000580295571,-0.00023776319,1
0.5,182,0.18544887,0.000583683315,-0.00023906889,1
0.5,183,0.185458794,0.000587073038,-0.000240374604,1
0.5,184,0.185468718,0.000590464799,-0.000241680202,1
0.5,185,0.185478583,0.000593858189,-0.000242985669,1
0.5,186,0.185488537,0.000597253558,-0.000244291092,1
0.5,187,0.185498461,0.00060065143,-0.000245596369,1
0.5,188,0.185508415,0.000604050758,-0.000246901647,1
0.5,189,0.185518295,0.000607452588,-0.00024820675,1
0.5,190,0.185528234,0.000610856398,-0.000249511795,1
0.5,191,0.185538188,0.00061426207,-0.000250816782,1
0.5,192,0.185548112,0.000617669837,-0.000252121652,1
0.5,193,0.185558036,0.000621079118,-0.000253426464,1
0.5,194,0.18556799,0.000624491018,-0.000254731131,1
0.5,195,0.185577944,0.000627904548,-0.000256035739,1
0.5,196,0.185587883,0.000631320407,-0.00025734026,1
0.5,197,0.185597822,0.00063473871,-0.000258644694,1
0.5,198,0.185607746,0.000638157886,-0.000259949069,1
0.5,199,0.185617685,0.000641580031,-0.000261253328,1
0.5,200,0.185627639,0.000645003922,-0.000262557471,1
0.5,201,0.185637563,0.00064842921,-0.000263861613,1
0.5,202,0.185647547,0.000651857175,-0.000265165523,1
0.5,203,0.185657471,0.000655287236,-0.000266469491,1
0.5,204,0.185667455,0.000658719218,-0.000267773285,1
0.5,205,0.185677394,0.000662153005,-0.000269076991,1
0.5,206,0.185687348,0.000665588654,-0.000270380668,1
0.5,207,0.185697362,0.000669026922,-0.000271684228,1
0.5,208,0.185707271,0.000672466704,-0.000272987672,1
0.5,209,0.185717255,0.000675908814,-0.000274291087,1
0.5,210,0.185727224,0.000679352728,-0.000275594299,1
0.5,211,0.185737178,0.000682799029,-0.000276897539,1
0.5,212,0.185747147,0.00068624696,-0.000278200634,1
0.5,213,0.185757086,0.000689696695,-0.000279503729,1
0.5,214,0.185767084,0.000693148526,-0.000280806562,1
0.5,215,0.185777083,0.000696602976,-0.000282109424,1
0.5,216,0.185787037,0.000700059521,-0.000283412199,1
0.5,217,0.185797006,0.000703516998,-0.000284714886,1
0.5,218,0.18580699,0.000706977269,-0.000286017428,1
0.5,219,0.185817003,0.000710439926,-0.000287319883,1
0.5,220,0.185826972,0.000713903166,-0.000288622279,1
0.5,221,0.185836911,0.000717369898,-0.000289924617,1
0.5,222,0.18584691,0.000720837968,-0.000291226868,1
0.5,223,0.185856938,0.000724308018,-0.000292528945,1
0.5,224,0.185866922,0.000727780454,-0.00029383105,1
0.5,225,0.185876936,0.000731254579,-0.000295132981,1
0.5,226,0.185886905,0.000734731148,-0.000296434853,1
0.5,227,0.185896903,0.000738209463,-0.00029773658,1
0.5,228,0.185906932,0.000741690223,-0.000299038278,1
0.5,229,0.185916886,0.000745171856,-0.00030033986,1
0.5,230,0.185926884,0.000748656515,-0.000301641383,1
0.5,231,0.185936883,0.000752142922,-0.00030294279,1
0.5,232,0.185946897,0.000755631307,-0.000304244109,1
0.5,233,0.185956925,0.000759121962,-0.000305545342,1
0.5,234,0.185966924,0.000762614247,-0.000306846574,1
0.5,235,0.185976923,0.000766109151,-0.000308147602,1
0.5,236,0.185986966,0.000769604987,-0.000309448573,1
0.5,237,0.185996965,0.000773104024,-0.000310749398,1
0.5,238,0.186006993,0.0007766044,-0.000312050222,1
0.5,239,0.186016962,0.00078010693,-0.000313350902,1
0.5,240,0.186027005,0.000783611962,-0.000314651581,1
0.5,241,0.186037034,0.000787118799,-0.000315952115,1
0.5,242,0.186047062,0.000790627149,-0.000317252561,1
0.5,243,0.186057091,0.00079413841,-0.000318552862,1
0.5,244,0.186067104,0.000797650951,-0.000319853105,1
0.5,245,0.186077103,0.000801165006,-0.000321153289,1
0.5,246,0.186087176,0.000804682611,-0.000322453387,1
0.5,247,0.18609719,0.000808201032,-0.000323753309,1
0.5,248,0.186107203,0.000811721839,-0.000325053232,1
0.5,249,0.186117247,0.000815244857,-0.000326353125,1
0.5,250,0.186127275,0.00081877003,-0.000327652757,1
0.5,251,0.186137319,0.000822297006,-0.000328952447,1
0.5,252,0.186147422,0.000825826253,-0.000330251933,1
0.5,253,0.186157405,0.00082935713,-0.00033155136,1
0.5,254,0.186167449,0.000832889637,-0.00033285073,1
0.5,255,0.186177492,0.000836425344,-0.000334150041,1
0.5,256,0.18618755,0.000839961576,-0.000335449236,1
0.5,257,0.186197609,0.000843501883,-0.000336748286,1
0.5,258,0.186207622,0.000847042131,-0.000338047335,1
0.5,259,0.186217725,0.00085058593,-0.00033934621,1
0.5,260,0.186227754,0.000854130019,-0.000340645056,1
0.5,261,0.186237812,0.000857677951,-0.000341943727,1
0.5,262,0.18624787,0.000861227454,-0.000343242486,1
0.5,263,0.186257929,0.000864778936,-0.000344540895,1
0.5,264,0.186268002,0.000868332165,-0.000345839391,1
0.5,265,0.186278045,0.000871887314,-0.0003471378,1
0.5,266,0.186288133,0.000875444734,-0.000348436035,1
0.5,267,0.186298162,0.000879003666,-0.00034973427,1
0.5,268,0.186308235,0.000882565801,-0.000351032359,1
0.5,269,0.186318338,0.000886129448,-0.000352330331,1
0.5,270,0.186328411,0.000889694784,-0.000353628333,1
0.5,271,0.186338469,0.000893262622,-0.00035492616,1
0.5,272,0.186348572,0.000896832324,-0.0003562239,1
0.5,273,0.186358631,0.000900404353,-0.000357521465,1
0.5,274,0.186368689,0.000903977721,-0.00035881903,1
0.5,275,0.186378777,0.000907552894,-0.000360116566,1
0.5,276,0.186388895,0.000911130686,-0.000361413899,1
0.5,277,0.186398983,0.000914710516,-0.000362711202,1
0.5,278,0.186409101,0.000918292673,-0.000364008389,1
0.5,279,0.186419129,0.00092187681,-0.000365305488,1
0.5,280,0.186429232,0.000925462518,-0.000366602559,1
0.5,281,0.18643932,0.000929050555,-0.000367899367,1
0.5,282,0.186449423,0.000932640454,-0.000369196292,1
0.5,283,0.186459512,0.000936232042,-0.000370493042,1
0.5,284,0.186469615,0.000939825783,-0.000371789676,1
0.5,285,0.186479732,0.000943422492,-0.000373086281,1
0.5,286,0.186489806,0.00094702089,-0.000374382711,1
0.5,287,0.186499938,0.000950621092,-0.000375679083,1
0.5,288,0.186510041,0.00095422368,-0.000376975426,1
0.5,289,0.186520144,0.000957828364,-0.000378271565,1
0.5,290,0.186530262,0.000961433689,-0.000379567675,1
0.5,291,0.186540335,0.00096504204,-0.000380863668,1
0.5,292,0.186550483,0.00096865237,-0.000382159633,1
0.5,293,0.186560571,0.00097226497,-0.000383455481,1
0.5,294,0.186570704,0.000975879782,-0.000384751213,1
0.5,295,0.186580822,0.000979495817,-0.000386046886,1
0.5,296,0.186590925,0.000983114354,-0.000387342414,1
0.5,297,0.186601073,0.000986736035,-0.000388637854,1
0.5,298,0.18661119,0.000990358414,-0.000389933237,1
0.5,299,0.186621264,0.000993982307,-0.000391228619,1
0.5,300,0.186631471,0.000997608993,-0.000392523769,1
0.5,301,0.186641574,0.00100123847,-0.000393818773,1
0.5,302,0.186651662,0.00100486877,-0.000395113864,1
0.5,303,0.18666181,0.00100850186,-0.000396408839,1
0.5,304,0.186671957,0.00101213704,-0.00039770361,1
0.5,305,0.18668206,0.00101577351,-0.000398998411,1
0.5,306,0.186692223,0.00101941242,-0.000400293007,1
0.5,307,0.186702371,0.00102305366,-0.000401587604,1
0.5,308,0.186712474,0.00102669664,-0.000402882055,1
0.5,309,0.186722696,0.00103034172,-0.000404176419,1
0.5,310,0.186732799,0.00103398948,-0.000405470724,1
0.5,311,0.186742917,0.00103763794,-0.000406764942,1
0.5,312,0.186753109,0.0010412893,-0.000408059044,1
0.5,313,0.186763242,0.0010449423,-0.000409353088,1
0.5,314,0.18677339,0.00104859786,-0.000410647015,1
0.5,315,0.186783552,0.00105225551,-0.000411940826,1
0.5,316,0.186793745,0.00105591503,-0.000413234491,1
0.5,317,0.186803848,0.00105957582,-0.000414528215,1
0.5,318,0.186814055,0.00106323953,-0.000415821734,1
0.5,319,0.186824173,0.00106690521,-0.000417115225,1
0.5,320,0.18683438,0.00107057358,-0.000418408599,1
0.5,321,0.186844513,0.00107424322,-0.000419701828,1
0.5,322,0.18685469,0.0010779138,-0.000420995057,1
0.5,323,0.186864838,0.00108158845,-0.00042228814,1
0.5,324,0.18687506,0.00108526461,-0.000423581136,1
0.5,325,0.186885193,0.00108894194,-0.000424874044,1
0.5,326,0.18689537,0.00109262159,-0.000426166895,1
0.5,327,0.186905593,0.00109630357,-0.00042745957,1
0.5,328,0.186915755,0.00109998847,-0.000428752246,1
0.5,329,0.186925903,0.0011036736,-0.000430044805,1
0.5,330,0.18693611,0.00110736163,-0.000431337277,1
0.5,331,0.186946303,0.00111105212,-0.000432629575,1
0.5,332,0.186956465,0.00111474469,-0.000433921843,1
0.5,333,0.186966643,0.00111843867,-0.000435214082,1
0.5,334,0.18697682,0.00112213485,-0.000436506205,1
0.5,335,0.186987013,0.0011258329,-0.00043779824,1
0.5,336,0.18699719,0.0011295341,-0.000439090014,1
0.5,337,0.187007442,0.00113323634,-0.000440381904,1
0.5,338,0.18701762,0.00113694067,-0.000441673561,1
0.5,339,0.187027812,0.0011406471,-0.000442965247,1
0.5,340,0.187038004,0.00114435586,-0.000444256759,1
0.5,341,0.187048212,0.00114806672,-0.000445548212,1
0.5,342,0.187058434,0.00115177932,-0.000446839607,1
0.5,343,0.187068611,0.0011554946,-0.000448130799,1
0.5,344,0.187078834,0.00115921116,-0.000449421932,1
0.5,345,0.187089056,0.00116293039,-0.000450713007,1
0.5,346,0.187099263,0.00116665161,-0.000452003995,1
0.5,347,0.187109455,0.0011703741,-0.000453294895,1
0.5,348,0.187119663,0.00117409928,-0.000454585708,1
0.5,349,0.187129855,0.0011778262,-0.000455876463,1
0.5,350,0.187140092,0.00118155533,-0.000457166985,1
0.5,351,0.187150359,0.00118528702,-0.000458457536,1
0.5,352,0.187160566,0.00118901988,-0.000459747971,1
0.5,353,0.187170774,0.001192756,-0.000461038289,1
0.5,354,0.187180966,0.00119649293,-0.000462328491,1
0.5,355,0.187191203,0.00120023289,-0.000463618606,1
0.5,356,0.187201485,0.00120397389,-0.000464908779,1
0.5,357,0.187211707,0.00120771804,-0.00046619869,1
0.5,358,0.187221885,0.00121143169,-0.000467543141,1
0.5,359,0.187232107,0.00121517875,-0.000468833081,1
0.5,360,0.187242359,0.00121892954,-0.000470122934,1
0.5,361,0.187252581,0.00122268044,-0.00047141267,1
0.5,362,0.187262833,0.00122643483,-0.000472702261,1
0.5,363,0.187273085,0.00123019097,-0.000473991851,1
0.5,364,0.187283307,0.00123394781,-0.000475281355,1
0.5,365,0.187293559,0.00123770849,-0.000476570684,1
0.5,366,0.187303796,0.00124146987,-0.000477859983,1
0.5,367,0.187314063,0.00124523533,-0.000479149166,1
0.5,368,0.1873243,0.00124899996,-0.00048043835,1
0.5,369,0.187334538,0.00125276891,-0.000481727271,1
0.5,370,0.187344804,0.00125653914,-0.000483016192,1
0.5,371,0.187355042,0.00126031169,-0.000484304997,1
0.5,372,0.187365323,0.00126408529,-0.000485593715,1
0.5,373,0.187375605,0.0012678632,-0.000486882258,1
0.5,374,0.187385842,0.00127164053,-0.000488170888,1
0.5,375,0.187396139,0.00127542112,-0.000489459257,1
0.5,376,0.187406391,0.00127920392,-0.000490747683,1
0.5,377,0.187416673,0.0012829894,-0.000492035935,1
0.5,378,0.18742694,0.00128677627,-0.000493324012,1
0.5,379,0.187437177,0.00129056419,-0.00049461209,1
0.5,380,0.187447473,0.00129435584,-0.000495900109,1
0.5,381,0.18745777,0.00129814888,-0.000497187953,1
0.5,382,0.187467977,0.00130194367,-0.000498475798,1
0.5,383,0.187478319,0.00130574114,-0.000499763468,1
0.5,384,0.187488586,0.00130953989,-0.000501051079,1
0.5,385,0.187498897,0.00131334108,-0.000502338517,1
0.5,386,0.18750912,0.00131714449,-0.00050362607,1
0.5,387,0.187519431,0.00132094964,-0.000504913332,1
0.5,388,0.187529743,0.00132475689,-0.000506200537,1
0.5,389,0.187540025,0.00132856588,-0.000507487683,1
0.5,390,0.187550306,0.00133237801,-0.00050877477,1
0.5,391,0.187560618,0.00133619213,-0.000510061625,1
0.5,392,0.1875709,0.00134000788,-0.00051134848,1
0.5,393,0.187581167,0.00134382537,-0.000512635219,1
0.5,394,0.187591493,0.00134764542,-0.000513921957,1
0.5,395,0.187601745,0.00135146629,-0.00051520858,1
0.5,396,0.187612072,0.00135529111,-0.000516494969,1
0.5,397,0.187622368,0.00135911687,-0.0005177813,1
0.5,398,0.18763268,0.00136294635,-0.000519067573,1
0.5,399,0.187642992,0.00136677583,-0.000520353788,1
0.5,400,0.187653303,0.00137060753,-0.000521639944,1
0.5,401,0.187663615,0.00137444132,-0.000522925984,1
0.5,402,0.187673956,0.00137827883,-0.00052421185,1
0.5,403,0.187684238,0.00138211786,-0.000525497657,1
0.5,404,0.187694579,0.00138595793,-0.000526783406,1
0.5,405,0.187704891,0.00138980092,-0.00052806898,1
0.5,406,0.187715188,0.00139364495,-0.000529354496,1
0.5,407,0.187725529,0.0013974919,-0.000530640013,1
0.5,408,0.187735811,0.00140134047,-0.000531925354,1
0.5,409,0.187746182,0.00140519172,-0.000533210696,1
0.5,410,0.187756494,0.00140904484,-0.000534495688,1
0.5,411,0.18776685,0.00141290016,-0.000535780855,1
0.5,412,0.187777162,0.00141675712,-0.000537065847,1
0.5,413,0.187787518,0.00142061617,-0.000538350781,1
0.5,414,0.187797815,0.00142447802,-0.000539635483,1
0.5,415,0.187808171,0.00142834056,-0.000540920126,1
0.5,416,0.187818542,0.00143220637,-0.000542204711,1
0.5,417,0.187828869,0.00143607392,-0.000543489237,1
0.5,418,0.18783915,0.00143994298,-0.000544773764,1
0.5,419,0.187849551,0.00144381623,-0.000546058,1
0.5,420,0.187859848,0.00144768914,-0.000547342235,1
0.5,421,0.187870204,0.00145156425,-0.000548626354,1
0.5,422,0.187880561,0.00145544286,-0.000549910357,1
0.5,423,0.187890932,0.00145932182,-0.00055119436,1
0.5,424,0.187901318,0.00146320462,-0.000552478188,1
0.5,425,0.187911585,0.00146708859,-0.0005537619,1
0.5,426,0.187922001,0.00147097465,-0.000555045553,1
0.5,427,0.187932357,0.00147486362,-0.000556329091,1
0.5,428,0.187942699,0.00147875363,-0.000557612511,1
0.5,429,0.187953085,0.00148264575,-0.000558895816,1
0.5,430,0.187963426,0.00148653891,-0.000560179353,1
0.5,431,0.187973797,0.00149043638,-0.000561462424,1
0.5,432,0.187984154,0.00149433513,-0.000562745379,1
0.5,433,0.187994555,0.00149823597,-0.000564028451,1
0.5,434,0.188004941,0.0015021388,-0.000565311348,1
0.5,435,0.188015267,0.0015060436,-0.00056659407,1
0.5,436,0.188025653,0.00150995038,-0.000567876792,1
0.5,437,0.188036025,0.00151385949,-0.00056915934,1
0.5,438,0.188046396,0.00151777104,-0.000570442004,1
0.5,439,0.188056812,0.00152168435,-0.000571724435,1
0.5,440,0.188067213,0.00152559998,-0.000573006691,1
0.5,441,0.188077554,0.00152951665,-0.000574288948,1
0.5,442,0.188087955,0.00153343717,-0.00057557103,1
0.5,443,0.188098311,0.00153735769,-0.00057685317,1
0.5,444,0.188108712,0.00154128158,-0.000578135077,1
0.5,445,0.188119113,0.00154520699,-0.000579416868,1
0.5,446,0.188129514,0.0015491345,-0.000580698601,1
0.5,447,0.18813993,0.00155306456,-0.000581980275,1
0.5,448,0.188150302,0.00155699591,-0.000583261892,1
0.5,449,0.188160717,0.00156093109,-0.000584543333,1
0.5,450,0.188171104,0.00156486616,-0.000585824659,1
0.5,451,0.188181505,0.00156880391,-0.000587105926,1
0.5,452,0.18819195,0.00157274504,-0.000588387076,1
0.5,453,0.188202322,0.00157668733,-0.00058966811,1
0.5,454,0.188212737,0.00158063241,-0.000590949145,1
0.5,455,0.188223124,0.00158457877,-0.000592230179,1
0.5,456,0.188233569,0.00158852839,-0.000593510922,1
0.5,457,0.188243955,0.0015924786,-0.000594791549,1
0.5,458,0.188254371,0.0015964316,-0.000596072117,1
0.5,459,0.188264772,0.00160038634,-0.000597352686,1
0.5,460,0.188275203,0.00160434237,-0.000598633196,1
0.5,461,0.188285634,0.00160830107,-0.000599913532,1
0.5,462,0.188296065,0.00161226257,-0.000601193751,1
0.5,463,0.188306496,0.00161622639,-0.000602473796,1
0.5,464,0.188316897,0.00162019162,-0.000603753724,1
0.5,465,0.188327357,0.00162415928,-0.000605033827,1
0.5,466,0.188337743,0.00162812776,-0.000606313639,1
0.5,467,0.188348219,0.00163210044,-0.000607593334,1
0.5,468,0.18835862,0.00163607334,-0.00060887303,1
0.5,469,0.18836908,0.00164004928,-0.000610152551,1
0.5,470,0.188379541,0.00164402777,-0.000611432013,1
0.5,471,0.188389942,0.0016480065,-0.000612711359,1
0.5,472,0.188400388,0.00165198848,-0.000613990705,1
0.5,473,0.188410833,0.00165597373,-0.000615269819,1
0.5,474,0.188421294,0.00165995909,-0.000616548874,1
0.5,475,0.188431695,0.00166394748,-0.000617827929,1
0.5,476,0.188442186,0.0016679375,-0.00061910681,1
0.5,477,0.188452646,0.00167193031,-0.000620385632,1
0.5,478,0.188463092,0.00167592533,-0.000621664221,1
0.5,479,0.188473552,0.00167992141,-0.000622942927,1
0.5,480,0.188483998,0.00168392016,-0.000624221342,1
0.5,481,0.188494459,0.00168792123,-0.000625499815,1
0.5,482,0.188504905,0.00169192487,-0.000626778114,1
0.5,483,0.18851535,0.00169592921,-0.000628056237,1
0.5,484,0.188525826,0.00169993716,-0.00062933442,1
0.5,485,0.188536316,0.00170394673,-0.000630612427,1
0.5,486,0.188546777,0.00170795713,-0.000631890376,1
0.5,487,0.188557237,0.00171197101,-0.000633168092,1
0.5,488,0.188567698,0.00171598583,-0.000634445867,1
0.5,489,0.188578174,0.00172000274,-0.000635723525,1
0.5,490,0.188588694,0.00172402302,-0.000637001009,1
0.5,491,0.188599154,0.00172804599,-0.00063827855,1
0.5,492,0.188609615,0.00173206918,-0.000639555743,1
0.5,493,0.188620105,0.00173609611,-0.00064083311,1
0.5,494,0.188630596,0.00174012373,-0.000642110128,1
0.5,495,0.188641056,0.00174415275,-0.000643387262,1
0.5,496,0.188651532,0.001748187,-0.000644664164,1
0.5,497,0.188662037,0.00175221998,-0.000645941123,1
0.5,498,0.188672557,0.00175625633,-0.00064721785,1
0.5,499,0.188683048,0.00176029478,-0.000648494577,1
0.5,500,0.188693523,0.00176433567,-0.000649771129,1
0.5,501,0.188703999,0.00176837866,-0.000651047565,1
0.5,502,0.188714489,0.00177242409,-0.000652323826,1
0.5,503,0.188724995,0.00177647092,-0.000653600262,1
0.5,504,0.1887355,0.00178052019,-0.000654876349,1
0.5,505,0.188745975,0.00178457028,-0.000656152435,1
0.5,506,0.188756511,0.00178862445,-0.000657428463,1
0.5,507,0.188767016,0.00179267942,-0.000658704317,1
0.5,508,0.188777521,0.00179673603,-0.000659980113,1
0.5,509,0.188788056,0.00180079706,-0.000661255908,1
0.5,510,0.188798532,0.00180485798,-0.000662531413,1
0.5,511,0.188809082,0.00180892099,-0.000663806975,1
0.5,512,0.188819572,0.00181298796,-0.000665082305,1
0.5,513,0.188830122,0.00181705703,-0.000666357635,1
0.5,514,0.188840628,0.00182112539,-0.000667632907,1
0.5,515,0.188851118,0.00182519713,-0.000668908004,1
0.5,516,0.188861653,0.00182927155,-0.000670183043,1
0.5,517,0.188872203,0.00183334912,-0.000671457965,1
0.5,518,0.188882694,0.0018374268,-0.000672732713,1
0.5,519,0.188893229,0.00184150669,-0.00067400746,1
0.5,520,0.188903764,0.00184559042,-0.000675282034,1
0.5,521,0.188914314,0.0018496752,-0.000676556549,1
0.5,522,0.188924849,0.00185376208,-0.000677831122,1
0.5,523,0.188935399,0.00185785256,-0.000679105287,1
0.5,524,0.188945919,0.00186194282,-0.000680379511,1
0.5,525,0.188956425,0.00186603446,-0.000681653735,1
0.5,526,0.188966975,0.00187013089,-0.000682927726,1
0.5,527,0.188977569,0.00187422871,-0.000684201717,1
0.5,528,0.18898809,0.00187832641,-0.000685475708,1
0.5,529,0.18899864,0.00188242865,-0.000686749408,1
0.5,530,0.189009205,0.00188653311,-0.000688022992,1
0.5,531,0.189019725,0.00189063919,-0.000689296576,1
0.5,532,0.18903029,0.00189474644,-0.000690569985,1
0.5,533,0.189040825,0.00189885753,-0.000691843336,1
0.5,534,0.189051419,0.00190296967,-0.000693116628,1
0.5,535,0.18906194,0.00190708356,-0.000694389804,1
0.5,536,0.189072534,0.00191119872,-0.000695662922,1
0.5,537,0.18908307,0.00191531738,-0.000696935924,1
0.5,538,0.189093679,0.00191943767,-0.000698208751,1
0.5,539,0.189104244,0.00192356098,-0.000699481403,1
0.5,540,0.189114749,0.00192768709,-0.000700754113,1
0.5,541,0.189125344,0.00193181273,-0.000702026824,1
0.5,542,0.189135909,0.00193594233,-0.000703299127,1
0.5,543,0.189146474,0.00194007298,-0.000704571605,1
0.5,544,0.189157054,0.00194420642,-0.000705843733,1
0.5,545,0.189167619,0.00194834091,-0.000707116094,1
0.5,546,0.189178213,0.00195247936,-0.000708388165,1
0.5,547,0.189188793,0.00195661862,-0.000709660177,1
0.5,548,0.189199373,0.00196075928,-0.000710931956,1
0.5,549,0.189209938,0.00196490414,-0.000712203793,1
0.5,550,0.189220533,0.00196905015,-0.000713475398,1
0.5,551,0.189231157,0.00197319896,-0.000714747002,1
0.5,552,0.189241752,0.00197734893,-0.000716018549,1
0.5,553,0.189252347,0.00198150054,-0.000717290037,1
0.5,554,0.189262912,0.00198565563,-0.00071856135,1
0.5,555,0.189273506,0.00198981212,-0.000719832431,1
0.5,556,0.189284101,0.00199397048,-0.00072110357,1
0.5,557,0.189294696,0.00199813093,-0.000722374476,1
0.5,558,0.189305305,0.00200229487,-0.000723645557,1
0.5,559,0.189315915,0.00200645905,-0.000724916405,1
0.5,560,0.18932654,0.00201062509,-0.000726186903,1
0.5,561,0.189337134,0.00201479462,-0.000727457693,1
0.5,562,0.189347744,0.00201896741,-0.000728728075,1
0.5,563,0.189358354,0.00202313974,-0.000729998515,1
0.5,564,0.189368978,0.00202731579,-0.000731268956,1
0.5,565,0.189379588,0.002031493,-0.000732539105,1
0.5,566,0.189390182,0.00203567254,-0.000733809138,1
0.5,567,0.189400807,0.00203985441,-0.000735079229,1
0.5,568,0.189411432,0.00204403722,-0.000736349146,1
0.5,569,0.189422041,0.00204822468,-0.000737618888,1
0.5,570,0.189432696,0.00205241237,-0.000738888688,1
0.5,571,0.18944332,0.00205660355,-0.000740158372,1
0.5,572,0.189453945,0.0020607959,-0.000741427823,1
0.5,573,0.189464569,0.00206498918,-0.000742697332,1
0.5,574,0.189475194,0.00206918572,-0.000743966724,1
0.5,575,0.189485818,0.00207338505,-0.000745235826,1
0.5,576,0.189496458,0.00207758648,-0.000746505044,1
0.5,577,0.189507082,0.00208178861,-0.000747773913,1
0.5,578,0.189517722,0.0020859933,-0.000749043073,1
0.5,579,0.189528376,0.00209020241,-0.000750311592,1
0.5,580,0.189539,0.00209441083,-0.000751580519,1
0.5,581,0.18954967,0.0020986232,-0.000752849039,1
0.5,582,0.189560339,0.0021028372,-0.0007541175,1
0.5,583,0.189570963,0.00210705097,-0.000755386078,1
0.5,584,0.189581648,0.00211126963,-0.000756654365,1
0.5,585,0.189592257,0.00211549015,-0.000757922651,1
0.5,586,0.189602882,0.00211971137,-0.000759190822,1
0.5,587,0.189613551,0.00212393585,-0.000760458817,1
0.5,588,0.18962422,0.00212816312,-0.000761726697,1
0.5,589,0.189634904,0.00213239132,-0.000762994634,1
0.5,590,0.189645529,0.00213662279,-0.000764262222,1
0.5,591,0.189656228,0.00214085518,-0.000765529985,1
0.5,592,0.189666882,0.00214508967,-0.000766797573,1
0.5,593,0.189677566,0.0021493251,-0.000768065045,1
0.5,594,0.189688206,0.00215356587,-0.000769332168,1
0.5,595,0.18969886,0.00215780525,-0.00077059964,1
0.5,596,0.189709574,0.00216205069,-0.000771866762,1
0.5,597,0.189720199,0.00216629612,-0.00077313371,1
0.5,598,0.189730868,0.00217054272,-0.000774400658,1
0.5,599,0.189741611,0.00217479258,-0.000775667606,1
0.5,600,0.189752281,0.00217904593,-0.000776934146,1
0.5,601,0.189762935,0.00218329858,-0.000778200978,1
0.5,602,0.189773634,0.00218755519,-0.00077946746,1
0.5,603,0.189784333,0.00219181227,-0.000780733884,1
0.5,604,0.189795017,0.002196074,-0.00078200025,1
0.5,605,0.189805672,0.0022003355,-0.0007832665,1
0.5,606,0.1898164,0.00220460119,-0.000784532633,1
0.5,607,0.18982704,0.00220886781,-0.000785798649,1
0.5,608,0.189837754,0.00221313606,-0.000787064666,1
0.5,609,0.189848468,0.00221740664,-0.000788330566,1
0.5,610,0.189859167,0.00222167955,-0.000789596292,1
0.5,611,0.189869866,0.00222595525,-0.000790861901,1
0.5,612,0.18988055,0.00223023188,-0.00079212751,1
0.5,613,0.189891264,0.00223451247,-0.00079339277,1
0.5,614,0.189901963,0.002238794,-0.000794658146,1
0.5,615,0.189912677,0.00224307762,-0.000795923464,1
0.5,616,0.189923391,0.00224736519,-0.00079718855,1
0.5,617,0.18993412,0.00225165254,-0.000798453635,1
0.5,618,0.189944789,0.00225594174,-0.000799718546,1
0.5,619,0.189955518,0.00226023397,-0.000800983515,1
0.5,620,0.189966261,0.0022645283,-0.000802248309,1
0.5,621,0.18997699,0.00226882473,-0.000803512812,1
0.5,622,0.189987689,0.00227312348,-0.000804777315,1
0.5,623,0.189998448,0.00227742619,-0.00080604176,1
0.5,624,0.190009162,0.0022817289,-0.000807306031,1
0.5,625,0.190019891,0.00228603277,-0.000808570418,1
0.5,626,0.19003059,0.00229034037,-0.000809834455,1
0.5,627,0.190041348,0.00229465007,-0.000811098609,1
0.5,628,0.190052047,0.00229896186,-0.000812362414,1
0.5,629,0.190062821,0.00230327528,-0.000813626277,1
0.5,630,0.190073535,0.00230759033,-0.000814890082,1
0.5,631,0.190084264,0.00231190794,-0.000816153828,1
0.5,632,0.190095022,0.00231622811,-0.000817417284,1
0.5,633,0.190105766,0.00232055178,-0.000818680681,1
0.5,634,0.19011648,0.00232487335,-0.000819944136,1
0.5,635,0.190127268,0.0023292026,-0.000821207184,1
0.5,636,0.190138027,0.00233353069,-0.000822470407,1
0.5,637,0.190148756,0.00233786181,-0.000823733397,1
0.5,638,0.190159544,0.00234219385,-0.000824996445,1
0.5,639,0.190170228,0.00234652823,-0.00082625926,1
0.5,640,0.190181032,0.00235086656,-0.000827521842,1
0.5,641,0.190191761,0.00235520396,-0.000828784483,1
0.5,642,0.190202504,0.00235954579,-0.000830047065,1
0.5,643,0.190213278,0.00236388901,-0.000831309473,1
0.5,644,0.190224037,0.00236823573,-0.000832571823,1
0.5,645,0.190234825,0.00237258291,-0.000833834114,1
0.5,646,0.190245584,0.00237693358,-0.000835096173,1
0.5,647,0.190256342,0.00238128379,-0.000836358289,1
0.5,648,0.190267101,0.00238564052,-0.000837620173,1
0.5,649,0.190277889,0.00238999538,-0.000838881999,1
0.5,650,0.190288663,0.00239435444,-0.000840143766,1
0.5,651,0.190299451,0.00239871442,-0.000841405301,1
0.5,652,0.190310225,0.0024030786,-0.000842666836,1
0.5,653,0.190321013,0.00240744255,-0.000843928254,1
0.5,654,0.190331802,0.00241181091,-0.000845189497,1
0.5,655,0.190342546,0.00241617835,-0.000846450741,1
0.5,656,0.190353349,0.00242055045,-0.00084771181,1
0.5,657,0.190364152,0.00242492487,-0.000848972879,1
0.5,658,0.190374896,0.00242929882,-0.000850233773,1
0.5,659,0.190385684,0.00243367651,-0.000851494493,1
0.5,660,0.190396473,0.00243805791,-0.000852755271,1
0.5,661,0.190407306,0.00244244165,-0.000854015816,1
0.5,662,0.190418124,0.00244682375,-0.000855276419,1
0.5,663,0.190428898,0.00245120912,-0.00085653679,1
0.5,664,0.190439686,0.00245559961,-0.00085779716,1
0.5,665,0.19045049,0.00245998939,-0.000859057298,1
0.5,666,0.190461293,0.00246438175,-0.000860317377,1
0.5,667,0.190472126,0.00246877782,-0.000861577457,1
0.5,668,0.1904829,0.00247317343,-0.000862837362,1
0.5,669,0.190493748,0.00247757463,-0.000864097034,1
0.5,670,0.190504536,0.00248197466,-0.000865356764,1
0.5,671,0.190515324,0.00248637842,-0.000866616319,1
0.5,672,0.190526158,0.00249078381,-0.000867875759,1
0.5,673,0.190536976,0.00249519059,-0.000869135198,1
0.5,674,0.190547824,0.0024996018,-0.00087039452,1
0.5,675,0.190558597,0.00250401301,-0.000871653727,1
0.5,676,0.190569445,0.00250842748,-0.000872912817,1
0.5,677,0.190580308,0.00251284661,-0.000874171616,1
0.5,678,0.190591097,0.00251726317,-0.000875430531,1
0.5,679,0.190601915,0.00252168439,-0.00087668933,1
0.5,680,0.190612748,0.00252610631,-0.000877948129,1
0.5,681,0.190623596,0.00253053079,-0.000879206695,1
0.5,682,0.190634415,0.00253495923,-0.000880465028,1
0.5,683,0.190645263,0.0025393879,-0.000881723478,1
0.5,684,0.190656111,0.00254381914,-0.000882981694,1
0.5,685,0.190666959,0.0025482527,-0.000884239795,1
0.5,686,0.190677762,0.00255268882,-0.000885497953,1
0.5,687,0.19068864,0.00255712727,-0.000886755879,1
0.5,688,0.190699488,0.00256156712,-0.000888013805,1
0.5,689,0.190710306,0.00256600999,-0.00088927144,1
0.5,690,0.190721184,0.0025704552,-0.000890529132,1
0.5,691,0.190732032,0.00257490017,-0.000891786709,1
0.5,692,0.190742895,0.00257934886,-0.000893044111,1
0.5,693,0.190753743,0.00258379895,-0.000894301396,1
0.5,694,0.190764576,0.00258825277,-0.000895558565,1
0.5,695,0.190775454,0.00259270729,-0.000896815909,1
0.5,696,0.190786272,0.0025971646,-0.000898072962,1
0.5,697,0.190797195,0.00260162423,-0.000899329723,1
0.5,698,0.190808028,0.00260608597,-0.000900586718,1
0.5,699,0.190818936,0.00261054863,-0.000901843421,1
0.5,700,0.190829754,0.00261501595,-0.00090309995,1
0.5,701,0.190840647,0.00261948281,-0.000904356479,1
0.5,702,0.190851554,0.00262395456,-0.000905612833,1
0.5,703,0.190862387,0.00262842677,-0.000906869187,1
0.5,704,0.19087328,0.00263290154,-0.000908125367,1
0.5,705,0.190884143,0.00263737747,-0.000909381546,1
0.5,706,0.190895021,0.00264185737,-0.000910637376,1
0.5,707,0.190905929,0.0026463375,-0.000911893439,1
0.5,708,0.190916806,0.00265081949,-0.00091314927,1
0.5,709,0.190927699,0.00265530706,-0.000914404867,1
0.5,710,0.190938592,0.00265979348,-0.000915660406,1
0.5,711,0.190949455,0.00266428292,-0.000916915946,1
0.5,712,0.190960348,0.00266877469,-0.000918171369,1
0.5,713,0.190971255,0.00267326832,-0.000919426733,1
0.5,714,0.190982133,0.00267776428,-0.00092068169,1
0.5,715,0.190993071,0.0026822628,-0.000921936822,1
0.5,716,0.191003948,0.00268676295,-0.000923191779,1
0.5,717,0.191014841,0.00269127847,-0.000924453139,1
0.5,718,0.191025764,0.00269578327,-0.00092570798,1
0.5,719,0.191036671,0.00270029041,-0.000926962646,1
0.5,720,0.191047564,0.00270479964,-0.000928217138,1
0.5,721,0.191058457,0.0027093098,-0.000929471513,1
0.5,722,0.191069365,0.00271382323,-0.000930725888,1
0.5,723,0.191080287,0.00271833944,-0.000931980205,1
0.5,724,0.191091225,0.00272285705,-0.000933234405,1
0.5,725,0.191102132,0.00272737723,-0.000934488431,1
0.5,726,0.19111307,0.00273189857,-0.000935742282,1
0.5,727,0.191123977,0.00273642456,-0.000936996017,1
0.5,728,0.191134885,0.00274094846,-0.000938250043,1
0.5,729,0.191145793,0.00274547609,-0.000939503603,1
0.5,730,0.191156715,0.0027500079,-0.000940756989,1
0.5,731,0.191167668,0.00275454111,-0.000942010607,1
0.5,732,0.191178605,0.00275907572,-0.000943263818,1
0.5,733,0.191189542,0.00276361359,-0.000944517029,1
0.5,734,0.191200465,0.00276815309,-0.000945770065,1
0.5,735,0.191211417,0.00277269469,-0.00094702316,1
0.5,736,0.19122234,0.00277723721,-0.000948276196,1
0.5,737,0.191233307,0.00278178533,-0.000949528825,1
0.5,738,0.19124423,0.00278633297,-0.00095078157,1
0.5,739,0.191255167,0.00279088039,-0.000952034199,1
0.5,740,0.191266105,0.00279543502,-0.000953286595,1
0.5,741,0.191277042,0.00279998896,-0.000954539049,1
0.5,742,0.191288009,0.00280454452,-0.000955791387,1
0.5,743,0.191298917,0.00280910381,-0.00095704355,1
0.5,744,0.191309914,0.00281366613,-0.000958295597,1
0.5,745,0.191320851,0.00281822728,-0.000959547702,1
0.5,746,0.191331804,0.00282279216,-0.000960799574,1
0.5,747,0.191342801,0.00282736239,-0.000962051156,1
0.5,748,0.191353723,0.00283193099,-0.000963302969,1
0.5,749,0.191364691,0.00283650425,-0.000964554434,1
0.5,750,0.191375658,0.00284107518,-0.000965805782,1
0.5,751,0.191386625,0.0028456531,-0.000967057189,1
0.5,752,0.191397563,0.00285023055,-0.000968308537,1
0.5,753,0.19140856,0.00285481219,-0.000969559653,1
0.5,754,0.191419527,0.00285939383,-0.000970810652,1
0.5,755,0.191430539,0.00286397943,-0.000972061534,1
0.5,756,0.191441476,0.00286856666,-0.000973312475,1
0.5,757,0.191452459,0.00287315622,-0.000974563125,1
0.5,758,0.191463426,0.00287774741,-0.000975813717,1
0.5,759,0.191474408,0.00288234046,-0.00097706425,1
0.5,760,0.191485405,0.00288693607,-0.000978314667,1
0.5,761,0.191496402,0.00289153424,-0.000979564968,1
0.5,762,0.191507369,0.00289613358,-0.000980815035,1
0.5,763,0.191518366,0.0029007385,-0.000982065103,1
0.5,764,0.191529348,0.002905339,-0.000983315287,1
0.5,765,0.19154036,0.00290994812,-0.000984565122,1
0.5,766,0.191551343,0.00291455723,-0.000985814724,1
0.5,767,0.191562355,0.00291916728,-0.000987064675,1
0.5,768,0.191573337,0.00292378105,-0.000988314045,1
0.5,769,0.191584378,0.00292839529,-0.000989563647,1
0.5,770,0.191595376,0.00293301372,-0.000990812783,1
0.5,771,0.191606328,0.00293763238,-0.000992062269,1
0.5,772,0.19161734,0.0029422529,-0.000993311405,1
0.5,773,0.191628352,0.00294687832,-0.000994560309,1
0.5,774,0.191639349,0.00295150396,-0.000995809329,1
0.5,775,0.191650391,0.00295613217,-0.000997058116,1
0.5,776,0.191661417,0.00296076364,-0.000998306787,1
0.5,777,0.191672415,0.00296539627,-0.000999555457,1
0.5,778,0.191683426,0.0029700303,-0.0010008039,1
0.5,779,0.191694438,0.00297466759,-0.00100205233,1
0.5,780,0.19170545,0.00297930697,-0.00100330089,1
0.5,781,0.191716507,0.00298394798,-0.00100454886,1
0.5,782,0.191727534,0.00298859132,-0.00100579683,1
0.5,783,0.191738561,0.0029932363,-0.00100704504,1
0.5,784,0.191749588,0.00299788499,-0.00100829289,1
0.5,785,0.1917606,0.00300253555,-0.00100954052,1
0.5,786,0.191771641,0.00300719007,-0.00101078814,1
0.5,787,0.191782683,0.00301184179,-0.00101203588,1
0.5,788,0.191793725,0.00301649934,-0.0010132835,1
0.5,789,0.191804752,0.00302115595,-0.00101453089,1
0.5,790,0.191815749,0.00302581838,-0.00101577805,1
0.5,791,0.19182685,0.00303048128,-0.00101702521,1
0.5,792,0.191837877,0.00303514628,-0.00101827236,1
0.5,793,0.191848919,0.00303981407,-0.00101951917,1
0.5,794,0.191859975,0.00304448418,-0.00102076586,1
0.5,795,0.191871017,0.00304915803,-0.00102201267,1
0.5,796,0.191882074,0.00305383001,-0.00102325936,1
0.5,797,0.191893116,0.0030585085,-0.00102450559,1
0.5,798,0.191904232,0.00306318537,-0.00102575216,1
0.5,799,0.191915229,0.00306786643,-0.00102699851,1
0.5,800,0.19192633,0.00307255005,-0.00102824473,1
0.5,801,0.191937372,0.00307723298,-0.00102949084,1
0.5,802,0.191948399,0.00308191939,-0.00103073684,1
0.5,803,0.191959471,0.00308660977,-0.00103198271,1
0.5,804,0.191970542,0.00309130014,-0.00103322847,1
0.5,805,0.191981658,0.00309599494,-0.001034474,1
0.5,806,0.19199267,0.00310069229,-0.00103571953,1
0.5,807,0.192003772,0.00310538942,-0.00103696506,1
0.5,808,0.192014843,0.00311008957,-0.00103821035,1
0.5,809,0.19202593,0.00311479112,-0.00103945553,1
0.5,810,0.192037031,0.00311949733,-0.00104070071,1
0.5,811,0.192048088,0.0031242033,-0.00104194588,1
0.5,812,0.192059204,0.00312891323,-0.00104319071,1
0.5,813,0.192070276,0.00313362363,-0.00104443554,1
0.5,814,0.192081362,0.00313833705,-0.00104568026,1
0.5,815,0.192092404,0.00314305187,-0.00104692485,1
0.5,816,0.19210355,0.00314777135,-0.00104816933,1
0.5,817,0.192114606,0.00315249013,-0.0010494137,1
0.5,818,0.192125678,0.00315721356,-0.00105065783,1
0.5,819,0.192136809,0.00316193723,-0.00105190219,1
0.5,820,0.19214794,0.00316666439,-0.00105314632,1
0.5,821,0.192158997,0.00317139062,-0.00105439022,1
0.5,822,0.192170098,0.0031761236,-0.001055634,1
0.5,823,0.192181185,0.00318085635,-0.0010568779,1
0.5,824,0.192192301,0.00318559166,-0.00105812156,1
0.5,825,0.192203447,0.00319032883,-0.00105936499,1
0.5,826,0.192214534,0.0031950695,-0.00106060854,1
0.5,827,0.192225665,0.00319981063,-0.00106185174,1
0.5,828,0.192236766,0.00320455502,-0.00106309506,1
0.5,829,0.192247853,0.00320929941,-0.00106433814,1
0.5,830,0.192258999,0.00321404915,-0.00106558111,1
0.5,831,0.192270115,0.0032187996,-0.00106682396,1
0.5,832,0.192281216,0.00322355237,-0.00106806681,1
0.5,833,0.192292377,0.00322830677,-0.00106930954,1
0.5,834,0.192303494,0.00323306443,-0.00107055216,1
0.5,835,0.192314625,0.00323782419,-0.00107179431,1
0.5,836,0.192325756,0.00324258721,-0.00107303681,1
0.5,837,0.192336887,0.00324735162,-0.00107427908,1
0.5,838,0.192348018,0.00325211789,-0.00107552134,1
0.5,839,0.192359164,0.00325688557,-0.00107676326,1
0.5,840,0.192370266,0.00326165464,-0.00107800518,1
0.5,841,0.192381427,0.00326642743,-0.0010792471,1
0.5,842,0.192392513,0.00327120232,-0.0010804889,1
0.5,843,0.192403719,0.00327597908,-0.00108173024,1
0.5,844,0.19241485,0.00328075839,-0.00108297181,1
0.5,845,0.192425996,0.00328553841,-0.00108421338,1
0.5,846,0.192437097,0.00329032261,-0.0010854546,1
0.5,847,0.192448333,0.003295111,-0.0010866957,1
0.5,848,0.192459434,0.0032998973,-0.00108793692,1
0.5,849,0.192470595,0.00330468803,-0.00108917779,1
0.5,850,0.192481786,0.00330947875,-0.00109041855,1
0.5,851,0.192492917,0.00331427413,-0.00109165953,1
0.5,852,0.192504063,0.00331906928,-0.00109290006,1
0.5,853,0.192515254,0.00332386955,-0.00109414058,1
0.5,854,0.1925264,0.00332867284,-0.00109538087,1
0.5,855,0.192537591,0.00333347544,-0.00109662116,1
0.5,856,0.192548737,0.00333827944,-0.00109786168,1
0.5,857,0.192559913,0.00334308809,-0.00109910173,1
0.5,858,0.192571104,0.0033478979,-0.00110034144,1
0.5,859,0.192582205,0.00335270935,-0.00110158138,1
0.5,860,0.192593411,0.00335752522,-0.00110282132,1
0.5,861,0.192604616,0.00336234248,-0.00110406126,1
0.5,862,0.192615807,0.00336716091,-0.0011053005,1
0.5,863,0.192626998,0.00337198004,-0.00110653997,1
0.5,864,0.192638144,0.00337680196,-0.00110777933,1
0.5,865,0.19264932,0.00338162878,-0.00110901869,1
0.5,866,0.19266054,0.00338645605,-0.00111025793,1
0.5,867,0.192671716,0.00339128566,-0.00111149671,1
0.5,868,0.192682907,0.00339611946,-0.0011127356,1
0.5,869,0.192694083,0.00340095186,-0.00111397437,1
0.5,870,0.192705318,0.00340578938,-0.00111521326,1
0.5,871,0.192716479,0.00341062434,-0.00111645169,1
0.5,872,0.192727685,0.00341546768,-0.00111769023,1
0.5,873,0.192738935,0.00342031149,-0.00111892878,1
0.5,874,0.192750067,0.00342515693,-0.00112016709,1
0.5,875,0.192761287,0.0034300026,-0.00112140516,1
0.5,876,0.192772523,0.0034348534,-0.00112264312,1
0.5,877,0.192783698,0.00343970512,-0.00112388108,1
0.5,878,0.192794919,0.00344455848,-0.00112511893,1
0.5,879,0.192806184,0.00344941695,-0.00112635677,1
0.5,880,0.192817315,0.00345427124,-0.00112759438,1
0.5,881,0.192828521,0.00345913251,-0.00112883153,1
0.5,882,0.192839801,0.00346399611,-0.00113006914,1
0.5,883,0.192851007,0.00346886041,-0.00113130652,1
0.5,884,0.192862213,0.0034737289,-0.00113254378,1
0.5,885,0.192873463,0.00347859901,-0.00113378081,1
0.5,886,0.192884684,0.00348347053,-0.00113501784,1
0.5,887,0.192895919,0.00348834274,-0.00113625475,1
0.5,888,0.19290714,0.00349321961,-0.00113749143,1
0.5,889,0.192918345,0.00349809881,-0.00113872811,1
0.5,890,0.192929596,0.00350298011,-0.00113996444,1
0.5,891,0.192940846,0.00350786187,-0.00114120101,1
0.5,892,0.192952082,0.00351274782,-0.0011424371,1
0.5,893,0.192963332,0.0035176354,-0.00114367332,1
0.5,894,0.192974567,0.00352252228,-0.00114490965,1
0.5,895,0.192985788,0.00352741475,-0.00114614551,1
0.5,896,0.192997038,0.00353230815,-0.0011473815,1
0.5,897,0.193008304,0.00353720505,-0.00114861713,1
0.5,898,0.193019569,0.00354210474,-0.00114985276,1
0.5,899,0.193030789,0.00354700419,-0.00115108851,1
0.5,900,0.193042025,0.00355190597,-0.00115232391,1
0.5,901,0.193053305,0.00355681195,-0.00115355919,1
0.5,902,0.19306457,0.00356171792,-0.00115479447,1
0.5,903,0.193075821,0.00356662762,-0.00115602941,1
0.5,904,0.193087101,0.00357153919,-0.00115726457,1
0.5,905,0.193098322,0.00357645098,-0.00115849962,1
0.5,906,0.193109572,0.00358136767,-0.00115973421,1
0.5,907,0.193120912,0.00358628598,-0.00116096891,1
0.5,908,0.193132162,0.00359120639,-0.00116220326,1
0.5,909,0.193143427,0.00359613029,-0.00116343796,1
0.5,910,0.193154693,0.00360105443,-0.0011646722,1
0.5,911,0.193165973,0.00360598136,-0.00116590655,1
0.5,912,0.193177238,0.00361091178,-0.00116714067,1
0.5,913,0.193188548,0.00361584243,-0.00116837467,1
0.5,914,0.193199784,0.00362077588,-0.00116960867,1
0.5,915,0.193211094,0.00362571096,-0.00117084244,1
0.5,916,0.193222359,0.00363064813,-0.00117207598,1
0.5,917,0.193233654,0.00363559043,-0.00117330952,1
0.5,918,0.193244979,0.00364053273,-0.00117454294,1
0.5,919,0.193256214,0.00364547572,-0.00117577647,1
0.5,920,0.193267539,0.00365042663,-0.00117700943,1
0.5,921,0.193278804,0.00365537172,-0.00117824296,1
0.5,922,0.193290114,0.00366032356,-0.00117947592,1
0.5,923,0.193301409,0.00366527867,-0.00118070876,1
0.5,924,0.193312734,0.00367023144,-0.00118194171,1
0.5,925,0.193324,0.0036751919,-0.00118317432,1
0.5,926,0.193335325,0.00368015165,-0.00118440704,1
0.5,927,0.193346664,0.0036851156,-0.00118563918,1
0.5,928,0.193357959,0.00369007932,-0.00118687167,1
0.5,929,0.193369269,0.00369504676,-0.00118810427,1
0.5,930,0.193380535,0.00370001351,-0.0011893363,1
0.5,931,0.19339186,0.00370498607,-0.00119056844,1
0.5,932,0.193403184,0.00370996259,-0.00119180023,1
0.5,933,0.193414509,0.00371493399,-0.00119303202,1
0.5,934,0.193425819,0.00371991424,-0.00119426369,1
0.5,935,0.193437159,0.00372489425,-0.00119549537,1
0.5,936,0.193448469,0.00372987613,-0.00119672704,1
0.5,937,0.193459794,0.00373486057,-0.00119795825,1
0.5,938,0.193471119,0.0037398485,-0.00119918946,1
0.5,939,0.193482459,0.0037448376,-0.00120042067,1
0.5,940,0.193493769,0.00374982972,-0.00120165152,1
0.5,941,0.193505108,0.00375482347,-0.0012028825,1
0.5,942,0.193516448,0.00375981862,-0.00120411336,1
0.5,943,0.193527788,0.00376481866,-0.00120534422,1
0.5,944,0.193539113,0.0037698166,-0.00120657485,1
0.5,945,0.193550453,0.0037748185,-0.00120780536,1
0.5,946,0.193561792,0.00377982133,-0.00120903587,1
0.5,947,0.193573192,0.00378483487,-0.00121026591,1
0.5,948,0.193584517,0.00378983933,-0.00121149619,1
0.5,949,0.193595886,0.00379485264,-0.00121272635,1
0.5,950,0.193607211,0.00379986409,-0.00121395628,1
0.5,951,0.193618536,0.00380488276,-0.00121518597,1
0.5,952,0.19362995,0.00380990026,-0.00121641555,1
0.5,953,0.193641275,0.00381491962,-0.00121764524,1
0.5,954,0.19365263,0.00381994434,-0.00121887482,1
0.5,955,0.193663985,0.00382496626,-0.00122010417,1
0.5,956,0.193675384,0.00382999191,-0.00122133351,1
0.5,957,0.193686724,0.00383502571,-0.00122256263,1
0.5,958,0.193698108,0.00384005764,-0.00122379162,1
0.5,959,0.193709463,0.00384508842,-0.00122502074,1
0.5,960,0.193720818,0.00385012454,-0.00122624962,1
0.5,961,0.193732217,0.00385516277,-0.00122747838,1
0.5,962,0.193743587,0.00386020285,-0.00122870691,1
0.5,963,0.193754986,0.0038652455,-0.00122993544,1
0.5,964,0.193766326,0.0038702914,-0.00123116374,1
0.5,965,0.193777725,0.00387533708,-0.00123239192,1
0.5,966,0.19378908,0.00388038624,-0.00123361999,1
0.5,967,0.193800494,0.00388543773,-0.00123484817,1
0.5,968,0.193811849,0.00389049435,-0.001236076,1
0.5,969,0.193823218,0.00389554934,-0.00123730383,1
0.5,970,0.193834603,0.00390060502,-0.00123853178,1
0.5,971,0.193846017,0.00390566629,-0.00123975938,1
0.5,972,0.193857431,0.0039107292,-0.00124098698,1
0.5,973,0.193868816,0.00391579513,-0.00124221423,1
0.5,974,0.19388023,0.00392086292,-0.00124344148,1
0.5,975,0.193891615,0.00392593211,-0.00124466885,1
0.5,976,0.193903014,0.00393100223,-0.00124589575,1
0.5,977,0.193914413,0.00393607607,-0.00124712253,1
0.5,978,0.193925858,0.00394115178,-0.00124834932,1
0.5,979,0.193937257,0.00394623354,-0.00124957622,1
0.5,980,0.193948656,0.00395131204,-0.00125080266,1
0.5,981,0.193960056,0.00395639567,-0.00125202932,1
0.5,982,0.193971485,0.00396148022,-0.00125325588,1
0.5,983,0.193982899,0.00396656804,-0.00125448208,1
0.5,984,0.193994313,0.00397165911,-0.00125570805,1
0.5,985,0.194005728,0.00397675019,-0.00125693413,1
0.5,986,0.194017187,0.00398184545,-0.00125815999,1
0.5,987,0.194028586,0.00398693886,-0.00125938596,1
0.5,988,0.19404,0.00399203645,-0.00126061169,1
0.5,989,0.19405143,0.00399713917,-0.00126183708,1
0.5,990,0.194062874,0.00400224002,-0.0012630627,1
0.5,991,0.194074303,0.0040073446,-0.00126428832,1
0.5,992,0.194085702,0.00401245244,-0.00126551348,1
0.5,993,0.194097161,0.00401756493,-0.00126673852,1
0.5,994,0.194108605,0.00402267557,-0.00126796367,1
0.5,995,0.19412002,0.00402778992,-0.00126918859,1
0.5,996,0.194131494,0.00403290847,-0.00127041328,1
0.5,997,0.194142938,0.00403802516,-0.00127163786,1
0.5,998,0.194154352,0.0040431465,-0.00127286266,1
0.5,999,0.194165826,0.00404826785,-0.00127408712,1
0.5,1000,0.19417727,0.00405339291,-0.00127531157,1
0.5,1001,0.194188684,0.00405852078,-0.00127653556,1
0.5,1002,0.194200158,0.00406365236,-0.00127775979,1
0.5,1003,0.194211647,0.00406878581,-0.00127898378,1
0.5,1004,0.194223106,0.0040739174,-0.00128020777,1
0.5,1005,0.19423455,0.0040790583,-0.00128143141,1
0.5,1006,0.194246009,0.00408419408,-0.0012826554,1
0.5,1007,0.194257453,0.00408933684,-0.00128387869,1
0.5,1008,0.194268942,0.00409447867,-0.00128510233,1
0.5,1009,0.194280401,0.00409962423,-0.00128632586,1
0.5,1010,0.194291875,0.00410477258,-0.0012875488,1
0.5,1011,0.194303319,0.00410992326,-0.00128877186,1
0.5,1012,0.194314793,0.00411507627,-0.00128999492,1
0.5,1013,0.194326296,0.00412022928,-0.00129121798,1
0.5,1014,0.19433777,0.00412538508,-0.00129244046,1
0.5,1015,0.194349244,0.00413054414,-0.00129366317,1
0.5,1016,0.194360733,0.00413570832,-0.00129488588,1
0.5,1017,0.194372192,0.00414086971,-0.00129610836,1
0.5,1018,0.194383681,0.00414603809,-0.00129733072,1
0.5,1019,0.194395214,0.00415120367,-0.00129855296,1
0.5,1020,0.194406644,0.00415637251,-0.00129977509,1
0.5,1021,0.194418162,0.00416154647,-0.00130099698,1
0.5,1022,0.194429606,0.0041667195,-0.00130221911,1
0.5,1023,0.194441125,0.00417189812,-0.00130344077,1
0.25,0,0.000152416425,5.52210333e-10,8.44999765e-11,1
0.25,1,0.00015969669,6.50949778e-06,-5.42850636e-08,1
0.25,2,0.000166979356,1.30208145e-05,-1.08502427e-07,1
0.25,3,0.000174263769,1.95339708e-05,-1.62624048e-07,1
0.25,4,0.000181549942,2.60489724e-05,-2.16609962e-07,1
0.25,5,0.000188837948,3.25658148e-05,-2.70655221e-07,1
0.25,6,0.000196127658,3.90844834e-05,-3.24681849e-07,1
0.25,7,0.000203427349,4.56123926e-05,-3.77507774e-07,1
0.25,8,0.000210721832,5.21358197e-05,-4.31200078e-07,1
0.25,9,0.000218023008,5.86656497e-05,-4.84933082e-07,1
0.25,10,0.000225321564,6.51932642e-05,-5.38515792e-07,1
0.25,11,0.000232621926,7.17227304e-05,-5.9203893e-07,1
0.25,12,0.000239923975,7.82540446e-05,-6.45502666e-07,1
0.25,13,0.000247227756,8.47871852e-05,-6.98905183e-07,1
0.25,14,0.000254533486,9.13221884e-05,-7.52248241e-07,1
0.25,15,0.000261840847,9.78590251e-05,-8.0553292e-07,1
0.25,16,0.000269150041,0.000104397724,-8.58754106e-07,1
0.25,17,0.000276461011,0.000110938243,-9.11918676e-07,1
0.25,18,0.000283773639,0.000117480617,-9.65022195e-07,1
0.25,19,0.000291088101,0.000124024853,-1.01806461e-06,1
0.25,20,0.000298404426,0.000130570916,-1.07104836e-06,1
0.25,21,0.000305722497,0.000137118841,-1.12397186e-06,1
0.25,22,0.000313042285,0.000143668585,-1.17683271e-06,1
0.25,23,0.000320363761,0.000150220207,-1.22963729e-06,1
0.25,24,0.00032768707,0.000156773691,-1.28237957e-06,1
0.25,25,0.000335012272,0.000163328979,-1.33506251e-06,1
0.25,26,0.000342339132,0.000169886102,-1.38768507e-06,1
0.25,27,0.000349667884,0.000176445144,-1.44024773e-06,1
0.25,28,0.000356998295,0.000183005977,-1.49275036e-06,1
0.25,29,0.00036433051,0.000189568702,-1.54519205e-06,1
0.25,30,0.000371664617,0.000196133275,-1.5975719e-06,1
0.25,31,0.000379000237,0.000202699623,-1.64989285e-06,1
0.25,32,0.00038633775,0.000209267906,-1.70215287e-06,1
0.25,33,0.000393677183,0.000215837979,-1.75435446e-06,1
0.25,34,0.000401018246,0.000222409959,-1.80649363e-06,1
0.25,35,0.000408360997,0.000228983758,-1.85857311e-06,1
0.25,36,0.000415705756,0.000235559404,-1.91059303e-06,1
0.25,37,0.000423052086,0.000242136928,-1.96255019e-06,1
0.25,38,0.000430400367,0.000248716271,-2.01445073e-06,1
0.25,39,0.000437750306,0.000255297462,-2.06628579e-06,1
0.25,40,0.000445101934,0.000261880516,-2.11806378e-06,1
0.25,41,0.000452455657,0.00026846549,-2.16978037e-06,1
0.25,42,0.000459810835,0.000275052182,-2.22143672e-06,1
0.25,43,0.000467167905,0.000281640823,-2.2730319e-06,1
0.25,44,0.000474526896,0.000288231386,-2.32456841e-06,1
0.25,45,0.0004818874,0.000294823607,-2.37604263e-06,1
0.25,46,0.000489249884,0.000301417807,-2.42745432e-06,1
0.25,47,0.000496614026,0.000308013841,-2.47880962e-06,1
0.25,48,0.000503980089,0.000314611709,-2.53010126e-06,1
0.25,49,0.00051134784,0.000321211497,-2.58133036e-06,1
0.25,50,0.000518717396,0.000327813119,-2.63250172e-06,1
0.25,51,0.000526088465,0.000334416516,-2.68361282e-06,1
0.25,52,0.000533461745,0.000341021863,-2.73466185e-06,1
0.25,53,0.00054083654,0.000347629044,-2.78565062e-06,1
0.25,54,0.000548213255,0.000354238087,-2.83657891e-06,1
0.25,55,0.000555591716,0.000360848935,-2.88744354e-06,1
0.25,56,0.000562971807,0.000367461646,-2.9382486e-06,1
0.25,57,0.000570353819,0.000374076277,-2.98899386e-06,1
0.25,58,0.000577737577,0.000380692683,-3.03967636e-06,1
0.25,59,0.00058512314,0.000387311011,-3.09029861e-06,1
0.25,60,0.000592510507,0.000393931172,-3.14086174e-06,1
0.25,61,0.00059989962,0.000400553196,-3.19136279e-06,1
0.25,62,0.000607290538,0.000407177082,-3.24180314e-06,1
0.25,63,0.000614683377,0.000413802947,-3.2921821e-06,1
0.25,64,0.000622077787,0.000420430471,-3.34249876e-06,1
0.25,65,0.000629473943,0.000427059887,-3.39275539e-06,1
0.25,66,0.000636872021,0.000433691253,-3.44294949e-06,1
0.25,67,0.000644271902,0.000440324453,-3.49308584e-06,1
0.25,68,0.000651673472,0.000446959457,-3.54315807e-06,1
0.25,69,0.000659076963,0.000453596411,-3.59316709e-06,1
0.25,70,0.000666481967,0.00046023514,-3.64311904e-06,1
0.25,71,0.00067388895,0.000466875761,-3.6930096e-06,1
0.25,72,0.000681297563,0.000473518245,-3.74283786e-06,1
0.25,73,0.000688708096,0.000480162591,-3.79260268e-06,1
0.25,74,0.000696120376,0.000486808742,-3.84230862e-06,1
0.25,75,0.000703534519,0.000493456901,-3.89195429e-06,1
0.25,76,0.000710950408,0.000500106835,-3.94153676e-06,1
0.25,77,0.000718368159,0.000506758632,-3.9910592e-06,1
0.25,78,0.00072578754,0.000513412291,-4.04051661e-06,1
0.25,79,0.000733208843,0.000520067813,-4.08991718e-06,1
0.25,80,0.000740631833,0.00052672514,-4.13925045e-06,1
0.25,81,0.000748056686,0.000533384446,-4.18852642e-06,1
0.25,82,0.000755483226,0.000540045614,-4.23773918e-06,1
0.25,83,0.000762911688,0.000546708587,-4.28689282e-06,1
0.25,84,0.000770341896,0.000553373538,-4.33598325e-06,1
0.25,85,0.000777773792,0.000560040178,-4.38501456e-06,1
0.25,86,0.000785207609,0.000566708797,-4.43398085e-06,1
0.25,87,0.000792643055,0.000573379104,-4.48288893e-06,1
0.25,88,0.000800080597,0.000580051681,-4.53173107e-06,1
0.25,89,0.00080751942,0.000586725597,-4.58051272e-06,1
0.25,90,0.000814960455,0.000593401841,-4.62923254e-06,1
0.25,91,0.000822403003,0.000600079598,-4.67789232e-06,1
0.25,92,0.000829847646,0.000606759451,-4.72649026e-06,1
0.25,93,0.000837293861,0.000613441051,-4.7750259e-06,1
0.25,94,0.000844741822,0.000620124571,-4.8235006e-06,1
0.25,95,0.000852191646,0.000626809953,-4.87191437e-06,1
0.25,96,0.000859643333,0.00063349714,-4.92026356e-06,1
0.25,97,0.000867096824,0.000640186365,-4.96855046e-06,1
0.25,98,0.000874552061,0.000646877277,-5.0167755e-06,1
0.25,99,0.000882008986,0.000653570227,-5.06494007e-06,1
0.25,100,0.000889468007,0.000660265097,-5.11304097e-06,1
0.25,101,0.000896928483,0.00066696154,-5.1610823e-06,1
0.25,102,0.000904390821,0.000673660077,-5.20906133e-06,1
0.25,103,0.000911855197,0.000680360419,-5.25697806e-06,1
0.25,104,0.00091932097,0.000687062624,-5.30483294e-06,1
0.25,105,0.00092678878,0.000693766691,-5.35262416e-06,1
0.25,106,0.000934258278,0.000700472621,-5.40035489e-06,1
0.25,107,0.000941729697,0.000707180414,-5.44802288e-06,1
0.25,108,0.000949202804,0.000713890127,-5.49562537e-06,1
0.25,109,0.000956677715,0.000720601762,-5.54317194e-06,1
0.25,110,0.000964154606,0.000727315317,-5.59065256e-06,1
0.25,111,0.000971632951,0.000734030502,-5.63807271e-06,1
0.25,112,0.000979113393,0.000740747841,-5.68542919e-06,1
0.25,113,0.000986595522,0.000747466926,-5.73272473e-06,1
0.25,114,0.000994079397,0.000754187815,-5.77995479e-06,1
0.25,115,0.00100156479,0.000760910509,-5.82712619e-06,1
0.25,116,0.0010090525,0.000767635298,-5.87423483e-06,1
0.25,117,0.00101654197,0.000774361833,-5.92127799e-06,1
0.25,118,0.00102403283,0.000781090232,-5.96826385e-06,1
0.25,119,0.00103152578,0.000787820492,-6.01518059e-06,1
0.25,120,0.0010390206,0.00079455279,-6.06204094e-06,1
0.25,121,0.00104651682,0.000801286777,-6.10883535e-06,1
0.25,122,0.00105401513,0.000808022742,-6.15556928e-06,1
0.25,123,0.0010615153,0.000814760569,-6.20224182e-06,1
0.25,124,0.00106901722,0.000821500318,-6.24885161e-06,1
0.25,125,0.00107652054,0.000828241813,-6.29539682e-06,1
0.25,126,0.00108402618,0.000834985287,-6.34187654e-06,1
0.25,127,0.00109153346,0.000841730624,-6.38829897e-06,1
0.25,128,0.00109904259,0.000848477939,-6.43465501e-06,1
0.25,129,0.00110655348,0.000855227117,-6.48095329e-06,1
0.25,130,0.00111406611,0.000861977926,-6.52718427e-06,1
0.25,131,0.0011215806,0.000868730713,-6.5733534e-06,1
0.25,132,0.00112909684,0.000875485537,-6.61945933e-06,1
0.25,133,0.00113661471,0.000882241991,-6.66550704e-06,1
0.25,134,0.00114413456,0.000889000483,-6.71148791e-06,1
0.25,135,0.00115165638,0.00089576107,-6.75740785e-06,1
0.25,136,0.00115917996,0.000902523287,-6.80326048e-06,1
0.25,137,0.00116670504,0.000909287483,-6.84905626e-06,1
0.25,138,0.00117423199,0.000916053425,-6.89478338e-06,1
0.25,139,0.00118176104,0.000922821346,-6.94045411e-06,1
0.25,140,0.00118929148,0.000929591013,-6.98605527e-06,1
0.25,141,0.00119682413,0.00093636266,-7.03159776e-06,1
0.25,142,0.00120435818,0.000943136052,-7.07707795e-06,1
0.25,143,0.00121189421,0.000949911482,-7.12249584e-06,1
0.25,144,0.00121943234,0.000956689008,-7.16784325e-06,1
0.25,145,0.00122697186,0.000963467988,-7.21313154e-06,1
0.25,146,0.00123451347,0.000970249239,-7.25835798e-06,1
0.25,147,0.00124205649,0.000977032003,-7.30352531e-06,1
0.25,148,0.00124960148,0.000983816804,-7.34862397e-06,1
0.25,149,0.00125714845,0.000990603701,-7.39366124e-06,1
0.25,150,0.00126469741,0.000997392344,-7.43863484e-06,1
0.25,151,0.00127224764,0.00100418273,-7.48354569e-06,1
0.25,152,0.00127979997,0.00101097499,-7.52839469e-06,1
0.25,153,0.00128735404,0.00101776933,-7.57317321e-06,1
0.25,154,0.00129490998,0.00102456554,-7.6178967e-06,1
0.25,155,0.00130246754,0.00103136362,-7.66255744e-06,1
0.25,156,0.00131002709,0.00103816343,-7.70714905e-06,1
0.25,157,0.00131758826,0.00104496523,-7.75168246e-06,1
0.25,158,0.00132515165,0.00105176913,-7.79614766e-06,1
0.25,159,0.0013327162,0.00105857442,-7.84055283e-06,1
0.25,160,0.0013402832,0.00106538204,-7.88489524e-06,1
0.25,161,0.00134785159,0.0010721914,-7.92916944e-06,1
0.25,162,0.00135542173,0.00107900251,-7.97338362e-06,1
0.25,163,0.00136299408,0.00108581583,-8.01753595e-06,1
0.25,164,0.00137056794,0.00109263067,-8.0616237e-06,1
0.25,165,0.00137814356,0.00109944749,-8.10564597e-06,1
0.25,166,0.00138572138,0.0011062664,-8.14960549e-06,1
0.25,167,0.00139330083,0.00111308717,-8.19350225e-06,1
0.25,168,0.0014008818,0.00111990969,-8.23733353e-06,1
0.25,169,0.00140846486,0.00112673431,-8.28110205e-06,1
0.25,170,0.00141606433,0.00113357371,-8.32942351e-06,1
0.25,171,0.001423651,0.00114040205,-8.37309472e-06,1
0.25,172,0.00143123954,0.00114723225,-8.41670226e-06,1
0.25,173,0.00143882982,0.00115406455,-8.46023977e-06,1
0.25,174,0.00144642184,0.00116089848,-8.50371634e-06,1
0.25,175,0.00145401584,0.00116773439,-8.54713198e-06,1
0.25,176,0.0014616116,0.00117457204,-8.59048305e-06,1
0.25,177,0.00146920921,0.00118141179,-8.63376681e-06,1
0.25,178,0.00147680845,0.0011882534,-8.67698782e-06,1
0.25,179,0.00148440979,0.00119509699,-8.72014607e-06,1
0.25,180,0.00149201252,0.00120194221,-8.76324521e-06,1
0.25,181,0.00149961759,0.00120878965,-8.80627158e-06,1
0.25,182,0.00150722382,0.00121563859,-8.84923429e-06,1
0.25,183,0.00151483226,0.00122248963,-8.89214243e-06,1
0.25,184,0.00152244233,0.00122934242,-8.93498145e-06,1
0.25,185,0.00153005449,0.00123619731,-8.9777559e-06,1
0.25,186,0.00153766805,0.00124305405,-9.02046759e-06,1
0.25,187,0.00154528394,0.00124991289,-9.06311197e-06,1
0.25,188,0.00155290146,0.00125677313,-9.10569452e-06,1
0.25,189,0.00156052073,0.0012636357,-9.14821067e-06,1
0.25,190,0.00156814186,0.00127050001,-9.1906677e-06,1
0.25,191,0.00157576462,0.00127736619,-9.23305652e-06,1
0.25,192,0.00158338947,0.00128423434,-9.27538167e-06,1
0.25,193,0.00159101607,0.00129110448,-9.31764407e-06,1
0.25,194,0.0015986443,0.00129797624,-9.35984008e-06,1
0.25,195,0.00160627451,0.0013048501,-9.40196969e-06,1
0.25,196,0.00161390624,0.00131172559,-9.44404565e-06,1
0.25,197,0.00162154029,0.0013186034,-9.48604793e-06,1
0.25,198,0.00162917585,0.00132548274,-9.52798382e-06,1
0.25,199,0.00163681316,0.00133236416,-9.56985969e-06,1
0.25,200,0.0016444528,0.00133924768,-9.61167189e-06,1
0.25,201,0.0016520936,0.00134613283,-9.65342042e-06,1
0.25,202,0.00165973639,0.00135301985,-9.69510074e-06,1
0.25,203,0.00166738126,0.00135990907,-9.73671922e-06,1
0.25,204,0.00167502742,0.0013667997,-9.77827312e-06,1
0.25,205,0.00168267603,0.00137369265,-9.81975791e-06,1
0.25,206,0.00169032626,0.00138058746,-9.86118448e-06,1
0.25,207,0.001697978,0.00138748391,-9.90254102e-06,1
0.25,208,0.00170563173,0.00139438233,-9.94383845e-06,1
0.25,209,0.00171328755,0.00140128285,-9.9850713e-06,1
0.25,210,0.00172094465,0.00140818511,-1.00262387e-05,1
0.25,211,0.0017286035,0.00141508901,-1.00673387e-05,1
0.25,212,0.00173626491,0.00142199546,-1.01083706e-05,1
0.25,213,0.00174392748,0.0014289032,-1.01493442e-05,1
0.25,214,0.00175159215,0.00143581326,-1.01902542e-05,1
0.25,215,0.00175925903,0.00144272542,-1.02310905e-05,1
0.25,216,0.00176692696,0.00144963863,-1.02718705e-05,1
0.25,217,0.00177459721,0.0014565544,-1.03125867e-05,1
0.25,218,0.0017822691,0.00146347191,-1.03532366e-05,1
0.25,219,0.00178994285,0.00147039141,-1.03938155e-05,1
0.25,220,0.00179761834,0.00147731253,-1.04343308e-05,1
0.25,221,0.00180529617,0.00148423621,-1.04747869e-05,1
0.25,222,0.00181297504,0.00149116118,-1.05151721e-05,1
0.25,223,0.00182065612,0.00149808824,-1.05554973e-05,1
0.25,224,0.0018283393,0.0015050174,-1.05957579e-05,1
0.25,225,0.00183602376,0.00151194807,-1.06359466e-05,1
0.25,226,0.0018437102,0.00151888083,-1.06760754e-05,1
0.25,227,0.00185139838,0.00152581546,-1.07161404e-05,1
0.25,228,0.00185908854,0.00153275218,-1.07561364e-05,1
0.25,229,0.00186678069,0.00153969089,-1.07960705e-05,1
0.25,230,0.00187447434,0.00154663087,-1.08359382e-05,1
0.25,231,0.00188217033,0.00155357365,-1.08757358e-05,1
0.25,232,0.00188986771,0.00156051782,-1.09154726e-05,1
0.25,233,0.00189756684,0.00156746374,-1.09551493e-05,1
0.25,234,0.00190526794,0.00157441187,-1.09947587e-05,1
0.25,235,0.00191297103,0.00158136198,-1.10342935e-05,1
0.25,236,0.00192067551,0.00158831361,-1.10737728e-05,1
0.25,237,0.00192838209,0.00159526744,-1.11131858e-05,1
0.25,238,0.00193609064,0.00160222326,-1.1152526e-05,1
0.25,239,0.00194380071,0.00160918082,-1.11918116e-05,1
0.25,240,0.00195151276,0.00161614036,-1.12310245e-05,1
0.25,241,0.00195922656,0.00162310165,-1.12701728e-05,1
0.25,242,0.00196694233,0.00163006503,-1.13092592e-05,1
0.25,243,0.00197465951,0.00163703028,-1.13482756e-05,1
0.25,244,0.00198237924,0.00164399738,-1.13872293e-05,1
0.25,245,0.00199010037,0.00165096659,-1.14261193e-05,1
0.25,246,0.00199782313,0.00165793742,-1.14649365e-05,1
0.25,247,0.00200554845,0.0016649107,-1.15036919e-05,1
0.25,248,0.00201327517,0.00167188561,-1.15423827e-05,1
0.25,249,0.00202100328,0.00167886203,-1.15810089e-05,1
0.25,250,0.00202873349,0.00168584054,-1.16195624e-05,1
0.25,251,0.00203646533,0.00169282104,-1.16580595e-05,1
0.25,252,0.0020441995,0.00169980375,-1.1696482e-05,1
0.25,253,0.00205193576,0.00170678832,-1.17348518e-05,1
0.25,254,0.00205967296,0.0017137744,-1.17731424e-05,1
0.25,255,0.00206741202,0.00172076235,-1.18113876e-05,1
0.25,256,0.00207515387,0.00172775297,-1.18495482e-05,1
0.25,257,0.00208289688,0.00173474487,-1.18876396e-05,1
0.25,258,0.002090642,0.00174173911,-1.19256802e-05,1
0.25,259,0.00209838874,0.00174873485,-1.19636443e-05,1
0.25,260,0.00210613664,0.00175573223,-1.20015447e-05,1
0.25,261,0.00211388757,0.00176273228,-1.20393843e-05,1
0.25,262,0.00212163967,0.00176973396,-1.20771547e-05,1
0.25,263,0.00212939386,0.00177673763,-1.21148551e-05,1
0.25,264,0.00213714968,0.00178374292,-1.21524909e-05,1
0.25,265,0.00214490737,0.00179075031,-1.21900639e-05,1
0.25,266,0.00215266692,0.00179775956,-1.22275687e-05,1
0.25,267,0.00216042856,0.00180477102,-1.22650072e-05,1
0.25,268,0.0021681916,0.00181178388,-1.23023819e-05,1
0.25,269,0.00217595673,0.0018187993,-1.23396912e-05,1
0.25,270,0.00218372396,0.00182581646,-1.23769332e-05,1
0.25,271,0.00219149236,0.00183283503,-1.24141097e-05,1
0.25,272,0.00219926238,0.00183985569,-1.24512144e-05,1
0.25,273,0.00220703543,0.00184687879,-1.24882545e-05,1
0.25,274,0.00221480988,0.00185390376,-1.25252327e-05,1
0.25,275,0.00222258549,0.00186092977,-1.25621464e-05,1
0.25,276,0.0022303632,0.00186795834,-1.25989909e-05,1
0.25,277,0.00223814324,0.00187498902,-1.26357636e-05,1
0.25,278,0.0022459249,0.00188202155,-1.26724763e-05,1
0.25,279,0.0022537082,0.00188905571,-1.2709128e-05,1
0.25,280,0.00226149336,0.00189609185,-1.27457015e-05,1
0.25,281,0.00226928038,0.00190312986,-1.27822123e-05,1
0.25,282,0.00227706926,0.00191017007,-1.2818653e-05,1
0.25,283,0.00228486001,0.00191721192,-1.28550409e-05,1
0.25,284,0.00229265261,0.00192425621,-1.28913443e-05,1
0.25,285,0.00230044709,0.00193130178,-1.29275968e-05,1
0.25,286,0.00230824295,0.00193834945,-1.29637765e-05,1
0.25,287,0.00231604115,0.0019453991,-1.2999878e-05,1
0.25,288,0.00232384144,0.00195245096,-1.30359313e-05,1
0.25,289,0.0023316429,0.00195950433,-1.30719045e-05,1
0.25,290,0.00233944668,0.00196656003,-1.31078214e-05,1
0.25,291,0.00234725187,0.00197361712,-1.31436645e-05,1
0.25,292,0.00235505938,0.00198067655,-1.31794559e-05,1
0.25,293,0.00236286875,0.00198773807,-1.32151636e-05,1
0.25,294,0.00237067952,0.00199480122,-1.32508085e-05,1
0.25,295,0.00237849215,0.002001866,-1.32863879e-05,1
0.25,296,0.00238630688,0.00200893311,-1.33218982e-05,1
0.25,297,0.00239412347,0.00201600231,-1.33573394e-05,1
0.25,298,0.00240194169,0.00202307315,-1.3392716e-05,1
0.25,299,0.00240976131,0.00203014561,-1.34280363e-05,1
0.25,300,0.00241758372,0.00203722063,-1.3463281e-05,1
0.25,301,0.00242540753,0.00204429729,-1.34984593e-05,1
0.25,302,0.0024332332,0.00205137627,-1.35335749e-05,1
0.25,303,0.0024410605,0.00205845642,-1.35686169e-05,1
0.25,304,0.00244888989,0.00206553889,-1.36035851e-05,1
0.25,305,0.00245672092,0.00207262323,-1.36385006e-05,1
0.25,306,0.00246455381,0.00207970943,-1.3673337e-05,1
0.25,307,0.00247238949,0.00208679843,-1.37081197e-05,1
0.25,308,0.0024802254,0.00209388789,-1.37428287e-05,1
0.25,309,0.00248806435,0.00210098037,-1.37774632e-05,1
0.25,310,0.00249590445,0.00210807426,-1.38120404e-05,1
0.25,311,0.00250374665,0.00211517024,-1.38465493e-05,1
0.25,312,0.00251159072,0.00212226808,-1.38809919e-05,1
0.25,313,0.00251943665,0.00212936802,-1.39153599e-05,1
0.25,314,0.0025272849,0.00213647028,-1.39496633e-05,1
0.25,315,0.00253513409,0.00214357371,-1.3983903e-05,1
0.25,316,0.00254298584,0.00215067947,-1.40180764e-05,1
0.25,317,0.00255083898,0.00215778709,-1.40521788e-05,1
0.25,318,0.00255869352,0.00216489611,-1.40862157e-05,1
0.25,319,0.00256655132,0.00217200816,-1.41201836e-05,1
0.25,320,0.00257441006,0.0021791216,-1.41540813e-05,1
0.25,321,0.00258227042,0.00218623667,-1.41879145e-05,1
0.25,322,0.00259013311,0.00219335407,-1.42216859e-05,1
0.25,323,0.0025979972,0.0022004731,-1.42553827e-05,1
0.25,324,0.00260586338,0.00220759423,-1.42890149e-05,1
0.25,325,0.00261373119,0.00221471745,-1.43225807e-05,1
0.25,326,0.00262160087,0.00222184206,-1.43560719e-05,1
0.25,327,0.00262947287,0.00222896924,-1.43894995e-05,1
0.25,328,0.00263734674,0.00223609828,-1.44228625e-05,1
0.25,329,0.00264522224,0.00224322919,-1.44561564e-05,1
0.25,330,0.0026530996,0.00225036195,-1.44893838e-05,1
0.25,331,0.00266097859,0.00225749682,-1.45225331e-05,1
0.25,332,0.00266885967,0.00226463331,-1.45556287e-05,1
0.25,333,0.00267674215,0.0022717719,-1.45886452e-05,1
0.25,334,0.00268462673,0.00227891211,-1.4621608e-05,1
0.25,335,0.00269251363,0.00228605513,-1.4654489e-05,1
0.25,336,0.0027004017,0.00229319907,-1.46873081e-05,1
0.25,337,0.0027082921,0.00230034557,-1.47200662e-05,1
0.25,338,0.00271618413,0.00230749394,-1.47527435e-05,1
0.25,339,0.00272407779,0.00231464393,-1.47853571e-05,1
0.25,340,0.00273197354,0.00232179626,-1.4817907e-05,1
0.25,341,0.00273987162,0.00232895068,-1.48503823e-05,1
0.25,342,0.0027477704,0.00233610603,-1.48827976e-05,1
0.25,343,0.00275567221,0.00234326464,-1.49151383e-05,1
0.25,344,0.00276357518,0.00235042442,-1.49474108e-05,1
0.25,345,0.00277148024,0.00235758629,-1.49796133e-05,1
0.25,346,0.00277938694,0.00236475002,-1.50117648e-05,1
0.25,347,0.0027872955,0.00237191562,-1.50438327e-05,1
0.25,348,0.00279520662,0.00237908377,-1.50758315e-05,1
0.25,349,0.00280311843,0.00238625333,-1.51077675e-05,1
0.25,350,0.00281103281,0.00239342474,-1.51396371e-05,1
0.25,351,0.00281894905,0.00240059849,-1.5171433e-05,1
0.25,352,0.00282686716,0.0024077741,-1.52031644e-05,1
0.25,353,0.00283478713,0.0024149518,-1.52348221e-05,1
0.25,354,0.00284270826,0.00242213043,-1.52664197e-05,1
0.25,355,0.00285063218,0.00242931233,-1.52979355e-05,1
0.25,356,0.00285855727,0.00243649515,-1.53293986e-05,1
0.25,357,0.00286648446,0.00244368031,-1.53607907e-05,1
0.25,358,0.00287441351,0.00245086756,-1.53921083e-05,1
0.25,359,0.00288234465,0.0024580569,-1.5423353e-05,1
0.25,360,0.00289027719,0.00246524788,-1.54545396e-05,1
0.25,361,0.00289821206,0.00247244094,-1.54856625e-05,1
0.25,362,0.00290614855,0.00247963588,-1.55166999e-05,1
0.25,363,0.00291408715,0.00248683314,-1.55476682e-05,1
0.25,364,0.00292202644,0.00249403133,-1.55785856e-05,1
0.25,365,0.00292996923,0.00250123255,-1.56094266e-05,1
0.25,366,0.00293791317,0.0025084354,-1.56401948e-05,1
0.25,367,0.00294585829,0.00251563964,-1.56708938e-05,1
0.25,368,0.00295380689,0.00252284692,-1.57015329e-05,1
0.25,369,0.00296175596,0.00253005535,-1.57320956e-05,1
0.25,370,0.00296970736,0.00253726612,-1.57625982e-05,1
0.25,371,0.00297766132,0.00254447898,-1.57930208e-05,1
0.25,372,0.00298561552,0.00255169277,-1.58233888e-05,1
0.25,373,0.00299357204,0.00255890889,-1.58536732e-05,1
0.25,374,0.00300153159,0.00256612781,-1.58838939e-05,1
0.25,375,0.0030094923,0.00257334835,-1.59140436e-05,1
0.25,376,0.00301745487,0.00258057076,-1.5944117e-05,1
0.25,377,0.00302541885,0.00258779456,-1.5974143e-05,1
0.25,378,0.00303338491,0.00259502069,-1.60040927e-05,1
0.25,379,0.00304135284,0.00260224869,-1.60339696e-05,1
0.25,380,0.0030493231,0.00260947901,-1.6063781e-05,1
0.25,381,0.00305729453,0.00261671096,-1.60935215e-05,1
0.25,382,0.00306526339,0.00262394035,-1.61241005e-05,1
0.25,383,0.00307323853,0.00263117603,-1.61537082e-05,1
0.25,384,0.00308121624,0.00263841427,-1.61832322e-05,1
0.25,385,0.00308919535,0.00264565414,-1.62127017e-05,1
0.25,386,0.00309717609,0.00265289564,-1.62421093e-05,1
0.25,387,0.00310515915,0.00266013923,-1.62714205e-05,1
0.25,388,0.00311314408,0.00266738515,-1.63006789e-05,1
0.25,389,0.00312113087,0.00267463294,-1.63298791e-05,1
0.25,390,0.00312911929,0.00268188259,-1.63589884e-05,1
0.25,391,0.0031371098,0.00268913433,-1.63880413e-05,1
0.25,392,0.00314510148,0.00269638747,-1.64170251e-05,1
0.25,393,0.00315309619,0.00270364317,-1.64459325e-05,1
0.25,394,0.00316109252,0.0027109012,-1.64747817e-05,1
0.25,395,0.00316909002,0.00271816016,-1.65035544e-05,1
0.25,396,0.00317708915,0.00272542122,-1.65322544e-05,1
0.25,397,0.00318509131,0.00273268507,-1.65608817e-05,1
0.25,398,0.0031930944,0.00273994985,-1.65894508e-05,1
0.25,399,0.00320109981,0.00274721743,-1.66179416e-05,1
0.25,400,0.00320910732,0.00275448686,-1.66463669e-05,1
0.25,401,0.00321711646,0.00276175793,-1.66747159e-05,1
0.25,402,0.00322512677,0.00276903086,-1.67030084e-05,1
0.25,403,0.00323313987,0.00277630636,-1.67312264e-05,1
0.25,404,0.00324115437,0.00278358324,-1.67593735e-05,1
0.25,405,0.00324917072,0.002790862,-1.67874514e-05,1
0.25,406,0.00325718918,0.00279814331,-1.68154602e-05,1
0.25,407,0.0032652095,0.00280542602,-1.68433962e-05,1
0.25,408,0.00327323144,0.00281271106,-1.6871265e-05,1
0.25,409,0.00328125502,0.00281999772,-1.68990646e-05,1
0.25,410,0.00328928092,0.00282728649,-1.69267933e-05,1
0.25,411,0.00329730846,0.00283457735,-1.69544528e-05,1
0.25,412,0.00330533856,0.00284187053,-1.69820451e-05,1
0.25,413,0.00331336958,0.00284916465,-1.70095609e-05,1
0.25,414,0.00332140294,0.00285646156,-1.70370058e-05,1
0.25,415,0.00332943816,0.00286376034,-1.70643852e-05,1
0.25,416,0.00333747501,0.00287106074,-1.70916974e-05,1
0.25,417,0.00334551325,0.00287836301,-1.71189367e-05,1
0.25,418,0.00335355522,0.00288566854,-1.71460979e-05,1
0.25,419,0.00336159696,0.00289297407,-1.71732117e-05,1
0.25,420,0.00336964196,0.00290028309,-1.72002328e-05,1
0.25,421,0.00337768858,0.0029075935,-1.72271884e-05,1
0.25,422,0.00338573591,0.00291490555,-1.72540804e-05,1
0.25,423,0.0033937858,0.00292221992,-1.72809014e-05,1
0.25,424,0.00340183848,0.00292953663,-1.73076533e-05,1
0.25,425,0.00340989232,0.00293685496,-1.73343324e-05,1
0.25,426,0.00341794803,0.00294417515,-1.73609442e-05,1
0.25,427,0.00342600583,0.00295149744,-1.73874741e-05,1
0.25,428,0.00343406433,0.00295882113,-1.74139441e-05,1
0.25,429,0.00344212609,0.00296614761,-1.74403394e-05,1
0.25,430,0.00345018948,0.00297347596,-1.74666748e-05,1
0.25,431,0.00345825474,0.0029808064,-1.74929264e-05,1
0.25,432,0.00346632185,0.00298813824,-1.75191162e-05,1
0.25,433,0.00347438967,0.0029954717,-1.75452406e-05,1
0.25,434,0.00348246051,0.00300280796,-1.75712757e-05,1
0.25,435,0.00349053321,0.00301014585,-1.75972546e-05,1
0.25,436,0.00349860778,0.00301748631,-1.76231624e-05,1
0.25,437,0.00350668398,0.00302482839,-1.76489957e-05,1
0.25,438,0.00351476204,0.00303217187,-1.76747617e-05,1
0.25,439,0.00352284219,0.00303951767,-1.77004622e-05,1
0.25,440,0.00353092398,0.00304686534,-1.77260754e-05,1
0.25,441,0.00353900786,0.00305421534,-1.77516249e-05,1
0.25,442,0.00354709406,0.00306156767,-1.77771108e-05,1
0.25,443,0.0035551812,0.00306892116,-1.78025221e-05,1
0.25,444,0.00356327021,0.00307627674,-1.78278624e-05,1
0.25,445,0.00357136154,0.00308363419,-1.78531336e-05,1
0.25,446,0.00357945473,0.00309099397,-1.78783375e-05,1
0.25,447,0.00358754932,0.00309835561,-1.79034651e-05,1
0.25,448,0.00359564647,0.00310571934,-1.79285198e-05,1
0.25,449,0.00360374595,0.00311308517,-1.79535018e-05,1
0.25,450,0.00361184636,0.00312045263,-1.79784238e-05,1
0.25,451,0.00361994887,0.00312782242,-1.80032657e-05,1
0.25,452,0.00362805277,0.0031351936,-1.80280404e-05,1
0.25,453,0.003636159,0.00314256689,-1.80527368e-05,1
0.25,454,0.00364426733,0.00314994273,-1.80773768e-05,1
0.25,455,0.00365237775,0.00315732043,-1.81019332e-05,1
0.25,456,0.00366048957,0.00316469953,-1.8126435e-05,1
0.25,457,0.00366860325,0.0031720812,-1.81508476e-05,1
0.25,458,0.00367671903,0.00317946449,-1.81751966e-05,1
0.25,459,0.00368483621,0.00318684964,-1.81994765e-05,1
0.25,460,0.00369295594,0.00319423736,-1.82236763e-05,1
0.25,461,0.00370107754,0.00320162694,-1.82478088e-05,1
0.25,462,0.00370920007,0.00320901745,-1.82718777e-05,1
0.25,463,0.00371732586,0.00321641122,-1.82958738e-05,1
0.25,464,0.00372545281,0.00322380685,-1.83197862e-05,1
0.25,465,0.00373358093,0.00323120342,-1.83436368e-05,1
0.25,466,0.00374171161,0.00323860254,-1.83674274e-05,1
0.25,467,0.00374984462,0.00324600423,-1.83911252e-05,1
0.25,468,0.00375797926,0.00325340731,-1.84147648e-05,1
0.25,469,0.00376611529,0.00326081226,-1.84383316e-05,1
0.25,470,0.00377425435,0.00326822,-1.84618239e-05,1
0.25,471,0.00378239364,0.00327562843,-1.84852452e-05,1
0.25,472,0.00379053527,0.00328303967,-1.85085937e-05,1
0.25,473,0.00379867991,0.00329045323,-1.85318713e-05,1
0.25,474,0.00380682526,0.00329786818,-1.85550743e-05,1
0.25,475,0.0038149734,0.00330528524,-1.85782174e-05,1
0.25,476,0.00382312271,0.00331270392,-1.86012876e-05,1
0.25,477,0.00383127388,0.00332012493,-1.86242742e-05,1
0.25,478,0.00383942714,0.00332754781,-1.86471971e-05,1
0.25,479,0.00384758227,0.00333497324,-1.8670049e-05,1
0.25,480,0.00385573949,0.00334240007,-1.86928301e-05,1
0.25,481,0.0038638988,0.00334982947,-1.8715531e-05,1
0.25,482,0.00387205929,0.00335726002,-1.87381702e-05,1
0.25,483,0.0038802221,0.00336469291,-1.87607293e-05,1
0.25,484,0.00388838677,0.00337212789,-1.87832266e-05,1
0.25,485,0.00389655284,0.00337956473,-1.88056474e-05,1
0.25,486,0.00390472147,0.00338700344,-1.88279992e-05,1
0.25,487,0.00391289219,0.00339444494,-1.8850269e-05,1
0.25,488,0.00392106455,0.00340188807,-1.88724662e-05,1
0.25,489,0.0039292383,0.00340933236,-1.88945996e-05,1
0.25,490,0.00393741392,0.00341677899,-1.89166622e-05,1
0.25,491,0.00394559139,0.0034242277,-1.89386574e-05,1
0.25,492,0.00395377167,0.00343167922,-1.89605562e-05,1
0.25,493,0.00396195333,0.00343913189,-1.89824168e-05,1
0.25,494,0.00397013593,0.0034465862,-1.90041919e-05,1
0.25,495,0.00397832133,0.00345404283,-1.9025887e-05,1
0.25,496,0.00398650952,0.00346150249,-1.90475112e-05,1
0.25,497,0.0039946977,0.00346896285,-1.90690807e-05,1
0.25,498,0.00400288915,0.00347642577,-1.90905575e-05,1
0.25,499,0.00401108246,0.00348389056,-1.91119689e-05,1
0.25,500,0.00401927717,0.0034913572,-1.91333074e-05,1
0.25,501,0.00402747327,0.00349882571,-1.91545714e-05,1
0.25,502,0.00403567217,0.00350629701,-1.91757681e-05,1
0.25,503,0.00404387293,0.00351376948,-1.91969102e-05,1
0.25,504,0.00405207416,0.00352124358,-1.92179596e-05,1
0.25,505,0.00406027911,0.00352872047,-1.92389216e-05,1
0.25,506,0.00406848546,0.00353619922,-1.92598436e-05,1
0.25,507,0.00407669321,0.00354368007,-1.92806656e-05,1
0.25,508,0.00408490375,0.00355116324,-1.93014221e-05,1
0.25,509,0.00409311522,0.00355864759,-1.93221167e-05,1
0.25,510,0.00410132855,0.00356613379,-1.93427441e-05,1
0.25,511,0.00410954375,0.00357362255,-1.93632823e-05,1
0.25,512,0.00411776127,0.00358111318,-1.93837586e-05,1
0.25,513,0.00412598159,0.00358860614,-1.9404144e-05,1
0.25,514,0.00413420191,0.00359609979,-1.94244822e-05,1
0.25,515,0.00414242595,0.00360359717,-1.94447202e-05,1
0.25,516,0.00415065046,0.00361109572,-1.94649037e-05,1
0.25,517,0.00415887777,0.00361859659,-1.94850127e-05,1
0.25,518,0.00416710647,0.00362609909,-1.95050488e-05,1
0.25,519,0.00417533657,0.00363360299,-1.95250213e-05,1
0.25,520,0.00418356992,0.00364111061,-1.95449011e-05,1
0.25,521,0.00419180328,0.00364861754,-1.95647262e-05,1
0.25,522,0.00420004083,0.00365612959,-1.95844732e-05,1
0.25,523,0.00420827931,0.00366364233,-1.96041437e-05,1
0.25,524,0.00421651918,0.00367115648,-1.96237488e-05,1
0.25,525,0.00422476139,0.00367867318,-1.96432647e-05,1
0.25,526,0.00423300499,0.00368619175,-1.96627261e-05,1
0.25,527,0.00424125092,0.00369371264,-1.96820911e-05,1
0.25,528,0.00424949871,0.0037012347,-1.97014142e-05,1
0.25,529,0.00425774837,0.00370875956,-1.97206464e-05,1
0.25,530,0.00426599989,0.00371628604,-1.97397985e-05,1
0.25,531,0.0042742542,0.00372381532,-1.97588852e-05,1
0.25,532,0.00428250898,0.00373134529,-1.97779063e-05,1
0.25,533,0.00429076608,0.00373887806,-1.9796842e-05,1
0.25,534,0.00429902598,0.00374641269,-1.98157213e-05,1
0.25,535,0.00430728635,0.00375394896,-1.98345188e-05,1
0.25,536,0.00431554951,0.00376148778,-1.98532525e-05,1
0.25,537,0.00432381406,0.00376902823,-1.98718899e-05,1
0.25,538,0.00433208048,0.00377657055,-1.98904709e-05,1
0.25,539,0.00434034923,0.00378411519,-1.99089664e-05,1
0.25,540,0.00434861984,0.00379166193,-1.99274e-05,1
0.25,541,0.00435689278,0.003799211,-1.99457536e-05,1
0.25,542,0.00436516665,0.003806761,-1.99640417e-05,1
0.25,543,0.00437344331,0.00381431426,-1.99822407e-05,1
0.25,544,0.00438172091,0.00382186822,-2.0000396e-05,1
0.25,545,0.00439000083,0.00382942497,-2.00184459e-05,1
0.25,546,0.00439828308,0.00383698335,-2.00364502e-05,1
0.25,547,0.00440656766,0.00384454499,-2.00543564e-05,1
0.25,548,0.00441485271,0.00385210686,-2.00722025e-05,1
0.25,549,0.00442314008,0.00385967153,-2.00899703e-05,1
0.25,550,0.00443142932,0.0038672376,-2.01076655e-05,1
0.25,551,0.00443972135,0.00387480669,-2.01252951e-05,1
0.25,552,0.00444801524,0.00388237764,-2.0142832e-05,1
0.25,553,0.00445631053,0.00388995069,-2.01602907e-05,1
0.25,554,0.00446460722,0.00389752514,-2.01777075e-05,1
0.25,555,0.00447290624,0.00390510168,-2.01950315e-05,1
0.25,556,0.00448120711,0.00391268078,-2.02122956e-05,1
0.25,557,0.00448951032,0.00392026082,-2.02294723e-05,1
0.25,558,0.00449781446,0.00392784318,-2.02465926e-05,1
0.25,559,0.00450612186,0.00393542834,-2.02636184e-05,1
0.25,560,0.00451443018,0.00394301536,-2.02805659e-05,1
0.25,561,0.00452274084,0.00395060424,-2.02974607e-05,1
0.25,562,0.00453105336,0.00395819498,-2.03142608e-05,1
0.25,563,0.00453936681,0.00396578712,-2.03310046e-05,1
0.25,564,0.00454768352,0.00397338253,-2.03476684e-05,1
0.25,565,0.0045560021,0.00398097979,-2.03642612e-05,1
0.25,566,0.00456432113,0.00398857752,-2.03807776e-05,1
0.25,567,0.00457264343,0.00399617851,-2.03972213e-05,1
0.25,568,0.00458096713,0.00400378183,-2.04135868e-05,1
0.25,569,0.00458929315,0.00401138607,-2.04298703e-05,1
0.25,570,0.00459762104,0.00401899312,-2.04460994e-05,1
0.25,571,0.00460595032,0.00402660202,-2.04622338e-05,1
0.25,572,0.00461428193,0.00403421326,-2.04783082e-05,1
0.25,573,0.00462261494,0.00404182542,-2.04943117e-05,1
0.25,574,0.00463094981,0.00404943991,-2.05102406e-05,1
0.25,575,0.00463928701,0.00405705674,-2.05260785e-05,1
0.25,576,0.00464762654,0.00406467635,-2.05418492e-05,1
0.25,577,0.004655967,0.0040722969,-2.0557547e-05,1
0.25,578,0.00466431025,0.00407992024,-2.05731922e-05,1
0.25,579,0.00467265444,0.00408754451,-2.05887336e-05,1
0.25,580,0.00468100142,0.00409517251,-2.06041932e-05,1
0.25,581,0.00468934979,0.00410280097,-2.06196219e-05,1
0.25,582,0.00469770003,0.0041104313,-2.06349468e-05,1
0.25,583,0.00470605353,0.00411806535,-2.06501882e-05,1
0.25,584,0.00471440749,0.00412569987,-2.06653731e-05,1
0.25,585,0.00472276425,0.00413333764,-2.06804852e-05,1
0.25,586,0.00473112194,0.00414097589,-2.06954992e-05,1
0.25,587,0.00473948242,0.00414861739,-2.07104622e-05,1
0.25,588,0.00474784384,0.00415625982,-2.07253452e-05,1
0.25,589,0.00475620758,0.00416390505,-2.07401536e-05,1
0.25,590,0.00476457411,0.00417155307,-2.07548856e-05,1
0.25,591,0.00477294112,0.00417920155,-2.07695393e-05,1
0.25,592,0.00478131091,0.00418685284,-2.07841204e-05,1
0.25,593,0.00478968257,0.00419450644,-2.0798625e-05,1
0.25,594,0.00479805563,0.00420216098,-2.0813055e-05,1
0.25,595,0.00480643148,0.00420981878,-2.08274123e-05,1
0.25,596,0.00481480826,0.00421747752,-2.08416895e-05,1
0.25,597,0.00482318737,0.00422513904,-2.08559086e-05,1
0.25,598,0.00483156973,0.00423280289,-2.08700403e-05,1
0.25,599,0.00483995117,0.00424046721,-2.08841066e-05,1
0.25,600,0.0048483368,0.00424813479,-2.08980782e-05,1
0.25,601,0.00485672429,0.0042558047,-2.09119844e-05,1
0.25,602,0.00486511271,0.004263476,-2.09258233e-05,1
0.25,603,0.004873503,0.00427114917,-2.09395876e-05,1
0.25,604,0.00488189608,0.00427882466,-2.09532627e-05,1
0.25,605,0.00489029009,0.00428650202,-2.09668688e-05,1
0.25,606,0.00489868689,0.00429418217,-2.09804057e-05,1
0.25,607,0.00490708416,0.00430186279,-2.09938662e-05,1
0.25,608,0.00491548562,0.00430954713,-2.10072376e-05,1
0.25,609,0.00492388802,0.00431723241,-2.10205453e-05,1
0.25,610,0.00493229181,0.00432492001,-2.10337912e-05,1
0.25,611,0.00494069746,0.00433260901,-2.10469516e-05,1
0.25,612,0.0049491059,0.00434030127,-2.10600265e-05,1
0.25,613,0.00495751575,0.00434799492,-2.10730304e-05,1
0.25,614,0.00496592699,0.00435569044,-2.10859544e-05,1
0.25,615,0.00497434149,0.00436338875,-2.10988164e-05,1
0.25,616,0.00498275599,0.00437108753,-2.11116021e-05,1
0.25,617,0.00499117374,0.0043787891,-2.11242987e-05,1
0.25,618,0.00499959337,0.00438649347,-2.11369334e-05,1
0.25,619,0.00500801392,0.00439419877,-2.11494862e-05,1
0.25,620,0.00501643773,0.00440190732,-2.11619645e-05,1
0.25,621,0.00502486294,0.00440961681,-2.11743518e-05,1
0.25,622,0.00503329001,0.00441732863,-2.11866882e-05,1
0.25,623,0.00504171895,0.00442504231,-2.119893e-05,1
0.25,624,0.00505015021,0.00443275878,-2.1211119e-05,1
0.25,625,0.00505858334,0.00444047712,-2.12232062e-05,1
0.25,626,0.00506701833,0.00444819778,-2.12352425e-05,1
0.25,627,0.00507545471,0.00445591891,-2.12471878e-05,1
0.25,628,0.00508389296,0.00446364284,-2.12590639e-05,1
0.25,629,0.005092334,0.00447136909,-2.12708655e-05,1
0.25,630,0.00510077551,0.00447909627,-2.12825908e-05,1
0.25,631,0.00510922074,0.00448682765,-2.12942377e-05,1
0.25,632,0.00511766691,0.00449455902,-2.13058011e-05,1
0.25,633,0.005126114,0.00450229272,-2.13172934e-05,1
0.25,634,0.00513456576,0.00451003062,-2.13287076e-05,1
0.25,635,0.00514301751,0.00451776851,-2.13400599e-05,1
0.25,636,0.00515147112,0.00452550827,-2.13513176e-05,1
0.25,637,0.005159928,0.00453325128,-2.13625099e-05,1
0.25,638,0.00516838534,0.00454099569,-2.13736075e-05,1
0.25,639,0.00517684501,0.0045487415,-2.13846579e-05,1
0.25,640,0.00518530607,0.00455648964,-2.139563e-05,1
0.25,641,0.00519376947,0.00456424057,-2.14065058e-05,1
0.25,642,0.00520223565,0.00457199384,-2.14173197e-05,1
0.25,643,0.00521070277,0.00457974756,-2.14280608e-05,1
0.25,644,0.00521917269,0.00458750408,-2.14387182e-05,1
0.25,645,0.005227644,0.00459526293,-2.14493011e-05,1
0.25,646,0.0052361167,0.00460302318,-2.14598076e-05,1
0.25,647,0.0052445922,0.00461078575,-2.14702159e-05,1
0.25,648,0.00525306957,0.00461855158,-2.14805877e-05,1
0.25,649,0.00526154833,0.00462631788,-2.14908596e-05,1
0.25,650,0.00527002942,0.00463408697,-2.15010514e-05,1
0.25,651,0.0052785119,0.00464185746,-2.15111777e-05,1
0.25,652,0.00528699672,0.00464962982,-2.15212385e-05,1
0.25,653,0.0052954834,0.00465740496,-2.15311939e-05,1
0.25,654,0.00530397194,0.00466518197,-2.15411073e-05,1
0.25,655,0.00531246234,0.00467296131,-2.15509153e-05,1
0.25,656,0.005320956,0.00468074251,-2.15606706e-05,1
0.25,657,0.00532945013,0.00468852557,-2.15703167e-05,1
0.25,658,0.00533794658,0.0046963105,-2.15799209e-05,1
0.25,659,0.00534644444,0.00470409729,-2.15894306e-05,1
0.25,660,0.00535494415,0.0047118864,-2.15988712e-05,1
0.25,661,0.00536344619,0.00471967738,-2.16082226e-05,1
0.25,662,0.00537195103,0.00472747115,-2.16174922e-05,1
0.25,663,0.00538045727,0.00473526679,-2.16267072e-05,1
0.25,664,0.0053889649,0.00474306429,-2.16358312e-05,1
0.25,665,0.00539747486,0.00475086365,-2.16448843e-05,1
0.25,666,0.00540598622,0.00475866441,-2.16538701e-05,1
0.25,667,0.0054144999,0.00476646842,-2.16627541e-05,1
0.25,668,0.00542301638,0.0047742743,-2.16715798e-05,1
0.25,669,0.00543153379,0.00478208158,-2.16803237e-05,1
0.25,670,0.0054400526,0.00478989072,-2.1688993e-05,1
0.25,671,0.00544857467,0.00479770312,-2.16975732e-05,1
0.25,672,0.00545709813,0.00480551692,-2.17060951e-05,1
0.25,673,0.00546562299,0.00481333211,-2.17145407e-05,1
0.25,674,0.00547415018,0.0048211501,-2.17229026e-05,1
0.25,675,0.0054826783,0.00482896902,-2.17311754e-05,1
0.25,676,0.00549121108,0.00483679213,-2.17393845e-05,1
0.25,677,0.00549974386,0.00484461617,-2.17474972e-05,1
0.25,678,0.00550827803,0.00485244114,-2.17555626e-05,1
0.25,679,0.005516815,0.00486026937,-2.17635516e-05,1
0.25,680,0.00552535523,0.0048681004,-2.17714351e-05,1
0.25,681,0.00553389546,0.00487593189,-2.17792531e-05,1
0.25,682,0.00554243801,0.00488376617,-2.17869874e-05,1
0.25,683,0.00555098243,0.00489160232,-2.17946545e-05,1
0.25,684,0.00555952918,0.00489944033,-2.18022451e-05,1
0.25,685,0.00556807732,0.00490728021,-2.18097593e-05,1
0.25,686,0.00557662873,0.00491512334,-2.18171826e-05,1
0.25,687,0.0055851806,0.0049229674,-2.18245405e-05,1
0.25,688,0.00559373479,0.0049308138,-2.18318237e-05,1
0.25,689,0.00560229085,0.00493866205,-2.18390232e-05,1
0.25,690,0.00561084924,0.0049465131,-2.18461519e-05,1
0.25,691,0.00561940949,0.00495436555,-2.1853195e-05,1
0.25,692,0.00562797114,0.00496221986,-2.18601654e-05,1
0.25,693,0.00563653558,0.00497007696,-2.18670557e-05,1
0.25,694,0.00564510096,0.00497793546,-2.18738714e-05,1
0.25,695,0.00565366913,0.00498579675,-2.18806053e-05,1
0.25,696,0.00566223962,0.00499365991,-2.18872501e-05,1
0.25,697,0.00567081105,0.005001524,-2.18938385e-05,1
0.25,698,0.00567938527,0.00500939135,-2.19003487e-05,1
0.25,699,0.00568795996,0.00501726009,-2.19067715e-05,1
0.25,700,0.00569653744,0.00502513116,-2.1913118e-05,1
0.25,701,0.00570511725,0.00503300456,-2.19193935e-05,1
0.25,702,0.00571369845,0.00504087936,-2.19255762e-05,1
0.25,703,0.00572228292,0.00504875742,-2.19316826e-05,1
0.25,704,0.00573086739,0.00505663594,-2.19377289e-05,1
0.25,705,0.00573945558,0.00506451819,-2.19436679e-05,1
0.25,706,0.0057480433,0.00507240044,-2.19495651e-05,1
0.25,707,0.00575663568,0.00508028641,-2.19553731e-05,1
0.25,708,0.0057652276,0.00508817332,-2.19610956e-05,1
0.25,709,0.00577382278,0.00509606302,-2.19667363e-05,1
0.25,710,0.00578241982,0.00510395458,-2.19723079e-05,1
0.25,711,0.00579101965,0.00511184894,-2.19777939e-05,1
0.25,712,0.00579961948,0.00511974376,-2.19832091e-05,1
0.25,713,0.0058082235,0.0051276423,-2.19885405e-05,1
0.25,714,0.00581682799,0.00513554178,-2.19937938e-05,1
0.25,715,0.00582543435,0.00514344359,-2.19989652e-05,1
0.25,716,0.00583404209,0.00515134679,-2.20040638e-05,1
0.25,717,0.00584265357,0.00515925372,-2.20090678e-05,1
0.25,718,0.00585126597,0.00516716158,-2.20140264e-05,1
0.25,719,0.00585988071,0.00517507223,-2.20188813e-05,1
0.25,720,0.0058684973,0.00518298429,-2.20236816e-05,1
0.25,721,0.0058771153,0.00519089866,-2.20283855e-05,1
0.25,722,0.00588573562,0.00519881444,-2.20330094e-05,1
0.25,723,0.00589435874,0.00520673394,-2.20375514e-05,1
0.25,724,0.00590298232,0.00521465391,-2.2042037e-05,1
0.25,725,0.00591160869,0.0052225762,-2.20464335e-05,1
0.25,726,0.00592023646,0.00523050083,-2.20507391e-05,1
0.25,727,0.00592886657,0.00523842731,-2.20549737e-05,1
0.25,728,0.00593749806,0.00524635566,-2.20591355e-05,1
0.25,729,0.00594613282,0.00525428727,-2.20631973e-05,1
0.25,730,0.00595476804,0.00526221935,-2.20672191e-05,1
0.25,731,0.00596340653,0.00527015515,-2.20711172e-05,1
0.25,732,0.00597204501,0.00527809095,-2.20749735e-05,1
0.25,733,0.00598068722,0.00528603001,-2.20787406e-05,1
0.25,734,0.00598933129,0.00529397186,-2.2082404e-05,1
0.25,735,0.00599797675,0.00530191464,-2.20860293e-05,1
0.25,736,0.00600662455,0.00530985976,-2.20895563e-05,1
0.25,737,0.00601527328,0.00531780673,-2.20930015e-05,1
0.25,738,0.00602392526,0.00532575604,-2.20963848e-05,1
0.25,739,0.00603257911,0.00533370767,-2.2099659e-05,1
0.25,740,0.00604123389,0.00534166116,-2.21028786e-05,1
0.25,741,0.00604989147,0.00534961652,-2.21060163e-05,1
0.25,742,0.00605855091,0.00535757421,-2.21090613e-05,1
0.25,743,0.00606721127,0.00536553329,-2.21120481e-05,1
0.25,744,0.0060758749,0.00537349563,-2.21149239e-05,1
0.25,745,0.00608454086,0.00538145984,-2.21177434e-05,1
0.25,746,0.00609320588,0.00538942404,-2.212049e-05,1
0.25,747,0.0061018765,0.0053973929,-2.21231512e-05,1
0.25,748,0.00611054664,0.0054053627,-2.21257342e-05,1
0.25,749,0.00611922005,0.00541333528,-2.21282298e-05,1
0.25,750,0.00612789392,0.00542130833,-2.21306582e-05,1
0.25,751,0.00613657199,0.00542928558,-2.21329919e-05,1
0.25,752,0.00614525052,0.00543726375,-2.21352529e-05,1
0.25,753,0.00615393138,0.00544524379,-2.21374357e-05,1
0.25,754,0.00616261363,0.00545322616,-2.21395458e-05,1
0.25,755,0.00617129868,0.00546121132,-2.21415648e-05,1
0.25,756,0.00617998466,0.00546919694,-2.21435093e-05,1
0.25,757,0.00618867297,0.00547718536,-2.21453829e-05,1
0.25,758,0.0061973636,0.00548517611,-2.21471601e-05,1
0.25,759,0.00620605657,0.00549316918,-2.21488717e-05,1
0.25,760,0.00621475093,0.00550116412,-2.21505034e-05,1
0.25,761,0.00622344669,0.00550916092,-2.21520477e-05,1
0.25,762,0.00623214524,0.00551715959,-2.2153512e-05,1
0.25,763,0.00624084612,0.00552516105,-2.21548853e-05,1
0.25,764,0.00624954794,0.00553316437,-2.21562041e-05,1
0.25,765,0.00625825208,0.00554116908,-2.21574464e-05,1
0.25,766,0.00626695808,0.0055491766,-2.21585888e-05,1
0.25,767,0.00627566548,0.0055571855,-2.21596601e-05,1
0.25,768,0.00628437661,0.00556519767,-2.21606297e-05,1
0.25,769,0.00629308773,0.00557321031,-2.21615592e-05,1
0.25,770,0.00630180165,0.00558122573,-2.21623886e-05,1
0.25,771,0.00631051837,0.00558924396,-2.21631453e-05,1
0.25,772,0.00631923648,0.00559726357,-2.21638074e-05,1
0.25,773,0.00632795598,0.00560528506,-2.21643877e-05,1
0.25,774,0.00633667735,0.00561330933,-2.21648988e-05,1
0.25,775,0.00634540059,0.00562133454,-2.21653463e-05,1
0.25,776,0.00635412708,0.00562936347,-2.21656828e-05,1
0.25,777,0.00636285357,0.0056373924,-2.21659611e-05,1
0.25,778,0.00637158379,0.00564542506,-2.21661503e-05,1
0.25,779,0.0063803154,0.00565345958,-2.21662649e-05,1
0.25,780,0.00638904888,0.00566149596,-2.21662922e-05,1
0.25,781,0.00639778562,0.0056695356,-2.21662358e-05,1
0.25,782,0.00640652189,0.00567757431,-2.21661121e-05,1
0.25,783,0.00641526282,0.00568561815,-2.21658993e-05,1
0.25,784,0.00642400328,0.00569366198,-2.21656228e-05,1
0.25,785,0.00643274654,0.00570170907,-2.21652354e-05,1
0.25,786,0.00644149119,0.0057097571,-2.21647897e-05,1
0.25,787,0.0064502391,0.00571780838,-2.21642749e-05,1
0.25,788,0.00645898841,0.00572586153,-2.21636474e-05,1
0.25,789,0.00646774005,0.00573391747,-2.21629543e-05,1
0.25,790,0.00647649309,0.00574197387,-2.21621758e-05,1
0.25,791,0.00648524798,0.00575003307,-2.21613318e-05,1
0.25,792,0.00649400381,0.00575809367,-2.21604059e-05,1
0.25,793,0.0065027643,0.00576615799,-2.21593782e-05,1
0.25,794,0.00651152572,0.00577422371,-2.21582759e-05,1
0.25,795,0.00652028713,0.0057822899,-2.21571318e-05,1
0.25,796,0.00652905181,0.00579035981,-2.21558566e-05,1
0.25,797,0.00653782021,0.00579843204,-2.21545233e-05,1
0.25,798,0.00654658815,0.00580650521,-2.21531027e-05,1
0.25,799,0.00655535888,0.00581458164,-2.21516148e-05,1
0.25,800,0.00656413427,0.00582266087,-2.21500413e-05,1
0.25,801,0.00657290779,0.00583074009,-2.21483879e-05,1
0.25,802,0.00658168411,0.00583882257,-2.21466526e-05,1
0.25,803,0.00659046415,0.00584690785,-2.21448281e-05,1
0.25,804,0.0065992442,0.00585499313,-2.21429091e-05,1
0.25,805,0.00660802517,0.00586308027,-2.21409264e-05,1
0.25,806,0.00661681034,0.00587117113,-2.21388818e-05,1
0.25,807,0.00662559504,0.00587926293,-2.213673e-05,1
0.25,808,0.00663438486,0.00588735798,-2.21345053e-05,1
0.25,809,0.00664317515,0.0058954549,-2.21322043e-05,1
0.25,810,0.00665196776,0.00590355368,-2.21298251e-05,1
0.25,811,0.00666076271,0.00591165526,-2.21273767e-05,1
0.25,812,0.00666955952,0.0059197587,-2.21248065e-05,1
0.25,813,0.00667835772,0.00592786353,-2.21221762e-05,1
0.25,814,0.00668715779,0.00593597069,-2.21194605e-05,1
0.25,815,0.00669596111,0.00594408065,-2.21166629e-05,1
0.25,816,0.00670476444,0.00595219107,-2.21137907e-05,1
0.25,817,0.00671357056,0.00596030429,-2.2110833e-05,1
0.25,818,0.00672237808,0.00596841937,-2.21078153e-05,1
0.25,819,0.00673118839,0.00597653678,-2.21046866e-05,1
0.25,820,0.00674000056,0.00598465651,-2.21014834e-05,1
0.25,821,0.00674881507,0.00599277904,-2.20982165e-05,1
0.25,822,0.00675763097,0.0060009025,-2.20948605e-05,1
0.25,823,0.00676644966,0.00600902969,-2.20914117e-05,1
0.25,824,0.00677526928,0.00601715688,-2.2087901e-05,1
0.25,825,0.0067840917,0.00602528779,-2.20842758e-05,1
0.25,826,0.00679291505,0.00603341963,-2.2080605e-05,1
0.25,827,0.00680174073,0.0060415538,-2.2076827e-05,1
0.25,828,0.00681056781,0.00604968937,-2.20729853e-05,1
0.25,829,0.00681939861,0.00605782866,-2.20690417e-05,1
0.25,830,0.00682822987,0.00606596936,-2.20650254e-05,1
0.25,831,0.00683706254,0.00607411098,-2.20609472e-05,1
0.25,832,0.00684589986,0.00608225679,-2.20567599e-05,1
0.25,833,0.00685473671,0.00609040307,-2.20525071e-05,1
0.25,834,0.00686357822,0.00609855354,-2.20481688e-05,1
0.25,835,0.00687241973,0.00610670447,-2.20437469e-05,1
0.25,836,0.00688126311,0.00611485727,-2.20392521e-05,1
0.25,837,0.00689010927,0.00612301333,-2.20346683e-05,1
0.25,838,0.00689895684,0.00613117032,-2.20300062e-05,1
0.25,839,0.0069078058,0.00613932963,-2.20252441e-05,1
0.25,840,0.00691665709,0.00614749081,-2.20204147e-05,1
0.25,841,0.00692551117,0.00615565479,-2.20154998e-05,1
0.25,842,0.00693436665,0.00616382062,-2.20105157e-05,1
0.25,843,0.00694322307,0.00617198786,-2.20054517e-05,1
0.25,844,0.0069520832,0.00618015928,-2.20002821e-05,1
0.25,845,0.00696094427,0.00618833024,-2.1995038e-05,1
0.25,846,0.00696980814,0.00619650492,-2.19897229e-05,1
0.25,847,0.00697867433,0.00620468147,-2.1984295e-05,1
0.25,848,0.00698754191,0.00621286035,-2.19788253e-05,1
0.25,849,0.00699640997,0.00622104015,-2.19732574e-05,1
0.25,850,0.00700528128,0.00622922229,-2.19676094e-05,1
0.25,851,0.00701415492,0.00623740721,-2.19618651e-05,1
0.25,852,0.00702303043,0.00624559447,-2.19560643e-05,1
0.25,853,0.00703190779,0.00625378313,-2.19501726e-05,1
0.25,854,0.00704078702,0.00626197411,-2.19441736e-05,1
0.25,855,0.00704966811,0.00627016695,-2.19381091e-05,1
0.25,856,0.0070585506,0.00627836166,-2.19319718e-05,1
0.25,857,0.00706743635,0.00628655916,-2.19257454e-05,1
0.25,858,0.00707632257,0.00629475806,-2.19194371e-05,1
0.25,859,0.00708521251,0.00630296022,-2.19130488e-05,1
0.25,860,0.00709410524,0.00631116563,-2.19065678e-05,1
0.25,861,0.00710299797,0.00631937059,-2.19000158e-05,1
0.25,862,0.0071118935,0.0063275788,-2.18933692e-05,1
0.25,863,0.00712078949,0.00633578794,-2.18866571e-05,1
0.25,864,0.00712968828,0.00634399941,-2.18798486e-05,1
0.25,865,0.00713858986,0.00635221461,-2.18729601e-05,1
0.25,866,0.00714749238,0.00636043027,-2.18659989e-05,1
0.25,867,0.00715639815,0.00636864873,-2.18589394e-05,1
0.25,868,0.00716530345,0.00637686858,-2.18518071e-05,1
0.25,869,0.00717421295,0.00638509076,-2.18445966e-05,1
0.25,870,0.00718312338,0.00639331574,-2.18372825e-05,1
0.25,871,0.00719203707,0.00640154257,-2.18298883e-05,1
0.25,872,0.00720095262,0.00640977221,-2.18224359e-05,1
0.25,873,0.00720987003,0.0064180037,-2.18148762e-05,1
0.25,874,0.00721878931,0.00642623706,-2.18072419e-05,1
0.25,875,0.00722770859,0.00643447135,-2.17995384e-05,1
0.25,876,0.00723663345,0.00644270983,-2.17917295e-05,1
0.25,877,0.00724555599,0.00645094737,-2.17838679e-05,1
0.25,878,0.00725448318,0.00645918958,-2.17759007e-05,1
0.25,879,0.00726341223,0.00646743365,-2.17678444e-05,1
0.25,880,0.00727234222,0.00647567865,-2.17597062e-05,1
0.25,881,0.00728127453,0.00648392644,-2.1751508e-05,1
0.25,882,0.00729021057,0.00649217702,-2.17432134e-05,1
0.25,883,0.00729914661,0.00650042854,-2.17348188e-05,1
0.25,884,0.00730808638,0.00650868379,-2.17263478e-05,1
0.25,885,0.00731702801,0.00651694089,-2.17178058e-05,1
0.25,886,0.00732596964,0.00652519846,-2.17091729e-05,1
0.25,887,0.00733491313,0.0065334579,-2.17004617e-05,1
0.25,888,0.00734386081,0.00654172106,-2.1691676e-05,1
0.25,889,0.00735280942,0.00654998608,-2.16827921e-05,1
0.25,890,0.0073617599,0.00655825296,-2.16738299e-05,1
0.25,891,0.00737071224,0.00656652125,-2.16647768e-05,1
0.25,892,0.00737966644,0.00657479232,-2.165566e-05,1
0.25,893,0.00738862436,0.00658306666,-2.16464268e-05,1
0.25,894,0.00739758229,0.00659134146,-2.16371463e-05,1
0.25,895,0.00740654254,0.00659961859,-2.16277604e-05,1
0.25,896,0.00741550513,0.00660789851,-2.16183016e-05,1
0.25,897,0.00742447143,0.00661618123,-2.16087483e-05,1
0.25,898,0.00743343681,0.00662446441,-2.15991204e-05,1
0.25,899,0.00744240545,0.00663274992,-2.1589407e-05,1
0.25,900,0.00745137502,0.00664103776,-2.1579619e-05,1
0.25,901,0.00746034924,0.0066493284,-2.15697364e-05,1
0.25,902,0.00746932253,0.00665761996,-2.15597629e-05,1
0.25,903,0.00747829909,0.00666591432,-2.1549693e-05,1
0.25,904,0.0074872775,0.00667421101,-2.1539583e-05,1
0.25,905,0.00749625871,0.00668251002,-2.15293403e-05,1
0.25,906,0.00750524085,0.00669081043,-2.15190448e-05,1
0.25,907,0.00751422439,0.00669911271,-2.15086693e-05,1
0.25,908,0.00752321258,0.00670741918,-2.14981883e-05,1
0.25,909,0.00753220171,0.00671572611,-2.14876363e-05,1
0.25,910,0.00754119083,0.00672403537,-2.14770025e-05,1
0.25,911,0.00755018368,0.00673234649,-2.14662723e-05,1
0.25,912,0.00755917747,0.00674065948,-2.14554821e-05,1
0.25,913,0.00756817451,0.00674897525,-2.1444579e-05,1
0.25,914,0.00757717341,0.00675729383,-2.14336142e-05,1
0.25,915,0.00758617278,0.00676561287,-2.14225474e-05,1
0.25,916,0.00759517588,0.00677393517,-2.14114079e-05,1
0.25,917,0.00760418084,0.00678226026,-2.14001739e-05,1
0.25,918,0.00761318579,0.00679058488,-2.13888852e-05,1
0.25,919,0.00762219448,0.00679891324,-2.13774783e-05,1
0.25,920,0.00763120502,0.00680724392,-2.1365986e-05,1
0.25,921,0.00764021743,0.00681557646,-2.13544463e-05,1
0.25,922,0.0076492317,0.00682391133,-2.13427829e-05,1
0.25,923,0.00765824877,0.00683224807,-2.13310614e-05,1
0.25,924,0.00766726676,0.00684058666,-2.13192361e-05,1
0.25,925,0.00767628755,0.00684892805,-2.13073363e-05,1
0.25,926,0.00768530881,0.00685727037,-2.12953582e-05,1
0.25,927,0.00769433565,0.00686561735,-2.12832892e-05,1
0.25,928,0.0077033611,0.00687396387,-2.12711275e-05,1
0.25,929,0.00771238981,0.0068823141,-2.12588784e-05,1
0.25,930,0.00772141898,0.00689066481,-2.12465638e-05,1
0.25,931,0.00773045141,0.00689901877,-2.12341583e-05,1
0.25,932,0.00773948571,0.0069073746,-2.12216601e-05,1
0.25,933,0.0077485228,0.00691573322,-2.12090854e-05,1
0.25,934,0.00775756221,0.00692409463,-2.11964234e-05,1
0.25,935,0.0077666021,0.00693245698,-2.1183665e-05,1
0.25,936,0.00777564477,0.00694082119,-2.11708193e-05,1
0.25,937,0.00778468931,0.00694918726,-2.11579263e-05,1
0.25,938,0.00779373385,0.00695755472,-2.11449278e-05,1
0.25,939,0.00780278258,0.00696592592,-2.11318329e-05,1
0.25,940,0.00781183224,0.00697429851,-2.11186543e-05,1
0.25,941,0.00782088563,0.00698267482,-2.11053939e-05,1
0.25,942,0.00782993902,0.0069910516,-2.10920462e-05,1
0.25,943,0.0078389952,0.00699943025,-2.10786329e-05,1
0.25,944,0.0078480551,0.00700781262,-2.10651324e-05,1
0.25,945,0.00785711594,0.00701619638,-2.10515173e-05,1
0.25,946,0.00786617771,0.00702458201,-2.10378385e-05,1
0.25,947,0.0078752432,0.0070329709,-2.10240614e-05,1
0.25,948,0.0078843087,0.00704135979,-2.10102226e-05,1
0.25,949,0.00789337605,0.00704975147,-2.09962709e-05,1
0.25,950,0.00790244713,0.00705814594,-2.09822465e-05,1
0.25,951,0.00791152008,0.00706654275,-2.09681421e-05,1
0.25,952,0.00792059302,0.00707494095,-2.09539558e-05,1
0.25,953,0.00792967062,0.00708334288,-2.09396712e-05,1
0.25,954,0.00793874729,0.00709174387,-2.09253103e-05,1
0.25,955,0.00794782955,0.00710014999,-2.09108621e-05,1
0.25,956,0.00795691181,0.00710855704,-2.08963211e-05,1
0.25,957,0.00796599593,0.00711696642,-2.08816928e-05,1
0.25,958,0.00797508098,0.00712537672,-2.08669935e-05,1
0.25,959,0.00798416976,0.00713378983,-2.08522033e-05,1
0.25,960,0.00799326133,0.00714220619,-2.08373185e-05,1
0.25,961,0.0080023529,0.00715062348,-2.08223792e-05,1
0.25,962,0.00801144727,0.00715904357,-2.08073143e-05,1
0.25,963,0.00802054442,0.00716746598,-2.07921803e-05,1
0.25,964,0.00802964251,0.0071758898,-2.07769754e-05,1
0.25,965,0.00803874247,0.0071843164,-2.07616504e-05,1
0.25,966,0.00804784615,0.00719274534,-2.07462563e-05,1
0.25,967,0.00805694982,0.00720117567,-2.07307748e-05,1
0.25,968,0.0080660563,0.00720960787,-2.0715217e-05,1
0.25,969,0.00807516463,0.00721804285,-2.06995719e-05,1
0.25,970,0.00808427576,0.00722648017,-2.06838358e-05,1
0.25,971,0.00809338875,0.00723491935,-2.06680143e-05,1
0.25,972,0.00810250361,0.00724336132,-2.06520981e-05,1
0.25,973,0.00811162032,0.00725180516,-2.06361074e-05,1
0.25,974,0.0081207389,0.00726025039,-2.06200384e-05,1
0.25,975,0.00812985841,0.00726869749,-2.06038803e-05,1
0.25,976,0.00813898165,0.00727714784,-2.0587624e-05,1
0.25,977,0.00814810488,0.00728559867,-2.05712895e-05,1
0.25,978,0.00815723371,0.00729405554,-2.05548422e-05,1
0.25,979,0.00816636067,0.00730250962,-2.05383458e-05,1
0.25,980,0.00817549042,0.00731096696,-2.05217748e-05,1
0.25,981,0.0081846239,0.00731942896,-2.05050801e-05,1
0.25,982,0.00819375925,0.00732789189,-2.04883036e-05,1
0.25,983,0.00820289832,0.00733635854,-2.04714161e-05,1
0.25,984,0.00821203552,0.00734482473,-2.0454494e-05,1
0.25,985,0.00822117552,0.00735329371,-2.04374792e-05,1
0.25,986,0.00823031832,0.00736176455,-2.04203643e-05,1
0.25,987,0.00823946483,0.00737023912,-2.04031512e-05,1
0.25,988,0.00824860949,0.00737871369,-2.03858963e-05,1
0.25,989,0.0082577588,0.00738719152,-2.03685086e-05,1
0.25,990,0.00826690905,0.00739567121,-2.03510372e-05,1
0.25,991,0.00827606209,0.0074041523,-2.03335057e-05,1
0.25,992,0.00828521606,0.00741263712,-2.0315887e-05,1
0.25,993,0.00829437189,0.00742112286,-2.02981701e-05,1
0.25,994,0.00830353238,0.00742961187,-2.02803312e-05,1
0.25,995,0.00831269473,0.00743810367,-2.02624251e-05,1
0.25,996,0.00832185615,0.00744659547,-2.02444699e-05,1
0.25,997,0.00833102129,0.00745509053,-2.02264328e-05,1
0.25,998,0.0083401883,0.00746358745,-2.02082483e-05,1
0.25,999,0.00834935717,0.00747208716,-2.01900239e-05,1
0.25,1000,0.00835852791,0.00748058828,-2.01716757e-05,1
0.25,1001,0.0083677005,0.00748909079,-2.01532894e-05,1
0.25,1002,0.00837687589,0.00749759655,-2.01347812e-05,1
0.25,1003,0.00838605221,0.00750610512,-2.01161838e-05,1
0.25,1004,0.0083952304,0.00751461415,-2.00975337e-05,1
0.25,1005,0.00840441324,0.0075231269,-2.00787472e-05,1
0.25,1006,0.00841359515,0.00753164105,-2.00599352e-05,1
0.25,1007,0.00842278078,0.00754015846,-2.00409941e-05,1
0.25,1008,0.00843196828,0.00754867727,-2.0021942e-05,1
0.25,1009,0.00844115671,0.00755719794,-2.00028408e-05,1
0.25,1010,0.00845034793,0.00756572001,-1.99836668e-05,1
0.25,1011,0.00845954102,0.0075742444,-1.99643746e-05,1
0.25,1012,0.00846873503,0.00758277206,-1.99450096e-05,1
0.25,1013,0.0084779337,0.00759130204,-1.99255483e-05,1
0.25,1014,0.00848713238,0.00759983342,-1.99059941e-05,1
0.25,1015,0.00849633291,0.00760836527,-1.9886369e-05,1
0.25,1016,0.00850553531,0.00761690224,-1.98666421e-05,1
0.25,1017,0.00851474144,0.00762543967,-1.9846846e-05,1
0.25,1018,0.00852394942,0.00763398129,-1.9826959e-05,1
0.25,1019,0.00853315834,0.00764252292,-1.98069847e-05,1
0.25,1020,0.00854237005,0.00765106734,-1.97868922e-05,1
0.25,1021,0.00855158456,0.00765961409,-1.97667214e-05,1
0.25,1022,0.00856079813,0.00766816176,-1.97465088e-05,1
0.25,1023,0.00857001636,0.00767671363,-1.97261634e-05,1
0.125,0,8.04309821e-06,0,0,1
0.125,1,1.53056026e-05,6.53849747e-06,4.92752434e-08,1
0.125,2,2.25698386e-05,1.30788121e-05,9.8608183e-08,1
0.125,3,2.98358173e-05,1.96209476e-05,1.47998918e-07,1
0.125,4,3.71035203e-05,2.61649002e-05,1.97447434e-07,1
0.125,5,4.43729623e-05,3.27106682e-05,2.46953647e-07,1
0.125,6,5.16441469e-05,3.92582697e-05,2.96517726e-07,1
0.125,7,5.89170595e-05,4.58076793e-05,3.461397e-07,1
0.125,8,6.61917002e-05,5.23588969e-05,3.95819455e-07,1
0.125,9,7.34671194e-05,5.89110969e-05,4.46246247e-07,1
0.125,10,8.07451579e-05,6.5465887e-05,4.96117877e-07,1
0.125,11,8.80249208e-05,7.20225071e-05,5.46047545e-07,1
0.125,12,9.53063864e-05,7.85809098e-05,5.96034909e-07,1
0.125,13,0.000102589613,8.51411532e-05,6.46080423e-07,1
0.125,14,0.000109874571,9.17032157e-05,6.9618352e-07,1
0.125,15,0.000117161268,9.82671045e-05,7.46344881e-07,1
0.125,16,0.000124449682,0.000104832798,7.96563995e-07,1
0.125,17,0.000131739827,0.000111400288,8.46841147e-07,1
0.125,18,0.000139031748,0.000117969685,8.97176506e-07,1
0.125,19,0.000146325387,0.000124540849,9.47569447e-07,1
0.125,20,0.000153620786,0.000131113862,9.98020937e-07,1
0.125,21,0.000160917902,0.000137688679,1.04853029e-06,1
0.125,22,0.000168216764,0.000144265316,1.09909774e-06,1
0.125,23,0.000175517373,0.000150843785,1.14972329e-06,1
0.125,24,0.000182819655,0.00015742406,1.20040681e-06,1
0.125,25,0.000190123799,0.00016400624,1.25114889e-06,1
0.125,26,0.000197429559,0.000170590138,1.30194894e-06,1
0.125,27,0.000204737124,0.000177175913,1.35280754e-06,1
0.125,28,0.000212046405,0.000183763506,1.40372458e-06,1
0.125,29,0.000219357433,0.000190352919,1.45469926e-06,1
0.125,30,0.000226670178,0.000196944166,1.50573283e-06,1
0.125,31,0.000233984712,0.000203537231,1.55682392e-06,1
0.125,32,0.000241301037,0.000210132188,1.60797401e-06,1
0.125,33,0.000248618948,0.000216728877,1.65918209e-06,1
0.125,34,0.000255938736,0.000223327457,1.7104486e-06,1
0.125,35,0.000263260183,0.000229927828,1.76177355e-06,1
0.125,36,0.000270583405,0.000236530032,1.8131575e-06,1
0.125,37,0.000277908344,0.000243134054,1.86459908e-06,1
0.125,38,0.000285235059,0.000249739969,1.91609956e-06,1
0.125,39,0.000292563462,0.000256347586,1.96765859e-06,1
0.125,40,0.000299893727,0.000262957212,2.01927583e-06,1
0.125,41,0.000307225593,0.000269568525,2.07095195e-06,1
0.125,42,0.000314559409,0.000276181818,2.12268696e-06,1
0.125,43,0.000321894739,0.00028279674,2.17447996e-06,1
0.125,44,0.000329231989,0.000289413641,2.22633207e-06,1
0.125,45,0.00033657084,0.000296032318,2.27824307e-06,1
0.125,46,0.000343911495,0.000302652857,2.33021183e-06,1
0.125,47,0.000351253897,0.000309275172,2.38224038e-06,1
0.125,48,0.000358597987,0.000315899291,2.43432623e-06,1
0.125,49,0.000365943793,0.000322525215,2.48647211e-06,1
0.125,50,0.000373291579,0.000329153205,2.53867665e-06,1
0.125,51,0.000380640879,0.000335782825,2.59093895e-06,1
0.125,52,0.000387991953,0.000342414307,2.64326036e-06,1
0.125,53,0.000395344803,0.000349047623,2.69564225e-06,1
0.125,54,0.000402699545,0.00035568286,2.74843387e-06,1
0.125,55,0.000410055771,0.000362319814,2.80094059e-06,1
0.125,56,0.000417413888,0.00036895863,2.85350643e-06,1
0.125,57,0.000424773782,0.000375599338,2.90613161e-06,1
0.125,58,0.000432135334,0.000382241793,2.95881546e-06,1
0.125,59,0.000439498719,0.000388886139,3.01155865e-06,1
0.125,60,0.000446863851,0.000395532406,3.06436164e-06,1
0.125,61,0.0004542307,0.000402180391,3.11722215e-06,1
0.125,62,0.000461599207,0.000408830179,3.17014269e-06,1
0.125,63,0.00046896952,0.00041548186,3.22312326e-06,1
0.125,64,0.000476341695,0.000422135432,3.27616135e-06,1
0.125,65,0.000483715354,0.000428790663,3.32925924e-06,1
0.125,66,0.000491091108,0.00043544799,3.38241807e-06,1
0.125,67,0.000498463865,0.000442102872,3.43498959e-06,1
0.125,68,0.000505842909,0.00044876372,3.48825279e-06,1
0.125,69,0.000513223582,0.000455426314,3.54157464e-06,1
0.125,70,0.000520606118,0.0004620908,3.59495789e-06,1
0.125,71,0.0005279904,0.000468757062,3.64839843e-06,1
0.125,72,0.000535376486,0.000475425331,3.70190037e-06,1
0.125,73,0.000542764203,0.000482095289,3.7554596e-06,1
0.125,74,0.000550153782,0.000488767226,3.80907932e-06,1
0.125,75,0.000557545107,0.000495440909,3.86275724e-06,1
0.125,76,0.000564938004,0.000502116396,3.9164961e-06,1
0.125,77,0.000572332821,0.000508793688,3.97029271e-06,1
0.125,78,0.000579729327,0.000515472959,4.02414889e-06,1
0.125,79,0.000587127637,0.000522153976,4.07806601e-06,1
0.125,80,0.000594527693,0.000528836914,4.13204179e-06,1
0.125,81,0.000601929438,0.000535521598,4.18607851e-06,1
0.125,82,0.000609332987,0.000542208145,4.24017253e-06,1
0.125,83,0.000616738223,0.000548896613,4.29432657e-06,1
0.125,84,0.000624145265,0.000555586885,4.34854019e-06,1
0.125,85,0.000631553936,0.000562278845,4.40281428e-06,1
0.125,86,0.000638964586,0.000568972784,4.45714886e-06,1
0.125,87,0.000646376866,0.000575668528,4.51153937e-06,1
0.125,88,0.000653791009,0.00058236625,4.56599446e-06,1
0.125,89,0.000661206839,0.000589065778,4.62050593e-06,1
0.125,90,0.0006686243,0.000595766935,4.67507834e-06,1
0.125,91,0.000676043623,0.000602470129,4.72970987e-06,1
0.125,92,0.000683464867,0.000609175302,4.78440188e-06,1
0.125,93,0.000690887508,0.000615881989,4.83915346e-06,1
0.125,94,0.000698312244,0.000622590771,4.89396552e-06,1
0.125,95,0.000705738552,0.000629301299,4.94883625e-06,1
0.125,96,0.000713166548,0.000636013574,5.003767e-06,1
0.125,97,0.000720596465,0.000642727886,5.05875641e-06,1
0.125,98,0.00072802807,0.000649443944,5.11380858e-06,1
0.125,99,0.000735461421,0.000656161865,5.16891805e-06,1
0.125,100,0.00074289646,0.00066288159,5.22408936e-06,1
0.125,101,0.00075033342,0.000669603236,5.2793207e-06,1
0.125,102,0.000757771893,0.00067632657,5.33461025e-06,1
0.125,103,0.000765212579,0.000683052116,5.38996119e-06,1
0.125,104,0.000772654545,0.000689779059,5.44537124e-06,1
0.125,105,0.000780098489,0.000696508156,5.50084314e-06,1
0.125,106,0.000787544472,0.000703239231,5.55637644e-06,1
0.125,107,0.000794991734,0.000709971879,5.61196566e-06,1
0.125,108,0.000802440802,0.000716706214,5.66761901e-06,1
0.125,109,0.000809892023,0.000723442819,5.72332829e-06,1
0.125,110,0.000817344524,0.000730180996,5.77910214e-06,1
0.125,111,0.000824799004,0.000736920978,5.83493238e-06,1
0.125,112,0.000832255231,0.000743663113,5.89082447e-06,1
0.125,113,0.000839713262,0.000750406878,5.94677704e-06,1
0.125,114,0.000847173156,0.000757152622,6.00279236e-06,1
0.125,115,0.000854634505,0.000763900054,6.05886316e-06,1
0.125,116,0.00086209795,0.000770649582,6.11499854e-06,1
0.125,117,0.000869562791,0.000777400564,6.17119122e-06,1
0.125,118,0.000877029728,0.000784153701,6.22744665e-06,1
0.125,119,0.000884498411,0.000790908758,6.28376074e-06,1
0.125,120,0.000891968666,0.000797665503,6.34013486e-06,1
0.125,121,0.000899440725,0.000804424053,6.39657264e-06,1
0.125,122,0.000906914705,0.000811184698,6.45306727e-06,1
0.125,123,0.000914390374,0.00081794709,6.50962465e-06,1
0.125,124,0.000921867555,0.000824711111,6.5662407e-06,1
0.125,125,0.000929346716,0.000831477169,6.6229195e-06,1
0.125,126,0.000936827739,0.000838245149,6.67965924e-06,1
0.125,127,0.000944310275,0.000845014758,6.736459e-06,1
0.125,128,0.000951794907,0.000851786579,6.79331743e-06,1
0.125,129,0.000959280995,0.000858559913,6.85023952e-06,1
0.125,130,0.000966768945,0.000865335227,6.9072189e-06,1
0.125,131,0.000974258641,0.000872112403,6.96426059e-06,1
0.125,132,0.000981749967,0.000878891326,7.02136367e-06,1
0.125,133,0.000989243272,0.000885672343,7.07852814e-06,1
0.125,134,0.000996738439,0.000892455108,7.13575173e-06,1
0.125,135,0.00100423512,0.00089923956,7.19303716e-06,1
0.125,136,0.00101173366,0.000906026107,7.25038171e-06,1
0.125,137,0.00101923407,0.000912814634,7.30779038e-06,1
0.125,138,0.00102673622,0.000919604732,7.36525681e-06,1
0.125,139,0.00103424012,0.000926396868,7.42278598e-06,1
0.125,140,0.001041746,0.000933190808,7.48037746e-06,1
0.125,141,0.00104925304,0.000939986436,7.53802669e-06,1
0.125,142,0.0010567623,0.000946784159,7.59573868e-06,1
0.125,143,0.00106427306,0.000953583454,7.6535116e-06,1
0.125,144,0.00107178604,0.000960385019,7.71134455e-06,1
0.125,145,0.00107930042,0.000967188156,7.76923844e-06,1
0.125,146,0.00108681654,0.000973993097,7.82719508e-06,1
0.125,147,0.00109433464,0.000980800134,7.88521174e-06,1
0.125,148,0.00110185449,0.000987609033,7.94328935e-06,1
0.125,149,0.00110937608,0.000994419563,8.00142971e-06,1
0.125,150,0.00111689931,0.00100123207,8.059631e-06,1
0.125,151,0.00112442439,0.00100804656,8.11788868e-06,1
0.125,152,0.00113195134,0.00101486279,8.17621276e-06,1
0.125,153,0.00113947969,0.00102168077,8.23459595e-06,1
0.125,154,0.00114701013,0.00102850085,8.29304554e-06,1
0.125,155,0.00115454255,0.00103532267,8.3515497e-06,1
0.125,156,0.0011620766,0.00104214647,8.41011752e-06,1
0.125,157,0.00116961193,0.00104897167,8.46874809e-06,1
0.125,158,0.00117714959,0.00105579942,8.52743869e-06,1
0.125,159,0.00118468888,0.00106262881,8.58619023e-06,1
0.125,160,0.00119223003,0.00106945983,8.64500544e-06,1
0.125,161,0.00119977281,0.00107629295,8.70387885e-06,1
0.125,162,0.00120731711,0.00108312746,8.76281683e-06,1
0.125,163,0.00121486362,0.00108996453,8.82181575e-06,1
0.125,164,0.00122241164,0.001096803,8.88087379e-06,1
0.125,165,0.00122996152,0.00110364344,8.9399955e-06,1
0.125,166,0.00123751338,0.0011104861,8.99917541e-06,1
0.125,167,0.00124506676,0.00111733004,9.05842353e-06,1
0.125,168,0.00125262176,0.00112417608,9.11772804e-06,1
0.125,169,0.00126017863,0.0011310241,9.17709531e-06,1
0.125,170,0.00126773771,0.00113787386,9.23652624e-06,1
0.125,171,0.00127530098,0.00114472816,9.29621001e-06,1
0.125,172,0.00128286355,0.00115158199,9.35576463e-06,1
0.125,173,0.00129042764,0.00115843746,9.41538019e-06,1
0.125,174,0.00129799359,0.0011652949,9.4750576e-06,1
0.125,175,0.00130556128,0.00117215398,9.53479775e-06,1
0.125,176,0.00131313084,0.00117901515,9.59459976e-06,1
0.125,177,0.00132070179,0.00118587806,9.6544627e-06,1
0.125,178,0.00132827461,0.00119274249,9.71438385e-06,1
0.125,179,0.00133584952,0.00119960948,9.77437503e-06,1
0.125,180,0.00134342595,0.00120647787,9.83442078e-06,1
0.125,181,0.00135100447,0.00121334824,9.89453383e-06,1
0.125,182,0.0013585845,0.00122022058,9.954706e-06,1
0.125,183,0.00136616628,0.00122709456,1.00149391e-05,1
0.125,184,0.00137375004,0.00123397075,1.0075235e-05,1
0.125,185,0.00138133566,0.00124084891,1.01355954e-05,1
0.125,186,0.00138892268,0.00124772859,1.01960195e-05,1
0.125,187,0.00139651156,0.00125461002,1.02565e-05,1
0.125,188,0.00140410243,0.00126149354,1.03170441e-05,1
0.125,189,0.00141169503,0.00126837916,1.0377652e-05,1
0.125,190,0.00141928927,0.00127526629,1.04383216e-05,1
0.125,191,0.0014268856,0.00128215563,1.0499054e-05,1
0.125,192,0.0014344831,0.00128904637,1.05598474e-05,1
0.125,193,0.00144208292,0.00129593944,1.06207044e-05,1
0.125,194,0.00144968438,0.00130283425,1.06816215e-05,1
0.125,195,0.00145728746,0.00130973069,1.0742604e-05,1
0.125,196,0.00146489253,0.00131662923,1.08036465e-05,1
0.125,197,0.00147249957,0.00132352987,1.08647546e-05,1
0.125,198,0.00148010778,0.00133043178,1.09259208e-05,1
0.125,199,0.00148771785,0.00133733579,1.09871471e-05,1
0.125,200,0.00149533071,0.00134424237,1.10484452e-05,1
0.125,201,0.00150294439,0.00135114999,1.11097979e-05,1
0.125,202,0.00151055993,0.00135805982,1.11712161e-05,1
0.125,203,0.00151817745,0.00136497151,1.12326943e-05,1
0.125,204,0.00152579637,0.00137188472,1.1294238e-05,1
0.125,205,0.00153341773,0.00137880049,1.13558408e-05,1
0.125,206,0.00154104049,0.00138571765,1.14175145e-05,1
0.125,207,0.00154866534,0.00139263691,1.14792401e-05,1
0.125,208,0.00155629171,0.00139955804,1.15410348e-05,1
0.125,209,0.00156391982,0.00140648079,1.16028896e-05,1
0.125,210,0.00157154992,0.00141340587,1.16648107e-05,1
0.125,211,0.00157918164,0.00142033247,1.17267882e-05,1
0.125,212,0.00158681499,0.00142726093,1.17888312e-05,1
0.125,213,0.00159445067,0.0014341916,1.18509433e-05,1
0.125,214,0.00160208764,0.0014411239,1.19131109e-05,1
0.125,215,0.00160972599,0.00144805782,1.19753431e-05,1
0.125,216,0.00161736715,0.00145499432,1.20376353e-05,1
0.125,217,0.00162500946,0.00146193197,1.20999948e-05,1
0.125,218,0.00163265399,0.00146887207,1.21624162e-05,1
0.125,219,0.00164030003,0.00147581392,1.22249021e-05,1
0.125,220,0.00164794782,0.00148275751,1.22874444e-05,1
0.125,221,0.00165559747,0.00148970308,1.23500549e-05,1
0.125,222,0.00166324864,0.00149665039,1.24127273e-05,1
0.125,223,0.00167090201,0.00150359969,1.24754642e-05,1
0.125,224,0.00167855725,0.00151055108,1.25382649e-05,1
0.125,225,0.00168621365,0.00151750387,1.26011219e-05,1
0.125,226,0.00169387192,0.00152445852,1.26640471e-05,1
0.125,227,0.00170153228,0.00153141527,1.27270341e-05,1
0.125,228,0.00170919497,0.00153837446,1.27900867e-05,1
0.125,229,0.00171685871,0.00154533517,1.28532029e-05,1
0.125,230,0.00172452396,0.00155229727,1.29163773e-05,1
0.125,231,0.00173219224,0.00155926216,1.29796226e-05,1
0.125,232,0.00173986075,0.00156622787,1.30429216e-05,1
0.125,233,0.00174753205,0.00157319615,1.3106288e-05,1
0.125,234,0.0017552051,0.00158016628,1.31697188e-05,1
0.125,235,0.0017628799,0.00158713851,1.32332116e-05,1
0.125,236,0.00177055621,0.00159411214,1.32967698e-05,1
0.125,237,0.00177823461,0.00160108786,1.33603899e-05,1
0.125,238,0.00178591465,0.00160806545,1.34240745e-05,1
0.125,239,0.00179359666,0.00161504513,1.34878219e-05,1
0.125,240,0.00180128007,0.0016220262,1.35516329e-05,1
0.125,241,0.0018089657,0.00162900996,1.36155086e-05,1
0.125,242,0.00181665283,0.001635995,1.36794451e-05,1
0.125,243,0.0018243416,0.00164298178,1.37434454e-05,1
0.125,244,0.00183203258,0.00164997065,1.38075084e-05,1
0.125,245,0.00183972484,0.00165696139,1.3871635e-05,1
0.125,246,0.00184741954,0.00166395435,1.3935829e-05,1
0.125,247,0.0018551161,0.00167094939,1.40000848e-05,1
0.125,248,0.00186281349,0.00167794537,1.40644024e-05,1
0.125,249,0.00187051354,0.00168494403,1.41287856e-05,1
0.125,250,0.00187821477,0.00169194397,1.41932314e-05,1
0.125,251,0.00188591855,0.00169894658,1.42577419e-05,1
0.125,252,0.0018936235,0.00170595036,1.43223151e-05,1
0.125,253,0.00190133031,0.00171295623,1.43869529e-05,1
0.125,254,0.0019090391,0.00171996409,1.44516534e-05,1
0.125,255,0.00191674964,0.00172697415,1.45164195e-05,1
0.125,256,0.00192446227,0.00173398573,1.4581251e-05,1
0.125,257,0.00193217606,0.00174099917,1.46461416e-05,1
0.125,258,0.00193989219,0.00174801459,1.47110986e-05,1
0.125,259,0.00194760959,0.00175503176,1.47761211e-05,1
0.125,260,0.00195532944,0.00176205137,1.48411991e-05,1
0.125,261,0.0019630508,0.00176907238,1.49063508e-05,1
0.125,262,0.00197077356,0.00177609525,1.49715615e-05,1
0.125,263,0.00197849865,0.00178312021,1.50368414e-05,1
0.125,264,0.0019862256,0.00179014716,1.51021868e-05,1
0.125,265,0.00199395418,0.00179717597,1.51675858e-05,1
0.125,266,0.00200168439,0.0018042064,1.52330522e-05,1
0.125,267,0.00200941646,0.00181123917,1.52985867e-05,1
0.125,268,0.00201714993,0.0018182731,1.53641868e-05,1
0.125,269,0.0020248855,0.00182530901,1.5429845e-05,1
0.125,270,0.00203262316,0.00183234748,1.54955724e-05,1
0.125,271,0.00204036245,0.00183938758,1.55613616e-05,1
0.125,272,0.0020481036,0.00184642989,1.56272108e-05,1
0.125,273,0.00205584685,0.00185347395,1.56931346e-05,1
0.125,274,0.00206359127,0.00186051941,1.57591166e-05,1
0.125,275,0.00207133801,0.00186756742,1.58251623e-05,1
0.125,276,0.00207908591,0.00187461672,1.58912717e-05,1
0.125,277,0.00208683615,0.00188166811,1.59574483e-05,1
0.125,278,0.00209458801,0.00188872172,1.6023685e-05,1
0.125,279,0.0021023422,0.00189577742,1.60899908e-05,1
0.125,280,0.00211009732,0.00190283416,1.61563603e-05,1
0.125,281,0.00211785501,0.0019098937,1.62227952e-05,1
0.125,282,0.00212561432,0.00191695464,1.62892939e-05,1
0.125,283,0.00213337527,0.00192401768,1.63558525e-05,1
0.125,284,0.00214113737,0.00193108199,1.64224766e-05,1
0.125,285,0.00214890204,0.00193814887,1.64891717e-05,1
0.125,286,0.00215666811,0.00194521726,1.65559231e-05,1
0.125,287,0.00216443627,0.00195228774,1.66227455e-05,1
0.125,288,0.00217220653,0.00195936044,1.66896316e-05,1
0.125,289,0.00217997842,0.001966435,1.67565795e-05,1
0.125,290,0.0021877517,0.00197351119,1.68235983e-05,1
0.125,291,0.00219552708,0.00198058947,1.68906754e-05,1
0.125,292,0.00220330432,0.00198766915,1.69578198e-05,1
0.125,293,0.00221108273,0.0019947507,1.70250278e-05,1
0.125,294,0.00221886369,0.00200183503,1.70923031e-05,1
0.125,295,0.00222664629,0.00200892054,1.71596403e-05,1
0.125,296,0.00223443098,0.00201600837,1.72270447e-05,1
0.125,297,0.00224221661,0.00202309736,1.72945147e-05,1
0.125,298,0.00225000503,0.00203018961,1.73620483e-05,1
0.125,299,0.00225779507,0.00203728303,1.74296474e-05,1
0.125,300,0.00226558652,0.00204437831,1.74973065e-05,1
0.125,301,0.00227337983,0.00205147546,1.75650384e-05,1
0.125,302,0.002281175,0.0020585747,1.7632834e-05,1
0.125,303,0.00228897179,0.00206567533,1.77006877e-05,1
0.125,304,0.00229677069,0.00207277853,1.77686088e-05,1
0.125,305,0.00230457145,0.00207988289,1.7836599e-05,1
0.125,306,0.0023123736,0.00208698958,1.7904651e-05,1
0.125,307,0.00232017832,0.00209409907,1.79727704e-05,1
0.125,308,0.00232798443,0.00210120948,1.80409515e-05,1
0.125,309,0.00233579241,0.00210832222,1.81092073e-05,1
0.125,310,0.00234360178,0.00211543613,1.81775158e-05,1
0.125,311,0.00235141348,0.0021225526,1.82458971e-05,1
0.125,312,0.00235922658,0.0021296707,1.8314342e-05,1
0.125,313,0.00236704201,0.00213679089,1.83828506e-05,1
0.125,314,0.0023748586,0.00214391272,1.84514338e-05,1
0.125,315,0.00238267751,0.00215103687,1.85200697e-05,1
0.125,316,0.00239049783,0.00215816242,1.85887766e-05,1
0.125,317,0.00239832047,0.00216529029,1.86575453e-05,1
0.125,318,0.00240614405,0.0021724198,1.87263831e-05,1
0.125,319,0.00241397019,0.0021795514,1.87952865e-05,1
0.125,320,0.00242179795,0.0021866851,1.88642516e-05,1
0.125,321,0.00242962781,0.0021938209,1.89332895e-05,1
0.125,322,0.0024374593,0.00220095809,1.90023857e-05,1
0.125,323,0.00244529219,0.00220809714,1.90715564e-05,1
0.125,324,0.00245312741,0.00221523829,1.91407817e-05,1
0.125,325,0.00246096472,0.00222238177,1.92100779e-05,1
0.125,326,0.0024688032,0.00222952687,1.92794378e-05,1
0.125,327,0.00247664331,0.00223667314,1.9348865e-05,1
0.125,328,0.00248448621,0.00224382267,1.9418354e-05,1
0.125,329,0.00249232957,0.00225097267,1.9487914e-05,1
0.125,330,0.00250017596,0.00225812593,1.95575412e-05,1
0.125,331,0.00250802399,0.00226528058,1.96272322e-05,1
0.125,332,0.00251587294,0.00227243686,1.96969868e-05,1
0.125,333,0.00252372492,0.0022795957,1.97668069e-05,1
0.125,334,0.0025315776,0.00228675548,1.98366924e-05,1
0.125,335,0.00253943237,0.00229391782,1.99066417e-05,1
0.125,336,0.00254728971,0.00230108248,1.99766619e-05,1
0.125,337,0.00255514844,0.00230824831,2.00467512e-05,1
0.125,338,0.00256300857,0.00231541623,2.01169059e-05,1
0.125,339,0.0025708708,0.00232258625,2.01871171e-05,1
0.125,340,0.00257873558,0.0023297586,2.0257401e-05,1
0.125,341,0.0025866013,0.00233693188,2.03277505e-05,1
0.125,342,0.00259446865,0.00234410726,2.03981654e-05,1
0.125,343,0.00260233833,0.00235128542,2.04686457e-05,1
0.125,344,0.00261020963,0.00235846499,2.05391934e-05,1
0.125,345,0.00261808326,0.00236564688,2.06098066e-05,1
0.125,346,0.00262595713,0.00237282901,2.06804834e-05,1
0.125,347,0.00263383472,0.00238001533,2.07512367e-05,1
0.125,348,0.00264171278,0.00238720188,2.08220517e-05,1
0.125,349,0.00264959363,0.00239439146,2.08929232e-05,1
0.125,350,0.00265747588,0.00240158243,2.09638674e-05,1
0.125,351,0.00266535999,0.0024087755,2.10348771e-05,1
0.125,352,0.00267324597,0.00241597043,2.11059505e-05,1
0.125,353,0.00268113334,0.00242316723,2.11770985e-05,1
0.125,354,0.0026890228,0.00243036565,2.12483046e-05,1
0.125,355,0.00269691413,0.00243756641,2.13195817e-05,1
0.125,356,0.00270480779,0.00244476926,2.13909225e-05,1
0.125,357,0.00271270261,0.00245197373,2.14623342e-05,1
0.125,358,0.00272060023,0.00245918101,2.15338114e-05,1
0.125,359,0.00272849854,0.00246638898,2.16053559e-05,1
0.125,360,0.00273639895,0.00247359928,2.16769622e-05,1
0.125,361,0.00274430099,0.00248081144,2.17486358e-05,1
0.125,362,0.00275220512,0.00248802546,2.1820375e-05,1
0.125,363,0.00276011066,0.00249524135,2.18921759e-05,1
0.125,364,0.00276801875,0.00250245957,2.19640569e-05,1
0.125,365,0.00277592894,0.00250968011,2.20360052e-05,1
0.125,366,0.00278384006,0.00251690159,2.21080081e-05,1
0.125,367,0.0027917535,0.00252412562,2.21800874e-05,1
0.125,368,0.00279966928,0.00253135199,2.22522285e-05,1
0.125,369,0.00280758552,0.00253857905,2.23244388e-05,1
0.125,370,0.00281550456,0.00254580914,2.23967108e-05,1
0.125,371,0.00282342453,0.00255304016,2.24690484e-05,1
0.125,372,0.00283134729,0.00256027398,2.25414606e-05,1
0.125,373,0.00283927098,0.00256750896,2.26139382e-05,1
0.125,374,0.00284719723,0.0025747465,2.26864868e-05,1
0.125,375,0.00285512535,0.00258198613,2.27590899e-05,1
0.125,376,0.0028630544,0.00258922647,2.28317622e-05,1
0.125,377,0.00287098601,0.00259647006,2.29045072e-05,1
0.125,378,0.00287891948,0.00260371505,2.29773177e-05,1
0.125,379,0.00288685481,0.00261096237,2.30501973e-05,1
0.125,380,0.00289479154,0.00261821062,2.31231388e-05,1
0.125,381,0.00290273037,0.00262546167,2.31961531e-05,1
0.125,382,0.00291067059,0.00263271434,2.32692291e-05,1
0.125,383,0.00291861291,0.00263996888,2.33423743e-05,1
0.125,384,0.00292655756,0.00264722598,2.34155868e-05,1
0.125,385,0.00293450337,0.00265448401,2.34888648e-05,1
0.125,386,0.00294245197,0.00266174506,2.35622192e-05,1
0.125,387,0.00295040151,0.00266900728,2.36356263e-05,1
0.125,388,0.00295835314,0.00267627183,2.37091044e-05,1
0.125,389,0.00296630664,0.00268353825,2.37826607e-05,1
0.125,390,0.00297426246,0.00269080675,2.38562752e-05,1
0.125,391,0.00298221852,0.00269807642,2.39299588e-05,1
0.125,392,0.00299017737,0.00270534866,2.40037079e-05,1
0.125,393,0.00299813878,0.00271262322,2.40775262e-05,1
0.125,394,0.00300610112,0.00271989894,2.41514172e-05,1
0.125,395,0.00301406602,0.00272717723,2.42253736e-05,1
0.125,396,0.00302203186,0.00273445668,2.42993865e-05,1
0.125,397,0.00303000025,0.00274173892,2.43734794e-05,1
0.125,398,0.00303796958,0.00274902186,2.44476396e-05,1
0.125,399,0.003045941,0.0027563076,2.45218544e-05,1
0.125,400,0.00305391476,0.0027635952,2.45961401e-05,1
0.125,401,0.00306189014,0.00277088466,2.46705058e-05,1
0.125,402,0.00306986738,0.00277817622,2.47449352e-05,1
0.125,403,0.00307784695,0.00278547034,2.48194337e-05,1
0.125,404,0.00308582699,0.00279276469,2.48939796e-05,1
0.125,405,0.00309381005,0.0028000623,2.496862e-05,1
0.125,406,0.00310179475,0.00280736177,2.5043315e-05,1
0.125,407,0.00310978107,0.00281466288,2.51180791e-05,1
0.125,408,0.00311776879,0.00282196561,2.5192905e-05,1
0.125,409,0.00312575954,0.00282927137,2.52678128e-05,1
0.125,410,0.00313375099,0.00283657829,2.53427788e-05,1
0.125,411,0.00314174523,0.00284388778,2.54178176e-05,1
0.125,412,0.0031497411,0.00285119866,2.54929237e-05,1
0.125,413,0.00315773813,0.00285851117,2.55680916e-05,1
0.125,414,0.00316573703,0.00286582555,2.56433304e-05,1
0.125,415,0.00317373825,0.00287314272,2.57186366e-05,1
0.125,416,0.00318174087,0.00288046105,2.57940137e-05,1
0.125,417,0.00318974582,0.00288778194,2.58694527e-05,1
0.125,418,0.0031977531,0.00289510493,2.59449735e-05,1
0.125,419,0.00320576178,0.00290242955,2.60205525e-05,1
0.125,420,0.00321377115,0.00290975533,2.60961933e-05,1
0.125,421,0.00322178379,0.00291708438,2.61719179e-05,1
0.125,422,0.00322979735,0.00292441458,2.62477006e-05,1
0.125,423,0.00323781325,0.00293174665,2.63235543e-05,1
0.125,424,0.0032458317,0.00293908152,2.63994752e-05,1
0.125,425,0.00325385132,0.00294641801,2.64754635e-05,1
0.125,426,0.0032618721,0.00295375544,2.65515191e-05,1
0.125,427,0.00326989521,0.00296109589,2.66276456e-05,1
0.125,428,0.00327791995,0.00296843774,2.67038376e-05,1
0.125,429,0.00328594679,0.00297578145,2.67800951e-05,1
0.125,430,0.00329397526,0.00298312749,2.68564327e-05,1
0.125,431,0.00330200628,0.00299047586,2.69328339e-05,1
0.125,432,0.00331003801,0.00299782516,2.70093005e-05,1
0.125,433,0.00331807323,0.00300517771,2.70858327e-05,1
0.125,434,0.00332610821,0.00301253074,2.71713216e-05,1
0.125,435,0.00333414623,0.00301988632,2.72480356e-05,1
0.125,436,0.0033421861,0.00302724401,2.73248115e-05,1
0.125,437,0.00335022761,0.00303460355,2.74016602e-05,1
0.125,438,0.00335827097,0.00304196519,2.74785743e-05,1
0.125,439,0.00336631667,0.00304932916,2.75555576e-05,1
0.125,440,0.00337436306,0.00305669405,2.76326082e-05,1
0.125,441,0.00338241202,0.00306406128,2.77097151e-05,1
0.125,442,0.0033904633,0.0030714313,2.77869185e-05,1
0.125,443,0.00339851552,0.00307880202,2.78641746e-05,1
0.125,444,0.00340657006,0.0030861753,2.79414962e-05,1
0.125,445,0.00341462623,0.00309355091,2.80188979e-05,1
0.125,446,0.0034226838,0.00310092722,2.80963577e-05,1
0.125,447,0.00343074393,0.00310830656,2.81738903e-05,1
0.125,448,0.0034388057,0.00311568752,2.82514957e-05,1
0.125,449,0.00344686909,0.00312307035,2.83291665e-05,1
0.125,450,0.00345493597,0.00313045643,2.84069047e-05,1
0.125,451,0.00346300262,0.00313784275,2.84847083e-05,1
0.125,452,0.00347107183,0.0031452314,2.85625865e-05,1
0.125,453,0.00347914197,0.00315262168,2.86405375e-05,1
0.125,454,0.00348721538,0.00316001498,2.87185503e-05,1
0.125,455,0.00349529041,0.00316740992,2.87966395e-05,1
0.125,456,0.00350336684,0.00317480648,2.88747906e-05,1
0.125,457,0.00351144536,0.00318220514,2.89530144e-05,1
0.125,458,0.00351952529,0.00318960566,2.90313055e-05,1
0.125,459,0.0035276073,0.00319700805,2.91096676e-05,1
0.125,460,0.00353569188,0.00320441322,2.91881006e-05,1
0.125,461,0.00354377739,0.00321181957,2.92666082e-05,1
0.125,462,0.003551865,0.00321922731,2.9345174e-05,1
0.125,463,0.00355995563,0.003226639,2.94238216e-05,1
0.125,464,0.00356804579,0.0032340507,2.9502522e-05,1
0.125,465,0.00357613922,0.00324146473,2.95812915e-05,1
0.125,466,0.00358423451,0.00324888108,2.96601484e-05,1
0.125,467,0.00359233096,0.00325629907,2.97390579e-05,1
0.125,468,0.00360043044,0.00326371985,2.9818053e-05,1
0.125,469,0.00360853039,0.00327114179,2.98971045e-05,1
0.125,470,0.00361663313,0.00327856606,2.99762251e-05,1
0.125,471,0.00362473773,0.00328599219,3.00554238e-05,1
0.125,472,0.00363284326,0.00329341996,3.01346918e-05,1
0.125,473,0.00364095159,0.00330085028,3.02140179e-05,1
0.125,474,0.00364906155,0.003308282,3.02934313e-05,1
0.125,475,0.00365717337,0.00331571605,3.03729066e-05,1
0.125,476,0.00366528681,0.00332315173,3.04524474e-05,1
0.125,477,0.00367340259,0.00333059044,3.05320536e-05,1
0.125,478,0.00368151907,0.00333802914,3.0611729e-05,1
0.125,479,0.0036896388,0.00334547134,3.06914881e-05,1
0.125,480,0.00369775924,0.00335291494,3.07713053e-05,1
0.125,481,0.003705882,0.0033603604,3.08512026e-05,1
0.125,482,0.00371400733,0.00336780888,3.09311727e-05,1
0.125,483,0.00372213381,0.00337525806,3.10111973e-05,1
0.125,484,0.00373026216,0.00338270934,3.10912947e-05,1
0.125,485,0.00373839261,0.00339016342,3.11714721e-05,1
0.125,486,0.00374652469,0.00339761889,3.12517077e-05,1
0.125,487,0.00375465839,0.00340507645,3.13320197e-05,1
0.125,488,0.00376279373,0.00341253541,3.14124045e-05,1
0.125,489,0.00377093139,0.0034199967,3.14928475e-05,1
0.125,490,0.00377907138,0.00342746079,3.15733741e-05,1
0.125,491,0.00378721254,0.00343492581,3.16539627e-05,1
0.125,492,0.00379535626,0.00344239362,3.17346276e-05,1
0.125,493,0.00380350114,0.00344986282,3.18153616e-05,1
0.125,494,0.00381164788,0.00345733343,3.18961611e-05,1
0.125,495,0.00381979579,0.00346480636,3.19770224e-05,1
0.125,496,0.00382794696,0.00347228209,3.20579711e-05,1
0.125,497,0.00383609999,0.00347975944,3.21389925e-05,1
0.125,498,0.00384425349,0.00348723819,3.22200722e-05,1
0.125,499,0.00385241047,0.00349471928,3.23012209e-05,1
0.125,500,0.00386056933,0.00350220338,3.23824497e-05,1
0.125,501,0.00386872841,0.00350968796,3.24637367e-05,1
0.125,502,0.00387689052,0.00351717509,3.2545111e-05,1
0.125,503,0.00388505426,0.00352466432,3.26265435e-05,1
0.125,504,0.00389321987,0.00353215518,3.27080452e-05,1
0.125,505,0.00390138663,0.00353964744,3.27896232e-05,1
0.125,506,0.00390955573,0.00354714249,3.28712631e-05,1
0.125,507,0.00391772669,0.00355463894,3.29529867e-05,1
0.125,508,0.00392589998,0.00356213818,3.30347611e-05,1
0.125,509,0.00393407466,0.00356963882,3.31166229e-05,1
0.125,510,0.00394225121,0.00357714156,3.3198543e-05,1
0.125,511,0.00395042961,0.00358464639,3.3280543e-05,1
0.125,512,0.00395860989,0.00359215261,3.33626122e-05,1
0.125,513,0.00396679202,0.0035996614,3.34447504e-05,1
0.125,514,0.00397497648,0.00360717252,3.35269615e-05,1
0.125,515,0.00398316281,0.0036146855,3.36092526e-05,1
0.125,516,0.003991351,0.00362220034,3.36916019e-05,1
0.125,517,0.00399954058,0.00362971658,3.37740239e-05,1
0.125,518,0.0040077325,0.00363723561,3.38565224e-05,1
0.125,519,0.00401592581,0.00364475604,3.39390826e-05,1
0.125,520,0.00402412005,0.00365227764,3.40217121e-05,1
0.125,521,0.00403231755,0.00365980272,3.41044215e-05,1
0.125,522,0.00404051645,0.00366732897,3.41872073e-05,1
0.125,523,0.00404871721,0.00367485732,3.42700514e-05,1
0.125,524,0.00405691983,0.00368238823,3.43529719e-05,1
0.125,525,0.00406512525,0.00368992053,3.44359687e-05,1
0.125,526,0.0040733316,0.0036974554,3.45190201e-05,1
0.125,527,0.00408153981,0.00370499096,3.46021552e-05,1
0.125,528,0.00408975035,0.00371253025,3.46853558e-05,1
0.125,529,0.00409796229,0.00372007047,3.47686364e-05,1
0.125,530,0.00410617562,0.00372761255,3.48519825e-05,1
0.125,531,0.00411439128,0.0037351565,3.49353941e-05,1
0.125,532,0.00412260927,0.003742703,3.50188857e-05,1
0.125,533,0.00413082773,0.00375025067,3.51024428e-05,1
0.125,534,0.00413905131,0.00375780254,3.51860799e-05,1
0.125,535,0.00414727442,0.00376535463,3.52697825e-05,1
0.125,536,0.00415549893,0.00377290766,3.53535434e-05,1
0.125,537,0.0041637253,0.00378046394,3.54373915e-05,1
0.125,538,0.00417195447,0.00378802209,3.55213124e-05,1
0.125,539,0.0041801855,0.0037955828,3.56052988e-05,1
0.125,540,0.00418841792,0.00380314514,3.56893652e-05,1
0.125,541,0.00419665175,0.00381070888,3.57734862e-05,1
0.125,542,0.00420488836,0.00381827471,3.58576872e-05,1
0.125,543,0.00421312731,0.00382584333,3.5941961e-05,1
0.125,544,0.00422136718,0.00383341312,3.60263075e-05,1
0.125,545,0.00422960892,0.00384098478,3.61107195e-05,1
0.125,546,0.00423785252,0.00384855876,3.61952152e-05,1
0.125,547,0.00424609846,0.0038561353,3.62797728e-05,1
0.125,548,0.00425434671,0.00386371324,3.63643958e-05,1
0.125,549,0.0042625959,0.00387129327,3.64491061e-05,1
0.125,550,0.00427084602,0.0038788747,3.65338783e-05,1
0.125,551,0.00427909987,0.00388645916,3.66187305e-05,1
0.125,552,0.00428735558,0.00389404502,3.67036482e-05,1
0.125,553,0.00429561222,0.0039016332,3.67886314e-05,1
0.125,554,0.00430387072,0.00390922278,3.68736873e-05,1
0.125,555,0.00431213109,0.00391681446,3.69588306e-05,1
0.125,556,0.00432039471,0.00392440939,3.70440393e-05,1
0.125,557,0.00432865834,0.00393200433,3.71293099e-05,1
0.125,558,0.00433692522,0.00393960299,3.72146678e-05,1
0.125,559,0.00434519304,0.00394720258,3.73000912e-05,1
0.125,560,0.00435346272,0.00395480404,3.73855801e-05,1
0.125,561,0.00436173426,0.00396240782,3.74711381e-05,1
0.125,562,0.00437000906,0.0039700144,3.7556787e-05,1
0.125,563,0.00437828433,0.00397762144,3.76424869e-05,1
0.125,564,0.00438656146,0.00398523128,3.77282631e-05,1
0.125,565,0.00439484138,0.00399284391,3.78141194e-05,1
0.125,566,0.00440312177,0.004000457,3.79000485e-05,1
0.125,567,0.00441140542,0.00400807289,3.79860467e-05,1
0.125,568,0.00441968953,0.00401568972,3.8072114e-05,1
0.125,569,0.00442797644,0.0040233098,3.8158254e-05,1
0.125,570,0.00443626568,0.00403093221,3.82444778e-05,1
0.125,571,0.00444455678,0.00403855601,3.83449733e-05,1
0.125,572,0.00445284834,0.00404618075,3.84313753e-05,1
0.125,573,0.00446114363,0.00405380921,3.85178573e-05,1
0.125,574,0.00446943939,0.00406143861,3.86044085e-05,1
0.125,575,0.00447773794,0.00406907033,3.86910397e-05,1
0.125,576,0.00448603742,0.00407670345,3.87777254e-05,1
0.125,577,0.00449434016,0.0040843403,3.88644985e-05,1
0.125,578,0.00450264383,0.00409197761,3.89513443e-05,1
0.125,579,0.00451094983,0.00409961771,3.9038252e-05,1
0.125,580,0.0045192563,0.00410725828,3.91252324e-05,1
0.125,581,0.00452756602,0.00411490211,3.92122856e-05,1
0.125,582,0.00453587761,0.00412254827,3.92994225e-05,1
0.125,583,0.00454419106,0.00413019629,3.93866321e-05,1
0.125,584,0.00455250498,0.00413784478,3.94739e-05,1
0.125,585,0.00456082309,0.00414549746,3.95612624e-05,1
0.125,586,0.00456914119,0.00415315107,3.96486757e-05,1
0.125,587,0.0045774621,0.00416080654,3.97361728e-05,1
0.125,588,0.00458578439,0.00416846434,3.98237353e-05,1
0.125,589,0.00459410856,0.00417612307,3.99113742e-05,1
0.125,590,0.00460243458,0.00418378459,3.99990895e-05,1
0.125,591,0.00461076479,0.00419144984,4.00868921e-05,1
0.125,592,0.00461909315,0.00419911463,4.01747347e-05,1
0.125,593,0.00462742615,0.00420678267,4.02626683e-05,1
0.125,594,0.00463575916,0.00421445118,4.03506674e-05,1
0.125,595,0.00464409543,0.00422212388,4.04387611e-05,1
0.125,596,0.0046524331,0.00422979752,4.05269129e-05,1
0.125,597,0.00466077216,0.00423747301,4.0615123e-05,1
0.125,598,0.00466911355,0.00424515037,4.07034313e-05,1
0.125,599,0.0046774568,0.00425283052,4.07918014e-05,1
0.125,600,0.00468580145,0.0042605116,4.08802371e-05,1
0.125,601,0.00469414983,0.00426819641,4.09687673e-05,1
0.125,602,0.00470249774,0.00427588122,4.10573521e-05,1
0.125,603,0.00471084891,0.00428356929,4.11460096e-05,1
0.125,604,0.00471920101,0.00429125782,4.12347399e-05,1
0.125,605,0.00472755637,0.00429895055,4.13235575e-05,1
0.125,606,0.00473591173,0.0043066428,4.14124443e-05,1
0.125,607,0.00474427175,0.00431434065,4.15014001e-05,1
0.125,608,0.00475263037,0.00432203664,4.15904251e-05,1
0.125,609,0.00476099364,0.00432973728,4.1679541e-05,1
0.125,610,0.00476935646,0.00433743792,4.17687079e-05,1
0.125,611,0.00477772206,0.00434514182,4.18579584e-05,1
0.125,612,0.00478608999,0.00435284711,4.19472744e-05,1
0.125,613,0.00479446072,0.00436055614,4.2036685e-05,1
0.125,614,0.00480283191,0.00436826563,4.21261502e-05,1
0.125,615,0.0048112059,0.00437597744,4.22157063e-05,1
0.125,616,0.00481957989,0.00438368972,4.23053134e-05,1
0.125,617,0.0048279576,0.00439140666,4.23950005e-05,1
0.125,618,0.00483633671,0.00439912407,4.24847713e-05,1
0.125,619,0.00484471815,0.00440684427,4.25746221e-05,1
0.125,620,0.00485310098,0.00441456586,4.26645238e-05,1
0.125,621,0.00486148475,0.00442228932,4.27545092e-05,1
0.125,622,0.00486987177,0.00443001511,4.28445746e-05,1
0.125,623,0.00487826066,0.00443774322,4.29347056e-05,1
0.125,624,0.00488665095,0.00444547273,4.30249129e-05,1
0.125,625,0.00489504356,0.00445320457,4.31152002e-05,1
0.125,626,0.00490343804,0.00446093874,4.32055531e-05,1
0.125,627,0.00491183437,0.00446867477,4.3295986e-05,1
0.125,628,0.00492023258,0.00447641267,4.33865025e-05,1
0.125,629,0.00492863124,0.00448415149,4.34770627e-05,1
0.125,630,0.00493703363,0.00449189404,4.35677102e-05,1
0.125,631,0.00494543836,0.00449963892,4.36584487e-05,1
0.125,632,0.00495384354,0.00450738426,4.37492454e-05,1
0.125,633,0.00496225059,0.00451513194,4.38401257e-05,1
0.125,634,0.00497065904,0.004522881,4.39310606e-05,1
0.125,635,0.00497907028,0.00453063287,4.40220829e-05,1
0.125,636,0.00498748524,0.00453838799,4.41131851e-05,1
0.125,637,0.00499589974,0.00454614405,4.42043638e-05,1
0.125,638,0.0050043161,0.0045539015,4.42956043e-05,1
0.125,639,0.00501273572,0.00456166221,4.43869285e-05,1
0.125,640,0.00502115535,0.00456942292,4.44783109e-05,1
0.125,641,0.00502957869,0.00457718782,4.45697806e-05,1
0.125,642,0.00503800251,0.00458495319,4.46613194e-05,1
0.125,643,0.00504642865,0.00459272088,4.47529383e-05,1
0.125,644,0.00505485758,0.00460049137,4.48446372e-05,1
0.125,645,0.00506328745,0.00460826326,4.49364052e-05,1
0.125,646,0.00507171871,0.00461603701,4.50282314e-05,1
0.125,647,0.00508015323,0.00462381355,4.51201522e-05,1
0.125,648,0.00508859009,0.00463159196,4.52121349e-05,1
0.125,649,0.00509702694,0.0046393713,4.53042085e-05,1
0.125,650,0.00510546705,0.0046471539,4.53963476e-05,1
0.125,651,0.00511390762,0.00465493742,4.54885558e-05,1
0.125,652,0.00512235146,0.00466272375,4.5580844e-05,1
0.125,653,0.00513079809,0.00467051333,4.5673205e-05,1
0.125,654,0.00513924379,0.00467830151,4.57656424e-05,1
0.125,655,0.00514769414,0.00468609529,4.58581599e-05,1
0.125,656,0.00515614497,0.00469388952,4.59507391e-05,1
0.125,657,0.00516459718,0.00470168516,4.60433985e-05,1
0.125,658,0.0051730522,0.00470948359,4.61361342e-05,1
0.125,659,0.00518150814,0.00471728295,4.6228939e-05,1
0.125,660,0.00518996688,0.00472508557,4.63218275e-05,1
0.125,661,0.00519842841,0.00473289099,4.64147925e-05,1
0.125,662,0.00520689134,0.00474069733,4.65078301e-05,1
0.125,663,0.0052153552,0.00474850554,4.66009442e-05,1
0.125,664,0.00522382138,0.00475631561,4.66941274e-05,1
0.125,665,0.0052322899,0.00476412894,4.67873688e-05,1
0.125,666,0.00524075935,0.00477194274,4.6880712e-05,1
0.125,667,0.00524923112,0.00477975886,4.69741208e-05,1
0.125,668,0.00525770616,0.00478757871,4.70676241e-05,1
0.125,669,0.00526618119,0.00479539856,4.71611711e-05,1
0.125,670,0.00527465856,0.00480322028,4.72548054e-05,1
0.125,671,0.00528313778,0.00481104525,4.73485197e-05,1
0.125,672,0.00529161887,0.00481887115,4.74423068e-05,1
0.125,673,0.00530010322,0.00482670078,4.7536174e-05,1
0.125,674,0.00530858757,0.00483453088,4.76301029e-05,1
0.125,675,0.00531707471,0.0048423633,4.77241119e-05,1
0.125,676,0.00532556372,0.00485019851,4.78181973e-05,1
0.125,677,0.00533405459,0.00485803466,4.79123664e-05,1
0.125,678,0.00534254871,0.00486587454,4.80066083e-05,1
0.125,679,0.00535104237,0.00487371394,4.8100912e-05,1
0.125,680,0.00535953883,0.00488155708,4.8195303e-05,1
0.125,681,0.00536803761,0.00488940207,4.82897667e-05,1
0.125,682,0.00537653826,0.00489724893,4.83843105e-05,1
0.125,683,0.00538504124,0.00490509858,4.84789307e-05,1
0.125,684,0.00539354561,0.00491294963,4.85736236e-05,1
0.125,685,0.00540205045,0.00492080115,4.86683784e-05,1
0.125,686,0.00541055901,0.00492865639,4.87632242e-05,1
0.125,687,0.00541906944,0.00493651396,4.88581427e-05,1
0.125,688,0.00542758126,0.00494437292,4.8953134e-05,1
0.125,689,0.00543609494,0.00495223375,4.90482053e-05,1
0.125,690,0.00544461096,0.00496009737,4.91433457e-05,1
0.125,691,0.00545312837,0.00496796146,4.92385661e-05,1
0.125,692,0.00546164764,0.00497582927,4.93338666e-05,1
0.125,693,0.00547017017,0.00498369895,4.94292508e-05,1
0.125,694,0.00547869271,0.00499156956,4.95246859e-05,1
0.125,695,0.00548721664,0.00499944203,4.96202119e-05,1
0.125,696,0.00549574476,0.00500731776,4.97158035e-05,1
0.125,697,0.00550427334,0.00501519488,4.98114787e-05,1
0.125,698,0.00551280426,0.00502307434,4.99072412e-05,1
0.125,699,0.00552133843,0.00503095658,5.00030728e-05,1
0.125,700,0.00552987261,0.00503883976,5.00989736e-05,1
0.125,701,0.00553840911,0.00504672481,5.01949507e-05,1
0.125,702,0.00554694841,0.00505461264,5.02909934e-05,1
0.125,703,0.00555548863,0.00506250188,5.03871343e-05,1
0.125,704,0.00556403212,0.00507039437,5.04833515e-05,1
0.125,705,0.00557257654,0.0050782878,5.05796343e-05,1
0.125,706,0.00558112189,0.00508618262,5.06759898e-05,1
0.125,707,0.00558966864,0.0050940793,5.0772418e-05,1
0.125,708,0.00559821958,0.00510197971,5.08689409e-05,1
0.125,709,0.00560677238,0.00510988198,5.09655329e-05,1
0.125,710,0.00561532611,0.00511778565,5.10621867e-05,1
0.125,711,0.00562388171,0.00512569165,5.11589242e-05,1
0.125,712,0.0056324387,0.00513359858,5.1255749e-05,1
0.125,713,0.00564099895,0.00514150877,5.13526393e-05,1
0.125,714,0.00564956106,0.00514942128,5.14496278e-05,1
0.125,715,0.00565812411,0.00515733473,5.15466636e-05,1
0.125,716,0.00566668855,0.00516525004,5.16437794e-05,1
0.125,717,0.00567525765,0.00517316954,5.17409972e-05,1
0.125,718,0.00568382535,0.00518108858,5.18382731e-05,1
0.125,719,0.00569239631,0.00518901041,5.19356217e-05,1
0.125,720,0.0057009696,0.00519693503,5.20330432e-05,1
0.125,721,0.00570954522,0.00520486198,5.21305556e-05,1
0.125,722,0.00571812084,0.00521278894,5.22281334e-05,1
0.125,723,0.00572670065,0.00522071961,5.23258022e-05,1
0.125,724,0.00573528232,0.00522865262,5.24235475e-05,1
0.125,725,0.00574386446,0.00523658656,5.25213618e-05,1
0.125,726,0.00575244846,0.00524452282,5.26192453e-05,1
0.125,727,0.00576103432,0.00525246095,5.27172051e-05,1
0.125,728,0.00576962251,0.00526040094,5.2815245e-05,1
0.125,729,0.00577821396,0.00526834466,5.29133758e-05,1
0.125,730,0.00578680634,0.0052762893,5.30115758e-05,1
0.125,731,0.00579540012,0.00528423581,5.31098522e-05,1
0.125,732,0.00580399577,0.00529218372,5.32081795e-05,1
0.125,733,0.00581259374,0.00530013489,5.33066159e-05,1
0.125,734,0.00582119357,0.00530808698,5.34051287e-05,1
0.125,735,0.00582979526,0.00531604141,5.35037107e-05,1
0.125,736,0.00583839929,0.0053239991,5.36023763e-05,1
0.125,737,0.00584700424,0.00533195725,5.37011147e-05,1
0.125,738,0.00585561199,0.00533991866,5.37999222e-05,1
0.125,739,0.0058642216,0.00534788193,5.3898817e-05,1
0.125,740,0.00587283401,0.00535584753,5.39977918e-05,1
0.125,741,0.00588144735,0.00536381453,5.40968249e-05,1
0.125,742,0.00589006348,0.00537178433,5.41959635e-05,1
0.125,743,0.00589867914,0.00537975458,5.42951566e-05,1
0.125,744,0.005907299,0.0053877281,5.43944298e-05,1
0.125,745,0.00591591932,0.00539570255,5.44937902e-05,1
0.125,746,0.00592454197,0.0054036798,5.45932271e-05,1
0.125,747,0.00593316834,0.00541166076,5.46927295e-05,1
0.125,748,0.00594179379,0.0054196408,5.47923191e-05,1
0.125,749,0.00595042249,0.0054276241,5.48919743e-05,1
0.125,750,0.00595905259,0.00543560926,5.49917168e-05,1
0.125,751,0.00596768502,0.00544359675,5.50915283e-05,1
0.125,752,0.00597631978,0.00545158656,5.51914382e-05,1
0.125,753,0.00598495686,0.00545957871,5.52914062e-05,1
0.125,754,0.00599359535,0.00546757272,5.53914579e-05,1
0.125,755,0.00600223523,0.00547556812,5.54915896e-05,1
0.125,756,0.0060108765,0.00548356539,5.55917941e-05,1
0.125,757,0.00601952011,0.00549156452,5.56920786e-05,1
0.125,758,0.00602816697,0.00549956737,5.57924432e-05,1
0.125,759,0.0060368143,0.00550757069,5.58928841e-05,1
0.125,760,0.00604546489,0.00551557727,5.59934015e-05,1
0.125,761,0.00605411874,0.00552358711,5.60940134e-05,1
0.125,762,0.00606277026,0.00553159555,5.61946654e-05,1
0.125,763,0.00607142597,0.00553960726,5.62954265e-05,1
0.125,764,0.00608008215,0.00554762082,5.63962494e-05,1
0.125,765,0.00608874205,0.00555563765,5.64971597e-05,1
0.125,766,0.00609740382,0.00556365587,5.65981536e-05,1
0.125,767,0.00610606652,0.00557167595,5.6699213e-05,1
0.125,768,0.00611473247,0.00557969883,5.68003452e-05,1
0.125,769,0.0061233989,0.00558772264,5.69015538e-05,1
0.125,770,0.00613206765,0.00559574831,5.70028533e-05,1
0.125,771,0.00614073873,0.00560377771,5.71042292e-05,1
0.125,772,0.0061494126,0.00561180897,5.72056961e-05,1
0.125,773,0.00615808833,0.00561984209,5.73072284e-05,1
0.125,774,0.00616676454,0.00562787661,5.74088408e-05,1
0.125,775,0.0061754426,0.005635913,5.7510515e-05,1
0.125,776,0.00618412346,0.00564395217,5.76122875e-05,1
0.125,777,0.00619280618,0.00565199275,5.77141254e-05,1
0.125,778,0.00620149029,0.00566003565,5.7816058e-05,1
0.125,779,0.00621017674,0.00566808041,5.79180523e-05,1
0.125,780,0.00621886551,0.0056761275,5.80201267e-05,1
0.125,781,0.00622755568,0.00568417693,5.81222812e-05,1
0.125,782,0.00623624818,0.00569222867,5.82245266e-05,1
0.125,783,0.00624494208,0.00570028182,5.83268447e-05,1
0.125,784,0.00625363737,0.00570833683,5.8429232e-05,1
0.125,785,0.00626233686,0.00571639463,5.85317066e-05,1
0.125,786,0.00627103541,0.00572445337,5.86342539e-05,1
0.125,787,0.00627973769,0.0057325149,5.8736885e-05,1
0.125,788,0.00628844369,0.00574058015,5.88396069e-05,1
0.125,789,0.0062971483,0.00574864494,5.89423944e-05,1
0.125,790,0.00630585477,0.00575671159,5.90452364e-05,1
0.125,791,0.00631456543,0.00576478243,5.91481876e-05,1
0.125,792,0.00632327748,0.00577285467,5.92512224e-05,1
0.125,793,0.00633199001,0.00578092737,5.93543045e-05,1
0.125,794,0.00634070579,0.00578900427,5.94574849e-05,1
0.125,795,0.0063494225,0.00579708163,5.95607453e-05,1
0.125,796,0.00635814201,0.00580516178,5.96640893e-05,1
0.125,797,0.00636686385,0.00581324426,5.97675098e-05,1
0.125,798,0.00637558708,0.00582132861,5.98709994e-05,1
0.125,799,0.00638431311,0.00582941622,5.99745872e-05,1
0.125,800,0.0063930396,0.00583750335,6.00782296e-05,1
0.125,801,0.00640176935,0.00584559469,6.01819629e-05,1
0.125,802,0.00641049817,0.00585368508,6.02857654e-05,1
0.125,803,0.00641923212,0.00586178107,6.03896624e-05,1
0.125,804,0.00642796606,0.00586987706,6.04936213e-05,1
0.125,805,0.0064367028,0.00587797537,6.0597682e-05,1
0.125,806,0.0064454414,0.00588607602,6.07018083e-05,1
0.125,807,0.00645418093,0.00589417806,6.0806e-05,1
0.125,808,0.00646292418,0.00590228336,6.09102899e-05,1
0.125,809,0.00647166884,0.00591039052,6.10146453e-05,1
0.125,810,0.00648041535,0.00591849955,6.11191062e-05,1
0.125,811,0.0064891642,0.00592661137,6.12236399e-05,1
0.125,812,0.00649791444,0.00593472458,6.13282318e-05,1
0.125,813,0.00650666654,0.00594283966,6.14329183e-05,1
0.125,814,0.00651542237,0.00595095847,6.15376848e-05,1
0.125,815,0.00652417727,0.00595907681,6.16425168e-05,1
0.125,816,0.00653293496,0.00596719794,6.17474434e-05,1
0.125,817,0.00654169498,0.0059753214,6.18524282e-05,1
0.125,818,0.00655045686,0.00598344719,6.19575148e-05,1
0.125,819,0.00655922154,0.00599157531,6.20626743e-05,1
0.125,820,0.00656798715,0.00599970482,6.21679137e-05,1
0.125,821,0.00657675415,0.00600783573,6.22732332e-05,1
0.125,822,0.00658552302,0.00601596944,6.23786109e-05,1
0.125,823,0.00659429608,0.00602410641,6.24841123e-05,1
0.125,824,0.00660306914,0.0060322443,6.25896646e-05,1
0.125,825,0.00661184592,0.00604038499,6.26953188e-05,1
0.125,826,0.00662062317,0.00604852708,6.28010166e-05,1
0.125,827,0.00662940182,0.00605667057,6.2906809e-05,1
0.125,828,0.00663818419,0.00606481824,6.30126888e-05,1
0.125,829,0.00664696749,0.00607296592,6.31186413e-05,1
0.125,830,0.00665575173,0.00608111592,6.32246883e-05,1
0.125,831,0.00666453876,0.00608926825,6.33307864e-05,1
0.125,832,0.00667332811,0.00609742291,6.34369862e-05,1
0.125,833,0.00668211887,0.00610557944,6.35432589e-05,1
0.125,834,0.00669091195,0.00611373875,6.36496261e-05,1
0.125,835,0.00669970736,0.00612189993,6.37560443e-05,1
0.125,836,0.00670850417,0.00613006251,6.3862557e-05,1
0.125,837,0.0067173047,0.00613822881,6.39691716e-05,1
0.125,838,0.00672610337,0.00614639418,6.40758444e-05,1
0.125,839,0.00673490716,0.00615456421,6.41826045e-05,1
0.125,840,0.00674371142,0.00616273517,6.42894302e-05,1
0.125,841,0.00675251707,0.00617090799,6.43963358e-05,1
0.125,842,0.00676132599,0.0061790836,6.45033288e-05,1
0.125,843,0.00677013723,0.00618726108,6.46104018e-05,1
0.125,844,0.00677894894,0.00619544089,6.47175693e-05,1
0.125,845,0.00678776298,0.00620362163,6.48248024e-05,1
0.125,846,0.00679658027,0.00621180655,6.49321228e-05,1
0.125,847,0.00680539804,0.00621999195,6.50395159e-05,1
0.125,848,0.00681422045,0.00622818107,6.51470109e-05,1
0.125,849,0.00682304008,0.00623636926,6.52545641e-05,1
0.125,850,0.00683186576,0.00624456257,6.53622046e-05,1
0.125,851,0.00684069237,0.00625275727,6.5469947e-05,1
0.125,852,0.00684951991,0.00626095291,6.55777258e-05,1
0.125,853,0.00685834931,0.00626914995,6.56855991e-05,1
0.125,854,0.00686718198,0.00627735117,6.57935598e-05,1
0.125,855,0.00687601557,0.00628555333,6.59016077e-05,1
0.125,856,0.00688485149,0.00629375782,6.60097212e-05,1
0.125,857,0.00689368881,0.00630196463,6.61179292e-05,1
0.125,858,0.00690252893,0.00631017378,6.622621e-05,1
0.125,859,0.00691137044,0.00631838432,6.63345782e-05,1
0.125,860,0.00692021428,0.00632659672,6.64430263e-05,1
0.125,861,0.00692906091,0.00633481331,6.65515618e-05,1
0.125,862,0.00693790847,0.00634303037,6.66601627e-05,1
0.125,863,0.0069467579,0.00635124883,6.6768851e-05,1
0.125,864,0.00695560873,0.00635947008,6.68776192e-05,1
0.125,865,0.00696446327,0.00636769412,6.69864603e-05,1
0.125,866,0.00697331782,0.00637591863,6.70953959e-05,1
0.125,867,0.0069821747,0.00638414593,6.72044116e-05,1
0.125,868,0.00699103437,0.00639237557,6.73135e-05,1
0.125,869,0.00699989591,0.00640060799,6.74226685e-05,1
0.125,870,0.00700875837,0.00640884135,6.7531917e-05,1
0.125,871,0.0070176241,0.0064170775,6.76412528e-05,1
0.125,872,0.00702649169,0.00642531598,6.77506978e-05,1
0.125,873,0.00703535927,0.00643355493,6.78601791e-05,1
0.125,874,0.00704423152,0.0064417976,6.79697623e-05,1
0.125,875,0.00705310469,0.00645004213,6.80794183e-05,1
0.125,876,0.0070619802,0.00645828852,6.81891615e-05,1
0.125,877,0.00707085663,0.00646653678,6.82989994e-05,1
0.125,878,0.00707973447,0.00647478644,6.84088809e-05,1
0.125,879,0.00708861602,0.00648303935,6.85188716e-05,1
0.125,880,0.00709749851,0.00649129413,6.8628935e-05,1
0.125,881,0.00710638287,0.00649955077,6.87390784e-05,1
0.125,882,0.00711526955,0.00650780927,6.88493092e-05,1
0.125,883,0.00712415762,0.00651607011,6.89596272e-05,1
0.125,884,0.00713304942,0.0065243342,6.90700326e-05,1
0.125,885,0.00714194216,0.00653259922,6.91805035e-05,1
0.125,886,0.00715083722,0.00654086703,6.92910617e-05,1
0.125,887,0.00715973228,0.00654913532,6.94016926e-05,1
0.125,888,0.00716863154,0.00655740732,6.95123963e-05,1
0.125,889,0.00717753172,0.00656568073,6.96232091e-05,1
0.125,890,0.00718643377,0.00657395599,6.97340874e-05,1
0.125,891,0.00719533954,0.00658223452,6.98450531e-05,1
0.125,892,0.00720424438,0.00659051305,6.99560842e-05,1
0.125,893,0.00721315201,0.00659879483,7.00672172e-05,1
0.125,894,0.00722206244,0.00660707941,7.01784302e-05,1
0.125,895,0.0072309752,0.00661536539,7.02897232e-05,1
0.125,896,0.00723988889,0.00662365369,7.04011109e-05,1
0.125,897,0.00724880584,0.00663194479,7.05125567e-05,1
0.125,898,0.00725772325,0.00664023682,7.06240971e-05,1
0.125,899,0.00726664346,0.00664853118,7.07357103e-05,1
0.125,900,0.00727556506,0.00665682741,7.08474181e-05,1
0.125,901,0.00728448946,0.00666512642,7.09591841e-05,1
0.125,902,0.00729341479,0.00667342637,7.10710665e-05,1
0.125,903,0.00730234338,0.00668173004,7.11830144e-05,1
0.125,904,0.0073112729,0.00669003464,7.12950423e-05,1
0.125,905,0.00732020428,0.00669834111,7.14071357e-05,1
0.125,906,0.00732913846,0.0067066513,7.15193382e-05,1
0.125,907,0.0073380731,0.00671496149,7.16316063e-05,1
0.125,908,0.0073470124,0.00672327634,7.17439689e-05,1
0.125,909,0.00735595124,0.00673159072,7.18564042e-05,1
0.125,910,0.0073648938,0.00673990929,7.19689488e-05,1
0.125,911,0.00737383775,0.00674822927,7.20815442e-05,1
0.125,912,0.00738278171,0.00675655017,7.21942197e-05,1
0.125,913,0.00739172893,0.00676487386,7.23070043e-05,1
0.125,914,0.0074006794,0.00677320035,7.24198399e-05,1
0.125,915,0.00740962988,0.00678152824,7.25327845e-05,1
0.125,916,0.00741858315,0.00678985752,7.26457947e-05,1
0.125,917,0.00742753921,0.006798191,7.27588922e-05,1
0.125,918,0.00743649621,0.00680652494,7.28720624e-05,1
0.125,919,0.00744545599,0.00681486167,7.29853346e-05,1
0.125,920,0.00745441671,0.00682320027,7.3098694e-05,1
0.125,921,0.00746338023,0.00683154119,7.32121262e-05,1
0.125,922,0.00747234607,0.00683988445,7.33256165e-05,1
0.125,923,0.00748131145,0.00684822816,7.34392379e-05,1
0.125,924,0.00749028195,0.00685657607,7.35529102e-05,1
0.125,925,0.00749925338,0.00686492538,7.36666771e-05,1
0.125,926,0.00750822527,0.00687327515,7.37804949e-05,1
0.125,927,0.00751720136,0.00688163051,7.38944218e-05,1
0.125,928,0.00752617652,0.00688998401,7.40084142e-05,1
0.125,929,0.00753515773,0.00689834356,7.41225376e-05,1
0.125,930,0.00754413614,0.00690670125,7.42366828e-05,1
0.125,931,0.00755312061,0.00691506406,7.4350959e-05,1
0.125,932,0.00756210508,0.00692342781,7.44653153e-05,1
0.125,933,0.00757109327,0.00693179434,7.45797151e-05,1
0.125,934,0.00758008147,0.00694016227,7.46942169e-05,1
0.125,935,0.00758907106,0.00694853114,7.48088132e-05,1
0.125,936,0.00759806531,0.00695690513,7.49235041e-05,1
0.125,937,0.00760705955,0.00696527911,7.50382533e-05,1
0.125,938,0.00761605753,0.00697365683,7.51530897e-05,1
0.125,939,0.00762505457,0.00698203361,7.52680135e-05,1
0.125,940,0.0076340558,0.00699041504,7.53830027e-05,1
0.125,941,0.00764305796,0.00699879788,7.54981011e-05,1
0.125,942,0.00765206339,0.00700718304,7.56132722e-05,1
0.125,943,0.00766106881,0.0070155696,7.57285161e-05,1
0.125,944,0.00767007656,0.00702395802,7.58438546e-05,1
0.125,945,0.00767908944,0.00703235157,7.59592949e-05,1
0.125,946,0.00768810138,0.00704074465,7.60748007e-05,1
0.125,947,0.00769711519,0.00704913912,7.61903648e-05,1
0.125,948,0.00770613225,0.00705753732,7.63060525e-05,1
0.125,949,0.00771515071,0.00706593692,7.6421813e-05,1
0.125,950,0.00772417057,0.00707433885,7.65376462e-05,1
0.125,951,0.00773319416,0.00708274404,7.66535886e-05,1
0.125,952,0.00774221821,0.00709114969,7.67695819e-05,1
0.125,953,0.00775124365,0.0070995572,7.6885648e-05,1
0.125,954,0.00776027143,0.00710796705,7.70018232e-05,1
0.125,955,0.00776930293,0.00711638061,7.71181003e-05,1
0.125,956,0.00777833303,0.00712479372,7.72344065e-05,1
0.125,957,0.00778736919,0.00713321194,7.73508582e-05,1
0.125,958,0.00779640488,0.00714163063,7.74673754e-05,1
0.125,959,0.0078054443,0.00715005212,7.75839653e-05,1
0.125,960,0.00781448372,0.00715847453,7.77006353e-05,1
0.125,961,0.00782352686,0.00716690021,7.78173999e-05,1
0.125,962,0.00783257093,0.00717532821,7.79342445e-05,1
0.125,963,0.00784161594,0.00718375668,7.80511764e-05,1
0.125,964,0.00785066467,0.00719218887,7.81681956e-05,1
0.125,965,0.00785971526,0.00720062247,7.82852876e-05,1
0.125,966,0.00786876585,0.00720905652,7.84024451e-05,1
0.125,967,0.00787782017,0.0072174957,7.85197262e-05,1
0.125,968,0.00788687635,0.00722593581,7.86370583e-05,1
0.125,969,0.0078959344,0.00723437779,7.8754485e-05,1
0.125,970,0.0079049943,0.00724282162,7.88720135e-05,1
0.125,971,0.007914057,0.00725126825,7.89896148e-05,1
0.125,972,0.00792312063,0.00725971768,7.91073107e-05,1
0.125,973,0.0079321852,0.0072681671,7.92250648e-05,1
0.125,974,0.00794125348,0.00727662025,7.93429281e-05,1
0.125,975,0.00795032363,0.00728507573,7.94608641e-05,1
0.125,976,0.00795939658,0.0072935326,7.95788801e-05,1
0.125,977,0.00796847045,0.00730199274,7.96969907e-05,1
0.125,978,0.00797754526,0.00731045241,7.98151741e-05,1
0.125,979,0.00798662379,0.00731891673,7.99334521e-05,1
0.125,980,0.00799570326,0.00732738152,8.00518028e-05,1
0.125,981,0.00800478365,0.00733584864,8.01702554e-05,1
0.125,982,0.00801386964,0.00734431949,8.02888098e-05,1
0.125,983,0.00802295562,0.00735279219,8.04074079e-05,1
0.125,984,0.00803204346,0.00736126583,8.05261006e-05,1
0.125,985,0.00804113131,0.0073697418,8.06448661e-05,1
0.125,986,0.00805022381,0.00737821963,8.07637552e-05,1
0.125,987,0.00805931725,0.00738669978,8.08826953e-05,1
0.125,988,0.00806841254,0.00739518227,8.100173e-05,1
0.125,989,0.00807751156,0.00740366708,8.11208592e-05,1
0.125,990,0.00808660965,0.0074121533,8.12400613e-05,1
0.125,991,0.0080957124,0.00742064323,8.13593579e-05,1
0.125,992,0.00810481515,0.00742913364,8.14787272e-05,1
0.125,993,0.00811392069,0.0074376259,8.15981766e-05,1
0.125,994,0.00812302902,0.00744612329,8.17177352e-05,1
0.125,995,0.00813214015,0.00745462114,8.1837381e-05,1
0.125,996,0.00814125035,0.00746311992,8.19570705e-05,1
0.125,997,0.00815036427,0.0074716215,8.20768837e-05,1
0.125,998,0.00815947913,0.00748012494,8.21967551e-05,1
0.125,999,0.00816859771,0.00748863164,8.23167356e-05,1
0.125,1000,0.00817771628,0.00749713974,8.24367889e-05,1
0.125,1001,0.00818683766,0.00750564924,8.25569223e-05,1
0.125,1002,0.00819596089,0.00751416152,8.26771575e-05,1
0.125,1003,0.00820508786,0.00752267661,8.27974727e-05,1
0.125,1004,0.00821421389,0.00753119169,8.29178462e-05,1
0.125,1005,0.00822334364,0.00753971189,8.3038336e-05,1
0.125,1006,0.00823247619,0.00754823256,8.31589205e-05,1
0.125,1007,0.00824160967,0.00755675556,8.32795558e-05,1
0.125,1008,0.00825074501,0.00756528135,8.34003076e-05,1
0.125,1009,0.00825988222,0.00757380761,8.35211322e-05,1
0.125,1010,0.00826902129,0.0075823376,8.36420222e-05,1
0.125,1011,0.00827816315,0.00759086898,8.37630214e-05,1
0.125,1012,0.00828730501,0.00759940129,8.38840933e-05,1
0.125,1013,0.00829645153,0.00760793872,8.40052671e-05,1
0.125,1014,0.00830559898,0.00761647662,8.4126521e-05,1
0.125,1015,0.00831474736,0.00762501592,8.42478548e-05,1
0.125,1016,0.00832389854,0.00763355708,8.43692687e-05,1
0.125,1017,0.00833305344,0.00764210243,8.44907845e-05,1
0.125,1018,0.00834220834,0.00765064918,8.46123876e-05,1
0.125,1019,0.0083513651,0.00765919778,8.47340634e-05,1
0.125,1020,0.00836052466,0.00766774965,8.48558338e-05,1
0.125,1021,0.00836968701,0.00767630199,8.49776698e-05,1
0.125,1022,0.00837884936,0.00768485665,8.50996075e-05,1
0.125,1023,0.00838801544,0.00769341411,8.52216399e-05,1
0.0625,0,3.21199113e-05,0,0,1
0.0625,1,3.93805749e-05,6.54042424e-06,7.0313618e-08,1
0.0625,2,4.6642981e-05,1.3082662e-05,1.40684705e-07,1
0.0625,3,5.39070934e-05,1.96267083e-05,2.11113104e-07,1
0.0625,4,6.11729411e-05,2.61725691e-05,2.81599057e-07,1
0.0625,5,6.84404949e-05,3.27202506e-05,3.52142479e-07,1
0.0625,6,7.57098242e-05,3.9269722e-05,4.22743284e-07,1
0.0625,7,8.29808632e-05,4.58210234e-05,4.93401672e-07,1
0.0625,8,9.02535976e-05,5.23741328e-05,5.6411767e-07,1
0.0625,9,9.75281e-05,5.89290576e-05,6.34891251e-07,1
0.0625,10,0.000104804305,6.54857795e-05,7.05722414e-07,1
0.0625,11,0.000112082234,7.2044335e-05,7.76611159e-07,1
0.0625,12,0.000119361895,7.86046949e-05,8.47557317e-07,1
0.0625,13,0.000126643354,8.51668883e-05,9.18561341e-07,1
0.0625,14,0.000133926471,9.17308716e-05,9.89623004e-07,1
0.0625,15,0.000141211363,9.82967249e-05,1.06074253e-06,1
0.0625,16,0.000148497958,0.000104864324,1.13191982e-06,1
0.0625,17,0.000155786256,0.000111433757,1.20315497e-06,1
0.0625,18,0.0001630763,0.000118005024,1.27444741e-06,1
0.0625,19,0.00017036809,0.000124578102,1.34579784e-06,1
0.0625,20,0.000177661641,0.000131153021,1.41720602e-06,1
0.0625,21,0.000184956822,0.000137729687,1.48867207e-06,1
0.0625,22,0.000192253821,0.000144308215,1.56019621e-06,1
0.0625,23,0.000199552553,0.000150888562,1.63177822e-06,1
0.0625,24,0.000206853059,0.000157470757,1.70341809e-06,1
0.0625,25,0.000214155152,0.000164054698,1.77511538e-06,1
0.0625,26,0.000221456925,0.000170638552,1.84620183e-06,1
0.0625,27,0.000228762525,0.000177226146,1.91798927e-06,1
0.0625,28,0.000236069813,0.000183815515,1.98983571e-06,1
0.0625,29,0.000243378803,0.000190406659,2.06173945e-06,1
0.0625,30,0.00025068954,0.000196999637,2.13370117e-06,1
0.0625,31,0.000258002081,0.000203594507,2.20572178e-06,1
0.0625,32,0.000265316339,0.000210191181,2.27779992e-06,1
0.0625,33,0.000272632344,0.000216789631,2.3499374e-06,1
0.0625,34,0.000279949949,0.000223389856,2.42213036e-06,1
0.0625,35,0.000287269388,0.000229992002,2.49438403e-06,1
0.0625,36,0.000294590514,0.000236595879,2.56669546e-06,1
0.0625,37,0.000301913475,0.000243201648,2.63906372e-06,1
0.0625,38,0.000309238152,0.000249809265,2.71149133e-06,1
0.0625,39,0.000316564518,0.000256418658,2.78397738e-06,1
0.0625,40,0.000323892629,0.000263029884,2.85652186e-06,1
0.0625,41,0.000331222487,0.000269642915,2.92912409e-06,1
0.0625,42,0.000338554004,0.000276257691,3.00178453e-06,1
0.0625,43,0.000345887325,0.000282874447,3.07450478e-06,1
0.0625,44,0.000353222364,0.000289492891,3.14728027e-06,1
0.0625,45,0.000360559177,0.000296113227,3.22011624e-06,1
0.0625,46,0.000367897708,0.000302735396,3.29301315e-06,1
0.0625,47,0.000375237927,0.00030935934,3.36596349e-06,1
0.0625,48,0.000382580038,0.000315985235,3.43897773e-06,1
0.0625,49,0.00038992372,0.000322612817,3.51204699e-06,1
0.0625,50,0.000397269236,0.000329242292,3.58517491e-06,1
0.0625,51,0.000404616381,0.000335873541,3.65836013e-06,1
0.0625,52,0.000411965302,0.000342506566,3.73160606e-06,1
0.0625,53,0.000419315998,0.000349141483,3.8049111e-06,1
0.0625,54,0.00042666847,0.000355778291,3.87827458e-06,1
0.0625,55,0.000434022659,0.000362416904,3.95169627e-06,1
0.0625,56,0.000441378594,0.000369057321,4.02517526e-06,1
0.0625,57,0.000448736217,0.000375699572,4.09871382e-06,1
0.0625,58,0.000456095731,0.000382343715,4.17231149e-06,1
0.0625,59,0.000463456643,0.000388989429,4.24596647e-06,1
0.0625,60,0.000470819767,0.000395637413,4.31968101e-06,1
0.0625,61,0.000478184229,0.000402286823,4.39345786e-06,1
0.0625,62,0.000485550641,0.000408938242,4.46728973e-06,1
0.0625,63,0.000492918887,0.000415591494,4.54118072e-06,1
0.0625,64,0.000500288617,0.000422246434,4.61513264e-06,1
0.0625,65,0.000507660327,0.000428903411,4.68914141e-06,1
0.0625,66,0.000515033433,0.000435562019,4.76320884e-06,1
0.0625,67,0.000522408751,0.000442222808,4.83733629e-06,1
0.0625,68,0.000529785349,0.00044888485,4.91152105e-06,1
0.0625,69,0.000537164102,0.000455549278,4.98576856e-06,1
0.0625,70,0.000544544368,0.000462215248,5.060072e-06,1
0.0625,71,0.000551926438,0.000468883169,5.1344341e-06,1
0.0625,72,0.000559310021,0.00047555269,5.20885806e-06,1
0.0625,73,0.000566695642,0.000482224219,5.28333703e-06,1
0.0625,74,0.000574082893,0.000488897669,5.35788013e-06,1
0.0625,75,0.00058147189,0.000495572865,5.43247825e-06,1
0.0625,76,0.000588862691,0.000502249866,5.50713776e-06,1
0.0625,77,0.00059625518,0.000508928671,5.58185684e-06,1
0.0625,78,0.000603649532,0.000515609456,5.65663186e-06,1
0.0625,79,0.000611045572,0.000522292044,5.73146826e-06,1
0.0625,80,0.000618443242,0.000528976379,5.80636515e-06,1
0.0625,81,0.000625842717,0.000535662519,5.88131843e-06,1
0.0625,82,0.00063324417,0.000542350637,5.95633492e-06,1
0.0625,83,0.000640646904,0.000549040386,6.03140597e-06,1
0.0625,84,0.000648051675,0.000555732113,6.10653933e-06,1
0.0625,85,0.000655458309,0.000562425761,6.18173453e-06,1
0.0625,86,0.000662866398,0.000569121097,6.2569834e-06,1
0.0625,87,0.000670276233,0.00057581818,6.33229502e-06,1
0.0625,88,0.000677688455,0.00058251759,6.40766484e-06,1
0.0625,89,0.000685101433,0.000589218107,6.48309469e-06,1
0.0625,90,0.000692516798,0.000595920894,6.55858503e-06,1
0.0625,91,0.000699933793,0.000602625485,6.63413721e-06,1
0.0625,92,0.000707352534,0.000609331881,6.7097435e-06,1
0.0625,93,0.000714773021,0.000616040139,6.78541392e-06,1
0.0625,94,0.000722195196,0.000622750144,6.8611389e-06,1
0.0625,95,0.000729619176,0.000629462069,6.93692709e-06,1
0.0625,96,0.000737044844,0.000636175799,7.01277031e-06,1
0.0625,97,0.000744472491,0.000642891624,7.08867856e-06,1
0.0625,98,0.000751901302,0.000649608672,7.1646441e-06,1
0.0625,99,0.000759332557,0.00065632828,7.2406724e-06,1
0.0625,100,0.000766765093,0.000663049228,7.316758e-06,1
0.0625,101,0.000774199667,0.000669772213,7.39290226e-06,1
0.0625,102,0.000781635928,0.00067649706,7.46910973e-06,1
0.0625,103,0.000789073994,0.000683223712,7.54537359e-06,1
0.0625,104,0.000796513399,0.000689951994,7.62169657e-06,1
0.0625,105,0.00080395519,0.000696682546,7.69808321e-06,1
0.0625,106,0.000811398379,0.000703414786,7.77452897e-06,1
0.0625,107,0.000818843313,0.000710148714,7.85103111e-06,1
0.0625,108,0.000826289994,0.000716884504,7.92759874e-06,1
0.0625,109,0.000833738362,0.000723622157,8.00422276e-06,1
0.0625,110,0.000841188652,0.000730361731,8.0809059e-06,1
0.0625,111,0.000848640688,0.000737103168,8.1576527e-06,1
0.0625,112,0.000856094528,0.000743846351,8.23445589e-06,1
0.0625,113,0.00086354994,0.000750591396,8.31131911e-06,1
0.0625,114,0.000871007331,0.000757338479,8.38824235e-06,1
0.0625,115,0.000878465944,0.000764086843,8.46522653e-06,1
0.0625,116,0.000885926944,0.000770837651,8.54227255e-06,1
0.0625,117,0.00089338969,0.000777590438,8.6193786e-06,1
0.0625,118,0.000900853542,0.000784344214,8.69654468e-06,1
0.0625,119,0.000908319606,0.000791100494,8.77376988e-06,1
0.0625,120,0.000915787299,0.000797858345,8.85105328e-06,1
0.0625,121,0.000923257146,0.000804618525,8.92840308e-06,1
0.0625,122,0.000930728565,0.000811380334,9.00580653e-06,1
0.0625,123,0.000938201498,0.000818143715,9.08327456e-06,1
0.0625,124,0.000945676351,0.000824909075,9.16079625e-06,1
0.0625,125,0.00095315231,0.000831675832,9.24130291e-06,1
0.0625,126,0.00096063083,0.000838445034,9.31897375e-06,1
0.0625,127,0.000968110748,0.000845215749,9.39670463e-06,1
0.0625,128,0.000975592877,0.000851988851,9.47449826e-06,1
0.0625,129,0.00098307617,0.000858763291,9.552351e-06,1
0.0625,130,0.000990561559,0.000865539652,9.63026105e-06,1
0.0625,131,0.000998048927,0.000872318167,9.70823658e-06,1
0.0625,132,0.00100553734,0.000879098079,9.7862694e-06,1
0.0625,133,0.00101302797,0.000885880028,9.86435953e-06,1
0.0625,134,0.00102052081,0.000892664306,9.94251604e-06,1
0.0625,135,0.00102801458,0.000899449806,1.00207317e-05,1
0.0625,136,0.00103551045,0.000906237285,1.00990055e-05,1
0.0625,137,0.00104300817,0.000913026684,1.01773376e-05,1
0.0625,138,0.00105050765,0.000919818005,1.0255736e-05,1
0.0625,139,0.00105800864,0.000926610956,1.03341954e-05,1
0.0625,140,0.00106551184,0.000933406234,1.04127166e-05,1
0.0625,141,0.0010730162,0.000940202794,1.04912915e-05,1
0.0625,142,0.00108052266,0.000947001507,1.0569931e-05,1
0.0625,143,0.00108803099,0.000953802082,1.06486277e-05,1
0.0625,144,0.0010955414,0.000960604812,1.07273945e-05,1
0.0625,145,0.00110305287,0.000967408763,1.0806214e-05,1
0.0625,146,0.00111056643,0.000974214985,1.08850991e-05,1
0.0625,147,0.00111808162,0.00098102272,1.09640405e-05,1
0.0625,148,0.00112559879,0.000987832784,1.10430483e-05,1
0.0625,149,0.00113311771,0.000994644477,1.11221143e-05,1
0.0625,150,0.00114063814,0.00100145792,1.12012367e-05,1
0.0625,151,0.00114815996,0.00100827299,1.12804246e-05,1
0.0625,152,0.00115568447,0.00101509038,1.13596761e-05,1
0.0625,153,0.00116321049,0.00102190964,1.14389823e-05,1
0.0625,154,0.00117073779,0.00102873053,1.15183557e-05,1
0.0625,155,0.00117826706,0.00103555305,1.15977873e-05,1
0.0625,156,0.00118579832,0.00104237779,1.1677279e-05,1
0.0625,157,0.00119333121,0.00104920438,1.17568343e-05,1
0.0625,158,0.00120086595,0.00105603284,1.18364487e-05,1
0.0625,159,0.00120840257,0.00106286327,1.19161195e-05,1
0.0625,160,0.00121594057,0.00106969511,1.19958613e-05,1
0.0625,161,0.00122348068,0.00107652927,1.20756604e-05,1
0.0625,162,0.00123102264,0.00108336518,1.21555186e-05,1
0.0625,163,0.00123856612,0.00109020295,1.22354395e-05,1
0.0625,164,0.00124611123,0.00109704223,1.23154232e-05,1
0.0625,165,0.00125365832,0.00110388361,1.23954642e-05,1
0.0625,166,0.00126120704,0.00111072697,1.24755661e-05,1
0.0625,167,0.00126875762,0.00111757196,1.25557399e-05,1
0.0625,168,0.0012763103,0.00112441939,1.26359655e-05,1
0.0625,169,0.00128386426,0.00113126787,1.27162548e-05,1
0.0625,170,0.00129142031,0.00113811879,1.27966059e-05,1
0.0625,171,0.00129897776,0.00114497135,1.28770153e-05,1
0.0625,172,0.00130653719,0.00115182542,1.29574919e-05,1
0.0625,173,0.00131409848,0.00115868205,1.30380258e-05,1
0.0625,174,0.00132166117,0.00116553996,1.31186225e-05,1
0.0625,175,0.00132922584,0.00117239973,1.31992774e-05,1
0.0625,176,0.00133679248,0.00117926183,1.32800014e-05,1
0.0625,177,0.00134436076,0.00118612556,1.33607837e-05,1
0.0625,178,0.00135193078,0.00119299127,1.34416241e-05,1
0.0625,179,0.0013595022,0.0011998585,1.35225255e-05,1
0.0625,180,0.00136707595,0.00120672793,1.36034923e-05,1
0.0625,181,0.00137465145,0.00121359923,1.36845256e-05,1
0.0625,182,0.00138222834,0.00122047216,1.37656107e-05,1
0.0625,183,0.00138980767,0.0012273473,1.38467649e-05,1
0.0625,184,0.00139738841,0.0012342243,1.39279764e-05,1
0.0625,185,0.00140497054,0.0012411027,1.40092543e-05,1
0.0625,186,0.00141255499,0.00124798331,1.40905977e-05,1
0.0625,187,0.00142014073,0.00125486567,1.41719911e-05,1
0.0625,188,0.00142772833,0.00126174965,1.425345e-05,1
0.0625,189,0.00143531815,0.00126863597,1.43349753e-05,1
0.0625,190,0.00144290959,0.00127552426,1.44165606e-05,1
0.0625,191,0.0014505022,0.00128241361,1.44982132e-05,1
0.0625,192,0.0014580976,0.00128930598,1.4579914e-05,1
0.0625,193,0.00146569405,0.00129619951,1.46616821e-05,1
0.0625,194,0.00147329224,0.00130309467,1.47435148e-05,1
0.0625,195,0.00148089218,0.00130999181,1.48254085e-05,1
0.0625,196,0.00148849434,0.00131689117,1.49073676e-05,1
0.0625,197,0.001496098,0.00132379215,1.49893858e-05,1
0.0625,198,0.00150370377,0.00133069546,1.50714686e-05,1
0.0625,199,0.00151131093,0.00133760017,1.51536096e-05,1
0.0625,200,0.00151891971,0.00134450675,1.52358143e-05,1
0.0625,201,0.0015265306,0.0013514153,1.53180827e-05,1
0.0625,202,0.00153414335,0.00135832583,1.54004101e-05,1
0.0625,203,0.00154175796,0.00136523833,1.54828085e-05,1
0.0625,204,0.00154937396,0.00137215247,1.5565256e-05,1
0.0625,205,0.00155699172,0.00137906848,1.56477727e-05,1
0.0625,206,0.0015646111,0.00138598576,1.57303548e-05,1
0.0625,207,0.00157223304,0.0013929063,1.58129988e-05,1
0.0625,208,0.00157985615,0.00139982766,1.58957027e-05,1
0.0625,209,0.00158748135,0.00140675134,1.59784631e-05,1
0.0625,210,0.0015951083,0.00141367712,1.60612944e-05,1
0.0625,211,0.00160273642,0.00142060395,1.61441858e-05,1
0.0625,212,0.00161036663,0.00142753299,1.6227139e-05,1
0.0625,213,0.00161799963,0.00143446482,1.63101595e-05,1
0.0625,214,0.00162563298,0.00144139712,1.63932364e-05,1
0.0625,215,0.00163326971,0.0014483328,1.64763769e-05,1
0.0625,216,0.00164090621,0.00145526847,1.6559572e-05,1
0.0625,217,0.00164854561,0.00146220729,1.66428399e-05,1
0.0625,218,0.00165618665,0.00146914762,1.67261751e-05,1
0.0625,219,0.00166382943,0.00147609005,1.68095685e-05,1
0.0625,220,0.00167147419,0.00148303434,1.68930164e-05,1
0.0625,221,0.00167912082,0.00148998061,1.69765408e-05,1
0.0625,222,0.00168676872,0.00149692816,1.70601143e-05,1
0.0625,223,0.00169441837,0.00150387781,1.71437568e-05,1
0.0625,224,0.00170207105,0.00151083025,1.72274686e-05,1
0.0625,225,0.00170972396,0.00151778315,1.7311233e-05,1
0.0625,226,0.00171737932,0.00152473873,1.73950666e-05,1
0.0625,227,0.00172503537,0.00153169525,1.74789529e-05,1
0.0625,228,0.00173269527,0.00153865514,1.75629102e-05,1
0.0625,229,0.00174035598,0.00154561643,1.76469312e-05,1
0.0625,230,0.00174801808,0.00155257923,1.77310176e-05,1
0.0625,231,0.00175568275,0.00155954459,1.78151586e-05,1
0.0625,232,0.00176334847,0.00156651076,1.7899365e-05,1
0.0625,233,0.0017710164,0.00157347973,1.7983637e-05,1
0.0625,234,0.00177868549,0.00158044964,1.80679672e-05,1
0.0625,235,0.00178635726,0.00158742245,1.81523719e-05,1
0.0625,236,0.00179403031,0.00159439666,1.82368349e-05,1
0.0625,237,0.00180170534,0.00160137273,1.8321356e-05,1
0.0625,238,0.00180938141,0.0016083502,1.84059336e-05,1
0.0625,239,0.00181706017,0.00161533046,1.84905894e-05,1
0.0625,240,0.00182474067,0.00162231235,1.85752997e-05,1
0.0625,241,0.00183242268,0.00162929611,1.86600773e-05,1
0.0625,242,0.00184010668,0.00163628173,1.87449168e-05,1
0.0625,243,0.00184779195,0.00164326897,1.88298218e-05,1
0.0625,244,0.00185547979,0.00165025843,1.8914785e-05,1
0.0625,245,0.00186316913,0.00165724987,1.89998227e-05,1
0.0625,246,0.00187085918,0.00166424201,1.90849132e-05,1
0.0625,247,0.00187855214,0.00167123729,1.91700656e-05,1
0.0625,248,0.00188624719,0.00167823443,1.92552852e-05,1
0.0625,249,0.00189394341,0.00168523309,1.93405685e-05,1
0.0625,250,0.00190164149,0.00169223372,1.94259137e-05,1
0.0625,251,0.00190934201,0.0016992368,1.95113225e-05,1
0.0625,252,0.00191704324,0.0017062407,1.95968005e-05,1
0.0625,253,0.00192474714,0.00171324715,1.96823385e-05,1
0.0625,254,0.0019324522,0.00172025512,1.97679419e-05,1
0.0625,255,0.00194015948,0.00172726542,1.98536036e-05,1
0.0625,256,0.00194786722,0.00173427642,1.99431033e-05,1
0.0625,257,0.0019555781,0.00174129056,2.00289014e-05,1
0.0625,258,0.00196329039,0.00174830609,2.01147741e-05,1
0.0625,259,0.0019710043,0.00175532338,2.0200705e-05,1
0.0625,260,0.00197872007,0.00176234241,2.02867031e-05,1
0.0625,261,0.00198643841,0.00176936458,2.03727668e-05,1
0.0625,262,0.00199415837,0.00177638803,2.04588923e-05,1
0.0625,263,0.00200187927,0.001783413,2.05450779e-05,1
0.0625,264,0.00200960319,0.00179044052,2.06313362e-05,1
0.0625,265,0.00201732805,0.00179746922,2.0717649e-05,1
0.0625,266,0.0020250543,0.00180449965,2.08040201e-05,1
0.0625,267,0.00203278358,0.001811533,2.08904748e-05,1
0.0625,268,0.00204051356,0.00181856728,2.09769751e-05,1
0.0625,269,0.00204824563,0.00182560389,2.10635462e-05,1
0.0625,270,0.00205597957,0.00183264236,2.11501774e-05,1
0.0625,271,0.00206371606,0.00183968316,2.12368868e-05,1
0.0625,272,0.00207145209,0.00184672407,2.13236381e-05,1
0.0625,273,0.00207919232,0.00185376906,2.14104712e-05,1
0.0625,274,0.00208693347,0.00186081498,2.14973606e-05,1
0.0625,275,0.00209467579,0.0018678623,2.15843193e-05,1
0.0625,276,0.00210242113,0.00187491265,2.16713397e-05,1
0.0625,277,0.00211016741,0.00188196392,2.17584184e-05,1
0.0625,278,0.00211791554,0.00188901753,2.18455752e-05,1
0.0625,279,0.00212566601,0.00189607299,2.19327812e-05,1
0.0625,280,0.00213341741,0.00190313009,2.202006e-05,1
0.0625,281,0.0021411716,0.00191018987,2.21073988e-05,1
0.0625,282,0.00214892649,0.00191725034,2.21947994e-05,1
0.0625,283,0.00215668418,0.00192431349,2.22822728e-05,1
0.0625,284,0.00216444279,0.00193137815,2.23697989e-05,1
0.0625,285,0.0021722042,0.00193844584,2.24573996e-05,1
0.0625,286,0.00217996654,0.001945514,2.25450658e-05,1
0.0625,287,0.00218773168,0.00195258483,2.26327884e-05,1
0.0625,288,0.00219549728,0.00195965706,2.27205783e-05,1
0.0625,289,0.00220326567,0.00196673186,2.28084355e-05,1
0.0625,290,0.00221103593,0.00197380851,2.28963509e-05,1
0.0625,291,0.00221880688,0.0019808861,2.29843281e-05,1
0.0625,292,0.00222658087,0.00198796648,2.30723854e-05,1
0.0625,293,0.00223435625,0.00199504895,2.31605009e-05,1
0.0625,294,0.00224213279,0.00200213236,2.32486727e-05,1
0.0625,295,0.00224991213,0.00200921856,2.33369174e-05,1
0.0625,296,0.00225769309,0.00201630639,2.34252238e-05,1
0.0625,297,0.00226547499,0.00202339538,2.3513594e-05,1
0.0625,298,0.00227325829,0.00203048647,2.36020278e-05,1
0.0625,299,0.00228104484,0.00203758013,2.36905307e-05,1
0.0625,300,0.00228883279,0.00204467541,2.37790937e-05,1
0.0625,301,0.00229662308,0.00205177348,2.38677349e-05,1
0.0625,302,0.00230441499,0.00205887272,2.3956427e-05,1
0.0625,303,0.00231220759,0.00206597312,2.40451791e-05,1
0.0625,304,0.00232000253,0.00207307562,2.41340131e-05,1
0.0625,305,0.00232779933,0.00208018068,2.42229034e-05,1
0.0625,306,0.00233559753,0.00208728714,2.43118411e-05,1
0.0625,307,0.00234339852,0.00209439616,2.44008679e-05,1
0.0625,308,0.00235119974,0.00210150611,2.44899493e-05,1
0.0625,309,0.00235900492,0.00210861932,2.4579098e-05,1
0.0625,310,0.00236681104,0.00211573369,2.46683157e-05,1
0.0625,311,0.00237461831,0.00212284923,2.47576027e-05,1
0.0625,312,0.00238242815,0.00212996802,2.48469369e-05,1
0.0625,313,0.00239023799,0.00213708705,2.49363366e-05,1
0.0625,314,0.00239805202,0.00214420957,2.50258163e-05,1
0.0625,315,0.00240586745,0.00215133373,2.51153633e-05,1
0.0625,316,0.00241368404,0.00215845974,2.52049686e-05,1
0.0625,317,0.00242150272,0.00216558762,2.52946302e-05,1
0.0625,318,0.00242932257,0.00217271689,2.53843609e-05,1
0.0625,319,0.00243714498,0.00217984873,2.54741717e-05,1
0.0625,320,0.00244496833,0.00218698126,2.55640298e-05,1
0.0625,321,0.002452794,0.00219411612,2.56539661e-05,1
0.0625,322,0.002460622,0.00220125401,2.57439606e-05,1
0.0625,323,0.00246845139,0.00220839307,2.58340297e-05,1
0.0625,324,0.00247628265,0.00221553445,2.59241442e-05,1
0.0625,325,0.00248411507,0.00222267699,2.60143352e-05,1
0.0625,326,0.00249195006,0.00222982187,2.61045971e-05,1
0.0625,327,0.00249978621,0.00223696791,2.61949135e-05,1
0.0625,328,0.00250762538,0.00224411767,2.62853064e-05,1
0.0625,329,0.00251546502,0.00225126813,2.63757465e-05,1
0.0625,330,0.00252330699,0.00225842046,2.64662704e-05,1
0.0625,331,0.00253115105,0.00226557511,2.65568633e-05,1
0.0625,332,0.00253899628,0.00227273046,2.66475072e-05,1
0.0625,333,0.00254684477,0.00227989024,2.67382311e-05,1
0.0625,334,0.00255469442,0.00228705071,2.68290059e-05,1
0.0625,335,0.00256254431,0.00229421188,2.69198554e-05,1
0.0625,336,0.00257039722,0.00230137585,2.70107648e-05,1
0.0625,337,0.002578252,0.00230854144,2.71017452e-05,1
0.0625,338,0.0025861084,0.00231570913,2.71927838e-05,1
0.0625,339,0.00259396713,0.00232287939,2.72838897e-05,1
0.0625,340,0.00260182703,0.00233005127,2.73750666e-05,1
0.0625,341,0.00260968879,0.00233722408,2.74663125e-05,1
0.0625,342,0.00261755241,0.00234440016,2.75576167e-05,1
0.0625,343,0.00262541836,0.00235157763,2.76489845e-05,1
0.0625,344,0.00263328524,0.00235875673,2.77404288e-05,1
0.0625,345,0.00264115445,0.00236593769,2.78319203e-05,1
0.0625,346,0.00264902622,0.00237312098,2.79235064e-05,1
0.0625,347,0.00265689846,0.0023803059,2.80151271e-05,1
0.0625,348,0.00266477303,0.00238749268,2.81068424e-05,1
0.0625,349,0.00267264922,0.0023946818,2.81985995e-05,1
0.0625,350,0.00268052774,0.00240187277,2.82904402e-05,1
0.0625,351,0.00268840767,0.00240906538,2.83823392e-05,1
0.0625,352,0.00269628991,0.00241626007,2.84743037e-05,1
0.0625,353,0.00270417309,0.00242345617,2.85663446e-05,1
0.0625,354,0.00271205837,0.0024306546,2.865844e-05,1
0.0625,355,0.00271994504,0.00243785419,2.87505936e-05,1
0.0625,356,0.00272783404,0.00244505657,2.88428164e-05,1
0.0625,357,0.0027357256,0.00245226128,2.89351337e-05,1
0.0625,358,0.0027436188,0.00245946785,2.90274893e-05,1
0.0625,359,0.00275151338,0.00246667583,2.91199176e-05,1
0.0625,360,0.00275941007,0.00247388612,2.92124132e-05,1
0.0625,361,0.00276730768,0.00248109759,2.93049761e-05,1
0.0625,362,0.00277520786,0.00248831161,2.93975972e-05,1
0.0625,363,0.00278310967,0.00249552727,2.94902948e-05,1
0.0625,364,0.0027910131,0.00250274502,2.95830632e-05,1
0.0625,365,0.00279891887,0.00250996486,2.96758863e-05,1
0.0625,366,0.00280682603,0.00251718541,2.97687711e-05,1
0.0625,367,0.00281473529,0.00252440944,2.98617379e-05,1
0.0625,368,0.00282264617,0.00253163511,2.99547646e-05,1
0.0625,369,0.00283055753,0.00253886078,3.00478459e-05,1
0.0625,370,0.0028384733,0.0025460911,3.01410109e-05,1
0.0625,371,0.00284638978,0.00255332259,3.02342505e-05,1
0.0625,372,0.00285430811,0.00256055524,3.03275301e-05,1
0.0625,373,0.00286222761,0.00256779045,3.04208916e-05,1
0.0625,374,0.00287014968,0.00257502706,3.05143149e-05,1
0.0625,375,0.00287807337,0.00258226576,3.06078146e-05,1
0.0625,376,0.00288599846,0.00258950633,3.07013615e-05,1
0.0625,377,0.00289392541,0.00259674853,3.07949886e-05,1
0.0625,378,0.00290185516,0.00260399398,3.0888692e-05,1
0.0625,379,0.0029097863,0.0026112406,3.09824463e-05,1
0.0625,380,0.00291771931,0.00261848932,3.10762771e-05,1
0.0625,381,0.00292565301,0.00262573874,3.11701624e-05,1
0.0625,382,0.00293358928,0.00263299095,3.12641241e-05,1
0.0625,383,0.00294152764,0.00264024548,3.13581622e-05,1
0.0625,384,0.00294946739,0.00264750118,3.14522295e-05,1
0.0625,385,0.00295741018,0.00265476014,3.15464131e-05,1
0.0625,386,0.00296535389,0.00266202027,3.16406404e-05,1
0.0625,387,0.00297329924,0.00266928202,3.17349331e-05,1
0.0625,388,0.00298124505,0.00267654471,3.18292841e-05,1
0.0625,389,0.00298919482,0.00268381089,3.19237224e-05,1
0.0625,390,0.00299714599,0.00269107847,3.2018208e-05,1
0.0625,391,0.00300509878,0.00269834884,3.211277e-05,1
0.0625,392,0.00301305414,0.0027056206,3.22074084e-05,1
0.0625,393,0.00302100973,0.00271289307,3.23021013e-05,1
0.0625,394,0.00302896858,0.00272016949,3.23968598e-05,1
0.0625,395,0.0030369279,0.00272744591,3.24916909e-05,1
0.0625,396,0.00304489001,0.00273472536,3.25865913e-05,1
0.0625,397,0.00305285398,0.00274200714,3.26815534e-05,1
0.0625,398,0.00306081912,0.00274928985,3.27765847e-05,1
0.0625,399,0.00306878658,0.00275657489,3.28716815e-05,1
0.0625,400,0.00307675637,0.00276386249,3.29668619e-05,1
0.0625,401,0.00308472663,0.00277115032,3.30620969e-05,1
0.0625,402,0.00309269875,0.00277844071,3.31573901e-05,1
0.0625,403,0.00310067413,0.00278573437,3.32527597e-05,1
0.0625,404,0.00310865161,0.00279303035,3.33482021e-05,1
0.0625,405,0.00311662978,0.00280032633,3.34437063e-05,1
0.0625,406,0.00312461099,0.00280762557,3.35392942e-05,1
0.0625,407,0.00313259149,0.00281492528,3.36349185e-05,1
0.0625,408,0.00314057572,0.00282222778,3.37306301e-05,1
0.0625,409,0.00314856065,0.00282953191,3.38263962e-05,1
0.0625,410,0.0031565486,0.0028368386,3.39222315e-05,1
0.0625,411,0.00316453865,0.00284414738,3.40181468e-05,1
0.0625,412,0.00317252893,0.00285145687,3.41141276e-05,1
0.0625,413,0.00318052154,0.00285876892,3.42101703e-05,1
0.0625,414,0.00318851718,0.00286608399,3.4306282e-05,1
0.0625,415,0.00319651328,0.00287339906,3.44024593e-05,1
0.0625,416,0.00320451171,0.00288071716,3.44987056e-05,1
0.0625,417,0.00321251131,0.00288803666,3.45950139e-05,1
0.0625,418,0.00322051463,0.00289535942,3.46914021e-05,1
0.0625,419,0.00322851934,0.00290268403,3.47878668e-05,1
0.0625,420,0.00323652383,0.00291000842,3.48843896e-05,1
0.0625,421,0.00324453088,0.0029173356,3.49809634e-05,1
0.0625,422,0.00325254095,0.00292466604,3.50776172e-05,1
0.0625,423,0.00326055265,0.00293199741,3.51743402e-05,1
0.0625,424,0.00326856528,0.00293933088,3.52711359e-05,1
0.0625,425,0.00327658118,0.00294666667,3.53680043e-05,1
0.0625,426,0.003284598,0.00295400457,3.54649237e-05,1
0.0625,427,0.00329261622,0.00296134315,3.55619195e-05,1
0.0625,428,0.00330063631,0.00296868454,3.56589662e-05,1
0.0625,429,0.00330865849,0.00297602732,3.57561075e-05,1
0.0625,430,0.00331668206,0.00298337219,3.58533143e-05,1
0.0625,431,0.00332470867,0.00299071986,3.59505757e-05,1
0.0625,432,0.00333273737,0.00299806939,3.60479098e-05,1
0.0625,433,0.00334076677,0.00300542056,3.61453203e-05,1
0.0625,434,0.00334879919,0.00301277381,3.62427854e-05,1
0.0625,435,0.00335683022,0.00302012684,3.63403196e-05,1
0.0625,436,0.00336486707,0.00302748475,3.64379375e-05,1
0.0625,437,0.00337290252,0.00303484243,3.65355954e-05,1
0.0625,438,0.00338094309,0.00304220477,3.66333516e-05,1
0.0625,439,0.0033889825,0.00304956594,3.67311768e-05,1
0.0625,440,0.0033970247,0.00305693061,3.6829053e-05,1
0.0625,441,0.00340507017,0.00306429807,3.69269983e-05,1
0.0625,442,0.00341311516,0.00307166576,3.702502e-05,1
0.0625,443,0.00342116365,0.00307903648,3.71231145e-05,1
0.0625,444,0.00342921307,0.00308640883,3.72212635e-05,1
0.0625,445,0.00343726506,0.00309378328,3.7319478e-05,1
0.0625,446,0.00344531797,0.00310115889,3.74177616e-05,1
0.0625,447,0.00345337298,0.00310853706,3.75161362e-05,1
0.0625,448,0.00346143171,0.00311591825,3.76145763e-05,1
0.0625,449,0.00346948975,0.00312329968,3.77130673e-05,1
0.0625,450,0.00347755104,0.00313068437,3.78116347e-05,1
0.0625,451,0.0034856128,0.0031380693,3.79102603e-05,1
0.0625,452,0.00349367829,0.00314545818,3.80089732e-05,1
0.0625,453,0.00350174517,0.00315284799,3.81077552e-05,1
0.0625,454,0.00350981206,0.00316023873,3.82065809e-05,1
0.0625,455,0.0035178822,0.00316763297,3.83055012e-05,1
0.0625,456,0.00352595374,0.0031750279,3.84044688e-05,1
0.0625,457,0.00353402807,0.00318242679,3.85035237e-05,1
0.0625,458,0.00354210334,0.00318982615,3.86026331e-05,1
0.0625,459,0.00355018117,0.00319722784,3.87018299e-05,1
0.0625,460,0.00355826062,0.00320463162,3.88010922e-05,1
0.0625,461,0.00356634217,0.00321203726,3.8900409e-05,1
0.0625,462,0.00357442489,0.00321944454,3.89998058e-05,1
0.0625,463,0.0035825076,0.00322685228,3.909925e-05,1
0.0625,464,0.00359059521,0.00323426398,3.91987924e-05,1
0.0625,465,0.00359868258,0.00324167637,3.92983929e-05,1
0.0625,466,0.00360677345,0.00324909296,3.9398059e-05,1
0.0625,467,0.00361486687,0.00325651094,3.94978015e-05,1
0.0625,468,0.0036229596,0.00326392916,3.95975949e-05,1
0.0625,469,0.00363105582,0.00327135017,3.96974829e-05,1
0.0625,470,0.00363915297,0.00327877305,3.97974145e-05,1
0.0625,471,0.00364725292,0.00328619871,3.98974444e-05,1
0.0625,472,0.00365535403,0.00329362554,3.99975252e-05,1
0.0625,473,0.00366345793,0.00330105447,4.0097686e-05,1
0.0625,474,0.00367156276,0.00330848503,4.01979087e-05,1
0.0625,475,0.00367966853,0.00331591698,4.02982041e-05,1
0.0625,476,0.00368777732,0.00332335243,4.0398565e-05,1
0.0625,477,0.00369588914,0.0033307902,4.04990096e-05,1
0.0625,478,0.00370400213,0.00333822938,4.05994906e-05,1
0.0625,479,0.00371211534,0.00334566901,4.07000516e-05,1
0.0625,480,0.00372023182,0.00335311191,4.08006927e-05,1
0.0625,481,0.00372835016,0.00336055667,4.09014065e-05,1
0.0625,482,0.00373647013,0.00336800329,4.10021785e-05,1
0.0625,483,0.00374459056,0.00337545038,4.11030342e-05,1
0.0625,484,0.00375271519,0.00338290259,4.12039444e-05,1
0.0625,485,0.00376083888,0.00339035317,4.13049274e-05,1
0.0625,486,0.00376896746,0.00339780864,4.14059941e-05,1
0.0625,487,0.00377709558,0.00340526458,4.15071154e-05,1
0.0625,488,0.00378522696,0.00341272261,4.16083167e-05,1
0.0625,489,0.00379336043,0.0034201839,4.17095689e-05,1
0.0625,490,0.00380149391,0.00342764519,4.18109048e-05,1
0.0625,491,0.00380963134,0.00343510974,4.19123135e-05,1
0.0625,492,0.0038177697,0.00344257592,4.20137876e-05,1
0.0625,493,0.00382591039,0.00345004536,4.21153491e-05,1
0.0625,494,0.00383405108,0.00345751364,4.22169614e-05,1
0.0625,495,0.00384219503,0.00346498657,4.23186357e-05,1
0.0625,496,0.00385034084,0.0034724602,4.24203936e-05,1
0.0625,497,0.00385848829,0.00347993569,4.2522217e-05,1
0.0625,498,0.00386663713,0.00348741328,4.26241022e-05,1
0.0625,499,0.00387478969,0.00349489413,4.27260638e-05,1
0.0625,500,0.00388294179,0.00350237521,4.28281091e-05,1
0.0625,501,0.00389109692,0.00350985839,4.29302127e-05,1
0.0625,502,0.00389925507,0.00351734599,4.30323817e-05,1
0.0625,503,0.00390741182,0.00352483196,4.31346307e-05,1
0.0625,504,0.00391557347,0.00353232212,4.32369452e-05,1
0.0625,505,0.00392373558,0.00353981415,4.33393216e-05,1
0.0625,506,0.00393189862,0.0035473071,4.34417707e-05,1
0.0625,507,0.00394006493,0.00355480239,4.35443071e-05,1
0.0625,508,0.00394823402,0.0035623014,4.36469018e-05,1
0.0625,509,0.00395640312,0.00356979994,4.3749551e-05,1
0.0625,510,0.00396457501,0.00357730128,4.3852302e-05,1
0.0625,511,0.00397274829,0.00358480494,4.39550968e-05,1
0.0625,512,0.00398092344,0.00359231001,4.40579788e-05,1
0.0625,513,0.00398910046,0.0035998174,4.41609227e-05,1
0.0625,514,0.00399727933,0.00360732665,4.42639284e-05,1
0.0625,515,0.00400546007,0.00361483777,4.43670397e-05,1
0.0625,516,0.00401364267,0.00362235121,4.44701727e-05,1
0.0625,517,0.00402182899,0.00362986769,4.45734258e-05,1
0.0625,518,0.00403001485,0.00363738416,4.46767044e-05,1
0.0625,519,0.00403820258,0.00364490226,4.47800849e-05,1
0.0625,520,0.00404639402,0.00365242525,4.48835272e-05,1
0.0625,521,0.00405458454,0.00365994684,4.49870349e-05,1
0.0625,522,0.00406278018,0.00366747356,4.50906336e-05,1
0.0625,523,0.00407097396,0.00367499911,4.51942578e-05,1
0.0625,524,0.00407917239,0.00368252862,4.52979875e-05,1
0.0625,525,0.00408737222,0.00369006,4.54017827e-05,1
0.0625,526,0.00409557298,0.003697593,4.55056397e-05,1
0.0625,527,0.004103777,0.0037051281,4.56095731e-05,1
0.0625,528,0.00411198149,0.00371266506,4.57135757e-05,1
0.0625,529,0.0041201883,0.00372020318,4.58176546e-05,1
0.0625,530,0.00412839837,0.00372774526,4.59218099e-05,1
0.0625,531,0.00413660984,0.00373528968,4.60260271e-05,1
0.0625,532,0.00414482038,0.00374283246,4.61302989e-05,1
0.0625,533,0.00415303418,0.00375037873,4.62346543e-05,1
0.0625,534,0.00416125124,0.00375792803,4.63391152e-05,1
0.0625,535,0.0041694697,0.00376547896,4.64436016e-05,1
0.0625,536,0.00417768955,0.00377303152,4.65481862e-05,1
0.0625,537,0.00418591173,0.00378058665,4.66528145e-05,1
0.0625,538,0.00419413345,0.003788142,4.67575155e-05,1
0.0625,539,0.00420235889,0.00379570038,4.68623111e-05,1
0.0625,540,0.00421058899,0.00380326319,4.69671832e-05,1
0.0625,541,0.00421881722,0.00381082529,4.70720915e-05,1
0.0625,542,0.00422704639,0.00381838763,4.71770982e-05,1
0.0625,543,0.00423527975,0.00382595463,4.72821594e-05,1
0.0625,544,0.0042435159,0.00383352442,4.73873042e-05,1
0.0625,545,0.00425175251,0.00384109467,4.74925182e-05,1
0.0625,546,0.00425999099,0.00384866749,4.75978086e-05,1
0.0625,547,0.00426823134,0.0038562424,4.77031608e-05,1
0.0625,548,0.00427647308,0.00386381825,4.78085894e-05,1
0.0625,549,0.00428471714,0.00387139642,4.79140799e-05,1
0.0625,550,0.004292964,0.00387897785,4.80196613e-05,1
0.0625,551,0.00430121133,0.00388655928,4.812529e-05,1
0.0625,552,0.00430946099,0.00389414374,4.82310061e-05,1
0.0625,553,0.0043177125,0.00390172936,4.83367985e-05,1
0.0625,554,0.00432596728,0.0039093201,4.84426346e-05,1
0.0625,555,0.00433422113,0.00391690852,4.85485652e-05,1
0.0625,556,0.00434247917,0.00392450113,4.86545687e-05,1
0.0625,557,0.00435073627,0.00393209374,4.8760623e-05,1
0.0625,558,0.0043589999,0.00393969286,4.88667793e-05,1
0.0625,559,0.00436726166,0.00394729013,4.89729937e-05,1
0.0625,560,0.00437552668,0.00395489065,4.90792736e-05,1
0.0625,561,0.00438379264,0.0039624921,4.91856226e-05,1
0.0625,562,0.00439206045,0.00397009635,4.92975487e-05,1
0.0625,563,0.00440033106,0.00397770246,4.94040578e-05,1
0.0625,564,0.004408604,0.0039853109,4.95106433e-05,1
0.0625,565,0.00441687694,0.00399292028,4.96173016e-05,1
0.0625,566,0.0044251522,0.00400053244,4.97240108e-05,1
0.0625,567,0.0044334312,0.00400814693,4.98308182e-05,1
0.0625,568,0.00444170972,0.00401576189,4.99376947e-05,1
0.0625,569,0.00444999244,0.00402338151,5.00446404e-05,1
0.0625,570,0.00445827516,0.00403100112,5.0151637e-05,1
0.0625,571,0.00446655974,0.0040386226,5.02587282e-05,1
0.0625,572,0.00447484618,0.00404624594,5.03658885e-05,1
0.0625,573,0.00448313635,0.00405387301,5.04731106e-05,1
0.0625,574,0.00449142698,0.00406150147,5.05803946e-05,1
0.0625,575,0.00449972134,0.0040691318,5.06877877e-05,1
0.0625,576,0.00450801384,0.00407676212,5.07952245e-05,1
0.0625,577,0.00451631099,0.00408439711,5.09027414e-05,1
0.0625,578,0.00452460907,0.00409203256,5.10103455e-05,1
0.0625,579,0.00453290949,0.00409967126,5.11179824e-05,1
0.0625,580,0.0045412099,0.00410730951,5.12257138e-05,1
0.0625,581,0.0045495159,0.00411495334,5.13335362e-05,1
0.0625,582,0.00455782004,0.0041225953,5.14414132e-05,1
0.0625,583,0.00456612883,0.00413024239,5.1549363e-05,1
0.0625,584,0.00457443809,0.00413788995,5.16573818e-05,1
0.0625,585,0.00458274875,0.0041455389,5.17654735e-05,1
0.0625,586,0.0045910636,0.00415319251,5.1873656e-05,1
0.0625,587,0.00459937844,0.00416084612,5.19818896e-05,1
0.0625,588,0.00460769515,0.00416850206,5.20902031e-05,1
0.0625,589,0.00461601373,0.00417615939,5.21985785e-05,1
0.0625,590,0.0046243351,0.00418381952,5.23070412e-05,1
0.0625,591,0.00463265693,0.00419148058,5.24155766e-05,1
0.0625,592,0.00464098109,0.00419914443,5.2524174e-05,1
0.0625,593,0.00464930898,0.00420681061,5.26328513e-05,1
0.0625,594,0.00465763733,0.00421447866,5.27415941e-05,1
0.0625,595,0.00466596708,0.00422214856,5.28504243e-05,1
0.0625,596,0.00467429822,0.0042298194,5.29593053e-05,1
0.0625,597,0.00468263309,0.00423749397,5.30682883e-05,1
0.0625,598,0.00469096797,0.004245169,5.31773039e-05,1
0.0625,599,0.00469930517,0.00425284682,5.3287371e-05,1
0.0625,600,0.00470764516,0.00426052604,5.33965576e-05,1
0.0625,601,0.00471598515,0.00426820759,5.3505828e-05,1
0.0625,602,0.00472433027,0.00427589193,5.36151529e-05,1
0.0625,603,0.00473267585,0.0042835786,5.37245578e-05,1
0.0625,604,0.00474102236,0.0042912662,5.38340391e-05,1
0.0625,605,0.00474937167,0.0042989552,5.39435641e-05,1
0.0625,606,0.00475772331,0.00430664839,5.40531946e-05,1
0.0625,607,0.00476607354,0.00431433972,5.41629015e-05,1
0.0625,608,0.00477442844,0.00432203617,5.42726702e-05,1
0.0625,609,0.00478278659,0.00432973541,5.43825154e-05,1
0.0625,610,0.00479114382,0.00433743373,5.4492426e-05,1
0.0625,611,0.00479950383,0.00434513623,5.46024094e-05,1
0.0625,612,0.00480786618,0.00435284013,5.47124655e-05,1
0.0625,613,0.00481623085,0.00436054589,5.48226162e-05,1
0.0625,614,0.00482459739,0.00436825398,5.49328106e-05,1
0.0625,615,0.00483296486,0.0043759644,5.50431032e-05,1
0.0625,616,0.00484133419,0.00438367482,5.51534431e-05,1
0.0625,617,0.00484970398,0.0043913871,5.5263863e-05,1
0.0625,618,0.00485807797,0.00439910358,5.53743521e-05,1
0.0625,619,0.00486645382,0.00440682191,5.54849539e-05,1
0.0625,620,0.004874832,0.00441454258,5.55955994e-05,1
0.0625,621,0.00488320971,0.00442226278,5.57063213e-05,1
0.0625,622,0.00489159161,0.00442998763,5.58170832e-05,1
0.0625,623,0.00489997398,0.00443771295,5.59279651e-05,1
0.0625,624,0.00490835775,0.00444544014,5.6038898e-05,1
0.0625,625,0.00491674431,0.00445317011,5.61499292e-05,1
0.0625,626,0.00492513459,0.00446090382,5.62610221e-05,1
0.0625,627,0.00493352395,0.00446863612,5.63721733e-05,1
0.0625,628,0.00494191609,0.00447637215,5.64833899e-05,1
0.0625,629,0.0049503101,0.00448411005,5.65947084e-05,1
0.0625,630,0.00495870784,0.00449185027,5.67060924e-05,1
0.0625,631,0.00496710464,0.00449959142,5.68175492e-05,1
0.0625,632,0.00497550378,0.0045073349,5.69290787e-05,1
0.0625,633,0.0049839057,0.00451508071,5.70406737e-05,1
0.0625,634,0.00499230949,0.00452282839,5.71523487e-05,1
0.0625,635,0.00500071328,0.00453057745,5.72641002e-05,1
0.0625,636,0.0050091208,0.00453832932,5.73759244e-05,1
0.0625,637,0.00501753157,0.00454608398,5.74878286e-05,1
0.0625,638,0.00502594374,0.00455384096,5.75998092e-05,1
0.0625,639,0.00503435545,0.00456159748,5.77118408e-05,1
0.0625,640,0.00504277041,0.00456935726,5.78239524e-05,1
0.0625,641,0.00505118771,0.00457711937,5.79361549e-05,1
0.0625,642,0.00505960407,0.00458488148,5.80483975e-05,1
0.0625,643,0.00506802648,0.00459264917,5.81607674e-05,1
0.0625,644,0.00507644936,0.00460041733,5.82731918e-05,1
0.0625,645,0.00508487178,0.00460818643,5.83856599e-05,1
0.0625,646,0.00509329792,0.00461595878,5.84982299e-05,1
0.0625,647,0.00510172639,0.00462373206,5.86108581e-05,1
0.0625,648,0.00511015579,0.00463150768,5.87235772e-05,1
0.0625,649,0.00511858799,0.00463928608,5.883634e-05,1
0.0625,650,0.00512702251,0.00464706589,5.89492411e-05,1
0.0625,651,0.00513545796,0.00465484848,5.90621421e-05,1
0.0625,652,0.00514389481,0.00466263108,5.91751668e-05,1
0.0625,653,0.00515233679,0.00467041973,5.92882498e-05,1
0.0625,654,0.00516077736,0.00467820745,5.940142e-05,1
0.0625,655,0.00516922073,0.0046859975,5.95146557e-05,1
0.0625,656,0.00517766457,0.00469378754,5.96279315e-05,1
0.0625,657,0.0051861112,0.00470158225,5.97413382e-05,1
0.0625,658,0.00519456062,0.00470937882,5.98547704e-05,1
0.0625,659,0.00520301051,0.00471717538,5.99682971e-05,1
0.0625,660,0.00521146692,0.00472497893,6.00819367e-05,1
0.0625,661,0.00521991868,0.00473277876,6.01956053e-05,1
0.0625,662,0.00522837508,0.00474058231,6.03093358e-05,1
0.0625,663,0.00523683429,0.00474838912,6.042319e-05,1
0.0625,664,0.00524529349,0.00475619687,6.05370551e-05,1
0.0625,665,0.00525375549,0.00476400647,6.06510293e-05,1
0.0625,666,0.00526221842,0.00477181794,6.07650763e-05,1
0.0625,667,0.00527068553,0.0047796336,6.08792143e-05,1
0.0625,668,0.00527915405,0.00478744972,6.09934286e-05,1
0.0625,669,0.00528762257,0.00479526725,6.1107683e-05,1
0.0625,670,0.00529609714,0.00480308989,6.12220538e-05,1
0.0625,671,0.00530456938,0.00481091114,6.13364682e-05,1
0.0625,672,0.00531304581,0.00481873611,6.14509627e-05,1
0.0625,673,0.00532152085,0.00482656062,6.15655517e-05,1
0.0625,674,0.00533000054,0.00483438931,6.16801844e-05,1
0.0625,675,0.00533848256,0.00484222127,6.17948972e-05,1
0.0625,676,0.00534696504,0.00485005276,6.19097045e-05,1
0.0625,677,0.00535545126,0.00485788798,6.20245919e-05,1
0.0625,678,0.00536393793,0.00486572413,6.21395448e-05,1
0.0625,679,0.00537242694,0.00487356307,6.22545704e-05,1
0.0625,680,0.00538091641,0.00488140294,6.23696324e-05,1
0.0625,681,0.00538940821,0.00488924421,6.24848253e-05,1
0.0625,682,0.00539790373,0.00489708968,6.2600091e-05,1
0.0625,683,0.00540639972,0.00490493607,6.27154004e-05,1
0.0625,684,0.00541489897,0.00491278525,6.28308044e-05,1
0.0625,685,0.00542339822,0.00492063537,6.29462666e-05,1
0.0625,686,0.0054318998,0.00492848735,6.30618379e-05,1
0.0625,687,0.00544040464,0.00493634352,6.31774528e-05,1
0.0625,688,0.00544890948,0.00494419923,6.32931551e-05,1
0.0625,689,0.00545741711,0.0049520568,6.34089156e-05,1
0.0625,690,0.00546592614,0.00495991716,6.35247634e-05,1
0.0625,691,0.00547443749,0.00496777939,6.36407058e-05,1
0.0625,692,0.00548295118,0.00497564441,6.37567064e-05,1
0.0625,693,0.00549146766,0.00498351268,6.38727724e-05,1
0.0625,694,0.00549998274,0.00499138003,6.39889258e-05,1
0.0625,695,0.00550850201,0.00499925017,6.4105152e-05,1
0.0625,696,0.00551702501,0.00500712451,6.422148e-05,1
0.0625,697,0.00552554661,0.00501499884,6.43378371e-05,1
0.0625,698,0.00553407054,0.00502287457,6.44542888e-05,1
0.0625,699,0.00554259075,0.0050307475,6.45706095e-05,1
0.0625,700,0.0055511184,0.00503862835,6.46872068e-05,1
0.0625,701,0.00555964978,0.00504651107,6.48038986e-05,1
0.0625,702,0.00556818349,0.00505439797,6.49206486e-05,1
0.0625,703,0.00557671767,0.00506228441,6.50374859e-05,1
0.0625,704,0.00558525184,0.00507017178,6.51543887e-05,1
0.0625,705,0.00559379021,0.00507806288,6.52713934e-05,1
0.0625,706,0.00560233137,0.00508595677,6.53884417e-05,1
0.0625,707,0.00561087159,0.0050938502,6.55055628e-05,1
0.0625,708,0.00561941694,0.00510174874,6.56227639e-05,1
0.0625,709,0.00562796136,0.00510964636,6.57400669e-05,1
0.0625,710,0.00563650951,0.0051175491,6.58574354e-05,1
0.0625,711,0.00564506091,0.00512545323,6.59748694e-05,1
0.0625,712,0.00565361045,0.00513335783,6.60923833e-05,1
0.0625,713,0.00566216372,0.00514126383,6.62099774e-05,1
0.0625,714,0.00567071931,0.00514917355,6.63276514e-05,1
0.0625,715,0.0056792777,0.00515708607,6.64453764e-05,1
0.0625,716,0.00568783656,0.00516499905,6.65632106e-05,1
0.0625,717,0.00569639588,0.00517291343,6.66810884e-05,1
0.0625,718,0.00570495985,0.00518083153,6.67990535e-05,1
0.0625,719,0.0057135243,0.00518875103,6.69171277e-05,1
0.0625,720,0.00572209153,0.00519667286,6.7035231e-05,1
0.0625,721,0.00573066063,0.00520459749,6.71534435e-05,1
0.0625,722,0.00573923066,0.00521252211,6.72717142e-05,1
0.0625,723,0.00574780488,0.00522045139,6.73901013e-05,1
0.0625,724,0.00575637817,0.00522838021,6.75085103e-05,1
0.0625,725,0.00576495659,0.00523631368,6.76270211e-05,1
0.0625,726,0.00577353267,0.00524424482,6.77456119e-05,1
0.0625,727,0.00578211341,0.00525218202,6.78642464e-05,1
0.0625,728,0.00579069275,0.00526011782,6.79829755e-05,1
0.0625,729,0.00579927862,0.00526805921,6.81017846e-05,1
0.0625,730,0.00580786448,0.00527600059,6.82206883e-05,1
0.0625,731,0.00581645221,0.00528394431,6.83396429e-05,1
0.0625,732,0.00582503946,0.00529188849,6.84586848e-05,1
0.0625,733,0.00583363324,0.00529983826,6.85778068e-05,1
0.0625,734,0.00584222702,0.00530778896,6.86970161e-05,1
0.0625,735,0.00585082406,0.00531574199,6.88162545e-05,1
0.0625,736,0.0058594211,0.00532369642,6.89356457e-05,1
0.0625,737,0.00586801907,0.00533165084,6.90550223e-05,1
0.0625,738,0.00587662123,0.00533960992,6.91745518e-05,1
0.0625,739,0.00588522386,0.00534756947,6.92941176e-05,1
0.0625,740,0.00589382928,0.00535553228,6.94137925e-05,1
0.0625,741,0.00590243703,0.00536349788,6.95335257e-05,1
0.0625,742,0.00591104291,0.00537146162,6.96533025e-05,1
0.0625,743,0.00591965392,0.00537943048,6.97732103e-05,1
0.0625,744,0.00592826586,0.00538739935,6.98931544e-05,1
0.0625,745,0.00593688013,0.00539537147,7.00131786e-05,1
0.0625,746,0.00594549999,0.00540334964,7.01333192e-05,1
0.0625,747,0.00595411658,0.00541132456,7.02535181e-05,1
0.0625,748,0.00596273877,0.00541930506,7.03737824e-05,1
0.0625,749,0.00597136095,0.00542728556,7.04941413e-05,1
0.0625,750,0.00597998407,0.00543526746,7.06145365e-05,1
0.0625,751,0.00598861044,0.00544325262,7.07350409e-05,1
0.0625,752,0.00599723775,0.00545123825,7.08556036e-05,1
0.0625,753,0.00600586692,0.00545922667,7.09762826e-05,1
0.0625,754,0.00601450028,0.00546721881,7.10970053e-05,1
0.0625,755,0.00602313271,0.00547521049,7.12178298e-05,1
0.0625,756,0.0060317684,0.0054832059,7.13386908e-05,1
0.0625,757,0.00604040734,0.00549120409,7.14596681e-05,1
0.0625,758,0.00604904583,0.00549920136,7.15807328e-05,1
0.0625,759,0.0060576871,0.00550720328,7.17018265e-05,1
0.0625,760,0.00606632978,0.00551520521,7.18230294e-05,1
0.0625,761,0.00607497757,0.00552321365,7.19443051e-05,1
0.0625,762,0.00608362257,0.00553121883,7.20656244e-05,1
0.0625,763,0.0060922713,0.00553922728,7.21870674e-05,1
0.0625,764,0.00610092375,0.00554723991,7.23085977e-05,1
0.0625,765,0.00610957528,0.00555525208,7.24301644e-05,1
0.0625,766,0.00611823006,0.00556326797,7.2551833e-05,1
0.0625,767,0.00612688717,0.00557128526,7.26735598e-05,1
0.0625,768,0.00613554753,0.00557930628,7.27953739e-05,1
0.0625,769,0.00614420604,0.00558732636,7.29172825e-05,1
0.0625,770,0.00615286967,0.0055953511,7.30392421e-05,1
0.0625,771,0.00616153423,0.00560337678,7.31612963e-05,1
0.0625,772,0.00617020065,0.00561140431,7.32834305e-05,1
0.0625,773,0.00617886893,0.00561943371,7.34056448e-05,1
0.0625,774,0.00618753862,0.00562746543,7.35278809e-05,1
0.0625,775,0.0061962097,0.00563549856,7.36502552e-05,1
0.0625,776,0.00620488403,0.00564353541,7.37727169e-05,1
0.0625,777,0.00621355977,0.00565157272,7.38951931e-05,1
0.0625,778,0.00622223876,0.00565961283,7.40178148e-05,1
0.0625,779,0.00623091869,0.00566765666,7.41404947e-05,1
0.0625,780,0.00623960095,0.00567570049,7.42632401e-05,1
0.0625,781,0.0062482846,0.00568374619,7.43860728e-05,1
0.0625,782,0.00625696871,0.00569179375,7.45089565e-05,1
0.0625,783,0.00626565749,0.00569984457,7.46319638e-05,1
0.0625,784,0.00627434719,0.00570789678,7.47550293e-05,1
0.0625,785,0.00628303783,0.00571595086,7.48781531e-05,1
0.0625,786,0.00629173266,0.00572400913,7.5001386e-05,1
0.0625,787,0.00630042516,0.00573206553,7.51246698e-05,1
0.0625,788,0.00630912464,0.00574012799,7.52480701e-05,1
0.0625,789,0.00631782273,0.00574818905,7.53714921e-05,1
0.0625,790,0.00632652594,0.0057562557,7.54950524e-05,1
0.0625,791,0.00633522682,0.00576432049,7.56186346e-05,1
0.0625,792,0.00634393282,0.0057723904,7.57423113e-05,1
0.0625,793,0.00635263789,0.00578046031,7.58660972e-05,1
0.0625,794,0.00636134483,0.00578853162,7.59899413e-05,1
0.0625,795,0.00637005828,0.00579660945,7.61138435e-05,1
0.0625,796,0.00637876848,0.00580468355,7.62378477e-05,1
0.0625,797,0.00638748333,0.00581276324,7.63619173e-05,1
0.0625,798,0.00639620237,0.00582084665,7.64860961e-05,1
0.0625,799,0.00640491908,0.00582892913,7.66103403e-05,1
0.0625,800,0.00641363952,0.00583701394,7.67346501e-05,1
0.0625,801,0.00642236182,0.00584510155,7.68590398e-05,1
0.0625,802,0.00643108459,0.00585318916,7.69835096e-05,1
0.0625,803,0.00643981248,0.00586128235,7.71081104e-05,1
0.0625,804,0.00644854084,0.00586937601,7.72326894e-05,1
0.0625,805,0.00645726966,0.00587747106,7.73574066e-05,1
0.0625,806,0.00646600174,0.00588556798,7.74821892e-05,1
0.0625,807,0.00647473754,0.00589367002,7.76070374e-05,1
0.0625,808,0.00648347288,0.00590177206,7.77320311e-05,1
0.0625,809,0.00649220962,0.00590987457,7.78570175e-05,1
0.0625,810,0.00650094869,0.00591798034,7.79821276e-05,1
0.0625,811,0.00650969101,0.00592608843,7.81073322e-05,1
0.0625,812,0.0065184352,0.00593419978,7.82325806e-05,1
0.0625,813,0.00652717985,0.00594231021,7.83579162e-05,1
0.0625,814,0.00653592777,0.00595042482,7.84833319e-05,1
0.0625,815,0.00654467754,0.00595854223,7.86088422e-05,1
0.0625,816,0.00655342918,0.00596666057,7.87344106e-05,1
0.0625,817,0.00656217942,0.00597477797,7.886003e-05,1
0.0625,818,0.00657093758,0.00598290283,7.89858022e-05,1
0.0625,819,0.00657969341,0.00599102676,7.91116108e-05,1
0.0625,820,0.0065884525,0.00599915395,7.92374849e-05,1
0.0625,821,0.00659721438,0.00600728299,7.93634899e-05,1
0.0625,822,0.00660597626,0.00601541298,7.94895022e-05,1
0.0625,823,0.00661474001,0.00602354389,7.96156673e-05,1
0.0625,824,0.00662350701,0.00603167946,7.97418761e-05,1
0.0625,825,0.00663227402,0.00603981456,7.98681285e-05,1
0.0625,826,0.00664104661,0.00604795525,7.99945337e-05,1
0.0625,827,0.00664981734,0.00605609547,8.01209462e-05,1
0.0625,828,0.0066585918,0.00606423849,8.02474824e-05,1
0.0625,829,0.00666736858,0.00607238431,8.03740841e-05,1
0.0625,830,0.00667614816,0.00608053245,8.05007803e-05,1
0.0625,831,0.0066849282,0.00608868152,8.06275348e-05,1
0.0625,832,0.00669370685,0.00609682966,8.07543693e-05,1
0.0625,833,0.00670249294,0.00610498525,8.08812983e-05,1
0.0625,834,0.00671127997,0.00611314084,8.10083147e-05,1
0.0625,835,0.006720067,0.00612129783,8.11353893e-05,1
0.0625,836,0.00672885962,0.00612945948,8.12625949e-05,1
0.0625,837,0.00673765177,0.00613762112,8.1389815e-05,1
0.0625,838,0.00674644439,0.0061457851,8.15171443e-05,1
0.0625,839,0.0067552384,0.00615394907,8.1644539e-05,1
0.0625,840,0.00676403567,0.0061621163,8.17719992e-05,1
0.0625,841,0.00677283714,0.00617028773,8.18995832e-05,1
0.0625,842,0.00678163674,0.00617845776,8.2027218e-05,1
0.0625,843,0.00679044332,0.00618663523,8.21549474e-05,1
0.0625,844,0.00679924991,0.00619481271,8.22827424e-05,1
0.0625,845,0.00680805417,0.0062029874,8.241061e-05,1
0.0625,846,0.00681686401,0.0062111686,8.25385723e-05,1
0.0625,847,0.00682567572,0.0062193512,8.26666219e-05,1
0.0625,848,0.00683448929,0.00622753613,8.27947806e-05,1
0.0625,849,0.00684330333,0.00623572199,8.29229393e-05,1
0.0625,850,0.00685212389,0.00624391297,8.30512581e-05,1
0.0625,851,0.00686094165,0.00625210349,8.3179606e-05,1
0.0625,852,0.00686976034,0.006260294,8.33080339e-05,1
0.0625,853,0.00687858369,0.00626848964,8.34365637e-05,1
0.0625,854,0.0068874089,0.00627668621,8.3565159e-05,1
0.0625,855,0.00689623505,0.00628488464,8.36938343e-05,1
0.0625,856,0.00690506585,0.00629308773,8.38225969e-05,1
0.0625,857,0.00691389572,0.00630129036,8.39514614e-05,1
0.0625,858,0.00692272699,0.00630949438,8.40803477e-05,1
0.0625,859,0.00693156384,0.00631770352,8.42093868e-05,1
0.0625,860,0.0069403993,0.00632591266,8.43384769e-05,1
0.0625,861,0.00694923894,0.0063341246,8.44676251e-05,1
0.0625,862,0.00695807859,0.00634233747,8.45968752e-05,1
0.0625,863,0.00696692197,0.00635055406,8.47262054e-05,1
0.0625,864,0.00697576627,0.00635877158,8.48556156e-05,1
0.0625,865,0.0069846129,0.0063669919,8.49850985e-05,1
0.0625,866,0.00699346047,0.00637521362,8.51146542e-05,1
0.0625,867,0.0070023099,0.00638343627,8.52443191e-05,1
0.0625,868,0.00701116165,0.00639166217,8.53740057e-05,1
0.0625,869,0.0070200162,0.00639989041,8.55038161e-05,1
0.0625,870,0.00702887354,0.00640812237,8.56337138e-05,1
0.0625,871,0.00703772949,0.0064163534,8.57636987e-05,1
0.0625,872,0.00704659102,0.00642458955,8.58937565e-05,1
0.0625,873,0.00705545209,0.00643282477,8.6023887e-05,1
0.0625,874,0.00706431502,0.00644106185,8.61540757e-05,1
0.0625,875,0.00707318494,0.00644930732,8.62844026e-05,1
0.0625,876,0.00708204973,0.00645754673,8.64147587e-05,1
0.0625,877,0.00709091965,0.00646579172,8.65452093e-05,1
0.0625,878,0.0070997919,0.00647403905,8.66757546e-05,1
0.0625,879,0.00710866414,0.00648228731,8.68063435e-05,1
0.0625,880,0.00711753918,0.0064905379,8.69370269e-05,1
0.0625,881,0.00712641748,0.00649879174,8.70678341e-05,1
0.0625,882,0.00713529577,0.00650704606,8.71986849e-05,1
0.0625,883,0.0071441778,0.00651530409,8.73296158e-05,1
0.0625,884,0.00715306168,0.00652356306,8.74606485e-05,1
0.0625,885,0.00716194836,0.00653182669,8.75917685e-05,1
0.0625,886,0.00717083411,0.00654008798,8.77229249e-05,1
0.0625,887,0.00717972498,0.00654835626,8.78542196e-05,1
0.0625,888,0.00718861539,0.00655662268,8.79855652e-05,1
0.0625,889,0.00719750812,0.00656489143,8.81169835e-05,1
0.0625,890,0.00720640412,0.0065731653,8.82484965e-05,1
0.0625,891,0.00721529964,0.00658143824,8.83800749e-05,1
0.0625,892,0.00722420029,0.00658971583,8.85117697e-05,1
0.0625,893,0.00723310234,0.00659799483,8.86434937e-05,1
0.0625,894,0.00724200252,0.00660627289,8.87753486e-05,1
0.0625,895,0.00725090876,0.00661455654,8.89072689e-05,1
0.0625,896,0.0072598164,0.00662284205,8.90392621e-05,1
0.0625,897,0.00726872496,0.00663112849,8.9171328e-05,1
0.0625,898,0.00727763353,0.00663941493,8.93035103e-05,1
0.0625,899,0.00728654722,0.0066477065,8.94357581e-05,1
0.0625,900,0.00729546044,0.00665599853,8.95680714e-05,1
0.0625,901,0.00730437785,0.00666429428,8.97004647e-05,1
0.0625,902,0.0073132976,0.00667259237,8.9832989e-05,1
0.0625,903,0.00732221734,0.00668089138,8.99655206e-05,1
0.0625,904,0.00733113894,0.00668919133,9.00981686e-05,1
0.0625,905,0.00734006381,0.006697495,9.02308675e-05,1
0.0625,906,0.00734898914,0.00670579961,9.03636974e-05,1
0.0625,907,0.00735791866,0.0067141084,9.04966291e-05,1
0.0625,908,0.00736684864,0.00672241766,9.06295973e-05,1
0.0625,909,0.00737578282,0.00673073065,9.07626745e-05,1
0.0625,910,0.00738471607,0.00673904316,9.08957736e-05,1
0.0625,911,0.00739365257,0.00674736034,9.102904e-05,1
0.0625,912,0.00740259001,0.00675567798,9.11623283e-05,1
0.0625,913,0.00741153024,0.00676399842,9.12957039e-05,1
0.0625,914,0.00742047327,0.00677232118,9.14292177e-05,1
0.0625,915,0.00742941583,0.00678064441,9.15627461e-05,1
0.0625,916,0.00743836211,0.00678897044,9.16963836e-05,1
0.0625,917,0.00744731072,0.00679730019,9.18300939e-05,1
0.0625,918,0.00745626073,0.00680563087,9.19638842e-05,1
0.0625,919,0.00746521261,0.00681396248,9.20977473e-05,1
0.0625,920,0.00747416634,0.00682229735,9.22317267e-05,1
0.0625,921,0.0074831224,0.00683063455,9.23657499e-05,1
0.0625,922,0.00749207754,0.00683897221,9.24999113e-05,1
0.0625,923,0.00750104012,0.00684731593,9.26341236e-05,1
0.0625,924,0.0075100027,0.00685565965,9.27684014e-05,1
0.0625,925,0.00751896529,0.00686400337,9.29027447e-05,1
0.0625,926,0.00752793066,0.00687235035,9.30372262e-05,1
0.0625,927,0.00753689557,0.00688069779,9.31717514e-05,1
0.0625,928,0.00754586793,0.00688905222,9.3306393e-05,1
0.0625,929,0.00755483937,0.00689740572,9.34411073e-05,1
0.0625,930,0.00756381266,0.00690576155,9.35758799e-05,1
0.0625,931,0.00757278688,0.0069141183,9.37107179e-05,1
0.0625,932,0.00758176576,0.00692247972,9.3845716e-05,1
0.0625,933,0.00759074558,0.00693084253,9.39807142e-05,1
0.0625,934,0.00759972678,0.00693920674,9.41158505e-05,1
0.0625,935,0.00760871125,0.00694757514,9.4251096e-05,1
0.0625,936,0.00761769572,0.00695594121,9.43863197e-05,1
0.0625,937,0.00762668112,0.00696431054,9.45216962e-05,1
0.0625,938,0.00763567165,0.00697268546,9.46571527e-05,1
0.0625,939,0.00764466496,0.00698106084,9.47926892e-05,1
0.0625,940,0.00765365548,0.00698943576,9.49282694e-05,1
0.0625,941,0.00766265113,0.0069978144,9.50639587e-05,1
0.0625,942,0.00767164631,0.00700619444,9.51997354e-05,1
0.0625,943,0.00768064801,0.007014581,9.53356212e-05,1
0.0625,944,0.00768964551,0.00702296151,9.54715433e-05,1
0.0625,945,0.00769865187,0.00703135319,9.5607611e-05,1
0.0625,946,0.00770765683,0.00703974348,9.57437005e-05,1
0.0625,947,0.00771666225,0.00704813283,9.58798846e-05,1
0.0625,948,0.00772567373,0.00705652824,9.60161851e-05,1
0.0625,949,0.00773468148,0.00706492178,9.6152522e-05,1
0.0625,950,0.00774369529,0.00707332091,9.62889608e-05,1
0.0625,951,0.00775270956,0.00708172051,9.64254723e-05,1
0.0625,952,0.00776172755,0.0070901243,9.65620857e-05,1
0.0625,953,0.00777074602,0.00709852669,9.66987645e-05,1
0.0625,954,0.00777976634,0.00710693421,9.68355453e-05,1
0.0625,955,0.00778878946,0.00711534219,9.6972406e-05,1
0.0625,956,0.00779781211,0.00712375063,9.71093395e-05,1
0.0625,957,0.00780684035,0.00713216513,9.7246404e-05,1
0.0625,958,0.00781586766,0.00714057917,9.73834904e-05,1
0.0625,959,0.00782490056,0.00714899832,9.7520744e-05,1
0.0625,960,0.0078339316,0.00715741655,9.76579613e-05,1
0.0625,961,0.00784296636,0.00716583803,9.77953459e-05,1
0.0625,962,0.00785200298,0.00717426091,9.79327815e-05,1
0.0625,963,0.0078610424,0.00718268659,9.80702753e-05,1
0.0625,964,0.00787008274,0.00719111552,9.82079291e-05,1
0.0625,965,0.00787912589,0.00719954493,9.8345583e-05,1
0.0625,966,0.00788816903,0.00720797526,9.84833969e-05,1
0.0625,967,0.0078972131,0.00721640699,9.86212108e-05,1
0.0625,968,0.00790626276,0.00722484384,9.87591702e-05,1
0.0625,969,0.00791531429,0.00723328348,9.88972242e-05,1
0.0625,970,0.00792436395,0.00724172033,9.90353146e-05,1
0.0625,971,0.00793342106,0.00725016603,9.91735214e-05,1
0.0625,972,0.00794247724,0.00725861173,9.93117792e-05,1
0.0625,973,0.00795153249,0.00726705557,9.94501606e-05,1
0.0625,974,0.00796059705,0.00727550779,9.95886367e-05,1
0.0625,975,0.00796965696,0.00728395674,9.97271272e-05,1
0.0625,976,0.00797872059,0.00729240803,9.98657342e-05,1
0.0625,977,0.00798778888,0.00730086537,0.000100004443,1
0.0625,978,0.0079968553,0.00730932038,0.000100143247,1
0.0625,979,0.00800592639,0.00731778145,0.000100282123,1
0.0625,980,0.00801499654,0.00732624019,0.000100421072,1
0.0625,981,0.00802406855,0.00733470311,0.000100560093,1
0.0625,982,0.00803314708,0.00734317116,0.000100699202,1
0.0625,983,0.00804222375,0.00735163689,0.000100838421,1
0.0625,984,0.00805130508,0.00736010773,0.000100977697,1
0.0625,985,0.0080603864,0.00736858044,0.000101117075,1
0.0625,986,0.00806946959,0.00737705361,0.000101256512,1
0.0625,987,0.00807855651,0.00738553051,0.000101396079,1
0.0625,988,0.00808764342,0.00739400927,0.000101535712,1
0.0625,989,0.00809673499,0.00740248989,0.000101675425,1
0.0625,990,0.00810582377,0.00741097005,0.000101815182,1
0.0625,991,0.00811492186,0.00741945719,0.000101955098,1
0.0625,992,0.00812401529,0.00742794201,0.000102095015,1
0.0625,993,0.00813311525,0.00743643288,0.000102235077,1
0.0625,994,0.00814221427,0.00744492374,0.000102375241,1
0.0625,995,0.00815131702,0.00745341787,0.000102515398,1
0.0625,996,0.00816041976,0.007461912,0.000102655744,1
0.0625,997,0.00816952437,0.00747040939,0.000102796104,1
0.0625,998,0.00817863271,0.0074789105,0.000102936596,1
0.0625,999,0.0081877429,0.00748741208,0.000103077153,1
0.0625,1000,0.00819685403,0.00749591598,0.000103225415,1
0.0625,1001,0.00820596702,0.00750441942,0.000103366125,1
0.0625,1002,0.00821508281,0.00751292892,0.000103506973,1
0.0625,1003,0.00822419766,0.00752143702,0.000103647842,1
0.0625,1004,0.00823331904,0.00752994977,0.000103788851,1
0.0625,1005,0.00824244041,0.00753846392,0.000103929917,1
0.0625,1006,0.00825156271,0.00754697947,0.000104071085,1
0.0625,1007,0.00826069061,0.00755550107,0.000104212319,1
0.0625,1008,0.00826982036,0.00756402314,0.000104353654,1
0.0625,1009,0.00827894732,0.00757254381,0.00010449507,1
0.0625,1010,0.00828807801,0.00758106867,0.000104636587,1
0.0625,1011,0.00829721242,0.00758959539,0.000104778112,1
0.0625,1012,0.00830634683,0.00759812631,0.000104919811,1
0.0625,1013,0.00831548497,0.00760665582,0.000105061546,1
0.0625,1014,0.00832462404,0.00761519093,0.000105203377,1
0.0625,1015,0.0083337659,0.0076237265,0.000105345345,1
0.0625,1016,0.00834290963,0.00763226394,0.00010548735,1
0.0625,1017,0.00835205521,0.0076408051,0.000105629406,1
0.0625,1018,0.00836120266,0.00764934719,0.000105771593,1
0.0625,1019,0.00837035105,0.00765789114,0.000105913845,1
0.0625,1020,0.00837950315,0.00766643789,0.000106056192,1
0.0625,1021,0.00838865899,0.00767498743,0.00010619867,1
0.0625,1022,0.00839781109,0.00768353557,0.000106341176,1
0.0625,1023,0.00840697065,0.0076920907,0.000106483749,1
0.03125,0,4.18008785e-05,0,0,1
0.03125,1,4.90603197e-05,6.54046744e-06,7.5312407e-08,1
0.03125,2,5.63214599e-05,1.3082743e-05,1.50682226e-07,1
0.03125,3,6.35842152e-05,1.96267483e-05,2.2610152e-07,1
0.03125,4,7.08488224e-05,2.61726291e-05,3.01583583e-07,1
0.03125,5,7.81151175e-05,3.27203015e-05,3.77123058e-07,1
0.03125,6,8.53831443e-05,3.92697912e-05,4.52719945e-07,1
0.03125,7,9.26528737e-05,4.58210998e-05,5.28374358e-07,1
0.03125,8,9.99243639e-05,5.23742201e-05,6.04086495e-07,1
0.03125,9,0.000107197578,5.89291558e-05,6.79855873e-07,1
0.03125,10,0.000114472539,6.54858886e-05,7.55683459e-07,1
0.03125,11,0.000121749166,7.20444514e-05,8.31568116e-07,1
0.03125,12,0.00012902754,7.86048113e-05,9.07509843e-07,1
0.03125,13,0.000136307674,8.51670047e-05,9.83510404e-07,1
0.03125,14,0.000143589525,9.17309881e-05,1.05956769e-06,1
0.03125,15,0.000150873064,9.82967758e-05,1.13568274e-06,1
0.03125,16,0.000158158364,0.00010486439,1.21185587e-06,1
0.03125,17,0.000165445454,0.000111433874,1.28808676e-06,1
0.03125,18,0.000172734115,0.000118005031,1.36437529e-06,1
0.03125,19,0.000180024625,0.000124578073,1.44072112e-06,1
0.03125,20,0.000187316837,0.000131153007,1.51712698e-06,1
0.03125,21,0.00019461078,0.000137729658,1.5935874e-06,1
0.03125,22,0.000201906543,0.000144308244,1.6701083e-06,1
0.03125,23,0.000209203819,0.000150888474,1.74668548e-06,1
0.03125,24,0.000216503016,0.000157470626,1.82331996e-06,1
0.03125,25,0.000223803858,0.000164054611,1.90001515e-06,1
0.03125,26,0.000231106445,0.000170640371,1.97676536e-06,1
0.03125,27,0.00023841075,0.000177227921,2.05357492e-06,1
0.03125,28,0.00024571683,0.000183817276,2.13044291e-06,1
0.03125,29,0.000253024744,0.000190408638,2.20736888e-06,1
0.03125,30,0.000260334142,0.000197001616,2.28435169e-06,1
0.03125,31,0.000267645402,0.000203596428,2.36139385e-06,1
0.03125,32,0.000274958351,0.000210193073,2.43849422e-06,1
0.03125,33,0.000282273017,0.000216791581,2.51565098e-06,1
0.03125,34,0.000289589429,0.00022339182,2.59286594e-06,1
0.03125,35,0.000296907674,0.000229994097,2.67014207e-06,1
0.03125,36,0.000304227666,0.000236598062,2.74747231e-06,1
0.03125,37,0.000311549404,0.000243203831,2.82486371e-06,1
0.03125,38,0.000318872655,0.000249811419,2.90231287e-06,1
0.03125,39,0.000326197827,0.000256420841,2.97981819e-06,1
0.03125,40,0.000333524542,0.00026303195,3.05738467e-06,1
0.03125,41,0.000340853352,0.000269645243,3.13500891e-06,1
0.03125,42,0.000348183559,0.000276259991,3.21268908e-06,1
0.03125,43,0.000355515658,0.000282876659,3.29042973e-06,1
0.03125,44,0.000362849387,0.00028949519,3.36822859e-06,1
0.03125,45,0.00037018492,0.000296115497,3.44608543e-06,1
0.03125,46,0.000377522229,0.000302737724,3.52399934e-06,1
0.03125,47,0.000384861312,0.000309361756,3.60197555e-06,1
0.03125,48,0.000392202055,0.000315987592,3.68000792e-06,1
0.03125,49,0.000399544544,0.000322615204,3.75809827e-06,1
0.03125,50,0.000406888634,0.000329244533,3.83624683e-06,1
0.03125,51,0.000414234702,0.000335876015,3.91445565e-06,1
0.03125,52,0.000421582197,0.000342508982,3.99272221e-06,1
0.03125,53,0.000428931759,0.000349144044,4.07104653e-06,1
0.03125,54,0.000436282804,0.000355780707,4.14943133e-06,1
0.03125,55,0.000443635799,0.00036241932,4.22787389e-06,1
0.03125,56,0.000450990425,0.000369059708,4.30637419e-06,1
0.03125,57,0.000458347,0.000375702104,4.38493407e-06,1
0.03125,58,0.000465704798,0.000382345897,4.46354898e-06,1
0.03125,59,0.000473064545,0.000388991757,4.54222936e-06,1
0.03125,60,0.000480426388,0.000395639712,4.62096614e-06,1
0.03125,61,0.000487789628,0.000402289181,4.69975839e-06,1
0.03125,62,0.000495154876,0.000408940599,4.77861158e-06,1
0.03125,63,0.000502521754,0.00041559391,4.85752435e-06,1
0.03125,64,0.000509890146,0.000422248821,4.93649623e-06,1
0.03125,65,0.000517260516,0.000428905711,5.01552495e-06,1
0.03125,66,0.000524632458,0.000435564376,5.09461415e-06,1
0.03125,67,0.000532006146,0.000442224788,5.1737652e-06,1
0.03125,68,0.000539381523,0.000448887062,5.25297037e-06,1
0.03125,69,0.000546758994,0.000455551373,5.33223829e-06,1
0.03125,70,0.000554137863,0.000462217286,5.41155941e-06,1
0.03125,71,0.000561518653,0.00046888509,5.49094511e-06,1
0.03125,72,0.000568900316,0.000475554116,5.57076692e-06,1
0.03125,73,0.000576284656,0.000482225674,5.65027403e-06,1
0.03125,74,0.000583670393,0.000488898775,5.72984163e-06,1
0.03125,75,0.000591058168,0.00049557403,5.80946335e-06,1
0.03125,76,0.000598447688,0.00050225103,5.88915236e-06,1
0.03125,77,0.000605838664,0.000508929719,5.96889777e-06,1
0.03125,78,0.000613231678,0.000515610329,6.04869774e-06,1
0.03125,79,0.000620626844,0.000522293325,6.12856229e-06,1
0.03125,80,0.000628022593,0.000528976962,6.2084805e-06,1
0.03125,81,0.000635420962,0.00053566345,6.28846374e-06,1
0.03125,82,0.000642820902,0.000542351394,6.36850018e-06,1
0.03125,83,0.000650222762,0.000549041317,6.44860438e-06,1
0.03125,84,0.000657625729,0.000555732579,6.52876042e-06,1
0.03125,85,0.000665031082,0.000562426168,6.60897967e-06,1
0.03125,86,0.000672438182,0.000569121796,6.68925804e-06,1
0.03125,87,0.00067984662,0.000575818704,6.76959098e-06,1
0.03125,88,0.000687257037,0.000582517707,6.84999077e-06,1
0.03125,89,0.000694668794,0.000589218049,6.93044331e-06,1
0.03125,90,0.000702083053,0.000595921185,7.01095587e-06,1
0.03125,91,0.000709498476,0.000602625601,7.09153164e-06,1
0.03125,92,0.000716916169,0.000609332114,7.17216744e-06,1
0.03125,93,0.00072433491,0.000616039848,7.2528569e-06,1
0.03125,94,0.000731755747,0.000622749969,7.3336123e-06,1
0.03125,95,0.000739178387,0.000629461836,7.41442818e-06,1
0.03125,96,0.000746603182,0.000636175799,7.49530045e-06,1
0.03125,97,0.000754029083,0.0006428911,7.57623411e-06,1
0.03125,98,0.000761456729,0.000649608381,7.65722052e-06,1
0.03125,99,0.000768886181,0.000656327466,7.73827742e-06,1
0.03125,100,0.000776317902,0.000663048646,7.81938979e-06,1
0.03125,101,0.000783750846,0.000669771631,7.90055492e-06,1
0.03125,102,0.000791185186,0.000676495722,7.98178189e-06,1
0.03125,103,0.000798622088,0.000683222606,8.06308344e-06,1
0.03125,104,0.000806060445,0.000689950946,8.14442956e-06,1
0.03125,105,0.000813500315,0.000696680858,8.22583752e-06,1
0.03125,106,0.000820942631,0.000703413389,8.30731187e-06,1
0.03125,107,0.000828385935,0.000710147026,8.38883989e-06,1
0.03125,108,0.000835831685,0.000716883107,8.47043157e-06,1
0.03125,109,0.000843278656,0.000723620586,8.55146027e-06,1
0.03125,110,0.000850727665,0.000730360276,8.63316563e-06,1
0.03125,111,0.000858177897,0.000737101131,8.71492557e-06,1
0.03125,112,0.000865630573,0.000743844488,8.79675736e-06,1
0.03125,113,0.000873084355,0.000750589184,8.87863735e-06,1
0.03125,114,0.000880539883,0.000757335802,8.96057736e-06,1
0.03125,115,0.000887998031,0.00076408498,9.04258468e-06,1
0.03125,116,0.000895457342,0.000770835264,9.12464748e-06,1
0.03125,117,0.000902918633,0.000777587702,9.20676848e-06,1
0.03125,118,0.000910381204,0.000784341712,9.28895861e-06,1
0.03125,119,0.000917846162,0.000791097991,9.37119967e-06,1
0.03125,120,0.000925312575,0.000797855901,9.4535053e-06,1
0.03125,121,0.000932780793,0.000804615789,9.53587369e-06,1
0.03125,122,0.000940250349,0.000811376958,9.61829301e-06,1
0.03125,123,0.000947721885,0.000818140397,9.70077508e-06,1
0.03125,124,0.000955195283,0.000824905524,9.78332992e-06,1
0.03125,125,0.000962670834,0.000831672922,9.8659375e-06,1
0.03125,126,0.000970147375,0.000838441541,9.94859784e-06,1
0.03125,127,0.000977626187,0.000845212548,1.00313282e-05,1
0.03125,128,0.000985106686,0.000851985067,1.01141113e-05,1
0.03125,129,0.000992588699,0.000858759508,1.01969645e-05,1
0.03125,130,0.00100007257,0.000865535752,1.02798685e-05,1
0.03125,131,0.00100755866,0.000872314267,1.03628399e-05,1
0.03125,132,0.00101504568,0.000879094005,1.04458622e-05,1
0.03125,133,0.00102253514,0.000885875896,1.05289555e-05,1
0.03125,134,0.00103002624,0.000892659824,1.06121061e-05,1
0.03125,135,0.00103751919,0.000899445615,1.06953148e-05,1
0.03125,136,0.00104501331,0.000906232803,1.077859e-05,1
0.03125,137,0.00105250964,0.000913022028,1.08619188e-05,1
0.03125,138,0.00106000749,0.000919813174,1.09453076e-05,1
0.03125,139,0.00106750685,0.0009266056,1.10287674e-05,1
0.03125,140,0.00107500877,0.000933401112,1.1112279e-05,1
0.03125,141,0.00108251208,0.00094019773,1.11958525e-05,1
0.03125,142,0.00109001703,0.000946996035,1.12794933e-05,1
0.03125,143,0.00109752384,0.000953796436,1.1363185e-05,1
0.03125,144,0.00110503205,0.000960598642,1.14469422e-05,1
0.03125,145,0.00111254235,0.000967402477,1.1530753e-05,1
0.03125,146,0.00112005475,0.000974208524,1.16146348e-05,1
0.03125,147,0.00112756877,0.000981016667,1.1698573e-05,1
0.03125,148,0.00113508373,0.000987825682,1.17825766e-05,1
0.03125,149,0.0011426016,0.000994637725,1.18666285e-05,1
0.03125,150,0.00115012052,0.00100145105,1.19507613e-05,1
0.03125,151,0.00115764164,0.00100826623,1.20349378e-05,1
0.03125,152,0.00116516452,0.00101508352,1.21191806e-05,1
0.03125,153,0.00117268832,0.00102190196,1.22034871e-05,1
0.03125,154,0.00118021457,0.00102872262,1.22878646e-05,1
0.03125,155,0.00118774269,0.0010355456,1.23722748e-05,1
0.03125,156,0.00119527278,0.00104237034,1.24567705e-05,1
0.03125,157,0.0012028038,0.00104919635,1.25413144e-05,1
0.03125,158,0.00121033704,0.00105602446,1.26259238e-05,1
0.03125,159,0.0012178719,0.00106285466,1.2710595e-05,1
0.03125,160,0.0012254091,0.00106968672,1.27953281e-05,1
0.03125,161,0.00123294711,0.00107652019,1.28801175e-05,1
0.03125,162,0.00124048744,0.00108335586,1.29649798e-05,1
0.03125,163,0.00124803011,0.00109019387,1.30498984e-05,1
0.03125,164,0.00125557324,0.00109703233,1.31348752e-05,1
0.03125,165,0.00126311858,0.0011038736,1.32199038e-05,1
0.03125,166,0.00127066602,0.00111071672,1.33050089e-05,1
0.03125,167,0.00127821532,0.00111756183,1.33901749e-05,1
0.03125,168,0.0012857666,0.00112440926,1.34753991e-05,1
0.03125,169,0.00129331928,0.00113125774,1.35606861e-05,1
0.03125,170,0.00130087289,0.00113810739,1.36460276e-05,1
0.03125,171,0.00130842929,0.00114496017,1.37314282e-05,1
0.03125,172,0.00131598767,0.00115181482,1.38169016e-05,1
0.03125,173,0.00132354663,0.00115866982,1.39024296e-05,1
0.03125,174,0.00133110827,0.00116552808,1.39880176e-05,1
0.03125,175,0.00133867201,0.00117238855,1.40736765e-05,1
0.03125,176,0.00134623691,0.00117924984,1.41593837e-05,1
0.03125,177,0.00135380321,0.00118611287,1.42451681e-05,1
0.03125,178,0.00136137207,0.00119297858,1.43310117e-05,1
0.03125,179,0.00136894279,0.00119984616,1.44169035e-05,1
0.03125,180,0.00137651432,0.00120671489,1.45028671e-05,1
0.03125,181,0.00138408865,0.00121358642,1.4588888e-05,1
0.03125,182,0.00139166345,0.00122045854,1.46749708e-05,1
0.03125,183,0.00139924104,0.00122733321,1.47611099e-05,1
0.03125,184,0.00140682049,0.0012342101,1.48473264e-05,1
0.03125,185,0.00141440181,0.00124108908,1.49335929e-05,1
0.03125,186,0.00142198394,0.00124796852,1.50199266e-05,1
0.03125,187,0.00142956863,0.001254851,1.51063177e-05,1
0.03125,188,0.0014371553,0.00126173533,1.51927743e-05,1
0.03125,189,0.00144474325,0.0012686213,1.52792927e-05,1
0.03125,190,0.0014523326,0.00127550866,1.5365873e-05,1
0.03125,191,0.00145992381,0.00128239789,1.54525042e-05,1
0.03125,192,0.00146751734,0.00128928968,1.55392117e-05,1
0.03125,193,0.00147511309,0.00129618368,1.56259794e-05,1
0.03125,194,0.00148270919,0.00130307837,1.5712807e-05,1
0.03125,195,0.00149030774,0.00130997493,1.57996983e-05,1
0.03125,196,0.00149790768,0.00131687359,1.58866424e-05,1
0.03125,197,0.001505511,0.0013237755,1.59736683e-05,1
0.03125,198,0.00151311478,0.00133067823,1.60607287e-05,1
0.03125,199,0.00152071996,0.00133758201,1.61478729e-05,1
0.03125,200,0.00152832805,0.00134448893,1.62350734e-05,1
0.03125,201,0.00153593754,0.0013513976,1.63223322e-05,1
0.03125,202,0.00154354749,0.00135830673,1.64096527e-05,1
0.03125,203,0.00155116082,0.00136521924,1.64970479e-05,1
0.03125,204,0.00155877543,0.00137213338,1.65844849e-05,1
0.03125,205,0.00156639214,0.00137904927,1.66720019e-05,1
0.03125,206,0.00157401059,0.00138596736,1.67595863e-05,1
0.03125,207,0.00158163009,0.00139288604,1.68472106e-05,1
0.03125,208,0.00158925168,0.0013998074,1.69349078e-05,1
0.03125,209,0.00159687584,0.00140673155,1.70226758e-05,1
0.03125,210,0.00160450081,0.0014136564,1.7110493e-05,1
0.03125,211,0.00161212706,0.00142058253,1.71983738e-05,1
0.03125,212,0.0016197568,0.0014275125,1.72863365e-05,1
0.03125,213,0.00162738725,0.00143444305,1.73743392e-05,1
0.03125,214,0.00163502025,0.00144137617,1.74624074e-05,1
0.03125,215,0.00164265302,0.0014483094,1.75505302e-05,1
0.03125,216,0.00165028963,0.00145524659,1.76387366e-05,1
0.03125,217,0.00165792694,0.00146218459,1.77269976e-05,1
0.03125,218,0.0016655667,0.00146912481,1.78153132e-05,1
0.03125,219,0.00167320785,0.00147606677,1.79037106e-05,1
0.03125,220,0.0016808511,0.00148301048,1.79921553e-05,1
0.03125,221,0.00168849563,0.00148995605,1.80806655e-05,1
0.03125,222,0.00169614225,0.00149690383,1.81692267e-05,1
0.03125,223,0.00170379051,0.00150385336,1.82578769e-05,1
0.03125,224,0.00171144109,0.00151080498,1.83465672e-05,1
0.03125,225,0.00171909318,0.00151775859,1.84353339e-05,1
0.03125,226,0.00172674679,0.00152471359,1.85241552e-05,1
0.03125,227,0.00173440261,0.0015316708,1.86130455e-05,1
0.03125,228,0.00174205983,0.00153862953,1.87019941e-05,1
0.03125,229,0.00174971833,0.00154558942,1.87910064e-05,1
0.03125,230,0.00175737881,0.00155255245,1.88800841e-05,1
0.03125,231,0.00176504173,0.001559517,1.89692291e-05,1
0.03125,232,0.00177270675,0.00156648364,1.90584287e-05,1
0.03125,233,0.0017803727,0.00157345214,1.91476902e-05,1
0.03125,234,0.00178804051,0.00158042228,1.92370171e-05,1
0.03125,235,0.00179570995,0.00158739369,1.93264077e-05,1
0.03125,236,0.00180338242,0.0015943686,1.94158602e-05,1
0.03125,237,0.00181105535,0.00160134397,1.95053799e-05,1
0.03125,238,0.00181872968,0.00160832086,1.95949688e-05,1
0.03125,239,0.00182640622,0.00161530043,1.96846013e-05,1
0.03125,240,0.00183408544,0.00162228255,1.97743047e-05,1
0.03125,241,0.00184176606,0.00162926572,1.98640737e-05,1
0.03125,242,0.00184944866,0.00163625088,1.99539136e-05,1
0.03125,243,0.00185713265,0.00164323847,2.00438044e-05,1
0.03125,244,0.00186481781,0.00165022677,2.01337734e-05,1
0.03125,245,0.00187250588,0.00165721786,2.02237825e-05,1
0.03125,246,0.00188019476,0.00166421046,2.03138716e-05,1
0.03125,247,0.00188788678,0.00167120562,2.04040316e-05,1
0.03125,248,0.00189557858,0.00167820102,2.04942335e-05,1
0.03125,249,0.00190327456,0.00168520061,2.05845172e-05,1
0.03125,250,0.00191097078,0.00169220089,2.06748518e-05,1
0.03125,251,0.00191866839,0.001699202,2.0765252e-05,1
0.03125,252,0.00192636915,0.00170620659,2.08557212e-05,1
0.03125,253,0.00193407061,0.00171321211,2.09462505e-05,1
0.03125,254,0.00194177439,0.00172022043,2.10368489e-05,1
0.03125,255,0.00194947969,0.00172722968,2.11274928e-05,1
0.03125,256,0.00195718766,0.00173424196,2.12182258e-05,1
0.03125,257,0.00196489599,0.00174125494,2.13090116e-05,1
0.03125,258,0.00197260827,0.00174827152,2.13998501e-05,1
0.03125,259,0.00198032032,0.00175528857,2.14907723e-05,1
0.03125,260,0.001988034,0.00176230678,2.15817454e-05,1
0.03125,261,0.00199574977,0.00176932744,2.16727803e-05,1
0.03125,262,0.00200346857,0.00177635148,2.17638753e-05,1
0.03125,263,0.00201118784,0.00178337563,2.18550394e-05,1
0.03125,264,0.0020189099,0.00179040269,2.19462763e-05,1
0.03125,265,0.00202663196,0.0017974301,2.20375678e-05,1
0.03125,266,0.00203435775,0.001804461,2.21289192e-05,1
0.03125,267,0.002042084,0.00181149296,2.22203471e-05,1
0.03125,268,0.00204981375,0.00181852793,2.23118295e-05,1
0.03125,269,0.00205754442,0.00182556431,2.24033793e-05,1
0.03125,270,0.00206527649,0.0018326022,2.24949908e-05,1
0.03125,271,0.00207301066,0.00183964276,2.25866715e-05,1
0.03125,272,0.002080746,0.00184668321,2.26784032e-05,1
0.03125,273,0.00208848459,0.00185372808,2.27702221e-05,1
0.03125,274,0.00209622411,0.00186077366,2.28620866e-05,1
0.03125,275,0.00210396433,0.00186782016,2.29540237e-05,1
0.03125,276,0.00211170875,0.00187487085,2.30460209e-05,1
0.03125,277,0.00211945223,0.00188192073,2.31380636e-05,1
0.03125,278,0.0021271999,0.00188897504,2.32302009e-05,1
0.03125,279,0.00213494734,0.00189602864,2.33224036e-05,1
0.03125,280,0.00214269827,0.00190308644,2.3414641e-05,1
0.03125,281,0.00215045037,0.00191014539,2.35069674e-05,1
0.03125,282,0.00215820433,0.00191720657,2.3599343e-05,1
0.03125,283,0.00216596061,0.00192426995,2.36917822e-05,1
0.03125,284,0.00217371737,0.0019313338,2.37843105e-05,1
0.03125,285,0.00218147645,0.00193839998,2.38768625e-05,1
0.03125,286,0.00218923716,0.00194546802,2.39695164e-05,1
0.03125,287,0.0021970002,0.00195253838,2.40622066e-05,1
0.03125,288,0.0022047651,0.00195961003,2.41549715e-05,1
0.03125,289,0.0022125307,0.00196668366,2.42478145e-05,1
0.03125,290,0.00222030003,0.00197376101,2.43407158e-05,1
0.03125,291,0.00222806842,0.00198083743,2.44336716e-05,1
0.03125,292,0.0022358417,0.00198791805,2.45266965e-05,1
0.03125,293,0.00224361569,0.00199500029,2.46197869e-05,1
0.03125,294,0.0022513892,0.0020020823,2.47129392e-05,1
0.03125,295,0.00225916645,0.0020091671,2.48061751e-05,1
0.03125,296,0.00226694625,0.00201625586,2.48994493e-05,1
0.03125,297,0.00227472698,0.00202334486,2.49927962e-05,1
0.03125,298,0.00228250865,0.00203043479,2.50862122e-05,1
0.03125,299,0.00229029381,0.00203752844,2.51796882e-05,1
0.03125,300,0.00229807943,0.00204462348,2.52732243e-05,1
0.03125,301,0.00230586808,0.00205172086,2.53668295e-05,1
0.03125,302,0.00231365836,0.00205881987,2.5460522e-05,1
0.03125,303,0.00232144981,0.00206592027,2.55542436e-05,1
0.03125,304,0.00232924242,0.00207302161,2.56480434e-05,1
0.03125,305,0.00233703735,0.0020801262,2.57419215e-05,1
0.03125,306,0.00234483369,0.00208723242,2.58358396e-05,1
0.03125,307,0.00235263375,0.00209434121,2.59298413e-05,1
0.03125,308,0.0023604345,0.00210145186,2.60239103e-05,1
0.03125,309,0.00236823712,0.00210856367,2.61180248e-05,1
0.03125,310,0.00237604044,0.00211567711,2.62122085e-05,1
0.03125,311,0.00238384586,0.00212279218,2.63064812e-05,1
0.03125,312,0.00239165407,0.00212991005,2.64007886e-05,1
0.03125,313,0.00239946414,0.00213703047,2.64951741e-05,1
0.03125,314,0.00240727537,0.0021441516,2.65896433e-05,1
0.03125,315,0.0024150887,0.00215127552,2.6684138e-05,1
0.03125,316,0.0024229039,0.0021584006,2.67787254e-05,1
0.03125,317,0.00243072142,0.00216552895,2.68733602e-05,1
0.03125,318,0.00243853801,0.00217265589,2.69680713e-05,1
0.03125,319,0.00244635856,0.00217978726,2.70628661e-05,1
0.03125,320,0.00245418143,0.00218692049,2.71576992e-05,1
0.03125,321,0.00246200548,0.00219405536,2.72526013e-05,1
0.03125,322,0.00246983138,0.00220119255,2.73475689e-05,1
0.03125,323,0.00247766008,0.0022083323,2.74426129e-05,1
0.03125,324,0.00248548831,0.00221547205,2.75377188e-05,1
0.03125,325,0.0024933198,0.00222261436,2.76328901e-05,1
0.03125,326,0.00250115315,0.00222975854,2.77281288e-05,1
0.03125,327,0.00250898697,0.00223690411,2.78234074e-05,1
0.03125,328,0.00251682498,0.00224405387,2.79187825e-05,1
0.03125,329,0.00252466276,0.00225120317,2.80142067e-05,1
0.03125,330,0.00253250333,0.00225835526,2.81096945e-05,1
0.03125,331,0.00254034554,0.00226550968,2.82052624e-05,1
0.03125,332,0.00254818914,0.00227266527,2.83009049e-05,1
0.03125,333,0.0025560339,0.00227982225,2.8396571e-05,1
0.03125,334,0.00256388145,0.00228698202,2.84923444e-05,1
0.03125,335,0.00257173157,0.00229414413,2.85881561e-05,1
0.03125,336,0.00257958216,0.00230130716,2.86840477e-05,1
0.03125,337,0.00258743507,0.00230847253,2.87799921e-05,1
0.03125,338,0.00259529101,0.00231564068,2.8876033e-05,1
0.03125,339,0.00260314648,0.00232280954,2.89721083e-05,1
0.03125,340,0.00261100614,0.00232998142,2.90682656e-05,1
0.03125,341,0.00261886464,0.00233715354,2.9164461e-05,1
0.03125,342,0.00262672664,0.00234432821,2.92607492e-05,1
0.03125,343,0.00263459142,0.00235150591,2.93571175e-05,1
0.03125,344,0.00264245598,0.00235868385,2.94535203e-05,1
0.03125,345,0.00265032402,0.00236586505,2.95499813e-05,1
0.03125,346,0.00265819253,0.00237304741,2.96465314e-05,1
0.03125,347,0.00266606407,0.00238023209,2.97431652e-05,1
0.03125,348,0.00267393561,0.00238741725,2.98398354e-05,1
0.03125,349,0.00268181157,0.00239460706,2.99365729e-05,1
0.03125,350,0.002689688,0.0024017971,3.00333868e-05,1
0.03125,351,0.00269756559,0.00240898901,3.0130248e-05,1
0.03125,352,0.00270544714,0.00241618417,3.02272019e-05,1
0.03125,353,0.00271332869,0.00242338004,3.03242105e-05,1
0.03125,354,0.00272121187,0.0024305773,3.04212754e-05,1
0.03125,355,0.00272909645,0.00243777665,3.05184185e-05,1
0.03125,356,0.00273698498,0.00244497904,3.06156362e-05,1
0.03125,357,0.00274487422,0.00245218282,3.07128976e-05,1
0.03125,358,0.00275276531,0.00245938892,3.08102353e-05,1
0.03125,359,0.00276065874,0.00246659713,3.09076422e-05,1
0.03125,360,0.00276855147,0.00247380463,3.10051073e-05,1
0.03125,361,0.00277644815,0.00248101633,3.11026415e-05,1
0.03125,362,0.00278434646,0.00248822966,3.12002594e-05,1
0.03125,363,0.00279224524,0.00249544345,3.12979173e-05,1
0.03125,364,0.00280014821,0.0025026619,3.1395648e-05,1
0.03125,365,0.00280805118,0.00250987988,3.14934514e-05,1
0.03125,366,0.00281595811,0.00251710205,3.15913167e-05,1
0.03125,367,0.00282386341,0.00252432376,3.1689251e-05,1
0.03125,368,0.00283177383,0.00253154943,3.17872837e-05,1
0.03125,369,0.00283968356,0.00253877509,3.18853272e-05,1
0.03125,370,0.00284759607,0.00254600379,3.1983458e-05,1
0.03125,371,0.00285551324,0.00255323667,3.20816653e-05,1
0.03125,372,0.00286342832,0.00256046699,3.21799344e-05,1
0.03125,373,0.00287134666,0.00256770221,3.2278258e-05,1
0.03125,374,0.00287926733,0.00257493951,3.23766762e-05,1
0.03125,375,0.00288718776,0.00258217636,3.24751309e-05,1
0.03125,376,0.00289511401,0.00258941879,3.25736728e-05,1
0.03125,377,0.00290303701,0.00259665889,3.2672262e-05,1
0.03125,378,0.00291096536,0.00260390318,3.2770924e-05,1
0.03125,379,0.00291889417,0.0026111491,3.28696515e-05,1
0.03125,380,0.00292682648,0.00261839828,3.29684663e-05,1
0.03125,381,0.00293475762,0.00262564677,3.3067332e-05,1
0.03125,382,0.00294269249,0.00263289898,3.31662741e-05,1
0.03125,383,0.00295062899,0.00264015258,3.32652853e-05,1
0.03125,384,0.00295856642,0.00264740759,3.3364362e-05,1
0.03125,385,0.00296650641,0.00265466515,3.34634788e-05,1
0.03125,386,0.00297444826,0.00266192434,3.35626755e-05,1
0.03125,387,0.00298239198,0.00266918587,3.36619414e-05,1
0.03125,388,0.00299033732,0.00267644925,3.37612728e-05,1
0.03125,389,0.00299828453,0.00268371403,3.38606806e-05,1
0.03125,390,0.0030062343,0.00269098138,3.39601502e-05,1
0.03125,391,0.00301418663,0.00269825198,3.40596962e-05,1
0.03125,392,0.00302213873,0.00270552281,3.41592931e-05,1
0.03125,393,0.00303009339,0.00271279528,3.42589592e-05,1
0.03125,394,0.00303804758,0.00272006844,3.43587017e-05,1
0.03125,395,0.00304600643,0.0027273458,3.44585023e-05,1
0.03125,396,0.00305396668,0.00273462408,3.45583867e-05,1
0.03125,397,0.00306192948,0.00274190563,3.46583074e-05,1
0.03125,398,0.00306989229,0.00274918764,3.47583336e-05,1
0.03125,399,0.00307785789,0.00275647221,3.48583853e-05,1
0.03125,400,0.00308582443,0.00276375818,3.49585425e-05,1
0.03125,401,0.00309379445,0.00277104671,3.50587652e-05,1
0.03125,402,0.00310176564,0.0027783378,3.51590352e-05,1
0.03125,403,0.003109738,0.00278562889,3.52593634e-05,1
0.03125,404,0.00311771152,0.00279292255,3.53597679e-05,1
0.03125,405,0.00312568899,0.00280021923,3.54602562e-05,1
0.03125,406,0.0031336674,0.002807518,3.55612174e-05,1
0.03125,407,0.00314164767,0.00281481771,3.56618366e-05,1
0.03125,408,0.0031496291,0.00282211904,3.57624922e-05,1
0.03125,409,0.0031576124,0.00282942224,3.58632496e-05,1
0.03125,410,0.00316559826,0.00283672847,3.59640617e-05,1
0.03125,411,0.00317358575,0.00284403609,3.60649501e-05,1
0.03125,412,0.00318157696,0.00285134767,3.61659295e-05,1
0.03125,413,0.00318956631,0.00285865739,3.62669416e-05,1
0.03125,414,0.00319755753,0.00286596944,3.63680083e-05,1
0.03125,415,0.00320555456,0.00287328637,3.64691659e-05,1
0.03125,416,0.00321355043,0.00288060354,3.65703927e-05,1
0.03125,417,0.00322154677,0.00288792094,3.6671674e-05,1
0.03125,418,0.00322954869,0.00289524393,3.67730245e-05,1
0.03125,419,0.00323755224,0.00290256855,3.68744804e-05,1
0.03125,420,0.00324555556,0.0029098927,3.697594e-05,1
0.03125,421,0.00325356075,0.00291721965,3.7077516e-05,1
0.03125,422,0.00326156756,0.00292454776,3.7179143e-05,1
0.03125,423,0.0032695767,0.0029318782,3.72808317e-05,1
0.03125,424,0.0032775898,0.00293921283,3.7382586e-05,1
0.03125,425,0.00328560313,0.00294654793,3.74844458e-05,1
0.03125,426,0.00329361646,0.00295388349,3.75863383e-05,1
0.03125,427,0.00330163492,0.00296122348,3.76883072e-05,1
0.03125,428,0.00330965105,0.0029685623,3.77903343e-05,1
0.03125,429,0.00331767136,0.00297590415,3.78924597e-05,1
0.03125,430,0.00332569401,0.00298324926,3.79946214e-05,1
0.03125,431,0.00333371921,0.00299059693,3.80968486e-05,1
0.03125,432,0.00334174372,0.0029979439,3.81991558e-05,1
0.03125,433,0.00334977149,0.00300529413,3.83015431e-05,1
0.03125,434,0.00335780205,0.00301264739,3.84039922e-05,1
0.03125,435,0.00336583238,0.00302000041,3.8506485e-05,1
0.03125,436,0.00337386597,0.00302735716,3.86090724e-05,1
0.03125,437,0.00338190258,0.00303471694,3.87117398e-05,1
0.03125,438,0.00338993757,0.00304207508,3.88144617e-05,1
0.03125,439,0.00339797675,0.00304943766,3.89172092e-05,1
0.03125,440,0.00340601825,0.00305680209,3.90200803e-05,1
0.03125,441,0.00341405836,0.00306416582,3.9123006e-05,1
0.03125,442,0.00342210429,0.00307153515,3.92259899e-05,1
0.03125,443,0.00343015068,0.00307890517,3.93290647e-05,1
0.03125,444,0.00343819684,0.00308627565,3.94321869e-05,1
0.03125,445,0.00344624673,0.0030936494,3.95353927e-05,1
0.03125,446,0.00345429964,0.00310102571,3.9638664e-05,1
0.03125,447,0.00346235302,0.00310840365,3.97419644e-05,1
0.03125,448,0.0034704078,0.00311578228,3.98453776e-05,1
0.03125,449,0.00347846537,0.00312316464,3.99488672e-05,1
0.03125,450,0.00348652434,0.00313054794,4.00524077e-05,1
0.03125,451,0.00349458493,0.00313793332,4.01560173e-05,1
0.03125,452,0.00350264646,0.00314531894,4.02596852e-05,1
0.03125,453,0.00351071055,0.00315270759,4.03634258e-05,1
0.03125,454,0.00351877697,0.00316009973,4.04672501e-05,1
0.03125,455,0.00352684711,0.0031674942,4.05711507e-05,1
0.03125,456,0.00353491749,0.00317488937,4.06750842e-05,1
0.03125,457,0.00354298786,0.0031822857,4.0779094e-05,1
0.03125,458,0.00355105987,0.00318968343,4.08831729e-05,1
0.03125,459,0.00355913676,0.00319708488,4.09873392e-05,1
0.03125,460,0.00356721296,0.0032044868,4.10915563e-05,1
0.03125,461,0.00357529381,0.00321189314,4.11959008e-05,1
0.03125,462,0.00358337327,0.00321929902,4.13002199e-05,1
0.03125,463,0.00359145529,0.00322670676,4.14046517e-05,1
0.03125,464,0.00359954196,0.00323411939,4.15091745e-05,1
0.03125,465,0.0036076284,0.00324153155,4.16137373e-05,1
0.03125,466,0.00361571438,0.00324894441,4.17183801e-05,1
0.03125,467,0.0036238071,0.00325636333,4.18230884e-05,1
0.03125,468,0.00363189774,0.00326377992,4.19278913e-05,1
0.03125,469,0.00363999302,0.00327120209,4.20327269e-05,1
0.03125,470,0.00364808878,0.00327862427,4.21376535e-05,1
0.03125,471,0.00365618593,0.00328604784,4.22426128e-05,1
0.03125,472,0.00366428378,0.00329347351,4.23476595e-05,1
0.03125,473,0.00367238582,0.00330090197,4.24528043e-05,1
0.03125,474,0.00368048926,0.00330833299,4.25579965e-05,1
0.03125,475,0.00368859456,0.00331576495,4.26632614e-05,1
0.03125,476,0.00369670033,0.0033231983,4.27685991e-05,1
0.03125,477,0.00370480865,0.00333063421,4.28740095e-05,1
0.03125,478,0.00371291908,0.00333807245,4.297946e-05,1
0.03125,479,0.00372103229,0.00334551279,4.30849977e-05,1
0.03125,480,0.00372914667,0.00335295568,4.31906046e-05,1
0.03125,481,0.00373726198,0.00336039788,4.32962988e-05,1
0.03125,482,0.00374537986,0.00336784404,4.34020549e-05,1
0.03125,483,0.00375350076,0.00337529276,4.35078546e-05,1
0.03125,484,0.00376162073,0.00338274171,4.36137525e-05,1
0.03125,485,0.00376974256,0.00339019159,4.37197232e-05,1
0.03125,486,0.00377786998,0.00339764683,4.38257412e-05,1
0.03125,487,0.0037859953,0.00340510113,4.39318319e-05,1
0.03125,488,0.00379412714,0.00341256149,4.4037999e-05,1
0.03125,489,0.00380225433,0.00342001766,4.41442207e-05,1
0.03125,490,0.0038103892,0.00342748105,4.4250537e-05,1
0.03125,491,0.00381852617,0.00343494653,4.43569224e-05,1
0.03125,492,0.00382665964,0.00344240922,4.44633624e-05,1
0.03125,493,0.003834798,0.00344987726,4.45699006e-05,1
0.03125,494,0.00384293729,0.00345734553,4.46764752e-05,1
0.03125,495,0.00385107892,0.00346481637,4.47831189e-05,1
0.03125,496,0.00385922473,0.00347229186,4.48898427e-05,1
0.03125,497,0.00386737101,0.00347976782,4.49966428e-05,1
0.03125,498,0.00387551636,0.00348724308,4.51035048e-05,1
0.03125,499,0.00388366566,0.0034947223,4.52104359e-05,1
0.03125,500,0.00389181729,0.00350220408,4.53174689e-05,1
0.03125,501,0.00389996846,0.0035096854,4.5424491e-05,1
0.03125,502,0.00390812429,0.0035171709,4.55316367e-05,1
0.03125,503,0.00391628034,0.00352465711,4.56388807e-05,1
0.03125,504,0.0039244392,0.00353214634,4.5746161e-05,1
0.03125,505,0.00393259944,0.0035396379,4.58535069e-05,1
0.03125,506,0.00394076155,0.00354713015,4.5960951e-05,1
0.03125,507,0.00394892646,0.00355462544,4.60684205e-05,1
0.03125,508,0.00395709183,0.00356212258,4.61759919e-05,1
0.03125,509,0.00396525906,0.00356962066,4.62836397e-05,1
0.03125,510,0.00397342723,0.00357712083,4.6391342e-05,1
0.03125,511,0.00398159958,0.0035846231,4.64991135e-05,1
0.03125,512,0.00398977427,0.0035921305,4.66069614e-05,1
0.03125,513,0.00399794849,0.00359963486,4.67148784e-05,1
0.03125,514,0.00400612643,0.00360714411,4.68228609e-05,1
0.03125,515,0.00401430391,0.0036146536,4.69309016e-05,1
0.03125,516,0.00402248371,0.00362216565,4.70390441e-05,1
0.03125,517,0.00403066864,0.00362968189,4.71472376e-05,1
0.03125,518,0.00403885404,0.00363719976,4.72555439e-05,1
0.03125,519,0.00404703896,0.00364471599,4.73638538e-05,1
0.03125,520,0.00405522622,0.00365223573,4.74722474e-05,1
0.03125,521,0.00406341767,0.00365975918,4.75807537e-05,1
0.03125,522,0.00407160772,0.00366728194,4.76892856e-05,1
0.03125,523,0.00407980289,0.00367480982,4.77979156e-05,1
0.03125,524,0.00408800039,0.00368234003,4.7906633e-05,1
0.03125,525,0.00409619464,0.00368986768,4.80153612e-05,1
0.03125,526,0.0041043954,0.00369740068,4.81242205e-05,1
0.03125,527,0.00411259709,0.00370493508,4.82331088e-05,1
0.03125,528,0.00412080018,0.00371247111,4.83420808e-05,1
0.03125,529,0.00412900373,0.00372000923,4.84511293e-05,1
0.03125,530,0.00413721288,0.00372755015,4.85602613e-05,1
0.03125,531,0.00414542016,0.00373509247,4.8669408e-05,1
0.03125,532,0.00415363023,0.00374263502,4.87786747e-05,1
0.03125,533,0.00416184356,0.00375018269,4.88880178e-05,1
0.03125,534,0.00417005736,0.00375772966,4.89974336e-05,1
0.03125,535,0.00417827163,0.0037652785,4.91068859e-05,1
0.03125,536,0.00418648915,0.00377283036,4.92164327e-05,1
0.03125,537,0.00419470994,0.00378038478,4.93260195e-05,1
0.03125,538,0.00420293072,0.00378794037,4.94357264e-05,1
0.03125,539,0.0042111543,0.00379549712,4.95454988e-05,1
0.03125,540,0.00421938021,0.00380305713,4.96552893e-05,1
0.03125,541,0.00422760798,0.0038106211,4.97652036e-05,1
0.03125,542,0.00423583668,0.0038181839,4.98751688e-05,1
0.03125,543,0.00424406677,0.00382574857,4.99852104e-05,1
0.03125,544,0.0042522992,0.00383331627,5.00953029e-05,1
0.03125,545,0.00426053395,0.00384088606,5.02054827e-05,1
0.03125,546,0.00426876917,0.00384845701,5.03157535e-05,1
0.03125,547,0.00427700812,0.00385603122,5.04260497e-05,1
0.03125,548,0.00428525126,0.00386360963,5.05364696e-05,1
0.03125,549,0.0042934902,0.00387118361,5.06469187e-05,1
0.03125,550,0.00430173473,0.00387876364,5.07574587e-05,1
0.03125,551,0.00430998066,0.00388634508,5.0868075e-05,1
0.03125,552,0.00431822939,0.0038939307,5.0978746e-05,1
0.03125,553,0.00432647672,0.00390151399,5.10895043e-05,1
0.03125,554,0.00433472963,0.00390910311,5.12003608e-05,1
0.03125,555,0.00434298301,0.00391669292,5.13112172e-05,1
0.03125,556,0.00435123499,0.00392428041,5.14221865e-05,1
0.03125,557,0.0043594935,0.00393187534,5.15332213e-05,1
0.03125,558,0.00436775433,0.003939474,5.16443397e-05,1
0.03125,559,0.0043760133,0.00394706987,5.17555236e-05,1
0.03125,560,0.00438427553,0.00395466806,5.18667839e-05,1
0.03125,561,0.00439254055,0.00396226905,5.19780915e-05,1
0.03125,562,0.00440080743,0.0039698733,5.20895119e-05,1
0.03125,563,0.00440907665,0.00397748081,5.22009359e-05,1
0.03125,564,0.00441734539,0.00398508692,5.23124872e-05,1
0.03125,565,0.00442561554,0.00399269443,5.24241041e-05,1
0.03125,566,0.00443389267,0.00400030799,5.25357718e-05,1
0.03125,567,0.00444216561,0.00400791876,5.26475415e-05,1
0.03125,568,0.00445044553,0.00401553651,5.27593802e-05,1
0.03125,569,0.00445872359,0.0040231524,5.28712517e-05,1
0.03125,570,0.00446700538,0.00403077248,5.29832723e-05,1
0.03125,571,0.00447528623,0.00403839117,5.30952602e-05,1
0.03125,572,0.00448357221,0.00404601637,5.32073682e-05,1
0.03125,573,0.00449186098,0.00405364158,5.33195926e-05,1
0.03125,574,0.00450014835,0.00406126818,5.34318533e-05,1
0.03125,575,0.00450843759,0.00406889617,5.35441504e-05,1
0.03125,576,0.00451673334,0.00407652976,5.36565603e-05,1
0.03125,577,0.00452502677,0.00408416148,5.37690466e-05,1
0.03125,578,0.00453332253,0.00409179833,5.38815984e-05,1
0.03125,579,0.00454161968,0.00409943378,5.39942121e-05,1
0.03125,580,0.00454991916,0.00410707202,5.41068766e-05,1
0.03125,581,0.00455822144,0.00411471352,5.42196576e-05,1
0.03125,582,0.00456652744,0.00412235782,5.43325041e-05,1
0.03125,583,0.00457483158,0.00413000211,5.44453942e-05,1
0.03125,584,0.00458313897,0.00413764874,5.45583898e-05,1
0.03125,585,0.0045914501,0.00414529955,5.46714509e-05,1
0.03125,586,0.00459975936,0.00415294897,5.47845375e-05,1
0.03125,587,0.00460806955,0.00416059839,5.48977623e-05,1
0.03125,588,0.00461638672,0.00416825665,5.50110162e-05,1
0.03125,589,0.0046247039,0.00417591445,5.51243465e-05,1
0.03125,590,0.0046330234,0.00418357411,5.52377896e-05,1
0.03125,591,0.00464134384,0.00419123424,5.53512727e-05,1
0.03125,592,0.00464966614,0.00419889763,5.54648032e-05,1
0.03125,593,0.0046579889,0.00420656009,5.55784463e-05,1
0.03125,594,0.00466631632,0.00421422953,5.56921732e-05,1
0.03125,595,0.00467464374,0.00422189664,5.58059037e-05,1
0.03125,596,0.00468297396,0.00422956795,5.5919787e-05,1
0.03125,597,0.00469130557,0.00423724204,5.60336812e-05,1
0.03125,598,0.00469963625,0.00424491381,5.61476991e-05,1
0.03125,599,0.00470797578,0.00425259303,5.62617643e-05,1
0.03125,600,0.00471631298,0.00426027225,5.63759058e-05,1
0.03125,601,0.00472465111,0.00426795194,5.64901093e-05,1
0.03125,602,0.00473299343,0.00427563582,5.66044109e-05,1
0.03125,603,0.00474133482,0.00428332016,5.67187635e-05,1
0.03125,604,0.00474967714,0.0042910031,5.68331598e-05,1
0.03125,605,0.00475802366,0.00429869303,5.69476542e-05,1
0.03125,606,0.00476637436,0.00430638436,5.70622615e-05,1
0.03125,607,0.004774726,0.00431407942,5.71769197e-05,1
0.03125,608,0.00478307996,0.00432177493,5.7291636e-05,1
0.03125,609,0.00479143253,0.00432947092,5.74064215e-05,1
0.03125,610,0.00479978928,0.00433717016,5.7521298e-05,1
0.03125,611,0.00480814558,0.00434486941,5.76362545e-05,1
0.03125,612,0.00481650699,0.00435257424,5.77512656e-05,1
0.03125,613,0.00482486887,0.00436027814,5.78663748e-05,1
0.03125,614,0.00483323168,0.00436798437,5.79815205e-05,1
0.03125,615,0.00484159915,0.00437569618,5.80967535e-05,1
0.03125,616,0.00484996568,0.00438340567,5.82120701e-05,1
0.03125,617,0.00485833175,0.00439111423,5.83274341e-05,1
0.03125,618,0.00486670667,0.0043988321,5.84428999e-05,1
0.03125,619,0.00487508066,0.00440655136,5.85583985e-05,1
0.03125,620,0.00488345511,0.0044142697,5.86740389e-05,1
0.03125,621,0.00489183376,0.0044219913,5.87896902e-05,1
0.03125,622,0.00490020821,0.00442971103,5.89054107e-05,1
0.03125,623,0.00490858825,0.00443743449,5.90212585e-05,1
0.03125,624,0.00491697295,0.00444516353,5.91371354e-05,1
0.03125,625,0.00492535857,0.00445289304,5.92531142e-05,1
0.03125,626,0.00493374374,0.00446062256,5.93691439e-05,1
0.03125,627,0.00494213402,0.00446835766,5.94852681e-05,1
0.03125,628,0.00495052245,0.00447609136,5.96014434e-05,1
0.03125,629,0.00495891413,0.00448382786,5.97177241e-05,1
0.03125,630,0.00496730814,0.00449156715,5.98340266e-05,1
0.03125,631,0.00497570354,0.00449930737,5.99504565e-05,1
0.03125,632,0.00498410081,0.00450704992,6.006693e-05,1
0.03125,633,0.00499250134,0.00451479526,6.01834945e-05,1
0.03125,634,0.00500089908,0.00452253921,6.03001172e-05,1
0.03125,635,0.0050093038,0.00453028968,6.04168199e-05,1
0.03125,636,0.00501771085,0.00453804247,6.05336318e-05,1
0.03125,637,0.00502611557,0.0045457934,6.06504582e-05,1
0.03125,638,0.00503452588,0.00455354992,6.07673683e-05,1
0.03125,639,0.00504293572,0.00456130598,6.08843839e-05,1
0.03125,640,0.00505134603,0.00456906203,6.10014322e-05,1
0.03125,641,0.00505976332,0.00457682507,6.11185824e-05,1
0.03125,642,0.00506818062,0.00458458858,6.12357908e-05,1
0.03125,643,0.00507659931,0.00459235394,6.13531229e-05,1
0.03125,644,0.0050850166,0.00460011838,6.1470455e-05,1
0.03125,645,0.00509344088,0.00460788887,6.15879253e-05,1
0.03125,646,0.00510186469,0.00461565983,6.17054175e-05,1
0.03125,647,0.00511029083,0.00462343358,6.1823026e-05,1
0.03125,648,0.0051187193,0.00463120919,6.1940671e-05,1
0.03125,649,0.00512714824,0.00463898527,6.20584324e-05,1
0.03125,650,0.00513557903,0.00464676367,6.21761938e-05,1
0.03125,651,0.00514401309,0.00465454534,6.2294137e-05,1
0.03125,652,0.00515244761,0.004662327,6.24120803e-05,1
0.03125,653,0.00516088586,0.00467011239,6.25301327e-05,1
0.03125,654,0.00516932551,0.00467790104,6.26482433e-05,1
0.03125,655,0.00517776376,0.00468568737,6.27663976e-05,1
0.03125,656,0.00518620666,0.00469347835,6.28846756e-05,1
0.03125,657,0.00519465143,0.00470127165,6.30029899e-05,1
0.03125,658,0.00520309806,0.00470906682,6.31213843e-05,1
0.03125,659,0.00521154748,0.00471686432,6.32398805e-05,1
0.03125,660,0.00521999924,0.00472466415,6.33584714e-05,1
0.03125,661,0.00522845192,0.00473246584,6.34770622e-05,1
0.03125,662,0.00523690227,0.00474026613,6.35956894e-05,1
0.03125,663,0.00524535868,0.00474807154,6.37144694e-05,1
0.03125,664,0.00525381463,0.00475587603,6.38333076e-05,1
0.03125,665,0.00526227709,0.00476368796,6.39522841e-05,1
0.03125,666,0.00527073909,0.00477149896,6.40712533e-05,1
0.03125,667,0.00527919969,0.00477930903,6.41903098e-05,1
0.03125,668,0.0052876682,0.00478712702,6.43094754e-05,1
0.03125,669,0.00529613253,0.00479494175,6.44286702e-05,1
0.03125,670,0.0053046043,0.00480276346,6.45479886e-05,1
0.03125,671,0.00531307468,0.00481058238,6.46673507e-05,1
0.03125,672,0.00532154879,0.00481840689,6.47868583e-05,1
0.03125,673,0.00533002289,0.00482623139,6.49063586e-05,1
0.03125,674,0.00533850119,0.00483406056,6.50259753e-05,1
0.03125,675,0.00534698041,0.00484189112,6.51456357e-05,1
0.03125,676,0.00535545824,0.00484971935,6.52653616e-05,1
0.03125,677,0.00536394166,0.00485755363,6.53851675e-05,1
0.03125,678,0.00537242927,0.00486539118,6.55051335e-05,1
0.03125,679,0.00538091222,0.00487322547,6.56250777e-05,1
0.03125,680,0.00538939983,0.00488106348,6.57451164e-05,1
0.03125,681,0.00539789116,0.00488890661,6.58652425e-05,1
0.03125,682,0.00540638203,0.00489674835,6.59854195e-05,1
0.03125,683,0.00541487709,0.00490459427,6.61057129e-05,1
0.03125,684,0.00542337447,0.00491244253,6.62260718e-05,1
0.03125,685,0.00543187279,0.00492029404,6.6346518e-05,1
0.03125,686,0.00544036925,0.0049281423,6.64670006e-05,1
0.03125,687,0.00544887362,0.00493599847,6.65875996e-05,1
0.03125,688,0.00545737566,0.00494385278,6.67082131e-05,1
0.03125,689,0.00546588283,0.00495171221,6.68289504e-05,1
0.03125,690,0.00547438907,0.00495956978,6.69497458e-05,1
0.03125,691,0.00548289949,0.00496743433,6.70706431e-05,1
0.03125,692,0.00549140992,0.00497529609,6.71915695e-05,1
0.03125,693,0.00549992081,0.00498315971,6.73125833e-05,1
0.03125,694,0.00550843636,0.00499102892,6.74337061e-05,1
0.03125,695,0.0055169533,0.00499889813,6.75548872e-05,1
0.03125,696,0.00552547351,0.0050067706,6.7676141e-05,1
0.03125,697,0.00553399324,0.005014644,6.77974531e-05,1
0.03125,698,0.00554251531,0.0050225202,6.79188743e-05,1
0.03125,699,0.00555104204,0.00503039965,6.80403318e-05,1
0.03125,700,0.00555956783,0.00503827911,6.81619131e-05,1
0.03125,701,0.00556809315,0.0050461581,6.8283538e-05,1
0.03125,702,0.00557662733,0.0050540464,6.84052284e-05,1
0.03125,703,0.00558515824,0.00506193144,6.85270061e-05,1
0.03125,704,0.00559369056,0.00506981835,6.86488929e-05,1
0.03125,705,0.00560222706,0.00507770758,6.87708307e-05,1
0.03125,706,0.00561076542,0.00508560007,6.8892834e-05,1
0.03125,707,0.00561930053,0.0050934907,6.90148954e-05,1
0.03125,708,0.00562784495,0.00510138692,6.91370806e-05,1
0.03125,709,0.0056363917,0.0051092892,6.92593312e-05,1
0.03125,710,0.00564493425,0.00511718774,6.93816328e-05,1
0.03125,711,0.00565348053,0.00512508908,6.95040508e-05,1
0.03125,712,0.00566203101,0.00513299508,6.96264979e-05,1
0.03125,713,0.00567058101,0.00514089921,6.97490323e-05,1
0.03125,714,0.00567913381,0.00514880707,6.98716758e-05,1
0.03125,715,0.00568768941,0.00515671913,6.99943776e-05,1
0.03125,716,0.00569624407,0.00516462931,7.01170793e-05,1
0.03125,717,0.00570480479,0.00517254462,7.02399266e-05,1
0.03125,718,0.0057133669,0.00518046226,7.03628539e-05,1
0.03125,719,0.00572192576,0.00518837757,7.04858467e-05,1
0.03125,720,0.00573049067,0.00519629847,7.06089195e-05,1
0.03125,721,0.00573905744,0.0052042217,7.07320796e-05,1
0.03125,722,0.00574762654,0.00521214632,7.0855298e-05,1
0.03125,723,0.00575619889,0.00522007653,7.09786618e-05,1
0.03125,724,0.00576476986,0.00522800256,7.11019893e-05,1
0.03125,725,0.00577334221,0.0052359323,7.12254259e-05,1
0.03125,726,0.00578191737,0.00524386531,7.13489571e-05,1
0.03125,727,0.00579049485,0.00525179878,7.14725684e-05,1
0.03125,728,0.00579907699,0.00525973691,7.15963033e-05,1
0.03125,729,0.00580765912,0.0052676769,7.17200455e-05,1
0.03125,730,0.00581624126,0.00527561642,7.18438823e-05,1
0.03125,731,0.00582482433,0.00528355688,7.19677628e-05,1
0.03125,732,0.00583341252,0.00529150339,7.20917378e-05,1
0.03125,733,0.00584200677,0.00529945455,7.22158511e-05,1
0.03125,734,0.00585059589,0.00530740153,7.2340008e-05,1
0.03125,735,0.00585918874,0.00531535177,7.24641941e-05,1
0.03125,736,0.00586778531,0.00532330619,7.25884893e-05,1
0.03125,737,0.00587638002,0.00533126062,7.27128427e-05,1
0.03125,738,0.00588497706,0.00533921551,7.28372979e-05,1
0.03125,739,0.00589357689,0.00534717366,7.29618478e-05,1
0.03125,740,0.00590218045,0.00535513554,7.30864122e-05,1
0.03125,741,0.00591078447,0.00536309695,7.32111221e-05,1
0.03125,742,0.00591939269,0.00537106581,7.33358975e-05,1
0.03125,743,0.00592800416,0.00537903421,7.34607383e-05,1
0.03125,744,0.00593660958,0.00538700027,7.35855865e-05,1
0.03125,745,0.00594522152,0.00539497193,7.3710602e-05,1
0.03125,746,0.00595383486,0.00540294359,7.38356393e-05,1
0.03125,747,0.00596245145,0.0054109199,7.3960764e-05,1
0.03125,748,0.00597107038,0.00541889761,7.40860196e-05,1
0.03125,749,0.00597968884,0.00542687625,7.42113043e-05,1
0.03125,750,0.00598831195,0.00543486001,7.43366909e-05,1
0.03125,751,0.00599693507,0.00544284144,7.44621502e-05,1
0.03125,752,0.00600556191,0.0054508294,7.45876096e-05,1
0.03125,753,0.00601419061,0.00545881782,7.47132726e-05,1
0.03125,754,0.00602281978,0.00546680763,7.48389575e-05,1
0.03125,755,0.00603144756,0.00547479652,7.49646788e-05,1
0.03125,756,0.00604008185,0.00548279053,7.50905456e-05,1
0.03125,757,0.0060487194,0.00549078872,7.52164415e-05,1
0.03125,758,0.00605735602,0.00549878646,7.53424611e-05,1
0.03125,759,0.00606599543,0.00550678698,7.54684661e-05,1
0.03125,760,0.00607463345,0.00551478565,7.55946239e-05,1
0.03125,761,0.00608327705,0.00552279036,7.572084e-05,1
0.03125,762,0.0060919188,0.00553079369,7.58470997e-05,1
0.03125,763,0.00610056845,0.00553880539,7.59735267e-05,1
0.03125,764,0.00610921532,0.0055468129,7.60999537e-05,1
0.03125,765,0.00611787196,0.00555483112,7.62265336e-05,1
0.03125,766,0.00612652302,0.00556284422,7.6353128e-05,1
0.03125,767,0.00613517361,0.00557085639,7.64798169e-05,1
0.03125,768,0.00614383118,0.00557887694,7.66065787e-05,1
0.03125,769,0.00615249015,0.00558689656,7.67334277e-05,1
0.03125,770,0.00616115099,0.0055949213,7.68603641e-05,1
0.03125,771,0.00616981136,0.00560294371,7.69873222e-05,1
0.03125,772,0.00617847638,0.00561097171,7.71144405e-05,1
0.03125,773,0.00618714141,0.00561899832,7.72415151e-05,1
0.03125,774,0.00619581062,0.00562703097,7.73687934e-05,1
0.03125,775,0.00620447611,0.00563505944,7.74961081e-05,1
0.03125,776,0.00621315138,0.00564309722,7.76235029e-05,1
0.03125,777,0.00622182107,0.00565113127,7.77509485e-05,1
0.03125,778,0.00623050379,0.00565917604,7.78785252e-05,1
0.03125,779,0.00623917626,0.00566721335,7.80060727e-05,1
0.03125,780,0.00624785619,0.00567525625,7.81337876e-05,1
0.03125,781,0.00625653565,0.00568330055,7.82615098e-05,1
0.03125,782,0.00626522023,0.00569134811,7.8389472e-05,1
0.03125,783,0.00627390528,0.0056993966,7.85173834e-05,1
0.03125,784,0.00628259452,0.00570745114,7.8645382e-05,1
0.03125,785,0.00629128236,0.00571550196,7.87733879e-05,1
0.03125,786,0.00629997253,0.00572355697,7.89016121e-05,1
0.03125,787,0.00630866643,0.00573161524,7.90298363e-05,1
0.03125,788,0.00631735846,0.00573967211,7.91581988e-05,1
0.03125,789,0.00632605841,0.0057477369,7.92865831e-05,1
0.03125,790,0.0063347551,0.00575579936,7.9415091e-05,1
0.03125,791,0.00634345924,0.00576386694,7.95436281e-05,1
0.03125,792,0.00635215733,0.00577193126,7.96722306e-05,1
0.03125,793,0.00636086147,0.00577999977,7.98009569e-05,1
0.03125,794,0.00636956841,0.00578807341,7.99297195e-05,1
0.03125,795,0.00637827953,0.00579614937,8.00586495e-05,1
0.03125,796,0.00638698507,0.00580422068,8.01875503e-05,1
0.03125,797,0.00639569759,0.00581229897,8.03165531e-05,1
0.03125,798,0.00640441338,0.00582038052,8.04456649e-05,1
0.03125,799,0.00641313195,0.0058284658,8.05748932e-05,1
0.03125,800,0.0064218482,0.00583654875,8.07041433e-05,1
0.03125,801,0.00643056631,0.00584463216,8.08334516e-05,1
0.03125,802,0.00643928628,0.00585271791,8.09628837e-05,1
0.03125,803,0.00644801185,0.00586081203,8.10923812e-05,1
0.03125,804,0.00645673415,0.0058689001,8.12219514e-05,1
0.03125,805,0.00646546343,0.00587699609,8.13516381e-05,1
0.03125,806,0.00647419645,0.00588509627,8.14813684e-05,1
0.03125,807,0.00648292666,0.00589319319,8.16111424e-05,1
0.03125,808,0.00649166014,0.00590129383,8.17410328e-05,1
0.03125,809,0.00650039595,0.0059093968,8.18710469e-05,1
0.03125,810,0.00650912896,0.00591749791,8.20010464e-05,1
0.03125,811,0.00651787175,0.0059256088,8.21312642e-05,1
0.03125,812,0.00652661035,0.00593371456,8.22614093e-05,1
0.03125,813,0.006535355,0.00594182778,8.23916853e-05,1
0.03125,814,0.00654409872,0.00594994053,8.25220413e-05,1
0.03125,815,0.00655284664,0.00595805421,8.26524847e-05,1
0.03125,816,0.00656159362,0.00596617023,8.27829863e-05,1
0.03125,817,0.006570342,0.00597428763,8.29136115e-05,1
0.03125,818,0.00657909969,0.00598241296,8.30443241e-05,1
0.03125,819,0.00658785226,0.00599053549,8.31750585e-05,1
0.03125,820,0.00659660576,0.00599865709,8.3305873e-05,1
0.03125,821,0.00660536997,0.00600679079,8.34368038e-05,1
0.03125,822,0.00661412859,0.00601491751,8.35678075e-05,1
0.03125,823,0.00662289048,0.00602304889,8.36988766e-05,1
0.03125,824,0.00663165422,0.00603118166,8.3830033e-05,1
0.03125,825,0.00664042123,0.00603931816,8.39612621e-05,1
0.03125,826,0.00664918358,0.00604745094,8.40925422e-05,1
0.03125,827,0.00665795943,0.00605559582,8.42239824e-05,1
0.03125,828,0.00666673109,0.00606373791,8.43554299e-05,1
0.03125,829,0.00667550648,0.00607188232,8.44870083e-05,1
0.03125,830,0.00668428047,0.00608002581,8.46186231e-05,1
0.03125,831,0.00669305911,0.00608817581,8.47503252e-05,1
0.03125,832,0.00670183962,0.00609632628,8.48821146e-05,1
0.03125,833,0.00671061967,0.00610447675,8.50139331e-05,1
0.03125,834,0.0067194039,0.00611263188,8.51458972e-05,1
0.03125,835,0.00672818907,0.0061207884,8.5277934e-05,1
0.03125,836,0.00673697796,0.00612894818,8.54100872e-05,1
0.03125,837,0.00674576405,0.00613710564,8.55422113e-05,1
0.03125,838,0.00675455434,0.00614526588,8.56744882e-05,1
0.03125,839,0.00676334929,0.00615343312,8.58068452e-05,1
0.03125,840,0.00677214423,0.00616159989,8.59392676e-05,1
0.03125,841,0.00678094011,0.00616976619,8.60717555e-05,1
0.03125,842,0.00678974018,0.00617793854,8.62043744e-05,1
0.03125,843,0.0067985449,0.00618611556,8.63370951e-05,1
0.03125,844,0.00680734683,0.00619428884,8.64697868e-05,1
0.03125,845,0.00681614876,0.00620246353,8.66026166e-05,1
0.03125,846,0.00682495907,0.0062106452,8.67355193e-05,1
0.03125,847,0.00683376519,0.006218825,8.68685165e-05,1
0.03125,848,0.00684257783,0.00622700807,8.70015792e-05,1
0.03125,849,0.00685138674,0.00623519067,8.71346783e-05,1
0.03125,850,0.00686020358,0.00624337932,8.72679084e-05,1
0.03125,851,0.00686902227,0.00625157077,8.7401284e-05,1
0.03125,852,0.00687783631,0.00625975942,8.75346013e-05,1
0.03125,853,0.00688665872,0.00626795506,8.76680497e-05,1
0.03125,854,0.00689548068,0.00627615023,8.78016072e-05,1
0.03125,855,0.00690430682,0.0062843496,8.79352738e-05,1
0.03125,856,0.00691313064,0.00629254617,8.80689477e-05,1
0.03125,857,0.00692195771,0.00630074693,8.82027525e-05,1
0.03125,858,0.00693078898,0.00630895281,8.83365647e-05,1
0.03125,859,0.00693962025,0.0063171587,8.84705078e-05,1
0.03125,860,0.00694845337,0.00632536458,8.86046182e-05,1
0.03125,861,0.00695729209,0.00633357745,8.87386996e-05,1
0.03125,862,0.00696612988,0.00634179031,8.88728973e-05,1
0.03125,863,0.00697497185,0.00635000644,8.90071606e-05,1
0.03125,864,0.0069838101,0.00635822024,8.9141482e-05,1
0.03125,865,0.00699265813,0.00636644149,8.92759272e-05,1
0.03125,866,0.00700150197,0.00637465995,8.94104378e-05,1
0.03125,867,0.00701034907,0.0063828826,8.95450212e-05,1
0.03125,868,0.00701919617,0.00639110524,8.96796628e-05,1
0.03125,869,0.00702805072,0.00639933581,8.98144281e-05,1
0.03125,870,0.00703690108,0.00640756125,8.99492443e-05,1
0.03125,871,0.00704576122,0.0064157974,9.00841696e-05,1
0.03125,872,0.00705461809,0.00642402936,9.0219226e-05,1
0.03125,873,0.00706347777,0.00643226551,9.03542823e-05,1
0.03125,874,0.00707234116,0.00644050445,9.04893968e-05,1
0.03125,875,0.0070811999,0.00644873921,9.06246205e-05,1
0.03125,876,0.00709006609,0.00645698141,9.07599679e-05,1
0.03125,877,0.00709893275,0.00646522548,9.08953662e-05,1
0.03125,878,0.00710780034,0.00647346908,9.10308372e-05,1
0.03125,879,0.00711667305,0.00648171827,9.11664101e-05,1
0.03125,880,0.00712554855,0.00648996979,9.1302034e-05,1
0.03125,881,0.00713442033,0.00649821851,9.14377451e-05,1
0.03125,882,0.00714329584,0.00650647143,9.15735218e-05,1
0.03125,883,0.0071521746,0.00651472807,9.17093712e-05,1
0.03125,884,0.00716105802,0.00652298843,9.18454461e-05,1
0.03125,885,0.00716994004,0.0065312474,9.19814483e-05,1
0.03125,886,0.00717882439,0.00653950917,9.21175742e-05,1
0.03125,887,0.00718771294,0.00654777559,9.22537802e-05,1
0.03125,888,0.00719660101,0.00655604154,9.23900661e-05,1
0.03125,889,0.00720548956,0.00656430935,9.25264176e-05,1
0.03125,890,0.00721438276,0.00657258043,9.26629e-05,1
0.03125,891,0.00722328015,0.00658085383,9.27994697e-05,1
0.03125,892,0.00723217102,0.00658912491,9.29360103e-05,1
0.03125,893,0.00724106934,0.00659740204,9.30726819e-05,1
0.03125,894,0.00724997604,0.00660568569,9.32095209e-05,1
0.03125,895,0.0072588725,0.00661396235,9.33463452e-05,1
0.03125,896,0.00726777688,0.00662224554,9.34832642e-05,1
0.03125,897,0.00727668731,0.00663053477,9.36203069e-05,1
0.03125,898,0.00728559494,0.00663882168,9.37574296e-05,1
0.03125,899,0.00729450677,0.00664711278,9.38946177e-05,1
0.03125,900,0.00730341626,0.00665540155,9.4031886e-05,1
0.03125,901,0.00731232576,0.00666369079,9.41691687e-05,1
0.03125,902,0.00732124504,0.0066719898,9.43066261e-05,1
0.03125,903,0.00733015919,0.0066802837,9.44441199e-05,1
0.03125,904,0.00733908592,0.00668859016,9.45817374e-05,1
0.03125,905,0.00734800892,0.0066968929,9.47194058e-05,1
0.03125,906,0.00735692726,0.00670519192,9.48571251e-05,1
0.03125,907,0.00736585073,0.00671349745,9.49949899e-05,1
0.03125,908,0.00737478118,0.00672180858,9.51329348e-05,1
0.03125,909,0.00738371257,0.0067301197,9.52709888e-05,1
0.03125,910,0.00739264395,0.00673843175,9.54089483e-05,1
0.03125,911,0.00740157394,0.00674674241,9.55471405e-05,1
0.03125,912,0.00741050951,0.00675505958,9.56854128e-05,1
0.03125,913,0.00741945114,0.00676338188,9.58236851e-05,1
0.03125,914,0.00742838904,0.00677170139,9.59621684e-05,1
0.03125,915,0.00743733114,0.00678002601,9.61006299e-05,1
0.03125,916,0.00744627137,0.00678834645,9.62391932e-05,1
0.03125,917,0.00745521905,0.00679667573,9.63777929e-05,1
0.03125,918,0.00746417139,0.00680500967,9.65165891e-05,1
0.03125,919,0.00747311441,0.00681333523,9.66553634e-05,1
0.03125,920,0.00748206442,0.00682166871,9.67943051e-05,1
0.03125,921,0.00749102142,0.00683000823,9.69333414e-05,1
0.03125,922,0.00749997841,0.00683834823,9.70723413e-05,1
0.03125,923,0.00750893261,0.00684668403,9.7211494e-05,1
0.03125,924,0.00751788775,0.0068550217,9.73507194e-05,1
0.03125,925,0.00752685592,0.00686337287,9.74901122e-05,1
0.03125,926,0.00753581291,0.00687171286,9.7629425e-05,1
0.03125,927,0.00754478201,0.00688006543,9.77689051e-05,1
0.03125,928,0.00755374646,0.00688841287,9.79084798e-05,1
0.03125,929,0.00756271649,0.00689676683,9.8048069e-05,1
0.03125,930,0.00757168466,0.006905118,9.81878547e-05,1
0.03125,931,0.00758065889,0.00691347662,9.83276477e-05,1
0.03125,932,0.00758963404,0.00692183524,9.84675062e-05,1
0.03125,933,0.00759861385,0.00693019992,9.86075684e-05,1
0.03125,934,0.00760759134,0.00693856087,9.87475651e-05,1
0.03125,935,0.00761657115,0.00694692414,9.88877218e-05,1
0.03125,936,0.00762555189,0.00695528975,9.90279223e-05,1
0.03125,937,0.00763453823,0.00696365954,9.916821e-05,1
0.03125,938,0.0076435213,0.00697202887,9.93085923e-05,1
0.03125,939,0.00765251229,0.00698040426,9.94490838e-05,1
0.03125,940,0.00766150234,0.00698877871,9.95896189e-05,1
0.03125,941,0.00767049566,0.00699715689,9.97302632e-05,1
0.03125,942,0.00767949317,0.00700553926,9.98709802e-05,1
0.03125,943,0.00768848648,0.0070139179,0.000100011755,1
0.03125,944,0.00769748585,0.00702230353,0.000100152647,1
0.03125,945,0.00770648895,0.00703069242,0.000100293677,1
0.03125,946,0.00771548972,0.00703907898,0.0001004347,1
0.03125,947,0.00772449374,0.0070474688,0.00010057578,1
0.03125,948,0.00773349544,0.00705585722,0.000100717014,1
0.03125,949,0.00774250645,0.00706425495,0.000100858299,1
0.03125,950,0.00775151653,0.0070726499,0.000100999707,1
0.03125,951,0.00776052475,0.00708104484,0.00010114118,1
0.03125,952,0.00776954461,0.00708945189,0.000101282785,1
0.03125,953,0.00777855888,0.00709785195,0.000101424361,1
0.03125,954,0.00778758014,0.00710626086,0.000101566067,1
0.03125,955,0.0077965958,0.00711466372,0.000101707861,1
0.03125,956,0.00780561985,0.00712307356,0.000101849713,1
0.03125,957,0.00781464297,0.00713148527,0.000101991725,1
0.03125,958,0.00782367028,0.0071399007,0.000102133767,1
0.03125,959,0.00783270039,0.00714831799,0.000102275881,1
0.03125,960,0.00784172677,0.00715673156,0.000102418082,1
0.03125,961,0.00785075594,0.00716514932,0.000102560371,1
0.03125,962,0.00785978977,0.00717357127,0.000102702747,1
0.03125,963,0.00786882825,0.00718199788,0.000102845224,1
0.03125,964,0.00787786581,0.00719042355,0.000102987768,1
0.03125,965,0.00788690429,0.00719885156,0.000103130355,1
0.03125,966,0.00789594278,0.00720727816,0.000103273094,1
0.03125,967,0.00790499244,0.00721571501,0.000103415907,1
0.03125,968,0.00791403372,0.00722414535,0.000103558756,1
0.03125,969,0.00792308338,0.00723258546,0.000103701721,1
0.03125,970,0.00793213304,0.0072410237,0.000103844817,1
0.03125,971,0.00794118457,0.00724946428,0.000103987943,1
0.03125,972,0.00795023609,0.00725790486,0.000104131192,1
0.03125,973,0.00795929227,0.00726635102,0.000104274455,1
0.03125,974,0.00796835218,0.00727480184,0.000104417893,1
0.03125,975,0.00797740929,0.00728324801,0.000104561281,1
0.03125,976,0.00798646826,0.0072916951,0.000104704872,1
0.03125,977,0.00799553469,0.00730015337,0.000104848536,1
0.03125,978,0.00800460391,0.00730861165,0.000104992236,1
0.03125,979,0.00801366754,0.00731706619,0.000105135987,1
0.03125,980,0.0080227349,0.00732552353,0.000105279891,1
0.03125,981,0.00803180784,0.00733398832,0.000105423867,1
0.03125,982,0.00804088544,0.00734245451,0.000105567931,1
0.03125,983,0.00804995932,0.0073509207,0.000105712112,1
0.03125,984,0.00805903319,0.00735938642,0.000105856292,1
0.03125,985,0.00806811359,0.0073678582,0.000106000582,1
0.03125,986,0.00807719305,0.00737632904,0.000106145009,1
0.03125,987,0.00808627531,0.00738480408,0.000106289444,1
0.03125,988,0.00809536595,0.00739328424,0.000106434047,1
0.03125,989,0.00810445286,0.00740176253,0.000106578664,1
0.03125,990,0.00811353605,0.00741023989,0.000106723375,1
0.03125,991,0.00812263321,0.0074187289,0.000106868269,1
0.03125,992,0.00813172385,0.00742721045,0.00010701314,1
0.03125,993,0.00814081542,0.00743569527,0.000107158055,1
0.03125,994,0.00814991444,0.00744418707,0.00010730316,1
0.03125,995,0.00815901626,0.00745268073,0.000107448337,1
0.03125,996,0.00816811528,0.00746117206,0.000107593572,1
0.03125,997,0.00817721989,0.00746967038,0.000107738837,1
0.03125,998,0.00818632543,0.0074781687,0.000107884232,1
0.03125,999,0.0081954319,0.00748666888,0.000108029788,1
0.03125,1000,0.0082045421,0.00749517279,0.000108175365,1
0.03125,1001,0.00821365416,0.00750367856,0.000108321066,1
0.03125,1002,0.00822276436,0.00751217967,0.000108466782,1
0.03125,1003,0.00823187828,0.00752068823,0.000108612549,1
0.03125,1004,0.00824099313,0.00752919866,0.000108758519,1
0.03125,1005,0.00825011171,0.00753771001,0.000108904474,1
0.03125,1006,0.00825923495,0.00754622696,0.000109050634,1
0.03125,1007,0.00826835446,0.00755474111,0.00010919675,1
0.03125,1008,0.00827748142,0.00756326364,0.000109342967,1
0.03125,1009,0.00828660838,0.00757178478,0.00010948936,1
0.03125,1010,0.00829573534,0.00758030685,0.000109635723,1
0.03125,1011,0.00830486417,0.00758883124,0.000109782231,1
0.03125,1012,0.00831400137,0.00759736262,0.000109928907,1
0.03125,1013,0.00832313392,0.00760589121,0.000110075533,1
0.03125,1014,0.00833227206,0.00761442352,0.000110222289,1
0.03125,1015,0.00834141206,0.00762296002,0.000110369198,1
0.03125,1016,0.00835055299,0.00763149746,0.00011051615,1
0.03125,1017,0.00835969672,0.00764003629,0.00011066311,1
0.03125,1018,0.00836884137,0.00764857652,0.000110810244,1
0.03125,1019,0.00837799069,0.00765712233,0.000110957415,1
0.03125,1020,0.00838713255,0.00766566163,0.000111104666,1
0.03125,1021,0.00839628279,0.00767420605,0.000111252019,1
0.03125,1022,0.0084054349,0.00768275559,0.00011139948,1
0.03125,1023,0.0084145898,0.00769130699,0.000111546979,1
0.015625,0,4.44822945e-05,0,0,1
0.015625,1,5.17412591e-05,6.54039832e-06,7.66257386e-08,1
0.015625,2,5.90020136e-05,1.30826029e-05,1.53309031e-07,1
0.015625,3,6.62644597e-05,1.96266174e-05,2.30049636e-07,1
0.015625,4,7.35286885e-05,2.61724344e-05,3.06847198e-07,1
0.015625,5,8.07945617e-05,3.27200833e-05,3.83702798e-07,1
0.015625,6,8.80621519e-05,3.92694928e-05,4.60615581e-07,1
0.015625,7,9.53315466e-05,4.58207978e-05,5.37586061e-07,1
0.015625,8,0.000102602615,5.23738599e-05,6.14613896e-07,1
0.015625,9,0.000109875495,5.89287374e-05,6.9169937e-07,1
0.015625,10,0.000117150041,6.54854375e-05,7.6884254e-07,1
0.015625,11,0.000124426268,7.20439202e-05,8.46042212e-07,1
0.015625,12,0.000131704292,7.86042219e-05,9.23301229e-07,1
0.015625,13,0.000138984047,8.51664445e-05,1.00061754e-06,1
0.015625,14,0.000146265447,9.17302823e-05,1.07798962e-06,1
0.015625,15,0.000153548608,9.82960628e-05,1.1554215e-06,1
0.015625,16,0.000160833297,0.000104863444,1.23326163e-06,1
0.015625,17,0.000168119877,0.000111432797,1.31082913e-06,1
0.015625,18,0.000175408306,0.000118004034,1.38845655e-06,1
0.015625,19,0.000182698379,0.000124577011,1.46614013e-06,1
0.015625,20,0.00018999014,0.000131151784,1.54388215e-06,1
0.015625,21,0.000197283734,0.000137728435,1.62168089e-06,1
0.015625,22,0.000204579017,0.000144306861,1.69953898e-06,1
0.015625,23,0.000211875915,0.000150887077,1.77745358e-06,1
0.015625,24,0.000219174573,0.000157469112,1.85542683e-06,1
0.015625,25,0.000226475182,0.000164053112,1.93345795e-06,1
0.015625,26,0.000233777318,0.00017063877,2.01154808e-06,1
0.015625,27,0.000241081216,0.000177226277,2.08969459e-06,1
0.015625,28,0.000248386903,0.000183815675,2.16789886e-06,1
0.015625,29,0.000255694322,0.000190406863,2.24616088e-06,1
0.015625,30,0.000263003545,0.000196999841,2.32448338e-06,1
0.015625,31,0.000270314427,0.00020359474,2.40286113e-06,1
0.015625,32,0.000277626619,0.000210191021,2.481298e-06,1
0.015625,33,0.000284940994,0.0002167895,2.55979353e-06,1
0.015625,34,0.000292257231,0.000223390016,2.63834932e-06,1
0.015625,35,0.000299575215,0.000229992045,2.7169599e-06,1
0.015625,36,0.000306894653,0.000236595981,2.79562687e-06,1
0.015625,37,0.000314215547,0.000243201444,2.87435591e-06,1
0.015625,38,0.00032153877,0.000249809091,2.95314385e-06,1
0.015625,39,0.000328863505,0.000256418512,3.03198703e-06,1
0.015625,40,0.000336189754,0.00026302968,3.11088729e-06,1
0.015625,41,0.000343517808,0.000269642362,3.18984803e-06,1
0.015625,42,0.000350848102,0.000276257575,3.2688672e-06,1
0.015625,43,0.000358179619,0.000282874011,3.34794709e-06,1
0.015625,44,0.00036551294,0.000289492455,3.42708108e-06,1
0.015625,45,0.000372847629,0.000296112412,3.50627511e-06,1
0.015625,46,0.000380184734,0.000302734727,3.58552757e-06,1
0.015625,47,0.000387523294,0.000309358613,3.66483869e-06,1
0.015625,48,0.000394863629,0.000315984304,3.7442087e-06,1
0.015625,49,0.000402205857,0.000322612119,3.82363896e-06,1
0.015625,50,0.000409549917,0.00032924171,3.90312243e-06,1
0.015625,51,0.000416895025,0.000335872464,3.98266548e-06,1
0.015625,52,0.000424242171,0.000342505373,4.06226582e-06,1
0.015625,53,0.000431591237,0.000349140406,4.14193119e-06,1
0.015625,54,0.000438942021,0.000355777098,4.2216534e-06,1
0.015625,55,0.000446295162,0.000362416205,4.30022419e-06,1
0.015625,56,0.000453649234,0.000369056244,4.38004281e-06,1
0.015625,57,0.000461005489,0.000375698728,4.45991509e-06,1
0.015625,58,0.000468362938,0.00038234258,4.53984694e-06,1
0.015625,59,0.000475722481,0.000388988439,4.61983791e-06,1
0.015625,60,0.00048308383,0.000395636249,4.69989209e-06,1
0.015625,61,0.000490446459,0.000402285543,4.78000129e-06,1
0.015625,62,0.000497811125,0.000408936787,4.86016961e-06,1
0.015625,63,0.000505177712,0.000415590039,4.94039568e-06,1
0.015625,64,0.000512545579,0.000422244746,5.02068042e-06,1
0.015625,65,0.0005199156,0.000428901636,5.10102745e-06,1
0.015625,66,0.000527287251,0.000435560418,5.18142815e-06,1
0.015625,67,0.000534660532,0.000442220742,5.26189524e-06,1
0.015625,68,0.000542035501,0.000448882958,5.34241371e-06,1
0.015625,69,0.000549412449,0.000455547153,5.42299722e-06,1
0.015625,70,0.000556790794,0.000462212716,5.50363438e-06,1
0.015625,71,0.000564171292,0.000468880724,5.58433067e-06,1
0.015625,72,0.000571553363,0.000475550361,5.66508743e-06,1
0.015625,73,0.000578937179,0.000482221658,5.7459074e-06,1
0.015625,74,0.000586322567,0.000488894701,5.82678285e-06,1
0.015625,75,0.000593710167,0.000495570013,5.90771788e-06,1
0.015625,76,0.000601098756,0.000502246607,5.98870838e-06,1
0.015625,77,0.000608489616,0.000508925586,6.06976982e-06,1
0.015625,78,0.000615882163,0.00051560608,6.15087492e-06,1
0.015625,79,0.00062327733,0.000522289367,6.23080314e-06,1
0.015625,80,0.000630672963,0.000528973178,6.31202056e-06,1
0.015625,81,0.000638070691,0.000535659376,6.39329028e-06,1
0.015625,82,0.000645470223,0.000542347319,6.47462412e-06,1
0.015625,83,0.000652871677,0.000549037242,6.55601525e-06,1
0.015625,84,0.000660274178,0.000555728271,6.63746732e-06,1
0.015625,85,0.000667679473,0.000562422269,6.71897715e-06,1
0.015625,86,0.000675085117,0.000569116615,6.80054654e-06,1
0.015625,87,0.000682494079,0.000575814454,6.88217597e-06,1
0.015625,88,0.000689903856,0.000582513283,6.96386905e-06,1
0.015625,89,0.000697316253,0.000589214615,7.04561353e-06,1
0.015625,90,0.000704728649,0.000595916121,7.12742349e-06,1
0.015625,91,0.000712143898,0.000602620712,7.20928892e-06,1
0.015625,92,0.000719561474,0.000609327399,7.29121939e-06,1
0.015625,93,0.00072697975,0.000616035191,7.37320852e-06,1
0.015625,94,0.000734400761,0.000622745487,7.45525085e-06,1
0.015625,95,0.000741822878,0.000629457238,7.53736276e-06,1
0.015625,96,0.000749246683,0.000636170676,7.61951969e-06,1
0.015625,97,0.000756672409,0.000642886327,7.70175029e-06,1
0.015625,98,0.000764099183,0.000649602909,7.7840341e-06,1
0.015625,99,0.000771528983,0.000656322343,7.86638066e-06,1
0.015625,100,0.00077896018,0.00066304364,7.9487836e-06,1
0.015625,101,0.000786391436,0.000669765112,8.03124112e-06,1
0.015625,102,0.00079382665,0.000676490716,8.11377231e-06,1
0.015625,103,0.000801263086,0.000683217193,8.19635261e-06,1
0.015625,104,0.000808700977,0.000689945649,8.27899839e-06,1
0.015625,105,0.000816141081,0.000696676085,8.3617042e-06,1
0.015625,106,0.00082358194,0.00070340751,8.44445458e-06,1
0.015625,107,0.000831024896,0.000710141088,8.5272859e-06,1
0.015625,108,0.000838469889,0.000716877112,8.6101636e-06,1
0.015625,109,0.000845916977,0.000723614881,8.69311316e-06,1
0.015625,110,0.000853365404,0.000730354339,8.77611274e-06,1
0.015625,111,0.00086081581,0.000737095426,8.85917143e-06,1
0.015625,112,0.000868267962,0.000743838784,8.94229379e-06,1
0.015625,113,0.000875721045,0.000750583189,9.02547526e-06,1
0.015625,114,0.000883177156,0.000757330447,9.10872131e-06,1
0.015625,115,0.000890633964,0.000764078635,9.19202012e-06,1
0.015625,116,0.000898092811,0.000770828978,9.27537712e-06,1
0.015625,117,0.000905553403,0.000777581357,9.35750268e-06,1
0.015625,118,0.00091301644,0.000784335716,9.44097428e-06,1
0.015625,119,0.00092048035,0.00079109153,9.52451046e-06,1
0.015625,120,0.000927946239,0.000797849323,9.60810576e-06,1
0.015625,121,0.000935414573,0.00080460927,9.69175289e-06,1
0.015625,122,0.000942883897,0.00081137073,9.77546733e-06,1
0.015625,123,0.000950355083,0.000818134169,9.8592327e-06,1
0.015625,124,0.000957828015,0.000824898947,9.9430672e-06,1
0.015625,125,0.000965302461,0.000831665762,1.00269681e-05,1
0.015625,126,0.000972778886,0.000838434731,1.01109135e-05,1
0.015625,127,0.000980257872,0.000845206028,1.0194929e-05,1
0.015625,128,0.000987737672,0.000851978373,1.02790082e-05,1
0.015625,129,0.000995219219,0.000858752639,1.03631364e-05,1
0.015625,130,0.00100270205,0.000865528185,1.04473274e-05,1
0.015625,131,0.0010101879,0.000872306759,1.05315885e-05,1
0.015625,132,0.00101767539,0.000879087253,1.0615905e-05,1
0.015625,133,0.00102516415,0.000885868969,1.07002761e-05,1
0.015625,134,0.00103265396,0.00089265214,1.07847191e-05,1
0.015625,135,0.00104014704,0.000899437931,1.0869222e-05,1
0.015625,136,0.00104764116,0.000906225585,1.09537796e-05,1
0.015625,137,0.00105513621,0.000913013879,1.10383962e-05,1
0.015625,138,0.00106263417,0.000919805374,1.11230656e-05,1
0.015625,139,0.00107013341,0.000926598324,1.12078078e-05,1
0.015625,140,0.00107763417,0.000933392497,1.129261e-05,1
0.015625,141,0.00108513818,0.000940190337,1.13774659e-05,1
0.015625,142,0.00109264173,0.000946987711,1.14623854e-05,1
0.015625,143,0.00110014819,0.000953788462,1.15473849e-05,1
0.015625,144,0.0011076557,0.00096058991,1.16324218e-05,1
0.015625,145,0.00111516728,0.000967395201,1.17175241e-05,1
0.015625,146,0.00112267747,0.000974199967,1.18026855e-05,1
0.015625,147,0.00113019068,0.000981007586,1.1887917e-05,1
0.015625,148,0.00113770622,0.000987817417,1.19732022e-05,1
0.015625,149,0.00114522374,0.000994629343,1.20585482e-05,1
0.015625,150,0.00115274196,0.0010014422,1.21439589e-05,1
0.015625,151,0.00116026227,0.00100825704,1.22294286e-05,1
0.015625,152,0.00116778444,0.00101507409,1.23149575e-05,1
0.015625,153,0.0011753086,0.001021893,1.24005483e-05,1
0.015625,154,0.00118283473,0.00102871412,1.24862036e-05,1
0.015625,155,0.00119036192,0.00103553641,1.25719107e-05,1
0.015625,156,0.00119789084,0.00104236021,1.26576851e-05,1
0.015625,157,0.00120542163,0.00104918634,1.2743526e-05,1
0.015625,158,0.00121295475,0.00105601468,1.28294259e-05,1
0.015625,159,0.00122048939,0.00106284453,1.29153714e-05,1
0.015625,160,0.00122802646,0.0010696773,1.30014041e-05,1
0.015625,161,0.00123556354,0.00107650994,1.30874732e-05,1
0.015625,162,0.00124310388,0.0010833462,1.31736006e-05,1
0.015625,163,0.00125064515,0.00109018316,1.32598207e-05,1
0.015625,164,0.00125818804,0.00109702186,1.33460862e-05,1
0.015625,165,0.00126573408,0.00110386382,1.34324164e-05,1
0.015625,166,0.00127328117,0.00111070694,1.35187993e-05,1
0.015625,167,0.00128082861,0.00111755077,1.36052367e-05,1
0.015625,168,0.00128837954,0.00112439785,1.36917406e-05,1
0.015625,169,0.00129593292,0.00113124738,1.37783245e-05,1
0.015625,170,0.00130348606,0.00113809702,1.38649566e-05,1
0.015625,171,0.00131104118,0.00114494911,1.39516442e-05,1
0.015625,172,0.00131859945,0.00115180342,1.40384009e-05,1
0.015625,173,0.00132615841,0.00115865935,1.41252176e-05,1
0.015625,174,0.00133371865,0.00116551656,1.42120916e-05,1
0.015625,175,0.00134128204,0.00117237691,1.42990439e-05,1
0.015625,176,0.00134884659,0.00117923808,1.43860361e-05,1
0.015625,177,0.00135641394,0.00118610286,1.44717305e-05,1
0.015625,178,0.0013639807,0.00119296659,1.45588401e-05,1
0.015625,179,0.00137155165,0.00119983486,1.46460279e-05,1
0.015625,180,0.00137912377,0.00120670418,1.47332657e-05,1
0.015625,181,0.00138669671,0.00121357455,1.48205672e-05,1
0.015625,182,0.00139427173,0.00122044713,1.4907916e-05,1
0.015625,183,0.00140184816,0.00122732169,1.49953394e-05,1
0.015625,184,0.00140942738,0.00123419845,1.50828382e-05,1
0.015625,185,0.00141700741,0.00124107616,1.51703834e-05,1
0.015625,186,0.00142459013,0.001247957,1.52579887e-05,1
0.015625,187,0.00143217482,0.00125483959,1.53456531e-05,1
0.015625,188,0.00143975951,0.00126172276,1.54333829e-05,1
0.015625,189,0.00144734723,0.00126860826,1.55211801e-05,1
0.015625,190,0.00145493681,0.00127549609,1.56090464e-05,1
0.015625,191,0.00146252743,0.00128238543,1.56969654e-05,1
0.015625,192,0.00147012027,0.00128927652,1.57849499e-05,1
0.015625,193,0.00147771474,0.00129617006,1.58729799e-05,1
0.015625,194,0.00148531131,0.00130306522,1.59610881e-05,1
0.015625,195,0.00149291032,0.00130996271,1.60492618e-05,1
0.015625,196,0.00150050945,0.00131686078,1.6137481e-05,1
0.015625,197,0.0015081116,0.00132376188,1.62257784e-05,1
0.015625,198,0.0015157155,0.00133066485,1.63141212e-05,1
0.015625,199,0.00152331975,0.00133756874,1.64025423e-05,1
0.015625,200,0.00153092807,0.00134447578,1.64910271e-05,1
0.015625,201,0.0015385357,0.00135138282,1.65795591e-05,1
0.015625,202,0.0015461467,0.00135829335,1.66681639e-05,1
0.015625,203,0.00155375968,0.00136520562,1.67568232e-05,1
0.015625,204,0.00156137336,0.00137211941,1.68455499e-05,1
0.015625,205,0.00156898936,0.00137903483,1.69343493e-05,1
0.015625,206,0.00157660712,0.00138595258,1.70231961e-05,1
0.015625,207,0.00158422615,0.00139287161,1.71121083e-05,1
0.015625,208,0.00159184774,0.00139979331,1.72010859e-05,1
0.015625,209,0.0015994712,0.00140671665,1.72901255e-05,1
0.015625,210,0.00160709582,0.0014136415,1.73792196e-05,1
0.015625,211,0.00161472266,0.00142056867,1.74683883e-05,1
0.015625,212,0.00162235124,0.00142749771,1.75576079e-05,1
0.015625,213,0.00162998005,0.00143442699,1.76468984e-05,1
0.015625,214,0.00163761294,0.00144136022,1.77362399e-05,1
0.015625,215,0.00164524664,0.00144829508,1.78256578e-05,1
0.015625,216,0.00165288092,0.00145522994,1.79151357e-05,1
0.015625,217,0.0016605187,0.00146216841,1.80046609e-05,1
0.015625,218,0.00166815915,0.00146911002,1.80942825e-05,1
0.015625,219,0.00167579949,0.0014760514,1.8183935e-05,1
0.015625,220,0.00168344064,0.00148299371,1.82736567e-05,1
0.015625,221,0.00169108564,0.00148994033,1.83634493e-05,1
0.015625,222,0.00169873319,0.00149688881,1.84532946e-05,1
0.015625,223,0.00170638121,0.00150383846,1.85432109e-05,1
0.015625,224,0.00171402993,0.00151078845,1.86331872e-05,1
0.015625,225,0.00172168086,0.00151774136,1.8723229e-05,1
0.015625,226,0.00172933389,0.00152469601,1.88133145e-05,1
0.015625,227,0.00173698948,0.00153165311,1.89034945e-05,1
0.015625,228,0.00174464693,0.00153861311,1.899372e-05,1
0.015625,229,0.00175230531,0.00154557289,1.90840001e-05,1
0.015625,230,0.00175996474,0.0015525351,1.91743457e-05,1
0.015625,231,0.00176762743,0.0015595,1.92647785e-05,1
0.015625,232,0.00177529233,0.00156646699,1.93552623e-05,1
0.015625,233,0.00178295688,0.00157343422,1.9445788e-05,1
0.015625,234,0.00179062458,0.00158040435,1.95363973e-05,1
0.015625,235,0.00179829297,0.00158737577,1.96270685e-05,1
0.015625,236,0.00180596497,0.00159435009,1.9717796e-05,1
0.015625,237,0.00181363837,0.00160132651,1.98085982e-05,1
0.015625,238,0.00182131247,0.00160830352,1.98994458e-05,1
0.015625,239,0.00182898866,0.00161528261,1.99903734e-05,1
0.015625,240,0.0018366666,0.00162226416,2.00813611e-05,1
0.015625,241,0.00184434594,0.0016292464,2.01724051e-05,1
0.015625,242,0.00185202889,0.00163623272,2.02635019e-05,1
0.015625,243,0.001859713,0.00164322008,2.03546915e-05,1
0.015625,244,0.00186739815,0.00165020872,2.04459229e-05,1
0.015625,245,0.00187508448,0.00165719865,2.05372144e-05,1
0.015625,246,0.00188277464,0.00166419242,2.0628584e-05,1
0.015625,247,0.0018904641,0.00167118548,2.07200101e-05,1
0.015625,248,0.00189815636,0.00167818181,2.08115034e-05,1
0.015625,249,0.0019058513,0.0016851807,2.09030441e-05,1
0.015625,250,0.00191354763,0.0016921811,2.09946829e-05,1
0.015625,251,0.00192124443,0.00169918232,2.10863273e-05,1
0.015625,252,0.00192894391,0.00170618645,2.11780898e-05,1
0.015625,253,0.00193664688,0.00171319291,2.12698942e-05,1
0.015625,254,0.00194434798,0.00172019913,2.13617659e-05,1
0.015625,255,0.00195205596,0.00172721117,2.14537013e-05,1
0.015625,256,0.00195976114,0.00173422159,2.15456894e-05,1
0.015625,257,0.0019674697,0.0017412348,2.16377484e-05,1
0.015625,258,0.00197517988,0.00174824975,2.17298693e-05,1
0.015625,259,0.00198289077,0.00175526575,2.18220703e-05,1
0.015625,260,0.00199060468,0.00176228478,2.19143167e-05,1
0.015625,261,0.00199832185,0.00176930672,2.20066358e-05,1
0.015625,262,0.00200603926,0.00177632924,2.20990005e-05,1
0.015625,263,0.00201375922,0.00178335467,2.2191447e-05,1
0.015625,264,0.00202147895,0.00179038022,2.22839863e-05,1
0.015625,265,0.00202920241,0.00179740926,2.23765364e-05,1
0.015625,266,0.00203692704,0.00180443958,2.2469163e-05,1
0.015625,267,0.00204465492,0.00181147351,2.25618533e-05,1
0.015625,268,0.00205238163,0.00181850605,2.26546072e-05,1
0.015625,269,0.00206011184,0.00182554196,2.27474302e-05,1
0.015625,270,0.00206784322,0.00183257903,2.28403369e-05,1
0.015625,271,0.00207557599,0.0018396182,2.29332818e-05,1
0.015625,272,0.00208331319,0.00184666202,2.30263158e-05,1
0.015625,273,0.00209105038,0.00185370515,2.31193917e-05,1
0.015625,274,0.00209878921,0.00186075014,2.32125312e-05,1
0.015625,275,0.0021065285,0.00186779629,2.33057272e-05,1
0.015625,276,0.00211427244,0.00187484687,2.33975625e-05,1
0.015625,277,0.00212201662,0.00188189815,2.34908912e-05,1
0.015625,278,0.00212976336,0.00188895152,2.35842981e-05,1
0.015625,279,0.00213751057,0.00189600547,2.36777487e-05,1
0.015625,280,0.0021452622,0.0019030642,2.37712811e-05,1
0.015625,281,0.00215301267,0.00191012165,2.3864879e-05,1
0.015625,282,0.00216076663,0.00191718293,2.3958517e-05,1
0.015625,283,0.00216852082,0.0019242448,2.40522331e-05,1
0.015625,284,0.00217627734,0.00193130877,2.41460057e-05,1
0.015625,285,0.00218403758,0.00193837611,2.42398564e-05,1
0.015625,286,0.00219179713,0.00194544368,2.43337745e-05,1
0.015625,287,0.00219955924,0.0019525137,2.44277599e-05,1
0.015625,288,0.00220732437,0.00195958628,2.45217925e-05,1
0.015625,289,0.00221508928,0.00196665921,2.46158816e-05,1
0.015625,290,0.00222285581,0.00197373377,2.47100506e-05,1
0.015625,291,0.00223062746,0.00198081392,2.48042816e-05,1
0.015625,292,0.00223839772,0.0019878915,2.48985798e-05,1
0.015625,293,0.00224617124,0.00199497445,2.49929544e-05,1
0.015625,294,0.00225394592,0.00200205739,2.50873636e-05,1
0.015625,295,0.00226172409,0.00200914405,2.51818583e-05,1
0.015625,296,0.00226949994,0.00201622839,2.52764185e-05,1
0.015625,297,0.00227728067,0.00202331808,2.53710059e-05,1
0.015625,298,0.00228506257,0.00203040917,2.54657134e-05,1
0.015625,299,0.00229284749,0.00203750259,2.556045e-05,1
0.015625,300,0.00230063358,0.00204459694,2.56552867e-05,1
0.015625,301,0.00230841944,0.00205169246,2.57501251e-05,1
0.015625,302,0.00231621019,0.00205879286,2.58450909e-05,1
0.015625,303,0.002324,0.0020658921,2.59401022e-05,1
0.015625,304,0.00233179401,0.00207299576,2.60351753e-05,1
0.015625,305,0.00233958801,0.00208009896,2.6130283e-05,1
0.015625,306,0.00234738458,0.00208720518,2.6225518e-05,1
0.015625,307,0.00235518324,0.00209431304,2.63207585e-05,1
0.015625,308,0.00236298214,0.00210142205,2.64160808e-05,1
0.015625,309,0.00237078569,0.00210853573,2.65114832e-05,1
0.015625,310,0.00237858761,0.00211564801,2.66069583e-05,1
0.015625,311,0.00238639326,0.00212276401,2.6702477e-05,1
0.015625,312,0.00239420193,0.00212988281,2.67981013e-05,1
0.015625,313,0.00240201014,0.0021370016,2.68937238e-05,1
0.015625,314,0.00240982161,0.00214412366,2.69894499e-05,1
0.015625,315,0.00241763401,0.00215124548,2.7085267e-05,1
0.015625,316,0.00242544804,0.00215837057,2.71810932e-05,1
0.015625,317,0.00243326463,0.00216549844,2.72769958e-05,1
0.015625,318,0.00244108285,0.00217262772,2.73729838e-05,1
0.015625,319,0.0024489034,0.00217975909,2.74690301e-05,1
0.015625,320,0.00245672464,0.00218689162,2.75651419e-05,1
0.015625,321,0.00246454822,0.00219402625,2.76613191e-05,1
0.015625,322,0.00247237342,0.00220116251,2.77575637e-05,1
0.015625,323,0.00248019886,0.0022082997,2.78538737e-05,1
0.015625,324,0.00248802942,0.00221544085,2.79502456e-05,1
0.015625,325,0.00249586091,0.00222258456,2.80466938e-05,1
0.015625,326,0.00250369078,0.00222972617,2.81431639e-05,1
0.015625,327,0.00251152716,0.00223687384,2.82397505e-05,1
0.015625,328,0.002519364,0.00224402244,2.83363825e-05,1
0.015625,329,0.00252720062,0.00225117127,2.84330781e-05,1
0.015625,330,0.00253504142,0.00225832476,2.85298593e-05,1
0.015625,331,0.00254288246,0.00226547755,2.86266823e-05,1
0.015625,332,0.0025507242,0.00227263174,2.87235525e-05,1
0.015625,333,0.00255857059,0.00227979082,2.8820521e-05,1
0.015625,334,0.00256641768,0.00228695013,2.89175514e-05,1
0.015625,335,0.00257426663,0.00229411153,2.90146454e-05,1
0.015625,336,0.00258211792,0.00230127526,2.91118067e-05,1
0.015625,337,0.00258996873,0.00230843876,2.92090099e-05,1
0.015625,338,0.00259782351,0.00231560669,2.93063204e-05,1
0.015625,339,0.00260568061,0.00232277764,2.9403669e-05,1
0.015625,340,0.00261353771,0.00232994789,2.9501105e-05,1
0.015625,341,0.00262139784,0.00233712024,2.95985792e-05,1
0.015625,342,0.00262925774,0.00234429375,2.96960879e-05,1
0.015625,343,0.00263712252,0.00235147239,2.97937568e-05,1
0.015625,344,0.00264498661,0.00235864939,2.9891411e-05,1
0.015625,345,0.00265285349,0.00236582989,2.9989169e-05,1
0.015625,346,0.00266072201,0.00237301295,3.00869669e-05,1
0.015625,347,0.00266859401,0.0023801988,3.0184854e-05,1
0.015625,348,0.00267646462,0.00238738279,3.02827957e-05,1
0.015625,349,0.00268433779,0.00239457027,3.03808192e-05,1
0.015625,350,0.00269221514,0.00240176148,3.047891e-05,1
0.015625,351,0.00270009437,0.00240895525,3.05770591e-05,1
0.015625,352,0.00270797242,0.00241614762,3.06752445e-05,1
0.015625,353,0.00271585397,0.00242334418,3.07735099e-05,1
0.015625,354,0.00272373739,0.00243054144,3.08718663e-05,1
0.015625,355,0.00273162359,0.00243774173,3.09702737e-05,1
0.015625,356,0.00273950957,0.00244494318,3.10687574e-05,1
0.015625,357,0.00274739717,0.00245214603,3.11672957e-05,1
0.015625,358,0.00275528966,0.00245935353,3.12659067e-05,1
0.015625,359,0.00276318076,0.00246655918,3.13645796e-05,1
0.015625,360,0.00277107488,0.00247376971,3.14633253e-05,1
0.015625,361,0.00277896971,0.00248097908,3.15621255e-05,1
0.015625,362,0.00278686755,0.0024881924,3.16609985e-05,1
0.015625,363,0.0027947661,0.00249540596,3.1759937e-05,1
0.015625,364,0.00280266954,0.00250262534,3.18589337e-05,1
0.015625,365,0.00281056855,0.00250984007,3.19579849e-05,1
0.015625,366,0.00281847827,0.0025170655,3.20571489e-05,1
0.015625,367,0.00282638054,0.00252428441,3.21563239e-05,1
0.015625,368,0.00283429213,0.00253151124,3.2255597e-05,1
0.015625,369,0.00284220185,0.00253873691,3.23549502e-05,1
0.015625,370,0.00285011507,0.00254596677,3.24543507e-05,1
0.015625,371,0.00285802945,0.00255319756,3.25538131e-05,1
0.015625,372,0.00286594243,0.00256042695,3.26533627e-05,1
0.015625,373,0.0028738603,0.00256766099,3.27529415e-05,1
0.015625,374,0.00288178027,0.00257489784,3.28526294e-05,1
0.015625,375,0.0028897028,0.00258213724,3.29523864e-05,1
0.015625,376,0.00289762393,0.00258937525,3.30521543e-05,1
0.015625,377,0.00290555111,0.00259661931,3.31520241e-05,1
0.015625,378,0.0029134776,0.00260386267,3.32519558e-05,1
0.015625,379,0.00292140362,0.00261110719,3.33519747e-05,1
0.015625,380,0.00292933523,0.00261835568,3.34520191e-05,1
0.015625,381,0.00293726847,0.00262560579,3.3552169e-05,1
0.015625,382,0.00294520357,0.00263285823,3.36523881e-05,1
0.015625,383,0.00295313937,0.00264011137,3.37526581e-05,1
0.015625,384,0.00296107447,0.00264736521,3.38529608e-05,1
0.015625,385,0.00296901679,0.00265462371,3.39534017e-05,1
0.015625,386,0.00297695841,0.00266188406,3.40538718e-05,1
0.015625,387,0.00298490096,0.00266914535,3.4154411e-05,1
0.015625,388,0.00299284584,0.00267640827,3.42549974e-05,1
0.015625,389,0.00300079258,0.00268367236,3.43556749e-05,1
0.015625,390,0.00300873956,0.00269093784,3.44564214e-05,1
0.015625,391,0.00301668909,0.00269820611,3.45572225e-05,1
0.015625,392,0.00302464329,0.00270547881,3.46580928e-05,1
0.015625,393,0.00303259701,0.00271275081,3.47590067e-05,1
0.015625,394,0.00304055307,0.00272002653,3.48600261e-05,1
0.015625,395,0.00304851099,0.00272730342,3.49611e-05,1
0.015625,396,0.0030564724,0.00273458287,3.50622722e-05,1
0.015625,397,0.00306443195,0.00274186162,3.51634335e-05,1
0.015625,398,0.00307239429,0.00274914363,3.52647148e-05,1
0.015625,399,0.00308035919,0.00275642774,3.53660726e-05,1
0.015625,400,0.00308832806,0.00276371557,3.54674994e-05,1
0.015625,401,0.00309629459,0.00277100177,3.55689626e-05,1
0.015625,402,0.00310426601,0.00277829403,3.56705241e-05,1
0.015625,403,0.00311223883,0.00278558536,3.57721037e-05,1
0.015625,404,0.00312021328,0.00279287947,3.58737962e-05,1
0.015625,405,0.00312818913,0.00280017615,3.59755395e-05,1
0.015625,406,0.00313616428,0.00280747097,3.60773593e-05,1
0.015625,407,0.00314414478,0.00281477114,3.61792045e-05,1
0.015625,408,0.00315212761,0.00282207434,3.62811479e-05,1
0.015625,409,0.00316011067,0.00282937777,3.63831678e-05,1
0.015625,410,0.00316809514,0.00283668283,3.64852785e-05,1
0.015625,411,0.00317608076,0.00284398883,3.65874366e-05,1
0.015625,412,0.00318407128,0.00285130041,3.66896456e-05,1
0.015625,413,0.00319206179,0.00285861176,3.67919129e-05,1
0.015625,414,0.00320005184,0.0028659224,3.6894271e-05,1
0.015625,415,0.00320804887,0.00287323981,3.69967311e-05,1
0.015625,416,0.00321604568,0.00288055814,3.70991984e-05,1
0.015625,417,0.00322404224,0.00288787647,3.72017676e-05,1
0.015625,418,0.0032320437,0.002895199,3.73043695e-05,1
0.015625,419,0.0032400426,0.00290251966,3.74070623e-05,1
0.015625,420,0.00324804755,0.00290984544,3.7509828e-05,1
0.015625,421,0.00325605134,0.00291717099,3.76126627e-05,1
0.015625,422,0.00326405885,0.00292450003,3.77155666e-05,1
0.015625,423,0.00327206799,0.0029318314,3.78185359e-05,1
0.015625,424,0.00328007783,0.00293916324,3.79215453e-05,1
0.015625,425,0.00328809069,0.00294649811,3.80246674e-05,1
0.015625,426,0.00329610775,0.00295383716,3.81278369e-05,1
0.015625,427,0.00330412434,0.00296117552,3.82310318e-05,1
0.015625,428,0.00331213884,0.00296851387,3.83343395e-05,1
0.015625,429,0.00332015683,0.00297585409,3.84377236e-05,1
0.015625,430,0.0033281811,0.00298320083,3.85411586e-05,1
0.015625,431,0.00333620724,0.00299054873,3.86446845e-05,1
0.015625,432,0.00334422966,0.00299789431,3.87482578e-05,1
0.015625,433,0.00335225579,0.00300524454,3.88519002e-05,1
0.015625,434,0.00336028612,0.00301259686,3.89555753e-05,1
0.015625,435,0.00336831715,0.00301995059,3.90593523e-05,1
0.015625,436,0.00337634888,0.00302730687,3.91632238e-05,1
0.015625,437,0.00338438363,0.00303466409,3.92671354e-05,1
0.015625,438,0.00339241908,0.00304202363,3.93710943e-05,1
0.015625,439,0.00340045942,0.0030493869,3.9475166e-05,1
0.015625,440,0.00340849743,0.003056749,3.95792922e-05,1
0.015625,441,0.0034165387,0.00306411437,3.96834803e-05,1
0.015625,442,0.003424583,0.00307148253,3.9787752e-05,1
0.015625,443,0.00343262753,0.00307885092,3.98920602e-05,1
0.015625,444,0.00344067696,0.00308622373,3.99964556e-05,1
0.015625,445,0.00344872335,0.00309359515,4.01009129e-05,1
0.015625,446,0.00345677673,0.00310097262,4.02054611e-05,1
0.015625,447,0.00346482848,0.00310834893,4.03100421e-05,1
0.015625,448,0.00347288256,0.00311572733,4.04147431e-05,1
0.015625,449,0.00348094106,0.00312311086,4.05194842e-05,1
0.015625,450,0.00348899933,0.00313049392,4.06242871e-05,1
0.015625,451,0.00349705969,0.00313787977,4.07291627e-05,1
0.015625,452,0.00350512355,0.00314526795,4.08325322e-05,1
0.015625,453,0.00351318298,0.00315265288,4.09375061e-05,1
0.015625,454,0.00352124963,0.00316004455,4.10425855e-05,1
0.015625,455,0.00352931465,0.00316743483,4.11477449e-05,1
0.015625,456,0.00353738805,0.00317483325,4.12530135e-05,1
0.015625,457,0.0035454575,0.00318222889,4.13582493e-05,1
0.015625,458,0.00355353323,0.00318963034,4.14636124e-05,1
0.015625,459,0.00356160663,0.00319702947,4.15690192e-05,1
0.015625,460,0.00356967933,0.00320442836,4.16744915e-05,1
0.015625,461,0.00357776205,0.00321183726,4.17800693e-05,1
0.015625,462,0.00358584337,0.003219245,4.18857417e-05,1
0.015625,463,0.00359392469,0.00322665158,4.19914104e-05,1
0.015625,464,0.0036020081,0.00323406141,4.20971373e-05,1
0.015625,465,0.00361009594,0.00324147521,4.22030098e-05,1
0.015625,466,0.00361818261,0.00324888807,4.23089041e-05,1
0.015625,467,0.00362627208,0.00325630442,4.24148893e-05,1
0.015625,468,0.00363436248,0.00326372241,4.25209182e-05,1
0.015625,469,0.00364245893,0.00327114481,4.2627049e-05,1
0.015625,470,0.00365055166,0.00327856443,4.27332307e-05,1
0.015625,471,0.00365864835,0.0032859887,4.28394669e-05,1
0.015625,472,0.00366674783,0.0032934153,4.29457905e-05,1
0.015625,473,0.00367484963,0.00330084446,4.30521686e-05,1
0.015625,474,0.00368295144,0.00330827339,4.31586377e-05,1
0.015625,475,0.00369105441,0.00331570418,4.32651686e-05,1
0.015625,476,0.00369916391,0.00332314079,4.33717578e-05,1
0.015625,477,0.0037072727,0.0033305781,4.34784342e-05,1
0.015625,478,0.003715378,0.00333801098,4.35851543e-05,1
0.015625,479,0.00372349168,0.00334545341,4.3691969e-05,1
0.015625,480,0.00373160513,0.00335289305,4.37988238e-05,1
0.015625,481,0.00373972044,0.00336033804,4.3905784e-05,1
0.015625,482,0.00374784018,0.00336778513,4.40127915e-05,1
0.015625,483,0.00375595596,0.00337523036,4.4119839e-05,1
0.015625,484,0.00376407709,0.00338268047,4.42269957e-05,1
0.015625,485,0.00377220125,0.00339013222,4.43342287e-05,1
0.015625,486,0.00378032331,0.00339758396,4.444152e-05,1
0.015625,487,0.00378845073,0.00340503943,4.45488804e-05,1
0.015625,488,0.00379657908,0.00341249723,4.46562954e-05,1
0.015625,489,0.00380471023,0.00341995736,4.47638085e-05,1
0.015625,490,0.00381284184,0.00342741865,4.48713872e-05,1
0.015625,491,0.00382097624,0.0034348811,4.49790277e-05,1
0.015625,492,0.00382911088,0.00344234542,4.50867228e-05,1
0.015625,493,0.00383725204,0.00344981649,4.51945125e-05,1
0.015625,494,0.00384538784,0.00345728244,4.53023422e-05,1
0.015625,495,0.00385353132,0.00346475444,4.54102628e-05,1
0.015625,496,0.00386167271,0.00347222667,4.55182453e-05,1
0.015625,497,0.00386982062,0.00347970496,4.56263188e-05,1
0.015625,498,0.0038779662,0.00348718022,4.57344322e-05,1
0.015625,499,0.00388611387,0.00349465734,4.58426075e-05,1
0.015625,500,0.0038942676,0.00350214168,4.59508956e-05,1
0.015625,501,0.00390241714,0.00350962114,4.60592273e-05,1
0.015625,502,0.0039105718,0.00351710781,4.61676354e-05,1
0.015625,503,0.00391872693,0.00352459308,4.62760836e-05,1
0.015625,504,0.00392688299,0.00353207975,4.63846227e-05,1
0.015625,505,0.00393504277,0.00353957037,4.64932782e-05,1
0.015625,506,0.00394320814,0.00354706682,4.66019665e-05,1
0.015625,507,0.00395136978,0.00355455908,4.67107238e-05,1
0.015625,508,0.00395953329,0.00356205483,4.68195176e-05,1
0.015625,509,0.00396770239,0.00356955477,4.69284532e-05,1
0.015625,510,0.00397587195,0.00357705518,4.70374143e-05,1
0.015625,511,0.00398404244,0.00358455814,4.71464373e-05,1
0.015625,512,0.00399221387,0.00359205995,4.72555294e-05,1
0.015625,513,0.00400038762,0.00359956548,4.73647087e-05,1
0.015625,514,0.0040085623,0.0036070731,4.74739609e-05,1
0.015625,515,0.00401674258,0.00361458585,4.75832858e-05,1
0.015625,516,0.00402492704,0.00362210162,4.76927125e-05,1
0.015625,517,0.00403310684,0.00362961297,4.78021575e-05,1
0.015625,518,0.00404128991,0.00363712874,4.79116716e-05,1
0.015625,519,0.0040494753,0.00364464684,4.80212402e-05,1
0.015625,520,0.0040576621,0.00365216658,4.81309398e-05,1
0.015625,521,0.00406585261,0.00365968887,4.82406831e-05,1
0.015625,522,0.00407404546,0.00366721558,4.835051e-05,1
0.015625,523,0.00408223737,0.00367473951,4.84603916e-05,1
0.015625,524,0.00409043347,0.00368226971,4.85703167e-05,1
0.015625,525,0.00409863144,0.00368979992,4.8680391e-05,1
0.015625,526,0.00410682801,0.00369733013,4.87904435e-05,1
0.015625,527,0.00411502738,0.00370486313,4.89006597e-05,1
0.015625,528,0.00412323046,0.00371239893,4.90108214e-05,1
0.015625,529,0.00413143821,0.00371993985,4.91211831e-05,1
0.015625,530,0.0041396413,0.00372747774,4.92315485e-05,1
0.015625,531,0.00414785137,0.00373502029,4.93419939e-05,1
0.015625,532,0.00415605819,0.00374256214,4.94525048e-05,1
0.015625,533,0.00416426919,0.00375010679,4.95631211e-05,1
0.015625,534,0.0041724802,0.0037576519,4.96737484e-05,1
0.015625,535,0.00418069912,0.00376520655,4.97844812e-05,1
0.015625,536,0.00418891711,0.00377275795,4.98953195e-05,1
0.015625,537,0.00419713603,0.00378031144,5.00061651e-05,1
0.015625,538,0.00420535728,0.00378786772,5.01170944e-05,1
0.015625,539,0.00421357807,0.00379542192,5.02280891e-05,1
0.015625,540,0.0042218063,0.00380298519,5.03392257e-05,1
0.015625,541,0.00423003267,0.00381054636,5.04503587e-05,1
0.015625,542,0.00423825858,0.00381810823,5.05615717e-05,1
0.015625,543,0.00424648914,0.00382567407,5.06728647e-05,1
0.015625,544,0.00425472017,0.00383324036,5.07842415e-05,1
0.015625,545,0.00426295726,0.00384081271,5.08957055e-05,1
0.015625,546,0.00427119015,0.00384838111,5.10071986e-05,1
0.015625,547,0.00427942816,0.00385595462,5.11187827e-05,1
0.015625,548,0.0042876699,0.0038635307,5.12304359e-05,1
0.015625,549,0.00429590791,0.00387110515,5.13421546e-05,1
0.015625,550,0.00430415384,0.00387868774,5.14539679e-05,1
0.015625,551,0.00431239698,0.00388626684,5.15658212e-05,1
0.015625,552,0.00432064757,0.0038938541,5.16778055e-05,1
0.015625,553,0.00432889536,0.00390143762,5.17898116e-05,1
0.015625,554,0.00433714688,0.00390902534,5.19018831e-05,1
0.015625,555,0.00434539746,0.00391661283,5.20140529e-05,1
0.015625,556,0.00435365317,0.00392420636,5.21262809e-05,1
0.015625,557,0.00436190702,0.00393179571,5.22385744e-05,1
0.015625,558,0.00437016832,0.00393939484,5.23509152e-05,1
0.015625,559,0.00437842868,0.0039469921,5.24633979e-05,1
0.015625,560,0.00438668765,0.00395458844,5.25758951e-05,1
0.015625,561,0.00439495547,0.00396219222,5.26885051e-05,1
0.015625,562,0.00440321909,0.0039697946,5.28011478e-05,1
0.015625,563,0.00441148831,0.00397739839,5.29138815e-05,1
0.015625,564,0.00441975519,0.0039850045,5.30266661e-05,1
0.015625,565,0.00442802627,0.00399261294,5.31394944e-05,1
0.015625,566,0.00443629874,0.00400022324,5.32524864e-05,1
0.015625,567,0.00444457447,0.0040078382,5.33655111e-05,1
0.015625,568,0.00445285207,0.00401545269,5.34785795e-05,1
0.015625,569,0.00446113013,0.00402307138,5.35917316e-05,1
0.015625,570,0.00446941098,0.00403068867,5.370496e-05,1
0.015625,571,0.00447769463,0.00403831014,5.38182285e-05,1
0.015625,572,0.00448597921,0.00404593349,5.39316861e-05,1
0.015625,573,0.00449426658,0.00405356009,5.40451219e-05,1
0.015625,574,0.00450255349,0.00406118575,5.41586014e-05,1
0.015625,575,0.00451084506,0.00406881562,5.42722082e-05,1
0.015625,576,0.00451913523,0.00407644641,5.43858696e-05,1
0.015625,577,0.00452742865,0.00408407673,5.44996219e-05,1
0.015625,578,0.0045357272,0.00409171497,5.46134288e-05,1
0.015625,579,0.0045440183,0.00409934623,5.47272757e-05,1
0.015625,580,0.00455231825,0.00410698634,5.48412863e-05,1
0.015625,581,0.00456062192,0.00411462877,5.49552315e-05,1
0.015625,582,0.00456892466,0.00412227074,5.5069333e-05,1
0.015625,583,0.00457722973,0.0041299169,5.51835074e-05,1
0.015625,584,0.00458553527,0.00413756119,5.52977581e-05,1
0.015625,585,0.00459384359,0.00414520875,5.54120597e-05,1
0.015625,586,0.00460215332,0.0041528591,5.55264087e-05,1
0.015625,587,0.00461046956,0.00416051596,5.56409468e-05,1
0.015625,588,0.00461877929,0.00416816678,5.57554558e-05,1
0.015625,589,0.00462709926,0.00417582691,5.58700376e-05,1
0.015625,590,0.00463541783,0.00418348378,5.59847322e-05,1
0.015625,591,0.00464373874,0.00419114716,5.60995104e-05,1
0.015625,592,0.00465205964,0.00419880962,5.62142923e-05,1
0.015625,593,0.00466038287,0.00420647115,5.63292124e-05,1
0.015625,594,0.0046687061,0.00421413826,5.64441398e-05,1
0.015625,595,0.00467703585,0.00422180956,5.65591981e-05,1
0.015625,596,0.00468536327,0.00422947714,5.6674282e-05,1
0.015625,597,0.00469369628,0.0042371517,5.67894931e-05,1
0.015625,598,0.00470202928,0.0042448258,5.69047152e-05,1
0.015625,599,0.00471036229,0.0042525013,5.70200173e-05,1
0.015625,600,0.00471870042,0.00426018192,5.71354612e-05,1
0.015625,601,0.00472703716,0.00426785927,5.72508688e-05,1
0.015625,602,0.00473538227,0.00427554734,5.73664438e-05,1
0.015625,603,0.0047437218,0.00428322935,5.74820151e-05,1
0.015625,604,0.00475206412,0.00429091323,5.75977683e-05,1
0.015625,605,0.0047604125,0.00429860456,5.77134815e-05,1
0.015625,606,0.00476875948,0.00430629309,5.7829373e-05,1
0.015625,607,0.00477711111,0.00431398768,5.79453226e-05,1
0.015625,608,0.00478546182,0.00432168227,5.80612577e-05,1
0.015625,609,0.00479381671,0.00432937872,5.81773311e-05,1
0.015625,610,0.00480217254,0.00433707796,5.82934299e-05,1
0.015625,611,0.0048105293,0.0043447772,5.84096488e-05,1
0.015625,612,0.00481888745,0.00435247971,5.85258822e-05,1
0.015625,613,0.00482725073,0.00436018547,5.86422611e-05,1
0.015625,614,0.00483561214,0.0043678903,5.87586837e-05,1
0.015625,615,0.00484397588,0.00437559653,5.88751609e-05,1
0.015625,616,0.00485234428,0.00438330928,5.89917836e-05,1
0.015625,617,0.00486071175,0.00439102016,5.91083517e-05,1
0.015625,618,0.00486908155,0.00439873571,5.9225069e-05,1
0.015625,619,0.00487745646,0.00440645311,5.93419027e-05,1
0.015625,620,0.00488582905,0.00441417051,5.94586927e-05,1
0.015625,621,0.00489420816,0.00442189444,5.95756792e-05,1
0.015625,622,0.00490258494,0.00442961464,5.96926657e-05,1
0.015625,623,0.00491096405,0.00443733856,5.98097868e-05,1
0.015625,624,0.00491934642,0.00444506807,5.99268969e-05,1
0.015625,625,0.00492772926,0.00445279339,6.00441163e-05,1
0.015625,626,0.00493611442,0.0044605229,6.01614411e-05,1
0.015625,627,0.00494450377,0.00446825847,6.02788023e-05,1
0.015625,628,0.00495289313,0.00447599217,6.03962435e-05,1
0.015625,629,0.00496128248,0.00448372774,6.05137757e-05,1
0.015625,630,0.00496967603,0.00449146517,6.06313552e-05,1
0.015625,631,0.00497807283,0.00449920679,6.07490547e-05,1
0.015625,632,0.00498646544,0.00450694608,6.08667651e-05,1
0.015625,633,0.00499486551,0.00451469282,6.09845956e-05,1
0.015625,634,0.00500326697,0.00452243956,6.11024516e-05,1
0.015625,635,0.00501166983,0.00453018723,6.12204894e-05,1
0.015625,636,0.00502007315,0.0045379377,6.13384909e-05,1
0.015625,637,0.00502848299,0.00454569329,6.14566306e-05,1
0.015625,638,0.00503689097,0.00455344794,6.15747485e-05,1
0.015625,639,0.00504529942,0.00456120307,6.16930047e-05,1
0.015625,640,0.00505370973,0.00456896052,6.18112972e-05,1
0.015625,641,0.00506212376,0.00457672169,6.19297643e-05,1
0.015625,642,0.00507053873,0.00458448147,6.20482024e-05,1
0.015625,643,0.00507896114,0.0045922501,6.21668369e-05,1
0.015625,644,0.00508738123,0.0046000178,6.22854859e-05,1
0.015625,645,0.00509579759,0.0046077827,6.24041131e-05,1
0.015625,646,0.00510422746,0.00461555878,6.25228931e-05,1
0.015625,647,0.00511265034,0.00462332927,6.26418114e-05,1
0.015625,648,0.00512107695,0.00463110395,6.27606569e-05,1
0.015625,649,0.00512950402,0.00463887863,6.2879597e-05,1
0.015625,650,0.00513793575,0.00464665797,6.29987335e-05,1
0.015625,651,0.00514636748,0.0046544373,6.31178264e-05,1
0.015625,652,0.00515480665,0.00466222363,6.32371302e-05,1
0.015625,653,0.00516323978,0.00467000529,6.33563977e-05,1
0.015625,654,0.00517168408,0.0046777986,6.34757671e-05,1
0.015625,655,0.00518012093,0.00468558259,6.3595231e-05,1
0.015625,656,0.00518856058,0.00469337171,6.3714695e-05,1
0.015625,657,0.00519700395,0.00470116455,6.38342681e-05,1
0.015625,658,0.00520545337,0.00470896205,6.39539721e-05,1
0.015625,659,0.00521390047,0.00471675815,6.40737271e-05,1
0.015625,660,0.00522235082,0.00472455611,6.41935549e-05,1
0.015625,661,0.00523080165,0.00473235734,6.43133972e-05,1
0.015625,662,0.00523925154,0.00474015763,6.4433334e-05,1
0.015625,663,0.00524771307,0.0047479663,6.45533946e-05,1
0.015625,664,0.00525616808,0.00475577125,6.46735498e-05,1
0.015625,665,0.00526462682,0.00476357993,6.47936904e-05,1
0.015625,666,0.00527308602,0.00477138953,6.49139329e-05,1
0.015625,667,0.00528154988,0.004779201,6.50342772e-05,1
0.015625,668,0.00529001746,0.00478702039,6.51546943e-05,1
0.015625,669,0.00529847899,0.00479483139,6.52751332e-05,1
0.015625,670,0.00530695543,0.00480265543,6.53957613e-05,1
0.015625,671,0.00531542255,0.00481047621,6.55164258e-05,1
0.015625,672,0.00532389246,0.00481829513,6.56370757e-05,1
0.015625,673,0.00533237122,0.00482612429,6.57579221e-05,1
0.015625,674,0.00534084486,0.00483394787,6.58787249e-05,1
0.015625,675,0.00534932222,0.0048417775,6.59996294e-05,1
0.015625,676,0.00535780424,0.00484960992,6.6120665e-05,1
0.015625,677,0.00536628347,0.00485744094,6.62417442e-05,1
0.015625,678,0.00537476642,0.00486527383,6.63628889e-05,1
0.015625,679,0.00538325217,0.00487311138,6.64840991e-05,1
0.015625,680,0.00539174164,0.00488095358,6.66054912e-05,1
0.015625,681,0.00540022925,0.00488879206,6.67268396e-05,1
0.015625,682,0.00540872477,0.00489663845,6.68482389e-05,1
0.015625,683,0.00541721471,0.00490448112,6.6969842e-05,1
0.015625,684,0.00542571489,0.00491233356,6.70914451e-05,1
0.015625,685,0.00543420762,0.00492017809,6.72130918e-05,1
0.015625,686,0.00544270873,0.00492803054,6.73349059e-05,1
0.015625,687,0.00545121077,0.00493588438,6.745672e-05,1
0.015625,688,0.00545971002,0.00494373683,6.75786214e-05,1
0.015625,689,0.00546821812,0.00495159766,6.77006319e-05,1
0.015625,690,0.00547672762,0.00495946128,6.78227152e-05,1
0.015625,691,0.00548523199,0.00496731652,6.79448131e-05,1
0.015625,692,0.00549374428,0.00497518247,6.80670273e-05,1
0.015625,693,0.0055022547,0.0049830447,6.81892489e-05,1
0.015625,694,0.00551076885,0.00499091391,6.83116159e-05,1
0.015625,695,0.00551928626,0.00499878358,6.84341212e-05,1
0.015625,696,0.00552780321,0.00500665419,6.85565465e-05,1
0.015625,697,0.00553632108,0.0050145248,6.86791755e-05,1
0.015625,698,0.00554484362,0.00502240146,6.88018481e-05,1
0.015625,699,0.00555336848,0.00503027905,6.89245862e-05,1
0.015625,700,0.00556189194,0.00503815804,6.90473971e-05,1
0.015625,701,0.00557042193,0.00504604215,6.9170288e-05,1
0.015625,702,0.0055789547,0.00505392719,6.92932954e-05,1
0.015625,703,0.00558748329,0.0050618113,6.941631e-05,1
0.015625,704,0.00559601327,0.00506969541,6.95393828e-05,1
0.015625,705,0.00560455583,0.0050775921,6.96625793e-05,1
0.015625,706,0.00561308535,0.00508547574,6.97858486e-05,1
0.015625,707,0.00562162837,0.00509337522,6.99092561e-05,1
0.015625,708,0.00563016534,0.00510126585,7.00325836e-05,1
0.015625,709,0.00563871302,0.00510916766,7.01561439e-05,1
0.015625,710,0.00564725371,0.00511706527,7.02796606e-05,1
0.015625,711,0.00565580558,0.00512497034,7.04033591e-05,1
0.015625,712,0.00566435605,0.00513287727,7.05270504e-05,1
0.015625,713,0.00567290187,0.00514077768,7.0650829e-05,1
0.015625,714,0.0056814542,0.00514868647,7.07747313e-05,1
0.015625,715,0.00569000747,0.00515659619,7.08986699e-05,1
0.015625,716,0.00569856307,0.00516450545,7.1022645e-05,1
0.015625,717,0.00570712332,0.00517242309,7.1146831e-05,1
0.015625,718,0.00571568217,0.0051803384,7.12709661e-05,1
0.015625,719,0.00572424429,0.0051882565,7.13952468e-05,1
0.015625,720,0.005732805,0.00519617368,7.15195492e-05,1
0.015625,721,0.00574137596,0.00520410016,7.16440045e-05,1
0.015625,722,0.0057499432,0.00521202479,7.1768467e-05,1
0.015625,723,0.0057585123,0.00521994988,7.18929878e-05,1
0.015625,724,0.00576708233,0.00522787916,7.20176467e-05,1
0.015625,725,0.00577565795,0.00523581076,7.21423858e-05,1
0.015625,726,0.00578422938,0.00524373865,7.22671321e-05,1
0.015625,727,0.00579280965,0.00525167538,7.23920384e-05,1
0.015625,728,0.00580139086,0.00525961397,7.25169957e-05,1
0.015625,729,0.00580996508,0.00526754558,7.26419385e-05,1
0.015625,730,0.00581854908,0.00527548837,7.27670486e-05,1
0.015625,731,0.00582713494,0.00528343162,7.28922678e-05,1
0.015625,732,0.00583571941,0.0052913744,7.30174506e-05,1
0.015625,733,0.00584431039,0.00529932324,7.31428445e-05,1
0.015625,734,0.00585289719,0.00530726742,7.32681947e-05,1
0.015625,735,0.00586149143,0.00531522091,7.33936322e-05,1
0.015625,736,0.00587008707,0.00532317488,7.35192007e-05,1
0.015625,737,0.00587868458,0.0053311307,7.36448419e-05,1
0.015625,738,0.00588728115,0.00533908652,7.37705413e-05,1
0.015625,739,0.00589588191,0.0053470456,7.38963427e-05,1
0.015625,740,0.00590448314,0.00535500422,7.40221876e-05,1
0.015625,741,0.0059130881,0.00536296749,7.41481344e-05,1
0.015625,742,0.00592169166,0.00537093217,7.42741613e-05,1
0.015625,743,0.00593030127,0.00537889916,7.44002391e-05,1
0.015625,744,0.00593890855,0.00538686756,7.45263533e-05,1
0.015625,745,0.00594752235,0.00539484015,7.46525911e-05,1
0.015625,746,0.00595613662,0.0054028146,7.47789745e-05,1
0.015625,747,0.00596475089,0.00541078765,7.49053506e-05,1
0.015625,748,0.00597336981,0.00541876676,7.5031814e-05,1
0.015625,749,0.00598198455,0.00542674167,7.51583866e-05,1
0.015625,750,0.0059906086,0.00543472683,7.52850538e-05,1
0.015625,751,0.00599923311,0.00544271106,7.54117355e-05,1
0.015625,752,0.00600785436,0.00545069249,7.55385481e-05,1
0.015625,753,0.00601648027,0.00545867858,7.56653171e-05,1
0.015625,754,0.00602511177,0.00546667073,7.57923117e-05,1
0.015625,755,0.00603374094,0.00547466101,7.59193208e-05,1
0.015625,756,0.00604237849,0.00548265828,7.604641e-05,1
0.015625,757,0.00605100859,0.00549065089,7.61735864e-05,1
0.015625,758,0.00605964614,0.00549864769,7.63007702e-05,1
0.015625,759,0.00606828136,0.00550664635,7.64281722e-05,1
0.015625,760,0.00607692124,0.00551464595,7.6555516e-05,1
0.015625,761,0.00608556485,0.00552265253,7.66830271e-05,1
0.015625,762,0.00609421125,0.00553066051,7.68105892e-05,1
0.015625,763,0.00610285532,0.00553866662,7.69382241e-05,1
0.015625,764,0.00611151056,0.00554668251,7.70659681e-05,1
0.015625,765,0.00612015137,0.00555468444,7.7193683e-05,1
0.015625,766,0.00612880522,0.00556270173,7.73215288e-05,1
0.015625,767,0.00613746187,0.00557072088,7.74495493e-05,1
0.015625,768,0.00614611013,0.00557873165,7.75775334e-05,1
0.015625,769,0.00615477376,0.00558675826,7.77056193e-05,1
0.015625,770,0.00616342993,0.00559477694,7.78338435e-05,1
0.015625,771,0.00617209217,0.00560280262,7.79620023e-05,1
0.015625,772,0.00618075673,0.00561082829,7.8090372e-05,1
0.015625,773,0.00618941709,0.00561885349,7.82187781e-05,1
0.015625,774,0.00619808957,0.00562688755,7.83472788e-05,1
0.015625,775,0.00620675832,0.00563491927,7.8475874e-05,1
0.015625,776,0.00621542893,0.00564295286,7.86044548e-05,1
0.015625,777,0.00622410467,0.00565099251,7.87332028e-05,1
0.015625,778,0.00623277156,0.0056590247,7.88619291e-05,1
0.015625,779,0.00624145381,0.00566706946,7.89908663e-05,1
0.015625,780,0.00625013141,0.00567511143,7.91198254e-05,1
0.015625,781,0.0062588132,0.00568315666,7.92488281e-05,1
0.015625,782,0.00626749638,0.00569120515,7.93779836e-05,1
0.015625,783,0.00627617911,0.00569925178,7.95070955e-05,1
0.015625,784,0.00628486555,0.00570730306,7.96363965e-05,1
0.015625,785,0.00629355339,0.00571535574,7.97657121e-05,1
0.015625,786,0.00630224589,0.00572341401,7.98951514e-05,1
0.015625,787,0.00631093513,0.00573146669,8.00247217e-05,1
0.015625,788,0.00631963136,0.00573952729,8.01542192e-05,1
0.015625,789,0.00632831967,0.00574758183,8.02838476e-05,1
0.015625,790,0.00633702334,0.00575565081,8.04136434e-05,1
0.015625,791,0.00634572236,0.00576371606,8.05434101e-05,1
0.015625,792,0.00635442557,0.00577178365,8.06733296e-05,1
0.015625,793,0.00636313204,0.00577985682,8.08033001e-05,1
0.015625,794,0.00637183664,0.00578792533,8.09315461e-05,1
0.015625,795,0.00638054078,0.00579599617,8.10616548e-05,1
0.015625,796,0.00638925098,0.00580407213,8.11917926e-05,1
0.015625,797,0.0063979649,0.00581215275,8.13221195e-05,1
0.015625,798,0.00640667602,0.00582023058,8.14524537e-05,1
0.015625,799,0.00641538994,0.00582830934,8.15829699e-05,1
0.015625,800,0.00642411131,0.00583639788,8.17134351e-05,1
0.015625,801,0.0064328257,0.00584447803,8.18440385e-05,1
0.015625,802,0.00644155033,0.00585256936,8.19747002e-05,1
0.015625,803,0.00645028101,0.00586066721,8.21055291e-05,1
0.015625,804,0.0064589954,0.00586875062,8.22362854e-05,1
0.015625,805,0.00646772375,0.00587684475,8.23671435e-05,1
0.015625,806,0.00647645444,0.0058849426,8.24981544e-05,1
0.015625,807,0.00648518279,0.00589303952,8.26292307e-05,1
0.015625,808,0.00649391767,0.00590114063,8.27603581e-05,1
0.015625,809,0.00650264975,0.00590924127,8.28915581e-05,1
0.015625,810,0.00651138462,0.00591734331,8.30228382e-05,1
0.015625,811,0.00652012508,0.00592545187,8.3154293e-05,1
0.015625,812,0.00652886601,0.0059335609,8.32857331e-05,1
0.015625,813,0.00653761113,0.00594167411,8.34173043e-05,1
0.015625,814,0.00654635252,0.005949785,8.354889e-05,1
0.015625,815,0.00655509531,0.00595789496,8.36805266e-05,1
0.015625,816,0.00656384323,0.00596601283,8.38122796e-05,1
0.015625,817,0.00657259952,0.00597413583,8.39442582e-05,1
0.015625,818,0.00658135442,0.00598225975,8.40761641e-05,1
0.015625,819,0.00659010885,0.00599038275,8.42082081e-05,1
0.015625,820,0.00659885863,0.00599850249,8.43402304e-05,1
0.015625,821,0.00660761632,0.00600663107,8.44724345e-05,1
0.015625,822,0.0066163782,0.00601476012,8.46046751e-05,1
0.015625,823,0.00662514381,0.00602289708,8.47370829e-05,1
0.015625,824,0.00663390337,0.00603102567,8.48694108e-05,1
0.015625,825,0.00664266478,0.00603915844,8.50018259e-05,1
0.015625,826,0.00665143365,0.00604729541,8.51344521e-05,1
0.015625,827,0.00666020904,0.00605543936,8.5267071e-05,1
0.015625,828,0.00666897371,0.00606357493,8.5399799e-05,1
0.015625,829,0.00667774491,0.00607171701,8.55326507e-05,1
0.015625,830,0.00668651797,0.00607986189,8.56654806e-05,1
0.015625,831,0.00669529801,0.00608801236,8.57984269e-05,1
0.015625,832,0.00670407899,0.0060961633,8.59315114e-05,1
0.015625,833,0.00671285903,0.00610431377,8.60646905e-05,1
0.015625,834,0.00672163954,0.0061124661,8.61977896e-05,1
0.015625,835,0.00673042843,0.00612062542,8.6331107e-05,1
0.015625,836,0.0067392136,0.00612878241,8.64644026e-05,1
0.015625,837,0.00674800482,0.00613694452,8.65978873e-05,1
0.015625,838,0.00675679231,0.0061451043,8.6731452e-05,1
0.015625,839,0.00676558074,0.00615326408,8.68650386e-05,1
0.015625,840,0.00677438267,0.0061614369,8.69986761e-05,1
0.015625,841,0.00678317901,0.00616960507,8.71324519e-05,1
0.015625,842,0.00679197581,0.0061777751,8.72662495e-05,1
0.015625,843,0.00680077495,0.00618594605,8.74001853e-05,1
0.015625,844,0.00680957502,0.00619411794,8.75341284e-05,1
0.015625,845,0.0068183816,0.00620229822,8.76682534e-05,1
0.015625,846,0.00682718726,0.00621047569,8.78024148e-05,1
0.015625,847,0.0068359971,0.0062186569,8.79366416e-05,1
0.015625,848,0.00684480602,0.0062268395,8.80709413e-05,1
0.015625,849,0.00685362052,0.00623502769,8.82054374e-05,1
0.015625,850,0.0068624313,0.00624321261,8.83399189e-05,1
0.015625,851,0.0068712486,0.00625140266,8.8474415e-05,1
0.015625,852,0.00688006915,0.00625959551,8.86091075e-05,1
0.015625,853,0.00688888738,0.00626778603,8.87438e-05,1
0.015625,854,0.0068977084,0.0062759812,8.88785507e-05,1
0.015625,855,0.00690653594,0.00628418243,8.90134688e-05,1
0.015625,856,0.00691535603,0.00629237713,8.91484087e-05,1
0.015625,857,0.0069241859,0.00630058069,8.92834141e-05,1
0.015625,858,0.0069330181,0.00630878657,8.94185723e-05,1
0.015625,859,0.00694184378,0.00631698593,8.95537814e-05,1
0.015625,860,0.00695067318,0.00632519089,8.96889978e-05,1
0.015625,861,0.00695951097,0.00633340236,8.98243743e-05,1
0.015625,862,0.00696835341,0.00634162081,8.99598163e-05,1
0.015625,863,0.00697718514,0.00634982763,9.00953455e-05,1
0.015625,864,0.00698603177,0.00635804748,9.02309912e-05,1
0.015625,865,0.00699487049,0.00636626314,9.03665641e-05,1
0.015625,866,0.00700372225,0.00637448952,9.05023335e-05,1
0.015625,867,0.00701256376,0.00638270518,9.06381902e-05,1
0.015625,868,0.00702141644,0.00639093481,9.07741196e-05,1
0.015625,869,0.00703026447,0.00639915653,9.09101509e-05,1
0.015625,870,0.0070391153,0.00640738383,9.10461604e-05,1
0.015625,871,0.00704796892,0.00641561439,9.11823736e-05,1
0.015625,872,0.00705682812,0.00642385008,9.13185722e-05,1
0.015625,873,0.00706568453,0.00643208344,9.1454931e-05,1
0.015625,874,0.00707455212,0.00644032657,9.15913042e-05,1
0.015625,875,0.00708340993,0.00644856039,9.17278157e-05,1
0.015625,876,0.00709227566,0.0064568026,9.18644e-05,1
0.015625,877,0.00710114324,0.0064650462,9.20010425e-05,1
0.015625,878,0.0071100099,0.0064732912,9.21377505e-05,1
0.015625,879,0.00711888401,0.00648154132,9.22746258e-05,1
0.015625,880,0.0071277502,0.00648978353,9.24114502e-05,1
0.015625,881,0.00713662477,0.00649803597,9.25484346e-05,1
0.015625,882,0.00714550354,0.00650629215,9.26854482e-05,1
0.015625,883,0.00715438183,0.00651454739,9.28226291e-05,1
0.015625,884,0.0071632606,0.0065228045,9.29598536e-05,1
0.015625,885,0.00717214122,0.0065310644,9.30971728e-05,1
0.015625,886,0.0071810321,0.00653933128,9.3234521e-05,1
0.015625,887,0.00718991179,0.00654758979,9.33719566e-05,1
0.015625,888,0.00719880359,0.006555859,9.35095231e-05,1
0.015625,889,0.0072076926,0.00656412728,9.3647177e-05,1
0.015625,890,0.00721657882,0.00657239137,9.37848308e-05,1
0.015625,891,0.00722548319,0.00658067502,9.39226811e-05,1
0.015625,892,0.00723437406,0.00658894423,9.40604659e-05,1
0.015625,893,0.00724327005,0.0065972181,9.41984545e-05,1
0.015625,894,0.00725216558,0.0066054943,9.43364794e-05,1
0.015625,895,0.00726107461,0.00661378261,9.4474548e-05,1
0.015625,896,0.0072699748,0.0066220616,9.46127257e-05,1
0.015625,897,0.0072788829,0.00663034804,9.47510198e-05,1
0.015625,898,0.00728778588,0.00663863029,9.48893576e-05,1
0.015625,899,0.00729669211,0.00664691534,9.5027739e-05,1
0.015625,900,0.0073056072,0.00665521156,9.5166266e-05,1
0.015625,901,0.00731451996,0.00666350452,9.53049239e-05,1
0.015625,902,0.0073234397,0.00667180354,9.54435818e-05,1
0.015625,903,0.00733235246,0.0066800965,9.55824216e-05,1
0.015625,904,0.00734127685,0.00668840157,9.57211741e-05,1
0.015625,905,0.00735019799,0.00669670431,9.58601304e-05,1
0.015625,906,0.00735911634,0.00670500239,9.59991303e-05,1
0.015625,907,0.0073680412,0.00671330839,9.6138152e-05,1
0.015625,908,0.00737697026,0.00672161765,9.62773338e-05,1
0.015625,909,0.00738589931,0.00672992785,9.64166611e-05,1
0.015625,910,0.0073948307,0.00673823943,9.65559302e-05,1
0.015625,911,0.00740376022,0.00674654962,9.66953739e-05,1
0.015625,912,0.00741269672,0.00675487053,9.68348759e-05,1
0.015625,913,0.00742163369,0.0067631877,9.69743924e-05,1
0.015625,914,0.00743057532,0.00677151233,9.7114149e-05,1
0.015625,915,0.00743951695,0.00677983556,9.72538473e-05,1
0.015625,916,0.00744845532,0.0067881546,9.73936549e-05,1
0.015625,917,0.00745740207,0.00679648481,9.7533557e-05,1
0.015625,918,0.00746634509,0.00680480944,9.76734809e-05,1
0.015625,919,0.00747529045,0.00681313779,9.78135358e-05,1
0.015625,920,0.00748424092,0.00682147173,9.79537217e-05,1
0.015625,921,0.00749319745,0.00682980986,9.80939803e-05,1
0.015625,922,0.00750215258,0.00683814706,9.82342535e-05,1
0.015625,923,0.00751110632,0.00684648333,9.83747377e-05,1
0.015625,924,0.00752006471,0.00685482612,9.85150909e-05,1
0.015625,925,0.00752903055,0.00686317589,9.86557352e-05,1
0.015625,926,0.00753798615,0.00687151216,9.87963576e-05,1
0.015625,927,0.00754695246,0.00687986333,9.89371183e-05,1
0.015625,928,0.0075559211,0.00688821496,9.90779081e-05,1
0.015625,929,0.00756488554,0.00689656427,9.92188361e-05,1
0.015625,930,0.00757385371,0.00690491637,9.93597569e-05,1
0.015625,931,0.00758282281,0.00691327127,9.95007722e-05,1
0.015625,932,0.00759180496,0.00692163594,9.96419476e-05,1
0.015625,933,0.00760077825,0.00692999363,9.97831812e-05,1
0.015625,934,0.00760974921,0.00693835132,9.99244367e-05,1
0.015625,935,0.00761873554,0.00694671925,0.000100065845,1
0.015625,936,0.00762772094,0.00695509091,0.000100207311,1
0.015625,937,0.00763670821,0.00696346071,0.000100348916,1
0.015625,938,0.00764568709,0.00697182631,0.000100490543,1
0.015625,939,0.00765468227,0.00698020682,0.000100632307,1
0.015625,940,0.00766366627,0.00698857522,0.000100774065,1
0.015625,941,0.00767265866,0.00699695433,0.000100915917,1
0.015625,942,0.0076816557,0.00700533343,0.000101057951,1
0.015625,943,0.00769064808,0.00701371301,0.000101199985,1
0.015625,944,0.00769964792,0.0070220991,0.000101342142,1
0.015625,945,0.00770864496,0.00703048427,0.000101484336,1
0.015625,946,0.00771764945,0.00703887315,0.000101626661,1
0.015625,947,0.00772664556,0.00704725413,0.000101768979,1
0.015625,948,0.00773565844,0.00705565512,0.000101911544,1
0.015625,949,0.0077446606,0.00706404401,0.000102053971,1
0.015625,950,0.00775367627,0.0070724478,0.000102196595,1
0.015625,951,0.00776268588,0.00708084274,0.000102339291,1
0.015625,952,0.00777169783,0.00708924001,0.000102482125,1
0.015625,953,0.00778071117,0.00709764194,0.000102625054,1
0.015625,954,0.00778973429,0.00710605225,0.000102768048,1
0.015625,955,0.00779875275,0.00711445883,0.000102911028,1
0.015625,956,0.00780777028,0.00712286262,0.000103054124,1
0.015625,957,0.00781679805,0.00713127665,0.000103197366,1
0.015625,958,0.00782581605,0.00713968463,0.000103340659,1
0.015625,959,0.00783484895,0.00714810425,0.000103484083,1
0.015625,960,0.00784387998,0.00715652574,0.000103627528,1
0.015625,961,0.00785290264,0.00716493465,0.000103770974,1
0.015625,962,0.00786193926,0.00717335893,0.000103914703,1
0.015625,963,0.00787097029,0.00718177855,0.000104058308,1
0.015625,964,0.0078800125,0.00719020981,0.000104202212,1
0.015625,965,0.0078890482,0.00719863409,0.000104346022,1
0.015625,966,0.0078980932,0.00720706861,0.000104490027,1
0.015625,967,0.00790712889,0.00721549196,0.00010463404,1
0.015625,968,0.00791617483,0.00722392928,0.000104778206,1
0.015625,969,0.00792522915,0.00723237125,0.000104922423,1
0.015625,970,0.0079342844,0.00724081649,0.000105066785,1
0.015625,971,0.00794332102,0.00724924309,0.000105210995,1
0.015625,972,0.00795237906,0.00725768926,0.000105355546,1
0.015625,973,0.00796143245,0.00726613263,0.000105500127,1
0.015625,974,0.0079704877,0.00727457972,0.000105644773,1
0.015625,975,0.00797955133,0.00728303194,0.000105789513,1
0.015625,976,0.0079886103,0.00729148323,0.000105934276,1
0.015625,977,0.00799767766,0.00729993684,0.000106079198,1
0.015625,978,0.00800674036,0.00730839372,0.000106224143,1
0.015625,979,0.00801580399,0.00731684593,0.00010636916,1
0.015625,980,0.00802487694,0.00732531259,0.000106514344,1
0.015625,981,0.0080339415,0.00733376574,0.000106659521,1
0.015625,982,0.00804301724,0.00734223472,0.000106804815,1
0.015625,983,0.00805208739,0.00735069625,0.000106950174,1
0.015625,984,0.00806116778,0.00735916616,0.00010709565,1
0.015625,985,0.00807024632,0.00736763794,0.000107241227,1
0.015625,986,0.00807932112,0.0073761018,0.000107386863,1
0.015625,987,0.00808840245,0.00738457777,0.000107532527,1
0.015625,988,0.00809748564,0.00739305513,0.000107678352,1
0.015625,989,0.00810657721,0.00740153389,0.000107824293,1
0.015625,990,0.00811566599,0.00741001824,0.000107970336,1
0.015625,991,0.00812475383,0.00741849886,0.000108116277,1
0.015625,992,0.0081338482,0.00742698507,0.000108262429,1
0.015625,993,0.00814294443,0.00743547035,0.000108408691,1
0.015625,994,0.00815203693,0.00744395843,0.000108555018,1
0.015625,995,0.00816114061,0.00745245488,0.000108701497,1
0.015625,996,0.0081702387,0.00746094622,0.000108847911,1
0.015625,997,0.00817933679,0.00746943848,0.000108994485,1
0.015625,998,0.00818845537,0.00747794611,0.000109141212,1
0.015625,999,0.00819754321,0.00748643139,0.000109287801,1
0.015625,1000,0.00820665807,0.00749493809,0.000109434666,1
0.015625,1001,0.00821576733,0.00750344107,0.000109581531,1
0.015625,1002,0.00822487567,0.00751194591,0.000109728615,1
0.015625,1003,0.00823399331,0.0075204568,0.000109875633,1
0.015625,1004,0.00824311189,0.00752897048,0.000110022818,1
0.015625,1005,0.00825223047,0.00753748138,0.000110170098,1
0.015625,1006,0.0082613565,0.00754600344,0.000110317429,1
0.015625,1007,0.00827047322,0.00755451247,0.000110464796,1
0.015625,1008,0.008279589,0.00756302709,0.000110612273,1
0.015625,1009,0.00828872155,0.00757155567,0.000110759909,1
0.015625,1010,0.0082978541,0.00758007821,0.000110907655,1
0.015625,1011,0.00830697268,0.00758859515,0.000111055262,1
0.015625,1012,0.00831610989,0.0075971242,0.00011120316,1
0.015625,1013,0.00832524337,0.00760565698,0.000111351066,1
0.015625,1014,0.00833438244,0.00761419395,0.000111499074,1
0.015625,1015,0.00834351871,0.00762272254,0.000111647183,1
0.015625,1016,0.00835266616,0.00763126509,0.000111795336,1
0.015625,1017,0.00836179964,0.00763979601,0.000111943584,1
0.015625,1018,0.00837094989,0.00764833903,0.000112092006,1
0.015625,1019,0.00838008523,0.00765687367,0.000112240428,1
0.015625,1020,0.0083892392,0.00766542414,0.00011238896,1
0.015625,1021,0.0083983941,0.00767397601,0.000112537586,1
0.015625,1022,0.00840754155,0.00768251996,0.000112686248,1
0.015625,1023,0.00841669179,0.00769106671,0.00011283502,1
0.0078125,0,4.51693959e-05,0,0,1
0.0078125,1,5.24283241e-05,6.54037876e-06,7.6954052e-08,1
0.0078125,2,5.96889367e-05,1.30825747e-05,1.53965416e-07,1
0.0078125,3,6.69512374e-05,1.96265737e-05,2.31034079e-07,1
0.0078125,4,7.42153497e-05,2.61723926e-05,3.08159883e-07,1
0.0078125,5,8.14811865e-05,3.2720025e-05,3.85343469e-07,1
0.0078125,6,8.8748704e-05,3.92694237e-05,4.62585177e-07,1
0.0078125,7,9.60179386e-05,4.58206705e-05,5.39883388e-07,1
0.0078125,8,0.000103288912,5.2373689e-05,6.17239039e-07,1
0.0078125,9,0.000110561603,5.89285519e-05,6.94653181e-07,1
0.0078125,10,0.000117836018,6.5485212e-05,7.72124338e-07,1
0.0078125,11,0.000125112347,7.20437383e-05,8.49653247e-07,1
0.0078125,12,0.000132390152,7.86040255e-05,9.27238261e-07,1
0.0078125,13,0.000139669719,8.51661316e-05,1.00488194e-06,1
0.0078125,14,0.000146951104,9.17300567e-05,1.08258382e-06,1
0.0078125,15,0.000154234251,9.82958154e-05,1.16034266e-06,1
0.0078125,16,0.000161518969,0.000104863357,1.23816017e-06,1
0.0078125,17,0.000168805447,0.000111432666,1.31603429e-06,1
0.0078125,18,0.000176093628,0.000118003787,1.39396661e-06,1
0.0078125,19,0.000183383643,0.000124576836,1.47195612e-06,1
0.0078125,20,0.000190675259,0.000131151566,1.55000532e-06,1
0.0078125,21,0.000197968679,0.000137728071,1.62811034e-06,1
0.0078125,22,0.000205264019,0.000144306716,1.70627254e-06,1
0.0078125,23,0.000212560961,0.000150886961,1.78449545e-06,1
0.0078125,24,0.000219859678,0.000157469083,1.86277259e-06,1
0.0078125,25,0.00022715985,0.000164052937,1.94110976e-06,1
0.0078125,26,0.000234462015,0.000170638479,2.0195057e-06,1
0.0078125,27,0.000241765796,0.000177226189,2.09795826e-06,1
0.0078125,28,0.000249071425,0.000183815486,2.17646971e-06,1
0.0078125,29,0.000256378524,0.00019040647,2.25503891e-06,1
0.0078125,30,0.000263687922,0.000196999681,2.3336645e-06,1
0.0078125,31,0.000270998309,0.000203594172,2.41235148e-06,1
0.0078125,32,0.000278310617,0.000210190745,2.49109166e-06,1
0.0078125,33,0.000285625021,0.000216789253,2.56989688e-06,1
0.0078125,34,0.000292940997,0.000223389448,2.64875325e-06,1
0.0078125,35,0.000300258776,0.000229991711,2.72767238e-06,1
0.0078125,36,0.000307578244,0.000236595515,2.80664608e-06,1
0.0078125,37,0.000314899022,0.000243201022,2.8856789e-06,1
0.0078125,38,0.00032222204,0.000249808567,2.96477288e-06,1
0.0078125,39,0.000329546863,0.000256418163,3.0439212e-06,1
0.0078125,40,0.00033687285,0.000263029011,3.12313e-06,1
0.0078125,41,0.000344201224,0.0002696421,3.20239587e-06,1
0.0078125,42,0.000351530965,0.000276256847,3.28172155e-06,1
0.0078125,43,0.000358862104,0.000282873167,3.36110179e-06,1
0.0078125,44,0.000366195745,0.000289492018,3.44054683e-06,1
0.0078125,45,0.000373530638,0.000296112179,3.52004849e-06,1
0.0078125,46,0.000380867568,0.000302734377,3.59960609e-06,1
0.0078125,47,0.000388206157,0.000309358293,3.67922576e-06,1
0.0078125,48,0.000395546143,0.000315984042,3.75889522e-06,1
0.0078125,49,0.000402888632,0.000322611828,3.83863835e-06,1
0.0078125,50,0.000410231965,0.000329240836,3.91842786e-06,1
0.0078125,51,0.000417577365,0.000335872173,3.9982765e-06,1
0.0078125,52,0.000424924307,0.000342505111,4.0781847e-06,1
0.0078125,53,0.00043227346,0.000349140144,4.15814793e-06,1
0.0078125,54,0.000439623953,0.000355776516,4.23770007e-06,1
0.0078125,55,0.000446976599,0.000362415303,4.31777289e-06,1
0.0078125,56,0.000454330497,0.000369055488,4.39791029e-06,1
0.0078125,57,0.000461686664,0.000375697738,4.47810407e-06,1
0.0078125,58,0.000469044258,0.000382341852,4.5583547e-06,1
0.0078125,59,0.000476403598,0.000388987683,4.63867127e-06,1
0.0078125,60,0.00048376451,0.000395635172,4.71903968e-06,1
0.0078125,61,0.000491127779,0.000402285077,4.79946675e-06,1
0.0078125,62,0.000498491572,0.000408935419,4.87995339e-06,1
0.0078125,63,0.000505858043,0.000415588875,4.9604987e-06,1
0.0078125,64,0.000513226318,0.000422243989,5.0411013e-06,1
0.0078125,65,0.000520596164,0.000428900647,5.12176393e-06,1
0.0078125,66,0.000527967641,0.000435559428,5.20248886e-06,1
0.0078125,67,0.000535340805,0.000442219636,5.28326746e-06,1
0.0078125,68,0.000542715308,0.000448881678,5.36410926e-06,1
0.0078125,69,0.000550092605,0.000455546164,5.44500335e-06,1
0.0078125,70,0.000557470892,0.000462211814,5.52597157e-06,1
0.0078125,71,0.000564850809,0.000468879472,5.60698254e-06,1
0.0078125,72,0.000572233461,0.000475549547,5.68806081e-06,1
0.0078125,73,0.000579616521,0.000482220377,5.7691941e-06,1
0.0078125,74,0.000587002432,0.000488893827,5.85038742e-06,1
0.0078125,75,0.000594389217,0.000495568558,5.93165123e-06,1
0.0078125,76,0.000601778564,0.00050224585,6.01295778e-06,1
0.0078125,77,0.000609168957,0.000508924422,6.09432482e-06,1
0.0078125,78,0.000616561447,0.000515605032,6.17575733e-06,1
0.0078125,79,0.000623955741,0.000522287562,6.2572467e-06,1
0.0078125,80,0.000631351722,0.000528971781,6.33880745e-06,1
0.0078125,81,0.000638749101,0.000535657804,6.42040504e-06,1
0.0078125,82,0.000646147644,0.000542344991,6.5020663e-06,1
0.0078125,83,0.000653549621,0.000549035205,6.58379668e-06,1
0.0078125,84,0.000660952064,0.00055572635,6.66558617e-06,1
0.0078125,85,0.000668356777,0.00056241994,6.74743478e-06,1
0.0078125,86,0.000675763295,0.000569115276,6.82934206e-06,1
0.0078125,87,0.000683171849,0.000575813116,6.91130026e-06,1
0.0078125,88,0.000690581102,0.000582511129,6.9933244e-06,1
0.0078125,89,0.000697992975,0.00058921217,7.07540767e-06,1
0.0078125,90,0.000705406885,0.000595915073,7.15755323e-06,1
0.0078125,91,0.000712821435,0.000602618966,7.23974654e-06,1
0.0078125,92,0.000720237324,0.000609324547,7.32200579e-06,1
0.0078125,93,0.000727656821,0.000616033445,7.40433961e-06,1
0.0078125,94,0.000735077658,0.000622743391,7.486713e-06,1
0.0078125,95,0.000742498843,0.000629454618,7.56915779e-06,1
0.0078125,96,0.000749922474,0.000636168174,7.65165441e-06,1
0.0078125,97,0.000757349422,0.000642884756,7.73421652e-06,1
0.0078125,98,0.000764775963,0.000649601163,7.81682593e-06,1
0.0078125,99,0.000772205181,0.000656320422,7.89950991e-06,1
0.0078125,100,0.00077963603,0.00066304137,7.98225301e-06,1
0.0078125,101,0.000787068158,0.000669763656,8.06504431e-06,1
0.0078125,102,0.000794502965,0.000676488446,8.14790928e-06,1
0.0078125,103,0.000801938411,0.000683214574,8.23081427e-06,1
0.0078125,104,0.000809376128,0.000689942739,8.31378657e-06,1
0.0078125,105,0.000816816697,0.000696673698,8.39685254e-06,1
0.0078125,106,0.000824257208,0.000703405123,8.47993033e-06,1
0.0078125,107,0.000831699814,0.000710138294,8.56308179e-06,1
0.0078125,108,0.000839145971,0.000716875016,8.64631329e-06,1
0.0078125,109,0.000846592302,0.000723612611,8.72957935e-06,1
0.0078125,110,0.000854039798,0.000730351137,8.81290816e-06,1
0.0078125,111,0.000861489971,0.0007370924,8.89631428e-06,1
0.0078125,112,0.000868942006,0.000743835641,8.97977134e-06,1
0.0078125,113,0.000876395148,0.000750580279,9.06328387e-06,1
0.0078125,114,0.00088384992,0.000757326139,9.14685552e-06,1
0.0078125,115,0.000891308358,0.000764076016,9.23050266e-06,1
0.0078125,116,0.000898766506,0.000770825893,9.31522391e-06,1
0.0078125,117,0.000906227157,0.000777577981,9.39899201e-06,1
0.0078125,118,0.000913689379,0.000784331933,9.48280831e-06,1
0.0078125,119,0.000921153172,0.000791087805,9.56669555e-06,1
0.0078125,120,0.000928619877,0.00079784618,9.65063282e-06,1
0.0078125,121,0.000936086464,0.000804605079,9.73464648e-06,1
0.0078125,122,0.000943556428,0.000811367005,9.81871108e-06,1
0.0078125,123,0.000951026916,0.000818129687,9.90284298e-06,1
0.0078125,124,0.000958498917,0.000824893825,9.98702944e-06,1
0.0078125,125,0.000965974003,0.000831661222,1.00712741e-05,1
0.0078125,126,0.000973451766,0.000838431355,1.01555843e-05,1
0.0078125,127,0.000980929239,0.000845201546,1.02399445e-05,1
0.0078125,128,0.00098840869,0.0008519736,1.03243665e-05,1
0.0078125,129,0.000995890005,0.000858747459,1.04088695e-05,1
0.0078125,130,0.00100337446,0.000865524868,1.04934161e-05,1
0.0078125,131,0.00101085939,0.000872302859,1.05780191e-05,1
0.0078125,132,0.00101834675,0.000879082945,1.06626912e-05,1
0.0078125,133,0.00102583528,0.000885864603,1.07474298e-05,1
0.0078125,134,0.00103332568,0.000892648357,1.08322283e-05,1
0.0078125,135,0.00104081631,0.00089943246,1.09170533e-05,1
0.0078125,136,0.00104831124,0.000906220346,1.10019719e-05,1
0.0078125,137,0.00105580571,0.000913008931,1.10869369e-05,1
0.0078125,138,0.0010633046,0.000919800717,1.1172001e-05,1
0.0078125,139,0.00107080443,0.000926594657,1.12570742e-05,1
0.0078125,140,0.00107830379,0.000933387259,1.1342222e-05,1
0.0078125,141,0.00108580803,0.000940185273,1.14274435e-05,1
0.0078125,142,0.00109331135,0.000946982997,1.15127186e-05,1
0.0078125,143,0.00110081804,0.00095378363,1.15980547e-05,1
0.0078125,144,0.00110832613,0.000960585719,1.16834663e-05,1
0.0078125,145,0.00111583725,0.000967390602,1.17676291e-05,1
0.0078125,146,0.00112334732,0.000974195835,1.1853137e-05,1
0.0078125,147,0.00113086053,0.00098100293,1.19387159e-05,1
0.0078125,148,0.00113837596,0.00098781276,1.20243367e-05,1
0.0078125,149,0.00114589208,0.000994623872,1.21100393e-05,1
0.0078125,150,0.00115341076,0.00100143685,1.21957864e-05,1
0.0078125,151,0.00116093236,0.0010082532,1.22816145e-05,1
0.0078125,152,0.00116845372,0.00101506978,1.23674854e-05,1
0.0078125,153,0.00117597764,0.00102188881,1.24534145e-05,1
0.0078125,154,0.00118350284,0.00102870818,1.25394017e-05,1
0.0078125,155,0.00119103049,0.00103553105,1.26254718e-05,1
0.0078125,156,0.00119855849,0.00104235485,1.27115864e-05,1
0.0078125,157,0.00120609102,0.00104918238,1.2797771e-05,1
0.0078125,158,0.00121362426,0.00105601095,1.2884022e-05,1
0.0078125,159,0.00122115703,0.00106283952,1.29703139e-05,1
0.0078125,160,0.00122869329,0.00106967124,1.30566741e-05,1
0.0078125,161,0.0012362327,0.00107650633,1.31430897e-05,1
0.0078125,162,0.00124377117,0.0010833405,1.322958e-05,1
0.0078125,163,0.00125131395,0.00109017943,1.33161429e-05,1
0.0078125,164,0.00125885662,0.00109701778,1.34027478e-05,1
0.0078125,165,0.00126640103,0.00110385811,1.34894144e-05,1
0.0078125,166,0.00127394812,0.00111070124,1.35761511e-05,1
0.0078125,167,0.00128149602,0.00111754611,1.36629396e-05,1
0.0078125,168,0.00128904742,0.00112439343,1.37497809e-05,1
0.0078125,169,0.00129659846,0.00113124063,1.38367104e-05,1
0.0078125,170,0.00130415277,0.00113809167,1.39236799e-05,1
0.0078125,171,0.00131170859,0.00114494388,1.40107204e-05,1
0.0078125,172,0.00131926627,0.00115179888,1.40965112e-05,1
0.0078125,173,0.00132682559,0.00115865446,1.41836626e-05,1
0.0078125,174,0.00133438699,0.00116551307,1.42708714e-05,1
0.0078125,175,0.0013419498,0.00117237261,1.43581692e-05,1
0.0078125,176,0.00134951435,0.00117923401,1.44454834e-05,1
0.0078125,177,0.001357081,0.00118609832,1.45329141e-05,1
0.0078125,178,0.00136464846,0.0011929624,1.46203611e-05,1
0.0078125,179,0.00137221778,0.00119982974,1.47078881e-05,1
0.0078125,180,0.00137978815,0.00120669755,1.47954652e-05,1
0.0078125,181,0.00138736202,0.00121356861,1.48831023e-05,1
0.0078125,182,0.00139493786,0.00122044177,1.49708267e-05,1
0.0078125,183,0.00140251464,0.00122731645,1.50585802e-05,1
0.0078125,184,0.00141009281,0.0012341924,1.51464264e-05,1
0.0078125,185,0.00141767296,0.00124107068,1.52343127e-05,1
0.0078125,186,0.00142525474,0.0012479506,1.53222518e-05,1
0.0078125,187,0.0014328399,0.00125483389,1.54102581e-05,1
0.0078125,188,0.00144042587,0.00126171811,1.54983572e-05,1
0.0078125,189,0.00144801196,0.00126860267,1.55864891e-05,1
0.0078125,190,0.00145560037,0.00127548957,1.56747028e-05,1
0.0078125,191,0.0014631924,0.0012823795,1.5762962e-05,1
0.0078125,192,0.00147078477,0.00128927117,1.58512685e-05,1
0.0078125,193,0.00147838029,0.0012961647,1.59396895e-05,1
0.0078125,194,0.0014859743,0.00130305882,1.6028127e-05,1
0.0078125,195,0.00149357377,0.00130995642,1.61166208e-05,1
0.0078125,196,0.00150117453,0.00131685601,1.62052256e-05,1
0.0078125,197,0.0015087754,0.00132375548,1.62938468e-05,1
0.0078125,198,0.0015163786,0.00133065821,1.63825371e-05,1
0.0078125,199,0.00152398366,0.00133756269,1.64713056e-05,1
0.0078125,200,0.00153158931,0.00134446751,1.65601068e-05,1
0.0078125,201,0.00153919903,0.001351377,1.66490063e-05,1
0.0078125,202,0.00154681038,0.00135828729,1.6737933e-05,1
0.0078125,203,0.00155442429,0.00136520143,1.68269598e-05,1
0.0078125,204,0.00156203588,0.00137211231,1.69160267e-05,1
0.0078125,205,0.00156965177,0.00137902843,1.70051626e-05,1
0.0078125,206,0.00157727068,0.00138594664,1.70930325e-05,1
0.0078125,207,0.00158488995,0.00139286648,1.71822612e-05,1
0.0078125,208,0.00159250968,0.0013997861,1.72715736e-05,1
0.0078125,209,0.00160013488,0.00140671153,1.73609606e-05,1
0.0078125,210,0.00160775788,0.00141363486,1.74503857e-05,1
0.0078125,211,0.00161538448,0.00142056216,1.75398854e-05,1
0.0078125,212,0.00162301352,0.0014274912,1.76294689e-05,1
0.0078125,213,0.00163064152,0.00143441989,1.77190705e-05,1
0.0078125,214,0.00163827348,0.00144135277,1.78087666e-05,1
0.0078125,215,0.00164590834,0.00144828809,1.78985192e-05,1
0.0078125,216,0.00165354472,0.00145522517,1.79883373e-05,1
0.0078125,217,0.00166118145,0.0014621634,1.80782063e-05,1
0.0078125,218,0.00166881771,0.00146910094,1.81681207e-05,1
0.0078125,219,0.00167646119,0.00147604512,1.82581625e-05,1
0.0078125,220,0.00168410072,0.0014829865,1.83482043e-05,1
0.0078125,221,0.00169174816,0.00148993498,1.84383553e-05,1
0.0078125,222,0.00169939292,0.00149688125,1.85285207e-05,1
0.0078125,223,0.00170704082,0.00150383019,1.86187863e-05,1
0.0078125,224,0.0017146914,0.0015107824,1.87090955e-05,1
0.0078125,225,0.00172234047,0.00151773379,1.87994647e-05,1
0.0078125,226,0.00172999455,0.00152468914,1.88898994e-05,1
0.0078125,227,0.00173765013,0.00153164682,1.89804086e-05,1
0.0078125,228,0.00174530642,0.00153860613,1.90709616e-05,1
0.0078125,229,0.00175296562,0.00154556648,1.91616036e-05,1
0.0078125,230,0.00176062516,0.00155252847,1.92523003e-05,1
0.0078125,231,0.00176828715,0.00155949302,1.93430478e-05,1
0.0078125,232,0.00177595019,0.00156645826,1.94338718e-05,1
0.0078125,233,0.00178361579,0.00157342653,1.95247376e-05,1
0.0078125,234,0.00179128477,0.00158039806,1.96156725e-05,1
0.0078125,235,0.00179895153,0.00158736785,1.97066911e-05,1
0.0078125,236,0.00180662482,0.00159434311,1.97977461e-05,1
0.0078125,237,0.00181429379,0.00160131522,1.98888883e-05,1
0.0078125,238,0.00182197115,0.00160829537,1.99800852e-05,1
0.0078125,239,0.00182964699,0.0016152747,2.00713439e-05,1
0.0078125,240,0.00183732668,0.00162225671,2.01626644e-05,1
0.0078125,241,0.00184500462,0.00162923918,2.02540505e-05,1
0.0078125,242,0.00185268663,0.0016362241,2.03454783e-05,1
0.0078125,243,0.00186036958,0.00164321088,2.04369971e-05,1
0.0078125,244,0.00186805392,0.00165019871,2.05285796e-05,1
0.0078125,245,0.0018757442,0.00165719329,2.06202167e-05,1
0.0078125,246,0.00188343134,0.00166418357,2.07119119e-05,1
0.0078125,247,0.00189112325,0.00167117908,2.08022921e-05,1
0.0078125,248,0.00189881644,0.00167817622,2.08941237e-05,1
0.0078125,249,0.00190650858,0.00168517302,2.09860082e-05,1
0.0078125,250,0.0019142055,0.00169217435,2.10779617e-05,1
0.0078125,251,0.00192190218,0.00169917417,2.11699698e-05,1
0.0078125,252,0.00192960212,0.001706179,2.12620635e-05,1
0.0078125,253,0.00193730439,0.00171318569,2.1354168e-05,1
0.0078125,254,0.00194500608,0.00172019284,2.14463726e-05,1
0.0078125,255,0.00195270882,0.00172719918,2.15386208e-05,1
0.0078125,256,0.00196041819,0.00173421344,2.16309618e-05,1
0.0078125,257,0.00196812721,0.00174122781,2.17233737e-05,1
0.0078125,258,0.00197583647,0.00174824172,2.18158293e-05,1
0.0078125,259,0.00198354828,0.00175525947,2.19083449e-05,1
0.0078125,260,0.00199126289,0.00176227815,2.20009297e-05,1
0.0078125,261,0.0019989782,0.00176929985,2.20935744e-05,1
0.0078125,262,0.00200669607,0.00177632179,2.21863138e-05,1
0.0078125,263,0.00201441417,0.00178334583,2.22790641e-05,1
0.0078125,264,0.00202213461,0.00179037149,2.23719089e-05,1
0.0078125,265,0.00202985783,0.00179740007,2.24647974e-05,1
0.0078125,266,0.00203758408,0.00180443178,2.25577751e-05,1
0.0078125,267,0.00204530871,0.0018114635,2.26507946e-05,1
0.0078125,268,0.00205303659,0.00181849708,2.27438632e-05,1
0.0078125,269,0.00206076587,0.00182553241,2.28370391e-05,1
0.0078125,270,0.00206849957,0.00183257146,2.29302859e-05,1
0.0078125,271,0.00207623257,0.00183961121,2.30235473e-05,1
0.0078125,272,0.00208396767,0.00184665329,2.31168924e-05,1
0.0078125,273,0.00209170487,0.00185369689,2.32103357e-05,1
0.0078125,274,0.00209944462,0.00186074199,2.33038008e-05,1
0.0078125,275,0.00210718508,0.00186779012,2.33973315e-05,1
0.0078125,276,0.00211492577,0.00187483756,2.34909294e-05,1
0.0078125,277,0.00212267227,0.00188189046,2.3584611e-05,1
0.0078125,278,0.00213041832,0.00188894314,2.36783435e-05,1
0.0078125,279,0.00213816366,0.00189599639,2.37721324e-05,1
0.0078125,280,0.0021459139,0.00190305279,2.38659941e-05,1
0.0078125,281,0.00215366739,0.00191011431,2.39599231e-05,1
0.0078125,282,0.00216141785,0.00191717187,2.40539011e-05,1
0.0078125,283,0.00216917321,0.00192423468,2.41479702e-05,1
0.0078125,284,0.0021769302,0.00193130015,2.42420811e-05,1
0.0078125,285,0.00218468858,0.00193836598,2.43362683e-05,1
0.0078125,286,0.00219244859,0.00194543391,2.44305102e-05,1
0.0078125,287,0.00220021303,0.00195250567,2.45248211e-05,1
0.0078125,288,0.00220797723,0.0019595772,2.46191976e-05,1
0.0078125,289,0.00221574283,0.0019666506,2.4713634e-05,1
0.0078125,290,0.00222350867,0.00197372539,2.48081469e-05,1
0.0078125,291,0.00223127892,0.00198080321,2.49027089e-05,1
0.0078125,292,0.00223904871,0.00198788126,2.49973509e-05,1
0.0078125,293,0.00224682339,0.00199496443,2.5092053e-05,1
0.0078125,294,0.00225459668,0.00200204644,2.51867896e-05,1
0.0078125,295,0.00226237439,0.00200913311,2.52816317e-05,1
0.0078125,296,0.00227015326,0.00201622024,2.53765211e-05,1
0.0078125,297,0.00227793097,0.00202330691,2.54714687e-05,1
0.0078125,298,0.00228571403,0.00203039963,2.55650812e-05,1
0.0078125,299,0.00229349802,0.00203749235,2.56601397e-05,1
0.0078125,300,0.00230128365,0.00204458646,2.57552983e-05,1
0.0078125,301,0.0023090709,0.00205168361,2.58504788e-05,1
0.0078125,302,0.00231686095,0.00205878261,2.59457702e-05,1
0.0078125,303,0.00232465053,0.00206588139,2.60411252e-05,1
0.0078125,304,0.00233244244,0.00207298272,2.61365294e-05,1
0.0078125,305,0.00234023924,0.00208008965,2.62319918e-05,1
0.0078125,306,0.00234803581,0.00208719564,2.63275178e-05,1
0.0078125,307,0.00235583307,0.00209430233,2.64230912e-05,1
0.0078125,308,0.0023636315,0.00210141158,2.651877e-05,1
0.0078125,309,0.00237143389,0.00210852385,2.66145071e-05,1
0.0078125,310,0.00237923674,0.00211563776,2.67103005e-05,1
0.0078125,311,0.00238704472,0.00212275516,2.68061758e-05,1
0.0078125,312,0.00239485083,0.0021298714,2.69020748e-05,1
0.0078125,313,0.00240265997,0.00213699113,2.69980901e-05,1
0.0078125,314,0.00241047144,0.00214411295,2.70941528e-05,1
0.0078125,315,0.00241828267,0.00215123547,2.7190199e-05,1
0.0078125,316,0.00242609717,0.00215836009,2.72863854e-05,1
0.0078125,317,0.00243391399,0.00216548773,2.73826772e-05,1
0.0078125,318,0.00244173338,0.00217261817,2.74790091e-05,1
0.0078125,319,0.00244955276,0.00217974931,2.75753737e-05,1
0.0078125,320,0.00245737378,0.00218688068,2.76718019e-05,1
0.0078125,321,0.00246519735,0.00219401601,2.77683139e-05,1
0.0078125,322,0.00247302093,0.00220115017,2.78648986e-05,1
0.0078125,323,0.00248085125,0.00220829272,2.79615506e-05,1
0.0078125,324,0.00248867506,0.00221542805,2.80582117e-05,1
0.0078125,325,0.00249651121,0.00222257618,2.81550128e-05,1
0.0078125,326,0.00250434154,0.00222971826,2.82518267e-05,1
0.0078125,327,0.00251217373,0.00223686313,2.83487389e-05,1
0.0078125,328,0.00252000941,0.0022440101,2.84457001e-05,1
0.0078125,329,0.00252784789,0.00225116033,2.85427195e-05,1
0.0078125,330,0.00253568846,0.00225831359,2.86398135e-05,1
0.0078125,331,0.00254352973,0.00226546591,2.87370058e-05,1
0.0078125,332,0.00255137286,0.00227262173,2.8834218e-05,1
0.0078125,333,0.00255921739,0.00227977871,2.89315412e-05,1
0.0078125,334,0.00256706611,0.00228693988,2.90288572e-05,1
0.0078125,335,0.00257491227,0.00229409966,2.91262731e-05,1
0.0078125,336,0.00258276542,0.00230126479,2.92238055e-05,1
0.0078125,337,0.00259061577,0.00230842852,2.9321327e-05,1
0.0078125,338,0.00259846868,0.00231559481,2.94189558e-05,1
0.0078125,339,0.00260632578,0.0023227639,2.95166465e-05,1
0.0078125,340,0.00261418498,0.00232993718,2.96143735e-05,1
0.0078125,341,0.00262204045,0.00233710604,2.97122242e-05,1
0.0078125,342,0.00262990245,0.00234428118,2.98100895e-05,1
0.0078125,343,0.00263776677,0.00235145865,2.99080584e-05,1
0.0078125,344,0.00264562992,0.00235863659,3.00060892e-05,1
0.0078125,345,0.00265350007,0.00236581988,3.01041418e-05,1
0.0078125,346,0.00266136671,0.00237300014,3.02022927e-05,1
0.0078125,347,0.00266923755,0.00238018553,3.03004908e-05,1
0.0078125,348,0.00267711072,0.00238737115,3.03987799e-05,1
0.0078125,349,0.0026849818,0.00239455816,3.04971309e-05,1
0.0078125,350,0.00269286381,0.00240175403,3.05955291e-05,1
0.0078125,351,0.00270073651,0.00240894011,3.0693991e-05,1
0.0078125,352,0.0027086162,0.00241613435,3.07925584e-05,1
0.0078125,353,0.00271649659,0.00242333021,3.0891144e-05,1
0.0078125,354,0.00272438093,0.00243052887,3.09898423e-05,1
0.0078125,355,0.00273226504,0.00243772799,3.10885662e-05,1
0.0078125,356,0.00274015497,0.00244493317,3.11873955e-05,1
0.0078125,357,0.00274804002,0.00245213392,3.12862358e-05,1
0.0078125,358,0.00275593228,0.00245933933,3.13851742e-05,1
0.0078125,359,0.00276382267,0.00246654544,3.14841709e-05,1
0.0078125,360,0.0027717168,0.00247375574,3.15832622e-05,1
0.0078125,361,0.00277961302,0.00248096627,3.16809346e-05,1
0.0078125,362,0.002787509,0.00248817797,3.17801205e-05,1
0.0078125,363,0.00279540964,0.00249539455,3.18793791e-05,1
0.0078125,364,0.00280331145,0.00250261207,3.19787032e-05,1
0.0078125,365,0.00281121349,0.00250982866,3.20781292e-05,1
0.0078125,366,0.00281912088,0.00251705223,3.21775879e-05,1
0.0078125,367,0.00282702572,0.00252427277,3.22771193e-05,1
0.0078125,368,0.0028349373,0.002531501,3.23766908e-05,1
0.0078125,369,0.00284284656,0.00253872597,3.24763532e-05,1
0.0078125,370,0.00285075954,0.00254595652,3.25761139e-05,1
0.0078125,371,0.00285867276,0.00255318545,3.26759036e-05,1
0.0078125,372,0.00286658481,0.00256041437,3.27757698e-05,1
0.0078125,373,0.00287450361,0.00256765005,3.28756796e-05,1
0.0078125,374,0.00288242474,0.00257488759,3.29757131e-05,1
0.0078125,375,0.00289034587,0.00258212583,3.3075783e-05,1
0.0078125,376,0.00289826514,0.00258936244,3.31758711e-05,1
0.0078125,377,0.0029061907,0.0025966051,3.32760537e-05,1
0.0078125,378,0.00291411905,0.00260385009,3.33763455e-05,1
0.0078125,379,0.00292204903,0.00261109672,3.34766955e-05,1
0.0078125,380,0.0029299818,0.00261834729,3.35770856e-05,1
0.0078125,381,0.00293790852,0.00262559182,3.36775156e-05,1
0.0078125,382,0.00294584269,0.00263284403,3.3778073e-05,1
0.0078125,383,0.00295377919,0.0026400981,3.38786704e-05,1
0.0078125,384,0.00296171964,0.00264735543,3.39793696e-05,1
0.0078125,385,0.00296965474,0.00265460927,3.40800616e-05,1
0.0078125,386,0.00297759846,0.00266187033,3.41808627e-05,1
0.0078125,387,0.00298553891,0.00266912975,3.42816747e-05,1
0.0078125,388,0.00299348729,0.00267639477,3.43826723e-05,1
0.0078125,389,0.0030014324,0.00268365908,3.44836735e-05,1
0.0078125,390,0.00300937775,0.0026909227,3.45847293e-05,1
0.0078125,391,0.00301733101,0.00269819563,3.46858578e-05,1
0.0078125,392,0.0030252838,0.0027054653,3.478703e-05,1
0.0078125,393,0.00303323544,0.00271273614,3.4888315e-05,1
0.0078125,394,0.00304119056,0.00272001023,3.49896472e-05,1
0.0078125,395,0.00304914871,0.00272728829,3.50910232e-05,1
0.0078125,396,0.00305710617,0.00273456424,3.51924828e-05,1
0.0078125,397,0.00306507014,0.00274184765,3.52940333e-05,1
0.0078125,398,0.00307303132,0.00274912757,3.53956239e-05,1
0.0078125,399,0.00308099715,0.00275641354,3.54973054e-05,1
0.0078125,400,0.00308896462,0.00276370021,3.55990378e-05,1
0.0078125,401,0.00309693255,0.00277098687,3.57008357e-05,1
0.0078125,402,0.00310490606,0.00277828053,3.58027355e-05,1
0.0078125,403,0.00311287679,0.00278557045,3.59046535e-05,1
0.0078125,404,0.00312084751,0.00279286201,3.60067061e-05,1
0.0078125,405,0.00312882545,0.00280015916,3.61087295e-05,1
0.0078125,406,0.00313680153,0.0028074556,3.62108622e-05,1
0.0078125,407,0.00314478134,0.00281475624,3.63130785e-05,1
0.0078125,408,0.0031527644,0.00282206014,3.6415342e-05,1
0.0078125,409,0.00316074397,0.00282935938,3.65177402e-05,1
0.0078125,410,0.00316873076,0.00283666677,3.66201275e-05,1
0.0078125,411,0.00317671895,0.00284397649,3.67226348e-05,1
0.0078125,412,0.00318470597,0.00285128318,3.68251458e-05,1
0.0078125,413,0.00319269742,0.00285859569,3.69277332e-05,1
0.0078125,414,0.00320068817,0.00286590774,3.70304588e-05,1
0.0078125,415,0.00320868241,0.00287322234,3.7133188e-05,1
0.0078125,416,0.0032166827,0.002880543,3.72360118e-05,1
0.0078125,417,0.00322467973,0.00288786227,3.73389194e-05,1
0.0078125,418,0.00323268049,0.00289518549,3.74418341e-05,1
0.0078125,419,0.00324068125,0.00290250638,3.75449199e-05,1
0.0078125,420,0.00324868015,0.00290982891,3.76479657e-05,1
0.0078125,421,0.00325668557,0.00291715516,3.77510769e-05,1
0.0078125,422,0.00326469564,0.0029244856,3.78543373e-05,1
0.0078125,423,0.00327270408,0.00293181697,3.79576086e-05,1
0.0078125,424,0.00328070833,0.00293914462,3.80609417e-05,1
0.0078125,425,0.00328872725,0.00294648437,3.81644495e-05,1
0.0078125,426,0.00329673826,0.0029538169,3.82678845e-05,1
0.0078125,427,0.00330475485,0.00296115759,3.83714614e-05,1
0.0078125,428,0.00331277261,0.00296849781,3.84750601e-05,1
0.0078125,429,0.00332079502,0.00297584105,3.85788007e-05,1
0.0078125,430,0.00332881627,0.00298318546,3.86825814e-05,1
0.0078125,431,0.00333683705,0.00299053034,3.87863656e-05,1
0.0078125,432,0.00334486761,0.00299788173,3.88903354e-05,1
0.0078125,433,0.00335289189,0.0030052308,3.89942797e-05,1
0.0078125,434,0.00336091639,0.00301257847,3.90982714e-05,1
0.0078125,435,0.00336894765,0.00301993289,3.92023649e-05,1
0.0078125,436,0.00337698101,0.00302728917,3.93065602e-05,1
0.0078125,437,0.00338501786,0.00303465012,3.94108138e-05,1
0.0078125,438,0.00339305564,0.00304201036,3.95151437e-05,1
0.0078125,439,0.00340108899,0.00304936757,3.96194773e-05,1
0.0078125,440,0.00340913259,0.0030567355,3.97239601e-05,1
0.0078125,441,0.00341717224,0.003064099,3.98284828e-05,1
0.0078125,442,0.00342521793,0.00307146739,3.99315504e-05,1
0.0078125,443,0.00343326293,0.00307883718,4.00361569e-05,1
0.0078125,444,0.00344130653,0.00308620511,4.01408688e-05,1
0.0078125,445,0.00344935944,0.00309358165,4.0245679e-05,1
0.0078125,446,0.0034574063,0.0031009526,4.03505146e-05,1
0.0078125,447,0.00346546411,0.00310833589,4.04554485e-05,1
0.0078125,448,0.00347351539,0.00311571243,4.05604915e-05,1
0.0078125,449,0.00348157366,0.00312309572,4.0665549e-05,1
0.0078125,450,0.00348962983,0.00313047646,4.0770632e-05,1
0.0078125,451,0.00349769183,0.00313786347,4.08758206e-05,1
0.0078125,452,0.00350575102,0.00314524746,4.09811109e-05,1
0.0078125,453,0.00351381698,0.00315263751,4.10864559e-05,1
0.0078125,454,0.00352188153,0.00316002895,4.11918663e-05,1
0.0078125,455,0.00352995214,0.00316742389,4.12973677e-05,1
0.0078125,456,0.00353801763,0.00317481626,4.14028364e-05,1
0.0078125,457,0.00354608824,0.00318221189,4.15084505e-05,1
0.0078125,458,0.00355416001,0.00318960892,4.16141047e-05,1
0.0078125,459,0.00356224156,0.00319701619,4.17198717e-05,1
0.0078125,460,0.0035703138,0.00320441462,4.18257259e-05,1
0.0078125,461,0.00357839325,0.0032118205,4.19316457e-05,1
0.0078125,462,0.00358647224,0.00321922451,4.20375654e-05,1
0.0078125,463,0.00359455333,0.00322663249,4.21435543e-05,1
0.0078125,464,0.00360263791,0.00323404348,4.22496814e-05,1
0.0078125,465,0.00361072342,0.00324145565,4.23557831e-05,1
0.0078125,466,0.00361880939,0.00324886898,4.24620739e-05,1
0.0078125,467,0.00362689816,0.00325628417,4.25683356e-05,1
0.0078125,468,0.00363499112,0.00326370378,4.26747029e-05,1
0.0078125,469,0.00364308921,0.00327112922,4.27811683e-05,1
0.0078125,470,0.0036511817,0.00327854836,4.28876956e-05,1
0.0078125,471,0.00365928141,0.0032859752,4.29942629e-05,1
0.0078125,472,0.00366737717,0.00329339853,4.3100903e-05,1
0.0078125,473,0.00367547479,0.00330082327,4.3207594e-05,1
0.0078125,474,0.00368357869,0.00330825523,4.33143723e-05,1
0.0078125,475,0.00369168096,0.00331568555,4.34212561e-05,1
0.0078125,476,0.00369978906,0.0033231196,4.35281763e-05,1
0.0078125,477,0.00370790111,0.00333056133,4.36351766e-05,1
0.0078125,478,0.00371601107,0.00333799655,4.37422677e-05,1
0.0078125,479,0.00372412079,0.00334543618,4.38493553e-05,1
0.0078125,480,0.00373223238,0.00335287629,4.39565665e-05,1
0.0078125,481,0.00374034699,0.00336031825,4.40638614e-05,1
0.0078125,482,0.00374846556,0.00336776488,4.41712218e-05,1
0.0078125,483,0.0037565832,0.0033752115,4.4278615e-05,1
0.0078125,484,0.0037647055,0.00338266254,4.43860408e-05,1
0.0078125,485,0.00377282803,0.00339011406,4.44936159e-05,1
0.0078125,486,0.0037809494,0.00339756464,4.46011945e-05,1
0.0078125,487,0.00378907612,0.00340502011,4.47088896e-05,1
0.0078125,488,0.00379720819,0.00341248093,4.48166611e-05,1
0.0078125,489,0.00380533631,0.00341993826,4.49244726e-05,1
0.0078125,490,0.00381346745,0.00342739932,4.50323714e-05,1
0.0078125,491,0.00382160093,0.00343486154,4.51402993e-05,1
0.0078125,492,0.00382973836,0.00344232772,4.524838e-05,1
0.0078125,493,0.00383787532,0.00344979484,4.53564571e-05,1
0.0078125,494,0.00384601415,0.00345726311,4.54647306e-05,1
0.0078125,495,0.00385415507,0.00346473348,4.55728732e-05,1
0.0078125,496,0.00386230135,0.00347221037,4.56812231e-05,1
0.0078125,497,0.00387044484,0.00347968424,4.57895876e-05,1
0.0078125,498,0.00387858716,0.00348715787,4.58980576e-05,1
0.0078125,499,0.0038867332,0.00349463336,4.60065385e-05,1
0.0078125,500,0.00389488833,0.0035021177,4.61151867e-05,1
0.0078125,501,0.00390304066,0.00350960274,4.62238168e-05,1
0.0078125,502,0.00391119067,0.00351708219,4.63325923e-05,1
0.0078125,503,0.00391935045,0.00352457352,4.64413242e-05,1
0.0078125,504,0.00392750651,0.00353205903,4.65502053e-05,1
0.0078125,505,0.00393567048,0.00353955431,4.66591991e-05,1
0.0078125,506,0.00394383073,0.0035470468,4.67682221e-05,1
0.0078125,507,0.00395199331,0.00355454045,4.68772705e-05,1
0.0078125,508,0.00396015774,0.00356203457,4.69864353e-05,1
0.0078125,509,0.00396832032,0.00356952916,4.70956293e-05,1
0.0078125,510,0.00397649547,0.00357703608,4.72049396e-05,1
0.0078125,511,0.00398466131,0.00358453277,4.73143118e-05,1
0.0078125,512,0.00399283972,0.00359204155,4.7423775e-05,1
0.0078125,513,0.00400100974,0.00359954592,4.75332636e-05,1
0.0078125,514,0.00400918769,0.00360705541,4.76428322e-05,1
0.0078125,515,0.00401736377,0.00361456396,4.77524409e-05,1
0.0078125,516,0.0040255459,0.00362207857,4.78622023e-05,1
0.0078125,517,0.00403372897,0.00362959295,4.79719492e-05,1
0.0078125,518,0.00404190971,0.00363710593,4.80818235e-05,1
0.0078125,519,0.00405009324,0.00364462356,4.81917159e-05,1
0.0078125,520,0.00405828515,0.00365214678,4.83017138e-05,1
0.0078125,521,0.00406647287,0.00365966721,4.84118063e-05,1
0.0078125,522,0.00407466711,0.00366719463,4.85219352e-05,1
0.0078125,523,0.0040828581,0.00367471692,4.86321915e-05,1
0.0078125,524,0.00409105793,0.00368225132,4.87425168e-05,1
0.0078125,525,0.00409924472,0.00368977152,4.88527839e-05,1
0.0078125,526,0.00410744967,0.00369730988,4.89632512e-05,1
0.0078125,527,0.0041156481,0.00370484265,4.90737038e-05,1
0.0078125,528,0.00412385119,0.00371237961,4.91842984e-05,1
0.0078125,529,0.00413205428,0.00371991447,4.92949184e-05,1
0.0078125,530,0.00414026342,0.00372745655,4.94056076e-05,1
0.0078125,531,0.00414846791,0.00373499608,4.95163695e-05,1
0.0078125,532,0.00415667519,0.00374253769,4.96272041e-05,1
0.0078125,533,0.00416488666,0.00375008443,4.97381334e-05,1
0.0078125,534,0.00417309767,0.00375762908,4.98491136e-05,1
0.0078125,535,0.00418131892,0.00376518397,4.99601774e-05,1
0.0078125,536,0.00418953691,0.00377273629,5.00713577e-05,1
0.0078125,537,0.00419775443,0.00378028909,5.01825452e-05,1
0.0078125,538,0.00420597428,0.00378784211,5.02938128e-05,1
0.0078125,539,0.00421419367,0.00379539793,5.04051241e-05,1
0.0078125,540,0.00422242284,0.00380296167,5.05165335e-05,1
0.0078125,541,0.00423065154,0.00381052494,5.06280812e-05,1
0.0078125,542,0.00423887791,0.00381808542,5.07395634e-05,1
0.0078125,543,0.00424710242,0.00382564589,5.08511912e-05,1
0.0078125,544,0.00425533764,0.00383321755,5.09629608e-05,1
0.0078125,545,0.00426357193,0.0038407871,5.10746686e-05,1
0.0078125,546,0.00427181041,0.00384835922,5.11864928e-05,1
0.0078125,547,0.0042800447,0.00385593064,5.12968145e-05,1
0.0078125,548,0.00428828597,0.00386350928,5.14087551e-05,1
0.0078125,549,0.00429652864,0.00387108629,5.15208849e-05,1
0.0078125,550,0.00430477411,0.00387866818,5.1632971e-05,1
0.0078125,551,0.00431301584,0.00388624496,5.17451299e-05,1
0.0078125,552,0.00432126131,0.00389382895,5.18574743e-05,1
0.0078125,553,0.00432951096,0.00390141574,5.19697714e-05,1
0.0078125,554,0.00433776202,0.00390900113,5.20821195e-05,1
0.0078125,555,0.004346014,0.00391659047,5.21946131e-05,1
0.0078125,556,0.00435427157,0.00392418634,5.23071903e-05,1
0.0078125,557,0.00436252216,0.0039317729,5.24197931e-05,1
0.0078125,558,0.00437078718,0.00393937342,5.25325086e-05,1
0.0078125,559,0.00437904568,0.00394696975,5.26452859e-05,1
0.0078125,560,0.00438730326,0.00395456422,5.27580996e-05,1
0.0078125,561,0.00439556735,0.00396216568,5.28709534e-05,1
0.0078125,562,0.0044038333,0.00396976992,5.29839781e-05,1
0.0078125,563,0.00441209972,0.00397737231,5.30970065e-05,1
0.0078125,564,0.00442037312,0.00398498261,5.32102167e-05,1
0.0078125,565,0.00442864187,0.00399259105,5.33233324e-05,1
0.0078125,566,0.00443691527,0.00400020368,5.34366154e-05,1
0.0078125,567,0.00444518775,0.00400781352,5.35499166e-05,1
0.0078125,568,0.00445346674,0.00401542941,5.36634252e-05,1
0.0078125,569,0.00446174154,0.00402304344,5.37768283e-05,1
0.0078125,570,0.00447002659,0.00403066538,5.38904715e-05,1
0.0078125,571,0.00447830884,0.00403828779,5.40040055e-05,1
0.0078125,572,0.00448659342,0.00404591067,5.41176814e-05,1
0.0078125,573,0.0044948752,0.00405353121,5.42315283e-05,1
0.0078125,574,0.00450316304,0.00406115735,5.4345328e-05,1
0.0078125,575,0.00451145601,0.0040687914,5.44592367e-05,1
0.0078125,576,0.00451974524,0.00407641847,5.45732255e-05,1
0.0078125,577,0.0045280396,0.00408405298,5.46872725e-05,1
0.0078125,578,0.00453633489,0.00409168517,5.48013886e-05,1
0.0078125,579,0.00454463437,0.00409932435,5.49156284e-05,1
0.0078125,580,0.00455293106,0.00410696026,5.50298682e-05,1
0.0078125,581,0.0045612338,0.00411460409,5.51442572e-05,1
0.0078125,582,0.00456953561,0.00412224606,5.52586898e-05,1
0.0078125,583,0.00457784114,0.00412989128,5.53731152e-05,1
0.0078125,584,0.00458614947,0.00413753977,5.54876933e-05,1
0.0078125,585,0.00459445687,0.00414518639,5.56023479e-05,1
0.0078125,586,0.00460276799,0.00415283861,5.57170606e-05,1
0.0078125,587,0.00461107958,0.00416048896,5.58318789e-05,1
0.0078125,588,0.00461939629,0.00416814722,5.59466644e-05,1
0.0078125,589,0.00462770741,0.0041757999,5.60615808e-05,1
0.0078125,590,0.00463602832,0.0041834591,5.6176661e-05,1
0.0078125,591,0.00464434642,0.00419111922,5.62916539e-05,1
0.0078125,592,0.00465267245,0.00419878541,5.64068614e-05,1
0.0078125,593,0.00466099195,0.00420644647,5.6521978e-05,1
0.0078125,594,0.00466931565,0.00421411218,5.66373528e-05,1
0.0078125,595,0.004677644,0.00422178162,5.6752684e-05,1
0.0078125,596,0.00468597282,0.00422945106,5.6868128e-05,1
0.0078125,597,0.00469430303,0.00423712283,5.69835793e-05,1
0.0078125,598,0.00470263883,0.00424480066,5.70992197e-05,1
0.0078125,599,0.00471097324,0.00425247615,5.7214831e-05,1
0.0078125,600,0.00471930997,0.00426015584,5.73306133e-05,1
0.0078125,601,0.0047276509,0.00426783832,5.74463957e-05,1
0.0078125,602,0.00473598856,0.00427551847,5.75622216e-05,1
0.0078125,603,0.00474433042,0.00428320142,5.76781567e-05,1
0.0078125,604,0.00475267321,0.00429088809,5.77941755e-05,1
0.0078125,605,0.00476101786,0.00429857289,5.79102671e-05,1
0.0078125,606,0.00476937043,0.00430626888,5.80264204e-05,1
0.0078125,607,0.0047777202,0.00431396253,5.8142683e-05,1
0.0078125,608,0.00478606811,0.00432165386,5.82589928e-05,1
0.0078125,609,0.00479442207,0.00432934845,5.83753135e-05,1
0.0078125,610,0.00480277697,0.0043370463,5.84917434e-05,1
0.0078125,611,0.00481113698,0.00434475113,5.86083479e-05,1
0.0078125,612,0.00481949607,0.00435245316,5.87248651e-05,1
0.0078125,613,0.00482785655,0.00436015753,5.88415678e-05,1
0.0078125,614,0.00483622495,0.00436786795,5.89583797e-05,1
0.0078125,615,0.00484458217,0.00437556859,5.90751042e-05,1
0.0078125,616,0.00485294964,0.00438328274,5.91919816e-05,1
0.0078125,617,0.0048613199,0.00439099455,5.93089717e-05,1
0.0078125,618,0.00486968784,0.00439870777,5.94260273e-05,1
0.0078125,619,0.00487806415,0.00440642657,5.95431447e-05,1
0.0078125,620,0.00488643255,0.00441414118,5.96603531e-05,1
0.0078125,621,0.00489481166,0.00442186464,5.97775215e-05,1
0.0078125,622,0.00490318984,0.00442958623,5.98948864e-05,1
0.0078125,623,0.00491157034,0.00443731062,6.00122949e-05,1
0.0078125,624,0.00491995411,0.0044450392,6.01297797e-05,1
0.0078125,625,0.00492833275,0.00445276452,6.02473228e-05,1
0.0078125,626,0.00493671931,0.0044604945,6.03649205e-05,1
0.0078125,627,0.00494510354,0.00446822541,6.04825946e-05,1
0.0078125,628,0.00495350035,0.0044759633,6.06004432e-05,1
0.0078125,629,0.00496189063,0.00448370073,6.07182592e-05,1
0.0078125,630,0.00497028185,0.00449143769,6.08361588e-05,1
0.0078125,631,0.0049786726,0.00449917605,6.09542149e-05,1
0.0078125,632,0.00498707965,0.00450692512,6.10722345e-05,1
0.0078125,633,0.00499546528,0.00451466022,6.11903306e-05,1
0.0078125,634,0.00500386721,0.00452240836,6.13085213e-05,1
0.0078125,635,0.00501227565,0.00453016069,6.14268429e-05,1
0.0078125,636,0.00502068037,0.00453791162,6.15452082e-05,1
0.0078125,637,0.00502908695,0.00454566255,6.16636753e-05,1
0.0078125,638,0.00503749168,0.00455341768,6.17821715e-05,1
0.0078125,639,0.00504590711,0.00456117745,6.19007624e-05,1
0.0078125,640,0.00505431462,0.00456893258,6.20194332e-05,1
0.0078125,641,0.00506272586,0.0045766905,6.21380823e-05,1
0.0078125,642,0.00507114735,0.00458445819,6.22569132e-05,1
0.0078125,643,0.00507955812,0.00459221564,6.23757587e-05,1
0.0078125,644,0.005087981,0.00459998799,6.24947061e-05,1
0.0078125,645,0.00509640248,0.00460775523,6.26137626e-05,1
0.0078125,646,0.0051048263,0.00461552478,6.27328627e-05,1
0.0078125,647,0.0051132529,0.00462329946,6.28521011e-05,1
0.0078125,648,0.00512167532,0.00463106902,6.2971274e-05,1
0.0078125,649,0.00513010705,0.00463884929,6.30905924e-05,1
0.0078125,650,0.00513854204,0.00464663189,6.32099909e-05,1
0.0078125,651,0.00514696864,0.00465440843,6.33295058e-05,1
0.0078125,652,0.00515539851,0.00466218544,6.34490425e-05,1
0.0078125,653,0.00516383955,0.00466997456,6.35686374e-05,1
0.0078125,654,0.00517228013,0.00467776181,6.36882614e-05,1
0.0078125,655,0.0051807221,0.00468555279,6.38081037e-05,1
0.0078125,656,0.00518916268,0.00469334098,6.39278733e-05,1
0.0078125,657,0.00519760512,0.00470113428,6.40478029e-05,1
0.0078125,658,0.00520605128,0.00470892806,6.41677761e-05,1
0.0078125,659,0.00521449791,0.00471672555,6.42879022e-05,1
0.0078125,660,0.00522295386,0.00472452911,6.44080792e-05,1
0.0078125,661,0.00523140002,0.00473232521,6.45282198e-05,1
0.0078125,662,0.00523985596,0.00474013016,6.46485132e-05,1
0.0078125,663,0.00524830911,0.00474793417,6.47688794e-05,1
0.0078125,664,0.00525676925,0.00475574192,6.48892965e-05,1
0.0078125,665,0.00526522379,0.0047635464,6.50097645e-05,1
0.0078125,666,0.00527368113,0.00477135554,6.51302907e-05,1
0.0078125,667,0.00528215431,0.00477917632,6.52511153e-05,1
0.0078125,668,0.00529061444,0.00478698639,6.53718889e-05,1
0.0078125,669,0.00529908296,0.00479480391,6.54926116e-05,1
0.0078125,670,0.00530754868,0.00480262144,6.56134289e-05,1
0.0078125,671,0.00531601859,0.00481044222,6.5734348e-05,1
0.0078125,672,0.00532449363,0.00481826812,6.58555073e-05,1
0.0078125,673,0.00533297053,0.00482609496,6.59766156e-05,1
0.0078125,674,0.00534143904,0.00483391527,6.60977094e-05,1
0.0078125,675,0.00534991873,0.00484174537,6.62189559e-05,1
0.0078125,676,0.00535840448,0.00484958244,6.63403844e-05,1
0.0078125,677,0.00536688836,0.00485741673,6.6461791e-05,1
0.0078125,678,0.00537536619,0.00486524589,6.65832049e-05,1
0.0078125,679,0.0053838524,0.0048730839,6.67047279e-05,1
0.0078125,680,0.00539233582,0.00488091726,6.68263674e-05,1
0.0078125,681,0.00540082296,0.0048887562,6.69480723e-05,1
0.0078125,682,0.00540931989,0.00489660539,6.706985e-05,1
0.0078125,683,0.00541781355,0.00490445085,6.71917223e-05,1
0.0078125,684,0.0054263114,0.00491230004,6.73136528e-05,1
0.0078125,685,0.00543480832,0.00492015015,6.74339026e-05,1
0.0078125,686,0.00544330478,0.00492799794,6.7556015e-05,1
0.0078125,687,0.00545180077,0.00493584992,6.76781128e-05,1
0.0078125,688,0.00546030561,0.0049437047,6.78003489e-05,1
0.0078125,689,0.00546880811,0.00495155994,6.79226723e-05,1
0.0078125,690,0.00547731435,0.0049594189,6.80450248e-05,1
0.0078125,691,0.00548582803,0.00496728485,6.81675083e-05,1
0.0078125,692,0.00549433706,0.00497514801,6.82900063e-05,1
0.0078125,693,0.00550284609,0.00498300884,6.84126571e-05,1
0.0078125,694,0.00551136397,0.00499088038,6.85353516e-05,1
0.0078125,695,0.00551988045,0.00499875145,6.86581043e-05,1
0.0078125,696,0.00552839553,0.00500661694,6.87808861e-05,1
0.0078125,697,0.00553692132,0.00501449639,6.89037697e-05,1
0.0078125,698,0.00554543361,0.0050223642,6.90268207e-05,1
0.0078125,699,0.00555396033,0.00503024412,6.91498353e-05,1
0.0078125,700,0.00556248473,0.00503812358,6.92729373e-05,1
0.0078125,701,0.00557102216,0.00504601328,6.93962356e-05,1
0.0078125,702,0.00557954377,0.00505388994,6.9519454e-05,1
0.0078125,703,0.00558807375,0.00506177312,6.96427887e-05,1
0.0078125,704,0.00559660885,0.00506966561,6.97662981e-05,1
0.0078125,705,0.00560514582,0.00507755484,6.98898584e-05,1
0.0078125,706,0.00561367767,0.00508544035,7.00134115e-05,1
0.0078125,707,0.0056222151,0.00509333517,7.01369354e-05,1
0.0078125,708,0.00563076511,0.00510123931,7.0260794e-05,1
0.0078125,709,0.00563930161,0.0051091304,7.03846017e-05,1
0.0078125,710,0.00564784789,0.00511703221,7.05084676e-05,1
0.0078125,711,0.00565639231,0.00512493122,7.06323408e-05,1
0.0078125,712,0.0056649372,0.00513283256,7.07563522e-05,1
0.0078125,713,0.00567349559,0.00514074368,7.08805674e-05,1
0.0078125,714,0.0056820442,0.00514864968,7.10048189e-05,1
0.0078125,715,0.00569059653,0.0051565594,7.11290486e-05,1
0.0078125,716,0.00569915166,0.00516447052,7.12534238e-05,1
0.0078125,717,0.00570771517,0.00517238863,7.137793e-05,1
0.0078125,718,0.0057162703,0.00518030068,7.15023416e-05,1
0.0078125,719,0.00572482869,0.00518821739,7.16268987e-05,1
0.0078125,720,0.00573340012,0.00519614061,7.17515795e-05,1
0.0078125,721,0.00574196875,0.00520406896,7.18763185e-05,1
0.0078125,722,0.00575053226,0.005211988,7.20011012e-05,1
0.0078125,723,0.00575909205,0.0052199061,7.21259421e-05,1
0.0078125,724,0.00576767512,0.00522784423,7.2250943e-05,1
0.0078125,725,0.00577624142,0.00523577025,7.23759149e-05,1
0.0078125,726,0.00578481378,0.00524369814,7.25009813e-05,1
0.0078125,727,0.00579339592,0.00525163673,7.2626266e-05,1
0.0078125,728,0.00580197526,0.00525957393,7.27515362e-05,1
0.0078125,729,0.0058105546,0.00526751159,7.28768209e-05,1
0.0078125,730,0.00581914326,0.00527545623,7.3002273e-05,1
0.0078125,731,0.0058277254,0.00528339623,7.3127725e-05,1
0.0078125,732,0.0058363094,0.00529133808,7.32532935e-05,1
0.0078125,733,0.00584489666,0.00529928459,7.33788911e-05,1
0.0078125,734,0.00585348811,0.00530723482,7.3504656e-05,1
0.0078125,735,0.00586208468,0.00531518878,7.36304646e-05,1
0.0078125,736,0.00587067241,0.00532313716,7.37563096e-05,1
0.0078125,737,0.00587926526,0.00533108832,7.38822637e-05,1
0.0078125,738,0.00588786788,0.0053390488,7.40082978e-05,1
0.0078125,739,0.00589647377,0.00534701208,7.41343974e-05,1
0.0078125,740,0.0059050722,0.00535497069,7.42606207e-05,1
0.0078125,741,0.00591367437,0.00536293071,7.43868368e-05,1
0.0078125,742,0.00592228211,0.00537089864,7.4513162e-05,1
0.0078125,743,0.00593089266,0.0053788689,7.46396399e-05,1
0.0078125,744,0.00593949575,0.00538683124,7.4766067e-05,1
0.0078125,745,0.00594810722,0.00539480383,7.48927268e-05,1
0.0078125,746,0.00595672289,0.00540277688,7.50191975e-05,1
0.0078125,747,0.00596534135,0.00541075552,7.5146032e-05,1
0.0078125,748,0.00597395003,0.00541872531,7.52728447e-05,1
0.0078125,749,0.00598257314,0.00542670814,7.53996137e-05,1
0.0078125,750,0.00599119347,0.00543468772,7.55265428e-05,1
0.0078125,751,0.00599981518,0.00544267055,7.56535665e-05,1
0.0078125,752,0.00600844482,0.00545066176,7.57808011e-05,1
0.0078125,753,0.006017067,0.00545864273,7.59079048e-05,1
0.0078125,754,0.0060256971,0.00546663394,7.60350158e-05,1
0.0078125,755,0.00603432301,0.0054746205,7.61624979e-05,1
0.0078125,756,0.00604295684,0.00548261544,7.62898781e-05,1
0.0078125,757,0.00605159206,0.00549061177,7.64173456e-05,1
0.0078125,758,0.00606023381,0.0054986137,7.65450313e-05,1
0.0078125,759,0.0060688681,0.00550661003,7.66726662e-05,1
0.0078125,760,0.00607750844,0.00551461335,7.68003156e-05,1
0.0078125,761,0.00608614972,0.00552261528,7.69280887e-05,1
0.0078125,762,0.00609479472,0.00553061906,7.70559855e-05,1
0.0078125,763,0.00610343739,0.00553862704,7.71839477e-05,1
0.0078125,764,0.00611208426,0.00554663595,7.73118809e-05,1
0.0078125,765,0.00612073764,0.00555464951,7.74401196e-05,1
0.0078125,766,0.00612938311,0.00556266028,7.75681547e-05,1
0.0078125,767,0.00613803556,0.00557067059,7.76965098e-05,1
0.0078125,768,0.00614669826,0.0055786958,7.78248432e-05,1
0.0078125,769,0.00615535304,0.00558671681,7.79532493e-05,1
0.0078125,770,0.00616401527,0.00559473922,7.80817354e-05,1
0.0078125,771,0.00617267191,0.00560275931,7.82103234e-05,1
0.0078125,772,0.00618133834,0.00561078824,7.83389551e-05,1
0.0078125,773,0.00619000103,0.00561881438,7.8467725e-05,1
0.0078125,774,0.00619866932,0.00562684704,7.85965603e-05,1
0.0078125,775,0.00620733574,0.00563487923,7.87253302e-05,1
0.0078125,776,0.00621600728,0.00564291188,7.88542529e-05,1
0.0078125,777,0.00622468349,0.00565095199,7.8983292e-05,1
0.0078125,778,0.0062333555,0.00565898698,7.91124767e-05,1
0.0078125,779,0.00624203729,0.00566703221,7.92416613e-05,1
0.0078125,780,0.00625071116,0.00567506952,7.93708896e-05,1
0.0078125,781,0.00625939015,0.00568311429,7.95003507e-05,1
0.0078125,782,0.00626806682,0.00569115765,7.96296154e-05,1
0.0078125,783,0.0062767528,0.00569920707,7.97591056e-05,1
0.0078125,784,0.00628544902,0.00570726488,7.98887922e-05,1
0.0078125,785,0.00629413454,0.00571531616,8.00183843e-05,1
0.0078125,786,0.00630282052,0.00572336791,8.01482238e-05,1
0.0078125,787,0.00631151348,0.00573142618,8.02781142e-05,1
0.0078125,788,0.00632021343,0.00573948957,8.04079464e-05,1
0.0078125,789,0.0063289036,0.00574754504,8.05378877e-05,1
0.0078125,790,0.00633760029,0.0057556075,8.06678581e-05,1
0.0078125,791,0.00634630118,0.00576367415,8.07981633e-05,1
0.0078125,792,0.00635500578,0.00577174406,8.0928301e-05,1
0.0078125,793,0.00636370294,0.00577980652,8.10584679e-05,1
0.0078125,794,0.00637240848,0.00578787737,8.11889113e-05,1
0.0078125,795,0.00638112053,0.00579595659,8.13193328e-05,1
0.0078125,796,0.00638982328,0.00580402464,8.14498489e-05,1
0.0078125,797,0.00639853999,0.00581210712,8.15804378e-05,1
0.0078125,798,0.00640725298,0.00582019053,8.17111868e-05,1
0.0078125,799,0.00641597528,0.00582827767,8.1841863e-05,1
0.0078125,800,0.00642468175,0.00583634898,8.19727138e-05,1
0.0078125,801,0.00643340545,0.00584443891,8.21037102e-05,1
0.0078125,802,0.00644212309,0.00585252419,8.22347065e-05,1
0.0078125,803,0.00645084726,0.00586061599,8.23657174e-05,1
0.0078125,804,0.00645957189,0.00586870639,8.2496852e-05,1
0.0078125,805,0.00646829791,0.00587679958,8.26282048e-05,1
0.0078125,806,0.00647703279,0.00588490255,8.27594558e-05,1
0.0078125,807,0.00648575835,0.00589299528,8.28908378e-05,1
0.0078125,808,0.0064944895,0.00590109499,8.30222561e-05,1
0.0078125,809,0.00650322484,0.00590919796,8.31537982e-05,1
0.0078125,810,0.00651196111,0.00591730187,8.32853984e-05,1
0.0078125,811,0.00652069738,0.0059254053,8.34171005e-05,1
0.0078125,812,0.00652944297,0.00593352038,8.35489263e-05,1
0.0078125,813,0.00653817644,0.00594162382,8.36808031e-05,1
0.0078125,814,0.00654692529,0.00594973797,8.38127671e-05,1
0.0078125,815,0.00655566994,0.00595785119,8.39447021e-05,1
0.0078125,816,0.00656441227,0.00596596394,8.40767098e-05,1
0.0078125,817,0.00657316996,0.00597408973,8.42090158e-05,1
0.0078125,818,0.00658191554,0.00598220434,8.43411981e-05,1
0.0078125,819,0.00659067603,0.00599033432,8.4473606e-05,1
0.0078125,820,0.00659942999,0.00599845732,8.46059702e-05,1
0.0078125,821,0.00660818955,0.00600658543,8.47384654e-05,1
0.0078125,822,0.00661694724,0.00601471262,8.48710479e-05,1
0.0078125,823,0.0066257054,0.00602284307,8.50036449e-05,1
0.0078125,824,0.00663447147,0.0060309777,8.51363875e-05,1
0.0078125,825,0.00664323475,0.00603910955,8.52692174e-05,1
0.0078125,826,0.00665200176,0.00604724837,8.54021855e-05,1
0.0078125,827,0.0066607818,0.00605539698,8.55351536e-05,1
0.0078125,828,0.00666954182,0.00606352743,8.56681218e-05,1
0.0078125,829,0.00667831302,0.00607166858,8.58012136e-05,1
0.0078125,830,0.0066870912,0.00607981812,8.59343854e-05,1
0.0078125,831,0.00669587497,0.00608797232,8.60677101e-05,1
0.0078125,832,0.00670464523,0.00609611347,8.62010347e-05,1
0.0078125,833,0.00671342807,0.00610426674,8.63345631e-05,1
0.0078125,834,0.00672220811,0.00611241674,8.64680187e-05,1
0.0078125,835,0.00673098862,0.00612057047,8.6601598e-05,1
0.0078125,836,0.00673977984,0.00612873212,8.67353519e-05,1
0.0078125,837,0.00674857525,0.00613689842,8.68691568e-05,1
0.0078125,838,0.00675735623,0.00614505215,8.70028744e-05,1
0.0078125,839,0.0067661521,0.00615321985,8.71367884e-05,1
0.0078125,840,0.00677495496,0.00616139406,8.72708915e-05,1
0.0078125,841,0.00678374805,0.00616955943,8.74049438e-05,1
0.0078125,842,0.00679254392,0.00617772574,8.75389378e-05,1
0.0078125,843,0.00680134306,0.00618589809,8.76733247e-05,1
0.0078125,844,0.00681014173,0.00619406998,8.78076826e-05,1
0.0078125,845,0.00681894412,0.00620224513,8.79420186e-05,1
0.0078125,846,0.00682775769,0.00621043285,8.80765292e-05,1
0.0078125,847,0.00683656614,0.00621861313,8.82110398e-05,1
0.0078125,848,0.00684537273,0.00622679433,8.83457469e-05,1
0.0078125,849,0.00685418723,0.00623497926,8.84804031e-05,1
0.0078125,850,0.00686300034,0.00624316745,8.86151538e-05,1
0.0078125,851,0.00687181437,0.00625135377,8.87501519e-05,1
0.0078125,852,0.00688062841,0.00625954242,8.88850045e-05,1
0.0078125,853,0.0068894499,0.00626773434,8.90200681e-05,1
0.0078125,854,0.00689826952,0.00627592811,8.9155219e-05,1
0.0078125,855,0.00690709893,0.00628413074,8.92904718e-05,1
0.0078125,856,0.00691591576,0.00629232405,8.94256882e-05,1
0.0078125,857,0.00692475075,0.00630053179,8.95610283e-05,1
0.0078125,858,0.00693357829,0.00630873442,8.96964921e-05,1
0.0078125,859,0.00694241049,0.00631694123,8.98319995e-05,1
0.0078125,860,0.00695124269,0.00632514851,8.99675579e-05,1
0.0078125,861,0.0069600814,0.00633335859,9.01032909e-05,1
0.0078125,862,0.00696891686,0.00634156913,9.02389947e-05,1
0.0078125,863,0.00697775371,0.00634978199,9.03748805e-05,1
0.0078125,864,0.00698659476,0.00635799812,9.05107372e-05,1
0.0078125,865,0.00699543161,0.00636621052,9.06467321e-05,1
0.0078125,866,0.00700427545,0.00637443038,9.07828071e-05,1
0.0078125,867,0.00701313606,0.00638266467,9.09190712e-05,1
0.0078125,868,0.00702197803,0.00639088405,9.10552335e-05,1
0.0078125,869,0.00703083258,0.00639911182,9.11915995e-05,1
0.0078125,870,0.00703968154,0.00640733913,9.13280091e-05,1
0.0078125,871,0.0070485319,0.0064155655,9.14644697e-05,1
0.0078125,872,0.0070573967,0.00642380584,9.16010831e-05,1
0.0078125,873,0.00706625544,0.0064320392,9.1737711e-05,1
0.0078125,874,0.00707510812,0.0064402693,9.18724836e-05,1
0.0078125,875,0.00708397292,0.00644850964,9.20093371e-05,1
0.0078125,876,0.00709283957,0.00645675277,9.21462924e-05,1
0.0078125,877,0.00710170856,0.00646499824,9.22832114e-05,1
0.0078125,878,0.00711057149,0.00647323951,9.24202104e-05,1
0.0078125,879,0.00711945118,0.00648149289,9.25574423e-05,1
0.0078125,880,0.00712831644,0.00648973696,9.26945795e-05,1
0.0078125,881,0.00713719428,0.00649799453,9.28318914e-05,1
0.0078125,882,0.00714606512,0.00650624232,9.29692687e-05,1
0.0078125,883,0.00715493876,0.0065144957,9.31066315e-05,1
0.0078125,884,0.00716381939,0.00652275188,9.32442053e-05,1
0.0078125,885,0.00717270421,0.00653101364,9.33817792e-05,1
0.0078125,886,0.00718158996,0.00653927866,9.35194912e-05,1
0.0078125,887,0.00719047803,0.00654754415,9.36573997e-05,1
0.0078125,888,0.00719936937,0.0065558143,9.37951991e-05,1
0.0078125,889,0.00720825652,0.00656407978,9.39332385e-05,1
0.0078125,890,0.00721714785,0.00657234807,9.4071147e-05,1
0.0078125,891,0.00722604105,0.006580621,9.42092083e-05,1
0.0078125,892,0.00723493332,0.00658889255,9.43474151e-05,1
0.0078125,893,0.00724383444,0.00659717293,9.44857602e-05,1
0.0078125,894,0.00725272903,0.00660544448,9.46240034e-05,1
0.0078125,895,0.00726162689,0.00661372347,9.47623485e-05,1
0.0078125,896,0.00727053639,0.0066220127,9.49008827e-05,1
0.0078125,897,0.00727943517,0.00663029123,9.50394679e-05,1
0.0078125,898,0.00728835585,0.00663858885,9.51782422e-05,1
0.0078125,899,0.00729726302,0.00664687622,9.53169365e-05,1
0.0078125,900,0.0073061632,0.00665515661,9.54557545e-05,1
0.0078125,901,0.00731507642,0.00666345237,9.55946307e-05,1
0.0078125,902,0.00732399244,0.0066717458,9.57336379e-05,1
0.0078125,903,0.00733291591,0.00668004947,9.58727542e-05,1
0.0078125,904,0.00734183192,0.00668834755,9.60119796e-05,1
0.0078125,905,0.00735075539,0.00669665309,9.61511469e-05,1
0.0078125,906,0.00735967886,0.00670495443,9.62905324e-05,1
0.0078125,907,0.0073686,0.00671325671,9.64298888e-05,1
0.0078125,908,0.00737752486,0.00672156038,9.65693544e-05,1
0.0078125,909,0.00738645624,0.00672987523,9.67089727e-05,1
0.0078125,910,0.00739538018,0.00673817936,9.6848562e-05,1
0.0078125,911,0.00740432227,0.00674650352,9.69883913e-05,1
0.0078125,912,0.00741324946,0.00675481325,9.71281188e-05,1
0.0078125,913,0.00742219482,0.00676313881,9.72680646e-05,1
0.0078125,914,0.00743113225,0.00677145831,9.7407923e-05,1
0.0078125,915,0.00744006643,0.00677977456,9.75480507e-05,1
0.0078125,916,0.00744901085,0.00678810291,9.7688142e-05,1
0.0078125,917,0.00745795947,0.00679643173,9.78284806e-05,1
0.0078125,918,0.00746690435,0.00680475915,9.7968812e-05,1
0.0078125,919,0.00747585064,0.00681308983,9.81091944e-05,1
0.0078125,920,0.00748479739,0.00682141725,9.82496058e-05,1
0.0078125,921,0.00749375531,0.00682975817,9.83901336e-05,1
0.0078125,922,0.00750270672,0.00683809398,9.8530807e-05,1
0.0078125,923,0.00751166046,0.00684643164,9.86714804e-05,1
0.0078125,924,0.00752062351,0.0068547749,9.88122993e-05,1
0.0078125,925,0.00752957538,0.00686311116,9.89531763e-05,1
0.0078125,926,0.00753854867,0.00687146746,9.90941844e-05,1
0.0078125,927,0.0075475052,0.00687980792,9.92351197e-05,1
0.0078125,928,0.00755647663,0.00688816141,9.93763315e-05,1
0.0078125,929,0.00756544014,0.00689650932,9.95175433e-05,1
0.0078125,930,0.00757442089,0.00690487539,9.96588133e-05,1
0.0078125,931,0.00758338301,0.00691322424,9.98001487e-05,1
0.0078125,932,0.00759236142,0.00692158332,9.99416079e-05,1
0.0078125,933,0.00760133145,0.00692993915,0.000100083162,1
0.0078125,934,0.00761031033,0.00693830103,0.000100224708,1
0.0078125,935,0.00761929248,0.00694666896,0.000100366546,1
0.0078125,936,0.00762827322,0.00695503363,0.000100508318,1
0.0078125,937,0.00763725815,0.00696340296,0.000100650141,1
0.0078125,938,0.00764624681,0.00697177649,0.00010079208,1
0.0078125,939,0.00765522569,0.00698014069,0.000100934179,1
0.0078125,940,0.00766421854,0.00698852213,0.000101076257,1
0.0078125,941,0.00767320395,0.00699689053,0.000101218422,1
0.0078125,942,0.00768219586,0.0070052701,0.000101360703,1
0.0078125,943,0.00769119663,0.0070136562,0.000101503043,1
0.0078125,944,0.00770019088,0.00702203717,0.00010164555,1
0.0078125,945,0.00770919677,0.00703042652,0.00010178805,1
0.0078125,946,0.00771820219,0.00703881634,0.000101930767,1
0.0078125,947,0.00772720017,0.00704720337,0.00010207342,1
0.0078125,948,0.00773620559,0.00705559738,0.000102216196,1
0.0078125,949,0.00774520496,0.00706398208,0.000102358972,1
0.0078125,950,0.00775421923,0.00707238168,0.000102502061,1
0.0078125,951,0.00776322745,0.00708077848,0.00010264491,1
0.0078125,952,0.00777225057,0.00708918693,0.000102788137,1
0.0078125,953,0.0077812667,0.00709759071,0.000102931343,1
0.0078125,954,0.00779027492,0.00710598566,0.000103074504,1
0.0078125,955,0.00779929664,0.00711439457,0.00010321795,1
0.0078125,956,0.00780832069,0.00712280581,0.000103361446,1
0.0078125,957,0.00781734101,0.00713121332,0.000103504986,1
0.0078125,958,0.00782636553,0.00713962503,0.000103648592,1
0.0078125,959,0.00783540308,0.00714804977,0.000103792416,1
0.0078125,960,0.00784441456,0.00715645542,0.000103935941,1
0.0078125,961,0.00785345398,0.00716488203,0.000104080013,1
0.0078125,962,0.00786248874,0.00717330212,0.000104223924,1
0.0078125,963,0.00787152443,0.00718172546,0.000104367857,1
0.0078125,964,0.00788056199,0.007190153,0.000104511913,1
0.0078125,965,0.00788959488,0.00719857728,0.000104656137,1
0.0078125,966,0.00789863616,0.00720700575,0.000104800405,1
0.0078125,967,0.00790768769,0.00721544679,0.000104944811,1
0.0078125,968,0.0079167299,0.00722387759,0.000105089282,1
0.0078125,969,0.00792577304,0.00723231072,0.00010523379,1
0.0078125,970,0.00793481525,0.00724074477,0.000105378407,1
0.0078125,971,0.00794387143,0.00724918954,0.000105523162,1
0.0078125,972,0.00795293134,0.00725763664,0.000105667968,1
0.0078125,973,0.00796198007,0.00726607582,0.000105812716,1
0.0078125,974,0.00797103345,0.00727451779,0.000105957806,1
0.0078125,975,0.00798009895,0.00728297187,0.000106102845,1
0.0078125,976,0.00798915513,0.00729142036,0.000106247862,1
0.0078125,977,0.00799822621,0.00729988795,0.000106393069,1
0.0078125,978,0.00800727215,0.00730831968,0.000106538238,1
0.0078125,979,0.00801634416,0.0073167854,0.000106683729,1
0.0078125,980,0.00802541804,0.00732524879,0.00010682924,1
0.0078125,981,0.00803448725,0.00733370613,0.00010697476,1
0.0078125,982,0.00804355461,0.00734216627,0.00010712022,1
0.0078125,983,0.00805262662,0.00735063106,0.000107266016,1
0.0078125,984,0.00806172006,0.00735911122,0.000107411877,1
0.0078125,985,0.00807079114,0.00736757694,0.000107557804,1
0.0078125,986,0.00807985757,0.00737603894,0.000107703549,1
0.0078125,987,0.00808893982,0.00738451025,0.00010784965,1
0.0078125,988,0.00809803698,0.00739300018,0.000107995962,1
0.0078125,989,0.00810712576,0.00740147987,0.000108142027,1
0.0078125,990,0.0081162136,0.00740996143,0.000108288405,1
0.0078125,991,0.00812529773,0.00741843553,0.00010843468,1
0.0078125,992,0.00813438185,0.00742691662,0.000108581087,1
0.0078125,993,0.00814348832,0.00743541308,0.000108727669,1
0.0078125,994,0.00815258268,0.00744389836,0.000108874367,1
0.0078125,995,0.00816167798,0.00745238829,0.00010902113,1
0.0078125,996,0.00817077793,0.00746088335,0.00010916793,1
0.0078125,997,0.00817988254,0.0074693826,0.000109314824,1
0.0078125,998,0.00818897877,0.00747787161,0.000109461638,1
0.0078125,999,0.00819810014,0.00748638017,0.00010960886,1
0.0078125,1000,0.00820720568,0.00749488408,0.000109755922,1
0.0078125,1001,0.0082163075,0.00750337867,0.0001099031,1
0.0078125,1002,0.00822542235,0.0075118891,0.000110050576,1
0.0078125,1003,0.00823453814,0.00752039766,0.000110197863,1
0.0078125,1004,0.00824364182,0.00752890017,0.000110345296,1
0.0078125,1005,0.00825276691,0.00753741711,0.000110492874,1
0.0078125,1006,0.00826189015,0.00754593592,0.000110640642,1
0.0078125,1007,0.00827100314,0.00755444029,0.00011078822,1
0.0078125,1008,0.00828013755,0.00756296841,0.000110936096,1
0.0078125,1009,0.00828925893,0.00757148629,0.000111083944,1
0.0078125,1010,0.00829837378,0.00757999858,0.000111231842,1
0.0078125,1011,0.00830751378,0.00758853182,0.000111380083,1
0.0078125,1012,0.00831664447,0.00759705855,0.000111528228,1
0.0078125,1013,0.00832578726,0.00760559784,0.000111676534,1
0.0078125,1014,0.00833491702,0.00761412503,0.000111824855,1
0.0078125,1015,0.00834404957,0.00762265269,0.000111973059,1
0.0078125,1016,0.00835319608,0.00763119664,0.000112121757,1
0.0078125,1017,0.00836233236,0.00763972895,0.000112270245,1
0.0078125,1018,0.00837148167,0.00764827291,0.000112418944,1
0.0078125,1019,0.00838063285,0.00765681826,0.000112567752,1
0.0078125,1020,0.00838976633,0.00766535103,0.00011271656,1
0.0078125,1021,0.00839892868,0.00767390989,0.000112865389,1
0.0078125,1022,0.00840807054,0.00768245244,0.000113014517,1
0.0078125,1023,0.00841722824,0.00769100012,0.000113163602,1
0.00390625,0,4.53422072e-05,0,0,1
0.00390625,1,5.26011281e-05,6.54039286e-06,7.70004789e-08,1
0.00390625,2,5.98616971e-05,1.30825729e-05,1.54057773e-07,1
0.00390625,3,6.71240559e-05,1.96265701e-05,2.31173118e-07,1
0.00390625,4,7.43881756e-05,2.61724308e-05,3.08345818e-07,1
0.00390625,5,8.16539978e-05,3.27200796e-05,3.85576442e-07,1
0.00390625,6,8.89214498e-05,3.92694783e-05,4.62862602e-07,1
0.00390625,7,9.61908445e-05,4.58207942e-05,5.40208077e-07,1
0.00390625,8,0.000103461818,5.2373889e-05,6.17610965e-07,1
0.00390625,9,0.000110734414,5.89286756e-05,6.95070412e-07,1
0.00390625,10,0.000118008698,6.54852629e-05,7.72588464e-07,1
0.00390625,11,0.00012528486,7.20438984e-05,8.50163701e-07,1
0.00390625,12,0.000132562971,7.86042219e-05,9.27796009e-07,1
0.00390625,13,0.000139842436,8.51662553e-05,1.00548539e-06,1
0.00390625,14,0.00014712385,9.17302823e-05,1.08323286e-06,1
0.00390625,15,0.000154406836,9.82959828e-05,1.16104036e-06,1
0.00390625,16,0.000161691525,0.000104863451,1.23890118e-06,1
0.00390625,17,0.000168978237,0.000111432964,1.3168243e-06,1
0.00390625,18,0.000176266403,0.000118004027,1.39480085e-06,1
0.00390625,19,0.000183556593,0.000124577258,1.47284095e-06,1
0.00390625,20,0.000190847815,0.000131151653,1.55093096e-06,1
0.00390625,21,0.000198141264,0.000137728392,1.62908327e-06,1
0.00390625,22,0.000205436721,0.000144306949,1.70729584e-06,1
0.00390625,23,0.000212733314,0.000150887063,1.78556127e-06,1
0.00390625,24,0.000220032423,0.000157469462,1.86388797e-06,1
0.00390625,25,0.000227332173,0.000164052879,1.94226982e-06,1
0.00390625,26,0.000234634674,0.000170638959,2.02071033e-06,1
0.00390625,27,0.000241938513,0.000177226379,2.09920995e-06,1
0.00390625,28,0.000249243865,0.000183815617,2.17777165e-06,1
0.00390625,29,0.000256551517,0.000190407023,2.25638291e-06,1
0.00390625,30,0.000263860304,0.000196999914,2.33505784e-06,1
0.00390625,31,0.000271170808,0.000203594507,2.41378802e-06,1
0.00390625,32,0.000278483232,0.000210191167,2.49257846e-06,1
0.00390625,33,0.000285797811,0.000216789835,2.57142347e-06,1
0.00390625,34,0.00029311367,0.000223390118,2.65032827e-06,1
0.00390625,35,0.000300431158,0.000229991841,2.7292956e-06,1
0.00390625,36,0.000307750335,0.000236595632,2.80831637e-06,1
0.00390625,37,0.000315071986,0.000243201634,2.88739875e-06,1
0.00390625,38,0.000322394306,0.000249808916,2.96653366e-06,1
0.00390625,39,0.000329718896,0.000256418163,3.04572973e-06,1
0.00390625,40,0.000337045174,0.000263029273,3.12498901e-06,1
0.00390625,41,0.000344374072,0.000269642944,3.20430217e-06,1
0.00390625,42,0.000351703202,0.000276257168,3.28366923e-06,1
0.00390625,43,0.000359034806,0.000282873982,3.36309586e-06,1
0.00390625,44,0.00036636804,0.000289492338,3.44258706e-06,1
0.00390625,45,0.000373702904,0.000296112383,3.52213351e-06,1
0.00390625,46,0.000381039834,0.000302734756,3.60173658e-06,1
0.00390625,47,0.000388378568,0.000309358846,3.68140354e-06,1
0.00390625,48,0.000395718671,0.000315984449,3.7611203e-06,1
0.00390625,49,0.00040305985,0.00032261142,3.84090208e-06,1
0.00390625,50,0.000410404173,0.000329241273,3.92074844e-06,1
0.00390625,51,0.000417749194,0.000335872028,4.00063755e-06,1
0.00390625,52,0.000425096921,0.000342505664,4.08059486e-06,1
0.00390625,53,0.00043244593,0.000349140813,4.16060766e-06,1
0.00390625,54,0.000439796131,0.000355777011,4.24068185e-06,1
0.00390625,55,0.000447148806,0.000362415798,4.32080742e-06,1
0.00390625,56,0.000454502529,0.000369055721,4.40099893e-06,1
0.00390625,57,0.000461858959,0.000375698291,4.4812482e-06,1
0.00390625,58,0.000469215709,0.000382341648,4.56156067e-06,1
0.00390625,59,0.000476575253,0.000388987624,4.6419209e-06,1
0.00390625,60,0.000483935699,0.000395634881,4.72234933e-06,1
0.00390625,61,0.000491298852,0.000402284582,4.80283325e-06,1
0.00390625,62,0.00049866375,0.000408935943,4.88337128e-06,1
0.00390625,63,0.000506029464,0.000415588875,4.96397706e-06,1
0.00390625,64,0.000513397739,0.000422243902,5.04463424e-06,1
0.00390625,65,0.000520768226,0.000428901432,5.12535007e-06,1
0.00390625,66,0.000528140052,0.000435560214,5.20614094e-06,1
0.00390625,67,0.000535512925,0.000442220218,5.28696364e-06,1
0.00390625,68,0.000542887487,0.000448882231,5.36786956e-06,1
0.00390625,69,0.000550264085,0.000455546251,5.44881277e-06,1
0.00390625,70,0.000557643361,0.000462212804,5.52983647e-06,1
0.00390625,71,0.000565023569,0.000468880608,5.61089928e-06,1
0.00390625,72,0.000572404999,0.000475549663,5.69203348e-06,1
0.00390625,73,0.00057978835,0.000482220785,5.77322635e-06,1
0.00390625,74,0.000587173447,0.000488893536,5.85447424e-06,1
0.00390625,75,0.000594560639,0.00049556914,5.93577579e-06,1
0.00390625,76,0.000601949578,0.000502245908,6.01714191e-06,1
0.00390625,77,0.000609340554,0.000508924888,6.0985758e-06,1
0.00390625,78,0.000616732286,0.000515604217,6.18006379e-06,1
0.00390625,79,0.000624127104,0.000522287562,6.26159317e-06,1
0.00390625,80,0.000631522504,0.000528971665,6.34320804e-06,1
0.00390625,81,0.000638920639,0.000535658095,6.42487475e-06,1
0.00390625,82,0.000646319764,0.000542345631,6.50659695e-06,1
0.00390625,83,0.000653722207,0.000549036311,6.58838599e-06,1
0.00390625,84,0.000661124825,0.000555727922,6.67022186e-06,1
0.00390625,85,0.000668529246,0.000562421279,6.75212232e-06,1
0.00390625,86,0.0006759346,0.000569115626,6.83407416e-06,1
0.00390625,87,0.000683342456,0.000575812301,6.91610148e-06,1
0.00390625,88,0.000690752815,0.000582511828,6.99819111e-06,1
0.00390625,89,0.000698164164,0.000589212461,7.08031121e-06,1
0.00390625,90,0.00070557755,0.00059591484,7.16250361e-06,1
0.00390625,91,0.000712993904,0.000602620363,7.24477968e-06,1
0.00390625,92,0.000720409676,0.000609325536,7.3270794e-06,1
0.00390625,93,0.000727828068,0.000616033736,7.40946462e-06,1
0.00390625,94,0.000735248672,0.000622743624,7.49189394e-06,1
0.00390625,95,0.000742671429,0.00062945619,7.57439602e-06,1
0.00390625,96,0.000750094594,0.000636169105,7.65695495e-06,1
0.00390625,97,0.000757520145,0.000642884756,7.73955344e-06,1
0.00390625,98,0.000764947385,0.00064960192,7.82223742e-06,1
0.00390625,99,0.000772376312,0.000656320655,7.9049787e-06,1
0.00390625,100,0.000779807917,0.000663041894,7.98777364e-06,1
0.00390625,101,0.000787239522,0.000669764529,8.07062679e-06,1
0.00390625,102,0.000794672931,0.000676488096,8.15352178e-06,1
0.00390625,103,0.000802109484,0.000683214981,8.23650225e-06,1
0.00390625,104,0.000809548364,0.000689944252,8.31953821e-06,1
0.00390625,105,0.000816987245,0.000696673407,8.40262419e-06,1
0.00390625,106,0.00082442956,0.000703406578,8.48577656e-06,1
0.00390625,107,0.000831871177,0.000710139167,8.56898532e-06,1
0.00390625,108,0.000839316519,0.000716875365,8.65225411e-06,1
0.00390625,109,0.000846762094,0.000723611505,8.73559839e-06,1
0.00390625,110,0.00085421215,0.000730353,8.81898995e-06,1
0.00390625,111,0.000861661858,0.000737094088,8.90241699e-06,1
0.00390625,112,0.000869113195,0.000743836164,8.9859559e-06,1
0.00390625,113,0.000876567035,0.000750581152,9.06951755e-06,1
0.00390625,114,0.000884022505,0.000757328351,9.15314649e-06,1
0.00390625,115,0.000891477976,0.000764075317,9.23683729e-06,1
0.00390625,116,0.000898938568,0.000770827348,9.32059083e-06,1
0.00390625,117,0.00090639852,0.000777578913,9.40439531e-06,1
0.00390625,118,0.0009138608,0.000784332748,9.48828347e-06,1
0.00390625,119,0.000921325118,0.000791089435,9.572218e-06,1
0.00390625,120,0.000928790017,0.00079784554,9.65621894e-06,1
0.00390625,121,0.00093625742,0.000804605486,9.74024442e-06,1
0.00390625,122,0.000943727966,0.000811367994,9.82437086e-06,1
0.00390625,123,0.000951198163,0.000818130386,9.90853459e-06,1
0.00390625,124,0.000958670338,0.000824894931,9.99276381e-06,1
0.00390625,125,0.00096614717,0.000831664307,1.00770576e-05,1
0.00390625,126,0.000973623071,0.000838432112,1.01614196e-05,1
0.00390625,127,0.000981100951,0.000845203351,1.02458307e-05,1
0.00390625,128,0.000988580519,0.000851975288,1.03303009e-05,1
0.00390625,129,0.000996062299,0.000858749496,1.04148457e-05,1
0.00390625,130,0.00100354594,0.000865526206,1.0499426e-05,1
0.00390625,131,0.00101102877,0.000872301927,1.05840754e-05,1
0.00390625,132,0.00101851777,0.000879083702,1.06687985e-05,1
0.00390625,133,0.00102600525,0.000885865244,1.07535752e-05,1
0.00390625,134,0.00103349693,0.000892649346,1.08384156e-05,1
0.00390625,135,0.0010409886,0.000899434614,1.09233306e-05,1
0.00390625,136,0.00104848237,0.00090622186,1.1008261e-05,1
0.00390625,137,0.00105597835,0.000913011143,1.10932797e-05,1
0.00390625,138,0.00106347678,0.000919803279,1.11783575e-05,1
0.00390625,139,0.00107097521,0.000926595181,1.12635016e-05,1
0.00390625,140,0.00107847527,0.000933389063,1.13487158e-05,1
0.00390625,141,0.00108597928,0.000940186786,1.14339646e-05,1
0.00390625,142,0.00109348295,0.000946984102,1.15192815e-05,1
0.00390625,143,0.00110099011,0.000953785377,1.16046849e-05,1
0.00390625,144,0.00110849657,0.000960585952,1.16901119e-05,1
0.00390625,145,0.00111600652,0.000967390661,1.17756108e-05,1
0.00390625,146,0.00112351798,0.000974196359,1.18611697e-05,1
0.00390625,147,0.00113103201,0.000981004909,1.1946815e-05,1
0.00390625,148,0.00113854627,0.000987813808,1.20324785e-05,1
0.00390625,149,0.00114606379,0.000994625269,1.2118242e-05,1
0.00390625,150,0.00115358294,0.00100143917,1.22040565e-05,1
0.00390625,151,0.00116110069,0.00100825203,1.22899264e-05,1
0.00390625,152,0.00116862473,0.00101507118,1.23758582e-05,1
0.00390625,153,0.00117614842,0.00102188927,1.246184e-05,1
0.00390625,154,0.00118367188,0.00102870772,1.25478846e-05,1
0.00390625,155,0.00119120139,0.00103553326,1.26340092e-05,1
0.00390625,156,0.00119873008,0.00104235683,1.27201765e-05,1
0.00390625,157,0.00120626215,0.00104918354,1.28064275e-05,1
0.00390625,158,0.00121379271,0.0010560106,1.28927113e-05,1
0.00390625,159,0.00122132804,0.00106284115,1.29790697e-05,1
0.00390625,160,0.00122886442,0.00106967357,1.30654744e-05,1
0.00390625,161,0.0012364015,0.00107650552,1.31519655e-05,1
0.00390625,162,0.00124394009,0.00108334003,1.32385248e-05,1
0.00390625,163,0.0012514838,0.00109017896,1.33251151e-05,1
0.00390625,164,0.00125902635,0.00109701767,1.34117827e-05,1
0.00390625,165,0.00126657053,0.00110385893,1.34985112e-05,1
0.00390625,166,0.0012741175,0.00111070171,1.35852688e-05,1
0.00390625,167,0.0012816682,0.00111754751,1.36721219e-05,1
0.00390625,168,0.00128921715,0.00112439366,1.37590496e-05,1
0.00390625,169,0.00129676762,0.00113124098,1.384603e-05,1
0.00390625,170,0.00130432274,0.0011380919,1.39330277e-05,1
0.00390625,171,0.00131187693,0.00114494341,1.40201273e-05,1
0.00390625,172,0.00131943682,0.00115179911,1.41072796e-05,1
0.00390625,173,0.0013269966,0.00115865527,1.41944965e-05,1
0.00390625,174,0.00133455603,0.00116551272,1.42817771e-05,1
0.00390625,175,0.00134212128,0.00117237458,1.43691132e-05,1
0.00390625,176,0.00134968222,0.00117923343,1.44565083e-05,1
0.00390625,177,0.00135724933,0.00118609774,1.4543979e-05,1
0.00390625,178,0.00136481633,0.00119296159,1.46315206e-05,1
0.00390625,179,0.00137238752,0.00119983032,1.47190913e-05,1
0.00390625,180,0.00137995812,0.00120669848,1.48067365e-05,1
0.00390625,181,0.00138753199,0.00121356908,1.48944482e-05,1
0.00390625,182,0.00139510608,0.00122044154,1.49822245e-05,1
0.00390625,183,0.00140268344,0.00122731598,1.50700444e-05,1
0.00390625,184,0.00141026173,0.00123419322,1.51579161e-05,1
0.00390625,185,0.00141784095,0.0012410701,1.52458797e-05,1
0.00390625,186,0.00142542366,0.0012479506,1.53339042e-05,1
0.00390625,187,0.0014330087,0.001254834,1.54219852e-05,1
0.00390625,188,0.00144059258,0.00126171554,1.55101025e-05,1
0.00390625,189,0.00144818274,0.00126860454,1.5598338e-05,1
0.00390625,190,0.00145576883,0.00127548911,1.56865754e-05,1
0.00390625,191,0.00146336248,0.00128238113,1.57749255e-05,1
0.00390625,192,0.00147095311,0.00128927082,1.58632865e-05,1
0.00390625,193,0.00147854909,0.0012961647,1.59517895e-05,1
0.00390625,194,0.00148614345,0.00130305858,1.60402687e-05,1
0.00390625,195,0.0014937442,0.00130995747,1.61288317e-05,1
0.00390625,196,0.00150134077,0.00131685426,1.62174783e-05,1
0.00390625,197,0.00150894281,0.00132375478,1.63061432e-05,1
0.00390625,198,0.00151654647,0.00133065728,1.63949389e-05,1
0.00390625,199,0.00152415258,0.0013375628,1.64837838e-05,1
0.00390625,200,0.00153176079,0.00134446973,1.65726506e-05,1
0.00390625,201,0.00153936737,0.00135137641,1.66615591e-05,1
0.00390625,202,0.00154697744,0.00135828566,1.6750615e-05,1
0.00390625,203,0.00155459286,0.00136520073,1.68396564e-05,1
0.00390625,204,0.00156220375,0.0013721115,1.69288014e-05,1
0.00390625,205,0.00156982394,0.00137903099,1.70180065e-05,1
0.00390625,206,0.0015774389,0.00138594711,1.71072788e-05,1
0.00390625,207,0.00158505549,0.00139286381,1.71965639e-05,1
0.00390625,208,0.00159267697,0.00139978493,1.72859473e-05,1
0.00390625,209,0.00160030019,0.0014067085,1.73753888e-05,1
0.00390625,210,0.00160792656,0.00141363509,1.74648794e-05,1
0.00390625,211,0.00161555375,0.0014205625,1.75544883e-05,1
0.00390625,212,0.00162318174,0.00142749096,1.76441172e-05,1
0.00390625,213,0.00163081009,0.00143442082,1.77338061e-05,1
0.00390625,214,0.00163843983,0.00144135091,1.78235441e-05,1
0.00390625,215,0.00164607645,0.00144828751,1.79133931e-05,1
0.00390625,216,0.00165371154,0.00145522424,1.8003253e-05,1
0.00390625,217,0.00166134886,0.00146216212,1.80932111e-05,1
0.00390625,218,0.00166898733,0.00146910211,1.81831838e-05,1
0.00390625,219,0.0016766272,0.00147604302,1.82732892e-05,1
0.00390625,220,0.00168427231,0.00148298941,1.83634147e-05,1
0.00390625,221,0.00169191486,0.00148993335,1.84536129e-05,1
0.00390625,222,0.00169956125,0.00149688101,1.85438912e-05,1
0.00390625,223,0.00170720846,0.00150383031,1.86341822e-05,1
0.00390625,224,0.0017148573,0.00151078054,1.87245696e-05,1
0.00390625,225,0.00172250893,0.00151773461,1.88150298e-05,1
0.00390625,226,0.00173015927,0.00152468611,1.8905499e-05,1
0.00390625,227,0.00173781859,0.0015316474,1.89961193e-05,1
0.00390625,228,0.00174547592,0.00153860636,1.90867577e-05,1
0.00390625,229,0.00175313395,0.00154556672,1.91774325e-05,1
0.00390625,230,0.00176079292,0.00155252754,1.92681782e-05,1
0.00390625,231,0.00176845223,0.00155948999,1.93589767e-05,1
0.00390625,232,0.00177611737,0.00156645768,1.94498862e-05,1
0.00390625,233,0.00178378401,0.00157342711,1.95408702e-05,1
0.00390625,234,0.00179145264,0.00158039818,1.96318615e-05,1
0.00390625,235,0.00179911917,0.00158736773,1.97229256e-05,1
0.00390625,236,0.00180679013,0.00159434089,1.98140515e-05,1
0.00390625,237,0.00181446329,0.0016013172,1.99052429e-05,1
0.00390625,238,0.00182214018,0.00160829758,1.99965398e-05,1
0.00390625,239,0.00182981312,0.00161527318,2.00878512e-05,1
0.00390625,240,0.00183749315,0.00162225682,2.01792191e-05,1
0.00390625,241,0.00184517587,0.00162924151,2.0270696e-05,1
0.00390625,242,0.0018528552,0.00163622468,2.03622039e-05,1
0.00390625,243,0.00186053547,0.00164320949,2.04538046e-05,1
0.00390625,244,0.00186822098,0.00165019848,2.05454562e-05,1
0.00390625,245,0.00187591056,0.00165719155,2.0637146e-05,1
0.00390625,246,0.00188359781,0.00166418252,2.07288995e-05,1
0.00390625,247,0.00189128995,0.0016711785,2.08207457e-05,1
0.00390625,248,0.00189898151,0.00167817448,2.09126556e-05,1
0.00390625,249,0.00190667575,0.00168517267,2.10046019e-05,1
0.00390625,250,0.00191437081,0.00169217249,2.10965882e-05,1
0.00390625,251,0.001922069,0.00169917406,2.11887218e-05,1
0.00390625,252,0.00192976824,0.00170617807,2.12808627e-05,1
0.00390625,253,0.00193747017,0.00171318348,2.13730491e-05,1
0.00390625,254,0.00194516929,0.00172018772,2.14653337e-05,1
0.00390625,255,0.00195287762,0.0017272,2.15576783e-05,1
0.00390625,256,0.0019605807,0.00173420913,2.16501048e-05,1
0.00390625,257,0.00196829205,0.00174122467,2.17425604e-05,1
0.00390625,258,0.00197600387,0.00174824183,2.18350979e-05,1
0.00390625,259,0.00198371522,0.00175525947,2.19276826e-05,1
0.00390625,260,0.00199142937,0.00176227908,2.20203492e-05,1
0.00390625,261,0.00199914491,0.00176929857,2.21130576e-05,1
0.00390625,262,0.00200686115,0.00177632039,2.22058188e-05,1
0.00390625,263,0.00201458228,0.00178334618,2.22986946e-05,1
0.00390625,264,0.00202230224,0.00179037219,2.23916104e-05,1
0.00390625,265,0.0020300243,0.00179739972,2.24845899e-05,1
0.00390625,266,0.0020377445,0.00180442631,2.25776002e-05,1
0.00390625,267,0.00204547192,0.00181145896,2.26706852e-05,1
0.00390625,268,0.00205320213,0.00181849522,2.27638866e-05,1
0.00390625,269,0.00206093141,0.00182553113,2.28571316e-05,1
0.00390625,270,0.00206866488,0.00183257135,2.29504294e-05,1
0.00390625,271,0.00207639649,0.00183960854,2.30437781e-05,1
0.00390625,272,0.00208413322,0.00184665015,2.31371996e-05,1
0.00390625,273,0.00209187064,0.00185369572,2.32307066e-05,1
0.00390625,274,0.00209961133,0.00186074281,2.33242608e-05,1
0.00390625,275,0.00210735085,0.00186778768,2.34178551e-05,1
0.00390625,276,0.00211509434,0.00187483826,2.35115513e-05,1
0.00390625,277,0.00212283456,0.00188188616,2.36052765e-05,1
0.00390625,278,0.00213058409,0.00188894232,2.36991054e-05,1
0.00390625,279,0.0021383292,0.00189599511,2.37929362e-05,1
0.00390625,280,0.00214607827,0.00190305163,2.38868779e-05,1
0.00390625,281,0.00215382921,0.00191011094,2.3980896e-05,1
0.00390625,282,0.00216158503,0.00191717164,2.4074996e-05,1
0.00390625,283,0.00216934108,0.00192423642,2.41690796e-05,1
0.00390625,284,0.00217709574,0.00193129724,2.42633141e-05,1
0.00390625,285,0.00218485808,0.0019383675,2.4357505e-05,1
0.00390625,286,0.00219261553,0.00194543414,2.44518615e-05,1
0.00390625,287,0.00220037531,0.00195250113,2.45462143e-05,1
0.00390625,288,0.00220814231,0.0019595765,2.46407253e-05,1
0.00390625,289,0.00221590861,0.00196664967,2.47352018e-05,1
0.00390625,290,0.00222367328,0.00197372283,2.48297893e-05,1
0.00390625,291,0.0022314419,0.00198080018,2.49244167e-05,1
0.00390625,292,0.00223921356,0.00198787893,2.50191188e-05,1
0.00390625,293,0.00224698731,0.00199496327,2.5113879e-05,1
0.00390625,294,0.00225476082,0.00200204481,2.52087466e-05,1
0.00390625,295,0.00226253807,0.00200913032,2.53036342e-05,1
0.00390625,296,0.00227031647,0.00201621838,2.53985891e-05,1
0.00390625,297,0.00227809697,0.00202330644,2.54936149e-05,1
0.00390625,298,0.00228587678,0.00203039637,2.55886753e-05,1
0.00390625,299,0.00229366519,0.00203749305,2.5683863e-05,1
0.00390625,300,0.00230144896,0.0020445853,2.57791235e-05,1
0.00390625,301,0.00230923854,0.00205168361,2.58744076e-05,1
0.00390625,302,0.00231702672,0.00205878122,2.59697354e-05,1
0.00390625,303,0.00232481724,0.00206588255,2.60652232e-05,1
0.00390625,304,0.00233260659,0.00207298109,2.61606619e-05,1
0.00390625,305,0.00234040245,0.00208008662,2.6256208e-05,1
0.00390625,306,0.00234820042,0.00208719401,2.63517959e-05,1
0.00390625,307,0.00235599978,0.00209430396,2.64475239e-05,1
0.00390625,308,0.00236379984,0.00210141251,2.65432209e-05,1
0.00390625,309,0.00237159641,0.00210851827,2.66390252e-05,1
0.00390625,310,0.00237940019,0.00211563427,2.67348751e-05,1
0.00390625,311,0.0023872077,0.00212275214,2.6830865e-05,1
0.00390625,312,0.00239501265,0.00212986814,2.69268658e-05,1
0.00390625,313,0.00240282225,0.00213698694,2.70228738e-05,1
0.00390625,314,0.00241063582,0.00214411202,2.71190547e-05,1
0.00390625,315,0.00241844612,0.00215123268,2.72152192e-05,1
0.00390625,316,0.00242625922,0.00215835613,2.73115038e-05,1
0.00390625,317,0.00243407651,0.00216548494,2.74078284e-05,1
0.00390625,318,0.0024418931,0.00217261352,2.75042148e-05,1
0.00390625,319,0.00244971574,0.00217974558,2.76006867e-05,1
0.00390625,320,0.00245753606,0.00218687858,2.7697195e-05,1
0.00390625,321,0.00246535963,0.00219401182,2.7793787e-05,1
0.00390625,322,0.002473186,0.00220115017,2.78904427e-05,1
0.00390625,323,0.00248101377,0.00220828922,2.79871037e-05,1
0.00390625,324,0.00248883967,0.00221542642,2.80839613e-05,1
0.00390625,325,0.00249666907,0.00222256733,2.81808007e-05,1
0.00390625,326,0.00250450196,0.00222971221,2.82776637e-05,1
0.00390625,327,0.00251233741,0.00223685987,2.8374694e-05,1
0.00390625,328,0.00252017425,0.0022440094,2.84717171e-05,1
0.00390625,329,0.00252800691,0.00225115451,2.85687638e-05,1
0.00390625,330,0.0025358526,0.00225831079,2.86660561e-05,1
0.00390625,331,0.00254369131,0.00226546312,2.8763272e-05,1
0.00390625,332,0.00255153468,0.0022726187,2.88605388e-05,1
0.00390625,333,0.00255938037,0.00227977685,2.89579093e-05,1
0.00390625,334,0.00256722746,0.00228693709,2.90554162e-05,1
0.00390625,335,0.00257507735,0.00229409849,2.91528904e-05,1
0.00390625,336,0.00258292444,0.0023012578,2.92504628e-05,1
0.00390625,337,0.00259077852,0.00230842526,2.93480716e-05,1
0.00390625,338,0.0025986305,0.00231558993,2.94457641e-05,1
0.00390625,339,0.00260649133,0.00232276577,2.95435402e-05,1
0.00390625,340,0.00261434307,0.00232992857,2.96413837e-05,1
0.00390625,341,0.00262220344,0.00233710231,2.97392526e-05,1
0.00390625,342,0.00263006729,0.00234427955,2.98372215e-05,1
0.00390625,343,0.00263793208,0.00235146005,2.99352541e-05,1
0.00390625,344,0.00264579477,0.00235863449,3.00333541e-05,1
0.00390625,345,0.00265366095,0.00236581452,3.01315104e-05,1
0.00390625,346,0.0026615297,0.00237299758,3.02297685e-05,1
0.00390625,347,0.00266940426,0.00238018692,3.03280813e-05,1
0.00390625,348,0.00267726858,0.00238736533,3.04263176e-05,1
0.00390625,349,0.00268514198,0.00239455234,3.05248141e-05,1
0.00390625,350,0.00269302144,0.00240174634,3.06232614e-05,1
0.00390625,351,0.00270089833,0.00240893755,3.07218688e-05,1
0.00390625,352,0.00270877802,0.00241613225,3.08204108e-05,1
0.00390625,353,0.00271666329,0.00242333068,3.09192037e-05,1
0.00390625,354,0.00272454577,0.00243052864,3.10178948e-05,1
0.00390625,355,0.00273242849,0.0024377259,3.11167823e-05,1
0.00390625,356,0.00274031609,0.00244492898,3.12156299e-05,1
0.00390625,357,0.00274820277,0.00245212996,3.13145392e-05,1
0.00390625,358,0.00275609177,0.00245933398,3.14135432e-05,1
0.00390625,359,0.00276398496,0.00246654334,3.15126817e-05,1
0.00390625,360,0.00277187722,0.00247374992,3.16117948e-05,1
0.00390625,361,0.00277977507,0.00248096371,3.17110134e-05,1
0.00390625,362,0.00278767408,0.00248817983,3.18103048e-05,1
0.00390625,363,0.0027955703,0.00249539106,3.19097308e-05,1
0.00390625,364,0.00280346978,0.00250260602,3.20090767e-05,1
0.00390625,365,0.00281137857,0.00250982936,3.21085718e-05,1
0.00390625,366,0.0028192827,0.0025170506,3.22074156e-05,1
0.00390625,367,0.00282719103,0.00252427347,3.23069944e-05,1
0.00390625,368,0.00283509749,0.00253149658,3.24067078e-05,1
0.00390625,369,0.00284300745,0.00253872294,3.25064284e-05,1
0.00390625,370,0.00285092159,0.00254595303,3.26062327e-05,1
0.00390625,371,0.00285882829,0.00255317637,3.27061207e-05,1
0.00390625,372,0.0028667443,0.00256041042,3.28060487e-05,1
0.00390625,373,0.0028746624,0.00256764446,3.29061004e-05,1
0.00390625,374,0.002882584,0.00257488177,3.3006203e-05,1
0.00390625,375,0.00289050606,0.00258212071,3.31062656e-05,1
0.00390625,376,0.00289842905,0.00258936174,3.3206572e-05,1
0.00390625,377,0.00290635158,0.00259660068,3.33067946e-05,1
0.00390625,378,0.0029142797,0.00260384707,3.34070901e-05,1
0.00390625,379,0.00292220828,0.00261109229,3.35075747e-05,1
0.00390625,380,0.002930135,0.00261833752,3.3608012e-05,1
0.00390625,381,0.00293807383,0.00262559159,3.37086058e-05,1
0.00390625,382,0.00294600241,0.00263283937,3.38091195e-05,1
0.00390625,383,0.002953941,0.00264009461,3.39098551e-05,1
0.00390625,384,0.0029618789,0.00264735101,3.40106271e-05,1
0.00390625,385,0.00296981889,0.00265460834,3.411137e-05,1
0.00390625,386,0.00297775702,0.00266186614,3.42122985e-05,1
0.00390625,387,0.0029856984,0.00266912417,3.43132197e-05,1
0.00390625,388,0.00299364934,0.00267639244,3.44142572e-05,1
0.00390625,389,0.00300159049,0.00268365326,3.45153348e-05,1
0.00390625,390,0.00300954306,0.00269092363,3.46164925e-05,1
0.00390625,391,0.0030174905,0.00269818958,3.47176028e-05,1
0.00390625,392,0.00302544446,0.00270546274,3.48189824e-05,1
0.00390625,393,0.00303339702,0.00271273381,3.49203583e-05,1
0.00390625,394,0.00304135191,0.00272000744,3.50217051e-05,1
0.00390625,395,0.0030493096,0.00272728456,3.51232011e-05,1
0.00390625,396,0.00305727031,0.00273456285,3.52247444e-05,1
0.00390625,397,0.003065228,0.0027418416,3.53263895e-05,1
0.00390625,398,0.00307319383,0.0027491264,3.54280455e-05,1
0.00390625,399,0.00308116362,0.00275641331,3.55298507e-05,1
0.00390625,400,0.00308913086,0.00276369951,3.56316596e-05,1
0.00390625,401,0.0030970911,0.00277098268,3.57334829e-05,1
0.00390625,402,0.00310506229,0.00277827331,3.58354991e-05,1
0.00390625,403,0.00311303581,0.0027855651,3.59374462e-05,1
0.00390625,404,0.00312100723,0.00279285735,3.6039517e-05,1
0.00390625,405,0.00312898145,0.0028001531,3.6141726e-05,1
0.00390625,406,0.00313696126,0.00280745234,3.62439969e-05,1
0.00390625,407,0.00314494036,0.00281475135,3.63461804e-05,1
0.00390625,408,0.00315292645,0.00282205571,3.6448615e-05,1
0.00390625,409,0.00316090696,0.00282935868,3.65510205e-05,1
0.00390625,410,0.00316889607,0.00283666863,3.66535678e-05,1
0.00390625,411,0.00317687658,0.00284397043,3.67560569e-05,1
0.00390625,412,0.00318487175,0.00285128504,3.68587316e-05,1
0.00390625,413,0.00319285854,0.00285859336,3.69613954e-05,1
0.00390625,414,0.00320085022,0.00286590541,3.70641355e-05,1
0.00390625,415,0.00320884702,0.00287322234,3.71669412e-05,1
0.00390625,416,0.00321684242,0.00288053975,3.72699069e-05,1
0.00390625,417,0.00322483783,0.00288785738,3.73728653e-05,1
0.00390625,418,0.00323283253,0.00289517292,3.74758674e-05,1
0.00390625,419,0.00324083772,0.0029025008,3.7579026e-05,1
0.00390625,420,0.00324883964,0.00290982542,3.76821554e-05,1
0.00390625,421,0.00325684645,0.0029171533,3.77853794e-05,1
0.00390625,422,0.00326485187,0.00292448001,3.78886762e-05,1
0.00390625,423,0.00327285589,0.00293180626,3.7992002e-05,1
0.00390625,424,0.00328086922,0.00293914159,3.80954953e-05,1
0.00390625,425,0.00328887883,0.00294647366,3.81989485e-05,1
0.00390625,426,0.00329689845,0.00295381551,3.8302609e-05,1
0.00390625,427,0.00330491993,0.00296115805,3.84062878e-05,1
0.00390625,428,0.00331293419,0.00296849525,3.8509952e-05,1
0.00390625,429,0.00332095032,0.0029758329,3.86137217e-05,1
0.00390625,430,0.00332897645,0.0029831843,3.87175824e-05,1
0.00390625,431,0.00333699933,0.00299052801,3.88215049e-05,1
0.00390625,432,0.00334502617,0.00299787731,3.89254965e-05,1
0.00390625,433,0.00335304928,0.00300522405,3.90294699e-05,1
0.00390625,434,0.0033610831,0.00301258033,3.91336362e-05,1
0.00390625,435,0.00336910458,0.00301992823,3.92378097e-05,1
0.00390625,436,0.0033771419,0.00302728731,3.93421251e-05,1
0.00390625,437,0.00338517409,0.00303464266,3.94463314e-05,1
0.00390625,438,0.0033932107,0.00304200291,3.9550825e-05,1
0.00390625,439,0.00340124499,0.00304935989,3.96552314e-05,1
0.00390625,440,0.00340929092,0.00305673061,3.97598378e-05,1
0.00390625,441,0.0034173301,0.00306409341,3.98643788e-05,1
0.00390625,442,0.00342537649,0.00307146437,3.99691016e-05,1
0.00390625,443,0.00343341706,0.00307882833,4.00737845e-05,1
0.00390625,444,0.00344146858,0.00308620417,4.01785837e-05,1
0.00390625,445,0.00344951777,0.00309357815,4.02834557e-05,1
0.00390625,446,0.00345756742,0.0031009519,4.03883532e-05,1
0.00390625,447,0.0034656215,0.00310832984,4.04933671e-05,1
0.00390625,448,0.00347367534,0.00311570964,4.05984974e-05,1
0.00390625,449,0.00348173012,0.0031230899,4.07036132e-05,1
0.00390625,450,0.00348978443,0.00313046854,4.08087908e-05,1
0.00390625,451,0.00349784666,0.00313785439,4.09141176e-05,1
0.00390625,452,0.00350591005,0.00314524351,4.10194407e-05,1
0.00390625,453,0.0035139739,0.00315263262,4.11248257e-05,1
0.00390625,454,0.00352203287,0.00316001754,4.12303198e-05,1
0.00390625,455,0.00353010581,0.00316741527,4.13358939e-05,1
0.00390625,456,0.00353817851,0.00317481346,4.14415626e-05,1
0.00390625,457,0.00354624866,0.0031822084,4.15473005e-05,1
0.00390625,458,0.0035543167,0.0031896031,4.16530529e-05,1
0.00390625,459,0.00356238778,0.00319700036,4.17588599e-05,1
0.00390625,460,0.00357047049,0.00320440903,4.18646741e-05,1
0.00390625,461,0.00357854646,0.00321181142,4.19707212e-05,1
0.00390625,462,0.00358662824,0.00321921892,4.20768156e-05,1
0.00390625,463,0.00359470909,0.00322662457,4.21827826e-05,1
0.00390625,464,0.00360279344,0.0032340351,4.22890917e-05,1
0.00390625,465,0.00361088105,0.00324145262,4.2395277e-05,1
0.00390625,466,0.00361897051,0.00324886758,4.25015824e-05,1
0.00390625,467,0.00362706045,0.003256283,4.26080478e-05,1
0.00390625,468,0.00363515411,0.00326370331,4.27144623e-05,1
0.00390625,469,0.00364324637,0.00327112293,4.28209569e-05,1
0.00390625,470,0.00365133537,0.00327853952,4.29275206e-05,1
0.00390625,471,0.00365943881,0.00328596937,4.30342297e-05,1
0.00390625,472,0.00366753573,0.00329339504,4.31409862e-05,1
0.00390625,473,0.00367563497,0.00330082001,4.32477245e-05,1
0.00390625,474,0.00368372886,0.00330824452,4.33546265e-05,1
0.00390625,475,0.00369183859,0.0033156795,4.34615613e-05,1
0.00390625,476,0.00369994785,0.00332311867,4.35685724e-05,1
0.00390625,477,0.00370805222,0.00333055016,4.36756272e-05,1
0.00390625,478,0.00371616404,0.00333798886,4.37827875e-05,1
0.00390625,479,0.00372427702,0.00334542966,4.38899806e-05,1
0.00390625,480,0.00373238791,0.00335286791,4.39972719e-05,1
0.00390625,481,0.00374050718,0.00336031849,4.41046141e-05,1
0.00390625,482,0.00374862156,0.00336775836,4.42120327e-05,1
0.00390625,483,0.00375674223,0.00337520824,4.43195859e-05,1
0.00390625,484,0.00376485777,0.00338265253,4.44270881e-05,1
0.00390625,485,0.00377298263,0.00339010544,4.45347105e-05,1
0.00390625,486,0.00378110167,0.00339755602,4.46423765e-05,1
0.00390625,487,0.0037892356,0.00340501708,4.47502316e-05,1
0.00390625,488,0.00379736233,0.00341247302,4.48580467e-05,1
0.00390625,489,0.00380549231,0.00341993244,4.49659419e-05,1
0.00390625,490,0.00381362415,0.00342739117,4.50739608e-05,1
0.00390625,491,0.00382175599,0.00343485503,4.51819542e-05,1
0.00390625,492,0.00382988993,0.00344231864,4.52900822e-05,1
0.00390625,493,0.0038380255,0.00344978226,4.53982357e-05,1
0.00390625,494,0.00384617108,0.00345725869,4.55065492e-05,1
0.00390625,495,0.00385430758,0.00346472627,4.56148628e-05,1
0.00390625,496,0.00386244478,0.00347219268,4.5723209e-05,1
0.00390625,497,0.00387059664,0.00347967353,4.58317445e-05,1
0.00390625,498,0.00387874478,0.00348715181,4.59403273e-05,1
0.00390625,499,0.00388689782,0.00349463499,4.60489537e-05,1
0.00390625,500,0.00389504363,0.00350211142,4.61574782e-05,1
0.00390625,501,0.00390319573,0.00350959692,4.62662683e-05,1
0.00390625,502,0.00391135179,0.00351708056,4.63751057e-05,1
0.00390625,503,0.00391950412,0.00352456537,4.64839832e-05,1
0.00390625,504,0.00392766064,0.0035320539,4.65929043e-05,1
0.00390625,505,0.00393581856,0.00353953987,4.67019308e-05,1
0.00390625,506,0.00394397788,0.00354703236,4.68110411e-05,1
0.00390625,507,0.00395214511,0.00355452974,4.69202714e-05,1
0.00390625,508,0.00396031421,0.00356202968,4.70295636e-05,1
0.00390625,509,0.00396848051,0.00356952893,4.71388048e-05,1
0.00390625,510,0.00397664495,0.00357702444,4.72481988e-05,1
0.00390625,511,0.00398481963,0.00358452811,4.73576256e-05,1
0.00390625,512,0.00399299664,0.00359203829,4.74671506e-05,1
0.00390625,513,0.00400116574,0.0035995394,4.75767338e-05,1
0.00390625,514,0.00400934229,0.00360705005,4.7686357e-05,1
0.00390625,515,0.00401751744,0.00361455465,4.77961439e-05,1
0.00390625,516,0.00402569864,0.00362206972,4.79058763e-05,1
0.00390625,517,0.00403388124,0.0036295834,4.80157905e-05,1
0.00390625,518,0.00404206477,0.00363709917,4.81257484e-05,1
0.00390625,519,0.0040502511,0.0036446196,4.82357755e-05,1
0.00390625,520,0.00405843742,0.00365213933,4.83457879e-05,1
0.00390625,521,0.00406662794,0.00365966209,4.8455986e-05,1
0.00390625,522,0.00407482125,0.00366718741,4.85662858e-05,1
0.00390625,523,0.00408301363,0.00367471157,4.86765239e-05,1
0.00390625,524,0.00409120647,0.00368224084,4.87868383e-05,1
0.00390625,525,0.0040994077,0.00368977105,4.88972364e-05,1
0.00390625,526,0.00410760567,0.00369730429,4.90078492e-05,1
0.00390625,527,0.00411580224,0.0037048338,4.91184546e-05,1
0.00390625,528,0.00412399927,0.00371236564,4.9228991e-05,1
0.00390625,529,0.00413220469,0.00371990516,4.93396583e-05,1
0.00390625,530,0.00414040731,0.00372744165,4.94504857e-05,1
0.00390625,531,0.00414862158,0.00373498537,4.95613531e-05,1
0.00390625,532,0.00415683351,0.00374253187,4.96722787e-05,1
0.00390625,533,0.00416504452,0.00375007978,4.97833098e-05,1
0.00390625,534,0.00417326065,0.00375763094,4.98944682e-05,1
0.00390625,535,0.00418147305,0.00376517698,5.00055139e-05,1
0.00390625,536,0.00418968918,0.00377272884,5.01167306e-05,1
0.00390625,537,0.00419790996,0.00378028164,5.022802e-05,1
0.00390625,538,0.00420613401,0.00378784095,5.03394331e-05,1
0.00390625,539,0.004214352,0.00379539304,5.04509153e-05,1
0.00390625,540,0.00422257325,0.00380295282,5.05623211e-05,1
0.00390625,541,0.00423080195,0.00381051353,5.06738288e-05,1
0.00390625,542,0.00423903158,0.00381808006,5.0785522e-05,1
0.00390625,543,0.00424726261,0.00382564566,5.08972516e-05,1
0.00390625,544,0.00425549364,0.00383321126,5.10089812e-05,1
0.00390625,545,0.00426372839,0.00384078361,5.11208709e-05,1
0.00390625,546,0.00427195756,0.00384834525,5.12327751e-05,1
0.00390625,547,0.0042801993,0.00385592598,5.13447376e-05,1
0.00390625,548,0.00428844057,0.00386350346,5.14568819e-05,1
0.00390625,549,0.00429667952,0.00387107674,5.15689135e-05,1
0.00390625,550,0.00430492219,0.00387865584,5.16811851e-05,1
0.00390625,551,0.00431316765,0.00388623914,5.17935368e-05,1
0.00390625,552,0.00432141637,0.0038938208,5.19058813e-05,1
0.00390625,553,0.00432966091,0.00390140316,5.20181929e-05,1
0.00390625,554,0.00433791848,0.00390899554,5.21307811e-05,1
0.00390625,555,0.00434616627,0.00391658256,5.22432929e-05,1
0.00390625,556,0.00435441779,0.00392417051,5.23558738e-05,1
0.00390625,557,0.00436267676,0.00393176684,5.24685966e-05,1
0.00390625,558,0.00437093526,0.00393935945,5.25813593e-05,1
0.00390625,559,0.00437919889,0.00394696137,5.26943149e-05,1
0.00390625,560,0.00438745646,0.00395455817,5.28071687e-05,1
0.00390625,561,0.00439571589,0.00396215403,5.29202043e-05,1
0.00390625,562,0.00440398976,0.00396976527,5.30333164e-05,1
0.00390625,563,0.00441225525,0.00397736859,5.31463775e-05,1
0.00390625,564,0.00442052726,0.00398497563,5.3259635e-05,1
0.00390625,565,0.0044287974,0.00399258453,5.33729108e-05,1
0.00390625,566,0.0044370722,0.00400019763,5.34862775e-05,1
0.00390625,567,0.00444534514,0.00400780654,5.35996624e-05,1
0.00390625,568,0.00445361994,0.00401542056,5.37131309e-05,1
0.00390625,569,0.00446189521,0.00402303645,5.3826785e-05,1
0.00390625,570,0.00447017606,0.00403065886,5.39403809e-05,1
0.00390625,571,0.00447845832,0.00403827662,5.40539986e-05,1
0.00390625,572,0.00448674429,0.00404590089,5.41678419e-05,1
0.00390625,573,0.00449502608,0.00405352144,5.42817907e-05,1
0.00390625,574,0.00450332323,0.00406115735,5.43956994e-05,1
0.00390625,575,0.0045116106,0.00406878302,5.45096591e-05,1
0.00390625,576,0.00451989938,0.00407641008,5.46236952e-05,1
0.00390625,577,0.00452819373,0.0040840446,5.47379095e-05,1
0.00390625,578,0.00453648996,0.00409168005,5.48520438e-05,1
0.00390625,579,0.00454478245,0.00409931364,5.49663891e-05,1
0.00390625,580,0.00455308007,0.00410695095,5.50806981e-05,1
0.00390625,581,0.00456138421,0.00411459478,5.51951525e-05,1
0.00390625,582,0.00456969067,0.00412223861,5.53096543e-05,1
0.00390625,583,0.00457799016,0.00412987964,5.54241888e-05,1
0.00390625,584,0.00458629755,0.0041375258,5.55389852e-05,1
0.00390625,585,0.00459460448,0.00414517475,5.56535997e-05,1
0.00390625,586,0.00460291421,0.00415282464,5.57683597e-05,1
0.00390625,587,0.0046112272,0.00416047638,5.58833053e-05,1
0.00390625,588,0.00461954204,0.00416813418,5.5998149e-05,1
0.00390625,589,0.00462786434,0.00417579571,5.61132219e-05,1
0.00390625,590,0.00463618431,0.00418345537,5.62283712e-05,1
0.00390625,591,0.00464450056,0.00419111317,5.63434514e-05,1
0.00390625,592,0.00465282006,0.00419877376,5.64587317e-05,1
0.00390625,593,0.00466114469,0.00420644134,5.6574012e-05,1
0.00390625,594,0.00466947118,0.00421410846,5.66894632e-05,1
0.00390625,595,0.00467779161,0.00422177184,5.6804849e-05,1
0.00390625,596,0.00468612136,0.00422944035,5.69203366e-05,1
0.00390625,597,0.00469445996,0.00423712144,5.70358752e-05,1
0.00390625,598,0.00470278878,0.00424478948,5.71515666e-05,1
0.00390625,599,0.0047111176,0.00425246311,5.72673453e-05,1
0.00390625,600,0.00471945666,0.00426014373,5.73831348e-05,1
0.00390625,601,0.00472779805,0.00426782342,5.74990008e-05,1
0.00390625,602,0.00473614177,0.00427551148,5.76150196e-05,1
0.00390625,603,0.00474448269,0.00428319257,5.7730962e-05,1
0.00390625,604,0.00475283014,0.0042908839,5.78471445e-05,1
0.00390625,605,0.00476116687,0.00429856218,5.79632106e-05,1
0.00390625,606,0.0047695227,0.00430626096,5.8079444e-05,1
0.00390625,607,0.00477787061,0.00431395369,5.81958302e-05,1
0.00390625,608,0.00478621433,0.00432164129,5.83121473e-05,1
0.00390625,609,0.00479457388,0.004329341,5.84286427e-05,1
0.00390625,610,0.00480292737,0.00433703838,5.85452726e-05,1
0.00390625,611,0.00481128274,0.00434473762,5.86618626e-05,1
0.00390625,612,0.00481964462,0.00435244199,5.87785325e-05,1
0.00390625,613,0.00482800603,0.00436014961,5.8895268e-05,1
0.00390625,614,0.00483636605,0.00436785026,5.9012109e-05,1
0.00390625,615,0.00484473677,0.00437556673,5.91290009e-05,1
0.00390625,616,0.00485310284,0.00438327389,5.92460201e-05,1
0.00390625,617,0.00486147124,0.00439098431,5.93630248e-05,1
0.00390625,618,0.00486984057,0.00439869892,5.94801022e-05,1
0.00390625,619,0.00487820851,0.00440641167,5.95972779e-05,1
0.00390625,620,0.00488658762,0.00441413559,5.97146318e-05,1
0.00390625,621,0.00489496021,0.00442185113,5.98320039e-05,1
0.00390625,622,0.00490333512,0.00442957133,5.99493542e-05,1
0.00390625,623,0.00491171423,0.00443729758,6.006681e-05,1
0.00390625,624,0.00492010126,0.00444502942,6.01843967e-05,1
0.00390625,625,0.00492848735,0.00445275987,6.03021035e-05,1
0.00390625,626,0.00493687252,0.00446048984,6.04197958e-05,1
0.00390625,627,0.00494525908,0.00446822075,6.05375244e-05,1
0.00390625,628,0.00495365215,0.00447595865,6.06554167e-05,1
0.00390625,629,0.00496203545,0.00448368955,6.07733673e-05,1
0.00390625,630,0.00497043505,0.00449143024,6.08913833e-05,1
0.00390625,631,0.00497882813,0.00449917046,6.10094139e-05,1
0.00390625,632,0.0049872254,0.00450691208,6.11276919e-05,1
0.00390625,633,0.00499561802,0.00451465137,6.12457516e-05,1
0.00390625,634,0.00500401948,0.00452239998,6.13641168e-05,1
0.00390625,635,0.00501242653,0.00453015231,6.14824676e-05,1
0.00390625,636,0.00502082566,0.00453789905,6.1600862e-05,1
0.00390625,637,0.00502923597,0.00454565324,6.17194746e-05,1
0.00390625,638,0.00503764395,0.00455341255,6.18381091e-05,1
0.00390625,639,0.00504605239,0.00456116302,6.19566781e-05,1
0.00390625,640,0.00505446875,0.00456892746,6.20754581e-05,1
0.00390625,641,0.00506287254,0.00457668072,6.21942163e-05,1
0.00390625,642,0.00507129403,0.00458444702,6.23130836e-05,1
0.00390625,643,0.00507971039,0.00459221052,6.24322056e-05,1
0.00390625,644,0.00508812908,0.00459997589,6.25510584e-05,1
0.00390625,645,0.00509655382,0.00460774917,6.26702749e-05,1
0.00390625,646,0.00510497531,0.00461551687,6.27894478e-05,1
0.00390625,647,0.005113394,0.00462328363,6.29086499e-05,1
0.00390625,648,0.00512181828,0.00463105552,6.30279392e-05,1
0.00390625,649,0.00513025839,0.00463884138,6.31474613e-05,1
0.00390625,650,0.005138685,0.00464661792,6.32669471e-05,1
0.00390625,651,0.005147113,0.00465439307,6.33864111e-05,1
0.00390625,652,0.00515554845,0.00466217659,6.35059987e-05,1
0.00390625,653,0.00516398903,0.00466996618,6.36258483e-05,1
0.00390625,654,0.00517243333,0.00467775762,6.37456542e-05,1
0.00390625,655,0.00518086599,0.00468553975,6.38654237e-05,1
0.00390625,656,0.00518930703,0.00469333213,6.39853388e-05,1
0.00390625,657,0.00519775506,0.00470112776,6.41053266e-05,1
0.00390625,658,0.00520620076,0.00470892107,6.42255254e-05,1
0.00390625,659,0.00521464879,0.0047167195,6.4345506e-05,1
0.00390625,660,0.0052231024,0.0047245184,6.44659231e-05,1
0.00390625,661,0.00523154205,0.00473230984,6.45860055e-05,1
0.00390625,662,0.00523999706,0.00474011339,6.47063862e-05,1
0.00390625,663,0.00524845766,0.00474792346,6.48268106e-05,1
0.00390625,664,0.00525692059,0.00475573447,6.49474168e-05,1
0.00390625,665,0.0052653742,0.00476354081,6.50679722e-05,1
0.00390625,666,0.0052738376,0.00477135275,6.51887094e-05,1
0.00390625,667,0.00528229121,0.00477915443,6.53093302e-05,1
0.00390625,668,0.00529076997,0.00478698639,6.54303658e-05,1
0.00390625,669,0.00529922405,0.00479479181,6.55511394e-05,1
0.00390625,670,0.00530769723,0.00480261073,6.56721677e-05,1
0.00390625,671,0.00531616854,0.0048104357,6.57932324e-05,1
0.00390625,672,0.00532463193,0.00481824763,6.5914297e-05,1
0.00390625,673,0.00533311116,0.00482607679,6.60354199e-05,1
0.00390625,674,0.00534158852,0.00483390456,6.61566373e-05,1
0.00390625,675,0.00535006728,0.00484173512,6.6278124e-05,1
0.00390625,676,0.0053585507,0.00484956754,6.63994942e-05,1
0.00390625,677,0.0053670276,0.00485739671,6.65208208e-05,1
0.00390625,678,0.00537551288,0.00486523565,6.66424821e-05,1
0.00390625,679,0.00538399676,0.0048730704,6.67643253e-05,1
0.00390625,680,0.0053924853,0.0048809112,6.68858993e-05,1
0.00390625,681,0.00540097849,0.00488875294,6.70076843e-05,1
0.00390625,682,0.00540946517,0.00489659421,6.71296002e-05,1
0.00390625,683,0.00541795418,0.00490443548,6.72515307e-05,1
0.00390625,684,0.00542645156,0.00491228607,6.73733884e-05,1
0.00390625,685,0.00543494662,0.00492013013,6.74955809e-05,1
0.00390625,686,0.00544343935,0.00492797419,6.76177297e-05,1
0.00390625,687,0.00545195024,0.00493583642,6.7739973e-05,1
0.00390625,688,0.00546044949,0.00494369166,6.78623765e-05,1
0.00390625,689,0.00546895619,0.00495154969,6.79847508e-05,1
0.00390625,690,0.00547746615,0.00495941052,6.8107227e-05,1
0.00390625,691,0.00548597798,0.00496727601,6.82298196e-05,1
0.00390625,692,0.00549448375,0.00497513311,6.83524268e-05,1
0.00390625,693,0.00550299371,0.00498299766,6.84750848e-05,1
0.00390625,694,0.00551150972,0.0049908706,6.8597823e-05,1
0.00390625,695,0.00552001735,0.00499873096,6.8720612e-05,1
0.00390625,696,0.00552854175,0.00500660762,6.88436194e-05,1
0.00390625,697,0.00553706149,0.00501448149,6.89664303e-05,1
0.00390625,698,0.00554558076,0.00502235489,6.90896995e-05,1
0.00390625,699,0.00555410655,0.00503023108,6.92127869e-05,1
0.00390625,700,0.00556263234,0.00503811147,6.93359398e-05,1
0.00390625,701,0.00557116186,0.00504599651,6.94593109e-05,1
0.00390625,702,0.00557968905,0.0050538769,6.95826529e-05,1
0.00390625,703,0.00558822695,0.00506177219,6.97060314e-05,1
0.00390625,704,0.00559675647,0.0050696549,6.98296135e-05,1
0.00390625,705,0.00560528599,0.00507753715,6.99532757e-05,1
0.00390625,706,0.00561382342,0.00508543057,7.00769524e-05,1
0.00390625,707,0.00562237017,0.00509333145,7.02007601e-05,1
0.00390625,708,0.00563089689,0.00510121416,7.03245241e-05,1
0.00390625,709,0.00563944411,0.0051091169,7.0448441e-05,1
0.00390625,710,0.00564800063,0.00511702709,7.05724306e-05,1
0.00390625,711,0.00565653481,0.00512491539,7.06965147e-05,1
0.00390625,712,0.00566508109,0.00513281813,7.08205043e-05,1
0.00390625,713,0.00567363622,0.00514072925,7.0944785e-05,1
0.00390625,714,0.00568218809,0.00514863851,7.10690292e-05,1
0.00390625,715,0.00569074554,0.00515654823,7.11933753e-05,1
0.00390625,716,0.00569930021,0.00516446121,7.13178233e-05,1
0.00390625,717,0.00570786092,0.00517237745,7.14423804e-05,1
0.00390625,718,0.00571641931,0.00518029509,7.15669958e-05,1
0.00390625,719,0.00572498189,0.0051882104,7.1691582e-05,1
0.00390625,720,0.00573353656,0.00519612432,7.18163501e-05,1
0.00390625,721,0.00574210798,0.00520405127,7.19412637e-05,1
0.00390625,722,0.0057506822,0.00521197915,7.20661119e-05,1
0.00390625,723,0.00575925084,0.00521990657,7.21911056e-05,1
0.00390625,724,0.0057678232,0.00522783678,7.2316092e-05,1
0.00390625,725,0.00577639323,0.0052357642,7.24412821e-05,1
0.00390625,726,0.00578496605,0.00524369208,7.25663776e-05,1
0.00390625,727,0.00579354353,0.00525162742,7.26917715e-05,1
0.00390625,728,0.00580212288,0.00525956554,7.28170126e-05,1
0.00390625,729,0.00581069803,0.00526749669,7.29423846e-05,1
0.00390625,730,0.00581928575,0.00527543994,7.3067873e-05,1
0.00390625,731,0.00582787022,0.00528338598,7.31933906e-05,1
0.00390625,732,0.00583644863,0.00529132225,7.33191919e-05,1
0.00390625,733,0.00584503589,0.00529926829,7.34448477e-05,1
0.00390625,734,0.00585363153,0.00530722272,7.35707727e-05,1
0.00390625,735,0.00586222485,0.00531517342,7.3696523e-05,1
0.00390625,736,0.00587081676,0.00532312319,7.38225935e-05,1
0.00390625,737,0.00587941008,0.00533107761,7.39484967e-05,1
0.00390625,738,0.00588801224,0.00533903716,7.40746618e-05,1
0.00390625,739,0.00589660881,0.00534699345,7.42009142e-05,1
0.00390625,740,0.00590521377,0.00535495579,7.43270648e-05,1
0.00390625,741,0.00591382151,0.00536292093,7.44535282e-05,1
0.00390625,742,0.00592242228,0.00537088234,7.45799116e-05,1
0.00390625,743,0.00593102537,0.00537884375,7.47064332e-05,1
0.00390625,744,0.00593963219,0.00538681122,7.48329621e-05,1
0.00390625,745,0.00594824925,0.00539478706,7.4959702e-05,1
0.00390625,746,0.00595687004,0.00540276757,7.50864056e-05,1
0.00390625,747,0.0059654708,0.00541073037,7.52131527e-05,1
0.00390625,748,0.00597409438,0.00541871088,7.53399363e-05,1
0.00390625,749,0.00598270912,0.00542668812,7.54670036e-05,1
0.00390625,750,0.00599133689,0.00543467328,7.55941073e-05,1
0.00390625,751,0.00599995861,0.00544265797,7.57212038e-05,1
0.00390625,752,0.00600858964,0.00545065012,7.58484166e-05,1
0.00390625,753,0.00601720437,0.00545862177,7.59756149e-05,1
0.00390625,754,0.0060258382,0.00546661904,7.61030024e-05,1
0.00390625,755,0.00603445666,0.00547460001,7.62302952e-05,1
0.00390625,756,0.00604309607,0.0054825996,7.63577918e-05,1
0.00390625,757,0.00605173409,0.00549059873,7.64854194e-05,1
0.00390625,758,0.00606037723,0.00549860206,7.66131488e-05,1
0.00390625,759,0.00606901385,0.00550659839,7.67409001e-05,1
0.00390625,760,0.00607764954,0.00551459752,7.68686223e-05,1
0.00390625,761,0.00608629547,0.00552260177,7.69965773e-05,1
0.00390625,762,0.00609493442,0.00553060789,7.71245323e-05,1
0.00390625,763,0.00610357337,0.00553860515,7.72524654e-05,1
0.00390625,764,0.00611222163,0.00554661686,7.73805223e-05,1
0.00390625,765,0.00612087175,0.00555462949,7.75087392e-05,1
0.00390625,766,0.00612952886,0.00556264957,7.76370944e-05,1
0.00390625,767,0.00613817526,0.00557065662,7.77655732e-05,1
0.00390625,768,0.00614683749,0.00557868229,7.78939648e-05,1
0.00390625,769,0.00615548901,0.00558669679,7.80224291e-05,1
0.00390625,770,0.00616415916,0.00559473038,7.81509953e-05,1
0.00390625,771,0.0061728158,0.0056027472,7.82795614e-05,1
0.00390625,772,0.00618148409,0.00561077846,7.84084623e-05,1
0.00390625,773,0.00619014818,0.00561880507,7.85372176e-05,1
0.00390625,774,0.00619881507,0.00562683679,7.86660676e-05,1
0.00390625,775,0.00620748382,0.00563486991,7.87951067e-05,1
0.00390625,776,0.00621615071,0.00564289652,7.89240876e-05,1
0.00390625,777,0.00622482784,0.00565094128,7.90532577e-05,1
0.00390625,778,0.00623349426,0.00565897021,7.91823113e-05,1
0.00390625,779,0.00624216767,0.00566700613,7.93117142e-05,1
0.00390625,780,0.00625085225,0.00567505648,7.9441139e-05,1
0.00390625,781,0.00625953171,0.00568310078,7.95704182e-05,1
0.00390625,782,0.00626821909,0.005691153,7.97000685e-05,1
0.00390625,783,0.00627689948,0.0056991973,7.98295441e-05,1
0.00390625,784,0.00628558686,0.00570725184,7.99593545e-05,1
0.00390625,785,0.00629427657,0.00571530266,8.00890266e-05,1
0.00390625,786,0.00630295975,0.00572335161,8.02188224e-05,1
0.00390625,787,0.00631166575,0.00573142245,8.03488219e-05,1
0.00390625,788,0.00632035453,0.00573947467,8.04787996e-05,1
0.00390625,789,0.00632904982,0.00574753527,8.06089229e-05,1
0.00390625,790,0.00633774092,0.00575559167,8.07375691e-05,1
0.00390625,791,0.00634643994,0.00576365599,8.08678597e-05,1
0.00390625,792,0.00635514176,0.00577172358,8.09981721e-05,1
0.00390625,793,0.00636384124,0.00577978976,8.11284772e-05,1
0.00390625,794,0.00637256075,0.00578787271,8.12589933e-05,1
0.00390625,795,0.00638126442,0.00579594495,8.13894003e-05,1
0.00390625,796,0.00638996111,0.0058040102,8.15200765e-05,1
0.00390625,797,0.00639867969,0.00581209362,8.16507236e-05,1
0.00390625,798,0.00640739407,0.00582017563,8.1781458e-05,1
0.00390625,799,0.00641610613,0.00582825113,8.19123889e-05,1
0.00390625,800,0.00642482145,0.00583633594,8.20432688e-05,1
0.00390625,801,0.00643354654,0.00584442681,8.21743379e-05,1
0.00390625,802,0.00644227071,0.00585251674,8.23053197e-05,1
0.00390625,803,0.00645099068,0.00586060481,8.24365488e-05,1
0.00390625,804,0.00645971578,0.00586869614,8.25677635e-05,1
0.00390625,805,0.00646844506,0.00587678934,8.26991236e-05,1
0.00390625,806,0.00647716317,0.00588487741,8.28303455e-05,1
0.00390625,807,0.00648590177,0.00589298224,8.29619894e-05,1
0.00390625,808,0.00649463339,0.00590108382,8.3093495e-05,1
0.00390625,809,0.00650336687,0.00590918539,8.32249862e-05,1
0.00390625,810,0.00651210221,0.00591728743,8.33568629e-05,1
0.00390625,811,0.00652084313,0.00592539832,8.3488645e-05,1
0.00390625,812,0.00652957894,0.00593350036,8.3620449e-05,1
0.00390625,813,0.00653832406,0.00594161544,8.37523476e-05,1
0.00390625,814,0.00654706871,0.00594972773,8.38844644e-05,1
0.00390625,815,0.0065558143,0.00595784141,8.40165449e-05,1
0.00390625,816,0.00656454964,0.00596594485,8.4148618e-05,1
0.00390625,817,0.00657331385,0.00597407809,8.42810114e-05,1
0.00390625,818,0.0065820599,0.0059821941,8.44132664e-05,1
0.00390625,819,0.00659081433,0.00599032035,8.45456452e-05,1
0.00390625,820,0.00659956876,0.00599844009,8.4678235e-05,1
0.00390625,821,0.00660832971,0.00600657007,8.48107229e-05,1
0.00390625,822,0.00661708461,0.00601469446,8.49434655e-05,1
0.00390625,823,0.00662584929,0.00602282956,8.50761353e-05,1
0.00390625,824,0.00663461257,0.00603096141,8.52090525e-05,1
0.00390625,825,0.00664337352,0.00603909092,8.53418023e-05,1
0.00390625,826,0.00665213633,0.00604722835,8.54747777e-05,1
0.00390625,827,0.00666090939,0.0060553723,8.56079059e-05,1
0.00390625,828,0.00666969176,0.00606352044,8.57412306e-05,1
0.00390625,829,0.00667845411,0.00607165601,8.5874206e-05,1
0.00390625,830,0.00668722996,0.00607980276,8.60076689e-05,1
0.00390625,831,0.00669599744,0.00608794158,8.61408189e-05,1
0.00390625,832,0.0067047854,0.00609610043,8.62743618e-05,1
0.00390625,833,0.00671357103,0.00610425649,8.64078538e-05,1
0.00390625,834,0.00672234641,0.0061124037,8.65415495e-05,1
0.00390625,835,0.00673113717,0.00612056535,8.66751725e-05,1
0.00390625,836,0.00673991814,0.00612871628,8.68089992e-05,1
0.00390625,837,0.00674870797,0.00613687513,8.69428477e-05,1
0.00390625,838,0.00675749592,0.00614503725,8.70765361e-05,1
0.00390625,839,0.0067662904,0.00615320401,8.72107921e-05,1
0.00390625,840,0.00677508581,0.00616136985,8.73447789e-05,1
0.00390625,841,0.00678389659,0.00616955012,8.74790348e-05,1
0.00390625,842,0.00679268315,0.00617771223,8.76132108e-05,1
0.00390625,843,0.0068014781,0.0061858804,8.77475904e-05,1
0.00390625,844,0.00681028794,0.0061940616,8.78819192e-05,1
0.00390625,845,0.0068190801,0.00620222883,8.8016357e-05,1
0.00390625,846,0.00682790019,0.00621041749,8.81510132e-05,1
0.00390625,847,0.00683670305,0.00621859543,8.82856693e-05,1
0.00390625,848,0.00684551615,0.00622677943,8.84204419e-05,1
0.00390625,849,0.00685432274,0.00623496016,8.85552508e-05,1
0.00390625,850,0.00686313398,0.00624314556,8.86900234e-05,1
0.00390625,851,0.00687195687,0.00625134306,8.88250433e-05,1
0.00390625,852,0.00688076252,0.00625952054,8.89600924e-05,1
0.00390625,853,0.00688958727,0.00626771851,8.90950905e-05,1
0.00390625,854,0.00689841434,0.00627591833,8.92304015e-05,1
0.00390625,855,0.00690723304,0.00628411071,8.93656616e-05,1
0.00390625,856,0.00691606803,0.00629231706,8.95011253e-05,1
0.00390625,857,0.00692489324,0.00630051875,8.96365382e-05,1
0.00390625,858,0.00693372171,0.00630871952,8.97720311e-05,1
0.00390625,859,0.00694254646,0.00631692167,8.99075967e-05,1
0.00390625,860,0.0069513726,0.0063251229,9.00433224e-05,1
0.00390625,861,0.00696021877,0.00633334182,9.0177833e-05,1
0.00390625,862,0.00696904538,0.00634154491,9.03135151e-05,1
0.00390625,863,0.00697788922,0.00634976337,9.04493863e-05,1
0.00390625,864,0.00698672142,0.00635797298,9.05854249e-05,1
0.00390625,865,0.00699557131,0.00636619655,9.07215363e-05,1
0.00390625,866,0.007004424,0.00637442619,9.08576912e-05,1
0.00390625,867,0.00701326737,0.00638264371,9.09939845e-05,1
0.00390625,868,0.00702211447,0.00639086636,9.1130205e-05,1
0.00390625,869,0.00703095691,0.00639908155,9.12665928e-05,1
0.00390625,870,0.00703981845,0.0064073205,9.14032207e-05,1
0.00390625,871,0.00704867486,0.00641555618,9.15397541e-05,1
0.00390625,872,0.00705753313,0.00642378675,9.16764766e-05,1
0.00390625,873,0.00706637511,0.00643200474,9.18130172e-05,1
0.00390625,874,0.00707525574,0.00644026091,9.19500017e-05,1
0.00390625,875,0.00708410889,0.00644849241,9.20869279e-05,1
0.00390625,876,0.00709297322,0.00645673368,9.22235922e-05,1
0.00390625,877,0.00710183894,0.00646497635,9.23608386e-05,1
0.00390625,878,0.00711070979,0.00647322182,9.24979176e-05,1
0.00390625,879,0.00711958297,0.00648147427,9.26351931e-05,1
0.00390625,880,0.00712845894,0.00648972811,9.27725341e-05,1
0.00390625,881,0.00713733071,0.00649797963,9.29099406e-05,1
0.00390625,882,0.00714619737,0.00650622044,9.30473761e-05,1
0.00390625,883,0.00715508079,0.0065144822,9.31848772e-05,1
0.00390625,884,0.00716396188,0.00652273931,9.33225092e-05,1
0.00390625,885,0.00717284204,0.00653099827,9.3460163e-05,1
0.00390625,886,0.00718171755,0.00653925305,9.35978314e-05,1
0.00390625,887,0.00719062053,0.00654753204,9.37358709e-05,1
0.00390625,888,0.00719950395,0.00655579334,9.38737576e-05,1
0.00390625,889,0.00720839016,0.00656405883,9.40117679e-05,1
0.00390625,890,0.00721727591,0.00657232618,9.41499238e-05,1
0.00390625,891,0.00722617004,0.00658059772,9.42879924e-05,1
0.00390625,892,0.00723506557,0.00658887066,9.44263011e-05,1
0.00390625,893,0.00724396762,0.00659715058,9.45646389e-05,1
0.00390625,894,0.00725286966,0.0066054333,9.47030494e-05,1
0.00390625,895,0.00726177683,0.00661371835,9.48418674e-05,1
0.00390625,896,0.00727066863,0.00662199501,9.49801688e-05,1
0.00390625,897,0.00727957487,0.00663027959,9.51187831e-05,1
0.00390625,898,0.00728848344,0.00663856557,9.52575065e-05,1
0.00390625,899,0.00729739247,0.00664685667,9.53964336e-05,1
0.00390625,900,0.00730630709,0.0066551487,9.55354844e-05,1
0.00390625,901,0.00731521379,0.00666343607,9.56744625e-05,1
0.00390625,902,0.00732412795,0.00667172531,9.58134187e-05,1
0.00390625,903,0.00733305048,0.00668003084,9.59527606e-05,1
0.00390625,904,0.00734196277,0.00668832287,9.60918478e-05,1
0.00390625,905,0.00735088717,0.00669662934,9.62312843e-05,1
0.00390625,906,0.00735979946,0.00670492183,9.63705897e-05,1
0.00390625,907,0.00736873411,0.00671323854,9.6509968e-05,1
0.00390625,908,0.00737766037,0.00672154315,9.66497537e-05,1
0.00390625,909,0.00738659501,0.00672985846,9.67894157e-05,1
0.00390625,910,0.00739552453,0.00673817005,9.69291796e-05,1
0.00390625,911,0.00740445266,0.00674647978,9.70689071e-05,1
0.00390625,912,0.00741337938,0.00675478997,9.72086709e-05,1
0.00390625,913,0.00742232148,0.00676311087,9.7348784e-05,1
0.00390625,914,0.00743125379,0.00677142804,9.74888826e-05,1
0.00390625,915,0.00744019635,0.00677974895,9.76288429e-05,1
0.00390625,916,0.00744915102,0.00678808708,9.77692252e-05,1
0.00390625,917,0.0074580824,0.00679640612,9.79094548e-05,1
0.00390625,918,0.00746702589,0.00680473354,9.80496989e-05,1
0.00390625,919,0.00747598615,0.00681307167,9.81903431e-05,1
0.00390625,920,0.00748493616,0.00682140235,9.83309001e-05,1
0.00390625,921,0.00749389362,0.0068297442,9.84716389e-05,1
0.00390625,922,0.00750283943,0.00683807535,9.86122468e-05,1
0.00390625,923,0.00751179876,0.00684641348,9.8753022e-05,1
0.00390625,924,0.00752075668,0.00685475487,9.88939428e-05,1
0.00390625,925,0.00752971601,0.00686309906,9.90349145e-05,1
0.00390625,926,0.00753868418,0.00687145023,9.91762499e-05,1
0.00390625,927,0.00754764583,0.00687979534,9.93170324e-05,1
0.00390625,928,0.00755660981,0.00688814372,9.94585207e-05,1
0.00390625,929,0.00756557705,0.00689649675,9.95995797e-05,1
0.00390625,930,0.00757454103,0.0069048428,9.97409807e-05,1
0.00390625,931,0.00758352177,0.00691321073,9.98826581e-05,1
0.00390625,932,0.00759248715,0.00692155724,0.000100023979,1
0.00390625,933,0.00760147721,0.00692993123,0.000100165707,1
0.00390625,934,0.00761044724,0.00693828752,0.000100307458,1
0.00390625,935,0.00761942891,0.00694665266,0.000100449128,1
0.00390625,936,0.00762839848,0.00695500756,0.000100590994,1
0.00390625,937,0.00763738295,0.00696337456,0.000100733043,1
0.00390625,938,0.0076463786,0.00697175367,0.000100875077,1
0.00390625,939,0.00765535934,0.00698012253,0.000101017213,1
0.00390625,940,0.00766434893,0.00698850118,0.000101159276,1
0.00390625,941,0.00767334457,0.00699687749,0.000101301695,1
0.00390625,942,0.00768232858,0.00700524822,0.000101442536,1
0.00390625,943,0.00769132143,0.0070136264,0.000101585021,1
0.00390625,944,0.00770032359,0.00702201668,0.000101727572,1
0.00390625,945,0.00770932622,0.00703040371,0.000101870268,1
0.00390625,946,0.00771832559,0.0070387926,0.000102012964,1
0.00390625,947,0.00772733241,0.00704718521,0.000102155602,1
0.00390625,948,0.00773633644,0.00705557643,0.000102298531,1
0.00390625,949,0.00774534792,0.00706397649,0.000102441663,1
0.00390625,950,0.00775435334,0.00707236864,0.000102584607,1
0.00390625,951,0.00776336202,0.00708076218,0.000102727681,1
0.00390625,952,0.00777238002,0.0070891669,0.00010287077,1
0.00390625,953,0.0077813887,0.00709756371,0.000103014158,1
0.00390625,954,0.0077904053,0.00710596424,0.000103157392,1
0.00390625,955,0.00779941818,0.00711436709,0.000103300874,1
0.00390625,956,0.00780845387,0.00712278672,0.000103444487,1
0.00390625,957,0.00781747792,0.00713120028,0.000103588085,1
0.00390625,958,0.00782649871,0.00713960826,0.0001037318,1
0.00390625,959,0.00783553068,0.00714803115,0.000103875551,1
0.00390625,960,0.00784456637,0.00715645216,0.000104019506,1
0.00390625,961,0.00785359275,0.00716486759,0.000104163446,1
0.00390625,962,0.00786261633,0.00717328116,0.000104307437,1
0.00390625,963,0.00787165668,0.00718171149,0.000104451537,1
0.00390625,964,0.00788070261,0.00719014183,0.000104595747,1
0.00390625,965,0.00788972899,0.00719855865,0.000104740007,1
0.00390625,966,0.00789877772,0.00720699318,0.000104884457,1
0.00390625,967,0.00790780876,0.0072154142,0.000105028928,1
0.00390625,968,0.0079168519,0.00722384779,0.000105173196,1
0.00390625,969,0.00792591367,0.00723229488,0.000105317937,1
0.00390625,970,0.00793495588,0.00724072801,0.00010546267,1
0.00390625,971,0.00794401299,0.00724917091,0.000105607418,1
0.00390625,972,0.00795306452,0.00725761754,0.000105752384,1
0.00390625,973,0.00796210766,0.00726605207,0.000105897132,1
0.00390625,974,0.00797116663,0.00727449963,0.000106042215,1
0.00390625,975,0.00798022933,0.00728295185,0.000106187392,1
0.00390625,976,0.00798929296,0.00729140593,0.000106332831,1
0.00390625,977,0.00799834076,0.00729984324,0.000106477892,1
0.00390625,978,0.00800740346,0.00730829919,0.000106623287,1
0.00390625,979,0.00801647734,0.00731676491,0.00010676869,1
0.00390625,980,0.00802554283,0.00732522458,0.000106914405,1
0.00390625,981,0.00803461764,0.00733368983,0.000107059845,1
0.00390625,982,0.00804369524,0.00734215742,0.000107205706,1
0.00390625,983,0.00805275794,0.00735061243,0.000107351283,1
0.00390625,984,0.00806184765,0.00735909259,0.000107497355,1
0.00390625,985,0.00807091594,0.00736755505,0.000107643144,1
0.00390625,986,0.0080800131,0.0073760408,0.000107789587,1
0.00390625,987,0.00808907952,0.00738450419,0.00010793531,1
0.00390625,988,0.00809816457,0.00739297923,0.000108081636,1
0.00390625,989,0.00810725801,0.00740146264,0.000108227985,1
0.00390625,990,0.00811634026,0.00740993628,0.000108374203,1
0.00390625,991,0.00812542532,0.00741841504,0.000108520821,1
0.00390625,992,0.00813452713,0.00742691522,0.000108667453,1
0.00390625,993,0.00814361218,0.00743539026,0.000108813816,1
0.00390625,994,0.00815271772,0.00744388718,0.000108960696,1
0.00390625,995,0.00816180743,0.0074523692,0.000109107415,1
0.00390625,996,0.00817090459,0.0074608596,0.000109254477,1
0.00390625,997,0.00818001665,0.00746936072,0.000109401291,1
0.00390625,998,0.00818912126,0.00747786276,0.000109548404,1
0.00390625,999,0.00819821842,0.00748634804,0.000109695415,1
0.00390625,1000,0.00820733234,0.00749486219,0.000109842666,1
0.00390625,1001,0.00821643881,0.00750335911,0.00010999004,1
0.00390625,1002,0.00822554342,0.00751185603,0.000110137262,1
0.00390625,1003,0.00823465735,0.00752036693,0.000110284862,1
0.00390625,1004,0.00824377686,0.00752888154,0.000110432353,1
0.00390625,1005,0.00825290289,0.00753739988,0.000110580135,1
0.00390625,1006,0.0082620196,0.00754591264,0.000110728062,1
0.00390625,1007,0.0082711298,0.00755441608,0.000110875539,1
0.00390625,1008,0.00828026142,0.00756294187,0.000111023714,1
0.00390625,1009,0.00828938186,0.00757145695,0.000111171539,1
0.00390625,1010,0.00829850975,0.00757998228,0.000111319525,1
0.00390625,1011,0.00830765069,0.00758851739,0.000111467816,1
0.00390625,1012,0.00831677672,0.00759703992,0.000111616078,1
0.00390625,1013,0.00832591485,0.00760557363,0.000111764311,1
0.00390625,1014,0.00833505113,0.00761410687,0.000111912806,1
0.00390625,1015,0.00834418461,0.00762263685,0.000112061338,1
0.00390625,1016,0.00835332181,0.00763116777,0.000112209847,1
0.00390625,1017,0.00836247392,0.00763971498,0.000112358488,1
0.00390625,1018,0.00837161485,0.00764825335,0.000112507354,1
0.00390625,1019,0.00838075578,0.00765679404,0.000112655907,1
0.00390625,1020,0.00838989485,0.00766532728,0.000112804999,1
0.00390625,1021,0.00839905068,0.00767388241,0.000112953901,1
0.00390625,1022,0.00840820093,0.0076824287,0.000113103226,1
0.00390625,1023,0.00841736328,0.00769099174,0.000113252179,1
0.001953125,0,4.53855973e-05,0,0,1
0.001953125,1,5.26442454e-05,6.54038422e-06,7.70033637e-08,1
0.001953125,2,5.99049963e-05,1.30825938e-05,1.54063912e-07,1
0.001953125,3,6.71673261e-05,1.96266119e-05,2.31182e-07,1
0.001953125,4,7.44314166e-05,2.61723872e-05,3.08357784e-07,1
0.001953125,5,8.16973115e-05,3.27200542e-05,3.85589516e-07,1
0.001953125,6,8.89646908e-05,3.92694965e-05,4.62880649e-07,1
0.001953125,7,9.62340273e-05,4.58207796e-05,5.40228882e-07,1
0.001953125,8,0.00010350479,5.23736926e-05,6.17634782e-07,1
0.001953125,9,0.000110777488,5.89285191e-05,6.95098208e-07,1
0.001953125,10,0.000118052223,6.54853575e-05,7.72616772e-07,1
0.001953125,11,0.000125328195,7.20439202e-05,8.50196216e-07,1
0.001953125,12,0.000132606292,7.86042801e-05,9.27832502e-07,1
0.001953125,13,0.000139885757,8.51663644e-05,1.00552404e-06,1
0.001953125,14,0.00014716736,9.17305224e-05,1.08327527e-06,1
0.001953125,15,0.000154450274,9.82962592e-05,1.1610839e-06,1
0.001953125,16,0.000161734832,0.00010486348,1.23895086e-06,1
0.001953125,17,0.000169021208,0.000111432761,1.31687443e-06,1
0.001953125,18,0.000176309564,0.00011800394,1.39485758e-06,1
0.001953125,19,0.000183599652,0.00012457704,1.47289632e-06,1
0.001953125,20,0.000190891034,0.000131151784,1.5509894e-06,1
0.001953125,21,0.000198184905,0.00013772845,1.62914512e-06,1
0.001953125,22,0.000205479548,0.000144306789,1.70735575e-06,1
0.001953125,23,0.000212776897,0.000150887616,1.78562709e-06,1
0.001953125,24,0.000220075759,0.000157469563,1.86396096e-06,1
0.001953125,25,0.0002273758,0.000164053126,1.9423469e-06,1
0.001953125,26,0.000234678198,0.00017063941,2.02079082e-06,1
0.001953125,27,0.000241981383,0.00017722648,2.0992893e-06,1
0.001953125,28,0.00024928755,0.000183816141,2.17785305e-06,1
0.001953125,29,0.00025659494,0.000190407533,2.25647341e-06,1
0.001953125,30,0.000263903406,0.000196999754,2.3351472e-06,1
0.001953125,31,0.000271214551,0.000203594973,2.4138858e-06,1
0.001953125,32,0.000278525695,0.00021019041,2.4926685e-06,1
0.001953125,33,0.000285841263,0.000216790038,2.57152465e-06,1
0.001953125,34,0.000293156278,0.000223389434,2.65043332e-06,1
0.001953125,35,0.000300474698,0.000229992307,2.72940292e-06,1
0.001953125,36,0.000307793758,0.000236595981,2.8084296e-06,1
0.001953125,37,0.000315115409,0.000243202085,2.88750516e-06,1
0.001953125,38,0.0003224377,0.000249809003,2.96665053e-06,1
0.001953125,39,0.000329762814,0.000256419036,3.04584978e-06,1
0.001953125,40,0.000337088772,0.000263029739,3.12511088e-06,1
0.001953125,41,0.000344417116,0.000269643206,3.20441995e-06,1
0.001953125,42,0.000351747294,0.000276258215,3.28380179e-06,1
0.001953125,43,0.000359078578,0.000282874476,3.3632291e-06,1
0.001953125,44,0.000366411754,0.000289492978,3.44272212e-06,1
0.001953125,45,0.000373747054,0.000296113634,3.52227175e-06,1
0.001953125,46,0.000381083722,0.000302735454,3.6018746e-06,1
0.001953125,47,0.0003884217,0.000309358933,3.68154542e-06,1
0.001953125,48,0.000395761541,0.000315984478,3.76126718e-06,1
0.001953125,49,0.000403103768,0.000322612264,3.84105851e-06,1
0.001953125,50,0.000410448381,0.000329242495,3.92089532e-06,1
0.001953125,51,0.0004177925,0.000335872493,4.00079352e-06,1
0.001953125,52,0.000425139588,0.000342505751,4.08074857e-06,1
0.001953125,53,0.000432489818,0.000349141425,4.16076955e-06,1
0.001953125,54,0.000439839234,0.000355777185,4.24083555e-06,1
0.001953125,55,0.000447192375,0.000362416235,4.32097931e-06,1
0.001953125,56,0.000454546156,0.000369056739,4.40114945e-06,1
0.001953125,57,0.000461902149,0.000375698583,4.4814069e-06,1
0.001953125,58,0.000469260121,0.000382342871,4.5617071e-06,1
0.001953125,59,0.000476619083,0.00038898841,4.6420837e-06,1
0.001953125,60,0.00048398081,0.00039563654,4.72251577e-06,1
0.001953125,61,0.000491343322,0.000402286125,4.80297922e-06,1
0.001953125,62,0.000498707697,0.000408937456,4.88354772e-06,1
0.001953125,63,0.00050607248,0.000415588729,4.96414214e-06,1
0.001953125,64,0.000513441104,0.000422244018,5.04481068e-06,1
0.001953125,65,0.000520811183,0.000428901258,5.12552288e-06,1
0.001953125,66,0.000528182893,0.000435560476,5.20629874e-06,1
0.001953125,67,0.000535555999,0.000442220276,5.28715145e-06,1
0.001953125,68,0.000542931608,0.000448883133,5.36804964e-06,1
0.001953125,69,0.000550307333,0.000455546397,5.4490115e-06,1
0.001953125,70,0.000557686435,0.00046221292,5.53000518e-06,1
0.001953125,71,0.000565065653,0.000468880316,5.61108891e-06,1
0.001953125,72,0.000572447083,0.000475549314,5.69222266e-06,1
0.001953125,73,0.000579831132,0.00048222061,5.77341734e-06,1
0.001953125,74,0.000587218034,0.000488895574,5.85468297e-06,1
0.001953125,75,0.000594604644,0.000495569722,5.93597179e-06,1
0.001953125,76,0.000601992942,0.000502246548,6.01734564e-06,1
0.001953125,77,0.000609381997,0.000508923375,6.09878134e-06,1
0.001953125,78,0.000616776815,0.000515606487,6.18026252e-06,1
0.001953125,79,0.000624170993,0.000522288843,6.26180872e-06,1
0.001953125,80,0.0006315668,0.000528972712,6.34341905e-06,1
0.001953125,81,0.000638963131,0.000535657688,6.42507848e-06,1
0.001953125,82,0.00064636342,0.000542346388,6.50681432e-06,1
0.001953125,83,0.000653764408,0.000549035787,6.58860108e-06,1
0.001953125,84,0.000661167956,0.000555728504,6.67042787e-06,1
0.001953125,85,0.000668571738,0.000562420639,6.75234787e-06,1
0.001953125,86,0.000675977266,0.000569115102,6.83431062e-06,1
0.001953125,87,0.000683386636,0.000575813523,6.91633068e-06,1
0.001953125,88,0.000690796354,0.000582512468,6.99842349e-06,1
0.001953125,89,0.000698208401,0.000589213916,7.08056177e-06,1
0.001953125,90,0.000705621147,0.000595915539,7.16274872e-06,1
0.001953125,91,0.00071303593,0.000602619664,7.24500796e-06,1
0.001953125,92,0.00072045275,0.000609325885,7.32731769e-06,1
0.001953125,93,0.000727873005,0.000616035482,7.40971382e-06,1
0.001953125,94,0.00073529128,0.000622743857,7.49214178e-06,1
0.001953125,95,0.000742712233,0.000629454385,7.57464568e-06,1
0.001953125,96,0.000750138308,0.00063616992,7.65719778e-06,1
0.001953125,97,0.000757563452,0.000642884639,7.73980719e-06,1
0.001953125,98,0.000764990691,0.000649602036,7.8225039e-06,1
0.001953125,99,0.000772419269,0.000656321121,7.90523609e-06,1
0.001953125,100,0.000779851689,0.000663043465,7.98803558e-06,1
0.001953125,101,0.000787284691,0.000669766741,8.07087326e-06,1
0.001953125,102,0.000794717751,0.000676490017,8.15380736e-06,1
0.001953125,103,0.000802152266,0.000683215214,8.23678783e-06,1
0.001953125,104,0.000809590274,0.000689943845,8.31981106e-06,1
0.001953125,105,0.000817031891,0.000696675736,8.40290704e-06,1
0.001953125,106,0.00082447083,0.000703405938,8.48607579e-06,1
0.001953125,107,0.000831912563,0.000710137887,8.56928e-06,1
0.001953125,108,0.000839360757,0.000716876239,8.65253151e-06,1
0.001953125,109,0.000846808136,0.000723615231,8.73587305e-06,1
0.001953125,110,0.000854254293,0.000730352767,8.81927372e-06,1
0.001953125,111,0.000861703942,0.000737093389,8.90271167e-06,1
0.001953125,112,0.000869156618,0.000743837038,8.98623603e-06,1
0.001953125,113,0.000876610458,0.000750582316,9.06982314e-06,1
0.001953125,114,0.00088406459,0.000757327711,9.15342571e-06,1
0.001953125,115,0.000891523901,0.000764078402,9.23714379e-06,1
0.001953125,116,0.000898982107,0.000770828105,9.32092189e-06,1
0.001953125,117,0.000906441594,0.000777578854,9.40470636e-06,1
0.001953125,118,0.000913904747,0.000784334145,9.48858087e-06,1
0.001953125,119,0.000921365863,0.000791088154,9.57251905e-06,1
0.001953125,120,0.000928834721,0.000797848217,9.65652453e-06,1
0.001953125,121,0.000936301309,0.000804606185,9.74055365e-06,1
0.001953125,122,0.000943768071,0.000811366073,9.82465372e-06,1
0.001953125,123,0.000951239781,0.000818129338,9.90884564e-06,1
0.001953125,124,0.000958715798,0.000824897783,9.99309486e-06,1
0.001953125,125,0.000966190128,0.00083166454,1.00773786e-05,1
0.001953125,126,0.000973667426,0.000838434731,1.01617297e-05,1
0.001953125,127,0.000981146004,0.000845205795,1.02461727e-05,1
0.001953125,128,0.000988622778,0.000851974706,1.03306347e-05,1
0.001953125,129,0.000996106421,0.000858751591,1.04151786e-05,1
0.001953125,130,0.00100358797,0.000865525682,1.04997662e-05,1
0.001953125,131,0.00101107266,0.000872303499,1.05844392e-05,1
0.001953125,132,0.00101855805,0.000879082072,1.06691514e-05,1
0.001953125,133,0.00102605054,0.000885866757,1.07539236e-05,1
0.001953125,134,0.00103354093,0.000892651093,1.0838753e-05,1
0.001953125,135,0.00104103365,0.000899436069,1.09236735e-05,1
0.001953125,136,0.0010485258,0.000906222442,1.10086148e-05,1
0.001953125,137,0.00105602143,0.000913011667,1.10936389e-05,1
0.001953125,138,0.00106351858,0.000919802056,1.11787149e-05,1
0.001953125,139,0.00107101793,0.000926595298,1.12639036e-05,1
0.001953125,140,0.00107851811,0.000933388248,1.13490851e-05,1
0.001953125,141,0.00108602108,0.000940185622,1.14343684e-05,1
0.001953125,142,0.00109352591,0.000946984568,1.15196517e-05,1
0.001953125,143,0.00110103388,0.00095378689,1.16050214e-05,1
0.001953125,144,0.00110854139,0.000960588572,1.1690473e-05,1
0.001953125,145,0.00111605169,0.000967392698,1.17760173e-05,1
0.001953125,146,0.00112356269,0.00097419857,1.18615699e-05,1
0.001953125,147,0.00113107648,0.000981006422,1.19471879e-05,1
0.001953125,148,0.00113858934,0.000987813808,1.20328859e-05,1
0.001953125,149,0.00114610512,0.000994624337,1.21186185e-05,1
0.001953125,150,0.00115362636,0.00100144045,1.22044612e-05,1
0.001953125,151,0.00116114551,0.00100825448,1.2290313e-05,1
0.001953125,152,0.0011686685,0.00101507187,1.23762266e-05,1
0.001953125,153,0.00117619301,0.0010218916,1.24622229e-05,1
0.001953125,154,0.00118371821,0.00102871202,1.25482957e-05,1
0.001953125,155,0.00119124493,0.00103553431,1.26343812e-05,1
0.001953125,156,0.00119877351,0.00104235602,1.2720594e-05,1
0.001953125,157,0.0012063043,0.00104918284,1.28068341e-05,1
0.001953125,158,0.00121383509,0.00105600967,1.28931324e-05,1
0.001953125,159,0.0012213696,0.00106284011,1.29794844e-05,1
0.001953125,160,0.00122890726,0.0010696731,1.30658982e-05,1
0.001953125,161,0.00123644609,0.00107650843,1.31523675e-05,1
0.001953125,162,0.00124398922,0.00108334667,1.3238935e-05,1
0.001953125,163,0.00125152478,0.00109017838,1.33255317e-05,1
0.001953125,164,0.00125906756,0.0010970165,1.34122229e-05,1
0.001953125,165,0.00126661384,0.001103858,1.34989305e-05,1
0.001953125,166,0.00127416081,0.00111070194,1.35857172e-05,1
0.001953125,167,0.00128170697,0.0011175446,1.36725675e-05,1
0.001953125,168,0.00128926081,0.00112439482,1.37595052e-05,1
0.001953125,169,0.00129681348,0.00113124377,1.38464538e-05,1
0.001953125,170,0.00130436674,0.00113809423,1.39334943e-05,1
0.001953125,171,0.00131192361,0.00114494772,1.40205721e-05,1
0.001953125,172,0.00131948118,0.0011518026,1.41077544e-05,1
0.001953125,173,0.00132703839,0.0011586562,1.41949358e-05,1
0.001953125,174,0.00133459934,0.00116551272,1.42822564e-05,1
0.001953125,175,0.00134216051,0.00117237121,1.43695243e-05,1
0.001953125,176,0.00134972553,0.00117923331,1.44570067e-05,1
0.001953125,177,0.00135729089,0.00118609623,1.45444747e-05,1
0.001953125,178,0.00136486185,0.00119296426,1.46319526e-05,1
0.001953125,179,0.00137242768,0.00119982858,1.47195369e-05,1
0.001953125,180,0.00138000504,0.00120670232,1.48072249e-05,1
0.001953125,181,0.00138757622,0.00121357141,1.4894923e-05,1
0.001953125,182,0.00139515114,0.00122044387,1.49827092e-05,1
0.001953125,183,0.00140272756,0.00122731831,1.50705273e-05,1
0.001953125,184,0.00141030422,0.0012341931,1.51584554e-05,1
0.001953125,185,0.00141788216,0.00124106859,1.52464127e-05,1
0.001953125,186,0.00142546685,0.00124795164,1.53344281e-05,1
0.001953125,187,0.0014330527,0.00125483517,1.54224672e-05,1
0.001953125,188,0.0014406367,0.00126171799,1.55106372e-05,1
0.001953125,189,0.00144822756,0.0012686064,1.55988891e-05,1
0.001953125,190,0.00145581574,0.00127549295,1.56870919e-05,1
0.001953125,191,0.00146340288,0.00128237868,1.57753839e-05,1
0.001953125,192,0.00147099781,0.00128927303,1.5863814e-05,1
0.001953125,193,0.00147859019,0.00129616447,1.59522242e-05,1
0.001953125,194,0.00148618501,0.00130305754,1.60408072e-05,1
0.001953125,195,0.00149378437,0.00130995456,1.6129361e-05,1
0.001953125,196,0.0015013878,0.00131685822,1.62180186e-05,1
0.001953125,197,0.0015089896,0.00132375909,1.6306707e-05,1
0.001953125,198,0.00151659059,0.00133065984,1.63954446e-05,1
0.001953125,199,0.00152419775,0.00133756571,1.64842731e-05,1
0.001953125,200,0.0015318006,0.00134446821,1.65731635e-05,1
0.001953125,201,0.00153941463,0.00135138119,1.66621176e-05,1
0.001953125,202,0.00154702493,0.00135829102,1.67511425e-05,1
0.001953125,203,0.00155463303,0.00136519992,1.68401821e-05,1
0.001953125,204,0.00156224566,0.00137211266,1.69293362e-05,1
0.001953125,205,0.0015698676,0.00137903262,1.70185613e-05,1
0.001953125,206,0.00157748349,0.0013859492,1.71077882e-05,1
0.001953125,207,0.00158510136,0.0013928666,1.71970732e-05,1
0.001953125,208,0.00159272132,0.00139978772,1.7286482e-05,1
0.001953125,209,0.00160034513,0.00140671164,1.73759654e-05,1
0.001953125,210,0.00160797324,0.00141363952,1.74654633e-05,1
0.001953125,211,0.00161559694,0.0014205625,1.75550376e-05,1
0.001953125,212,0.00162322482,0.00142749108,1.76446774e-05,1
0.001953125,213,0.00163085177,0.00143441861,1.77343736e-05,1
0.001953125,214,0.00163849071,0.00144135789,1.78241426e-05,1
0.001953125,215,0.00164612301,0.00144829275,1.79139606e-05,1
0.001953125,216,0.0016537552,0.00145522575,1.80038223e-05,1
0.001953125,217,0.00166139554,0.00146216596,1.80937859e-05,1
0.001953125,218,0.0016690339,0.00146910548,1.81838168e-05,1
0.001953125,219,0.00167667167,0.0014760457,1.8273875e-05,1
0.001953125,220,0.00168431434,0.00148298999,1.83639968e-05,1
0.001953125,221,0.00169195526,0.00148993218,1.84541695e-05,1
0.001953125,222,0.00169960142,0.00149687915,1.85444478e-05,1
0.001953125,223,0.00170724944,0.00150382833,1.86347843e-05,1
0.001953125,224,0.0017149013,0.0015107817,1.87251608e-05,1
0.001953125,225,0.00172255212,0.00151773565,1.88156009e-05,1
0.001953125,226,0.00173020933,0.00152469357,1.89061411e-05,1
0.001953125,227,0.00173786236,0.00153164961,1.8996685e-05,1
0.001953125,228,0.00174552016,0.00153860799,1.90873434e-05,1
0.001953125,229,0.00175317843,0.00154556881,1.91780218e-05,1
0.001953125,230,0.00176083692,0.00155252987,1.92687858e-05,1
0.001953125,231,0.00176849705,0.00155949325,1.93596279e-05,1
0.001953125,232,0.00177616009,0.00156645803,1.94505337e-05,1
0.001953125,233,0.00178382499,0.00157342572,1.9541485e-05,1
0.001953125,234,0.00179149047,0.00158039492,1.96324308e-05,1
0.001953125,235,0.00179916527,0.00158737111,1.97235695e-05,1
0.001953125,236,0.0018068325,0.00159434136,1.98147027e-05,1
0.001953125,237,0.00181450788,0.00160131825,1.99058959e-05,1
0.001953125,238,0.00182218431,0.00160829816,1.99971655e-05,1
0.001953125,239,0.00182985829,0.00161527609,2.00884988e-05,1
0.001953125,240,0.00183753925,0.00162225997,2.01798703e-05,1
0.001953125,241,0.00184521987,0.001629245,2.02713181e-05,1
0.001953125,242,0.00185289979,0.00163622701,2.03627842e-05,1
0.001953125,243,0.00186058239,0.00164321519,2.04544122e-05,1
0.001953125,244,0.00186826591,0.00165020057,2.0546111e-05,1
0.001953125,245,0.00187595841,0.0016571969,2.06377772e-05,1
0.001953125,246,0.00188364089,0.00166418497,2.07295125e-05,1
0.001953125,247,0.00189133431,0.0016711792,2.08214005e-05,1
0.001953125,248,0.00189902179,0.0016781725,2.09132977e-05,1
0.001953125,249,0.00190671778,0.00168517244,2.1005264e-05,1
0.001953125,250,0.00191441283,0.00169217214,2.10972612e-05,1
0.001953125,251,0.00192211219,0.00169917499,2.11893603e-05,1
0.001953125,252,0.00192980736,0.00170617446,2.12815339e-05,1
0.001953125,253,0.00193750835,0.00171318091,2.13737258e-05,1
0.001953125,254,0.00194521213,0.001720189,2.14659904e-05,1
0.001953125,255,0.00195291592,0.00172719767,2.1558375e-05,1
0.001953125,256,0.00196062308,0.00173421064,2.16507506e-05,1
0.001953125,257,0.00196833885,0.00174122991,2.17432262e-05,1
0.001953125,258,0.00197604904,0.00174824393,2.18357418e-05,1
0.001953125,259,0.00198376039,0.00175526133,2.19283702e-05,1
0.001953125,260,0.00199147244,0.00176227838,2.20209986e-05,1
0.001953125,261,0.00199919241,0.00176930334,2.21137761e-05,1
0.001953125,262,0.00200690539,0.0017763233,2.22065064e-05,1
0.001953125,263,0.00201462721,0.00178334955,2.22993931e-05,1
0.001953125,264,0.00202234485,0.00179037335,2.23922907e-05,1
0.001953125,265,0.00203006994,0.00179740356,2.24852502e-05,1
0.001953125,266,0.00203779363,0.00180443178,2.25783369e-05,1
0.001953125,267,0.00204552291,0.00181146793,2.26714619e-05,1
0.001953125,268,0.00205324846,0.00181849825,2.27646178e-05,1
0.001953125,269,0.00206097518,0.00182553241,2.28578174e-05,1
0.001953125,270,0.00206870423,0.00183256855,2.29511479e-05,1
0.001953125,271,0.00207644049,0.00183960889,2.30444948e-05,1
0.001953125,272,0.00208417303,0.00184664736,2.31379054e-05,1
0.001953125,273,0.00209191069,0.00185369386,2.32313887e-05,1
0.001953125,274,0.00209964975,0.00186073792,2.33249739e-05,1
0.001953125,275,0.00210738787,0.00186778372,2.34185645e-05,1
0.001953125,276,0.00211513112,0.00187483488,2.35122552e-05,1
0.001953125,277,0.00212287949,0.00188188988,2.36060041e-05,1
0.001953125,278,0.00213062903,0.00188894442,2.36998203e-05,1
0.001953125,279,0.0021383767,0.00189600012,2.37936893e-05,1
0.001953125,280,0.002146126,0.00190305628,2.38876291e-05,1
0.001953125,281,0.00215387344,0.00191011128,2.39816454e-05,1
0.001953125,282,0.00216162833,0.00191717432,2.40756817e-05,1
0.001953125,283,0.00216938695,0.00192424003,2.41698399e-05,1
0.001953125,284,0.0021771437,0.00193130283,2.42639981e-05,1
0.001953125,285,0.00218489603,0.00193836261,2.43582581e-05,1
0.001953125,286,0.0021926607,0.0019454374,2.44525909e-05,1
0.001953125,287,0.00220042095,0.00195250323,2.45470128e-05,1
0.001953125,288,0.00220818655,0.00195957674,2.4641462e-05,1
0.001953125,289,0.00221595261,0.00196665013,2.47359876e-05,1
0.001953125,290,0.00222371612,0.00197372399,2.48305223e-05,1
0.001953125,291,0.00223148544,0.00198079995,2.49251661e-05,1
0.001953125,292,0.00223925896,0.00198788312,2.50199155e-05,1
0.001953125,293,0.00224702759,0.00199496094,2.51146685e-05,1
0.001953125,294,0.00225479808,0.00200204132,2.52095015e-05,1
0.001953125,295,0.00226258393,0.00200913567,2.53044545e-05,1
0.001953125,296,0.00227036048,0.00201622094,2.53993439e-05,1
0.001953125,297,0.00227814051,0.00202331063,2.54944116e-05,1
0.001953125,298,0.00228592614,0.00203040335,2.55894884e-05,1
0.001953125,299,0.00229370827,0.00203749421,2.56847488e-05,1
0.001953125,300,0.00230149319,0.00204458833,2.57798984e-05,1
0.001953125,301,0.00230927952,0.00205168407,2.58752025e-05,1
0.001953125,302,0.0023170705,0.00205878541,2.59705612e-05,1
0.001953125,303,0.00232486008,0.00206588302,2.60659162e-05,1
0.001953125,304,0.00233265571,0.00207298924,2.61615005e-05,1
0.001953125,305,0.00234044553,0.00208008778,2.62570138e-05,1
0.001953125,306,0.00234824326,0.00208719587,2.63526654e-05,1
0.001953125,307,0.00235603866,0.0020942986,2.64483515e-05,1
0.001953125,308,0.00236383989,0.00210141088,2.65439903e-05,1
0.001953125,309,0.0023716467,0.00210852921,2.66397983e-05,1
0.001953125,310,0.00237944513,0.00211563706,2.67357555e-05,1
0.001953125,311,0.00238725054,0.0021227533,2.68316526e-05,1
0.001953125,312,0.00239505712,0.00212987,2.69276989e-05,1
0.001953125,313,0.00240286766,0.0021369902,2.70237797e-05,1
0.001953125,314,0.00241067377,0.00214411016,2.71198551e-05,1
0.001953125,315,0.00241849199,0.00215123547,2.72161014e-05,1
0.001953125,316,0.00242630788,0.00215836475,2.73123042e-05,1
0.001953125,317,0.00243412005,0.00216548704,2.74085814e-05,1
0.001953125,318,0.00244194199,0.00217261957,2.75050443e-05,1
0.001953125,319,0.00244976021,0.00217974815,2.76015326e-05,1
0.001953125,320,0.00245758146,0.00218688068,2.7697999e-05,1
0.001953125,321,0.0024654041,0.00219401461,2.77946911e-05,1
0.001953125,322,0.00247322884,0.00220115064,2.78912103e-05,1
0.001953125,323,0.00248105335,0.0022082869,2.7987966e-05,1
0.001953125,324,0.0024888874,0.00221543224,2.80848108e-05,1
0.001953125,325,0.00249671796,0.00222257548,2.81816974e-05,1
0.001953125,326,0.00250454247,0.00222971151,2.82785604e-05,1
0.001953125,327,0.00251238234,0.00223686267,2.83755453e-05,1
0.001953125,328,0.0025202157,0.00224400917,2.84725702e-05,1
0.001953125,329,0.00252805394,0.0022511573,2.8569706e-05,1
0.001953125,330,0.00253589195,0.0022583087,2.86668674e-05,1
0.001953125,331,0.00254373741,0.00226546451,2.87641378e-05,1
0.001953125,332,0.00255157892,0.00227262056,2.88613955e-05,1
0.001953125,333,0.00255942065,0.00227977592,2.89588424e-05,1
0.001953125,334,0.00256726751,0.00228693476,2.90562111e-05,1
0.001953125,335,0.00257511786,0.00229409686,2.91537326e-05,1
0.001953125,336,0.00258297077,0.00230126455,2.9251396e-05,1
0.001953125,337,0.00259082182,0.00230842782,2.93489538e-05,1
0.001953125,338,0.00259867706,0.00231559458,2.94465972e-05,1
0.001953125,339,0.00260654022,0.00232277275,2.95444879e-05,1
0.001953125,340,0.00261439197,0.00232993718,2.96422586e-05,1
0.001953125,341,0.00262225582,0.00233711326,2.97401839e-05,1
0.001953125,342,0.00263011595,0.0023442884,2.98381274e-05,1
0.001953125,343,0.00263797701,0.00235146307,2.99361527e-05,1
0.001953125,344,0.0026458425,0.00235864194,3.0034289e-05,1
0.001953125,345,0.00265370822,0.00236582034,3.0132449e-05,1
0.001953125,346,0.00266157696,0.00237300294,3.02306889e-05,1
0.001953125,347,0.00266944384,0.00238018529,3.0329018e-05,1
0.001953125,348,0.00267731491,0.00238736905,3.04273126e-05,1
0.001953125,349,0.00268518343,0.00239455164,3.05257017e-05,1
0.001953125,350,0.00269305985,0.00240174262,3.06242109e-05,1
0.001953125,351,0.00270094769,0.00240894384,3.07227892e-05,1
0.001953125,352,0.00270882552,0.00241613644,3.08214039e-05,1
0.001953125,353,0.00271669938,0.00242332602,3.09200441e-05,1
0.001953125,354,0.00272458233,0.00243052165,3.10188443e-05,1
0.001953125,355,0.00273246993,0.00243772496,3.11176445e-05,1
0.001953125,356,0.00274035893,0.00244492968,3.12165248e-05,1
0.001953125,357,0.002748247,0.00245213346,3.13154269e-05,1
0.001953125,358,0.00275613857,0.00245934096,3.14144672e-05,1
0.001953125,359,0.00276402989,0.00246654567,3.15135876e-05,1
0.001953125,360,0.00277192774,0.00247375993,3.16127444e-05,1
0.001953125,361,0.00277981721,0.00248096674,3.17119666e-05,1
0.001953125,362,0.00278772274,0.00248818542,3.1811298e-05,1
0.001953125,363,0.00279561686,0.00249539595,3.19105748e-05,1
0.001953125,364,0.00280351401,0.00250260998,3.20100589e-05,1
0.001953125,365,0.00281142187,0.00250983099,3.21095285e-05,1
0.001953125,366,0.00281932019,0.00251704687,3.22090127e-05,1
0.001953125,367,0.00282722944,0.00252427137,3.23086497e-05,1
0.001953125,368,0.00283514126,0.0025314982,3.24083121e-05,1
0.001953125,369,0.00284305238,0.0025387255,3.25080837e-05,1
0.001953125,370,0.00285096304,0.00254595373,3.26078771e-05,1
0.001953125,371,0.00285887974,0.00255318475,3.27078415e-05,1
0.001953125,372,0.00286678853,0.00256041205,3.28077585e-05,1
0.001953125,373,0.00287470361,0.00256764446,3.29077811e-05,1
0.001953125,374,0.00288262405,0.00257488131,3.30079638e-05,1
0.001953125,375,0.00289054541,0.00258211954,3.31080009e-05,1
0.001953125,376,0.00289847702,0.0025893678,3.32082709e-05,1
0.001953125,377,0.0029063907,0.00259659835,3.33084863e-05,1
0.001953125,378,0.0029143279,0.00260385312,3.34088218e-05,1
0.001953125,379,0.00292224949,0.00261108996,3.35093027e-05,1
0.001953125,380,0.00293018506,0.00261834543,3.36098346e-05,1
0.001953125,381,0.00293811411,0.00262559229,3.37103083e-05,1
0.001953125,382,0.00294604781,0.0026328438,3.3810913e-05,1
0.001953125,383,0.00295398058,0.00264009414,3.39115613e-05,1
0.001953125,384,0.00296192081,0.00264735264,3.40123079e-05,1
0.001953125,385,0.0029698594,0.00265460811,3.41131272e-05,1
0.001953125,386,0.00297779893,0.0026618652,3.4214052e-05,1
0.001953125,387,0.00298574357,0.00266912929,3.43149659e-05,1
0.001953125,388,0.00299368543,0.00267638871,3.44159635e-05,1
0.001953125,389,0.00300163962,0.00268365862,3.45171356e-05,1
0.001953125,390,0.00300958636,0.00269092596,3.46182496e-05,1
0.001953125,391,0.00301752775,0.00269818609,3.47193964e-05,1
0.001953125,392,0.00302548194,0.00270546018,3.48207941e-05,1
0.001953125,393,0.00303343916,0.00271273404,3.49220354e-05,1
0.001953125,394,0.00304139382,0.00272000721,3.50234404e-05,1
0.001953125,395,0.00304935477,0.00272728759,3.51250419e-05,1
0.001953125,396,0.00305731129,0.00273456285,3.5226567e-05,1
0.001953125,397,0.00306527549,0.00274184579,3.53282194e-05,1
0.001953125,398,0.00307324296,0.00274913409,3.54299118e-05,1
0.001953125,399,0.00308120693,0.0027564161,3.55316297e-05,1
0.001953125,400,0.00308917416,0.0027637037,3.56334676e-05,1
0.001953125,401,0.00309713581,0.00277098548,3.5735342e-05,1
0.001953125,402,0.00310511095,0.0027782768,3.58372963e-05,1
0.001953125,403,0.00311307865,0.00278556789,3.59392325e-05,1
0.001953125,404,0.00312105333,0.00279286364,3.60414051e-05,1
0.001953125,405,0.00312903104,0.00280016055,3.6143545e-05,1
0.001953125,406,0.00313700386,0.00280745421,3.62457722e-05,1
0.001953125,407,0.00314498576,0.00281475345,3.63481486e-05,1
0.001953125,408,0.00315297232,0.00282206293,3.64505577e-05,1
0.001953125,409,0.0031609491,0.00282935775,3.65528358e-05,1
0.001953125,410,0.00316892797,0.00283666025,3.66553613e-05,1
0.001953125,411,0.00317692501,0.00284397625,3.6757905e-05,1
0.001953125,412,0.0031849076,0.00285127945,3.68605579e-05,1
0.001953125,413,0.00319290184,0.0028585929,3.69632762e-05,1
0.001953125,414,0.00320089306,0.00286590587,3.706606e-05,1
0.001953125,415,0.00320888497,0.00287322002,3.71688329e-05,1
0.001953125,416,0.0032168813,0.00288053881,3.72717623e-05,1
0.001953125,417,0.00322487717,0.00288785528,3.7374728e-05,1
0.001953125,418,0.00323288189,0.00289518107,3.74777774e-05,1
0.001953125,419,0.00324088428,0.00290250638,3.75809104e-05,1
0.001953125,420,0.00324888271,0.00290982588,3.76840726e-05,1
0.001953125,421,0.00325689255,0.00291715725,3.77872966e-05,1
0.001953125,422,0.0032648982,0.00292448397,3.78905461e-05,1
0.001953125,423,0.00327291316,0.00293182023,3.79939993e-05,1
0.001953125,424,0.00328091858,0.00293914648,3.80973906e-05,1
0.001953125,425,0.00328893238,0.00294648367,3.82009675e-05,1
0.001953125,426,0.0032969506,0.00295382505,3.83045699e-05,1
0.001953125,427,0.00330496696,0.00296116294,3.84081541e-05,1
0.001953125,428,0.00331298425,0.00296850316,3.85119602e-05,1
0.001953125,429,0.00332099618,0.00297583826,3.86156644e-05,1
0.001953125,430,0.00332901673,0.00298317894,3.87194341e-05,1
0.001953125,431,0.00333703705,0.00299052591,3.88234876e-05,1
0.001953125,432,0.00334506202,0.00299787358,3.89273846e-05,1
0.001953125,433,0.00335309491,0.00300522801,3.90315472e-05,1
0.001953125,434,0.00336111546,0.00301257311,3.91356189e-05,1
0.001953125,435,0.00336914649,0.00301992521,3.92397305e-05,1
0.001953125,436,0.00337717799,0.00302728289,3.93440496e-05,1
0.001953125,437,0.00338520994,0.00303463591,3.94483613e-05,1
0.001953125,438,0.00339325448,0.00304200617,3.95527532e-05,1
0.001953125,439,0.00340129691,0.00304937223,3.96573232e-05,1
0.001953125,440,0.00340933213,0.00305673154,3.97617187e-05,1
0.001953125,441,0.00341737107,0.00306409178,3.98662705e-05,1
0.001953125,442,0.00342541537,0.00307146297,3.99710261e-05,1
0.001953125,443,0.00343346596,0.00307883648,4.00758036e-05,1
0.001953125,444,0.00344150956,0.00308620534,4.01805264e-05,1
0.001953125,445,0.00344956038,0.00309358002,4.02853802e-05,1
0.001953125,446,0.00345761143,0.00310095493,4.03903505e-05,1
0.001953125,447,0.00346566737,0.00310833519,4.04954844e-05,1
0.001953125,448,0.00347371656,0.00311570917,4.06005238e-05,1
0.001953125,449,0.00348177087,0.00312309014,4.07056068e-05,1
0.001953125,450,0.00348983286,0.00313047413,4.08108936e-05,1
0.001953125,451,0.00349789229,0.00313785952,4.09161621e-05,1
0.001953125,452,0.00350595266,0.00314524467,4.10214707e-05,1
0.001953125,453,0.00351401977,0.00315263541,4.11269139e-05,1
0.001953125,454,0.00352207641,0.00316001987,4.12324152e-05,1
0.001953125,455,0.00353015377,0.00316742016,4.13380221e-05,1
0.001953125,456,0.00353821833,0.00317481416,4.1443629e-05,1
0.001953125,457,0.00354628614,0.003182207,4.15492432e-05,1
0.001953125,458,0.00355435163,0.00318959774,4.16550283e-05,1
0.001953125,459,0.00356243551,0.00319700548,4.17609117e-05,1
0.001953125,460,0.00357050751,0.00320440484,4.18668678e-05,1
0.001953125,461,0.00357858627,0.00321181142,4.19728531e-05,1
0.001953125,462,0.00358666945,0.00321921986,4.20788274e-05,1
0.001953125,463,0.00359475682,0.00322663109,4.21850309e-05,1
0.001953125,464,0.00360283721,0.00323403813,4.22910925e-05,1
0.001953125,465,0.00361092016,0.00324144936,4.23973288e-05,1
0.001953125,466,0.00361900427,0.00324886083,4.2503696e-05,1
0.001953125,467,0.00362709677,0.00325627672,4.26100924e-05,1
0.001953125,468,0.00363519113,0.00326369889,4.27164814e-05,1
0.001953125,469,0.00364327873,0.00327111408,4.28230815e-05,1
0.001953125,470,0.00365137728,0.00327854208,4.29296451e-05,1
0.001953125,471,0.00365948258,0.00328597333,4.30363398e-05,1
0.001953125,472,0.00366758159,0.00329339853,4.31430817e-05,1
0.001953125,473,0.00367568363,0.00330082956,4.32498164e-05,1
0.001953125,474,0.00368378288,0.00330825546,4.33566129e-05,1
0.001953125,475,0.00369188795,0.00331568974,4.34636313e-05,1
0.001953125,476,0.00369999837,0.00332312565,4.35707807e-05,1
0.001953125,477,0.00370810437,0.00333056017,4.367781e-05,1
0.001953125,478,0.00371620967,0.00333799259,4.37848248e-05,1
0.001953125,479,0.00372432964,0.0033454434,4.38921634e-05,1
0.001953125,480,0.00373243238,0.00335287396,4.3999451e-05,1
0.001953125,481,0.0037405449,0.00336031546,4.4106775e-05,1
0.001953125,482,0.00374866789,0.00336776674,4.42142336e-05,1
0.001953125,483,0.00375678902,0.00337521383,4.43218341e-05,1
0.001953125,484,0.0037649062,0.00338265952,4.44294201e-05,1
0.001953125,485,0.0037730271,0.00339011103,4.45369915e-05,1
0.001953125,486,0.00378115568,0.00339756673,4.46446829e-05,1
0.001953125,487,0.00378927961,0.00340502034,4.47523817e-05,1
0.001953125,488,0.0037974047,0.00341247721,4.48601713e-05,1
0.001953125,489,0.0038055433,0.00341994059,4.49682339e-05,1
0.001953125,490,0.00381366839,0.00342739699,4.50760745e-05,1
0.001953125,491,0.00382180978,0.0034348669,4.5184257e-05,1
0.001953125,492,0.00382993207,0.00344232027,4.52924651e-05,1
0.001953125,493,0.00383808208,0.00344979763,4.54004621e-05,1
0.001953125,494,0.00384621485,0.00345726218,4.55087684e-05,1
0.001953125,495,0.00385435368,0.00346473022,4.56172347e-05,1
0.001953125,496,0.00386249903,0.00347220688,4.57256174e-05,1
0.001953125,497,0.00387063483,0.00347967236,4.58339782e-05,1
0.001953125,498,0.0038787853,0.00348715461,4.59425792e-05,1
0.001953125,499,0.00388693693,0.00349463429,4.60511401e-05,1
0.001953125,500,0.00389509043,0.00350211631,4.61598756e-05,1
0.001953125,501,0.00390323368,0.0035095911,4.62685202e-05,1
0.001953125,502,0.00391139183,0.00351708266,4.63773576e-05,1
0.001953125,503,0.0039195409,0.00352455862,4.64863115e-05,1
0.001953125,504,0.00392770069,0.00353205064,4.6595138e-05,1
0.001953125,505,0.00393586326,0.00353954383,4.67042519e-05,1
0.001953125,506,0.00394402398,0.00354703376,4.68134567e-05,1
0.001953125,507,0.00395218376,0.00355452299,4.69225997e-05,1
0.001953125,508,0.00396035518,0.00356202922,4.70318482e-05,1
0.001953125,509,0.00396851869,0.00356952474,4.71411186e-05,1
0.001953125,510,0.00397667196,0.00357700721,4.72504435e-05,1
0.001953125,511,0.00398486154,0.00358452694,4.73598957e-05,1
0.001953125,512,0.00399302738,0.00359202782,4.74694898e-05,1
0.001953125,513,0.00400119927,0.00359952892,4.75790112e-05,1
0.001953125,514,0.0040093842,0.00360704632,4.76887253e-05,1
0.001953125,515,0.00401756121,0.00361455418,4.7798374e-05,1
0.001953125,516,0.00402573682,0.00362206646,4.79082337e-05,1
0.001953125,517,0.00403392548,0.00362958247,4.80181479e-05,1
0.001953125,518,0.00404210994,0.00363710243,4.81280949e-05,1
0.001953125,519,0.00405028649,0.00364461076,4.82380565e-05,1
0.001953125,520,0.00405847887,0.00365213677,4.83481308e-05,1
0.001953125,521,0.00406667124,0.00365966489,4.84582451e-05,1
0.001953125,522,0.00407486688,0.00366719184,4.85685741e-05,1
0.001953125,523,0.00408305554,0.00367471459,4.86787867e-05,1
0.001953125,524,0.0040912577,0.00368225086,4.8789203e-05,1
0.001953125,525,0.00409944821,0.00368977408,4.8899572e-05,1
0.001953125,526,0.00410764199,0.00369729777,4.90101411e-05,1
0.001953125,527,0.00411585998,0.00370485242,4.91208775e-05,1
0.001953125,528,0.00412405282,0.00371237961,4.92314393e-05,1
0.001953125,529,0.00413225545,0.00371991238,4.93421248e-05,1
0.001953125,530,0.00414046226,0.00372745423,4.94528394e-05,1
0.001953125,531,0.00414866721,0.00373499491,4.95636777e-05,1
0.001953125,532,0.00415687822,0.00374253816,4.96747052e-05,1
0.001953125,533,0.00416508364,0.00375008141,4.97856636e-05,1
0.001953125,534,0.0041732965,0.00375762396,4.98966765e-05,1
0.001953125,535,0.00418151496,0.00376517908,5.00079623e-05,1
0.001953125,536,0.00418973342,0.0037727314,5.01192335e-05,1
0.001953125,537,0.00419795653,0.00378028885,5.02304065e-05,1
0.001953125,538,0.00420617219,0.00378783699,5.03417359e-05,1
0.001953125,539,0.00421440089,0.00379540352,5.04532218e-05,1
0.001953125,540,0.00422262447,0.00380295957,5.05646531e-05,1
0.001953125,541,0.00423084525,0.00381051446,5.06762808e-05,1
0.001953125,542,0.00423907442,0.00381807983,5.07879377e-05,1
0.001953125,543,0.00424730778,0.00382564706,5.089974e-05,1
0.001953125,544,0.00425553368,0.00383321056,5.10114369e-05,1
0.001953125,545,0.00426376238,0.00384077546,5.11232429e-05,1
0.001953125,546,0.00427199667,0.00384834944,5.12352781e-05,1
0.001953125,547,0.00428024167,0.00385592342,5.13471277e-05,1
0.001953125,548,0.00428848527,0.00386350462,5.14593339e-05,1
0.001953125,549,0.00429672003,0.00387107767,5.15714928e-05,1
0.001953125,550,0.0043049599,0.00387865375,5.16836772e-05,1
0.001953125,551,0.00431320025,0.00388623262,5.17958724e-05,1
0.001953125,552,0.00432144757,0.00389381358,5.1908246e-05,1
0.001953125,553,0.0043296935,0.00390139828,5.20206959e-05,1
0.001953125,554,0.00433795713,0.00390899461,5.21332913e-05,1
0.001953125,555,0.00434620632,0.00391658163,5.22458467e-05,1
0.001953125,556,0.00435445411,0.00392416399,5.23584458e-05,1
0.001953125,557,0.00436271913,0.00393176544,5.24712304e-05,1
0.001953125,558,0.00437097205,0.00393935712,5.25839641e-05,1
0.001953125,559,0.00437922776,0.00394695019,5.26967233e-05,1
0.001953125,560,0.00438750116,0.00395456329,5.28096825e-05,1
0.001953125,561,0.00439576386,0.00396216009,5.29226272e-05,1
0.001953125,562,0.00440402795,0.00396976108,5.30357538e-05,1
0.001953125,563,0.0044122939,0.00397736486,5.31489495e-05,1
0.001953125,564,0.00442057243,0.00398498075,5.3262138e-05,1
0.001953125,565,0.00442883605,0.00399258314,5.33754828e-05,1
0.001953125,566,0.00443711551,0.00400019949,5.34888241e-05,1
0.001953125,567,0.00444538984,0.00400781073,5.36022126e-05,1
0.001953125,568,0.00445367256,0.00401543453,5.37156448e-05,1
0.001953125,569,0.0044619455,0.00402304623,5.38293571e-05,1
0.001953125,570,0.00447022822,0.00403066399,5.39430257e-05,1
0.001953125,571,0.00447850488,0.00403828034,5.40565488e-05,1
0.001953125,572,0.00448678667,0.00404590555,5.41703412e-05,1
0.001953125,573,0.00449508289,0.00405353773,5.42843009e-05,1
0.001953125,574,0.00450335769,0.00406115316,5.43983224e-05,1
0.001953125,575,0.00451166043,0.00406879559,5.45122966e-05,1
0.001953125,576,0.00451994222,0.00407641334,5.46263182e-05,1
0.001953125,577,0.00452824589,0.00408405717,5.47404707e-05,1
0.001953125,578,0.00453653792,0.00409168703,5.4854645e-05,1
0.001953125,579,0.00454483321,0.00409932388,5.49690631e-05,1
0.001953125,580,0.00455313548,0.00410696585,5.50833392e-05,1
0.001953125,581,0.00456143171,0.00411460362,5.51977246e-05,1
0.001953125,582,0.00456973165,0.00412224419,5.53124337e-05,1
0.001953125,583,0.00457803393,0.00412988756,5.54268481e-05,1
0.001953125,584,0.00458634691,0.00413753837,5.55415318e-05,1
0.001953125,585,0.00459465012,0.0041451836,5.56562409e-05,1
0.001953125,586,0.00460295798,0.0041528279,5.577107e-05,1
0.001953125,587,0.00461127935,0.00416049082,5.58859392e-05,1
0.001953125,588,0.00461958488,0.00416813791,5.60009939e-05,1
0.001953125,589,0.00462790998,0.00417580176,5.61158595e-05,1
0.001953125,590,0.00463622436,0.00418345397,5.62309979e-05,1
0.001953125,591,0.00464453781,0.00419111364,5.63461472e-05,1
0.001953125,592,0.00465285778,0.0041987733,5.64612856e-05,1
0.001953125,593,0.00466118148,0.00420643901,5.65767295e-05,1
0.001953125,594,0.00466951029,0.0042141052,5.66919698e-05,1
0.001953125,595,0.00467783026,0.00422176858,5.68075193e-05,1
0.001953125,596,0.00468616746,0.00422944501,5.69230033e-05,1
0.001953125,597,0.00469449395,0.00423711305,5.70385491e-05,1
0.001953125,598,0.00470282184,0.00424478482,5.71543133e-05,1
0.001953125,599,0.00471116137,0.0042524673,5.72699246e-05,1
0.001953125,600,0.00471950322,0.00426015025,5.73857869e-05,1
0.001953125,601,0.0047278381,0.00426782249,5.7501722e-05,1
0.001953125,602,0.00473617157,0.00427549984,5.76175808e-05,1
0.001953125,603,0.00474452088,0.00428319164,5.77338214e-05,1
0.001953125,604,0.00475286227,0.00429087738,5.78499894e-05,1
0.001953125,605,0.00476120366,0.00429856312,5.79659682e-05,1
0.001953125,606,0.00476955203,0.00430625165,5.80822161e-05,1
0.001953125,607,0.0047779046,0.00431394577,5.81984641e-05,1
0.001953125,608,0.00478625903,0.00432164362,5.83149449e-05,1
0.001953125,609,0.00479461718,0.00432934472,5.84314039e-05,1
0.001953125,610,0.00480297254,0.00433704257,5.85478156e-05,1
0.001953125,611,0.0048113321,0.004344746,5.86644783e-05,1
0.001953125,612,0.00481968606,0.00435244152,5.87812829e-05,1
0.001953125,613,0.0048280498,0.00436014729,5.88980947e-05,1
0.001953125,614,0.00483641587,0.00436785957,5.90148593e-05,1
0.001953125,615,0.00484477589,0.004375563,5.91317366e-05,1
0.001953125,616,0.00485314988,0.00438327994,5.92488832e-05,1
0.001953125,617,0.00486151129,0.00439098664,5.93658115e-05,1
0.001953125,618,0.00486988528,0.00439870497,5.94829253e-05,1
0.001953125,619,0.00487825042,0.00440641399,5.96000282e-05,1
0.001953125,620,0.00488663791,0.00441414583,5.97173566e-05,1
0.001953125,621,0.00489500305,0.00442185625,5.98346123e-05,1
0.001953125,622,0.00490338774,0.00442958344,5.99523264e-05,1
0.001953125,623,0.00491176359,0.00443730876,6.00697349e-05,1
0.001953125,624,0.00492013572,0.00444502337,6.01871689e-05,1
0.001953125,625,0.00492853345,0.00445276545,6.03048757e-05,1
0.001953125,626,0.0049369121,0.00446048751,6.04225861e-05,1
0.001953125,627,0.00494531635,0.00446823565,6.05404966e-05,1
0.001953125,628,0.00495369406,0.0044759619,6.06583017e-05,1
0.001953125,629,0.00496208062,0.00448369468,6.07761685e-05,1
0.001953125,630,0.00497046905,0.00449142791,6.08943192e-05,1
0.001953125,631,0.00497886119,0.00449916534,6.10122188e-05,1
0.001953125,632,0.0049872729,0.00450692233,6.11305732e-05,1
0.001953125,633,0.00499566598,0.00451466441,6.12486328e-05,1
0.001953125,634,0.00500405952,0.00452239951,6.13669763e-05,1
0.001953125,635,0.00501246937,0.00453015789,6.14853052e-05,1
0.001953125,636,0.00502086198,0.00453789905,6.16037069e-05,1
0.001953125,637,0.00502928067,0.00454566488,6.17222977e-05,1
0.001953125,638,0.00503767794,0.00455340464,6.18409103e-05,1
0.001953125,639,0.00504609291,0.00456116395,6.19595157e-05,1
0.001953125,640,0.00505451253,0.00456893258,6.20783394e-05,1
0.001953125,641,0.00506293122,0.00457669795,6.2197003e-05,1
0.001953125,642,0.00507133547,0.00458444841,6.23160813e-05,1
0.001953125,643,0.00507975882,0.0045922217,6.2435116e-05,1
0.001953125,644,0.00508816587,0.00459997589,6.25540633e-05,1
0.001953125,645,0.00509658922,0.00460774219,6.26730907e-05,1
0.001953125,646,0.00510500884,0.00461550849,6.27924092e-05,1
0.001953125,647,0.00511343498,0.00462328363,6.29116039e-05,1
0.001953125,648,0.00512186764,0.00463105971,6.30310533e-05,1
0.001953125,649,0.00513029424,0.00463883486,6.31504372e-05,1
0.001953125,650,0.00513872132,0.00464661093,6.32698429e-05,1
0.001953125,651,0.00514714979,0.00465438794,6.33893651e-05,1
0.001953125,652,0.00515558943,0.00466217613,6.35090328e-05,1
0.001953125,653,0.00516402349,0.00466995966,6.36287077e-05,1
0.001953125,654,0.00517245708,0.00467774319,6.37485427e-05,1
0.001953125,655,0.00518091116,0.00468554487,6.38684869e-05,1
0.001953125,656,0.00518934801,0.0046933284,6.39883656e-05,1
0.001953125,657,0.00519781234,0.00470113801,6.41084043e-05,1
0.001953125,658,0.00520623615,0.00470891409,6.42283412e-05,1
0.001953125,659,0.0052146879,0.00471671484,6.43485037e-05,1
0.001953125,660,0.0052231499,0.00472452585,6.44688262e-05,1
0.001953125,661,0.00523160119,0.00473232521,6.45890468e-05,1
0.001953125,662,0.0052400534,0.00474013109,6.47095294e-05,1
0.001953125,663,0.00524849771,0.00474792486,6.48299319e-05,1
0.001953125,664,0.00525695179,0.00475572655,6.49503127e-05,1
0.001953125,665,0.0052654068,0.0047635329,6.5070868e-05,1
0.001953125,666,0.00527389208,0.00477136485,6.51916853e-05,1
0.001953125,667,0.00528233778,0.00477916095,6.53124662e-05,1
0.001953125,668,0.00529081468,0.00478698965,6.54333562e-05,1
0.001953125,669,0.00529928226,0.00479480391,6.55541226e-05,1
0.001953125,670,0.00530774193,0.00480261352,6.56750635e-05,1
0.001953125,671,0.00531621557,0.00481043663,6.57961209e-05,1
0.001953125,672,0.00532468641,0.00481826114,6.5917302e-05,1
0.001953125,673,0.00533316052,0.00482608518,6.60384612e-05,1
0.001953125,674,0.00534164347,0.00483391713,6.61597296e-05,1
0.001953125,675,0.00535010593,0.00484173279,6.62810999e-05,1
0.001953125,676,0.00535860145,0.00484957732,6.64025283e-05,1
0.001953125,677,0.00536706951,0.00485739997,6.65239495e-05,1
0.001953125,678,0.0053755641,0.0048652431,6.66458e-05,1
0.001953125,679,0.0053840396,0.00487306714,6.67672721e-05,1
0.001953125,680,0.00539254025,0.00488092192,6.68888169e-05,1
0.001953125,681,0.00540102553,0.00488876272,6.70106456e-05,1
0.001953125,682,0.00540951407,0.00489659654,6.71326707e-05,1
0.001953125,683,0.00541799748,0.00490443734,6.72545721e-05,1
0.001953125,684,0.00542648695,0.00491228048,6.73763207e-05,1
0.001953125,685,0.00543498481,0.0049201306,6.74986004e-05,1
0.001953125,686,0.0054434971,0.00492799329,6.76209165e-05,1
0.001953125,687,0.00545199541,0.00493584154,6.77430289e-05,1
0.001953125,688,0.00546049234,0.00494369213,6.78653887e-05,1
0.001953125,689,0.00546899764,0.00495155435,6.79876903e-05,1
0.001953125,690,0.00547751086,0.00495941844,6.81103047e-05,1
0.001953125,691,0.00548601523,0.00496727647,6.823273e-05,1
0.001953125,692,0.00549452845,0.00497514149,6.83554317e-05,1
0.001953125,693,0.00550303329,0.00498299906,6.84781189e-05,1
0.001953125,694,0.00551154418,0.00499086408,6.86008643e-05,1
0.001953125,695,0.005520056,0.00499872863,6.87237771e-05,1
0.001953125,696,0.00552858366,0.00500660669,6.88467117e-05,1
0.001953125,697,0.00553709548,0.00501447544,6.8969639e-05,1
0.001953125,698,0.00554561708,0.00502235396,6.90926536e-05,1
0.001953125,699,0.00555412984,0.00503021851,6.92155518e-05,1
0.001953125,700,0.00556266401,0.00503810728,6.93387556e-05,1
0.001953125,701,0.00557120005,0.00504599232,6.94621558e-05,1
0.001953125,702,0.00557972211,0.00505387178,6.95856652e-05,1
0.001953125,703,0.00558825769,0.00506175635,6.97091964e-05,1
0.001953125,704,0.00559678953,0.00506964512,6.98324366e-05,1
0.001953125,705,0.00560532231,0.00507753529,6.99561715e-05,1
0.001953125,706,0.00561387511,0.00508544128,7.0079921e-05,1
0.001953125,707,0.00562240602,0.00509332633,7.02036632e-05,1
0.001953125,708,0.00563094858,0.00510122627,7.03275364e-05,1
0.001953125,709,0.00563949766,0.00510912994,7.04515187e-05,1
0.001953125,710,0.00564803323,0.0051170215,7.05753337e-05,1
0.001953125,711,0.00565658184,0.00512492517,7.06994033e-05,1
0.001953125,712,0.00566512346,0.00513282139,7.08235311e-05,1
0.001953125,713,0.005673673,0.00514072878,7.0947659e-05,1
0.001953125,714,0.00568224117,0.00514865061,7.10720487e-05,1
0.001953125,715,0.00569079677,0.00515656034,7.1196504e-05,1
0.001953125,716,0.00569933793,0.00516446168,7.13207919e-05,1
0.001953125,717,0.00570789119,0.0051723714,7.14451307e-05,1
0.001953125,718,0.0057164575,0.00518029137,7.1569928e-05,1
0.001953125,719,0.00572501542,0.00518820388,7.16944996e-05,1
0.001953125,720,0.00573358312,0.00519612711,7.18192314e-05,1
0.001953125,721,0.00574214803,0.0052040522,7.19441814e-05,1
0.001953125,722,0.00575071387,0.00521197403,7.20690005e-05,1
0.001953125,723,0.00575929135,0.00521990797,7.21939432e-05,1
0.001953125,724,0.00576786511,0.00522784144,7.23191188e-05,1
0.001953125,725,0.00577642908,0.00523575814,7.24441634e-05,1
0.001953125,726,0.00578500517,0.00524369534,7.25693681e-05,1
0.001953125,727,0.00579358451,0.00525162881,7.26947328e-05,1
0.001953125,728,0.00580216432,0.00525956508,7.28201339e-05,1
0.001953125,729,0.0058107404,0.00526750041,7.29454478e-05,1
0.001953125,730,0.0058193258,0.00527544273,7.30708707e-05,1
0.001953125,731,0.00582791585,0.0052833911,7.31964392e-05,1
0.001953125,732,0.00583649846,0.00529133249,7.33221314e-05,1
0.001953125,733,0.00584508805,0.00529927714,7.34479763e-05,1
0.001953125,734,0.00585367996,0.00530723017,7.35737631e-05,1
0.001953125,735,0.00586225558,0.00531516131,7.36995062e-05,1
0.001953125,736,0.00587086519,0.00532313157,7.38256858e-05,1
0.001953125,737,0.00587944966,0.00533107482,7.3951589e-05,1
0.001953125,738,0.00588805974,0.00533904368,7.40776522e-05,1
0.001953125,739,0.00589665584,0.00534699764,7.42038392e-05,1
0.001953125,740,0.00590525428,0.00535495626,7.43301207e-05,1
0.001953125,741,0.0059138569,0.00536292279,7.44565114e-05,1
0.001953125,742,0.00592246931,0.00537089258,7.45830475e-05,1
0.001953125,743,0.00593108544,0.00537886564,7.47095764e-05,1
0.001953125,744,0.00593967736,0.00538682006,7.48360617e-05,1
0.001953125,745,0.00594829023,0.00539478846,7.49625178e-05,1
0.001953125,746,0.00595690589,0.00540276663,7.50895051e-05,1
0.001953125,747,0.00596551923,0.00541073876,7.52161723e-05,1
0.001953125,748,0.00597413257,0.00541871367,7.53429995e-05,1
0.001953125,749,0.0059827636,0.00542670349,7.54701323e-05,1
0.001953125,750,0.00599137554,0.00543467375,7.55971487e-05,1
0.001953125,751,0.00600000191,0.0054426589,7.57243688e-05,1
0.001953125,752,0.00600862829,0.0054506436,7.5851618e-05,1
0.001953125,753,0.00601724908,0.00545863109,7.5978729e-05,1
0.001953125,754,0.00602587219,0.00546661438,7.61061019e-05,1
0.001953125,755,0.00603449903,0.00547459861,7.62335912e-05,1
0.001953125,756,0.00604313472,0.00548259728,7.63610369e-05,1
0.001953125,757,0.00605176948,0.00549059454,7.64885699e-05,1
0.001953125,758,0.00606041029,0.00549859507,7.66162411e-05,1
0.001953125,759,0.00606904831,0.00550659513,7.67441306e-05,1
0.001953125,760,0.00607768586,0.005514591,7.68717946e-05,1
0.001953125,761,0.00608634669,0.00552261528,7.69998587e-05,1
0.001953125,762,0.00609496189,0.00553059578,7.71277337e-05,1
0.001953125,763,0.00610362506,0.00553861354,7.72557978e-05,1
0.001953125,764,0.00611228636,0.00554663874,7.73838619e-05,1
0.001953125,765,0.00612091925,0.0055546388,7.7511846e-05,1
0.001953125,766,0.00612956844,0.00556264305,7.76402885e-05,1
0.001953125,767,0.00613822509,0.00557066873,7.77685345e-05,1
0.001953125,768,0.00614688732,0.00557869161,7.78971807e-05,1
0.001953125,769,0.00615554629,0.00558670983,7.80256159e-05,1
0.001953125,770,0.00616421271,0.00559474202,7.81543422e-05,1
0.001953125,771,0.00617286889,0.00560275884,7.82827556e-05,1
0.001953125,772,0.00618153857,0.00561079336,7.8411802e-05,1
0.001953125,773,0.00619019894,0.00561881904,7.85403681e-05,1
0.001953125,774,0.00619885838,0.00562684191,7.86692472e-05,1
0.001953125,775,0.00620751036,0.00563485641,7.87981335e-05,1
0.001953125,776,0.00621619681,0.00564290257,7.89272526e-05,1
0.001953125,777,0.00622487906,0.00565095339,7.90565537e-05,1
0.001953125,778,0.00623354176,0.00565898046,7.91856073e-05,1
0.001953125,779,0.00624220958,0.00566700893,7.93148065e-05,1
0.001953125,780,0.00625088764,0.00567505136,7.94442094e-05,1
0.001953125,781,0.00625956804,0.00568309706,7.95736269e-05,1
0.001953125,782,0.00626827264,0.00569116184,7.97034882e-05,1
0.001953125,783,0.00627694698,0.00569920754,7.98328765e-05,1
0.001953125,784,0.00628562737,0.00570725137,7.99625559e-05,1
0.001953125,785,0.00629431941,0.00571530685,8.00922789e-05,1
0.001953125,786,0.00630300865,0.00572336093,8.02221984e-05,1
0.001953125,787,0.0063116909,0.00573140848,8.03519433e-05,1
0.001953125,788,0.00632038806,0.00573947001,8.0482132e-05,1
0.001953125,789,0.00632909127,0.00574753294,8.06121679e-05,1
0.001953125,790,0.00633779401,0.00575560564,8.07421675e-05,1
0.001953125,791,0.00634649117,0.0057636681,8.08726036e-05,1
0.001953125,792,0.00635519298,0.00577173522,8.10029305e-05,1
0.001953125,793,0.00636389526,0.00577979954,8.1133061e-05,1
0.001953125,794,0.00637259753,0.00578787131,8.12635626e-05,1
0.001953125,795,0.00638130493,0.00579594262,8.13941297e-05,1
0.001953125,796,0.00639000908,0.00580401812,8.15248131e-05,1
0.001953125,797,0.00639874069,0.0058121141,8.16555184e-05,1
0.001953125,798,0.00640743505,0.0058201775,8.17863547e-05,1
0.001953125,799,0.00641614804,0.00582825439,8.19170236e-05,1
0.001953125,800,0.00642486475,0.00583633501,8.20480782e-05,1
0.001953125,801,0.00643358892,0.00584442727,8.21789217e-05,1
0.001953125,802,0.00644230656,0.00585251395,8.23099545e-05,1
0.001953125,803,0.00645102374,0.00586059922,8.24412782e-05,1
0.001953125,804,0.00645975536,0.00586869661,8.25725365e-05,1
0.001953125,805,0.00646846043,0.00587676838,8.2703642e-05,1
0.001953125,806,0.00647720601,0.00588487927,8.28352277e-05,1
0.001953125,807,0.0064859339,0.00589297991,8.29666969e-05,1
0.001953125,808,0.00649466505,0.00590107264,8.3098239e-05,1
0.001953125,809,0.0065033976,0.00590917934,8.32297155e-05,1
0.001953125,810,0.00651212875,0.00591727393,8.33615268e-05,1
0.001953125,811,0.0065208748,0.0059253918,8.34934399e-05,1
0.001953125,812,0.006529612,0.00593349291,8.36252366e-05,1
0.001953125,813,0.0065383669,0.00594161497,8.37572661e-05,1
0.001953125,814,0.00654711341,0.00594973285,8.38893247e-05,1
0.001953125,815,0.00655584922,0.00595783675,8.40212015e-05,1
0.001953125,816,0.00656458829,0.00596594764,8.41533256e-05,1
0.001953125,817,0.0065733525,0.00597407948,8.42859299e-05,1
0.001953125,818,0.00658210414,0.00598219596,8.44181486e-05,1
0.001953125,819,0.00659085391,0.00599031849,8.45506074e-05,1
0.001953125,820,0.00659960881,0.00599843962,8.46830299e-05,1
0.001953125,821,0.00660837954,0.00600658031,8.48156778e-05,1
0.001953125,822,0.00661713909,0.00601471029,8.49483113e-05,1
0.001953125,823,0.00662588794,0.00602283143,8.50809229e-05,1
0.001953125,824,0.00663465075,0.00603095768,8.52138619e-05,1
0.001953125,825,0.00664342428,0.00603910815,8.53467936e-05,1
0.001953125,826,0.00665219175,0.00604724418,8.54798564e-05,1
0.001953125,827,0.00666096248,0.00605538208,8.56128318e-05,1
0.001953125,828,0.00666972389,0.00606351206,8.57458945e-05,1
0.001953125,829,0.00667850627,0.00607166626,8.58790372e-05,1
0.001953125,830,0.00668727979,0.00607980927,8.60124128e-05,1
0.001953125,831,0.00669606077,0.00608796068,8.61458393e-05,1
0.001953125,832,0.00670484267,0.0060961158,8.62794113e-05,1
0.001953125,833,0.00671360502,0.00610424858,8.64127724e-05,1
0.001953125,834,0.00672239205,0.00611240743,8.65464099e-05,1
0.001953125,835,0.00673118699,0.00612057187,8.66801856e-05,1
0.001953125,836,0.00673995866,0.00612871815,8.68137286e-05,1
0.001953125,837,0.00674876524,0.00613689609,8.69478463e-05,1
0.001953125,838,0.00675754016,0.00614504283,8.70817021e-05,1
0.001953125,839,0.00676633464,0.00615321146,8.72157179e-05,1
0.001953125,840,0.00677512772,0.00616137171,8.73496247e-05,1
0.001953125,841,0.0067839371,0.00616955338,8.74842081e-05,1
0.001953125,842,0.00679272646,0.00617771363,8.76180857e-05,1
0.001953125,843,0.00680152327,0.00618588645,8.77526472e-05,1
0.001953125,844,0.00681033451,0.00619406952,8.78871433e-05,1
0.001953125,845,0.00681913598,0.00620224187,8.80214793e-05,1
0.001953125,846,0.00682794629,0.00621042307,8.81559026e-05,1
0.001953125,847,0.00683674449,0.0062185959,8.8290617e-05,1
0.001953125,848,0.00684554921,0.00622677291,8.84253386e-05,1
0.001953125,849,0.0068543721,0.00623496901,8.85601839e-05,1
0.001953125,850,0.00686317123,0.00624314509,8.86950656e-05,1
0.001953125,851,0.00687200343,0.00625134818,8.88301001e-05,1
0.001953125,852,0.00688080816,0.00625952659,8.896504e-05,1
0.001953125,853,0.00688963942,0.00626773154,8.91003729e-05,1
0.001953125,854,0.00689844135,0.00627590716,8.92352618e-05,1
0.001953125,855,0.00690728566,0.00628412468,8.93706747e-05,1
0.001953125,856,0.00691610714,0.00629232032,8.95062476e-05,1
0.001953125,857,0.00692492817,0.0063005155,8.96414786e-05,1
0.001953125,858,0.00693375943,0.00630872045,8.97770442e-05,1
0.001953125,859,0.00694258977,0.00631692773,8.99127408e-05,1
0.001953125,860,0.00695141498,0.00632512476,9.00481828e-05,1
0.001953125,861,0.00696026208,0.00633334741,9.01841922e-05,1
0.001953125,862,0.00696908543,0.00634154398,9.03200198e-05,1
0.001953125,863,0.00697792508,0.00634976057,9.04558765e-05,1
0.001953125,864,0.00698676938,0.00635798229,9.05917259e-05,1
0.001953125,865,0.0069956244,0.00636621285,9.07280919e-05,1
0.001953125,866,0.00700445101,0.00637441222,9.08642614e-05,1
0.001953125,867,0.00701331906,0.00638265489,9.10006056e-05,1
0.001953125,868,0.00702215126,0.00639086403,9.11367024e-05,1
0.001953125,869,0.00703099929,0.00639908807,9.12731412e-05,1
0.001953125,870,0.00703984546,0.00640730746,9.14096163e-05,1
0.001953125,871,0.00704872422,0.00641556364,9.15463315e-05,1
0.001953125,872,0.00705758156,0.00642379979,9.16830177e-05,1
0.001953125,873,0.00706643937,0.00643202756,9.1819893e-05,1
0.001953125,874,0.00707528973,0.00644025905,9.19564991e-05,1
0.001953125,875,0.00708415918,0.00644850498,9.20933962e-05,1
0.001953125,876,0.00709301932,0.00645674113,9.22304098e-05,1
0.001953125,877,0.00710188597,0.00646498147,9.23672997e-05,1
0.001953125,878,0.007110768,0.00647324277,9.2504546e-05,1
0.001953125,879,0.00711962534,0.00648147613,9.26417488e-05,1
0.001953125,880,0.00712848315,0.00648971181,9.27787987e-05,1
0.001953125,881,0.00713736471,0.00649797358,9.29164598e-05,1
0.001953125,882,0.0071462444,0.00650622556,9.30541573e-05,1
0.001953125,883,0.00715510221,0.00651446683,9.31913528e-05,1
0.001953125,884,0.00716400146,0.00652274443,9.33293777e-05,1
0.001953125,885,0.00717288209,0.00653100107,9.34667478e-05,1
0.001953125,886,0.00718176132,0.00653925817,9.36046636e-05,1
0.001953125,887,0.00719064148,0.00654751901,9.37424411e-05,1
0.001953125,888,0.00719955983,0.00655580778,9.38805315e-05,1
0.001953125,889,0.0072084195,0.00656404905,9.40184473e-05,1
0.001953125,890,0.00721733179,0.00657233782,9.41565959e-05,1
0.001953125,891,0.00722621055,0.00658059586,9.42947881e-05,1
0.001953125,892,0.0072350977,0.00658886461,9.44331332e-05,1
0.001953125,893,0.00724399835,0.00659714639,9.45714346e-05,1
0.001953125,894,0.007252899,0.00660542585,9.47098233e-05,1
0.001953125,895,0.00726181595,0.00661371648,9.48484812e-05,1
0.001953125,896,0.00727070449,0.00662198802,9.49869791e-05,1
0.001953125,897,0.00727962283,0.00663028331,9.51258044e-05,1
0.001953125,898,0.00728852162,0.00663856417,9.5264033e-05,1
0.001953125,899,0.00729741156,0.00664683292,9.54032366e-05,1
0.001953125,900,0.00730632944,0.006655131,9.55419382e-05,1
0.001953125,901,0.00731525151,0.00666343328,9.56812146e-05,1
0.001953125,902,0.00732416939,0.00667173229,9.58200908e-05,1
0.001953125,903,0.0073330882,0.00668003364,9.59597892e-05,1
0.001953125,904,0.00734201586,0.0066883429,9.60988473e-05,1
0.001953125,905,0.00735091558,0.00669662096,9.62378908e-05,1
0.001953125,906,0.00735986698,0.00670495117,9.63774437e-05,1
0.001953125,907,0.00736877648,0.00671324134,9.65168074e-05,1
0.001953125,908,0.0073776939,0.00672154268,9.66564257e-05,1
0.001953125,909,0.00738663552,0.00672986498,9.67961314e-05,1
0.001953125,910,0.00739557389,0.00673818402,9.69359608e-05,1
0.001953125,911,0.00740450062,0.00674648909,9.70758774e-05,1
0.001953125,912,0.00741342595,0.00675479975,9.72155103e-05,1
0.001953125,913,0.00742237503,0.00676313136,9.73554997e-05,1
0.001953125,914,0.00743130501,0.00677143922,9.74958384e-05,1
0.001953125,915,0.00744024524,0.00677976198,9.76356896e-05,1
0.001953125,916,0.00744919991,0.00678810338,9.77761083e-05,1
0.001953125,917,0.00745812524,0.00679641217,9.79163815e-05,1
0.001953125,918,0.00746709714,0.00680475868,9.80568584e-05,1
0.001953125,919,0.00747603364,0.00681307819,9.81973863e-05,1
0.001953125,920,0.00748498132,0.00682141818,9.83380451e-05,1
0.001953125,921,0.00749394344,0.00682975538,9.84786384e-05,1
0.001953125,922,0.00750290416,0.00683810096,9.86192463e-05,1
0.001953125,923,0.00751184765,0.00684642978,9.87601525e-05,1
0.001953125,924,0.00752079627,0.00685476372,9.89008622e-05,1
0.001953125,925,0.00752976304,0.00686310977,9.90420158e-05,1
0.001953125,926,0.00753872655,0.00687145581,9.91831403e-05,1
0.001953125,927,0.00754769379,0.00687980978,9.93241702e-05,1
0.001953125,928,0.00755666429,0.00688816141,9.94655493e-05,1
0.001953125,929,0.00756562827,0.00689650606,9.96067829e-05,1
0.001953125,930,0.00757458992,0.00690485677,9.9748082e-05,1
0.001953125,931,0.00758357998,0.0069132247,9.98895266e-05,1
0.001953125,932,0.00759255886,0.00692158751,0.000100031146,1
0.001953125,933,0.00760150328,0.00692991912,0.000100172598,1
0.001953125,934,0.00761048822,0.00693828519,0.000100314486,1
0.001953125,935,0.00761946477,0.0069466508,0.000100456229,1
0.001953125,936,0.00762844831,0.00695501966,0.000100598132,1
0.001953125,937,0.00763742113,0.00696337782,0.000100740064,1
0.001953125,938,0.00764642376,0.00697176531,0.000100882236,1
0.001953125,939,0.00765541056,0.00698013417,0.000101024452,1
0.001953125,940,0.00766439037,0.0069885035,0.000101166414,1
0.001953125,941,0.00767338695,0.00699688401,0.000101308658,1
0.001953125,942,0.00768238679,0.0070052715,0.000101451056,1
0.001953125,943,0.00769139314,0.00701365899,0.000101593629,1
0.001953125,944,0.00770037249,0.00702202599,0.000101736092,1
0.001953125,945,0.00770937977,0.00703042513,0.000101878832,1
0.001953125,946,0.00771837682,0.00703880424,0.000102021593,1
0.001953125,947,0.00772737199,0.00704718893,0.000102164129,1
0.001953125,948,0.00773639418,0.00705559039,0.000102307225,1
0.001953125,949,0.00774539076,0.00706397509,0.000102449885,1
0.001953125,950,0.00775441015,0.00707237981,0.000102593149,1
0.001953125,951,0.00776342535,0.00708078127,0.000102736376,1
0.001953125,952,0.00777243357,0.00708917947,0.000102879545,1
0.001953125,953,0.00778144132,0.00709757069,0.000103022707,1
0.001953125,954,0.0077904691,0.00710598659,0.00010316621,1
0.001953125,955,0.00779947732,0.00711438712,0.000103309714,1
0.001953125,956,0.00780850369,0.00712279975,0.000103453225,1
0.001953125,957,0.00781752262,0.00713120261,0.000103596736,1
0.001953125,958,0.00782654248,0.00713961618,0.000103740276,1
0.001953125,959,0.00783557445,0.00714803115,0.000103884224,1
0.001953125,960,0.00784458593,0.00715643447,0.000104028069,1
0.001953125,961,0.00785363279,0.0071648662,0.000104172002,1
0.001953125,962,0.00786266662,0.00717329513,0.000104316066,1
0.001953125,963,0.00787171163,0.00718172593,0.000104460421,1
0.001953125,964,0.00788072404,0.00719013112,0.00010460458,1
0.001953125,965,0.0078897588,0.00719855446,0.000104748622,1
0.001953125,966,0.00789881498,0.00720699457,0.00010489313,1
0.001953125,967,0.00790784042,0.00721540954,0.000105037449,1
0.001953125,968,0.00791688357,0.00722384499,0.000105182124,1
0.001953125,969,0.00792593788,0.00723227905,0.000105326639,1
0.001953125,970,0.00793499686,0.00724073406,0.000105471336,1
0.001953125,971,0.00794405211,0.00724917604,0.000105616418,1
0.001953125,972,0.00795307569,0.0072575938,0.00010576097,1
0.001953125,973,0.00796215609,0.00726606324,0.000105906089,1
0.001953125,974,0.00797122251,0.00727451779,0.000106051259,1
0.001953125,975,0.00798026193,0.00728295138,0.000106196298,1
0.001953125,976,0.00798934605,0.00729142781,0.000106341569,1
0.001953125,977,0.00799838454,0.00729985489,0.00010648663,1
0.001953125,978,0.00800746214,0.00730831828,0.000106632113,1
0.001953125,979,0.0080165267,0.00731677609,0.000106777858,1
0.001953125,980,0.00802559778,0.00732523715,0.000106923071,1
0.001953125,981,0.00803465582,0.00733369356,0.000107068707,1
0.001953125,982,0.00804372691,0.00734214857,0.000107214546,1
0.001953125,983,0.00805279613,0.00735061523,0.000107360247,1
0.001953125,984,0.00806187093,0.00735908095,0.00010750621,1
0.001953125,985,0.00807097461,0.00736757182,0.000107652399,1
0.001953125,986,0.00808003172,0.0073760245,0.000107798172,1
0.001953125,987,0.00808913633,0.00738451816,0.000107944426,1
0.001953125,988,0.00809819531,0.00739296945,0.000108090375,1
0.001953125,989,0.00810729153,0.00740146264,0.000108236818,1
0.001953125,990,0.00811636541,0.00740992464,0.000108383283,1
0.001953125,991,0.00812545978,0.00741841318,0.000108529639,1
0.001953125,992,0.00813454669,0.00742689008,0.000108676111,1
0.001953125,993,0.00814364944,0.0074353884,0.000108822678,1
0.001953125,994,0.00815275684,0.00744388625,0.000108969864,1
0.001953125,995,0.00816184282,0.00745236594,0.000109116525,1
0.001953125,996,0.00817092974,0.00746084889,0.000109263099,1
0.001953125,997,0.00818005111,0.00746936258,0.000109410576,1
0.001953125,998,0.00818916038,0.0074778609,0.000109557521,1
0.001953125,999,0.00819823332,0.00748633035,0.000109704575,1
0.001953125,1000,0.00820735749,0.00749485288,0.000109851972,1
0.001953125,1001,0.00821646675,0.00750335166,0.000109999077,1
0.001953125,1002,0.0082255695,0.00751184998,0.000110146422,1
0.001953125,1003,0.00823470298,0.0075203767,0.00011029392,1
0.001953125,1004,0.00824379828,0.00752886524,0.000110441477,1
0.001953125,1005,0.00825292431,0.00753738685,0.00011058931,1
0.001953125,1006,0.00826206338,0.00754591636,0.000110736954,1
0.001953125,1007,0.00827115029,0.0075544049,0.000110884568,1
0.001953125,1008,0.00828029867,0.00756294141,0.00011103275,1
0.001953125,1009,0.00828940235,0.00757144438,0.000111180518,1
0.001953125,1010,0.00829853583,0.00757997017,0.000111328751,1
0.001953125,1011,0.00830767676,0.00758850574,0.000111476795,1
0.001953125,1012,0.00831680931,0.00759703107,0.000111625101,1
0.001953125,1013,0.00832594559,0.00760556338,0.000111773414,1
0.001953125,1014,0.00833507627,0.0076140929,0.000111921909,1
0.001953125,1015,0.00834418647,0.00762260146,0.000112070178,1
0.001953125,1016,0.00835334044,0.00763114775,0.000112218942,1
0.001953125,1017,0.00836249627,0.00763970613,0.00011236759,1
0.001953125,1018,0.00837164558,0.00764824823,0.000112516704,1
0.001953125,1019,0.00838078093,0.00765677309,0.000112665482,1
0.001953125,1020,0.00838995259,0.00766534358,0.000112814341,1
0.001953125,1021,0.00839908328,0.00767387776,0.000112963346,1
0.001953125,1022,0.00840824004,0.00768242637,0.000113112335,1
0.001953125,1023,0.00841738097,0.00769095961,0.000113261434,1
0.0009765625,0,4.53964021e-05,0,0,1
0.0009765625,1,5.26549993e-05,6.54040969e-06,7.70019923e-08,1
0.0009765625,2,5.99159612e-05,1.30826593e-05,1.54061567e-07,1
0.0009765625,3,6.71782109e-05,1.96266537e-05,2.31178291e-07,1
0.0009765625,4,7.44423087e-05,2.61725309e-05,3.0835335e-07,1
0.0009765625,5,8.17082473e-05,3.27201524e-05,3.85585679e-07,1
0.0009765625,6,8.89755174e-05,3.92695329e-05,4.62874084e-07,1
0.0009765625,7,9.62448903e-05,4.58208197e-05,5.40219673e-07,1
0.0009765625,8,0.000103515973,5.23740164e-05,6.17625801e-07,1
0.0009765625,9,0.000110787878,5.89283591e-05,6.95082008e-07,1
0.0009765625,10,0.000118063297,6.54856703e-05,7.72606029e-07,1
0.0009765625,11,0.000125338847,7.20437529e-05,8.50180129e-07,1
0.0009765625,12,0.000132617162,7.86043747e-05,9.27815108e-07,1
0.0009765625,13,0.000139896511,8.51664445e-05,1.00550847e-06,1
0.0009765625,14,0.000147178042,9.17303842e-05,1.08325276e-06,1
0.0009765625,15,0.000154461202,9.82963029e-05,1.1610648e-06,1
0.0009765625,16,0.000161746299,0.000104864237,1.23893085e-06,1
0.0009765625,17,0.000169032035,0.000111432746,1.31685431e-06,1
0.0009765625,18,0.000176319794,0.000118003547,1.39482381e-06,1
0.0009765625,19,0.000183610508,0.000124577113,1.4728688e-06,1
0.0009765625,20,0.000190902967,0.000131152439,1.5509728e-06,1
0.0009765625,21,0.000198195907,0.000137729221,1.6291217e-06,1
0.0009765625,22,0.000205490505,0.000144306832,1.70733176e-06,1
0.0009765625,23,0.00021278749,0.000150887165,1.78559981e-06,1
0.0009765625,24,0.000220086673,0.000157469549,1.86393186e-06,1
0.0009765625,25,0.00022738702,0.000164053577,1.94231075e-06,1
0.0009765625,26,0.000234688225,0.000170638785,2.02075807e-06,1
0.0009765625,27,0.000241992355,0.000177226582,2.09925611e-06,1
0.0009765625,28,0.000249298319,0.000183816315,2.17781781e-06,1
0.0009765625,29,0.000256603846,0.000190405684,2.25642975e-06,1
0.0009765625,30,0.000263914495,0.000197000307,2.33511014e-06,1
0.0009765625,31,0.000271226105,0.000203595991,2.4138435e-06,1
0.0009765625,32,0.000278537831,0.000210191633,2.49263303e-06,1
0.0009765625,33,0.000285852439,0.00021679049,2.57148008e-06,1
0.0009765625,34,0.000293167541,0.000223390074,2.65038784e-06,1
0.0009765625,35,0.000300485321,0.000229992089,2.72936472e-06,1
0.0009765625,36,0.000307803217,0.0002365947,2.80837571e-06,1
0.0009765625,37,0.00031512414,0.000243200077,2.88746219e-06,1
0.0009765625,38,0.000322449487,0.000249809877,2.96660414e-06,1
0.0009765625,39,0.000329773611,0.000256418774,3.04579567e-06,1
0.0009765625,40,0.000337100355,0.000263030553,3.12505699e-06,1
0.0009765625,41,0.000344428903,0.000269643788,3.20437925e-06,1
0.0009765625,42,0.000351758063,0.000276258448,3.28374426e-06,1
0.0009765625,43,0.000359089492,0.000282875262,3.36317862e-06,1
0.0009765625,44,0.000366422319,0.000289492891,3.44265413e-06,1
0.0009765625,45,0.000373755262,0.00029611116,3.52221309e-06,1
0.0009765625,46,0.000381094404,0.000302735134,3.60182707e-06,1
0.0009765625,47,0.000388432381,0.000309358933,3.68146266e-06,1
0.0009765625,48,0.000395773706,0.000315985584,3.76122011e-06,1
0.0009765625,49,0.000403116108,0.000322613079,3.84099485e-06,1
0.0009765625,50,0.000410459441,0.000329242495,3.92081756e-06,1
0.0009765625,51,0.000417803501,0.000335873017,4.00072531e-06,1
0.0009765625,52,0.000425150443,0.00034250578,4.0806699e-06,1
0.0009765625,53,0.000432498869,0.000349140086,4.1606927e-06,1
0.0009765625,54,0.000439848111,0.000355775584,4.24077416e-06,1
0.0009765625,55,0.000447203231,0.000362416322,4.32090837e-06,1
0.0009765625,56,0.000454557186,0.000369056623,4.40109943e-06,1
0.0009765625,57,0.000461911754,0.000375697884,4.48135279e-06,1
0.0009765625,58,0.000469268445,0.000382340513,4.56164116e-06,1
0.0009765625,59,0.000476629473,0.000388987741,4.64202185e-06,1
0.0009765625,60,0.000483992422,0.000395637471,4.7224612e-06,1
0.0009765625,61,0.000491355488,0.000402287609,4.80293056e-06,1
0.0009765625,62,0.000498718291,0.000408937776,4.88347541e-06,1
0.0009765625,63,0.000506085285,0.000415591203,4.96408165e-06,1
0.0009765625,64,0.000513453793,0.000422245852,5.04473883e-06,1
0.0009765625,65,0.000520822883,0.00042890216,5.12546421e-06,1
0.0009765625,66,0.000528195291,0.000435561175,5.2062378e-06,1
0.0009765625,67,0.000535570085,0.000442223478,5.28709052e-06,1
0.0009765625,68,0.000542941445,0.00044888194,5.36797779e-06,1
0.0009765625,69,0.000550318218,0.000455546047,5.44893646e-06,1
0.0009765625,70,0.00055769633,0.000462212454,5.52994743e-06,1
0.0009765625,71,0.00056507549,0.000468878919,5.61102843e-06,1
0.0009765625,72,0.000572456978,0.000475548382,5.69214217e-06,1
0.0009765625,73,0.000579841842,0.000482220552,5.77332321e-06,1
0.0009765625,74,0.000587225368,0.000488891499,5.85458974e-06,1
0.0009765625,75,0.000594612444,0.000495566288,5.93591085e-06,1
0.0009765625,76,0.000602002488,0.000502244919,6.01728061e-06,1
0.0009765625,77,0.000609396084,0.000508926227,6.09872586e-06,1
0.0009765625,78,0.000616787933,0.000515605789,6.18018839e-06,1
0.0009765625,79,0.000624182809,0.000522289425,6.26170504e-06,1
0.0009765625,80,0.000631579082,0.000528973993,6.34334447e-06,1
0.0009765625,81,0.00063897646,0.000535659899,6.42500709e-06,1
0.0009765625,82,0.00064637576,0.00054234796,6.50673519e-06,1
0.0009765625,83,0.000653777737,0.000549038057,6.58852196e-06,1
0.0009765625,84,0.000661180587,0.000555730017,6.67034965e-06,1
0.0009765625,85,0.000668582739,0.000562421919,6.75225238e-06,1
0.0009765625,86,0.000675991061,0.000569119409,6.83422604e-06,1
0.0009765625,87,0.000683396356,0.00057581428,6.91624882e-06,1
0.0009765625,88,0.000690807006,0.000582512992,6.99832117e-06,1
0.0009765625,89,0.000698217016,0.000589212577,7.08048265e-06,1
0.0009765625,90,0.000705629063,0.000595912919,7.16265731e-06,1
0.0009765625,91,0.000713044778,0.000602618326,7.24491792e-06,1
0.0009765625,92,0.000720461772,0.000609324081,7.32724448e-06,1
0.0009765625,93,0.000727879291,0.000616031059,7.40963287e-06,1
0.0009765625,94,0.000735303329,0.000622744788,7.49205947e-06,1
0.0009765625,95,0.000742726668,0.000629457179,7.57453017e-06,1
0.0009765625,96,0.000750149658,0.00063616992,7.65710956e-06,1
0.0009765625,97,0.000757576374,0.000642887026,7.73974352e-06,1
0.0009765625,98,0.000765002624,0.000649602618,7.8223693e-06,1
0.0009765625,99,0.000772431085,0.00065632147,7.90511785e-06,1
0.0009765625,100,0.00077986269,0.000663043116,7.9879128e-06,1
0.0009765625,101,0.000787294295,0.000669765228,8.07077777e-06,1
0.0009765625,102,0.000794729684,0.000676491414,8.15370367e-06,1
0.0009765625,103,0.000802165887,0.0006832176,8.23668233e-06,1
0.0009765625,104,0.000809601624,0.000689944893,8.31969464e-06,1
0.0009765625,105,0.00081704167,0.000696675328,8.40280427e-06,1
0.0009765625,106,0.000824482529,0.000703407219,8.4859621e-06,1
0.0009765625,107,0.000831925077,0.000710139982,8.56916813e-06,1
0.0009765625,108,0.00083936844,0.000716874492,8.65244056e-06,1
0.0009765625,109,0.000846813607,0.000723609817,8.73577392e-06,1
0.0009765625,110,0.000854264013,0.000730351196,8.81915184e-06,1
0.0009765625,111,0.000861715758,0.000737094495,8.90258889e-06,1
0.0009765625,112,0.000869171461,0.000743840821,8.98613052e-06,1
0.0009765625,113,0.0008766221,0.000750583014,9.06973764e-06,1
0.0009765625,114,0.000884076464,0.00075732905,9.15331748e-06,1
0.0009765625,115,0.000891531876,0.000764075143,9.2370401e-06,1
0.0009765625,116,0.000898989558,0.000770824961,9.32079001e-06,1
0.0009765625,117,0.000906449102,0.000777576119,9.40462905e-06,1
0.0009765625,118,0.000913912547,0.000784330477,9.48849902e-06,1
0.0009765625,119,0.000921376806,0.000791086582,9.57242719e-06,1
0.0009765625,120,0.000928844442,0.000797846529,9.65639629e-06,1
0.0009765625,121,0.000936312368,0.000804607349,9.74044724e-06,1
0.0009765625,122,0.000943785242,0.000811371952,9.82460006e-06,1
0.0009765625,123,0.000951256719,0.000818135741,9.90874923e-06,1
0.0009765625,124,0.000958728837,0.000824900577,9.99300119e-06,1
0.0009765625,125,0.000966205087,0.000831669255,1.0077265e-05,1
0.0009765625,126,0.000973680581,0.000838437409,1.01616424e-05,1
0.0009765625,127,0.000981158926,0.000845208997,1.02460353e-05,1
0.0009765625,128,0.000988638843,0.000851980527,1.03305429e-05,1
0.0009765625,129,0.000996120856,0.00085875619,1.04150522e-05,1
0.0009765625,130,0.00100360438,0.000865531445,1.04996698e-05,1
0.0009765625,131,0.00101109257,0.000872312288,1.05842964e-05,1
0.0009765625,132,0.00101857283,0.000879086205,1.0669065e-05,1
0.0009765625,133,0.00102606334,0.000885870249,1.07538272e-05,1
0.0009765625,134,0.00103355211,0.000892651908,1.08386448e-05,1
0.0009765625,135,0.00104104739,0.000899439328,1.09235352e-05,1
0.0009765625,136,0.00104854093,0.000906226982,1.10084939e-05,1
0.0009765625,137,0.00105603389,0.000913013413,1.10935098e-05,1
0.0009765625,138,0.00106352707,0.000919800426,1.11785894e-05,1
0.0009765625,139,0.00107103225,0.000926597975,1.12637363e-05,1
0.0009765625,140,0.00107853033,0.000933391275,1.13489568e-05,1
0.0009765625,141,0.00108603493,0.000940188649,1.14342092e-05,1
0.0009765625,142,0.00109353615,0.000946984743,1.15195617e-05,1
0.0009765625,143,0.00110104412,0.00095378625,1.1604935e-05,1
0.0009765625,144,0.00110855221,0.000960588048,1.16903921e-05,1
0.0009765625,145,0.00111605809,0.000967388041,1.17758836e-05,1
0.0009765625,146,0.00112357258,0.000974197581,1.18614262e-05,1
0.0009765625,147,0.00113108451,0.000981003745,1.19470624e-05,1
0.0009765625,148,0.00113859831,0.000987812993,1.20327195e-05,1
0.0009765625,149,0.00114611327,0.000994621194,1.21185003e-05,1
0.0009765625,150,0.00115362927,0.00100143359,1.22043084e-05,1
0.0009765625,151,0.00116114877,0.00100824703,1.22901611e-05,1
0.0009765625,152,0.00116867246,0.00101506477,1.23761465e-05,1
0.0009765625,153,0.00117619522,0.00102188275,1.24620738e-05,1
0.0009765625,154,0.00118371972,0.00102869992,1.25481274e-05,1
0.0009765625,155,0.00119125273,0.00103553012,1.26343111e-05,1
0.0009765625,156,0.0011987834,0.00104235625,1.27204639e-05,1
0.0009765625,157,0.00120631536,0.00104918261,1.28067231e-05,1
0.0009765625,158,0.00121384964,0.00105601223,1.28929987e-05,1
0.0009765625,159,0.00122138555,0.00106284255,1.29793461e-05,1
0.0009765625,160,0.0012289196,0.00106967287,1.30657427e-05,1
0.0009765625,161,0.00123645761,0.00107650599,1.31522229e-05,1
0.0009765625,162,0.0012440033,0.00108334702,1.32388141e-05,1
0.0009765625,163,0.00125154271,0.00109018304,1.3325387e-05,1
0.0009765625,164,0.00125908782,0.00109702535,1.3412051e-05,1
0.0009765625,165,0.00126663153,0.00110386487,1.34988013e-05,1
0.0009765625,166,0.00127418037,0.00111070985,1.35855616e-05,1
0.0009765625,167,0.00128172478,0.00111755147,1.36723947e-05,1
0.0009765625,168,0.00128927815,0.00112440041,1.37593524e-05,1
0.0009765625,169,0.00129682804,0.00113124808,1.38463001e-05,1
0.0009765625,170,0.00130438502,0.00113810087,1.39333679e-05,1
0.0009765625,171,0.00131193781,0.00114495074,1.40203983e-05,1
0.0009765625,172,0.00131949224,0.00115180307,1.41075234e-05,1
0.0009765625,173,0.00132705551,0.00115866307,1.41947976e-05,1
0.0009765625,174,0.00133461668,0.00116552098,1.42820199e-05,1
0.0009765625,175,0.00134217693,0.00117237936,1.43694506e-05,1
0.0009765625,176,0.00134974008,0.00117923948,1.44567857e-05,1
0.0009765625,177,0.00135730894,0.00118610577,1.45443246e-05,1
0.0009765625,178,0.00136487186,0.00119296554,1.46317961e-05,1
0.0009765625,179,0.00137244025,0.00119983277,1.47193832e-05,1
0.0009765625,180,0.00138001295,0.00120670244,1.4807023e-05,1
0.0009765625,181,0.00138758624,0.00121357176,1.4894762e-05,1
0.0009765625,182,0.00139515765,0.00122044107,1.49825373e-05,1
0.0009765625,183,0.00140273699,0.00122731796,1.50703872e-05,1
0.0009765625,184,0.00141031516,0.00123419403,1.51582517e-05,1
0.0009765625,185,0.0014178924,0.00124106917,1.52461298e-05,1
0.0009765625,186,0.0014254736,0.00124794873,1.53342116e-05,1
0.0009765625,187,0.00143305794,0.00125482946,1.54222689e-05,1
0.0009765625,188,0.00144064461,0.00126171531,1.5510459e-05,1
0.0009765625,189,0.00144822849,0.00126859627,1.55986581e-05,1
0.0009765625,190,0.00145582017,0.00127548608,1.5686901e-05,1
0.0009765625,191,0.00146340928,0.00128237437,1.57752147e-05,1
0.0009765625,192,0.00147100678,0.00128927,1.58636267e-05,1
0.0009765625,193,0.00147860299,0.00129616482,1.59520587e-05,1
0.0009765625,194,0.00148620177,0.00130306208,1.60405634e-05,1
0.0009765625,195,0.00149380078,0.00130996073,1.61291846e-05,1
0.0009765625,196,0.00150139711,0.0013168552,1.62178094e-05,1
0.0009765625,197,0.00150900066,0.00132375665,1.6306496e-05,1
0.0009765625,198,0.00151660165,0.00133065798,1.63952518e-05,1
0.0009765625,199,0.00152421137,0.001337567,1.64840676e-05,1
0.0009765625,200,0.00153181923,0.00134447438,1.65729416e-05,1
0.0009765625,201,0.00153942173,0.00135137665,1.66619247e-05,1
0.0009765625,202,0.00154703367,0.00135828939,1.67509133e-05,1
0.0009765625,203,0.00155464874,0.00136520318,1.6839942e-05,1
0.0009765625,204,0.00156226347,0.00137211604,1.69291379e-05,1
0.0009765625,205,0.00156987703,0.00137903064,1.70183357e-05,1
0.0009765625,206,0.00157749269,0.00138594769,1.71075826e-05,1
0.0009765625,207,0.00158511277,0.00139286695,1.71968568e-05,1
0.0009765625,208,0.00159273855,0.00139979203,1.72863201e-05,1
0.0009765625,209,0.00160035526,0.00140671083,1.73757871e-05,1
0.0009765625,210,0.00160798512,0.00141364126,1.74652687e-05,1
0.0009765625,211,0.00161560881,0.00142056402,1.75548139e-05,1
0.0009765625,212,0.00162323914,0.00142749585,1.764441e-05,1
0.0009765625,213,0.00163087097,0.00143442967,1.77341517e-05,1
0.0009765625,214,0.00163849816,0.00144135777,1.78238824e-05,1
0.0009765625,215,0.00164613256,0.00144829205,1.79137478e-05,1
0.0009765625,216,0.00165376719,0.00145522831,1.80036204e-05,1
0.0009765625,217,0.00166139891,0.00146216119,1.80935676e-05,1
0.0009765625,218,0.00166904402,0.00146910746,1.81835585e-05,1
0.0009765625,219,0.0016766818,0.00147604616,1.82736057e-05,1
0.0009765625,220,0.00168432109,0.00148298708,1.83637185e-05,1
0.0009765625,221,0.00169196888,0.00148993544,1.84539786e-05,1
0.0009765625,222,0.00169961608,0.00149688451,1.8544215e-05,1
0.0009765625,223,0.00170725898,0.00150382903,1.86345424e-05,1
0.0009765625,224,0.00171490898,0.00151078007,1.87248661e-05,1
0.0009765625,225,0.00172256201,0.00151773449,1.88153754e-05,1
0.0009765625,226,0.00173020852,0.00152468239,1.8905881e-05,1
0.0009765625,227,0.00173786352,0.00153163972,1.89964339e-05,1
0.0009765625,228,0.00174552796,0.00153860636,1.90871324e-05,1
0.0009765625,229,0.00175318215,0.00154556148,1.91777981e-05,1
0.0009765625,230,0.00176084042,0.00155252253,1.92685366e-05,1
0.0009765625,231,0.00176850497,0.00155948778,1.93593969e-05,1
0.0009765625,232,0.00177616719,0.00156645454,1.94502409e-05,1
0.0009765625,233,0.00178383547,0.00157342607,1.95412158e-05,1
0.0009765625,234,0.00179149827,0.00158039143,1.96321907e-05,1
0.0009765625,235,0.00179916865,0.00158736343,1.97232657e-05,1
0.0009765625,236,0.0018068424,0.0015943395,1.98144389e-05,1
0.0009765625,237,0.00181451137,0.00160131266,1.99056249e-05,1
0.0009765625,238,0.00182218279,0.00160828722,1.99968526e-05,1
0.0009765625,239,0.00182986457,0.00161526923,2.00882569e-05,1
0.0009765625,240,0.00183753716,0.00162224728,2.01796283e-05,1
0.0009765625,241,0.00184521521,0.00162922894,2.02710453e-05,1
0.0009765625,242,0.00185289932,0.00163621583,2.03626259e-05,1
0.0009765625,243,0.00186058052,0.00164320029,2.0454132e-05,1
0.0009765625,244,0.00186826487,0.00165018963,2.05458273e-05,1
0.0009765625,245,0.00187595282,0.00165718119,2.06375134e-05,1
0.0009765625,246,0.00188363972,0.00166417111,2.07292705e-05,1
0.0009765625,247,0.00189134083,0.00167117605,2.08211477e-05,1
0.0009765625,248,0.00189903553,0.00167817459,2.09129812e-05,1
0.0009765625,249,0.00190673652,0.00168517779,2.1005033e-05,1
0.0009765625,250,0.00191442447,0.00169217284,2.1097052e-05,1
0.0009765625,251,0.00192213163,0.00169918337,2.11891293e-05,1
0.0009765625,252,0.00192983309,0.00170619006,2.12812211e-05,1
0.0009765625,253,0.00193753256,0.00171319407,2.13735093e-05,1
0.0009765625,254,0.00194523612,0.00172020239,2.1465743e-05,1
0.0009765625,255,0.00195293967,0.00172721257,2.1558084e-05,1
0.0009765625,256,0.00196065102,0.00173422741,2.16505268e-05,1
0.0009765625,257,0.00196835841,0.00174124097,2.17429933e-05,1
0.0009765625,258,0.0019760672,0.00174825406,2.18354726e-05,1
0.0009765625,259,0.00198378321,0.001755276,2.19281101e-05,1
0.0009765625,260,0.00199149735,0.00176229596,2.20208258e-05,1
0.0009765625,261,0.00199920894,0.00176931336,2.21135087e-05,1
0.0009765625,262,0.0020069289,0.00177633727,2.2206259e-05,1
0.0009765625,263,0.00201463629,0.00178335328,2.22990366e-05,1
0.0009765625,264,0.00202236488,0.00179038709,2.23920197e-05,1
0.0009765625,265,0.00203008601,0.00179741404,2.24850046e-05,1
0.0009765625,266,0.00203781622,0.00180444657,2.25780605e-05,1
0.0009765625,267,0.0020455413,0.00181147992,2.26711745e-05,1
0.0009765625,268,0.00205326313,0.00181850733,2.2764325e-05,1
0.0009765625,269,0.0020609966,0.0018255472,2.28575827e-05,1
0.0009765625,270,0.00206872518,0.00183258357,2.29508805e-05,1
0.0009765625,271,0.00207646936,0.00183963159,2.30442201e-05,1
0.0009765625,272,0.00208419864,0.0018466661,2.31376725e-05,1
0.0009765625,273,0.00209193677,0.00185371132,2.32311777e-05,1
0.0009765625,274,0.00209967163,0.00186075293,2.33246556e-05,1
0.0009765625,275,0.00210741209,0.00186779932,2.34183062e-05,1
0.0009765625,276,0.00211515534,0.00187485095,2.35119951e-05,1
0.0009765625,277,0.00212290324,0.001881907,2.36056603e-05,1
0.0009765625,278,0.00213064346,0.00188895396,2.36995238e-05,1
0.0009765625,279,0.0021383951,0.00189601223,2.37934801e-05,1
0.0009765625,280,0.00214614207,0.0019030656,2.38873581e-05,1
0.0009765625,281,0.00215389021,0.00191012071,2.39813762e-05,1
0.0009765625,282,0.00216164836,0.00191718747,2.40754289e-05,1
0.0009765625,283,0.00216940325,0.00192424771,2.41695998e-05,1
0.0009765625,284,0.00217715581,0.0019313111,2.42638216e-05,1
0.0009765625,285,0.00218491186,0.00193837273,2.43580034e-05,1
0.0009765625,286,0.00219267001,0.00194544101,2.44524381e-05,1
0.0009765625,287,0.00220043608,0.00195251463,2.45467436e-05,1
0.0009765625,288,0.00220819702,0.00195958395,2.46411e-05,1
0.0009765625,289,0.00221596682,0.00196666201,2.4735682e-05,1
0.0009765625,290,0.00222373195,0.00197373261,2.48302058e-05,1
0.0009765625,291,0.00223150058,0.00198081019,2.4924826e-05,1
0.0009765625,292,0.00223926711,0.00198788499,2.50196244e-05,1
0.0009765625,293,0.00224704063,0.00199496723,2.51143647e-05,1
0.0009765625,294,0.00225482346,0.00200205622,2.52092414e-05,1
0.0009765625,295,0.00226259488,0.00200913777,2.53041326e-05,1
0.0009765625,296,0.0022703663,0.00201621908,2.53991384e-05,1
0.0009765625,297,0.0022781489,0.002023309,2.54940333e-05,1
0.0009765625,298,0.00228593568,0.00203040452,2.5589201e-05,1
0.0009765625,299,0.00229371968,0.002037497,2.56843177e-05,1
0.0009765625,300,0.00230150251,0.00204458926,2.57795618e-05,1
0.0009765625,301,0.0023092893,0.0020516864,2.58748187e-05,1
0.0009765625,302,0.00231707282,0.00205877796,2.5970161e-05,1
0.0009765625,303,0.0023248645,0.00206587859,2.60656489e-05,1
0.0009765625,304,0.00233266433,0.00207298645,2.61610803e-05,1
0.0009765625,305,0.00234044413,0.0020800794,2.62565936e-05,1
0.0009765625,306,0.00234824768,0.00208718819,2.63523361e-05,1
0.0009765625,307,0.00235604378,0.00209429627,2.64480204e-05,1
0.0009765625,308,0.00236383965,0.00210140203,2.65437393e-05,1
0.0009765625,309,0.00237164157,0.00210851431,2.66395382e-05,1
0.0009765625,310,0.00237945211,0.0021156338,2.6735459e-05,1
0.0009765625,311,0.00238725077,0.00212274399,2.6831367e-05,1
0.0009765625,312,0.00239505828,0.00212986208,2.69273278e-05,1
0.0009765625,313,0.00240286859,0.00213697832,2.7023425e-05,1
0.0009765625,314,0.00241067703,0.00214409642,2.71195095e-05,1
0.0009765625,315,0.00241848873,0.00215122337,2.72157376e-05,1
0.0009765625,316,0.00242630253,0.00215834728,2.73119567e-05,1
0.0009765625,317,0.00243412331,0.00216547586,2.74082904e-05,1
0.0009765625,318,0.00244193664,0.00217260211,2.75045168e-05,1
0.0009765625,319,0.00244975509,0.00217973115,2.76010505e-05,1
0.0009765625,320,0.00245757215,0.00218685949,2.7697688e-05,1
0.0009765625,321,0.00246539619,0.00219399668,2.77942163e-05,1
0.0009765625,322,0.00247322605,0.00220113457,2.78910193e-05,1
0.0009765625,323,0.0024810452,0.00220826687,2.79876058e-05,1
0.0009765625,324,0.00248888321,0.00221541757,2.80845052e-05,1
0.0009765625,325,0.0024967182,0.00222255965,2.81813263e-05,1
0.0009765625,326,0.00250455574,0.00222971081,2.82782057e-05,1
0.0009765625,327,0.00251238816,0.00223685568,2.83752324e-05,1
0.0009765625,328,0.00252022524,0.00224400451,2.84721718e-05,1
0.0009765625,329,0.00252806279,0.00225115428,2.85693932e-05,1
0.0009765625,330,0.00253590802,0.00225831196,2.86665618e-05,1
0.0009765625,331,0.00254374812,0.00226546498,2.87638013e-05,1
0.0009765625,332,0.00255159289,0.00227262219,2.8861019e-05,1
0.0009765625,333,0.00255944021,0.00227978057,2.89583786e-05,1
0.0009765625,334,0.00256728637,0.00228693988,2.9055911e-05,1
0.0009765625,335,0.0025751323,0.00229409803,2.91533743e-05,1
0.0009765625,336,0.0025829894,0.00230126688,2.92510085e-05,1
0.0009765625,337,0.00259083975,0.00230843038,2.93485518e-05,1
0.0009765625,338,0.00259869196,0.00231559714,2.94463425e-05,1
0.0009765625,339,0.00260655023,0.00232276763,2.95441278e-05,1
0.0009765625,340,0.00261440501,0.00232993718,2.9641853e-05,1
0.0009765625,341,0.00262226746,0.00233711302,2.97398401e-05,1
0.0009765625,342,0.00263013714,0.00234429305,2.98378327e-05,1
0.0009765625,343,0.00263799238,0.00235146424,2.99357271e-05,1
0.0009765625,344,0.0026458553,0.00235864241,3.00338452e-05,1
0.0009765625,345,0.00265372219,0.00236582267,3.01319942e-05,1
0.0009765625,346,0.00266159605,0.00237300899,3.0230276e-05,1
0.0009765625,347,0.00266946945,0.00238019647,3.03286561e-05,1
0.0009765625,348,0.00267734146,0.00238738209,3.04269361e-05,1
0.0009765625,349,0.00268521369,0.00239457004,3.05254289e-05,1
0.0009765625,350,0.00269308547,0.00240175636,3.06239563e-05,1
0.0009765625,351,0.00270096352,0.00240894989,3.07223963e-05,1
0.0009765625,352,0.00270883669,0.002416139,3.08211056e-05,1
0.0009765625,353,0.00271672802,0.00242334278,3.09197385e-05,1
0.0009765625,354,0.00272460515,0.00243053446,3.10185351e-05,1
0.0009765625,355,0.00273249112,0.00243773661,3.11172262e-05,1
0.0009765625,356,0.00274037151,0.00244493224,3.12163102e-05,1
0.0009765625,357,0.00274827052,0.0024521458,3.13152523e-05,1
0.0009765625,358,0.00275615649,0.00245934632,3.14140962e-05,1
0.0009765625,359,0.00276405201,0.00246655894,3.15132093e-05,1
0.0009765625,360,0.00277193892,0.00247376319,3.16123624e-05,1
0.0009765625,361,0.00277983816,0.00248097582,3.17116283e-05,1
0.0009765625,362,0.00278773159,0.00248818588,3.1810916e-05,1
0.0009765625,363,0.00279563549,0.00249540387,3.19102874e-05,1
0.0009765625,364,0.0028035345,0.00250261836,3.20097315e-05,1
0.0009765625,365,0.00281144562,0.00250984891,3.21091939e-05,1
0.0009765625,366,0.00281934068,0.00251705758,3.22087908e-05,1
0.0009765625,367,0.00282724528,0.00252427929,3.23083077e-05,1
0.0009765625,368,0.00283515919,0.00253151031,3.24080429e-05,1
0.0009765625,369,0.002843061,0.00253872806,3.2507709e-05,1
0.0009765625,370,0.00285097654,0.00254596025,3.26075642e-05,1
0.0009765625,371,0.00285889115,0.0025531908,3.27075286e-05,1
0.0009765625,372,0.00286680553,0.00256042206,3.28074384e-05,1
0.0009765625,373,0.00287471199,0.00256764702,3.29073555e-05,1
0.0009765625,374,0.00288263382,0.00257488666,3.30073963e-05,1
0.0009765625,375,0.00289056287,0.00258213072,3.31075862e-05,1
0.0009765625,376,0.00289848261,0.0025893671,3.32078234e-05,1
0.0009765625,377,0.00290641212,0.00259661349,3.33082025e-05,1
0.0009765625,378,0.00291433092,0.0026038494,3.3408618e-05,1
0.0009765625,379,0.0029222623,0.00261109788,3.35089462e-05,1
0.0009765625,380,0.00293019717,0.00261834776,3.36094417e-05,1
0.0009765625,381,0.00293812738,0.00262559834,3.37100646e-05,1
0.0009765625,382,0.00294605829,0.00263284426,3.38105892e-05,1
0.0009765625,383,0.00295399595,0.00264010136,3.39112557e-05,1
0.0009765625,384,0.00296193245,0.00264735217,3.40119004e-05,1
0.0009765625,385,0.00296986615,0.00265460508,3.41127561e-05,1
0.0009765625,386,0.00297780195,0.00266185892,3.42136627e-05,1
0.0009765625,387,0.00298574613,0.00266912137,3.4314533e-05,1
0.0009765625,388,0.00299369497,0.00267638941,3.44155414e-05,1
0.0009765625,389,0.00300164428,0.00268365745,3.451663e-05,1
0.0009765625,390,0.00300959544,0.00269092503,3.46178822e-05,1
0.0009765625,391,0.00301754242,0.00269819074,3.47190798e-05,1
0.0009765625,392,0.00302548194,0.00270545087,3.48203066e-05,1
0.0009765625,393,0.00303344941,0.00271273567,3.49217698e-05,1
0.0009765625,394,0.00304139755,0.00272000232,3.50231421e-05,1
0.0009765625,395,0.00304935453,0.00272727781,3.51246345e-05,1
0.0009765625,396,0.00305731432,0.00273455633,3.52261923e-05,1
0.0009765625,397,0.00306527503,0.00274183555,3.53277501e-05,1
0.0009765625,398,0.00307324226,0.00274912012,3.54295298e-05,1
0.0009765625,399,0.00308120251,0.0027564019,3.55312368e-05,1
0.0009765625,400,0.00308916974,0.00276368903,3.56329401e-05,1
0.0009765625,401,0.00309713068,0.00277096801,3.5734829e-05,1
0.0009765625,402,0.00310509978,0.00277825841,3.58368998e-05,1
0.0009765625,403,0.00311307702,0.00278555532,3.59387486e-05,1
0.0009765625,404,0.00312105124,0.00279284571,3.60409649e-05,1
0.0009765625,405,0.00312902802,0.00280014565,3.61431521e-05,1
0.0009765625,406,0.00313701131,0.00280744676,3.62453429e-05,1
0.0009765625,407,0.00314499298,0.00281475228,3.63477629e-05,1
0.0009765625,408,0.00315297558,0.00282205222,3.64500629e-05,1
0.0009765625,409,0.00316096004,0.00282935775,3.65524866e-05,1
0.0009765625,410,0.00316895102,0.0028366698,3.66550303e-05,1
0.0009765625,411,0.00317692896,0.00284396787,3.67574976e-05,1
0.0009765625,412,0.00318491901,0.00285127666,3.6860165e-05,1
0.0009765625,413,0.00319291418,0.00285859429,3.69628469e-05,1
0.0009765625,414,0.00320090749,0.00286591286,3.70656671e-05,1
0.0009765625,415,0.00320889219,0.00287321466,3.71683418e-05,1
0.0009765625,416,0.0032168983,0.00288053975,3.72713257e-05,1
0.0009765625,417,0.0032248958,0.00288785854,3.73743023e-05,1
0.0009765625,418,0.00323289307,0.00289518014,3.74773408e-05,1
0.0009765625,419,0.00324089662,0.00290250313,3.75804339e-05,1
0.0009765625,420,0.00324890832,0.00290983682,3.7683687e-05,1
0.0009765625,421,0.00325690629,0.00291715818,3.77870165e-05,1
0.0009765625,422,0.0032649131,0.00292448536,3.78901932e-05,1
0.0009765625,423,0.00327293016,0.00293182419,3.79936391e-05,1
0.0009765625,424,0.00328092882,0.00293914787,3.80969832e-05,1
0.0009765625,425,0.00328895915,0.00294649694,3.82005237e-05,1
0.0009765625,426,0.00329695595,0.00295381923,3.83040679e-05,1
0.0009765625,427,0.00330498815,0.00296117109,3.84078194e-05,1
0.0009765625,428,0.00331299333,0.00296850083,3.85114909e-05,1
0.0009765625,429,0.00332101015,0.00297584222,3.86151987e-05,1
0.0009765625,430,0.0033290477,0.0029831985,3.87191503e-05,1
0.0009765625,431,0.00333706802,0.00299054291,3.88230437e-05,1
0.0009765625,432,0.00334508903,0.00299788802,3.89268753e-05,1
0.0009765625,433,0.00335311005,0.0030052315,3.90310488e-05,1
0.0009765625,434,0.00336114666,0.00301259174,3.91351678e-05,1
0.0009765625,435,0.00336918025,0.00301994849,3.92395159e-05,1
0.0009765625,436,0.0033772001,0.00302729267,3.9343744e-05,1
0.0009765625,437,0.00338523975,0.00303465617,3.94480885e-05,1
0.0009765625,438,0.0033932724,0.00304201082,3.9552302e-05,1
0.0009765625,439,0.00340132392,0.00304938527,3.96569303e-05,1
0.0009765625,440,0.00340935658,0.00305674388,3.97613658e-05,1
0.0009765625,441,0.00341739319,0.00306410482,3.98660304e-05,1
0.0009765625,442,0.00342543237,0.00307146856,3.99705132e-05,1
0.0009765625,443,0.0034334925,0.00307885022,4.00753779e-05,1
0.0009765625,444,0.0034415354,0.00308621861,4.01801553e-05,1
0.0009765625,445,0.00344957854,0.00309358467,4.0284951e-05,1
0.0009765625,446,0.00345762912,0.00310096121,4.03899321e-05,1
0.0009765625,447,0.00346568623,0.00310834288,4.04950915e-05,1
0.0009765625,448,0.00347374612,0.00311572617,4.06001418e-05,1
0.0009765625,449,0.00348179415,0.00312310411,4.07052248e-05,1
0.0009765625,450,0.00348984892,0.00313048088,4.08103697e-05,1
0.0009765625,451,0.00349791581,0.00313787325,4.09157656e-05,1
0.0009765625,452,0.00350597943,0.00314526423,4.10210851e-05,1
0.0009765625,453,0.00351404748,0.0031526573,4.11265464e-05,1
0.0009765625,454,0.00352210249,0.00316003896,4.12320369e-05,1
0.0009765625,455,0.00353016518,0.00316742668,4.13375528e-05,1
0.0009765625,456,0.00353822601,0.00317481114,4.14431743e-05,1
0.0009765625,457,0.00354630104,0.00318221468,4.15489048e-05,1
0.0009765625,458,0.00355438003,0.00318961521,4.16547045e-05,1
0.0009765625,459,0.00356245739,0.00319702015,4.17605406e-05,1
0.0009765625,460,0.00357053033,0.00320442161,4.18663039e-05,1
0.0009765625,461,0.00357861072,0.00321182841,4.19723547e-05,1
0.0009765625,462,0.00358668226,0.0032192294,4.20783763e-05,1
0.0009765625,463,0.00359476265,0.00322663458,4.21844816e-05,1
0.0009765625,464,0.00360285444,0.00323405163,4.2290827e-05,1
0.0009765625,465,0.00361092738,0.00324144866,4.23969759e-05,1
0.0009765625,466,0.00361903384,0.00324888201,4.25033722e-05,1
0.0009765625,467,0.00362711656,0.00325629301,4.26096267e-05,1
0.0009765625,468,0.00363519951,0.00326370168,4.27160339e-05,1
0.0009765625,469,0.00364328735,0.00327111688,4.28225794e-05,1
0.0009765625,470,0.00365138776,0.00327854208,4.29291067e-05,1
0.0009765625,471,0.00365949073,0.0032859738,4.30359432e-05,1
0.0009765625,472,0.00366758765,0.0032933983,4.31426161e-05,1
0.0009765625,473,0.00367567805,0.00330081489,4.3249358e-05,1
0.0009765625,474,0.00368379196,0.00330825406,4.33562782e-05,1
0.0009765625,475,0.00369188283,0.00331567507,4.3463122e-05,1
0.0009765625,476,0.00369999837,0.00332311494,4.35702786e-05,1
0.0009765625,477,0.0037081067,0.00333055248,4.36772934e-05,1
0.0009765625,478,0.00371621037,0.00333798747,4.37843119e-05,1
0.0009765625,479,0.00372431893,0.00334542338,4.38917414e-05,1
0.0009765625,480,0.00373243843,0.00335287093,4.39989344e-05,1
0.0009765625,481,0.00374055258,0.0033603115,4.41064331e-05,1
0.0009765625,482,0.00374865648,0.00336774648,4.42136297e-05,1
0.0009765625,483,0.00375679159,0.00337520428,4.43214194e-05,1
0.0009765625,484,0.00376489689,0.00338264252,4.4428707e-05,1
0.0009765625,485,0.00377303013,0.00339010288,4.45364931e-05,1
0.0009765625,486,0.00378115056,0.00339754997,4.46441372e-05,1
0.0009765625,487,0.00378927775,0.00340500963,4.47518578e-05,1
0.0009765625,488,0.00379740587,0.00341246324,4.48596184e-05,1
0.0009765625,489,0.0038055263,0.00341991126,4.49675827e-05,1
0.0009765625,490,0.00381367444,0.00342739187,4.50756233e-05,1
0.0009765625,491,0.00382179813,0.00343484385,4.51836131e-05,1
0.0009765625,492,0.00382993906,0.00344231306,4.52917702e-05,1
0.0009765625,493,0.00383806834,0.00344977295,4.54001092e-05,1
0.0009765625,494,0.00384621043,0.00345724425,4.55082263e-05,1
0.0009765625,495,0.00385435205,0.00346471509,4.56166199e-05,1
0.0009765625,496,0.00386248785,0.00347218523,4.57249516e-05,1
0.0009765625,497,0.00387062901,0.00347965444,4.58332725e-05,1
0.0009765625,498,0.00387877808,0.00348712923,4.59420116e-05,1
0.0009765625,499,0.00388692226,0.00349460985,4.60506344e-05,1
0.0009765625,500,0.00389508693,0.00350209884,4.61591189e-05,1
0.0009765625,501,0.00390322017,0.00350956596,4.62678872e-05,1
0.0009765625,502,0.003911376,0.00351704913,4.63768774e-05,1
0.0009765625,503,0.00391955068,0.00352455396,4.64857367e-05,1
0.0009765625,504,0.00392770208,0.00353203807,4.65946177e-05,1
0.0009765625,505,0.00393586187,0.00353952707,4.67037462e-05,1
0.0009765625,506,0.00394402212,0.00354702258,4.68128601e-05,1
0.0009765625,507,0.0039521819,0.00355451019,4.69219922e-05,1
0.0009765625,508,0.00396034634,0.0035620071,4.70312516e-05,1
0.0009765625,509,0.00396851217,0.00356950611,4.71405219e-05,1
0.0009765625,510,0.00397667615,0.00357699906,4.7249916e-05,1
0.0009765625,511,0.00398485083,0.00358450413,4.73592991e-05,1
0.0009765625,512,0.00399301806,0.00359200453,4.74689987e-05,1
0.0009765625,513,0.00400118902,0.00359950657,4.757856e-05,1
0.0009765625,514,0.00400937116,0.00360702211,4.76880814e-05,1
0.0009765625,515,0.00401754212,0.00361452485,4.77978101e-05,1
0.0009765625,516,0.00402572472,0.00362203829,4.79077753e-05,1
0.0009765625,517,0.00403391384,0.00362956058,4.8017635e-05,1
0.0009765625,518,0.00404209038,0.00363706937,4.81274437e-05,1
0.0009765625,519,0.00405027671,0.00364458561,4.82374016e-05,1
0.0009765625,520,0.00405847048,0.00365211023,4.83477415e-05,1
0.0009765625,521,0.00406665634,0.00365963113,4.84576922e-05,1
0.0009765625,522,0.00407484733,0.00366715039,4.85678793e-05,1
0.0009765625,523,0.00408303551,0.00367467501,4.86781246e-05,1
0.0009765625,524,0.00409122324,0.00368220173,4.87885773e-05,1
0.0009765625,525,0.0040994226,0.00368972821,4.88989572e-05,1
0.0009765625,526,0.00410762569,0.00369726145,4.90095117e-05,1
0.0009765625,527,0.00411581574,0.00370478909,4.91198771e-05,1
0.0009765625,528,0.00412401883,0.00371232396,4.92305953e-05,1
0.0009765625,529,0.00413222378,0.00371986511,4.93413972e-05,1
0.0009765625,530,0.00414043292,0.00372740626,4.94523119e-05,1
0.0009765625,531,0.00414864114,0.00373494765,4.95631139e-05,1
0.0009765625,532,0.00415686145,0.00374249974,4.96742687e-05,1
0.0009765625,533,0.00416505523,0.00375003112,4.97850851e-05,1
0.0009765625,534,0.00417326344,0.00375757646,4.98962254e-05,1
0.0009765625,535,0.00418149587,0.0037651388,5.00074202e-05,1
0.0009765625,536,0.00418969709,0.00377267273,5.01185568e-05,1
0.0009765625,537,0.00419794535,0.00378025696,5.02300645e-05,1
0.0009765625,538,0.00420616707,0.00378781185,5.03413103e-05,1
0.0009765625,539,0.00421439018,0.00379536999,5.04527561e-05,1
0.0009765625,540,0.00422261748,0.00380293489,5.0564191e-05,1
0.0009765625,541,0.00423084525,0.00381049374,5.06757206e-05,1
0.0009765625,542,0.00423907721,0.00381806493,5.07873883e-05,1
0.0009765625,543,0.0042473129,0.00382563472,5.08990706e-05,1
0.0009765625,544,0.00425553229,0.00383319566,5.10109203e-05,1
0.0009765625,545,0.00426378194,0.00384077337,5.11227481e-05,1
0.0009765625,546,0.00427201856,0.00384834874,5.12348743e-05,1
0.0009765625,547,0.00428025145,0.00385591621,5.13466657e-05,1
0.0009765625,548,0.00428849412,0.00386349251,5.145869e-05,1
0.0009765625,549,0.00429674098,0.0038710807,5.15709326e-05,1
0.0009765625,550,0.00430497527,0.00387864769,5.16830951e-05,1
0.0009765625,551,0.004313224,0.00388623308,5.17953013e-05,1
0.0009765625,552,0.00432149367,0.00389383966,5.19078567e-05,1
0.0009765625,553,0.00432971446,0.00390140037,5.2020092e-05,1
0.0009765625,554,0.00433797948,0.00390900159,5.21326001e-05,1
0.0009765625,555,0.00434624078,0.00391659932,5.22451373e-05,1
0.0009765625,556,0.0043544881,0.00392418401,5.23579256e-05,1
0.0009765625,557,0.00436275126,0.00393178267,5.24705501e-05,1
0.0009765625,558,0.0043709958,0.00393936783,5.25831965e-05,1
0.0009765625,559,0.00437925197,0.00394696137,5.26960648e-05,1
0.0009765625,560,0.00438751653,0.0039545605,5.28091368e-05,1
0.0009765625,561,0.00439579505,0.00396217592,5.29221688e-05,1
0.0009765625,562,0.00440405076,0.00396977039,5.30352881e-05,1
0.0009765625,563,0.00441231765,0.00397737324,5.31485312e-05,1
0.0009765625,564,0.00442059385,0.00398498867,5.32617305e-05,1
0.0009765625,565,0.00442886725,0.0039925999,5.33749408e-05,1
0.0009765625,566,0.00443714252,0.00400021067,5.34882638e-05,1
0.0009765625,567,0.00444541592,0.00400782144,5.36018379e-05,1
0.0009765625,568,0.00445368513,0.00401543267,5.371511e-05,1
0.0009765625,569,0.00446196692,0.00402304856,5.38289387e-05,1
0.0009765625,570,0.00447024591,0.00403066957,5.39423709e-05,1
0.0009765625,571,0.00447853515,0.00403829431,5.40562687e-05,1
0.0009765625,572,0.00448681973,0.00404592184,5.4170072e-05,1
0.0009765625,573,0.00449510571,0.0040535396,5.4283948e-05,1
0.0009765625,574,0.00450339215,0.00406117085,5.43977731e-05,1
0.0009765625,575,0.00451168325,0.00406879932,5.45116454e-05,1
0.0009765625,576,0.00451997202,0.00407643244,5.46258161e-05,1
0.0009765625,577,0.00452826545,0.00408406602,5.47398995e-05,1
0.0009765625,578,0.00453656306,0.00409169914,5.48541138e-05,1
0.0009765625,579,0.00454486068,0.00409934158,5.49684009e-05,1
0.0009765625,580,0.00455315551,0.00410697423,5.5082688e-05,1
0.0009765625,581,0.00456146244,0.00411461899,5.51972735e-05,1
0.0009765625,582,0.00456976937,0.00412226189,5.53118371e-05,1
0.0009765625,583,0.00457807072,0.00412990712,5.54263061e-05,1
0.0009765625,584,0.00458636507,0.00413754489,5.55408551e-05,1
0.0009765625,585,0.00459469762,0.0041452134,5.56556297e-05,1
0.0009765625,586,0.00460298918,0.00415285118,5.57704043e-05,1
0.0009765625,587,0.00461131381,0.0041605141,5.58852771e-05,1
0.0009765625,588,0.00461962819,0.00416816911,5.60003609e-05,1
0.0009765625,589,0.00462794211,0.00417582784,5.61152774e-05,1
0.0009765625,590,0.00463624578,0.00418347027,5.62301939e-05,1
0.0009765625,591,0.00464457506,0.00419113878,5.63455978e-05,1
0.0009765625,592,0.00465288572,0.00419879332,5.64608599e-05,1
0.0009765625,593,0.00466122944,0.00420647766,5.65762566e-05,1
0.0009765625,594,0.00466953963,0.00421413034,5.66914532e-05,1
0.0009765625,595,0.00467787869,0.00422180817,5.68071373e-05,1
0.0009765625,596,0.00468619168,0.00422946364,5.69223703e-05,1
0.0009765625,597,0.00469453074,0.00423714146,5.70381235e-05,1
0.0009765625,598,0.00470286328,0.00424481882,5.71538149e-05,1
0.0009765625,599,0.00471119583,0.00425249152,5.72694807e-05,1
0.0009765625,600,0.00471953489,0.00426017866,5.73853176e-05,1
0.0009765625,601,0.0047278828,0.00426786859,5.75013619e-05,1
0.0009765625,602,0.00473622186,0.00427554827,5.76173734e-05,1
0.0009765625,603,0.00474455347,0.00428322563,5.77330648e-05,1
0.0009765625,604,0.00475290185,0.0042909109,5.78492618e-05,1
0.0009765625,605,0.0047612451,0.00429859757,5.79653715e-05,1
0.0009765625,606,0.00476959115,0.00430628704,5.8081765e-05,1
0.0009765625,607,0.00477794092,0.00431398023,5.81978093e-05,1
0.0009765625,608,0.00478628837,0.00432167621,5.83142864e-05,1
0.0009765625,609,0.00479464885,0.00432937732,5.84307709e-05,1
0.0009765625,610,0.00480299862,0.00433707051,5.85473281e-05,1
0.0009765625,611,0.00481135724,0.00434477068,5.86640163e-05,1
0.0009765625,612,0.00481972238,0.00435247971,5.8780759e-05,1
0.0009765625,613,0.00482807774,0.00436017616,5.88975163e-05,1
0.0009765625,614,0.00483644288,0.00436788751,5.90142226e-05,1
0.0009765625,615,0.00484480849,0.00437559653,5.91313437e-05,1
0.0009765625,616,0.00485317409,0.00438330881,5.92480937e-05,1
0.0009765625,617,0.00486154575,0.00439102016,5.93653604e-05,1
0.0009765625,618,0.00486990903,0.00439873058,5.94822886e-05,1
0.0009765625,619,0.00487828301,0.00440644938,5.95995771e-05,1
0.0009765625,620,0.0048866407,0.00441415561,5.97166654e-05,1
0.0009765625,621,0.00489502773,0.00442188233,5.98340484e-05,1
0.0009765625,622,0.00490340544,0.00442960067,5.99515661e-05,1
0.0009765625,623,0.00491178455,0.00443732552,6.00689382e-05,1
0.0009765625,624,0.00492015667,0.00444504619,6.01865795e-05,1
0.0009765625,625,0.00492855348,0.00445278734,6.03042427e-05,1
0.0009765625,626,0.00493693771,0.00446051732,6.04219604e-05,1
0.0009765625,627,0.00494531961,0.00446824217,6.05398454e-05,1
0.0009765625,628,0.00495371036,0.0044759796,6.06575595e-05,1
0.0009765625,629,0.00496210391,0.00448371656,6.07756374e-05,1
0.0009765625,630,0.00497050676,0.0044914633,6.08935588e-05,1
0.0009765625,631,0.00497888401,0.00449918257,6.10116913e-05,1
0.0009765625,632,0.00498730317,0.00450694608,6.11298674e-05,1
0.0009765625,633,0.00499567296,0.00451466627,6.12480071e-05,1
0.0009765625,634,0.00500409352,0.00452242792,6.13662924e-05,1
0.0009765625,635,0.00501248706,0.0045301728,6.14847595e-05,1
0.0009765625,636,0.00502089644,0.00453792792,6.16032194e-05,1
0.0009765625,637,0.00502930302,0.00454567699,6.17217156e-05,1
0.0009765625,638,0.00503770029,0.00455342187,6.18401027e-05,1
0.0009765625,639,0.00504611572,0.00456118258,6.19590501e-05,1
0.0009765625,640,0.00505453628,0.00456895446,6.20776264e-05,1
0.0009765625,641,0.00506293913,0.00457670679,6.21964573e-05,1
0.0009765625,642,0.00507136062,0.00458447216,6.23153755e-05,1
0.0009765625,643,0.00507977651,0.00459222915,6.24344539e-05,1
0.0009765625,644,0.00508817332,0.00459997077,6.25532775e-05,1
0.0009765625,645,0.00509660225,0.0046077501,6.26723995e-05,1
0.0009765625,646,0.00510502607,0.00461551826,6.27915579e-05,1
0.0009765625,647,0.00511346385,0.00462330552,6.29108399e-05,1
0.0009765625,648,0.00512188068,0.00463107182,6.30302602e-05,1
0.0009765625,649,0.0051302989,0.00463883951,6.31495786e-05,1
0.0009765625,650,0.00513873668,0.00464662584,6.32691954e-05,1
0.0009765625,651,0.00514718611,0.00465441914,6.33886739e-05,1
0.0009765625,652,0.00515560713,0.0046621887,6.35083488e-05,1
0.0009765625,653,0.00516403001,0.00466996199,6.36281402e-05,1
0.0009765625,654,0.00517246593,0.00467774458,6.37476696e-05,1
0.0009765625,655,0.00518091395,0.00468553789,6.38676211e-05,1
0.0009765625,656,0.00518937688,0.00469334982,6.39877617e-05,1
0.0009765625,657,0.00519781746,0.00470114127,6.41075967e-05,1
0.0009765625,658,0.00520625152,0.00470892712,6.42276718e-05,1
0.0009765625,659,0.00521470653,0.00471672975,6.43479725e-05,1
0.0009765625,660,0.0052231499,0.00472452492,6.44679603e-05,1
0.0009765625,661,0.00523160771,0.0047323294,6.45885229e-05,1
0.0009765625,662,0.00524004456,0.00474011712,6.47086999e-05,1
0.0009765625,663,0.00524850329,0.00474791694,6.48292407e-05,1
0.0009765625,664,0.00525697181,0.00475573912,6.4949847e-05,1
0.0009765625,665,0.00526542589,0.00476354267,6.50704387e-05,1
0.0009765625,666,0.00527388835,0.00477135461,6.51909577e-05,1
0.0009765625,667,0.00528235314,0.00477916515,6.5311775e-05,1
0.0009765625,668,0.00529081235,0.00478697289,6.54327669e-05,1
0.0009765625,669,0.00529928552,0.00479480019,6.55535187e-05,1
0.0009765625,670,0.00530774659,0.00480261445,6.56744742e-05,1
0.0009765625,671,0.00531620346,0.0048104194,6.57953569e-05,1
0.0009765625,672,0.00532468222,0.00481824484,6.59164652e-05,1
0.0009765625,673,0.0053331675,0.0048260875,6.60380101e-05,1
0.0009765625,674,0.00534163788,0.00483390503,6.61590602e-05,1
0.0009765625,675,0.00535010966,0.00484172208,6.62804596e-05,1
0.0009765625,676,0.0053585968,0.00484956848,6.64018589e-05,1
0.0009765625,677,0.00536706345,0.00485738739,6.65230982e-05,1
0.0009765625,678,0.00537555991,0.00486523006,6.66448468e-05,1
0.0009765625,679,0.00538403448,0.00487305876,6.67664353e-05,1
0.0009765625,680,0.00539252069,0.00488089537,6.68881185e-05,1
0.0009765625,681,0.00540101714,0.00488873851,6.70101363e-05,1
0.0009765625,682,0.00540950848,0.00489658723,6.71318703e-05,1
0.0009765625,683,0.00541800773,0.00490443688,6.72537644e-05,1
0.0009765625,684,0.00542649347,0.00491227396,6.73757968e-05,1
0.0009765625,685,0.00543501507,0.00492014643,6.74979528e-05,1
0.0009765625,686,0.00544347893,0.00492795929,6.76199052e-05,1
0.0009765625,687,0.00545199029,0.00493583083,6.77422286e-05,1
0.0009765625,688,0.00546049234,0.00494367909,6.78646247e-05,1
0.0009765625,689,0.00546899391,0.00495153805,6.79870791e-05,1
0.0009765625,690,0.00547750434,0.00495940261,6.81095116e-05,1
0.0009765625,691,0.0054860278,0.00496727414,6.82321916e-05,1
0.0009765625,692,0.00549452379,0.00497512799,6.83547041e-05,1
0.0009765625,693,0.00550301978,0.00498296786,6.84772531e-05,1
0.0009765625,694,0.00551152648,0.00499083428,6.85999403e-05,1
0.0009765625,695,0.00552005088,0.00499870302,6.87230495e-05,1
0.0009765625,696,0.00552856503,0.00500657829,6.88459113e-05,1
0.0009765625,697,0.00553709595,0.00501445262,6.89689987e-05,1
0.0009765625,698,0.00554562593,0.00502234651,6.90922097e-05,1
0.0009765625,699,0.00555414846,0.00503021805,6.92154354e-05,1
0.0009765625,700,0.00556267472,0.0050380975,6.93385373e-05,1
0.0009765625,701,0.00557118282,0.00504596578,6.94615446e-05,1
0.0009765625,702,0.0055797114,0.0050538471,6.95850758e-05,1
0.0009765625,703,0.00558825023,0.00506173959,6.97083524e-05,1
0.0009765625,704,0.00559678441,0.00506962324,6.98319782e-05,1
0.0009765625,705,0.00560533488,0.00507753668,6.99557713e-05,1
0.0009765625,706,0.00561386906,0.00508541148,7.00793826e-05,1
0.0009765625,707,0.00562239205,0.00509330165,7.02030666e-05,1
0.0009765625,708,0.00563092995,0.005101196,7.03265687e-05,1
0.0009765625,709,0.00563946599,0.00510907732,7.04507838e-05,1
0.0009765625,710,0.00564802485,0.00511699729,7.05750354e-05,1
0.0009765625,711,0.00565658417,0.0051249098,7.06991195e-05,1
0.0009765625,712,0.005665123,0.00513280556,7.08230655e-05,1
0.0009765625,713,0.00567366276,0.00514070271,7.09471933e-05,1
0.0009765625,714,0.00568221323,0.00514860265,7.10711902e-05,1
0.0009765625,715,0.00569077767,0.00515652262,7.11958055e-05,1
0.0009765625,716,0.00569932815,0.00516443327,7.13202171e-05,1
0.0009765625,717,0.00570787955,0.00517233787,7.1444847e-05,1
0.0009765625,718,0.00571643375,0.00518024899,7.1569164e-05,1
0.0009765625,719,0.00572500145,0.00518817129,7.16939467e-05,1
0.0009765625,720,0.00573357381,0.0051961001,7.18188385e-05,1
0.0009765625,721,0.00574213546,0.00520402333,7.19437012e-05,1
0.0009765625,722,0.00575071201,0.00521195214,7.20685857e-05,1
0.0009765625,723,0.00575928017,0.00521987444,7.21934994e-05,1
0.0009765625,724,0.00576783717,0.00522779021,7.23185658e-05,1
0.0009765625,725,0.00577639975,0.00523571204,7.24435231e-05,1
0.0009765625,726,0.00578499446,0.005243666,7.25690479e-05,1
0.0009765625,727,0.00579357287,0.00525159854,7.26941435e-05,1
0.0009765625,728,0.00580216059,0.00525954179,7.28196173e-05,1
0.0009765625,729,0.00581072178,0.00526746083,7.29448511e-05,1
0.0009765625,730,0.00581931323,0.00527541246,7.3070456e-05,1
0.0009765625,731,0.00582789024,0.0052833464,7.31959808e-05,1
0.0009765625,732,0.0058364938,0.00529130828,7.3321673e-05,1
0.0009765625,733,0.00584507128,0.00529924314,7.34474088e-05,1
0.0009765625,734,0.00585365808,0.00530719105,7.35733192e-05,1
0.0009765625,735,0.00586225651,0.00531514827,7.36989896e-05,1
0.0009765625,736,0.00587085169,0.0053231027,7.38248709e-05,1
0.0009765625,737,0.00587945431,0.00533106178,7.39511015e-05,1
0.0009765625,738,0.00588807883,0.00533904321,7.40773903e-05,1
0.0009765625,739,0.00589666748,0.00534699392,7.42033662e-05,1
0.0009765625,740,0.005905258,0.00535494369,7.43296623e-05,1
0.0009765625,741,0.00591386342,0.00536290463,7.44560311e-05,1
0.0009765625,742,0.00592245907,0.00537086418,7.45822617e-05,1
0.0009765625,743,0.00593107333,0.0053788377,7.47088998e-05,1
0.0009765625,744,0.00593968248,0.00538680702,7.48353923e-05,1
0.0009765625,745,0.00594830606,0.00539478566,7.49619649e-05,1
0.0009765625,746,0.00595692592,0.00540276896,7.5088974e-05,1
0.0009765625,747,0.00596553879,0.00541073829,7.52157866e-05,1
0.0009765625,748,0.0059741498,0.00541870948,7.53425556e-05,1
0.0009765625,749,0.00598276779,0.00542668719,7.54693756e-05,1
0.0009765625,750,0.00599138066,0.00543466117,7.55963847e-05,1
0.0009765625,751,0.00600001123,0.00544265611,7.57234666e-05,1
0.0009765625,752,0.00600864645,0.00545064732,7.58508904e-05,1
0.0009765625,753,0.00601727143,0.00545863528,7.59782561e-05,1
0.0009765625,754,0.0060258978,0.00546662323,7.61055926e-05,1
0.0009765625,755,0.00603453489,0.00547462283,7.62330965e-05,1
0.0009765625,756,0.00604317291,0.00548261777,7.63604257e-05,1
0.0009765625,757,0.00605180301,0.00549061038,7.64881333e-05,1
0.0009765625,758,0.00606044848,0.00549861789,7.66158992e-05,1
0.0009765625,759,0.00606907671,0.00550660584,7.67434976e-05,1
0.0009765625,760,0.00607772311,0.00551461149,7.68711689e-05,1
0.0009765625,761,0.00608635042,0.00552260783,7.69991893e-05,1
0.0009765625,762,0.00609501125,0.00553062558,7.71273844e-05,1
0.0009765625,763,0.00610365579,0.00553862844,7.72552012e-05,1
0.0009765625,764,0.00611229334,0.00554663269,7.73833672e-05,1
0.0009765625,765,0.0061209416,0.00555464393,7.75115259e-05,1
0.0009765625,766,0.0061296015,0.00556266773,7.76400266e-05,1
0.0009765625,767,0.00613824464,0.00557067245,7.77680689e-05,1
0.0009765625,768,0.00614690222,0.0055786944,7.7896766e-05,1
0.0009765625,769,0.00615556724,0.00558671728,7.80250411e-05,1
0.0009765625,770,0.00616421131,0.00559472665,7.815352e-05,1
0.0009765625,771,0.00617287401,0.00560275279,7.82823554e-05,1
0.0009765625,772,0.00618154416,0.00561078591,7.84110161e-05,1
0.0009765625,773,0.00619020453,0.00561880786,7.85397497e-05,1
0.0009765625,774,0.00619887933,0.00562684843,7.86690143e-05,1
0.0009765625,775,0.00620753784,0.00563487411,7.87974204e-05,1
0.0009765625,776,0.00621622242,0.00564291421,7.89268161e-05,1
0.0009765625,777,0.00622489024,0.00565094966,7.90557388e-05,1
0.0009765625,778,0.00623357715,0.00565900235,7.91851271e-05,1
0.0009765625,779,0.0062422459,0.00566703547,7.93141662e-05,1
0.0009765625,780,0.00625094073,0.00567509327,7.94438311e-05,1
0.0009765625,781,0.00625961926,0.00568313198,7.95734231e-05,1
0.0009765625,782,0.00626828708,0.00569116324,7.97024331e-05,1
0.0009765625,783,0.00627697073,0.00569921499,7.98323745e-05,1
0.0009765625,784,0.00628565857,0.00570726767,7.99619011e-05,1
0.0009765625,785,0.00629435759,0.0057153292,8.00917769e-05,1
0.0009765625,786,0.00630303659,0.00572337676,8.02216309e-05,1
0.0009765625,787,0.00631172862,0.00573143736,8.03514267e-05,1
0.0009765625,788,0.00632041879,0.00573948864,8.04815063e-05,1
0.0009765625,789,0.00632912247,0.00574755808,8.06114112e-05,1
0.0009765625,790,0.00633782195,0.00575562241,8.07417309e-05,1
0.0009765625,791,0.00634651165,0.00576367881,8.08719706e-05,1
0.0009765625,792,0.00635521347,0.00577174965,8.10022466e-05,1
0.0009765625,793,0.00636391947,0.00577981817,8.11327045e-05,1
0.0009765625,794,0.00637262128,0.00578788528,8.12630169e-05,1
0.0009765625,795,0.00638132496,0.00579595752,8.13937731e-05,1
0.0009765625,796,0.00639004493,0.00580404419,8.15241874e-05,1
0.0009765625,797,0.00639875513,0.0058121141,8.16550819e-05,1
0.0009765625,798,0.00640747044,0.00582019798,8.17857654e-05,1
0.0009765625,799,0.00641618716,0.00582828838,8.1916507e-05,1
0.0009765625,800,0.00642489642,0.00583636342,8.20473142e-05,1
0.0009765625,801,0.0064336299,0.0058444608,8.21785288e-05,1
0.0009765625,802,0.00644234894,0.00585254561,8.2309547e-05,1
0.0009765625,803,0.00645106286,0.00586062111,8.24407325e-05,1
0.0009765625,804,0.0064597805,0.00586871197,8.25719253e-05,1
0.0009765625,805,0.00646849861,0.00587680284,8.27032491e-05,1
0.0009765625,806,0.00647724653,0.00588491606,8.28347256e-05,1
0.0009765625,807,0.00648597255,0.00589300785,8.29659257e-05,1
0.0009765625,808,0.00649469346,0.00590109639,8.3097555e-05,1
0.0009765625,809,0.00650342787,0.00590920262,8.32292717e-05,1
0.0009765625,810,0.00651217811,0.00591732236,8.33611484e-05,1
0.0009765625,811,0.00652089436,0.00592539832,8.34926323e-05,1
0.0009765625,812,0.00652965065,0.00593352783,8.36244362e-05,1
0.0009765625,813,0.00653840089,0.00594164757,8.37565749e-05,1
0.0009765625,814,0.00654714741,0.00594976079,8.38886408e-05,1
0.0009765625,815,0.00655590277,0.00595788471,8.40208304e-05,1
0.0009765625,816,0.00656461855,0.00596597418,8.4152729e-05,1
0.0009765625,817,0.00657337019,0.00597409066,8.42849695e-05,1
0.0009765625,818,0.00658211624,0.00598220993,8.44174865e-05,1
0.0009765625,819,0.00659087021,0.00599033013,8.45497925e-05,1
0.0009765625,820,0.00659964047,0.00599846896,8.46823677e-05,1
0.0009765625,821,0.00660838513,0.00600658357,8.48147902e-05,1
0.0009765625,822,0.00661714887,0.00601472054,8.49476128e-05,1
0.0009765625,823,0.00662590843,0.00602285191,8.50802244e-05,1
0.0009765625,824,0.00663469639,0.00603100425,8.52133744e-05,1
0.0009765625,825,0.0066434294,0.00603911374,8.53460806e-05,1
0.0009765625,826,0.00665220758,0.00604725862,8.54789905e-05,1
0.0009765625,827,0.00666097179,0.00605539326,8.56122278e-05,1
0.0009765625,828,0.00666972483,0.00606352091,8.57452324e-05,1
0.0009765625,829,0.00667851325,0.00607167277,8.58786734e-05,1
0.0009765625,830,0.00668728864,0.00607982464,8.60118016e-05,1
0.0009765625,831,0.00669607613,0.0060879807,8.61453809e-05,1
0.0009765625,832,0.00670485338,0.00609612931,8.62787274e-05,1
0.0009765625,833,0.00671362458,0.00610427046,8.64120884e-05,1
0.0009765625,834,0.00672237994,0.00611239951,8.6545806e-05,1
0.0009765625,835,0.00673117349,0.00612056581,8.66794508e-05,1
0.0009765625,836,0.00673997635,0.00612873444,8.6813292e-05,1
0.0009765625,837,0.0067487699,0.0061369054,8.69470314e-05,1
0.0009765625,838,0.00675753783,0.00614504796,8.70811346e-05,1
0.0009765625,839,0.00676634489,0.00615321565,8.72150413e-05,1
0.0009765625,840,0.00677515473,0.00616139825,8.73494646e-05,1
0.0009765625,841,0.00678394269,0.0061695599,8.74835532e-05,1
0.0009765625,842,0.00679272925,0.00617772015,8.76174599e-05,1
0.0009765625,843,0.00680153118,0.00618589669,8.77517232e-05,1
0.0009765625,844,0.00681034988,0.00619408581,8.78863138e-05,1
0.0009765625,845,0.00681913365,0.00620224467,8.80207663e-05,1
0.0009765625,846,0.0068279244,0.00621040585,8.81550659e-05,1
0.0009765625,847,0.00683671841,0.00621857122,8.82896929e-05,1
0.0009765625,848,0.00684554828,0.00622677244,8.84246765e-05,1
0.0009765625,849,0.00685436418,0.00623496156,8.85594636e-05,1
0.0009765625,850,0.00686317915,0.00624315022,8.86941634e-05,1
0.0009765625,851,0.00687200017,0.00625134166,8.88292343e-05,1
0.0009765625,852,0.0068808198,0.00625953916,8.89642833e-05,1
0.0009765625,853,0.00688964222,0.00626772828,8.90995143e-05,1
0.0009765625,854,0.00689844321,0.00627590716,8.92345342e-05,1
0.0009765625,855,0.00690724654,0.0062840851,8.93697288e-05,1
0.0009765625,856,0.00691609597,0.00629231241,8.95053599e-05,1
0.0009765625,857,0.00692492863,0.00630051317,8.96408674e-05,1
0.0009765625,858,0.00693375105,0.00630871067,8.97762147e-05,1
0.0009765625,859,0.00694256928,0.00631689979,8.99120278e-05,1
0.0009765625,860,0.00695141358,0.00632512383,9.00475425e-05,1
0.0009765625,861,0.00696025323,0.00633333484,9.01832609e-05,1
0.0009765625,862,0.00696910592,0.00634156028,9.03193286e-05,1
0.0009765625,863,0.00697794184,0.00634977361,9.04554254e-05,1
0.0009765625,864,0.00698676845,0.00635797624,9.05914058e-05,1
0.0009765625,865,0.00699560391,0.00636618584,9.07275753e-05,1
0.0009765625,866,0.00700444868,0.00637440383,9.08637667e-05,1
0.0009765625,867,0.00701331627,0.00638265023,9.09997398e-05,1
0.0009765625,868,0.00702216057,0.00639087427,9.11359239e-05,1
0.0009765625,869,0.00703101512,0.00639909785,9.12723772e-05,1
0.0009765625,870,0.00703986408,0.00640732422,9.14091288e-05,1
0.0009765625,871,0.0070487177,0.00641555572,9.15456694e-05,1
0.0009765625,872,0.00705757178,0.00642378069,9.16821882e-05,1
0.0009765625,873,0.00706643239,0.00643202383,9.18192382e-05,1
0.0009765625,874,0.00707528647,0.00644024927,9.19556114e-05,1
0.0009765625,875,0.00708415871,0.00644850219,9.20928578e-05,1
0.0009765625,876,0.00709303003,0.00645674579,9.22299878e-05,1
0.0009765625,877,0.00710189342,0.00646498241,9.23668485e-05,1
0.0009765625,878,0.0071107503,0.00647322554,9.25038112e-05,1
0.0009765625,879,0.0071196286,0.00648147566,9.26410867e-05,1
0.0009765625,880,0.00712853624,0.00648975745,9.27785877e-05,1
0.0009765625,881,0.00713737635,0.00649797823,9.29156668e-05,1
0.0009765625,882,0.00714624021,0.00650622183,9.30531605e-05,1
0.0009765625,883,0.00715513201,0.00651449105,9.31907052e-05,1
0.0009765625,884,0.00716401124,0.00652274629,9.33284318e-05,1
0.0009765625,885,0.00717290817,0.00653102063,9.34661657e-05,1
0.0009765625,886,0.00718178554,0.00653927261,9.36039505e-05,1
0.0009765625,887,0.00719067175,0.00654753717,9.37418663e-05,1
0.0009765625,888,0.00719955564,0.00655580219,9.38800003e-05,1
0.0009765625,889,0.00720842788,0.00656405557,9.40177124e-05,1
0.0009765625,890,0.0072173411,0.00657234527,9.41557009e-05,1
0.0009765625,891,0.00722622871,0.00658061029,9.42937986e-05,1
0.0009765625,892,0.007235114,0.00658887578,9.44323183e-05,1
0.0009765625,893,0.00724402862,0.00659716874,9.45708598e-05,1
0.0009765625,894,0.00725292927,0.00660544727,9.47091103e-05,1
0.0009765625,895,0.00726180617,0.0066137067,9.48476008e-05,1
0.0009765625,896,0.0072707315,0.00662200619,9.49862879e-05,1
0.0009765625,897,0.00727962703,0.00663028192,9.51251059e-05,1
0.0009765625,898,0.00728853699,0.00663857302,9.52636401e-05,1
0.0009765625,899,0.00729747117,0.00664688414,9.54027128e-05,1
0.0009765625,900,0.00730636436,0.00665515941,9.55415089e-05,1
0.0009765625,901,0.00731527759,0.0066634547,9.56806543e-05,1
0.0009765625,902,0.00732417591,0.00667172903,9.58196179e-05,1
0.0009765625,903,0.00733310496,0.00668004202,9.5958887e-05,1
0.0009765625,904,0.00734203029,0.00668834895,9.60980979e-05,1
0.0009765625,905,0.00735094724,0.00669664424,9.62374834e-05,1
0.0009765625,906,0.00735987769,0.00670495862,9.63771381e-05,1
0.0009765625,907,0.00736879511,0.00671324786,9.65164218e-05,1
0.0009765625,908,0.00737772044,0.00672156457,9.6655931e-05,1
0.0009765625,909,0.00738663785,0.00672985334,9.67952001e-05,1
0.0009765625,910,0.00739558041,0.0067381789,9.69354369e-05,1
0.0009765625,911,0.00740452809,0.00674650772,9.70752517e-05,1
0.0009765625,912,0.007413466,0.00675482862,9.72150228e-05,1
0.0009765625,913,0.00742238946,0.00676313229,9.73548813e-05,1
0.0009765625,914,0.00743134273,0.0067714625,9.74949944e-05,1
0.0009765625,915,0.0074402485,0.00677976618,9.76348674e-05,1
0.0009765625,916,0.0074492204,0.00678810477,9.7775679e-05,1
0.0009765625,917,0.00745816063,0.00679643545,9.79157703e-05,1
0.0009765625,918,0.00746712601,0.00680477964,9.80561963e-05,1
0.0009765625,919,0.00747605134,0.00681309495,9.81966805e-05,1
0.0009765625,920,0.00748499669,0.0068214098,9.83372011e-05,1
0.0009765625,921,0.00749395043,0.00682975678,9.84777434e-05,1
0.0009765625,922,0.00750292465,0.00683811028,9.86183804e-05,1
0.0009765625,923,0.00751187,0.00684644002,9.87595122e-05,1
0.0009765625,924,0.00752084516,0.00685478747,9.89004329e-05,1
0.0009765625,925,0.00752976118,0.00686310185,9.90410117e-05,1
0.0009765625,926,0.00753877312,0.00687149027,9.9182449e-05,1
0.0009765625,927,0.00754771521,0.00687982049,9.93232607e-05,1
0.0009765625,928,0.00755667221,0.00688815443,9.94646689e-05,1
0.0009765625,929,0.00756562827,0.00689650653,9.9605968e-05,1
0.0009765625,930,0.00757462252,0.00690487493,9.97474272e-05,1
0.0009765625,931,0.00758357439,0.00691322144,9.98886171e-05,1
0.0009765625,932,0.00759256491,0.00692158937,0.000100030535,1
0.0009765625,933,0.00760154566,0.00692994101,0.00010017211,1
0.0009765625,934,0.00761050964,0.00693829637,0.000100313897,1
0.0009765625,935,0.0076195132,0.00694668991,0.000100455654,1
0.0009765625,936,0.00762846833,0.00695502525,0.000100597477,1
0.0009765625,937,0.00763747795,0.00696342206,0.000100739606,1
0.0009765625,938,0.00764645869,0.00697178207,0.000100881698,1
0.0009765625,939,0.00765543943,0.00698014768,0.000101023506,1
0.0009765625,940,0.00766442809,0.00698852865,0.000101166203,1
0.0009765625,941,0.00767340837,0.00699690543,0.000101308244,1
0.0009765625,942,0.00768241659,0.00700529292,0.000101450511,1
0.0009765625,943,0.00769140292,0.0070136711,0.000101592865,1
0.0009765625,944,0.00770039717,0.00702204555,0.000101735393,1
0.0009765625,945,0.00770937651,0.0070304051,0.000101877828,1
0.0009765625,946,0.00771841779,0.00703882985,0.000102020771,1
0.0009765625,947,0.00772741716,0.00704721967,0.000102163576,1
0.0009765625,948,0.00773639884,0.00705558714,0.000102306345,1
0.0009765625,949,0.00774542522,0.0070640035,0.000102449543,1
0.0009765625,950,0.00775444694,0.00707240868,0.000102592632,1
0.0009765625,951,0.00776344771,0.00708080595,0.000102735765,1
0.0009765625,952,0.00777243357,0.00708917994,0.000102878614,1
0.0009765625,953,0.00778147113,0.00709759304,0.000103021812,1
0.0009765625,954,0.00779048819,0.00710600289,0.000103165148,1
0.0009765625,955,0.00779950153,0.007114409,0.000103308856,1
0.0009765625,956,0.00780853536,0.00712281745,0.000103452541,1
0.0009765625,957,0.00781754591,0.00713121612,0.000103595892,1
0.0009765625,958,0.0078265937,0.00713965343,0.000103739658,1
0.0009765625,959,0.00783559494,0.00714804884,0.000103883613,1
0.0009765625,960,0.00784463808,0.00715648057,0.000104027626,1
0.0009765625,961,0.0078536747,0.00716489973,0.0001041715,1
0.0009765625,962,0.00786268059,0.007173297,0.000104315062,1
0.0009765625,963,0.0078717405,0.0071817413,0.000104459548,1
0.0009765625,964,0.00788076501,0.00719016232,0.000104603598,1
0.0009765625,965,0.00788981095,0.0071985987,0.000104748127,1
0.0009765625,966,0.00789886434,0.00720702671,0.000104892679,1
0.0009765625,967,0.00790788326,0.007215444,0.000105036655,1
0.0009765625,968,0.00791693665,0.00722389156,0.000105181549,1
0.0009765625,969,0.00792598352,0.00723232701,0.000105326129,1
0.0009765625,970,0.00793502759,0.00724075362,0.000105470586,1
0.0009765625,971,0.00794409681,0.00724921655,0.000105615538,1
0.0009765625,972,0.00795314182,0.00725765014,0.000105760213,1
0.0009765625,973,0.00796218589,0.00726609118,0.00010590515,1
0.0009765625,974,0.00797123183,0.0072745271,0.000106050124,1
0.0009765625,975,0.00798032526,0.00728300074,0.000106195526,1
0.0009765625,976,0.0079893861,0.00729144691,0.000106340834,1
0.0009765625,977,0.00799842924,0.00729989726,0.00010648583,1
0.0009765625,978,0.00800750591,0.007308356,0.000106631538,1
0.0009765625,979,0.00801657513,0.0073168152,0.000106776904,1
0.0009765625,980,0.00802563969,0.00732527766,0.000106922271,1
0.0009765625,981,0.00803469587,0.00733371638,0.000107068161,1
0.0009765625,982,0.00804376975,0.00734218629,0.000107213673,1
0.0009765625,983,0.00805286039,0.00735067111,0.000107359418,1
0.0009765625,984,0.00806192122,0.00735912379,0.00010750557,1
0.0009765625,985,0.00807100441,0.00736758998,0.000107651467,1
0.0009765625,986,0.0080800876,0.00737606641,0.000107797663,1
0.0009765625,987,0.00808917359,0.00738455262,0.000107943961,1
0.0009765625,988,0.00809825398,0.00739302067,0.000108089822,1
0.0009765625,989,0.00810733158,0.00740148919,0.000108236243,1
0.0009765625,990,0.00811642036,0.00740996934,0.000108382665,1
0.0009765625,991,0.00812552311,0.00741846627,0.000108529326,1
0.0009765625,992,0.00813461002,0.00742695248,0.000108675871,1
0.0009765625,993,0.00814369787,0.00743542984,0.000108822547,1
0.0009765625,994,0.00815280061,0.00744391978,0.000108968947,1
0.0009765625,995,0.0081619015,0.00745242042,0.000109115921,1
0.0009765625,996,0.00817098841,0.00746089919,0.000109262539,1
0.0009765625,997,0.00818009302,0.0074694003,0.000109409935,1
0.0009765625,998,0.00818919577,0.00747789675,0.000109556691,1
0.0009765625,999,0.00819828454,0.00748638203,0.000109703433,1
0.0009765625,1000,0.00820740964,0.00749489758,0.000109851346,1
0.0009765625,1001,0.00821655151,0.00750342477,0.000109998844,1
0.0009765625,1002,0.00822565239,0.00751192076,0.000110146008,1
0.0009765625,1003,0.00823474769,0.00752042839,0.000110293615,1
0.0009765625,1004,0.00824386999,0.00752894022,0.000110441099,1
0.0009765625,1005,0.00825299323,0.00753743993,0.000110588808,1
0.0009765625,1006,0.0082620997,0.00754594756,0.000110736466,1
0.0009765625,1007,0.00827123038,0.00755447894,0.00011088435,1
0.0009765625,1008,0.00828034338,0.00756299123,0.000111032234,1
0.0009765625,1009,0.00828946568,0.00757150678,0.000111179943,1
0.0009765625,1010,0.00829862524,0.00758005865,0.000111328292,1
0.0009765625,1011,0.00830774382,0.00758856768,0.00011147622,1
0.0009765625,1012,0.00831686705,0.00759709114,0.000111624708,1
0.0009765625,1013,0.00832601171,0.00760562718,0.000111773203,1
0.0009765625,1014,0.00833512191,0.00761413667,0.000111921232,1
0.0009765625,1015,0.00834426098,0.00762268296,0.00011206988,1
0.0009765625,1016,0.00835341867,0.00763122598,0.000112218586,1
0.0009765625,1017,0.0083625596,0.00763976667,0.000112367044,1
0.0009765625,1018,0.00837169494,0.00764829898,0.000112515751,1
0.0009765625,1019,0.00838084891,0.0076568462,0.000112664769,1
0.0009765625,1020,0.00838998612,0.00766539201,0.000112813977,1
0.0009765625,1021,0.00839913171,0.00767392805,0.000112962676,1
0.0009765625,1022,0.00840830896,0.00768249435,0.000113111848,1
0.0009765625,1023,0.00841745082,0.00769103784,0.000113261296,1
0.00048828125,0,4.53992943e-05,0,0,1
0.00048828125,1,5.26580443e-05,6.54045925e-06,7.70016086e-08,1
0.00048828125,2,5.99188024e-05,1.30827539e-05,1.54059848e-07,1
0.00048828125,3,6.71807575e-05,1.96262281e-05,2.31178319e-07,1
0.00048828125,4,7.44452773e-05,2.61727218e-05,3.08349229e-07,1
0.00048828125,5,8.17107066e-05,3.27198759e-05,3.85579455e-07,1
0.00048828125,6,8.89777803e-05,3.92686488e-05,4.62872038e-07,1
0.00048828125,7,9.62484701e-05,4.58216746e-05,5.40219844e-07,1
0.00048828125,8,0.000103519102,5.23743875e-05,6.17616479e-07,1
0.00048828125,9,0.000110791283,5.89289084e-05,6.95080416e-07,1
0.00048828125,10,0.000118065356,6.54848336e-05,7.72597275e-07,1
0.00048828125,11,0.000125340695,7.20427415e-05,8.50175468e-07,1
0.00048828125,12,0.000132618559,7.86026212e-05,9.27813687e-07,1
0.00048828125,13,0.000139899741,8.51666337e-05,1.00549585e-06,1
0.00048828125,14,0.000147181927,9.1731672e-05,1.08324753e-06,1
0.00048828125,15,0.000154465059,9.82977363e-05,1.16106366e-06,1
0.00048828125,16,0.000161749296,0.000104864754,1.23891527e-06,1
0.00048828125,17,0.000169036037,0.000111434114,1.31684374e-06,1
0.00048828125,18,0.000176323127,0.000118004304,1.39482722e-06,1
0.00048828125,19,0.000183612894,0.000124576589,1.47285994e-06,1
0.00048828125,20,0.000190904742,0.000131151479,1.55094676e-06,1
0.00048828125,21,0.000198196954,0.000137726995,1.62910578e-06,1
0.00048828125,22,0.000205491713,0.000144304911,1.7073213e-06,1
0.00048828125,23,0.000212787971,0.000150884342,1.78557525e-06,1
0.00048828125,24,0.000220087022,0.000157466537,1.86392526e-06,1
0.00048828125,25,0.000227387776,0.000164051147,1.94230142e-06,1
0.00048828125,26,0.000234692736,0.00017063941,2.02072715e-06,1
0.00048828125,27,0.000241997928,0.000177228896,2.09924724e-06,1
0.00048828125,28,0.000249303499,0.000183819051,2.1778078e-06,1
0.00048828125,29,0.000256610365,0.000190410297,2.2564077e-06,1
0.00048828125,30,0.000263919908,0.000197003508,2.33510241e-06,1
0.00048828125,31,0.000271229859,0.000203597214,2.41382031e-06,1
0.00048828125,32,0.000278541702,0.000210193713,2.49260665e-06,1
0.00048828125,33,0.000285855669,0.000216791232,2.57147349e-06,1
0.00048828125,34,0.000293170888,0.000223390816,2.65037215e-06,1
0.00048828125,35,0.00030048762,0.00022999174,2.72934312e-06,1
0.00048828125,36,0.000307807641,0.000236596621,2.80835729e-06,1
0.00048828125,37,0.000315127807,0.000243201037,2.88743581e-06,1
0.00048828125,38,0.000322450331,0.000249808101,2.96657436e-06,1
0.00048828125,39,0.000329775183,0.000256417406,3.04575815e-06,1
0.00048828125,40,0.000337100035,0.000263027207,3.12500379e-06,1
0.00048828125,41,0.000344428641,0.000269640441,3.20433469e-06,1
0.00048828125,42,0.00035175815,0.000276254461,3.28372175e-06,1
0.00048828125,43,0.0003590899,0.000282871217,3.36315361e-06,1
0.00048828125,44,0.000366422377,0.000289488788,3.44263435e-06,1
0.00048828125,45,0.000373756222,0.000296107988,3.52218944e-06,1
0.00048828125,46,0.000381092628,0.000302729895,3.60176114e-06,1
0.00048828125,47,0.000388430926,0.00030935352,3.68148039e-06,1
0.00048828125,48,0.000395770505,0.000315978541,3.76119169e-06,1
0.00048828125,49,0.000403110142,0.000322603737,3.84099212e-06,1
0.00048828125,50,0.000410454493,0.000329233822,3.92079983e-06,1
0.00048828125,51,0.000417805713,0.000335870631,4.00067665e-06,1
0.00048828125,52,0.000425156933,0.000342507818,4.08064852e-06,1
0.00048828125,53,0.000432506524,0.00034914416,4.16068042e-06,1
0.00048828125,54,0.000439859024,0.000355783006,4.24074369e-06,1
0.00048828125,55,0.000447212718,0.000362422434,4.32087745e-06,1
0.00048828125,56,0.000454565044,0.000369062764,4.40104895e-06,1
0.00048828125,57,0.000461922318,0.00037570647,4.48132596e-06,1
0.00048828125,58,0.000469277846,0.000382349273,4.5616116e-06,1
0.00048828125,59,0.000476637681,0.000388994842,4.64196e-06,1
0.00048828125,60,0.000483998272,0.000395642477,4.72242755e-06,1
0.00048828125,61,0.000491359096,0.000402290927,4.80291737e-06,1
0.00048828125,62,0.000498725101,0.000408942171,4.88347177e-06,1
0.00048828125,63,0.00050609163,0.000415595772,4.96405573e-06,1
0.00048828125,64,0.000513457344,0.000422248675,5.0447029e-06,1
0.00048828125,65,0.000520827889,0.000428905652,5.12540282e-06,1
0.00048828125,66,0.000528199249,0.000435563765,5.20618096e-06,1
0.00048828125,67,0.000535574567,0.00044222665,5.28704868e-06,1
0.00048828125,68,0.000542946393,0.00044888421,5.36790822e-06,1
0.00048828125,69,0.000550322409,0.000455549074,5.44890509e-06,1
0.00048828125,70,0.000557701627,0.000462215336,5.52991878e-06,1
0.00048828125,71,0.000565080787,0.000468882412,5.61100342e-06,1
0.00048828125,72,0.000572463614,0.000475552399,5.69214126e-06,1
0.00048828125,73,0.000579845218,0.000482222647,5.77332139e-06,1
0.00048828125,74,0.00058722985,0.000488893013,5.85457065e-06,1
0.00048828125,75,0.000594616577,0.000495568675,5.93584309e-06,1
0.00048828125,76,0.000602004468,0.000502243114,6.01722149e-06,1
0.00048828125,77,0.000609395909,0.000508923433,6.09865265e-06,1
0.00048828125,78,0.000616788573,0.000515603984,6.18014474e-06,1
0.00048828125,79,0.00062418147,0.000522284536,6.26166093e-06,1
0.00048828125,80,0.000631577743,0.000528969103,6.34327353e-06,1
0.00048828125,81,0.000638972677,0.000535653031,6.42492796e-06,1
0.00048828125,82,0.000646374305,0.00054234243,6.50670199e-06,1
0.00048828125,83,0.00065377471,0.000549031131,6.58845829e-06,1
0.00048828125,84,0.000661176804,0.000555722043,6.67033328e-06,1
0.00048828125,85,0.000668581517,0.000562415808,6.75225601e-06,1
0.00048828125,86,0.000675985822,0.000569108292,6.83417647e-06,1
0.00048828125,87,0.000683392806,0.000575804908,6.91622654e-06,1
0.00048828125,88,0.000690802874,0.000582503679,6.99830071e-06,1
0.00048828125,89,0.00069821201,0.000589202042,7.08040852e-06,1
0.00048828125,90,0.00070562528,0.000595904537,7.16261184e-06,1
0.00048828125,91,0.000713042798,0.0006026107,7.24487336e-06,1
0.00048828125,92,0.000720457814,0.000609315466,7.32715307e-06,1
0.00048828125,93,0.000727877778,0.000616024423,7.40953237e-06,1
0.00048828125,94,0.000735294889,0.000622730877,7.49199489e-06,1
0.00048828125,95,0.000742718403,0.000629444257,7.57449425e-06,1
0.00048828125,96,0.000750142557,0.000636157522,7.65707864e-06,1
0.00048828125,97,0.000757565431,0.00064287032,7.73968077e-06,1
0.00048828125,98,0.000764989993,0.000649585563,7.82238749e-06,1
0.00048828125,99,0.000772421015,0.000656305638,7.90511331e-06,1
0.00048828125,100,0.000779848779,0.000663024315,7.98790643e-06,1
0.00048828125,101,0.000787282479,0.000669748348,8.07073047e-06,1
0.00048828125,102,0.000794723805,0.000676479191,8.15365456e-06,1
0.00048828125,103,0.000802164781,0.000683211139,8.23663049e-06,1
0.00048828125,104,0.000809607212,0.000689943437,8.31966372e-06,1
0.00048828125,105,0.000817048247,0.000696674979,8.4027397e-06,1
0.00048828125,106,0.000824490038,0.000703409198,8.48584477e-06,1
0.00048828125,107,0.000831936719,0.000710145629,8.56914085e-06,1
0.00048828125,108,0.000839382876,0.000716883456,8.65243419e-06,1
0.00048828125,109,0.000846831652,0.000723623263,8.73572935e-06,1
0.00048828125,110,0.000854279264,0.000730363128,8.81914093e-06,1
0.00048828125,111,0.000861729612,0.000737104972,8.90259071e-06,1
0.00048828125,112,0.000869181007,0.000743847457,8.98610506e-06,1
0.00048828125,113,0.000876637292,0.000750596519,9.06969217e-06,1
0.00048828125,114,0.000884091191,0.000757341448,9.15330202e-06,1
0.00048828125,115,0.00089154602,0.000764089287,9.2369919e-06,1
0.00048828125,116,0.000899004401,0.000770840095,9.32073544e-06,1
0.00048828125,117,0.000906467263,0.000777595211,9.40452901e-06,1
0.00048828125,118,0.0009139264,0.000784346601,9.48838715e-06,1
0.00048828125,119,0.00092139421,0.000791105675,9.57230895e-06,1
0.00048828125,120,0.000928854861,0.000797859102,9.6563499e-06,1
0.00048828125,121,0.000936327153,0.00080462161,9.74044451e-06,1
0.00048828125,122,0.000943794555,0.000811381789,9.82453548e-06,1
0.00048828125,123,0.000951265858,0.000818145461,9.90872195e-06,1
0.00048828125,124,0.000958735356,0.000824907678,9.99295662e-06,1
0.00048828125,125,0.000966212363,0.00083167624,1.00772304e-05,1
0.00048828125,126,0.0009736871,0.000838442123,1.01615578e-05,1
0.00048828125,127,0.000981167424,0.000845215167,1.02460072e-05,1
0.00048828125,128,0.000988647924,0.000851987395,1.03304537e-05,1
0.00048828125,129,0.000996126211,0.000858758343,1.04149576e-05,1
0.00048828125,130,0.0010036102,0.000865535694,1.04995524e-05,1
0.00048828125,131,0.00101109338,0.000872312463,1.05842537e-05,1
0.00048828125,132,0.00101858436,0.000879094936,1.0668944e-05,1
0.00048828125,133,0.00102607009,0.000885874499,1.07537053e-05,1
0.00048828125,134,0.00103355956,0.000892657321,1.08385566e-05,1
0.00048828125,135,0.00104105088,0.000899440842,1.0923427e-05,1
0.00048828125,136,0.00104854535,0.000906230882,1.10083784e-05,1
0.00048828125,137,0.00105603016,0.000913008058,1.10934288e-05,1
0.00048828125,138,0.00106353511,0.000919806538,1.1178513e-05,1
0.00048828125,139,0.00107103819,0.000926602108,1.12636935e-05,1
0.00048828125,140,0.00107853452,0.000933394826,1.1348905e-05,1
0.00048828125,141,0.00108603411,0.000940186204,1.1434211e-05,1
0.00048828125,142,0.00109354698,0.000946991961,1.15195035e-05,1
0.00048828125,143,0.00110104901,0.000953788403,1.16048805e-05,1
0.00048828125,144,0.00110855466,0.000960588455,1.16903293e-05,1
0.00048828125,145,0.00111606449,0.000967392116,1.17758382e-05,1
0.00048828125,146,0.00112357398,0.00097419665,1.18614198e-05,1
0.00048828125,147,0.00113108917,0.000981007935,1.19469914e-05,1
0.00048828125,148,0.00113860145,0.000987810781,1.20327022e-05,1
0.00048828125,149,0.00114611746,0.000994623057,1.21184521e-05,1
0.00048828125,150,0.00115363812,0.00100144011,1.22042857e-05,1
0.00048828125,151,0.00116115599,0.00100825389,1.22900992e-05,1
0.00048828125,152,0.00116868212,0.00101507315,1.2376041e-05,1
0.00048828125,153,0.00117620605,0.00102189346,1.24619883e-05,1
0.00048828125,154,0.00118372659,0.00102870644,1.25480628e-05,1
0.00048828125,155,0.00119125529,0.00103552418,1.26341738e-05,1
0.00048828125,156,0.00119878876,0.00104235986,1.27203457e-05,1
0.00048828125,157,0.00120631792,0.00104918121,1.28066167e-05,1
0.00048828125,158,0.0012138451,0.00105600641,1.2892885e-05,1
0.00048828125,159,0.00122137973,0.0010628358,1.2979237e-05,1
0.00048828125,160,0.00122892018,0.00106967078,1.3065659e-05,1
0.00048828125,161,0.001236449,0.00107649656,1.31520328e-05,1
0.00048828125,162,0.00124399364,0.00108333572,1.32385621e-05,1
0.00048828125,163,0.00125153107,0.0010901707,1.33251515e-05,1
0.00048828125,164,0.00125907944,0.00109701336,1.34118491e-05,1
0.00048828125,165,0.00126661651,0.00110384834,1.34986685e-05,1
0.00048828125,166,0.00127416756,0.00111069472,1.35854561e-05,1
0.00048828125,167,0.00128172198,0.00111754343,1.36723347e-05,1
0.00048828125,168,0.00128926756,0.00112438586,1.37592615e-05,1
0.00048828125,169,0.00129681849,0.00113123341,1.38462474e-05,1
0.00048828125,170,0.0013043714,0.00113808154,1.39332951e-05,1
0.00048828125,171,0.00131192664,0.00114493573,1.40203683e-05,1
0.00048828125,172,0.00131948269,0.00115178747,1.41075197e-05,1
0.00048828125,173,0.00132704212,0.00115864165,1.4194703e-05,1
0.00048828125,174,0.00133460516,0.00116550107,1.42820927e-05,1
0.00048828125,175,0.00134216691,0.0011723612,1.43693551e-05,1
0.00048828125,176,0.00134972774,0.00117921969,1.44567593e-05,1
0.00048828125,177,0.00135729287,0.00118608167,1.45442191e-05,1
0.00048828125,178,0.00136486103,0.00119294715,1.46316779e-05,1
0.00048828125,179,0.00137243525,0.00119981787,1.47193268e-05,1
0.00048828125,180,0.00138000783,0.00120668858,1.48069657e-05,1
0.00048828125,181,0.0013875782,0.00121355685,1.4894681e-05,1
0.00048828125,182,0.00139514741,0.00122042291,1.49824236e-05,1
0.00048828125,183,0.00140272675,0.00122729957,1.50702435e-05,1
0.00048828125,184,0.00141030073,0.00123417296,1.51580971e-05,1
0.00048828125,185,0.00141788274,0.00124105194,1.5246048e-05,1
0.00048828125,186,0.00142546464,0.00124793313,1.5334057e-05,1
0.00048828125,187,0.00143304991,0.00125481421,1.54221198e-05,1
0.00048828125,188,0.00144063763,0.00126170088,1.5510268e-05,1
0.00048828125,189,0.00144822127,0.00126858288,1.55984289e-05,1
0.00048828125,190,0.00145580911,0.00127547048,1.56866608e-05,1
0.00048828125,191,0.00146340136,0.00128235912,1.57750546e-05,1
0.00048828125,192,0.00147098757,0.00128924462,1.58634793e-05,1
0.00048828125,193,0.00147858029,0.00129613548,1.59519186e-05,1
0.00048828125,194,0.00148617558,0.00130303006,1.60404907e-05,1
0.00048828125,195,0.00149377913,0.00130993151,1.61290482e-05,1
0.00048828125,196,0.00150137499,0.00131682784,1.62177475e-05,1
0.00048828125,197,0.00150897563,0.00132372684,1.63063505e-05,1
0.00048828125,198,0.00151657499,0.0013306255,1.63951518e-05,1
0.00048828125,199,0.00152418204,0.00133753137,1.64839985e-05,1
0.00048828125,200,0.00153179176,0.00134444016,1.65729143e-05,1
0.00048828125,201,0.00153940509,0.00135135278,1.66618956e-05,1
0.00048828125,202,0.00154701038,0.00135825772,1.67508733e-05,1
0.00048828125,203,0.00155462418,0.00136516988,1.68399929e-05,1
0.00048828125,204,0.00156223681,0.00137208414,1.69290106e-05,1
0.00048828125,205,0.00156985736,0.00137900293,1.7018232e-05,1
0.00048828125,206,0.00157746975,0.00138591649,1.71074644e-05,1
0.00048828125,207,0.00158509205,0.00139283726,1.71967804e-05,1
0.00048828125,208,0.00159271248,0.00139975874,1.72861419e-05,1
0.00048828125,209,0.00160033687,0.0014066837,1.73755798e-05,1
0.00048828125,210,0.00160797755,0.00141362334,1.74651486e-05,1
0.00048828125,211,0.00161560485,0.00142055179,1.75546847e-05,1
0.00048828125,212,0.00162324391,0.00142748991,1.764437e-05,1
0.00048828125,213,0.00163087214,0.00143442047,1.7733968e-05,1
0.00048828125,214,0.00163850514,0.00144135463,1.78237879e-05,1
0.00048828125,215,0.00164614641,0.00144829694,1.79136096e-05,1
0.00048828125,216,0.00165378291,0.00145523297,1.80034694e-05,1
0.00048828125,217,0.00166142255,0.00146217505,1.80933785e-05,1
0.00048828125,218,0.0016690616,0.00146911584,1.81834239e-05,1
0.00048828125,219,0.00167670066,0.00147605676,1.82735384e-05,1
0.00048828125,220,0.00168434891,0.00148300687,1.83637057e-05,1
0.00048828125,221,0.00169198762,0.0014899458,1.84538967e-05,1
0.00048828125,222,0.00169964088,0.00149690104,1.85441677e-05,1
0.00048828125,223,0.00170728506,0.00150384859,1.8634506e-05,1
0.00048828125,224,0.00171493459,0.00151079916,1.87247933e-05,1
0.00048828125,225,0.00172258774,0.0015177537,1.88153808e-05,1
0.00048828125,226,0.00173024507,0.00152471475,1.89057646e-05,1
0.00048828125,227,0.00173789798,0.00153166777,1.8996383e-05,1
0.00048828125,228,0.00174555567,0.00153863069,1.90870014e-05,1
0.00048828125,229,0.00175321708,0.00154559407,1.91777435e-05,1
0.00048828125,230,0.00176087138,0.00155255292,1.9268391e-05,1
0.00048828125,231,0.00176853384,0.0015595177,1.93593351e-05,1
0.00048828125,232,0.00177620084,0.0015664876,1.94502172e-05,1
0.00048828125,233,0.00178386702,0.00157345459,1.95410666e-05,1
0.00048828125,234,0.00179153203,0.00158042391,1.96320871e-05,1
0.00048828125,235,0.00179920637,0.00158740138,1.97231893e-05,1
0.00048828125,236,0.00180687092,0.00159437011,1.98142843e-05,1
0.00048828125,237,0.00181454362,0.00160134956,1.99055012e-05,1
0.00048828125,238,0.001822224,0.00160833006,1.99968345e-05,1
0.00048828125,239,0.00182989694,0.00161530671,2.00881768e-05,1
0.00048828125,240,0.00183757429,0.00162228814,2.01794428e-05,1
0.00048828125,241,0.00184525317,0.00162926968,2.02709653e-05,1
0.00048828125,242,0.00185293227,0.00163625367,2.03624513e-05,1
0.00048828125,243,0.00186061638,0.00164324278,2.04540393e-05,1
0.00048828125,244,0.0018683027,0.00165023096,2.05457854e-05,1
0.00048828125,245,0.00187598891,0.00165722053,2.0637448e-05,1
0.00048828125,246,0.00188367243,0.00166420965,2.07292069e-05,1
0.00048828125,247,0.00189137401,0.00167121366,2.08210895e-05,1
0.00048828125,248,0.00189905858,0.0016782016,2.09130649e-05,1
0.00048828125,249,0.00190675119,0.00168520049,2.10049438e-05,1
0.00048828125,250,0.00191444962,0.00169220008,2.10969611e-05,1
0.00048828125,251,0.00192214875,0.00169920386,2.11890929e-05,1
0.00048828125,252,0.00192984578,0.00170620566,2.12812829e-05,1
0.00048828125,253,0.00193754642,0.00171321025,2.13733747e-05,1
0.00048828125,254,0.00194525206,0.00172022032,2.14656266e-05,1
0.00048828125,255,0.00195294945,0.00172722561,2.15580094e-05,1
0.00048828125,256,0.00196065404,0.00173423463,2.16504359e-05,1
0.00048828125,257,0.00196836633,0.00174125144,2.17428678e-05,1
0.00048828125,258,0.00197607838,0.00174826663,2.18354544e-05,1
0.00048828125,259,0.00198378367,0.00175527809,2.19280046e-05,1
0.00048828125,260,0.00199150015,0.00176229957,2.20206366e-05,1
0.00048828125,261,0.00199921569,0.00176931801,2.21134196e-05,1
0.00048828125,262,0.00200693379,0.00177634158,2.22062317e-05,1
0.00048828125,263,0.0020146484,0.00178336166,2.22989656e-05,1
0.00048828125,264,0.00202237442,0.00179039477,2.23918341e-05,1
0.00048828125,265,0.00203009835,0.001797423,2.248493e-05,1
0.00048828125,266,0.00203782064,0.00180445157,2.25778531e-05,1
0.00048828125,267,0.00204554759,0.00181148306,2.26709581e-05,1
0.00048828125,268,0.00205327477,0.00181851815,2.27642231e-05,1
0.00048828125,269,0.00206100754,0.0018255529,2.28574008e-05,1
0.00048828125,270,0.00206873845,0.00183259393,2.2950624e-05,1
0.00048828125,271,0.0020764675,0.00183962937,2.30439673e-05,1
0.00048828125,272,0.00208420213,0.00184667064,2.3137376e-05,1
0.00048828125,273,0.00209193747,0.00185371097,2.32309121e-05,1
0.00048828125,274,0.00209968165,0.00186076132,2.33244773e-05,1
0.00048828125,275,0.00210741768,0.00186780398,2.3418097e-05,1
0.00048828125,276,0.00211516162,0.00187485537,2.35116731e-05,1
0.00048828125,277,0.00212290557,0.00188190432,2.36054639e-05,1
0.00048828125,278,0.00213065092,0.00188895804,2.36992746e-05,1
0.00048828125,279,0.00213839323,0.00189600792,2.37931235e-05,1
0.00048828125,280,0.00214613928,0.00190305954,2.38870489e-05,1
0.00048828125,281,0.00215389649,0.00191012665,2.3980996e-05,1
0.00048828125,282,0.00216165488,0.00191718992,2.40751979e-05,1
0.00048828125,283,0.00216940022,0.00192424352,2.41691087e-05,1
0.00048828125,284,0.00217716536,0.0019313154,2.42634069e-05,1
0.00048828125,285,0.0021849433,0.00193840102,2.43577306e-05,1
0.00048828125,286,0.00219268212,0.00194544857,2.44521707e-05,1
0.00048828125,287,0.00220044446,0.00195251638,2.4546629e-05,1
0.00048828125,288,0.00220821076,0.00195959304,2.46411473e-05,1
0.00048828125,289,0.00221596099,0.00196664617,2.47356656e-05,1
0.00048828125,290,0.00222373614,0.00197373307,2.48301621e-05,1
0.00048828125,291,0.00223150942,0.00198081601,2.49248442e-05,1
0.00048828125,292,0.0022392727,0.00198788359,2.50196772e-05,1
0.00048828125,293,0.00224706437,0.00199498539,2.51144229e-05,1
0.00048828125,294,0.00225482089,0.00200204691,2.52092486e-05,1
0.00048828125,295,0.00226261304,0.0020091522,2.53041344e-05,1
0.00048828125,296,0.00227037724,0.00201622513,2.5399022e-05,1
0.00048828125,297,0.00227815309,0.00202330854,2.54940005e-05,1
0.00048828125,298,0.00228594802,0.00203041569,2.55892901e-05,1
0.00048828125,299,0.00229372014,0.00203749351,2.56843396e-05,1
0.00048828125,300,0.00230150833,0.00204458949,2.57796e-05,1
0.00048828125,301,0.00230929442,0.00205168664,2.58748041e-05,1
0.00048828125,302,0.00231709005,0.00205879472,2.59702229e-05,1
0.00048828125,303,0.00232487591,0.00206588907,2.60656852e-05,1
0.00048828125,304,0.00233265548,0.00207297038,2.61611749e-05,1
0.00048828125,305,0.00234046695,0.00208009407,2.625669e-05,1
0.00048828125,306,0.0023482542,0.00208719191,2.63523089e-05,1
0.00048828125,307,0.00235605077,0.00209430209,2.64479386e-05,1
0.00048828125,308,0.00236386876,0.00210142694,2.65436793e-05,1
0.00048828125,309,0.00237165438,0.00210852548,2.66393999e-05,1
0.00048828125,310,0.00237946026,0.00211564242,2.67353498e-05,1
0.00048828125,311,0.00238727289,0.00212276191,2.68312178e-05,1
0.00048828125,312,0.00239507668,0.00212987443,2.69271477e-05,1
0.00048828125,313,0.0024028786,0.00213698996,2.70233704e-05,1
0.00048828125,314,0.0024106917,0.00214410946,2.71194385e-05,1
0.00048828125,315,0.00241850642,0.00215123175,2.72156194e-05,1
0.00048828125,316,0.00242630951,0.00215834449,2.7311884e-05,1
0.00048828125,317,0.00243413262,0.00216548634,2.74082777e-05,1
0.00048828125,318,0.00244195154,0.00217262073,2.75045404e-05,1
0.00048828125,319,0.00244976766,0.00217974442,2.76009541e-05,1
0.00048828125,320,0.00245758588,0.00218686741,2.76974624e-05,1
0.00048828125,321,0.00246541062,0.00219400111,2.77941381e-05,1
0.00048828125,322,0.00247324375,0.00220115669,2.78907701e-05,1
0.00048828125,323,0.00248107105,0.00220829039,2.7987493e-05,1
0.00048828125,324,0.00248888996,0.00221541501,2.80843378e-05,1
0.00048828125,325,0.00249672006,0.00222256454,2.81810444e-05,1
0.00048828125,326,0.0025045583,0.00222971221,2.82779965e-05,1
0.00048828125,327,0.00251239352,0.00223685591,2.83749032e-05,1
0.00048828125,328,0.00252022361,0.00224400172,2.84720372e-05,1
0.00048828125,329,0.00252805161,0.00225114496,2.8568953e-05,1
0.00048828125,330,0.0025359001,0.00225830032,2.86662689e-05,1
0.00048828125,331,0.00254374812,0.00226546265,2.87635794e-05,1
0.00048828125,332,0.00255159079,0.00227261684,2.88608207e-05,1
0.00048828125,333,0.0025594288,0.0022797673,2.89580494e-05,1
0.00048828125,334,0.00256727589,0.00228692614,2.90555145e-05,1
0.00048828125,335,0.00257511553,0.0022940801,2.91529886e-05,1
0.00048828125,336,0.00258298358,0.0023012571,2.92506484e-05,1
0.00048828125,337,0.00259082438,0.00230841502,2.9348208e-05,1
0.00048828125,338,0.00259868032,0.00231558108,2.94458987e-05,1
0.00048828125,339,0.00260653347,0.00232274807,2.95435857e-05,1
0.00048828125,340,0.00261439173,0.00232991972,2.96416747e-05,1
0.00048828125,341,0.0026222493,0.00233709021,2.97394818e-05,1
0.00048828125,342,0.00263011781,0.00234427187,2.98375744e-05,1
0.00048828125,343,0.00263797422,0.00235144305,2.9935627e-05,1
0.00048828125,344,0.0026458432,0.00235862564,3.00336833e-05,1
0.00048828125,345,0.00265369797,0.00236579427,3.01317887e-05,1
0.00048828125,346,0.00266158208,0.00237299036,3.02300832e-05,1
0.00048828125,347,0.00266944454,0.0023801676,3.03282959e-05,1
0.00048828125,348,0.00267731887,0.00238735531,3.04268633e-05,1
0.00048828125,349,0.00268518622,0.00239453861,3.05251597e-05,1
0.00048828125,350,0.0026930694,0.00240173354,3.06237234e-05,1
0.00048828125,351,0.00270094094,0.00240892009,3.07223308e-05,1
0.00048828125,352,0.002708819,0.00241611246,3.08209273e-05,1
0.00048828125,353,0.00271670846,0.00242331624,3.09196439e-05,1
0.00048828125,354,0.00272458838,0.00243050675,3.10183641e-05,1
0.00048828125,355,0.00273246807,0.00243770704,3.11170006e-05,1
0.00048828125,356,0.00274036336,0.00244491501,3.12159827e-05,1
0.00048828125,357,0.00274824514,0.00245211157,3.13149831e-05,1
0.00048828125,358,0.00275614648,0.00245932559,3.14141071e-05,1
0.00048828125,359,0.00276402826,0.00246652681,3.15131183e-05,1
0.00048828125,360,0.00277191494,0.00247372664,3.16122605e-05,1
0.00048828125,361,0.00277982722,0.00248095463,3.171153e-05,1
0.00048828125,362,0.00278771063,0.00248815492,3.18107777e-05,1
0.00048828125,363,0.002795615,0.00249537313,3.19101455e-05,1
0.00048828125,364,0.00280352496,0.00250259624,3.20095314e-05,1
0.00048828125,365,0.00281141815,0.00250980537,3.21090738e-05,1
0.00048828125,366,0.00281930459,0.00251701241,3.2208467e-05,1
0.00048828125,367,0.00282722968,0.00252425089,3.23082604e-05,1
0.00048828125,368,0.0028351373,0.00253147469,3.24079847e-05,1
0.00048828125,369,0.00284304237,0.0025386971,3.2507538e-05,1
0.00048828125,370,0.00285094231,0.00254591205,3.26071204e-05,1
0.00048828125,371,0.00285887532,0.00255315867,3.27072339e-05,1
0.00048828125,372,0.00286678923,0.00256039272,3.28072201e-05,1
0.00048828125,373,0.00287470268,0.00256762165,3.29071554e-05,1
0.00048828125,374,0.00288262055,0.00257485686,3.30073199e-05,1
0.00048828125,375,0.00289053773,0.00258208928,3.31074079e-05,1
0.00048828125,376,0.00289846235,0.00258933241,3.32075797e-05,1
0.00048828125,377,0.0029063921,0.00259657926,3.3308017e-05,1
0.00048828125,378,0.00291432277,0.00260382402,3.34082397e-05,1
0.00048828125,379,0.00292223878,0.00261105946,3.35086297e-05,1
0.00048828125,380,0.00293017458,0.00261831121,3.36091725e-05,1
0.00048828125,381,0.00293810223,0.00262555736,3.37096681e-05,1
0.00048828125,382,0.00294603501,0.00263280678,3.38101636e-05,1
0.00048828125,383,0.00295396172,0.00264005549,3.39109574e-05,1
0.00048828125,384,0.00296190707,0.00264731748,3.40116167e-05,1
0.00048828125,385,0.00296984147,0.00265456643,3.41124542e-05,1
0.00048828125,386,0.00297778472,0.00266182958,3.42132771e-05,1
0.00048828125,387,0.0029857303,0.0026690918,3.43142383e-05,1
0.00048828125,388,0.00299366773,0.00267634774,3.44152213e-05,1
0.00048828125,389,0.00300161028,0.00268360926,3.45161425e-05,1
0.00048828125,390,0.00300956122,0.00269087637,3.46175111e-05,1
0.00048828125,391,0.00301749352,0.00269813114,3.47185123e-05,1
0.00048828125,392,0.00302546495,0.0027054206,3.48199028e-05,1
0.00048828125,393,0.00303341169,0.00271268515,3.49211696e-05,1
0.00048828125,394,0.00304136588,0.00271995785,3.50227419e-05,1
0.00048828125,395,0.00304932543,0.0027272359,3.51242816e-05,1
0.00048828125,396,0.00305727893,0.0027345093,3.52256648e-05,1
0.00048828125,397,0.0030652436,0.00274179014,3.5327259e-05,1
0.00048828125,398,0.00307319686,0.00274906564,3.54290823e-05,1
0.00048828125,399,0.00308117666,0.00275636511,3.55309385e-05,1
0.00048828125,400,0.00308913039,0.00276363827,3.56327037e-05,1
0.00048828125,401,0.00309711206,0.00277093472,3.57346216e-05,1
0.00048828125,402,0.00310508744,0.00277823163,3.58366087e-05,1
0.00048828125,403,0.00311305095,0.00278551807,3.59384976e-05,1
0.00048828125,404,0.00312101585,0.00279280148,3.60407103e-05,1
0.00048828125,405,0.00312899891,0.00280010444,3.61428283e-05,1
0.00048828125,406,0.00313697942,0.00280740508,3.62451938e-05,1
0.00048828125,407,0.00314496108,0.00281470525,3.63474355e-05,1
0.00048828125,408,0.00315294252,0.00282201008,3.64497864e-05,1
0.00048828125,409,0.00316092581,0.00282931328,3.65523156e-05,1
0.00048828125,410,0.00316891866,0.0028366223,3.66548738e-05,1
0.00048828125,411,0.00317690149,0.00284392829,3.67573011e-05,1
0.00048828125,412,0.00318488386,0.00285123126,3.68599904e-05,1
0.00048828125,413,0.00319288764,0.00285855751,3.69625996e-05,1
0.00048828125,414,0.0032008721,0.00286585861,3.70653506e-05,1
0.00048828125,415,0.00320887077,0.0028731809,3.71682072e-05,1
0.00048828125,416,0.00321686361,0.00288049411,3.72711838e-05,1
0.00048828125,417,0.00322486553,0.0028878171,3.73740513e-05,1
0.00048828125,418,0.00323286466,0.00289513986,3.74772353e-05,1
0.00048828125,419,0.00324086403,0.00290245982,3.75802956e-05,1
0.00048828125,420,0.00324886478,0.00290978048,3.76833304e-05,1
0.00048828125,421,0.00325687858,0.00291711884,3.77867618e-05,1
0.00048828125,422,0.00326489052,0.00292445021,3.78900004e-05,1
0.00048828125,423,0.00327289244,0.00293177622,3.79933263e-05,1
0.00048828125,424,0.00328090554,0.00293910806,3.80966667e-05,1
0.00048828125,425,0.00328891585,0.00294644199,3.82005346e-05,1
0.00048828125,426,0.00329694105,0.00295378664,3.83038314e-05,1
0.00048828125,427,0.00330495927,0.00296112872,3.8407703e-05,1
0.00048828125,428,0.00331298122,0.00296847429,3.8511218e-05,1
0.00048828125,429,0.00332098547,0.00297580031,3.86148095e-05,1
0.00048828125,430,0.00332901394,0.0029831517,3.8718852e-05,1
0.00048828125,431,0.0033370289,0.00299049006,3.88228837e-05,1
0.00048828125,432,0.00334506226,0.00299784774,3.89266861e-05,1
0.00048828125,433,0.00335308677,0.00300519518,3.90307105e-05,1
0.00048828125,434,0.00336111826,0.00301254843,3.91349531e-05,1
0.00048828125,435,0.00336914929,0.00301990192,3.92390793e-05,1
0.00048828125,436,0.00337718846,0.00302726286,3.93432565e-05,1
0.00048828125,437,0.00338520785,0.00303460867,3.94477174e-05,1
0.00048828125,438,0.00339324796,0.00304197334,3.95522038e-05,1
0.00048828125,439,0.00340129458,0.00304934056,3.96565374e-05,1
0.00048828125,440,0.00340933539,0.00305670337,3.97610784e-05,1
0.00048828125,441,0.00341738528,0.00306407595,3.98656994e-05,1
0.00048828125,442,0.00342540955,0.00307142572,3.99701275e-05,1
0.00048828125,443,0.00343346968,0.00307880971,4.00750796e-05,1
0.00048828125,444,0.00344150327,0.00308617437,4.01797734e-05,1
0.00048828125,445,0.00344956201,0.00309355301,4.02846235e-05,1
0.00048828125,446,0.00345761306,0.00310092652,4.03897066e-05,1
0.00048828125,447,0.00346567435,0.00310831028,4.04945968e-05,1
0.00048828125,448,0.0034737247,0.00311568729,4.05995706e-05,1
0.00048828125,449,0.00348180905,0.00312309759,4.07049192e-05,1
0.00048828125,450,0.00348987198,0.00313048554,4.08101623e-05,1
0.00048828125,451,0.00349792326,0.00313786278,4.09152999e-05,1
0.00048828125,452,0.00350598129,0.00314524793,4.10206558e-05,1
0.00048828125,453,0.00351405144,0.00315264333,4.11261499e-05,1
0.00048828125,454,0.00352213066,0.00316004525,4.12316731e-05,1
0.00048828125,455,0.00353017892,0.00316742063,4.1337109e-05,1
0.00048828125,456,0.00353825651,0.00317482441,4.14428978e-05,1
0.00048828125,457,0.00354633667,0.00318223005,4.15487011e-05,1
0.00048828125,458,0.00355439913,0.00318961963,4.16543953e-05,1
0.00048828125,459,0.00356248533,0.0031970304,4.17601914e-05,1
0.00048828125,460,0.00357055105,0.0032044244,4.18661002e-05,1
0.00048828125,461,0.0035786354,0.00321183284,4.19723656e-05,1
0.00048828125,462,0.00358673208,0.00321925408,4.20782126e-05,1
0.00048828125,463,0.0035947971,0.00322664832,4.21842924e-05,1
0.00048828125,464,0.00360288983,0.0032340677,4.22905505e-05,1
0.00048828125,465,0.00361097604,0.00324148079,4.23967431e-05,1
0.00048828125,466,0.00361906504,0.00324889668,4.25031358e-05,1
0.00048828125,467,0.00362714194,0.00325630442,4.26093065e-05,1
0.00048828125,468,0.00363525283,0.00326373917,4.27159321e-05,1
0.00048828125,469,0.00364334043,0.00327115413,4.2822423e-05,1
0.00048828125,470,0.00365143688,0.00327857817,4.29290449e-05,1
0.00048828125,471,0.00365953986,0.00328600593,4.30357686e-05,1
0.00048828125,472,0.00366763119,0.00329342997,4.31423723e-05,1
0.00048828125,473,0.00367572065,0.00330084749,4.32490924e-05,1
0.00048828125,474,0.00368383154,0.00330828736,4.33559981e-05,1
0.00048828125,475,0.00369194616,0.0033157263,4.34630856e-05,1
0.00048828125,476,0.00370004447,0.00332315499,4.35700204e-05,1
0.00048828125,477,0.00370815489,0.0033305902,4.36771152e-05,1
0.00048828125,478,0.00371626462,0.00333803124,4.37843373e-05,1
0.00048828125,479,0.00372437923,0.00334546948,4.38913376e-05,1
0.00048828125,480,0.00373249594,0.00335291307,4.39988726e-05,1
0.00048828125,481,0.00374061661,0.00336036086,4.41060656e-05,1
0.00048828125,482,0.0037487247,0.00336780329,4.42135461e-05,1
0.00048828125,483,0.00375685003,0.0033752583,4.43209319e-05,1
0.00048828125,484,0.00376495998,0.00338269933,4.44286052e-05,1
0.00048828125,485,0.00377308787,0.00339015457,4.45361002e-05,1
0.00048828125,486,0.00378121343,0.00339761563,4.46438062e-05,1
0.00048828125,487,0.00378932944,0.00340506225,4.4751665e-05,1
0.00048828125,488,0.00379746058,0.00341251818,4.48593855e-05,1
0.00048828125,489,0.00380559871,0.00341998576,4.49674408e-05,1
0.00048828125,490,0.00381373055,0.00342744496,4.50754524e-05,1
0.00048828125,491,0.00382185355,0.00343490136,4.51834094e-05,1
0.00048828125,492,0.00382999284,0.00344237359,4.52914537e-05,1
0.00048828125,493,0.00383813353,0.00344984187,4.53997673e-05,1
0.00048828125,494,0.0038462861,0.00345731829,4.55079826e-05,1
0.00048828125,495,0.00385441771,0.0034647896,4.56165399e-05,1
0.00048828125,496,0.00386256073,0.00347225741,4.57249116e-05,1
0.00048828125,497,0.00387070654,0.00347973709,4.58333234e-05,1
0.00048828125,498,0.00387885119,0.00348720979,4.59417279e-05,1
0.00048828125,499,0.00388700748,0.00349469692,4.60504125e-05,1
0.00048828125,500,0.00389514072,0.00350216241,4.61590971e-05,1
0.00048828125,501,0.003903287,0.00350964535,4.62676071e-05,1
0.00048828125,502,0.00391145656,0.00351714133,4.63766701e-05,1
0.00048828125,503,0.00391960796,0.00352462358,4.64853874e-05,1
0.00048828125,504,0.00392776355,0.00353211118,4.65945559e-05,1
0.00048828125,505,0.00393592892,0.00353960996,4.67034879e-05,1
0.00048828125,506,0.00394407567,0.00354708987,4.68126746e-05,1
0.00048828125,507,0.00395225408,0.0035545968,4.69216175e-05,1
0.00048828125,508,0.00396039942,0.00356208626,4.70308005e-05,1
0.00048828125,509,0.00396857876,0.00356959016,4.71402273e-05,1
0.00048828125,510,0.00397674786,0.00357709615,4.72496795e-05,1
0.00048828125,511,0.0039849123,0.00358458469,4.73591863e-05,1
0.00048828125,512,0.0039930949,0.00359210302,4.7468784e-05,1
0.00048828125,513,0.00400128029,0.0035996139,4.75781308e-05,1
0.00048828125,514,0.00400942657,0.00360710267,4.76878595e-05,1
0.00048828125,515,0.00401762547,0.00361462403,4.7797781e-05,1
0.00048828125,516,0.00402579969,0.00362213701,4.79075679e-05,1
0.00048828125,517,0.00403398136,0.00362965092,4.80175004e-05,1
0.00048828125,518,0.00404216629,0.0036371653,4.81274437e-05,1
0.00048828125,519,0.0040503405,0.00364466873,4.82373725e-05,1
0.00048828125,520,0.00405853661,0.0036522001,4.83476142e-05,1
0.00048828125,521,0.00406672619,0.00365972053,4.84575867e-05,1
0.00048828125,522,0.00407492509,0.00366725493,4.85681849e-05,1
0.00048828125,523,0.00408311095,0.0036747728,4.86782919e-05,1
0.00048828125,524,0.00409131823,0.00368230976,4.87886391e-05,1
0.00048828125,525,0.00409951061,0.00368983625,4.8899059e-05,1
0.00048828125,526,0.00410769926,0.00369736296,4.90093225e-05,1
0.00048828125,527,0.00411590794,0.00370490039,4.91202154e-05,1
0.00048828125,528,0.00412408961,0.00371241663,4.92307045e-05,1
0.00048828125,529,0.0041323062,0.00371996732,4.93414409e-05,1
0.00048828125,530,0.00414051907,0.00372751197,4.94523592e-05,1
0.00048828125,531,0.00414871937,0.00373504916,4.95631757e-05,1
0.00048828125,532,0.00415692525,0.00374258729,4.9674054e-05,1
0.00048828125,533,0.00416513905,0.00375013682,4.9785016e-05,1
0.00048828125,534,0.00417335471,0.00375768496,4.98960435e-05,1
0.00048828125,535,0.00418156013,0.00376522494,5.0007231e-05,1
0.00048828125,536,0.0041898014,0.00377279613,5.01186878e-05,1
0.00048828125,537,0.00419799797,0.00378033565,5.02296643e-05,1
0.00048828125,538,0.00420621969,0.00378788821,5.03410629e-05,1
0.00048828125,539,0.00421445258,0.00379545544,5.04527052e-05,1
0.00048828125,540,0.00422265567,0.00380299613,5.05639582e-05,1
0.00048828125,541,0.00423089694,0.00381057104,5.06757679e-05,1
0.00048828125,542,0.00423913263,0.0038181385,5.07875047e-05,1
0.00048828125,543,0.00424734876,0.00382569456,5.08989615e-05,1
0.00048828125,544,0.00425558677,0.00383326691,5.10108548e-05,1
0.00048828125,545,0.00426380942,0.00384082366,5.11225408e-05,1
0.00048828125,546,0.00427205022,0.00384840276,5.1234525e-05,1
0.00048828125,547,0.00428029429,0.0038559786,5.13466912e-05,1
0.00048828125,548,0.00428853184,0.00386355398,5.14586027e-05,1
0.00048828125,549,0.00429678895,0.00387114356,5.15708343e-05,1
0.00048828125,550,0.00430500787,0.00387870078,5.16828368e-05,1
0.00048828125,551,0.00431325985,0.00388629083,5.17950393e-05,1
0.00048828125,552,0.00432150904,0.00389387622,5.19077112e-05,1
0.00048828125,553,0.00432975963,0.00390145602,5.20199683e-05,1
0.00048828125,554,0.00433799392,0.00390903605,5.21323855e-05,1
0.00048828125,555,0.00434625894,0.00391663052,5.22451082e-05,1
0.00048828125,556,0.00435451744,0.00392423104,5.23577182e-05,1
0.00048828125,557,0.00436276523,0.00393181341,5.24704374e-05,1
0.00048828125,558,0.00437102001,0.00393940695,5.25833166e-05,1
0.00048828125,559,0.0043792841,0.00394700374,5.26959921e-05,1
0.00048828125,560,0.00438753795,0.00395460147,5.28089768e-05,1
0.00048828125,561,0.00439581042,0.00396219827,5.2921896e-05,1
0.00048828125,562,0.00440406566,0.00396980718,5.3034848e-05,1
0.00048828125,563,0.0044123563,0.0039774254,5.31481855e-05,1
0.00048828125,564,0.00442060782,0.00398502406,5.32612466e-05,1
0.00048828125,565,0.00442887656,0.00399262505,5.33746934e-05,1
0.00048828125,566,0.00443717744,0.00400026282,5.34881183e-05,1
0.00048828125,567,0.00444543175,0.0040078531,5.36013395e-05,1
0.00048828125,568,0.00445369212,0.00401545642,5.37147098e-05,1
0.00048828125,569,0.00446198462,0.00402308349,5.38284949e-05,1
0.00048828125,570,0.00447026221,0.00403070636,5.39421308e-05,1
0.00048828125,571,0.00447854074,0.00403831899,5.40556866e-05,1
0.00048828125,572,0.00448682904,0.00404594326,5.41695626e-05,1
0.00048828125,573,0.00449511316,0.00405356986,5.42832131e-05,1
0.00048828125,574,0.0045033982,0.00406118762,5.43971983e-05,1
0.00048828125,575,0.00451169489,0.004068824,5.45114744e-05,1
0.00048828125,576,0.00451998226,0.00407645153,5.46253832e-05,1
0.00048828125,577,0.00452828547,0.00408409443,5.47395903e-05,1
0.00048828125,578,0.00453656446,0.00409171125,5.48536264e-05,1
0.00048828125,579,0.00454486953,0.00409935741,5.49680444e-05,1
0.00048828125,580,0.00455316529,0.00410699239,5.5082477e-05,1
0.00048828125,581,0.00456147175,0.00411463995,5.5196906e-05,1
0.00048828125,582,0.00456976611,0.0041222712,5.53112113e-05,1
0.00048828125,583,0.00457806932,0.00412991829,5.54259022e-05,1
0.00048828125,584,0.00458639394,0.00413757516,5.55405168e-05,1
0.00048828125,585,0.00459468365,0.00414521433,5.56550949e-05,1
0.00048828125,586,0.00460299477,0.00415286375,5.57700623e-05,1
0.00048828125,587,0.00461131241,0.00416051736,5.58848915e-05,1
0.00048828125,588,0.00461963564,0.00416818354,5.59997752e-05,1
0.00048828125,589,0.00462793466,0.00417582272,5.61146117e-05,1
0.00048828125,590,0.00463625789,0.0041834889,5.62295681e-05,1
0.00048828125,591,0.00464459322,0.00419116253,5.63452122e-05,1
0.00048828125,592,0.00465290947,0.00419882033,5.6460216e-05,1
0.00048828125,593,0.00466120383,0.0042064595,5.65752634e-05,1
0.00048828125,594,0.00466954848,0.00421414385,5.66908857e-05,1
0.00048828125,595,0.00467787171,0.00422180584,5.68063333e-05,1
0.00048828125,596,0.00468620053,0.00422948226,5.69217264e-05,1
0.00048828125,597,0.0046945326,0.00423714705,5.70372868e-05,1
0.00048828125,598,0.00470286142,0.00424482068,5.71527926e-05,1
0.00048828125,599,0.00471119909,0.00425250037,5.72686004e-05,1
0.00048828125,600,0.0047195442,0.00426018517,5.73844736e-05,1
0.00048828125,601,0.00472787814,0.00426786253,5.75005142e-05,1
0.00048828125,602,0.00473620975,0.00427553291,5.76163438e-05,1
0.00048828125,603,0.0047445544,0.00428322563,5.77324608e-05,1
0.00048828125,604,0.00475289812,0.00429090718,5.78484469e-05,1
0.00048828125,605,0.00476124277,0.00429859851,5.79645312e-05,1
0.00048828125,606,0.00476959813,0.00430629309,5.80811065e-05,1
0.00048828125,607,0.0047779521,0.00431398768,5.81975328e-05,1
0.00048828125,608,0.00478629488,0.00432167994,5.83138317e-05,1
0.00048828125,609,0.00479465164,0.00432937685,5.84304689e-05,1
0.00048828125,610,0.00480301213,0.00433707703,5.85469861e-05,1
0.00048828125,611,0.00481135445,0.00434476463,5.86634778e-05,1
0.00048828125,612,0.00481971912,0.00435246946,5.87803443e-05,1
0.00048828125,613,0.004828081,0.00436017895,5.88971743e-05,1
0.00048828125,614,0.00483643636,0.00436787819,5.90140116e-05,1
0.00048828125,615,0.00484480057,0.00437558582,5.91307034e-05,1
0.00048828125,616,0.00485317316,0.00438330136,5.92479919e-05,1
0.00048828125,617,0.00486153644,0.00439100759,5.93650366e-05,1
0.00048828125,618,0.00486991741,0.00439873338,5.94821868e-05,1
0.00048828125,619,0.00487828488,0.0044064424,5.95994352e-05,1
0.00048828125,620,0.00488666771,0.00441416865,5.97167164e-05,1
0.00048828125,621,0.00489503425,0.00442188233,5.98340121e-05,1
0.00048828125,622,0.00490341522,0.00442960206,5.99514533e-05,1
0.00048828125,623,0.00491178688,0.00443732692,6.00689928e-05,1
0.00048828125,624,0.00492016505,0.00444504386,6.0186565e-05,1
0.00048828125,625,0.00492855115,0.00445278082,6.03041735e-05,1
0.00048828125,626,0.00493693119,0.00446050055,6.04216948e-05,1
0.00048828125,627,0.00494533218,0.00446824823,6.05396126e-05,1
0.00048828125,628,0.00495372573,0.00447598659,6.0657585e-05,1
0.00048828125,629,0.00496210437,0.00448370958,6.07756665e-05,1
0.00048828125,630,0.0049704751,0.00449142698,6.08932496e-05,1
0.00048828125,631,0.0049789357,0.00449923286,6.10116076e-05,1
0.00048828125,632,0.00498731202,0.00450695446,6.11298747e-05,1
0.00048828125,633,0.00499566272,0.00451464998,6.12477379e-05,1
0.00048828125,634,0.0050040842,0.00452242093,6.1366256e-05,1
0.00048828125,635,0.00501249963,0.00453018025,6.14845922e-05,1
0.00048828125,636,0.00502089085,0.00453791767,6.16029574e-05,1
0.00048828125,637,0.00502931233,0.00454569189,6.17215119e-05,1
0.00048828125,638,0.00503769983,0.00455342233,6.18400954e-05,1
0.00048828125,639,0.0050460957,0.00456116349,6.19587954e-05,1
0.00048828125,640,0.00505451672,0.00456892978,6.20773208e-05,1
0.00048828125,641,0.00506290514,0.00457666349,6.21962245e-05,1
0.00048828125,642,0.00507138856,0.00458449731,6.23150409e-05,1
0.00048828125,643,0.00507977558,0.00459222728,6.24343156e-05,1
0.00048828125,644,0.00508822687,0.00460003084,6.2553263e-05,1
0.00048828125,645,0.00509660831,0.00460775197,6.26722831e-05,1
0.00048828125,646,0.00510504097,0.00461553922,6.27916233e-05,1
0.00048828125,647,0.0051134536,0.00462329853,6.29107672e-05,1
0.00048828125,648,0.00512188626,0.00463107787,6.30301583e-05,1
0.00048828125,649,0.00513033429,0.00463887071,6.31497896e-05,1
0.00048828125,650,0.00513877068,0.00464665657,6.32690717e-05,1
0.00048828125,651,0.00514717493,0.00465441262,6.33884993e-05,1
0.00048828125,652,0.00515562529,0.00466220593,6.35080723e-05,1
0.00048828125,653,0.00516405003,0.00466998201,6.36275581e-05,1
0.00048828125,654,0.00517249014,0.00467777019,6.37475314e-05,1
0.00048828125,655,0.00518091116,0.00468553742,6.3867541e-05,1
0.00048828125,656,0.00518937642,0.00469335308,6.39873178e-05,1
0.00048828125,657,0.00519780349,0.00470112078,6.41074294e-05,1
0.00048828125,658,0.00520626549,0.00470894063,6.42273371e-05,1
0.00048828125,659,0.00521472143,0.00471673161,6.43477251e-05,1
0.00048828125,660,0.00522317598,0.00472454773,6.44677275e-05,1
0.00048828125,661,0.00523161748,0.00473233545,6.45879845e-05,1
0.00048828125,662,0.00524005434,0.00474012177,6.4708569e-05,1
0.00048828125,663,0.00524852518,0.00474794488,6.48288551e-05,1
0.00048828125,664,0.00525694015,0.0047557056,6.49492722e-05,1
0.00048828125,665,0.00526543614,0.00476355338,6.50701331e-05,1
0.00048828125,666,0.00527388696,0.00477134949,6.51906958e-05,1
0.00048828125,667,0.00528236385,0.00477917911,6.53117022e-05,1
0.00048828125,668,0.00529082958,0.00478700409,6.54323885e-05,1
0.00048828125,669,0.00529930368,0.0047948081,6.55533004e-05,1
0.00048828125,670,0.00530775264,0.00480262889,6.56740885e-05,1
0.00048828125,671,0.00531623606,0.00481045339,6.57953206e-05,1
0.00048828125,672,0.00532469992,0.00481826253,6.59164216e-05,1
0.00048828125,673,0.00533317635,0.00482609868,6.6037479e-05,1
0.00048828125,674,0.00534163648,0.00483390316,6.61585509e-05,1
0.00048828125,675,0.00535013108,0.00484175049,6.62801322e-05,1
0.00048828125,676,0.00535860192,0.00484958105,6.64015097e-05,1
0.00048828125,677,0.00536706345,0.00485737855,6.65230109e-05,1
0.00048828125,678,0.00537554966,0.00486521982,6.66443957e-05,1
0.00048828125,679,0.00538405264,0.00487308577,6.67662316e-05,1
0.00048828125,680,0.00539253885,0.00488090096,6.68880602e-05,1
0.00048828125,681,0.00540103158,0.00488875667,6.70095469e-05,1
0.00048828125,682,0.00540955178,0.00489663566,6.71317612e-05,1
0.00048828125,683,0.00541802868,0.0049044569,6.72538663e-05,1
0.00048828125,684,0.00542650465,0.00491227908,6.73754403e-05,1
0.00048828125,685,0.00543499878,0.00492014177,6.74973999e-05,1
0.00048828125,686,0.00544350268,0.00492799236,6.76197014e-05,1
0.00048828125,687,0.00545199541,0.00493582198,6.77417702e-05,1
0.00048828125,688,0.00546051003,0.0049437047,6.78644865e-05,1
0.00048828125,689,0.00546900276,0.00495155668,6.79864097e-05,1
0.00048828125,690,0.00547750108,0.00495939236,6.81089005e-05,1
0.00048828125,691,0.00548600405,0.004967249,6.82318059e-05,1
0.00048828125,692,0.00549453031,0.0049751373,6.83543039e-05,1
0.00048828125,693,0.00550302537,0.00498299208,6.84768311e-05,1
0.00048828125,694,0.00551154884,0.00499084173,6.85998821e-05,1
0.00048828125,695,0.00552007556,0.00499873143,6.87223655e-05,1
0.00048828125,696,0.0055286237,0.00500664022,6.88457949e-05,1
0.00048828125,697,0.00553710852,0.00501448754,6.8968322e-05,1
0.00048828125,698,0.00554562826,0.00502233161,6.90914167e-05,1
0.00048828125,699,0.00555415638,0.00503022736,6.92146423e-05,1
0.00048828125,700,0.00556269754,0.00503813708,6.93376569e-05,1
0.00048828125,701,0.00557120424,0.00504599838,6.94612463e-05,1
0.00048828125,702,0.00557973282,0.00505387411,6.95844647e-05,1
0.00048828125,703,0.00558827259,0.00506174611,6.97080686e-05,1
0.00048828125,704,0.00559680257,0.00506964792,6.98315707e-05,1
0.00048828125,705,0.00560533535,0.00507754507,6.9955182e-05,1
0.00048828125,706,0.00561385928,0.00508543663,7.00787496e-05,1
0.00048828125,707,0.00562241673,0.00509332167,7.02023826e-05,1
0.00048828125,708,0.00563098444,0.00510123838,7.03264814e-05,1
0.00048828125,709,0.00563952373,0.00510913832,7.04503982e-05,1
0.00048828125,710,0.00564807327,0.00511705549,7.05746206e-05,1
0.00048828125,711,0.00565660046,0.00512493914,7.06985084e-05,1
0.00048828125,712,0.00566514535,0.00513283955,7.08225198e-05,1
0.00048828125,713,0.00567368977,0.00514071435,7.09465385e-05,1
0.00048828125,714,0.00568224164,0.00514863851,7.10711247e-05,1
0.00048828125,715,0.00569077628,0.005156531,7.11951652e-05,1
0.00048828125,716,0.00569934165,0.00516445935,7.13196278e-05,1
0.00048828125,717,0.00570790609,0.00517237512,7.1444083e-05,1
0.00048828125,718,0.00571646495,0.00518029183,7.15689239e-05,1
0.00048828125,719,0.00572503684,0.00518820062,7.16934665e-05,1
0.00048828125,720,0.00573359942,0.00519612664,7.18181982e-05,1
0.00048828125,721,0.00574217271,0.00520405686,7.19428936e-05,1
0.00048828125,722,0.0057507311,0.00521198288,7.20681273e-05,1
0.00048828125,723,0.00575930718,0.00521991076,7.21929318e-05,1
0.00048828125,724,0.0057678516,0.00522781769,7.23175181e-05,1
0.00048828125,725,0.00577641372,0.00523572788,7.24424681e-05,1
0.00048828125,726,0.00578499399,0.0052436688,7.25679783e-05,1
0.00048828125,727,0.00579360127,0.00525163021,7.26935759e-05,1
0.00048828125,728,0.00580215547,0.00525954831,7.28185405e-05,1
0.00048828125,729,0.0058107595,0.00526750227,7.29444e-05,1
0.00048828125,730,0.00581932673,0.00527543435,7.30696047e-05,1
0.00048828125,731,0.00582790375,0.00528336363,7.31947512e-05,1
0.00048828125,732,0.00583649706,0.00529131247,7.33209672e-05,1
0.00048828125,733,0.0058450927,0.00529926782,7.34464775e-05,1
0.00048828125,734,0.00585368648,0.00530721853,7.35721551e-05,1
0.00048828125,735,0.0058622756,0.00531517109,7.36980801e-05,1
0.00048828125,736,0.00587088242,0.0053231325,7.38241943e-05,1
0.00048828125,737,0.00587948412,0.00533109205,7.39506504e-05,1
0.00048828125,738,0.00588806719,0.00533903623,7.40767573e-05,1
0.00048828125,739,0.00589668704,0.00534700928,7.42030606e-05,1
0.00048828125,740,0.00590525893,0.00535494136,7.43292185e-05,1
0.00048828125,741,0.00591387646,0.00536292093,7.4455842e-05,1
0.00048828125,742,0.0059224735,0.00537087955,7.45819634e-05,1
0.00048828125,743,0.00593107939,0.00537884654,7.47089507e-05,1
0.00048828125,744,0.00593967317,0.00538679678,7.48351449e-05,1
0.00048828125,745,0.0059482893,0.00539477263,7.49618484e-05,1
0.00048828125,746,0.00595691381,0.00540275034,7.50885592e-05,1
0.00048828125,747,0.00596554531,0.00541074341,7.52156775e-05,1
0.00048828125,748,0.0059741633,0.00541872066,7.53420536e-05,1
0.00048828125,749,0.00598278083,0.00542670628,7.54695793e-05,1
0.00048828125,750,0.00599138951,0.00543467095,7.55964647e-05,1
0.00048828125,751,0.00600001588,0.00544266123,7.57232992e-05,1
0.00048828125,752,0.0060086404,0.00545063987,7.58509559e-05,1
0.00048828125,753,0.0060172542,0.00545861293,7.59778559e-05,1
0.00048828125,754,0.00602587499,0.00546659576,7.61052434e-05,1
0.00048828125,755,0.00603450369,0.00547458977,7.62327109e-05,1
0.00048828125,756,0.00604313007,0.00548257679,7.63600765e-05,1
0.00048828125,757,0.00605178857,0.00549059315,7.64879151e-05,1
0.00048828125,758,0.00606039539,0.00549856946,7.66155499e-05,1
0.00048828125,759,0.00606905064,0.00550657697,7.67429374e-05,1
0.00048828125,760,0.00607767468,0.00551456679,7.68707687e-05,1
0.00048828125,761,0.00608633412,0.00552258315,7.69990656e-05,1
0.00048828125,762,0.00609496841,0.00553058367,7.71271079e-05,1
0.00048828125,763,0.00610359805,0.00553857442,7.72550193e-05,1
0.00048828125,764,0.00611224398,0.00554658519,7.73831343e-05,1
0.00048828125,765,0.00612089178,0.00555459037,7.7511133e-05,1
0.00048828125,766,0.00612954888,0.00556261092,7.76393936e-05,1
0.00048828125,767,0.00613819761,0.00557062263,7.77677487e-05,1
0.00048828125,768,0.00614686031,0.00557864644,7.78963877e-05,1
0.00048828125,769,0.0061554932,0.00558664557,7.80247065e-05,1
0.00048828125,770,0.0061641694,0.00559468055,7.81532872e-05,1
0.00048828125,771,0.00617283024,0.00560270529,7.8281977e-05,1
0.00048828125,772,0.00618147105,0.00561070954,7.84105359e-05,1
0.00048828125,773,0.0061901547,0.00561876222,7.85395896e-05,1
0.00048828125,774,0.00619882718,0.00562679023,7.8668294e-05,1
0.00048828125,775,0.00620749174,0.00563482195,7.87975441e-05,1
0.00048828125,776,0.00621615862,0.00564284436,7.89263358e-05,1
0.00048828125,777,0.00622481294,0.00565086864,7.90553895e-05,1
0.00048828125,778,0.00623347424,0.00565889757,7.91844577e-05,1
0.00048828125,779,0.00624215044,0.00566693721,7.93137006e-05,1
0.00048828125,780,0.00625085412,0.0056750034,7.94433508e-05,1
0.00048828125,781,0.00625954242,0.00568305422,7.95730011e-05,1
0.00048828125,782,0.00626820186,0.00569108082,7.97025932e-05,1
0.00048828125,783,0.00627688412,0.00569912419,7.98319379e-05,1
0.00048828125,784,0.00628556404,0.00570716895,7.996153e-05,1
0.00048828125,785,0.00629423512,0.0057152058,8.00909111e-05,1
0.00048828125,786,0.00630295184,0.00572328782,8.02210052e-05,1
0.00048828125,787,0.00631164201,0.00573134096,8.03507864e-05,1
0.00048828125,788,0.00632034289,0.00573940249,8.04808587e-05,1
0.00048828125,789,0.00632902281,0.00574745936,8.06109165e-05,1
0.00048828125,790,0.00633772835,0.00575552182,8.07407341e-05,1
0.00048828125,791,0.00634643156,0.0057635936,8.08715849e-05,1
0.00048828125,792,0.00635511894,0.00577164441,8.10012207e-05,1
0.00048828125,793,0.00636383146,0.00577971945,8.11320642e-05,1
0.00048828125,794,0.00637252443,0.00578778284,8.12623839e-05,1
0.00048828125,795,0.00638122717,0.00579585042,8.13928782e-05,1
0.00048828125,796,0.00638995087,0.00580394221,8.1523729e-05,1
0.00048828125,797,0.00639867317,0.00581202609,8.16542524e-05,1
0.00048828125,798,0.00640737126,0.00582009507,8.17849359e-05,1
0.00048828125,799,0.00641610147,0.00582818734,8.19162015e-05,1
0.00048828125,800,0.00642481958,0.00583627075,8.20468995e-05,1
0.00048828125,801,0.00643353071,0.00584435184,8.2178085e-05,1
0.00048828125,802,0.00644225581,0.00585244317,8.23090522e-05,1
0.00048828125,803,0.00645098835,0.00586054288,8.24399176e-05,1
0.00048828125,804,0.00645971484,0.00586863561,8.25713869e-05,1
0.00048828125,805,0.00646843668,0.0058767302,8.27029507e-05,1
0.00048828125,806,0.00647715945,0.0058848164,8.28340853e-05,1
0.00048828125,807,0.00648586778,0.0058928933,8.29651472e-05,1
0.00048828125,808,0.0064946292,0.00590102095,8.30972785e-05,1
0.00048828125,809,0.00650336733,0.00590912299,8.32289879e-05,1
0.00048828125,810,0.00651209243,0.00591722177,8.33603117e-05,1
0.00048828125,811,0.00652085245,0.00592534477,8.34923994e-05,1
0.00048828125,812,0.00652958639,0.0059334524,8.36240724e-05,1
0.00048828125,813,0.00653831987,0.00594154932,8.37559637e-05,1
0.00048828125,814,0.00654707476,0.00594967185,8.38881751e-05,1
0.00048828125,815,0.00655578775,0.00595775992,8.40201319e-05,1
0.00048828125,816,0.00656455709,0.00596589316,8.41522924e-05,1
0.00048828125,817,0.00657329895,0.00597400498,8.42845839e-05,1
0.00048828125,818,0.00658204313,0.00598212052,8.44169699e-05,1
0.00048828125,819,0.00659082644,0.00599026354,8.45491159e-05,1
0.00048828125,820,0.00659957435,0.00599838421,8.46818657e-05,1
0.00048828125,821,0.0066083218,0.00600650022,8.481431e-05,1
0.00048828125,822,0.00661708601,0.00601464231,8.49470307e-05,1
0.00048828125,823,0.00662585115,0.00602277182,8.50796932e-05,1
0.00048828125,824,0.00663461955,0.00603090739,8.52128796e-05,1
0.00048828125,825,0.0066433819,0.00603904203,8.53454039e-05,1
0.00048828125,826,0.00665216707,0.0060471925,8.54785176e-05,1
0.00048828125,827,0.00666091871,0.00605532387,8.56114639e-05,1
0.00048828125,828,0.0066696927,0.00606345804,8.57447012e-05,1
0.00048828125,829,0.00667846249,0.00607160293,8.58780186e-05,1
0.00048828125,830,0.00668725045,0.00607975805,8.60110813e-05,1
0.00048828125,831,0.00669600256,0.0060878857,8.61446242e-05,1
0.00048828125,832,0.00670479517,0.00609605107,8.62780216e-05,1
0.00048828125,833,0.00671359012,0.00610421179,8.64116155e-05,1
0.00048828125,834,0.00672240416,0.00611239532,8.65457114e-05,1
0.00048828125,835,0.00673116976,0.00612053555,8.66788178e-05,1
0.00048828125,836,0.00673994748,0.00612868182,8.68124698e-05,1
0.00048828125,837,0.00674870797,0.00613682391,8.69462237e-05,1
0.00048828125,838,0.00675754482,0.00614501908,8.70802905e-05,1
0.00048828125,839,0.00676632347,0.00615317281,8.72145029e-05,1
0.00048828125,840,0.00677511794,0.00616134424,8.73487588e-05,1
0.00048828125,841,0.00678392826,0.00616951939,8.74829275e-05,1
0.00048828125,842,0.00679271994,0.00617768709,8.76170816e-05,1
0.00048828125,843,0.00680151768,0.00618585106,8.77516286e-05,1
0.00048828125,844,0.00681031868,0.00619402528,8.78854698e-05,1
0.00048828125,845,0.00681911223,0.00620219624,8.80200023e-05,1
0.00048828125,846,0.00682794303,0.00621039746,8.81548258e-05,1
0.00048828125,847,0.00683674589,0.00621857028,8.82892273e-05,1
0.00048828125,848,0.00684553199,0.00622673379,8.8423898e-05,1
0.00048828125,849,0.00685434509,0.00623491919,8.85587433e-05,1
0.00048828125,850,0.00686317263,0.00624312274,8.86937123e-05,1
0.00048828125,851,0.00687198201,0.00625130301,8.88287832e-05,1
0.00048828125,852,0.00688077416,0.00625946932,8.89632938e-05,1
0.00048828125,853,0.00688964501,0.00626770919,8.90985539e-05,1
0.00048828125,854,0.00689847441,0.00627591275,8.92340904e-05,1
0.00048828125,855,0.00690728053,0.00628409395,8.93692559e-05,1
0.00048828125,856,0.00691614533,0.00629232824,8.95049452e-05,1
0.00048828125,857,0.00692495564,0.0063005141,8.96404163e-05,1
0.00048828125,858,0.00693374826,0.00630868413,8.97753998e-05,1
0.00048828125,859,0.00694261445,0.00631691935,8.99111401e-05,1
0.00048828125,860,0.00695144292,0.00632512569,9.00470113e-05,1
0.00048828125,861,0.00696025975,0.0063333204,9.01824751e-05,1
0.00048828125,862,0.00696912315,0.00634155236,9.03187756e-05,1
0.00048828125,863,0.00697794696,0.00634975545,9.04542321e-05,1
0.00048828125,864,0.0069867745,0.00635795528,9.05902198e-05,1
0.00048828125,865,0.00699564582,0.00636620354,9.0726433e-05,1
0.00048828125,866,0.00700446451,0.00637440523,9.08626025e-05,1
0.00048828125,867,0.00701331673,0.00638262695,9.09987211e-05,1
0.00048828125,868,0.00702216616,0.00639085053,9.11351308e-05,1
0.00048828125,869,0.00703101372,0.00639907178,9.12715186e-05,1
0.00048828125,870,0.00703987479,0.0064073191,9.14082339e-05,1
0.00048828125,871,0.00704873353,0.0064155478,9.15445635e-05,1
0.00048828125,872,0.00705760391,0.00642379513,9.16813951e-05,1
0.00048828125,873,0.00706647988,0.00643204246,9.18182122e-05,1
0.00048828125,874,0.00707534747,0.00644028792,9.19554659e-05,1
0.00048828125,875,0.00708417781,0.00644849613,9.20921666e-05,1
0.00048828125,876,0.00709304819,0.00645673694,9.22289109e-05,1
0.00048828125,877,0.00710191438,0.00646498986,9.23662155e-05,1
0.00048828125,878,0.00711076381,0.00647321483,9.25034547e-05,1
0.00048828125,879,0.00711966492,0.00648149103,9.26409557e-05,1
0.00048828125,880,0.00712851761,0.00648972439,9.27780566e-05,1
0.00048828125,881,0.00713738566,0.00649796939,9.29151502e-05,1
0.00048828125,882,0.00714626629,0.00650622323,9.30525639e-05,1
0.00048828125,883,0.00715516321,0.0065144985,9.31902687e-05,1
0.00048828125,884,0.00716402475,0.00652273791,9.3327988e-05,1
0.00048828125,885,0.00717292028,0.00653100759,9.3465962e-05,1
0.00048828125,886,0.00718180742,0.0065392768,9.36037977e-05,1
0.00048828125,887,0.00719071459,0.00654756324,9.37414079e-05,1
0.00048828125,888,0.00719956029,0.00655578356,9.38791854e-05,1
0.00048828125,889,0.00720846467,0.00656406721,9.40174868e-05,1
0.00048828125,890,0.00721735135,0.00657233549,9.41555991e-05,1
0.00048828125,891,0.00722627854,0.00658063777,9.42940678e-05,1
0.00048828125,892,0.0072351587,0.00658890093,9.44324347e-05,1
0.00048828125,893,0.00724405516,0.00659717247,9.45706488e-05,1
0.00048828125,894,0.00725293066,0.00660543656,9.47089284e-05,1
0.00048828125,895,0.00726185506,0.00661372952,9.48473971e-05,1
0.00048828125,896,0.00727075478,0.00662201038,9.49862006e-05,1
0.00048828125,897,0.00727964751,0.00663028844,9.51251059e-05,1
0.00048828125,898,0.00728858821,0.00663860468,9.52638366e-05,1
0.00048828125,899,0.00729749817,0.00664688833,9.54023417e-05,1
0.00048828125,900,0.00730640953,0.00665518641,9.55416617e-05,1
0.00048828125,901,0.00731529761,0.00666345563,9.56803124e-05,1
0.00048828125,902,0.00732424669,0.00667177653,9.58197415e-05,1
0.00048828125,903,0.00733312918,0.00668004714,9.59582831e-05,1
0.00048828125,904,0.00734204147,0.00668834103,9.60978214e-05,1
0.00048828125,905,0.0073509803,0.00669665355,9.62373088e-05,1
0.00048828125,906,0.00735993171,0.00670498703,9.63765342e-05,1
0.00048828125,907,0.00736884354,0.00671328092,9.65160725e-05,1
0.00048828125,908,0.00737775676,0.00672157342,9.66556545e-05,1
0.00048828125,909,0.00738668768,0.00672988873,9.67956439e-05,1
0.00048828125,910,0.00739564281,0.0067382222,9.69352404e-05,1
0.00048828125,911,0.00740457233,0.00674653146,9.70751207e-05,1
0.00048828125,912,0.00741349813,0.00675483653,9.7215001e-05,1
0.00048828125,913,0.00742244907,0.00676316535,9.7354794e-05,1
0.00048828125,914,0.00743136229,0.00677146856,9.74947325e-05,1
0.00048828125,915,0.00744031649,0.00677979831,9.76349329e-05,1
0.00048828125,916,0.0074492516,0.00678811735,9.77753152e-05,1
0.00048828125,917,0.00745818764,0.00679643871,9.79156612e-05,1
0.00048828125,918,0.00746715209,0.00680478383,9.80562763e-05,1
0.00048828125,919,0.00747611327,0.00681311963,9.81967169e-05,1
0.00048828125,920,0.00748507772,0.00682146847,9.83372447e-05,1
0.00048828125,921,0.00749403937,0.00682981825,9.84778162e-05,1
0.00048828125,922,0.00750293583,0.00683808699,9.86183222e-05,1
0.00048828125,923,0.00751189375,0.0068464363,9.87591993e-05,1
0.00048828125,924,0.00752086192,0.00685479119,9.89000182e-05,1
0.00048828125,925,0.00752984826,0.00686315773,9.90414337e-05,1
0.00048828125,926,0.0075387978,0.00687148748,9.91825509e-05,1
0.00048828125,927,0.00754776364,0.00687983958,9.93236754e-05,1
0.00048828125,928,0.0075567388,0.0068881996,9.94644652e-05,1
0.00048828125,929,0.00756570883,0.00689656474,9.96054951e-05,1
0.00048828125,930,0.00757465325,0.0069048875,9.97465831e-05,1
0.00048828125,931,0.00758364284,0.00691325683,9.98883843e-05,1
0.00048828125,932,0.00759263523,0.0069216392,0.000100030469,1
0.00048828125,933,0.0076015857,0.0069299778,0.000100172088,1
0.00048828125,934,0.00761056365,0.00693833828,0.000100313649,1
0.00048828125,935,0.00761954207,0.0069466983,0.000100455218,1
0.00048828125,936,0.00762853166,0.0069550802,0.000100597303,1
0.00048828125,937,0.00763751892,0.00696345279,0.000100739475,1
0.00048828125,938,0.00764651177,0.00697182212,0.000100881633,1
0.00048828125,939,0.0076555023,0.00698020728,0.000101023732,1
0.00048828125,940,0.00766450027,0.00698859245,0.00010116605,1
0.00048828125,941,0.0076735029,0.00699697109,0.000101308273,1
0.00048828125,942,0.00768248271,0.00700534787,0.000101450452,1
0.00048828125,943,0.00769145461,0.00701370602,0.00010159309,1
0.00048828125,944,0.00770046096,0.00702209957,0.000101735444,1
0.00048828125,945,0.00770946825,0.00703048613,0.000101878482,1
0.00048828125,946,0.00771843968,0.00703885499,0.000102020778,1
0.00048828125,947,0.00772745907,0.00704725599,0.000102163678,1
0.00048828125,948,0.00773649896,0.00705568539,0.000102306592,1
0.00048828125,949,0.00774544384,0.00706402492,0.00010244907,1
0.00048828125,950,0.00775449257,0.00707244826,0.000102592356,1
0.00048828125,951,0.00776349474,0.00708083808,0.000102735386,1
0.00048828125,952,0.00777250621,0.00708924141,0.000102878839,1
0.00048828125,953,0.00778150978,0.00709764659,0.000103021594,1
0.00048828125,954,0.00779055059,0.00710606156,0.000103165614,1
0.00048828125,955,0.00779955555,0.00711445278,0.000103308739,1
0.00048828125,956,0.00780859962,0.00712288916,0.00010345257,1
0.00048828125,957,0.00781762786,0.00713129761,0.000103595841,1
0.00048828125,958,0.00782663934,0.00713969581,0.000103739803,1
0.00048828125,959,0.00783566479,0.00714812381,0.000103883474,1
0.00048828125,960,0.00784468185,0.00715652667,0.000104027349,1
0.00048828125,961,0.00785373244,0.00716496399,0.000104171522,1
0.00048828125,962,0.00786274485,0.00717336638,0.00010431523,1
0.00048828125,963,0.00787180103,0.00718180556,0.00010445933,1
0.00048828125,964,0.0078808181,0.00719021214,0.00010460311,1
0.00048828125,965,0.0078898482,0.00719863456,0.000104747654,1
0.00048828125,966,0.00789892115,0.00720709097,0.000104892111,1
0.00048828125,967,0.00790794287,0.00721550407,0.000105036859,1
0.00048828125,968,0.00791698787,0.00722394371,0.000105181178,1
0.00048828125,969,0.00792604964,0.00723238988,0.000105325882,1
0.00048828125,970,0.00793510396,0.00724083278,0.000105470666,1
0.00048828125,971,0.00794413686,0.00724926358,0.000105615181,1
0.00048828125,972,0.00795319956,0.00725770928,0.000105760213,1
0.00048828125,973,0.00796224177,0.00726614054,0.000105904764,1
0.00048828125,974,0.0079713231,0.00727461558,0.000106050531,1
0.00048828125,975,0.00798036717,0.00728305243,0.000106195046,1
0.00048828125,976,0.00798943359,0.00729150465,0.000106340209,1
0.00048828125,977,0.00799849629,0.00729996152,0.000106485757,1
0.00048828125,978,0.00800754968,0.00730841001,0.000106630941,1
0.00048828125,979,0.00801662169,0.00731687387,0.000106776853,1
0.00048828125,980,0.00802571792,0.00732535543,0.000106922351,1
0.00048828125,981,0.00803475641,0.00733378483,0.00010706755,1
0.00048828125,982,0.00804383308,0.00734225847,0.000107213506,1
0.00048828125,983,0.00805293676,0.00735075446,0.000107359272,1
0.00048828125,984,0.00806198083,0.00735918386,0.000107505155,1
0.00048828125,985,0.00807108916,0.00736768637,0.000107651395,1
0.00048828125,986,0.00808013603,0.00737613766,0.000107796521,1
0.00048828125,987,0.00808924809,0.00738463365,0.000107943022,1
0.00048828125,988,0.00809831079,0.007393084,0.000108089269,1
0.00048828125,989,0.0081073828,0.00740155578,0.000108235319,1
0.00048828125,990,0.00811649486,0.00741006294,0.000108382272,1
0.00048828125,991,0.00812560413,0.00741854962,0.00010852846,1
0.00048828125,992,0.00813467614,0.00742702372,0.000108674998,1
0.00048828125,993,0.00814377051,0.00743551785,0.000108821594,1
0.00048828125,994,0.00815287326,0.00744400732,0.000108968619,1
0.00048828125,995,0.00816196855,0.00745249726,0.000109115739,1
0.00048828125,996,0.00817105826,0.00746098068,0.000109262139,1
0.00048828125,997,0.00818016473,0.00746948272,0.000109409375,1
0.00048828125,998,0.008189274,0.00747798523,0.000109556473,1
0.00048828125,999,0.00819839444,0.0074865045,0.000109703651,1
0.00048828125,1000,0.00820751209,0.00749500515,0.000109850698,1
0.00048828125,1001,0.00821657199,0.0075034718,0.000109997913,1
0.00048828125,1002,0.00822571758,0.00751200831,0.000110145556,1
0.00048828125,1003,0.00823482499,0.00752050383,0.000110292705,1
0.00048828125,1004,0.00824391749,0.00752900634,0.000110440378,1
0.00048828125,1005,0.00825305469,0.00753752887,0.000110587876,1
0.00048828125,1006,0.00826218165,0.00754604954,0.000110735928,1
0.00048828125,1007,0.0082713021,0.00755457394,0.00011088379,1
0.00048828125,1008,0.00828044023,0.00756309694,0.00011103139,1
0.00048828125,1009,0.00828952994,0.00757159013,0.000111179528,1
0.00048828125,1010,0.00829867553,0.00758012803,0.000111327769,1
0.00048828125,1011,0.00830779132,0.00758863753,0.000111475652,1
0.00048828125,1012,0.00831696205,0.00759720337,0.000111624133,1
0.00048828125,1013,0.00832606759,0.00760570588,0.000111772097,1
0.00048828125,1014,0.00833520107,0.00761424331,0.000111920635,1
0.00048828125,1015,0.00834434945,0.00762278447,0.000112069225,1
0.00048828125,1016,0.00835346989,0.00763130141,0.000112217764,1
0.00048828125,1017,0.00836262573,0.00763985142,0.000112366579,1
0.00048828125,1018,0.00837179925,0.00764842564,0.000112515743,1
0.00048828125,1019,0.008380902,0.0076569356,0.000112664296,1
0.00048828125,1020,0.00839005504,0.00766547304,0.000112813206,1
0.00048828125,1021,0.00839922298,0.00767403701,0.00011296208,1
0.00048828125,1022,0.00840836298,0.00768258516,0.00011311128,1
0.00048828125,1023,0.00841751229,0.00769111793,0.000113259681,1
0.000244140625,0,4.53995344e-05,0,0,1
0.000244140625,1,5.26583135e-05,6.54013365e-06,7.70009905e-08,1
0.000244140625,2,5.99188497e-05,1.30820363e-05,1.54059961e-07,1
0.000244140625,3,6.71811213e-05,1.96259516e-05,2.31178745e-07,1
0.000244140625,4,7.44444769e-05,2.61712848e-05,3.0834758e-07,1
0.000244140625,5,8.17104228e-05,3.27187263e-05,3.85588493e-07,1
0.000244140625,6,8.89777584e-05,3.92678958e-05,4.6287451e-07,1
0.000244140625,7,9.62467748e-05,4.58189061e-05,5.40209214e-07,1
0.000244140625,8,0.000103517195,5.23716881e-05,6.17615797e-07,1
0.000244140625,9,0.000110789806,5.8926169e-05,6.95066092e-07,1
0.000244140625,10,0.000118064308,6.54827236e-05,7.72608189e-07,1
0.000244140625,11,0.000125340026,7.20406533e-05,8.50187689e-07,1
0.000244140625,12,0.000132617657,7.86010933e-05,9.27818292e-07,1
0.000244140625,13,0.000139897355,8.51630612e-05,1.00550187e-06,1
0.000244140625,14,0.000147178493,9.17268044e-05,1.08324048e-06,1
0.000244140625,15,0.000154460853,9.82917118e-05,1.16103274e-06,1
0.000244140625,16,0.000161745949,0.000104859355,1.23891846e-06,1
0.000244140625,17,0.00016903202,0.000111428286,1.31682395e-06,1
0.000244140625,18,0.000176319896,0.000117999341,1.39479198e-06,1
0.000244140625,19,0.000183609547,0.000124571699,1.47287756e-06,1
0.000244140625,20,0.000190901104,0.000131146386,1.55097655e-06,1
0.000244140625,21,0.000198193491,0.000137722061,1.62913011e-06,1
0.000244140625,22,0.000205490593,0.000144301855,1.70735666e-06,1
0.000244140625,23,0.000212787301,0.000150882173,1.78561413e-06,1
0.000244140625,24,0.00022008465,0.000157462724,1.86393231e-06,1
0.000244140625,25,0.000227384851,0.000164046738,1.94232734e-06,1
0.000244140625,26,0.000234686609,0.000170631771,2.02075239e-06,1
0.000244140625,27,0.000241990274,0.00017721935,2.09924383e-06,1
0.000244140625,28,0.000249295379,0.000183808705,2.17779234e-06,1
0.000244140625,29,0.000256603322,0.000190400227,2.25639678e-06,1
0.000244140625,30,0.000263911148,0.000196992565,2.33505239e-06,1
0.000244140625,31,0.000271222467,0.00020358678,2.41379803e-06,1
0.000244140625,32,0.000278533873,0.000210182479,2.49261029e-06,1
0.000244140625,33,0.000285847025,0.000216780289,2.57144393e-06,1
0.000244140625,34,0.000293163059,0.000223380222,2.65034964e-06,1
0.000244140625,35,0.000300480693,0.000229982135,2.72929401e-06,1
0.000244140625,36,0.000307800598,0.000236585998,2.80831932e-06,1
0.000244140625,37,0.000315120968,0.000243191913,2.88738488e-06,1
0.000244140625,38,0.000322443724,0.000249799079,2.96660892e-06,1
0.000244140625,39,0.000329768518,0.000256408704,3.04583182e-06,1
0.000244140625,40,0.000337094272,0.000263018883,3.12508701e-06,1
0.000244140625,41,0.000344420667,0.000269630254,3.2043979e-06,1
0.000244140625,42,0.000351749681,0.000276244769,3.28377132e-06,1
0.000244140625,43,0.000359082973,0.000282862457,3.36318453e-06,1
0.000244140625,44,0.000366417284,0.000289482123,3.44269074e-06,1
0.000244140625,45,0.000373751391,0.00029610112,3.52222469e-06,1
0.000244140625,46,0.000381086953,0.000302722561,3.60184549e-06,1
0.000244140625,47,0.000388424814,0.000309345778,3.68150791e-06,1
0.000244140625,48,0.000395766692,0.000315972982,3.76119669e-06,1
0.000244140625,49,0.000403109181,0.000322600827,3.84097393e-06,1
0.000244140625,50,0.000410453766,0.000329229806,3.92083621e-06,1
0.000244140625,51,0.000417797943,0.000335860997,4.00074259e-06,1
0.000244140625,52,0.000425142993,0.000342490734,4.08067172e-06,1
0.000244140625,53,0.00043249107,0.000349125941,4.16066587e-06,1
0.000244140625,54,0.000439843396,0.00035576371,4.24074597e-06,1
0.000244140625,55,0.000447194412,0.000362401013,4.32087018e-06,1
0.000244140625,56,0.000454549911,0.000369042478,4.40103395e-06,1
0.000244140625,57,0.000461905962,0.000375684351,4.48129686e-06,1
0.000244140625,58,0.000469260995,0.000382326951,4.56157068e-06,1
0.000244140625,59,0.000476620306,0.000388972112,4.64192908e-06,1
0.000244140625,60,0.000483981334,0.000395618787,4.72235206e-06,1
0.000244140625,61,0.000491345825,0.000402270409,4.80284643e-06,1
0.000244140625,62,0.000498709851,0.000408920983,4.88337855e-06,1
0.000244140625,63,0.000506075681,0.000415573188,4.96403391e-06,1
0.000244140625,64,0.000513443665,0.000422227429,5.0446688e-06,1
0.000244140625,65,0.000520811474,0.00042888301,5.12537736e-06,1
0.000244140625,66,0.00052818394,0.000435542664,5.20618187e-06,1
0.000244140625,67,0.000535555009,0.000442201796,5.28698456e-06,1
0.000244140625,68,0.000542929105,0.000448862847,5.36787138e-06,1
0.000244140625,69,0.000550306286,0.000455526897,5.44883551e-06,1
0.000244140625,70,0.000557685446,0.000462192605,5.52987376e-06,1
0.000244140625,71,0.00056506769,0.000468862825,5.61090792e-06,1
0.000244140625,72,0.000572448305,0.00047553156,5.69204167e-06,1
0.000244140625,73,0.00057982927,0.000482199976,5.77318815e-06,1
0.000244140625,74,0.000587216869,0.000488874502,5.85444241e-06,1
0.000244140625,75,0.000594602199,0.000495548768,5.93583491e-06,1
0.000244140625,76,0.000601991487,0.000502225128,6.01723605e-06,1
0.000244140625,77,0.000609379786,0.000508901547,6.09869539e-06,1
0.000244140625,78,0.000616775535,0.000515585416,6.18023569e-06,1
0.000244140625,79,0.00062416814,0.000522266841,6.26179371e-06,1
0.000244140625,80,0.000631562958,0.000528950244,6.3434336e-06,1
0.000244140625,81,0.000638963655,0.000535637606,6.42507939e-06,1
0.000244140625,82,0.000646361383,0.000542325201,6.50680977e-06,1
0.000244140625,83,0.000653758063,0.000549010292,6.58858153e-06,1
0.000244140625,84,0.000661158643,0.00055570004,6.67041104e-06,1
0.000244140625,85,0.000668570923,0.000562399393,6.75233787e-06,1
0.000244140625,86,0.000675975636,0.000569094322,6.83431381e-06,1
0.000244140625,87,0.000683385297,0.000575792277,6.91631021e-06,1
0.000244140625,88,0.000690796995,0.000582493027,6.99841257e-06,1
0.000244140625,89,0.00069820619,0.000589190633,7.08052858e-06,1
0.000244140625,90,0.000705616665,0.000595891383,7.16276918e-06,1
0.000244140625,91,0.000713036105,0.000602599117,7.24499523e-06,1
0.000244140625,92,0.000720450771,0.000609302835,7.32732997e-06,1
0.000244140625,93,0.000727869628,0.000616011443,7.40969244e-06,1
0.000244140625,94,0.000735285925,0.000622718304,7.49208948e-06,1
0.000244140625,95,0.000742707984,0.000629429531,7.57461976e-06,1
0.000244140625,96,0.000750134757,0.000636146753,7.65715686e-06,1
0.000244140625,97,0.000757558097,0.000642860075,7.73972442e-06,1
0.000244140625,98,0.000764985743,0.000649577356,7.82245843e-06,1
0.000244140625,99,0.000772415719,0.000656297489,7.90517697e-06,1
0.000244140625,100,0.00077984517,0.000663016166,7.98790461e-06,1
0.000244140625,101,0.000787276018,0.000669736648,8.07082324e-06,1
0.000244140625,102,0.000794714841,0.000676466734,8.15370367e-06,1
0.000244140625,103,0.000802151451,0.000683192862,8.23667961e-06,1
0.000244140625,104,0.000809585676,0.000689917244,8.3196901e-06,1
0.000244140625,105,0.000817023509,0.000696646282,8.4028452e-06,1
0.000244140625,106,0.000824465766,0.00070337893,8.48593845e-06,1
0.000244140625,107,0.000831908314,0.000710113149,8.56907263e-06,1
0.000244140625,108,0.000839354703,0.000716849812,8.65235961e-06,1
0.000244140625,109,0.000846797077,0.000723583624,8.73573117e-06,1
0.000244140625,110,0.000854243815,0.000730321277,8.81910091e-06,1
0.000244140625,111,0.00086169393,0.000737062888,8.90252068e-06,1
0.000244140625,112,0.000869149924,0.000743809389,8.98597864e-06,1
0.000244140625,113,0.000876602542,0.000750551699,9.0695703e-06,1
0.000244140625,114,0.000884054578,0.000757297734,9.15325836e-06,1
0.000244140625,115,0.000891511212,0.000764045923,9.23689367e-06,1
0.000244140625,116,0.00089897163,0.000770797371,9.3205972e-06,1
0.000244140625,117,0.000906431756,0.000777549576,9.40444988e-06,1
0.000244140625,118,0.000913893455,0.000784303003,9.48835077e-06,1
0.000244140625,119,0.000921355037,0.000791056897,9.57222073e-06,1
0.000244140625,120,0.000928824418,0.000797817367,9.65618892e-06,1
0.000244140625,121,0.00093629444,0.000804578594,9.74027535e-06,1
0.000244140625,122,0.000943760795,0.000811336446,9.82435722e-06,1
0.000244140625,123,0.000951230759,0.000818099244,9.90846456e-06,1
0.000244140625,124,0.000958705728,0.000824864139,9.99270924e-06,1
0.000244140625,125,0.000966181513,0.000831631362,1.00769867e-05,1
0.000244140625,126,0.000973652874,0.000838397653,1.01614569e-05,1
0.000244140625,127,0.000981132849,0.00084516895,1.0245928e-05,1
0.000244140625,128,0.000988619053,0.000851946534,1.03304101e-05,1
0.000244140625,129,0.000996092567,0.000858716085,1.0414883e-05,1
0.000244140625,130,0.00100357528,0.000865489943,1.04995106e-05,1
0.000244140625,131,0.00101106393,0.000872271601,1.058425e-05,1
0.000244140625,132,0.00101855036,0.000879051862,1.06689295e-05,1
0.000244140625,133,0.00102603168,0.000885827234,1.07536544e-05,1
0.000244140625,134,0.00103352615,0.0008926132,1.08384702e-05,1
0.000244140625,135,0.00104102131,0.000899401377,1.09233897e-05,1
0.000244140625,136,0.00104851089,0.000906185945,1.10083865e-05,1
0.000244140625,137,0.00105600967,0.000912975927,1.10933706e-05,1
0.000244140625,138,0.00106350682,0.000919767888,1.11783993e-05,1
0.000244140625,139,0.0010710021,0.000926556881,1.12635898e-05,1
0.000244140625,140,0.00107850449,0.000933351927,1.13487804e-05,1
0.000244140625,141,0.00108600769,0.000940148253,1.1434051e-05,1
0.000244140625,142,0.0010935131,0.000946950633,1.15192915e-05,1
0.000244140625,143,0.00110101933,0.000953748473,1.16047286e-05,1
0.000244140625,144,0.0011085266,0.000960549689,1.16900719e-05,1
0.000244140625,145,0.00111603353,0.000967353117,1.17755753e-05,1
0.000244140625,146,0.00112354406,0.000974156952,1.18611542e-05,1
0.000244140625,147,0.00113105541,0.000980963465,1.19467759e-05,1
0.000244140625,148,0.00113857479,0.000987777836,1.20324348e-05,1
0.000244140625,149,0.00114609278,0.000994588714,1.21182129e-05,1
0.000244140625,150,0.00115361204,0.00100140157,1.22040001e-05,1
0.000244140625,151,0.00116112968,0.00100821396,1.22898118e-05,1
0.000244140625,152,0.00116865349,0.00101502973,1.23759182e-05,1
0.000244140625,153,0.0011761717,0.00102184655,1.24619373e-05,1
0.000244140625,154,0.00118370145,0.00102867221,1.25480692e-05,1
0.000244140625,155,0.00119122758,0.00103549135,1.26342829e-05,1
0.000244140625,156,0.00119875174,0.00104231108,1.27204357e-05,1
0.000244140625,157,0.00120628614,0.00104914012,1.28066667e-05,1
0.000244140625,158,0.00121381972,0.00105596951,1.2893127e-05,1
0.000244140625,159,0.00122135412,0.00106279994,1.29793671e-05,1
0.000244140625,160,0.00122889376,0.00106963422,1.30659446e-05,1
0.000244140625,161,0.00123642758,0.00107646373,1.31524075e-05,1
0.000244140625,162,0.00124396756,0.00108330126,1.32389459e-05,1
0.000244140625,163,0.00125150953,0.00109013752,1.33255453e-05,1
0.000244140625,164,0.00125904672,0.00109697122,1.34122301e-05,1
0.000244140625,165,0.00126659183,0.00110381341,1.34989568e-05,1
0.000244140625,166,0.00127413543,0.00111065095,1.35857135e-05,1
0.000244140625,167,0.00128168531,0.00111749815,1.36725803e-05,1
0.000244140625,168,0.00128923438,0.00112434407,1.37594998e-05,1
0.000244140625,169,0.00129678997,0.00113119441,1.38465266e-05,1
0.000244140625,170,0.00130434614,0.00113804848,1.39336098e-05,1
0.000244140625,171,0.00131190603,0.00114490325,1.40206448e-05,1
0.000244140625,172,0.00131946092,0.00115175522,1.41078526e-05,1
0.000244140625,173,0.00132702361,0.00115861534,1.41950368e-05,1
0.000244140625,174,0.00133458455,0.00116547244,1.42823064e-05,1
0.000244140625,175,0.00134214049,0.00117232604,1.43695979e-05,1
0.000244140625,176,0.0013497175,0.0011791985,1.4457155e-05,1
0.000244140625,177,0.00135727588,0.00118605478,1.45444619e-05,1
0.000244140625,178,0.00136484578,0.00119292201,1.46320444e-05,1
0.000244140625,179,0.00137241569,0.00119978911,1.47196151e-05,1
0.000244140625,180,0.00137998327,0.00120665412,1.4807234e-05,1
0.000244140625,181,0.00138755911,0.00121352775,1.48949812e-05,1
0.000244140625,182,0.00139513519,0.00122040138,1.49827201e-05,1
0.000244140625,183,0.00140271499,0.00122727861,1.50706092e-05,1
0.000244140625,184,0.00141029258,0.00123415259,1.51585145e-05,1
0.000244140625,185,0.0014178683,0.00124102621,1.52463936e-05,1
0.000244140625,186,0.00142544298,0.00124789949,1.53344517e-05,1
0.000244140625,187,0.00143303222,0.00125478709,1.54224072e-05,1
0.000244140625,188,0.00144061353,0.00126166805,1.55106682e-05,1
0.000244140625,189,0.00144820916,0.00126856146,1.55987709e-05,1
0.000244140625,190,0.00145579735,0.00127544813,1.56870865e-05,1
0.000244140625,191,0.00146338332,0.00128233177,1.57752875e-05,1
0.000244140625,192,0.00147098,0.00128922518,1.58637849e-05,1
0.000244140625,193,0.00147857307,0.0012961193,1.59522042e-05,1
0.000244140625,194,0.00148617034,0.00130301469,1.60407308e-05,1
0.000244140625,195,0.00149376795,0.00130991091,1.61293428e-05,1
0.000244140625,196,0.00150136184,0.00131680374,1.6217813e-05,1
0.000244140625,197,0.00150896353,0.00132370531,1.63066125e-05,1
0.000244140625,198,0.00151657441,0.00133061712,1.63954101e-05,1
0.000244140625,199,0.00152417959,0.00133751705,1.64842495e-05,1
0.000244140625,200,0.00153177674,0.00134441617,1.65730817e-05,1
0.000244140625,201,0.00153939542,0.00135132973,1.66620521e-05,1
0.000244140625,202,0.00154700316,0.00135823851,1.67510771e-05,1
0.000244140625,203,0.00155461277,0.00136515149,1.68401366e-05,1
0.000244140625,204,0.00156222715,0.0013720633,1.69292325e-05,1
0.000244140625,205,0.00156983384,0.00137897232,1.70185231e-05,1
0.000244140625,206,0.00157746288,0.00138589507,1.71077918e-05,1
0.000244140625,207,0.00158508052,0.00139281806,1.71969932e-05,1
0.000244140625,208,0.0015926999,0.00139973429,1.72862547e-05,1
0.000244140625,209,0.00160031614,0.00140665472,1.73759145e-05,1
0.000244140625,210,0.00160794717,0.00141358259,1.7465276e-05,1
0.000244140625,211,0.00161557982,0.00142051722,1.7554903e-05,1
0.000244140625,212,0.00162320165,0.00142744067,1.76445865e-05,1
0.000244140625,213,0.00163083035,0.00143436855,1.77342372e-05,1
0.000244140625,214,0.00163846114,0.00144130085,1.78239279e-05,1
0.000244140625,215,0.00164609961,0.00144823804,1.79137787e-05,1
0.000244140625,216,0.00165373064,0.00145517336,1.80036059e-05,1
0.000244140625,217,0.00166136189,0.00146210403,1.80935149e-05,1
0.000244140625,218,0.00166900433,0.00146904716,1.8183604e-05,1
0.000244140625,219,0.00167665095,0.00147599471,1.82737131e-05,1
0.000244140625,220,0.00168429082,0.00148293516,1.83637403e-05,1
0.000244140625,221,0.00169193093,0.00148987561,1.84539604e-05,1
0.000244140625,222,0.00169957266,0.00149682141,1.85441822e-05,1
0.000244140625,223,0.00170722813,0.00150377769,1.86345424e-05,1
0.000244140625,224,0.00171487778,0.0015107278,1.87248334e-05,1
0.000244140625,225,0.00172252161,0.00151767512,1.88153317e-05,1
0.000244140625,226,0.00173018791,0.00152463932,1.89059592e-05,1
0.000244140625,227,0.00173784466,0.00153159979,1.89964339e-05,1
0.000244140625,228,0.00174548756,0.00153854361,1.90869614e-05,1
0.000244140625,229,0.00175315258,0.00154551072,1.9177689e-05,1
0.000244140625,230,0.00176081457,0.00155247492,1.92684274e-05,1
0.000244140625,231,0.00176847144,0.00155943609,1.93591495e-05,1
0.000244140625,232,0.00177613297,0.00156639912,1.94500753e-05,1
0.000244140625,233,0.00178379787,0.00157336681,1.95409484e-05,1
0.000244140625,234,0.00179147138,0.00158034149,1.9632007e-05,1
0.000244140625,235,0.00179913361,0.00158730964,1.97231238e-05,1
0.000244140625,236,0.00180680177,0.00159428082,1.9814308e-05,1
0.000244140625,237,0.00181447761,0.00160126109,1.99055266e-05,1
0.000244140625,238,0.00182215078,0.00160823541,1.99966616e-05,1
0.000244140625,239,0.00182982883,0.00161521765,2.00880859e-05,1
0.000244140625,240,0.00183750945,0.00162220153,2.01794137e-05,1
0.000244140625,241,0.00184519193,0.00162918738,2.02709707e-05,1
0.000244140625,242,0.00185286789,0.00163616566,2.03622694e-05,1
0.000244140625,243,0.00186054956,0.00164315035,2.04539101e-05,1
0.000244140625,244,0.00186823518,0.00165014004,2.05455399e-05,1
0.000244140625,245,0.00187592511,0.00165713264,2.06373079e-05,1
0.000244140625,246,0.00188359816,0.00166411453,2.07289959e-05,1
0.000244140625,247,0.00189129077,0.00167110842,2.08208257e-05,1
0.000244140625,248,0.00189899805,0.00167811685,2.0912652e-05,1
0.000244140625,249,0.00190668786,0.00168511178,2.10046637e-05,1
0.000244140625,250,0.00191437709,0.00169210916,2.10967228e-05,1
0.000244140625,251,0.00192207284,0.00169910677,2.11887673e-05,1
0.000244140625,252,0.00192977919,0.00170611544,2.12807499e-05,1
0.000244140625,253,0.0019374761,0.00171311817,2.13731528e-05,1
0.000244140625,254,0.00194517733,0.00172012765,2.14653337e-05,1
0.000244140625,255,0.00195288996,0.00172713993,2.15576983e-05,1
0.000244140625,256,0.00196060096,0.00173415442,2.1650103e-05,1
0.000244140625,257,0.00196829648,0.00174115831,2.17426186e-05,1
0.000244140625,258,0.00197601807,0.001748187,2.1835227e-05,1
0.000244140625,259,0.001983725,0.00175519509,2.192787e-05,1
0.000244140625,260,0.00199143589,0.00176221202,2.20205256e-05,1
0.000244140625,261,0.00199914537,0.00176922954,2.21131922e-05,1
0.000244140625,262,0.00200687209,0.00177626312,2.22060644e-05,1
0.000244140625,263,0.00201458251,0.00178327365,2.22986873e-05,1
0.000244140625,264,0.00202230667,0.00179030467,2.23917705e-05,1
0.000244140625,265,0.00203003618,0.00179734244,2.24849027e-05,1
0.000244140625,266,0.0020377466,0.00180435809,2.25778695e-05,1
0.000244140625,267,0.00204548612,0.00181140087,2.26708798e-05,1
0.000244140625,268,0.00205320935,0.00181843061,2.27640467e-05,1
0.000244140625,269,0.00206093187,0.00182546454,2.28572571e-05,1
0.000244140625,270,0.00206866465,0.00183250033,2.29506895e-05,1
0.000244140625,271,0.00207640138,0.00183954183,2.30439255e-05,1
0.000244140625,272,0.00208413927,0.00184658426,2.31374324e-05,1
0.000244140625,273,0.00209186552,0.00185362156,2.32308576e-05,1
0.000244140625,274,0.00209961995,0.00186067889,2.33244773e-05,1
0.000244140625,275,0.00210735132,0.0018677169,2.34180116e-05,1
0.000244140625,276,0.00211509061,0.00187476492,2.35118314e-05,1
0.000244140625,277,0.00212283968,0.0018818198,2.36054348e-05,1
0.000244140625,278,0.00213058991,0.00188887434,2.36993455e-05,1
0.000244140625,279,0.00213832478,0.00189591968,2.37930872e-05,1
0.000244140625,280,0.00214608107,0.00190298422,2.38870343e-05,1
0.000244140625,281,0.00215382827,0.0019100355,2.39810433e-05,1
0.000244140625,282,0.00216158573,0.00191710005,2.40750851e-05,1
0.000244140625,283,0.00216934434,0.00192416739,2.41693488e-05,1
0.000244140625,284,0.00217709527,0.00193122867,2.42635906e-05,1
0.000244140625,285,0.00218485342,0.00193829159,2.43576051e-05,1
0.000244140625,286,0.00219261902,0.00194536441,2.44519688e-05,1
0.000244140625,287,0.00220037345,0.00195242953,2.45464289e-05,1
0.000244140625,288,0.00220813695,0.00195949851,2.46407981e-05,1
0.000244140625,289,0.00221590279,0.0019665719,2.47351909e-05,1
0.000244140625,290,0.00222366932,0.00197364832,2.48297711e-05,1
0.000244140625,291,0.0022314447,0.00198073313,2.49244495e-05,1
0.000244140625,292,0.00223921682,0.00198781095,2.50192079e-05,1
0.000244140625,293,0.00224698358,0.0019948869,2.51137899e-05,1
0.000244140625,294,0.0022547578,0.0020019724,2.52087757e-05,1
0.000244140625,295,0.00226254482,0.00200906303,2.53034814e-05,1
0.000244140625,296,0.00227031764,0.00201614411,2.53986273e-05,1
0.000244140625,297,0.00227809767,0.00202323636,2.54937804e-05,1
0.000244140625,298,0.00228587072,0.00203031674,2.55885589e-05,1
0.000244140625,299,0.00229365728,0.00203741272,2.56838139e-05,1
0.000244140625,300,0.00230144663,0.00204451196,2.57790598e-05,1
0.000244140625,301,0.00230923248,0.00205161073,2.5874313e-05,1
0.000244140625,302,0.00231701811,0.00205869903,2.59696535e-05,1
0.000244140625,303,0.00232481374,0.00206580712,2.60651013e-05,1
0.000244140625,304,0.00233260053,0.00207290472,2.616046e-05,1
0.000244140625,305,0.00234039919,0.00208000978,2.62559734e-05,1
0.000244140625,306,0.00234819809,0.0020871195,2.63515831e-05,1
0.000244140625,307,0.00235599233,0.00209422596,2.64472274e-05,1
0.000244140625,308,0.00236380287,0.00210134475,2.65430517e-05,1
0.000244140625,309,0.00237160129,0.00210845028,2.66389616e-05,1
0.000244140625,310,0.00237939623,0.00211555883,2.67347441e-05,1
0.000244140625,311,0.00238719978,0.0021226774,2.68306303e-05,1
0.000244140625,312,0.00239500799,0.00212979061,2.69268476e-05,1
0.000244140625,313,0.00240281806,0.00213690964,2.70230321e-05,1
0.000244140625,314,0.00241062557,0.00214403053,2.71192494e-05,1
0.000244140625,315,0.0024184268,0.00215113768,2.72154084e-05,1
0.000244140625,316,0.00242625503,0.00215827907,2.73118239e-05,1
0.000244140625,317,0.00243406952,0.00216540741,2.7408154e-05,1
0.000244140625,318,0.0024418917,0.00217253575,2.75046496e-05,1
0.000244140625,319,0.00244971691,0.00217967248,2.76012088e-05,1
0.000244140625,320,0.00245753885,0.00218681013,2.76977898e-05,1
0.000244140625,321,0.00246535381,0.00219393708,2.77943054e-05,1
0.000244140625,322,0.00247318042,0.00220107054,2.78910338e-05,1
0.000244140625,323,0.00248100096,0.00220820727,2.7987684e-05,1
0.000244140625,324,0.00248883618,0.00221535051,2.80846089e-05,1
0.000244140625,325,0.00249666953,0.00222249422,2.81814846e-05,1
0.000244140625,326,0.00250449916,0.00222963747,2.82783967e-05,1
0.000244140625,327,0.00251231669,0.00223677256,2.83754071e-05,1
0.000244140625,328,0.00252016052,0.0022439193,2.84722701e-05,1
0.000244140625,329,0.00252799899,0.00225107209,2.85695496e-05,1
0.000244140625,330,0.00253582955,0.00225822162,2.86666946e-05,1
0.000244140625,331,0.00254366081,0.00226535904,2.87640614e-05,1
0.000244140625,332,0.00255151745,0.00227252929,2.88614665e-05,1
0.000244140625,333,0.00255934079,0.00227967254,2.89586878e-05,1
0.000244140625,334,0.00256721582,0.00228685047,2.9056213e-05,1
0.000244140625,335,0.00257506152,0.00229401025,2.91538199e-05,1
0.000244140625,336,0.00258290581,0.00230117096,2.92513159e-05,1
0.000244140625,337,0.00259077013,0.00230834284,2.93491339e-05,1
0.000244140625,338,0.00259863469,0.00231551891,2.94467882e-05,1
0.000244140625,339,0.00260647922,0.00232268148,2.95446007e-05,1
0.000244140625,340,0.0026143468,0.00232985895,2.96424932e-05,1
0.000244140625,341,0.002622206,0.00233703107,2.97403694e-05,1
0.000244140625,342,0.00263005774,0.00234420062,2.98383111e-05,1
0.000244140625,343,0.00263793487,0.0023513874,2.99364401e-05,1
0.000244140625,344,0.00264580105,0.00235856511,3.00343763e-05,1
0.000244140625,345,0.00265364815,0.00236573117,3.01324835e-05,1
0.000244140625,346,0.00266153389,0.0023729268,3.02307053e-05,1
0.000244140625,347,0.002669401,0.00238010776,3.03291527e-05,1
0.000244140625,348,0.00267725973,0.002387285,3.04274272e-05,1
0.000244140625,349,0.0026851499,0.00239448529,3.05259891e-05,1
0.000244140625,350,0.00269301212,0.00240166183,3.06243528e-05,1
0.000244140625,351,0.00270089996,0.0024088663,3.07230512e-05,1
0.000244140625,352,0.00270877359,0.00241605146,3.08216913e-05,1
0.000244140625,353,0.00271667703,0.00242326595,3.09203606e-05,1
0.000244140625,354,0.00272452366,0.00243043667,3.10190298e-05,1
0.000244140625,355,0.0027324215,0.00243764184,3.11178956e-05,1
0.000244140625,356,0.00274030934,0.00244484609,3.1216965e-05,1
0.000244140625,357,0.00274820742,0.00245205965,3.13158234e-05,1
0.000244140625,358,0.00275609503,0.0024592597,3.14147546e-05,1
0.000244140625,359,0.00276398472,0.00246646861,3.15138386e-05,1
0.000244140625,360,0.00277187303,0.00247367355,3.1612959e-05,1
0.000244140625,361,0.0027797732,0.00248088571,3.17122322e-05,1
0.000244140625,362,0.00278766267,0.00248809345,3.18113198e-05,1
0.000244140625,363,0.00279556192,0.00249530911,3.19107567e-05,1
0.000244140625,364,0.00280347164,0.00250253035,3.20104191e-05,1
0.000244140625,365,0.0028113618,0.00250973762,3.21096377e-05,1
0.000244140625,366,0.00281928107,0.0025169719,3.22092019e-05,1
0.000244140625,367,0.00282718032,0.00252418639,3.23087515e-05,1
0.000244140625,368,0.00283510704,0.00253143255,3.24085995e-05,1
0.000244140625,369,0.00284299091,0.00253862957,3.25082074e-05,1
0.000244140625,370,0.00285091484,0.00254587107,3.26079426e-05,1
0.000244140625,371,0.00285882922,0.00255310675,3.27079615e-05,1
0.000244140625,372,0.00286675198,0.00256033894,3.28078895e-05,1
0.000244140625,373,0.00287464657,0.0025675525,3.29077811e-05,1
0.000244140625,374,0.00288257166,0.00257479725,3.30079129e-05,1
0.000244140625,375,0.00289052282,0.00258205831,3.31082047e-05,1
0.000244140625,376,0.00289841578,0.00258927327,3.32083073e-05,1
0.000244140625,377,0.00290633738,0.00259651523,3.33085991e-05,1
0.000244140625,378,0.0029142811,0.00260377047,3.34089709e-05,1
0.000244140625,379,0.00292220525,0.00261101499,3.35092845e-05,1
0.000244140625,380,0.00293012173,0.00261824694,3.36096527e-05,1
0.000244140625,381,0.00293804985,0.00262549147,3.3710101e-05,1
0.000244140625,382,0.00294600311,0.0026327651,3.38109021e-05,1
0.000244140625,383,0.00295393704,0.00264001125,3.39114413e-05,1
0.000244140625,384,0.00296186213,0.00264725671,3.40124097e-05,1
0.000244140625,385,0.00296981004,0.00265452755,3.41132218e-05,1
0.000244140625,386,0.00297774677,0.00266177673,3.42140047e-05,1
0.000244140625,387,0.00298569445,0.00266904617,3.43149695e-05,1
0.000244140625,388,0.00299362559,0.00267629512,3.44159125e-05,1
0.000244140625,389,0.00300158304,0.00268356735,3.45170229e-05,1
0.000244140625,390,0.00300952746,0.00269083446,3.46181914e-05,1
0.000244140625,391,0.00301747886,0.00269810273,3.47195455e-05,1
0.000244140625,392,0.00302543351,0.0027053752,3.48207905e-05,1
0.000244140625,393,0.00303336792,0.00271263486,3.49220172e-05,1
0.000244140625,394,0.00304134446,0.00271992548,3.50232804e-05,1
0.000244140625,395,0.00304929586,0.00272719376,3.51251219e-05,1
0.000244140625,396,0.00305723539,0.00273445714,3.52264396e-05,1
0.000244140625,397,0.00306521542,0.00274175103,3.53280047e-05,1
0.000244140625,398,0.00307318289,0.00274904212,3.54299409e-05,1
0.000244140625,399,0.00308113941,0.00275631482,3.55316661e-05,1
0.000244140625,400,0.00308910129,0.00276359939,3.56334203e-05,1
0.000244140625,401,0.00309706642,0.00277089048,3.57354256e-05,1
0.000244140625,402,0.00310505996,0.00277819298,3.58373181e-05,1
0.000244140625,403,0.00311302184,0.00278547616,3.5939418e-05,1
0.000244140625,404,0.00312099163,0.00279276585,3.60415834e-05,1
0.000244140625,405,0.00312897167,0.00280006416,3.61436614e-05,1
0.000244140625,406,0.00313694589,0.00280736526,3.62458777e-05,1
0.000244140625,407,0.00314493524,0.00281466637,3.63482905e-05,1
0.000244140625,408,0.0031529062,0.00282196421,3.64506632e-05,1
0.000244140625,409,0.0031608732,0.00282925065,3.65527521e-05,1
0.000244140625,410,0.00316888909,0.00283658132,3.66554086e-05,1
0.000244140625,411,0.0031768505,0.00284386496,3.67579487e-05,1
0.000244140625,412,0.00318485359,0.00285118911,3.68605979e-05,1
0.000244140625,413,0.00319284783,0.00285850465,3.69633417e-05,1
0.000244140625,414,0.00320083043,0.00286581414,3.70659909e-05,1
0.000244140625,415,0.00320882979,0.00287312828,3.71689239e-05,1
0.000244140625,416,0.0032168196,0.00288044056,3.72715949e-05,1
0.000244140625,417,0.00322482339,0.00288776262,3.73747353e-05,1
0.000244140625,418,0.00323283183,0.00289509166,3.74776864e-05,1
0.000244140625,419,0.00324080233,0.00290238927,3.7580583e-05,1
0.000244140625,420,0.00324881892,0.00290972344,3.76839416e-05,1
0.000244140625,421,0.00325681339,0.00291704293,3.77871111e-05,1
0.000244140625,422,0.00326482928,0.00292437756,3.78904515e-05,1
0.000244140625,423,0.0032728489,0.00293172011,3.79938429e-05,1
0.000244140625,424,0.00328083616,0.00293903472,3.80973215e-05,1
0.000244140625,425,0.00328885019,0.00294636656,3.82004509e-05,1
0.000244140625,426,0.00329687842,0.00295372307,3.83045117e-05,1
0.000244140625,427,0.00330491737,0.00296107447,3.84079394e-05,1
0.000244140625,428,0.00331290555,0.00296838977,3.851168e-05,1
0.000244140625,429,0.00332092051,0.00297573442,3.86153915e-05,1
0.000244140625,430,0.00332895201,0.00298308022,3.8719154e-05,1
0.000244140625,431,0.00333697721,0.00299043022,3.88232947e-05,1
0.000244140625,432,0.00334499124,0.00299776671,3.89273191e-05,1
0.000244140625,433,0.00335301179,0.00300511299,3.90312598e-05,1
0.000244140625,434,0.00336105539,0.00301247952,3.91354006e-05,1
0.000244140625,435,0.00336910691,0.00301985047,3.92396905e-05,1
0.000244140625,436,0.00337710767,0.00302718347,3.93437076e-05,1
0.000244140625,437,0.00338514638,0.00303453812,3.94480885e-05,1
0.000244140625,438,0.00339317834,0.00304189976,3.95521565e-05,1
0.000244140625,439,0.00340121868,0.00304926094,3.96567484e-05,1
0.000244140625,440,0.00340927672,0.00305664027,3.97614058e-05,1
0.000244140625,441,0.00341729401,0.00306399097,3.98660777e-05,1
0.000244140625,442,0.00342534296,0.0030713561,3.99708806e-05,1
0.000244140625,443,0.00343339564,0.00307873636,4.00756398e-05,1
0.000244140625,444,0.00344145671,0.00308611616,4.01803554e-05,1
0.000244140625,445,0.00344948773,0.00309347338,4.02852456e-05,1
0.000244140625,446,0.00345753343,0.0031008441,4.03901868e-05,1
0.000244140625,447,0.00346559868,0.00310822856,4.04952807e-05,1
0.000244140625,448,0.00347365811,0.00311561534,4.0600291e-05,1
0.000244140625,449,0.00348172337,0.0031230012,4.07051484e-05,1
0.000244140625,450,0.00348975929,0.00313036563,4.08102424e-05,1
0.000244140625,451,0.00349781686,0.00313774915,4.09155837e-05,1
0.000244140625,452,0.00350589538,0.00314515037,4.10210923e-05,1
0.000244140625,453,0.00351395411,0.00315254321,4.11266228e-05,1
0.000244140625,454,0.0035220026,0.00315991137,4.12319132e-05,1
0.000244140625,455,0.00353007554,0.00316731445,4.13375892e-05,1
0.000244140625,456,0.00353814126,0.00317470171,4.14433161e-05,1
0.000244140625,457,0.00354621466,0.00318210432,4.15486065e-05,1
0.000244140625,458,0.00355430529,0.00318951346,4.16545445e-05,1
0.000244140625,459,0.00356235821,0.00319689233,4.17603806e-05,1
0.000244140625,460,0.00357042719,0.00320429308,4.18664349e-05,1
0.000244140625,461,0.0035785255,0.0032117134,4.1972351e-05,1
0.000244140625,462,0.0035865989,0.00321911694,4.20786091e-05,1
0.000244140625,463,0.00359469093,0.00322653167,4.21844306e-05,1
0.000244140625,464,0.00360275875,0.00323393056,4.22905869e-05,1
0.000244140625,465,0.00361085916,0.00324135274,4.23971433e-05,1
0.000244140625,466,0.00361893466,0.00324875908,4.2503103e-05,1
0.000244140625,467,0.00362703344,0.00325618358,4.26097322e-05,1
0.000244140625,468,0.00363512384,0.00326359551,4.27160121e-05,1
0.000244140625,469,0.00364321051,0.0032710135,4.28223866e-05,1
0.000244140625,470,0.00365131279,0.00327843521,4.29289212e-05,1
0.000244140625,471,0.00365939969,0.0032858518,4.30357832e-05,1
0.000244140625,472,0.00366751221,0.00329328887,4.31424414e-05,1
0.000244140625,473,0.00367561146,0.00330071617,4.32492998e-05,1
0.000244140625,474,0.00368371815,0.00330814952,4.33561581e-05,1
0.000244140625,475,0.00369180762,0.00331556797,4.34631656e-05,1
0.000244140625,476,0.00369991711,0.00332301017,4.35700131e-05,1
0.000244140625,477,0.00370803778,0.00333045004,4.36773371e-05,1
0.000244140625,478,0.00371614518,0.00333788572,4.37842973e-05,1
0.000244140625,479,0.00372425537,0.00334531767,4.3891494e-05,1
0.000244140625,480,0.0037323588,0.00335275196,4.39986979e-05,1
0.000244140625,481,0.0037404804,0.00336019881,4.41061638e-05,1
0.000244140625,482,0.00374859455,0.00336764148,4.42133169e-05,1
0.000244140625,483,0.00375671452,0.00337509206,4.43208774e-05,1
0.000244140625,484,0.0037648431,0.00338254659,4.44287361e-05,1
0.000244140625,485,0.0037729498,0.00338998786,4.45361948e-05,1
0.000244140625,486,0.00378109026,0.00339744706,4.46438389e-05,1
0.000244140625,487,0.00378924282,0.00340492884,4.47518287e-05,1
0.000244140625,488,0.0037973423,0.00341234752,4.48595747e-05,1
0.000244140625,489,0.00380547508,0.00341981277,4.49675281e-05,1
0.000244140625,490,0.00381361414,0.00342727778,4.50752996e-05,1
0.000244140625,491,0.00382175529,0.00343474792,4.51833694e-05,1
0.000244140625,492,0.00382989668,0.00344221666,4.52916429e-05,1
0.000244140625,493,0.00383801968,0.00344966911,4.53995744e-05,1
0.000244140625,494,0.00384614873,0.0034571311,4.5507848e-05,1
0.000244140625,495,0.00385429664,0.0034646031,4.56161215e-05,1
0.000244140625,496,0.00386243919,0.00347207626,4.57246497e-05,1
0.000244140625,497,0.00387060386,0.00347956293,4.58330614e-05,1
0.000244140625,498,0.00387877203,0.00348706171,4.59416951e-05,1
0.000244140625,499,0.00388688641,0.00349451182,4.60502342e-05,1
0.000244140625,500,0.00389503641,0.00350199034,4.61589807e-05,1
0.000244140625,501,0.00390317664,0.00350947073,4.62674871e-05,1
0.000244140625,502,0.00391134806,0.00351696787,4.63763863e-05,1
0.000244140625,503,0.00391950319,0.0035244578,4.64854384e-05,1
0.000244140625,504,0.00392765459,0.00353193609,4.65942212e-05,1
0.000244140625,505,0.00393581064,0.00353942602,4.67032005e-05,1
0.000244140625,506,0.00394396577,0.00354690757,4.68122962e-05,1
0.000244140625,507,0.00395215023,0.00355442474,4.69216902e-05,1
0.000244140625,508,0.00396032585,0.00356193259,4.70310042e-05,1
0.000244140625,509,0.00396848191,0.00356941856,4.71401436e-05,1
0.000244140625,510,0.00397663936,0.00357691664,4.72497195e-05,1
0.000244140625,511,0.00398480613,0.00358440774,4.73588516e-05,1
0.000244140625,512,0.00399297476,0.00359191629,4.74682893e-05,1
0.000244140625,513,0.00400117692,0.00359943742,4.75781853e-05,1
0.000244140625,514,0.00400934322,0.00360694434,4.76876521e-05,1
0.000244140625,515,0.00401752908,0.0036144508,4.7797359e-05,1
0.000244140625,516,0.00402568653,0.00362194981,4.79070877e-05,1
0.000244140625,517,0.00403386913,0.00362945814,4.80169983e-05,1
0.000244140625,518,0.00404206477,0.00363699323,4.8126909e-05,1
0.000244140625,519,0.00405027205,0.00364452531,4.82372707e-05,1
0.000244140625,520,0.00405843928,0.00365203386,4.83472686e-05,1
0.000244140625,521,0.00406662142,0.00365953986,4.84571792e-05,1
0.000244140625,522,0.00407481007,0.00366706355,4.85674391e-05,1
0.000244140625,523,0.00408300478,0.00367458723,4.86777353e-05,1
0.000244140625,524,0.00409120973,0.00368212676,4.87879224e-05,1
0.000244140625,525,0.00409940537,0.00368965603,4.88985024e-05,1
0.000244140625,526,0.00410759635,0.00369718205,4.90090679e-05,1
0.000244140625,527,0.00411578268,0.00370470365,4.91194514e-05,1
0.000244140625,528,0.00412398018,0.00371224037,4.92302352e-05,1
0.000244140625,529,0.00413220283,0.00371978758,4.93411535e-05,1
0.000244140625,530,0.0041404129,0.00372732943,4.94516789e-05,1
0.000244140625,531,0.00414863043,0.00373488013,4.95626518e-05,1
0.000244140625,532,0.0041568405,0.0037424257,4.96736757e-05,1
0.000244140625,533,0.00416502543,0.00374994567,4.97843503e-05,1
0.000244140625,534,0.00417324528,0.00375750475,4.98954832e-05,1
0.000244140625,535,0.00418146513,0.00376505498,5.00068563e-05,1
0.000244140625,536,0.00418968126,0.00377260987,5.01178038e-05,1
0.000244140625,537,0.00419789273,0.00378015172,5.02290131e-05,1
0.000244140625,538,0.00420613401,0.00378772151,5.03404881e-05,1
0.000244140625,539,0.00421435246,0.00379527593,5.04520431e-05,1
0.000244140625,540,0.00422255509,0.00380281731,5.0563176e-05,1
0.000244140625,541,0.00423077727,0.00381037174,5.0674782e-05,1
0.000244140625,542,0.00423901435,0.00381795131,5.07865043e-05,1
0.000244140625,543,0.00424725935,0.00382552855,5.08982193e-05,1
0.000244140625,544,0.00425549597,0.00383310579,5.10103491e-05,1
0.000244140625,545,0.00426372234,0.00384066021,5.11218823e-05,1
0.000244140625,546,0.00427195244,0.00384822395,5.12338775e-05,1
0.000244140625,547,0.00428019185,0.00385579886,5.13457926e-05,1
0.000244140625,548,0.00428842288,0.00386336795,5.14578351e-05,1
0.000244140625,549,0.00429667067,0.00387095287,5.15698302e-05,1
0.000244140625,550,0.0043049166,0.00387853663,5.16821128e-05,1
0.000244140625,551,0.00431316439,0.0038861162,5.1794319e-05,1
0.000244140625,552,0.00432140846,0.00389369996,5.19066743e-05,1
0.000244140625,553,0.00432964787,0.00390127115,5.20191752e-05,1
0.000244140625,554,0.00433789659,0.00390886329,5.21316251e-05,1
0.000244140625,555,0.00434616487,0.00391646009,5.22441442e-05,1
0.000244140625,556,0.00435440708,0.00392404525,5.23568597e-05,1
0.000244140625,557,0.00436268095,0.00393164996,5.24695424e-05,1
0.000244140625,558,0.00437092502,0.00393923651,5.2582418e-05,1
0.000244140625,559,0.0043791933,0.00394683378,5.26954464e-05,1
0.000244140625,560,0.00438744109,0.00395442173,5.28081e-05,1
0.000244140625,561,0.0043956982,0.00396201154,5.29211393e-05,1
0.000244140625,562,0.00440398324,0.00396964233,5.30343677e-05,1
0.000244140625,563,0.00441225711,0.00397724845,5.31472615e-05,1
0.000244140625,564,0.00442051236,0.0039848499,5.32605845e-05,1
0.000244140625,565,0.00442877878,0.00399245229,5.33737402e-05,1
0.000244140625,566,0.00443705078,0.00400006119,5.34872161e-05,1
0.000244140625,567,0.00444531627,0.00400766078,5.36004372e-05,1
0.000244140625,568,0.00445360225,0.00401528738,5.37141095e-05,1
0.000244140625,569,0.00446189474,0.00402291724,5.38276872e-05,1
0.000244140625,570,0.00447017699,0.00403053546,5.39414395e-05,1
0.000244140625,571,0.00447845273,0.00403815275,5.40547262e-05,1
0.000244140625,572,0.00448672939,0.0040457705,5.41687041e-05,1
0.000244140625,573,0.00449501257,0.00405338872,5.42828166e-05,1
0.000244140625,574,0.00450329855,0.00406101113,5.43965434e-05,1
0.000244140625,575,0.00451158825,0.00406864099,5.45106377e-05,1
0.000244140625,576,0.00451990217,0.00407628901,5.46247829e-05,1
0.000244140625,577,0.00452818908,0.00408392027,5.47388154e-05,1
0.000244140625,578,0.00453648716,0.00409155944,5.48531098e-05,1
0.000244140625,579,0.00454477407,0.00409918837,5.49673859e-05,1
0.000244140625,580,0.00455307588,0.00410682149,5.50817713e-05,1
0.000244140625,581,0.00456136744,0.00411445415,5.51961894e-05,1
0.000244140625,582,0.00456968043,0.00412210403,5.53107275e-05,1
0.000244140625,583,0.00457798783,0.0041297581,5.54251674e-05,1
0.000244140625,584,0.00458630268,0.00413740845,5.55400984e-05,1
0.000244140625,585,0.004594611,0.0041450588,5.56546256e-05,1
0.000244140625,586,0.00460292492,0.00415270915,5.57690691e-05,1
0.000244140625,587,0.00461121742,0.00416034181,5.58840329e-05,1
0.000244140625,588,0.00461952575,0.00416799029,5.59988439e-05,1
0.000244140625,589,0.00462785503,0.00417565834,5.61141169e-05,1
0.000244140625,590,0.00463616662,0.00418331847,5.62293899e-05,1
0.000244140625,591,0.00464450195,0.0041909907,5.63442336e-05,1
0.000244140625,592,0.00465280749,0.00419864291,5.64594484e-05,1
0.000244140625,593,0.00466114236,0.00420631282,5.65747541e-05,1
0.000244140625,594,0.00466947444,0.00421398785,5.66902891e-05,1
0.000244140625,595,0.00467779115,0.00422164239,5.68056239e-05,1
0.000244140625,596,0.00468611857,0.00422931463,5.69210315e-05,1
0.000244140625,597,0.00469443854,0.00423697568,5.70364064e-05,1
0.000244140625,598,0.00470277574,0.00424465816,5.71523415e-05,1
0.000244140625,599,0.00471110083,0.00425232109,5.72678036e-05,1
0.000244140625,600,0.00471945154,0.00426000822,5.73837642e-05,1
0.000244140625,601,0.00472780038,0.00426770188,5.7499572e-05,1
0.000244140625,602,0.00473614642,0.00427538715,5.76155726e-05,1
0.000244140625,603,0.00474447943,0.0042830687,5.77315041e-05,1
0.000244140625,604,0.00475280872,0.00429074233,5.78477957e-05,1
0.000244140625,605,0.00476114126,0.00429841783,5.79638399e-05,1
0.000244140625,606,0.00476949429,0.00430610776,5.80799897e-05,1
0.000244140625,607,0.0047778436,0.00431380421,5.81963104e-05,1
0.000244140625,608,0.00478621805,0.00432152022,5.83128822e-05,1
0.000244140625,609,0.00479455432,0.00432920177,5.8429272e-05,1
0.000244140625,610,0.00480290921,0.00433690008,5.8545651e-05,1
0.000244140625,611,0.00481128506,0.00434461655,5.86622264e-05,1
0.000244140625,612,0.00481964322,0.00435231347,5.87791183e-05,1
0.000244140625,613,0.0048279902,0.0043600006,5.88958283e-05,1
0.000244140625,614,0.00483635161,0.00436771335,5.9012651e-05,1
0.000244140625,615,0.00484472048,0.00437542703,5.91295429e-05,1
0.000244140625,616,0.0048530777,0.00438313326,5.92461256e-05,1
0.000244140625,617,0.00486143725,0.0043908339,5.93632758e-05,1
0.000244140625,618,0.00486983266,0.00439856574,5.94806261e-05,1
0.000244140625,619,0.004878195,0.00440627709,5.95975107e-05,1
0.000244140625,620,0.00488657132,0.00441399449,5.97147409e-05,1
0.000244140625,621,0.00489494111,0.00442171237,5.9832335e-05,1
0.000244140625,622,0.00490332209,0.00442943862,5.99496634e-05,1
0.000244140625,623,0.00491169747,0.00443715788,6.00671592e-05,1
0.000244140625,624,0.00492007565,0.00444487575,6.01844913e-05,1
0.000244140625,625,0.00492846733,0.00445261365,6.03021508e-05,1
0.000244140625,626,0.00493684039,0.00446033664,6.04201341e-05,1
0.000244140625,627,0.00494522974,0.00446806941,6.05377099e-05,1
0.000244140625,628,0.00495361071,0.00447579753,6.06552203e-05,1
0.000244140625,629,0.00496202474,0.00448355637,6.07733455e-05,1
0.000244140625,630,0.00497041643,0.00449129241,6.08916525e-05,1
0.000244140625,631,0.0049788258,0.00449904287,6.10096722e-05,1
0.000244140625,632,0.0049871821,0.00450674584,6.112759e-05,1
0.000244140625,633,0.00499562267,0.00451453496,6.12463409e-05,1
0.000244140625,634,0.00500400318,0.00452226214,6.13640732e-05,1
0.000244140625,635,0.00501240278,0.00453001028,6.14823584e-05,1
0.000244140625,636,0.00502082752,0.00453777146,6.16012767e-05,1
0.000244140625,637,0.00502921408,0.00454550888,6.17194455e-05,1
0.000244140625,638,0.00503765233,0.00455329381,6.18385166e-05,1
0.000244140625,639,0.00504605053,0.00456104334,6.19568091e-05,1
0.000244140625,640,0.00505445572,0.00456879381,6.20754145e-05,1
0.000244140625,641,0.00506287813,0.00457655638,6.21944855e-05,1
0.000244140625,642,0.00507128751,0.00458431523,6.23133747e-05,1
0.000244140625,643,0.00507969642,0.00459206989,6.24317181e-05,1
0.000244140625,644,0.00508810952,0.00459983153,6.25512039e-05,1
0.000244140625,645,0.00509652169,0.0046075969,6.26700712e-05,1
0.000244140625,646,0.00510495156,0.00461537112,6.27893169e-05,1
0.000244140625,647,0.00511336373,0.00462312903,6.29086426e-05,1
0.000244140625,648,0.00512179499,0.00463090837,6.30278155e-05,1
0.000244140625,649,0.00513022719,0.0046386905,6.31475268e-05,1
0.000244140625,650,0.00513864588,0.00464645866,6.32665615e-05,1
0.000244140625,651,0.00514711067,0.00465427153,6.33866293e-05,1
0.000244140625,652,0.00515551772,0.00466202479,6.35058168e-05,1
0.000244140625,653,0.00516393781,0.00466979016,6.36257391e-05,1
0.000244140625,654,0.0051724026,0.00467760442,6.37455232e-05,1
0.000244140625,655,0.00518081058,0.0046853628,6.38656056e-05,1
0.000244140625,656,0.00518927118,0.00469317194,6.39854188e-05,1
0.000244140625,657,0.00519767776,0.00470093079,6.41050719e-05,1
0.000244140625,658,0.00520614767,0.00470874365,6.42253581e-05,1
0.000244140625,659,0.00521460362,0.00471654255,6.43456733e-05,1
0.000244140625,660,0.00522306655,0.00472436147,6.44657339e-05,1
0.000244140625,661,0.00523151038,0.00473215804,6.45860782e-05,1
0.000244140625,662,0.00523997145,0.00473996811,6.47062261e-05,1
0.000244140625,663,0.00524842413,0.00474776793,6.48269561e-05,1
0.000244140625,664,0.00525693223,0.00475561759,6.49475332e-05,1
0.000244140625,665,0.00526532764,0.00476336572,6.50679285e-05,1
0.000244140625,666,0.00527381944,0.00477121165,6.51887458e-05,1
0.000244140625,667,0.00528227026,0.00477901613,6.53094248e-05,1
0.000244140625,668,0.00529073412,0.00478682388,6.54301839e-05,1
0.000244140625,669,0.00529921567,0.00479465351,6.55510739e-05,1
0.000244140625,670,0.00530767767,0.00480246823,6.56725169e-05,1
0.000244140625,671,0.00531613873,0.00481028249,6.57931887e-05,1
0.000244140625,672,0.00532460259,0.00481809955,6.591485e-05,1
0.000244140625,673,0.00533307763,0.00482592313,6.60363075e-05,1
0.000244140625,674,0.00534157827,0.00483377278,6.61575032e-05,1
0.000244140625,675,0.00535007799,0.0048416215,6.62789098e-05,1
0.000244140625,676,0.00535854558,0.00484943576,6.64006293e-05,1
0.000244140625,677,0.00536704669,0.00485729333,6.65221378e-05,1
0.000244140625,678,0.00537552033,0.00486511877,6.66438063e-05,1
0.000244140625,679,0.00538400048,0.00487294234,6.67652057e-05,1
0.000244140625,680,0.00539248809,0.00488078501,6.68873545e-05,1
0.000244140625,681,0.00540097244,0.00488862582,6.70091467e-05,1
0.000244140625,682,0.0054094689,0.00489646802,6.71309681e-05,1
0.000244140625,683,0.00541793928,0.00490430277,6.7252935e-05,1
0.000244140625,684,0.00542645203,0.00491215847,6.73752802e-05,1
0.000244140625,685,0.00543495081,0.0049200044,6.74971816e-05,1
0.000244140625,686,0.00544345565,0.00492786709,6.76197305e-05,1
0.000244140625,687,0.00545194373,0.00493570138,6.77414573e-05,1
0.000244140625,688,0.00546044856,0.00494357105,6.78637589e-05,1
0.000244140625,689,0.0054689399,0.00495140813,6.79865771e-05,1
0.000244140625,690,0.00547747547,0.0049592955,6.81088713e-05,1
0.000244140625,691,0.00548595143,0.00496712886,6.82311802e-05,1
0.000244140625,692,0.00549447117,0.00497499993,6.83545004e-05,1
0.000244140625,693,0.00550300954,0.00498289103,6.84772313e-05,1
0.000244140625,694,0.00551152416,0.00499075558,6.8600013e-05,1
0.000244140625,695,0.0055200411,0.00499862386,6.87228166e-05,1
0.000244140625,696,0.00552855572,0.00500649167,6.88457367e-05,1
0.000244140625,697,0.00553705683,0.00501435017,6.89687367e-05,1
0.000244140625,698,0.0055456073,0.00502225477,6.90922316e-05,1
0.000244140625,699,0.00555408467,0.0050300872,6.92147005e-05,1
0.000244140625,700,0.00556261791,0.0050379755,6.93379989e-05,1
0.000244140625,701,0.00557115534,0.00504586007,6.94614428e-05,1
0.000244140625,702,0.00557967601,0.00505373999,6.95851486e-05,1
0.000244140625,703,0.00558820646,0.00506162038,6.9708185e-05,1
0.000244140625,704,0.0055967588,0.00506953429,6.98319054e-05,1
0.000244140625,705,0.00560528552,0.00507740211,6.99556549e-05,1
0.000244140625,706,0.00561381876,0.00508529833,7.00792298e-05,1
0.000244140625,707,0.00562234828,0.00509318616,7.02029065e-05,1
0.000244140625,708,0.00563090667,0.00510109216,7.03269616e-05,1
0.000244140625,709,0.00563944504,0.0051089949,7.04505801e-05,1
0.000244140625,710,0.00564796198,0.00511686411,7.05743296e-05,1
0.000244140625,711,0.00565654598,0.00512479711,7.06989958e-05,1
0.000244140625,712,0.00566509087,0.0051327059,7.08233565e-05,1
0.000244140625,713,0.00567365065,0.00514061376,7.09477026e-05,1
0.000244140625,714,0.00568220159,0.00514852721,7.10712629e-05,1
0.000244140625,715,0.00569075719,0.0051564374,7.11959001e-05,1
0.000244140625,716,0.00569930766,0.00516433455,7.13200861e-05,1
0.000244140625,717,0.00570783811,0.00517223123,7.14447087e-05,1
0.000244140625,718,0.00571639976,0.0051801512,7.15692295e-05,1
0.000244140625,719,0.00572497025,0.00518806931,7.16937429e-05,1
0.000244140625,720,0.00573351746,0.00519597717,7.18183728e-05,1
0.000244140625,721,0.00574208563,0.00520390645,7.19432865e-05,1
0.000244140625,722,0.00575068081,0.00521185296,7.20683383e-05,1
0.000244140625,723,0.00575924432,0.00521977525,7.21931719e-05,1
0.000244140625,724,0.00576781947,0.0052277064,7.23184785e-05,1
0.000244140625,725,0.00577641139,0.0052356557,7.2443785e-05,1
0.000244140625,726,0.00578496838,0.00524357101,7.25685677e-05,1
0.000244140625,727,0.00579355052,0.00525151379,7.26938306e-05,1
0.000244140625,728,0.00580214104,0.00525945704,7.28195446e-05,1
0.000244140625,729,0.00581070641,0.00526737235,7.29444728e-05,1
0.000244140625,730,0.00581932999,0.00527535379,7.30701722e-05,1
0.000244140625,731,0.00582787022,0.00528326072,7.31959735e-05,1
0.000244140625,732,0.00583644724,0.00529120117,7.33214256e-05,1
0.000244140625,733,0.00584504893,0.00529915094,7.34472851e-05,1
0.000244140625,734,0.00585363014,0.00530709559,7.3573101e-05,1
0.000244140625,735,0.0058622146,0.00531503558,7.36986112e-05,1
0.000244140625,736,0.00587080652,0.00532298908,7.38247181e-05,1
0.000244140625,737,0.00587937701,0.00533092069,7.39503448e-05,1
0.000244140625,738,0.0058879857,0.00533888489,7.40766409e-05,1
0.000244140625,739,0.00589661626,0.00534686912,7.42029515e-05,1
0.000244140625,740,0.00590518722,0.00535480585,7.4329233e-05,1
0.000244140625,741,0.00591378752,0.00536276679,7.4455631e-05,1
0.000244140625,742,0.00592240086,0.00537073333,7.45818252e-05,1
0.000244140625,743,0.00593099371,0.00537868589,7.47082813e-05,1
0.000244140625,744,0.00593963638,0.00538668875,7.48353923e-05,1
0.000244140625,745,0.00594823528,0.0053946469,7.49618703e-05,1
0.000244140625,746,0.00595682207,0.0054025976,7.508829e-05,1
0.000244140625,747,0.00596544519,0.00541057717,7.52148189e-05,1
0.000244140625,748,0.00597405992,0.00541855395,7.53421555e-05,1
0.000244140625,749,0.00598266441,0.00542651489,7.54685316e-05,1
0.000244140625,750,0.00599132106,0.00543453917,7.55961519e-05,1
0.000244140625,751,0.00599992322,0.00544249918,7.57231901e-05,1
0.000244140625,752,0.00600854773,0.00545047875,7.58503884e-05,1
0.000244140625,753,0.0060171769,0.00545846764,7.59776522e-05,1
0.000244140625,754,0.00602578698,0.00546644442,7.61049014e-05,1
0.000244140625,755,0.00603441335,0.00547443004,7.62321288e-05,1
0.000244140625,756,0.0060430537,0.00548242964,7.63597636e-05,1
0.000244140625,757,0.00605169171,0.00549043017,7.6487333e-05,1
0.000244140625,758,0.0060603423,0.00549844187,7.66151497e-05,1
0.000244140625,759,0.00606895844,0.0055064233,7.67428573e-05,1
0.000244140625,760,0.0060776188,0.00551443826,7.68707396e-05,1
0.000244140625,761,0.00608626148,0.00552243879,7.69983308e-05,1
0.000244140625,762,0.00609489949,0.00553044165,7.71268242e-05,1
0.000244140625,763,0.00610353751,0.00553844683,7.72544736e-05,1
0.000244140625,764,0.00611219415,0.00554646458,7.73827487e-05,1
0.000244140625,765,0.00612084148,0.00555447675,7.75106528e-05,1
0.000244140625,766,0.0061295093,0.00556250196,7.76393135e-05,1
0.000244140625,767,0.00613814313,0.00557050249,7.77678506e-05,1
0.000244140625,768,0.0061467723,0.00557849649,7.78960966e-05,1
0.000244140625,769,0.00615547458,0.0055865515,7.80246191e-05,1
0.000244140625,770,0.00616413681,0.00559457531,7.81535418e-05,1
0.000244140625,771,0.006172786,0.00560259167,7.8281606e-05,1
0.000244140625,772,0.00618143985,0.00561061315,7.84103613e-05,1
0.000244140625,773,0.00619011465,0.00561864581,7.85393786e-05,1
0.000244140625,774,0.00619879086,0.00562668499,7.86687597e-05,1
0.000244140625,775,0.0062074312,0.00563469343,7.87973549e-05,1
0.000244140625,776,0.00621609017,0.00564272422,7.89263941e-05,1
0.000244140625,777,0.00622477476,0.00565076154,7.90554186e-05,1
0.000244140625,778,0.00623346539,0.00565881748,7.9184596e-05,1
0.000244140625,779,0.00624213647,0.00566685107,7.93140571e-05,1
0.000244140625,780,0.00625083223,0.00567491213,7.94434163e-05,1
0.000244140625,781,0.00625950191,0.00568294432,7.95728265e-05,1
0.000244140625,782,0.00626818836,0.00569099281,7.97027169e-05,1
0.000244140625,783,0.0062768613,0.00569903525,7.98319525e-05,1
0.000244140625,784,0.00628554495,0.00570708886,7.99615082e-05,1
0.000244140625,785,0.00629424583,0.00571514852,8.00918642e-05,1
0.000244140625,786,0.00630293787,0.0057232054,8.02217328e-05,1
0.000244140625,787,0.00631159218,0.00573122641,8.03511211e-05,1
0.000244140625,788,0.00632029818,0.00573929911,8.04810697e-05,1
0.000244140625,789,0.00632899767,0.0057473639,8.06108292e-05,1
0.000244140625,790,0.00633770414,0.00575543288,8.07413016e-05,1
0.000244140625,791,0.00634640222,0.00576349627,8.08720943e-05,1
0.000244140625,792,0.0063551073,0.00577156758,8.10022102e-05,1
0.000244140625,793,0.00636379048,0.0057796156,8.1132268e-05,1
0.000244140625,794,0.00637251278,0.00578770647,8.1262755e-05,1
0.000244140625,795,0.00638121087,0.00579576474,8.13934021e-05,1
0.000244140625,796,0.00638991361,0.00580384023,8.15239036e-05,1
0.000244140625,797,0.00639865082,0.00581193715,8.16545653e-05,1
0.000244140625,798,0.00640736148,0.00582001312,8.17854016e-05,1
0.000244140625,799,0.00641606329,0.00582808536,8.19163106e-05,1
0.000244140625,800,0.00642479165,0.00583618181,8.20470159e-05,1
0.000244140625,801,0.00643347111,0.00584423821,8.21778667e-05,1
0.000244140625,802,0.00644223345,0.0058523519,8.23094015e-05,1
0.000244140625,803,0.00645093899,0.00586042739,8.24401359e-05,1
0.000244140625,804,0.00645969249,0.0058685448,8.25716488e-05,1
0.000244140625,805,0.00646839337,0.00587662123,8.27029435e-05,1
0.000244140625,806,0.00647712778,0.00588471815,8.28346965e-05,1
0.000244140625,807,0.00648585148,0.00589281088,8.29660567e-05,1
0.000244140625,808,0.00649460591,0.00590093527,8.30973149e-05,1
0.000244140625,809,0.00650331192,0.0059090131,8.32290243e-05,1
0.000244140625,810,0.0065120291,0.00591709465,8.33608283e-05,1
0.000244140625,811,0.00652080402,0.00592522742,8.34924067e-05,1
0.000244140625,812,0.006529551,0.00593334995,8.36245454e-05,1
0.000244140625,813,0.00653829379,0.00594146643,8.37568223e-05,1
0.000244140625,814,0.00654704496,0.0059495708,8.38885753e-05,1
0.000244140625,815,0.00655578449,0.00595768448,8.40207358e-05,1
0.000244140625,816,0.00656452728,0.00596579909,8.41531728e-05,1
0.000244140625,817,0.00657330407,0.00597394723,8.42850714e-05,1
0.000244140625,818,0.006582045,0.00598205253,8.44172901e-05,1
0.000244140625,819,0.00659079384,0.00599017413,8.45502291e-05,1
0.000244140625,820,0.00659956411,0.00599831203,8.46821204e-05,1
0.000244140625,821,0.00660831202,0.00600643177,8.48150812e-05,1
0.000244140625,822,0.00661709858,0.00601458317,8.49479038e-05,1
0.000244140625,823,0.00662585581,0.00602270942,8.50803481e-05,1
0.000244140625,824,0.00663460232,0.00603082869,8.52131197e-05,1
0.000244140625,825,0.0066433847,0.00603898335,8.5346328e-05,1
0.000244140625,826,0.00665216474,0.00604712171,8.54795653e-05,1
0.000244140625,827,0.00666091172,0.00605524238,8.56120605e-05,1
0.000244140625,828,0.00666968292,0.00606339052,8.57454434e-05,1
0.000244140625,829,0.0066784299,0.00607150747,8.58780259e-05,1
0.000244140625,830,0.00668720854,0.00607965514,8.60115251e-05,1
0.000244140625,831,0.00669600023,0.00608781539,8.61450098e-05,1
0.000244140625,832,0.00670477143,0.0060959598,8.62782108e-05,1
0.000244140625,833,0.00671354076,0.00610409677,8.64117901e-05,1
0.000244140625,834,0.00672233291,0.00611225702,8.65455731e-05,1
0.000244140625,835,0.00673110876,0.00612040795,8.66793489e-05,1
0.000244140625,836,0.00673989207,0.00612856727,8.68131319e-05,1
0.000244140625,837,0.00674869539,0.00613673497,8.69471187e-05,1
0.000244140625,838,0.00675745495,0.00614486728,8.70807125e-05,1
0.000244140625,839,0.0067662457,0.00615303591,8.72144738e-05,1
0.000244140625,840,0.0067750602,0.00616122782,8.73493263e-05,1
0.000244140625,841,0.00678383885,0.00616936758,8.74827238e-05,1
0.000244140625,842,0.00679265102,0.00617755484,8.76174599e-05,1
0.000244140625,843,0.00680142315,0.00618570205,8.77512211e-05,1
0.000244140625,844,0.00681023486,0.00619388558,8.7886001e-05,1
0.000244140625,845,0.00681906566,0.00620208401,8.80204316e-05,1
0.000244140625,846,0.00682783918,0.00621022703,8.81544183e-05,1
0.000244140625,847,0.00683665276,0.00621842174,8.82895401e-05,1
0.000244140625,848,0.00684548495,0.0062266239,8.84242181e-05,1
0.000244140625,849,0.00685426127,0.00623477716,8.85594054e-05,1
0.000244140625,850,0.00686309207,0.00624297187,8.86943162e-05,1
0.000244140625,851,0.00687191868,0.00625117309,8.88292852e-05,1
0.000244140625,852,0.00688072573,0.0062593529,8.89642106e-05,1
0.000244140625,853,0.00688954536,0.00626754714,8.90993251e-05,1
0.000244140625,854,0.00689837616,0.00627574977,8.92346288e-05,1
0.000244140625,855,0.00690718088,0.0062839305,8.93696561e-05,1
0.000244140625,856,0.0069160047,0.00629212987,8.95047415e-05,1
0.000244140625,857,0.00692484574,0.00630033854,8.964054e-05,1
0.000244140625,858,0.00693365838,0.00630852859,8.97761201e-05,1
0.000244140625,859,0.00694249989,0.00631674845,8.99114384e-05,1
0.000244140625,860,0.00695135398,0.00632496737,9.00476443e-05,1
0.000244140625,861,0.00696018385,0.00633316673,9.01828753e-05,1
0.000244140625,862,0.00696903467,0.00634139497,9.03191685e-05,1
0.000244140625,863,0.00697786687,0.00634959992,9.04544868e-05,1
0.000244140625,864,0.00698671304,0.00635782257,9.05907655e-05,1
0.000244140625,865,0.00699558109,0.00636606663,9.07268695e-05,1
0.000244140625,866,0.00700443285,0.00637429301,9.08634102e-05,1
0.000244140625,867,0.00701327622,0.00638251007,9.09997179e-05,1
0.000244140625,868,0.007022148,0.006390756,9.11358075e-05,1
0.000244140625,869,0.00703096436,0.0063989521,9.12723335e-05,1
0.000244140625,870,0.00703982264,0.00640718034,9.14091215e-05,1
0.000244140625,871,0.00704867719,0.00641540671,9.15451819e-05,1
0.000244140625,872,0.00705751078,0.00642362004,9.16818972e-05,1
0.000244140625,873,0.00706636114,0.00643185107,9.18184232e-05,1
0.000244140625,874,0.00707521616,0.00644008024,9.19551094e-05,1
0.000244140625,875,0.00708408002,0.00644831685,9.20922903e-05,1
0.000244140625,876,0.00709296856,0.00645657722,9.2229282e-05,1
0.000244140625,877,0.00710181938,0.00646481663,9.2366412e-05,1
0.000244140625,878,0.00711070187,0.00647306629,9.25033673e-05,1
0.000244140625,879,0.00711956155,0.00648129825,9.26405119e-05,1
0.000244140625,880,0.00712843658,0.00648955349,9.27779183e-05,1
0.000244140625,881,0.00713727623,0.006497778,9.29151283e-05,1
0.000244140625,882,0.00714618433,0.00650604907,9.30528331e-05,1
0.000244140625,883,0.0071550291,0.00651428336,9.31897011e-05,1
0.000244140625,884,0.00716393534,0.00652256235,9.33278643e-05,1
0.000244140625,885,0.0071728141,0.00653081713,9.3465278e-05,1
0.000244140625,886,0.00718167657,0.00653906399,9.36032884e-05,1
0.000244140625,887,0.00719056604,0.00654732855,9.37409059e-05,1
0.000244140625,888,0.00719947973,0.00655561779,9.38790326e-05,1
0.000244140625,889,0.00720837852,0.00656389352,9.40176542e-05,1
0.000244140625,890,0.00721725682,0.00657215156,9.41553735e-05,1
0.000244140625,891,0.00722617842,0.00658044778,9.42937622e-05,1
0.000244140625,892,0.00723507162,0.00658872165,9.44317435e-05,1
0.000244140625,893,0.00724398065,0.00659702206,9.45701759e-05,1
0.000244140625,894,0.00725287385,0.00660528382,9.47088993e-05,1
0.000244140625,895,0.00726177497,0.0066135698,9.48473171e-05,1
0.000244140625,896,0.00727067329,0.00662185112,9.49857349e-05,1
0.000244140625,897,0.00727959583,0.00663014548,9.51244292e-05,1
0.000244140625,898,0.00728845922,0.0066383956,9.52629925e-05,1
0.000244140625,899,0.00729738455,0.0066467002,9.54025745e-05,1
0.000244140625,900,0.00730626658,0.00665496849,9.55406867e-05,1
0.000244140625,901,0.00731519237,0.00666327402,9.56802978e-05,1
0.000244140625,902,0.0073241014,0.00667156279,9.58186865e-05,1
0.000244140625,903,0.00733299134,0.00667984691,9.59576428e-05,1
0.000244140625,904,0.00734190177,0.00668813102,9.60972975e-05,1
0.000244140625,905,0.00735084061,0.00669644866,9.62363119e-05,1
0.000244140625,906,0.00735976361,0.0067047528,9.63758794e-05,1
0.000244140625,907,0.00736867264,0.00671304669,9.65156505e-05,1
0.000244140625,908,0.00737759611,0.00672135223,9.66549997e-05,1
0.000244140625,909,0.00738651026,0.00672964286,9.67945671e-05,1
0.000244140625,910,0.00739546213,0.00673798751,9.69344692e-05,1
0.000244140625,911,0.00740442565,0.00674632657,9.70746187e-05,1
0.000244140625,912,0.00741333235,0.00675461814,9.72142443e-05,1
0.000244140625,913,0.00742225442,0.0067629246,9.73542774e-05,1
0.000244140625,914,0.00743124774,0.00677129533,9.74943978e-05,1
0.000244140625,915,0.00744016934,0.00677959854,9.76349256e-05,1
0.000244140625,916,0.00744913379,0.00678795204,9.77751333e-05,1
0.000244140625,917,0.00745805213,0.0067962585,9.7914628e-05,1
0.000244140625,918,0.00746703148,0.0068046134,9.80556943e-05,1
0.000244140625,919,0.00747595588,0.00681292545,9.81960911e-05,1
0.000244140625,920,0.00748485327,0.00682120956,9.83362115e-05,1
0.000244140625,921,0.00749378651,0.00682952348,9.84766375e-05,1
0.000244140625,922,0.00750280451,0.00683791516,9.86177911e-05,1
0.000244140625,923,0.00751173357,0.00684623746,9.87583626e-05,1
0.000244140625,924,0.00752069242,0.00685458444,9.88989632e-05,1
0.000244140625,925,0.00752963638,0.00686290953,9.90403569e-05,1
0.000244140625,926,0.00753860082,0.00687126536,9.91815323e-05,1
0.000244140625,927,0.00754755177,0.00687960535,9.9322293e-05,1
0.000244140625,928,0.00755653949,0.00688797189,9.94639122e-05,1
0.000244140625,929,0.00756548811,0.00689630257,9.96056042e-05,1
0.000244140625,930,0.00757447258,0.00690467237,9.97465322e-05,1
0.000244140625,931,0.00758344075,0.00691302493,9.98879987e-05,1
0.000244140625,932,0.0075924038,0.0069213761,0.000100029509,1
0.000244140625,933,0.00760135055,0.0069297161,0.000100170757,1
0.000244140625,934,0.00761036389,0.00693810917,0.000100312522,1
0.000244140625,935,0.00761932367,0.00694645988,0.000100454017,1
0.000244140625,936,0.00762832258,0.00695484784,0.000100596517,1
0.000244140625,937,0.00763731962,0.00696322601,0.000100738231,1
0.000244140625,938,0.00764628919,0.00697157905,0.000100880163,1
0.000244140625,939,0.00765525922,0.00697993953,0.000101022364,1
0.000244140625,940,0.00766424742,0.00698831677,0.00010116522,1
0.000244140625,941,0.00767322071,0.00699667446,0.000101306461,1
0.000244140625,942,0.00768224243,0.00700508151,0.000101449303,1
0.000244140625,943,0.00769121898,0.00701345596,0.000101591751,1
0.000244140625,944,0.00770021044,0.00702183088,0.000101734797,1
0.000244140625,945,0.0077092154,0.00703022256,0.000101876765,1
0.000244140625,946,0.00771821151,0.00703861099,0.000102019592,1
0.000244140625,947,0.00772720901,0.00704699196,0.000102163191,1
0.000244140625,948,0.0077361986,0.00705536921,0.000102305276,1
0.000244140625,949,0.00774522964,0.00706379069,0.000102448212,1
0.000244140625,950,0.00775423739,0.00707219634,0.000102591162,1
0.000244140625,951,0.00776324794,0.00708058802,0.000102734404,1
0.000244140625,952,0.00777229248,0.00708902767,0.000102878235,1
0.000244140625,953,0.00778128626,0.00709739886,0.00010302123,1
0.000244140625,954,0.00779031077,0.00710581336,0.000103163802,1
0.000244140625,955,0.00779931061,0.00711420458,0.00010330767,1
0.000244140625,956,0.00780832116,0.00712260697,0.000103451654,1
0.000244140625,957,0.0078173345,0.00713101961,0.000103595594,1
0.000244140625,958,0.0078263469,0.00713941455,0.000103737912,1
0.000244140625,959,0.00783539005,0.0071478528,0.00010388183,1
0.000244140625,960,0.00784440152,0.00715623703,0.00010402601,1
0.000244140625,961,0.0078534279,0.00716465712,0.000104169652,1
0.000244140625,962,0.00786246173,0.00717308093,0.000104313804,1
0.000244140625,963,0.00787151419,0.00718151778,0.000104458435,1
0.000244140625,964,0.00788052753,0.00718992855,0.000104602994,1
0.000244140625,965,0.00788959395,0.00719837751,0.00010474681,1
0.000244140625,966,0.00789859518,0.00720677758,0.000104890729,1
0.000244140625,967,0.0079076793,0.0072152447,0.000105035768,1
0.000244140625,968,0.00791674107,0.00722369179,0.000105181105,1
0.000244140625,969,0.00792578235,0.00723212119,0.000105324638,1
0.000244140625,970,0.00793483201,0.00724055851,0.000105469197,1
0.000244140625,971,0.00794385374,0.0072489772,0.000105614265,1
0.000244140625,972,0.0079529155,0.00725741638,0.000105758838,1
0.000244140625,973,0.00796198845,0.00726589654,0.000105903469,1
0.000244140625,974,0.00797104463,0.00727433525,0.000106049076,1
0.000244140625,975,0.00798004679,0.00728273019,0.000106194188,1
0.000244140625,976,0.0079891365,0.00729120709,0.000106338746,1
0.000244140625,977,0.00799818337,0.00729964953,0.00010648436,1
0.000244140625,978,0.00800726004,0.00730811525,0.000106630338,1
0.000244140625,979,0.00801632181,0.00731655722,0.000106774802,1
0.000244140625,980,0.00802538171,0.00732502434,0.000106920736,1
0.000244140625,981,0.00803447887,0.0073335031,0.000107066997,1
0.000244140625,982,0.00804357603,0.00734199025,0.000107212341,1
0.000244140625,983,0.00805264525,0.00735044759,0.00010735821,1
0.000244140625,984,0.00806172192,0.00735891471,0.000107504296,1
0.000244140625,985,0.00807080045,0.00736739393,0.00010764999,1
0.000244140625,986,0.00807986222,0.00737584289,0.000107795713,1
0.000244140625,987,0.00808894634,0.00738432072,0.000107942236,1
0.000244140625,988,0.00809801556,0.00739278551,0.000108088781,1
0.000244140625,989,0.00810706429,0.00740122981,0.000108233959,1
0.000244140625,990,0.00811620057,0.00740975654,0.000108381304,1
0.000244140625,991,0.00812528841,0.00741821527,0.000108528133,1
0.000244140625,992,0.00813435949,0.00742670428,0.000108673936,1
0.000244140625,993,0.00814347342,0.00743519887,0.000108820532,1
0.000244140625,994,0.0081525594,0.00744367298,0.000108967593,1
0.000244140625,995,0.00816165283,0.00745217502,0.00010911384,1
0.000244140625,996,0.00817081705,0.00746072084,0.000109261411,1
0.000244140625,997,0.00817987137,0.00746917212,0.000109408647,1
0.000244140625,998,0.00818895735,0.00747765787,0.000109554981,1
0.000244140625,999,0.00819811039,0.00748619437,0.000109702065,1
0.000244140625,1000,0.00820718519,0.00749465916,0.000109849847,1
0.000244140625,1001,0.00821627118,0.00750315096,0.000109996676,1
0.000244140625,1002,0.00822539255,0.0075116735,0.000110143956,1
0.000244140625,1003,0.0082344953,0.00752016157,0.000110291177,1
0.000244140625,1004,0.00824362598,0.0075286869,0.000110439287,1
0.000244140625,1005,0.00825275481,0.0075372071,0.000110587061,1
0.000244140625,1006,0.00826188922,0.00754573476,0.000110735127,1
0.000244140625,1007,0.00827099755,0.00755424704,0.000110882713,1
0.000244140625,1008,0.00828012265,0.00756275281,0.000111030131,1
0.000244140625,1009,0.00828927755,0.00757131493,0.000111178786,1
0.000244140625,1010,0.00829838775,0.00757982442,0.000111326641,1
0.000244140625,1011,0.00830754638,0.00758835766,0.00011147499,1
0.000244140625,1012,0.00831663422,0.00759685133,0.000111622998,1
0.000244140625,1013,0.00832577236,0.0076053869,0.000111771456,1
0.000244140625,1014,0.00833492726,0.00761393923,0.000111919682,1
0.000244140625,1015,0.00834401697,0.00762242544,0.000112068221,1
0.000244140625,1016,0.00835316442,0.00763097173,0.000112216439,1
0.000244140625,1017,0.00836229883,0.00763950218,0.000112365196,1
0.000244140625,1018,0.00837145932,0.0076480452,0.000112514477,1
0.000244140625,1019,0.00838060491,0.00765659846,0.000112663132,1
0.000244140625,1020,0.00838977657,0.00766516197,0.000112811817,1
0.000244140625,1021,0.00839894637,0.00767372502,0.00011296157,1
0.000244140625,1022,0.0084080901,0.00768227875,0.000113110582,1
0.000244140625,1023,0.00841723755,0.00769081386,0.000113259157,1
0.0001220703125,0,4.53999164e-05,0,0,1
0.0001220703125,1,5.26586227e-05,6.54031373e-06,7.70034703e-08,1
0.0001220703125,2,5.99190025e-05,1.30824365e-05,1.54064978e-07,1
0.0001220703125,3,6.71817106e-05,1.96264464e-05,2.31165231e-07,1
0.0001220703125,4,7.44456556e-05,2.61722871e-05,3.08359574e-07,1
0.0001220703125,5,8.17111868e-05,3.27196976e-05,3.85573259e-07,1
0.0001220703125,6,8.89792937e-05,3.92697912e-05,4.62844866e-07,1
0.0001220703125,7,9.62478516e-05,4.58200593e-05,5.40243946e-07,1
0.0001220703125,8,0.000103518672,5.23732233e-05,6.17630405e-07,1
0.0001220703125,9,0.000110791931,5.89284682e-05,6.9507945e-07,1
0.0001220703125,10,0.000118065815,6.54846081e-05,7.72586588e-07,1
0.0001220703125,11,0.00012534234,7.2043651e-05,8.50146137e-07,1
0.0001220703125,12,0.000132620451,7.86037417e-05,9.27760709e-07,1
0.0001220703125,13,0.000139900018,8.51658697e-05,1.00551949e-06,1
0.0001220703125,14,0.000147181505,9.17300495e-05,1.08330391e-06,1
0.0001220703125,15,0.000154463982,9.8295146e-05,1.16110152e-06,1
0.0001220703125,16,0.000161749136,0.000104862906,1.23894506e-06,1
0.0001220703125,17,0.000169036197,0.000111432833,1.31685374e-06,1
0.0001220703125,18,0.000176323607,0.000118002892,1.39482586e-06,1
0.0001220703125,19,0.00018361304,0.000124575483,1.47283697e-06,1
0.0001220703125,20,0.000190904117,0.000131149805,1.5509213e-06,1
0.0001220703125,21,0.000198198904,0.000137728028,1.62905758e-06,1
0.0001220703125,22,0.000205495453,0.000144306803,1.70725218e-06,1
0.0001220703125,23,0.000212791128,0.000150886437,1.78549419e-06,1
0.0001220703125,24,0.000220091417,0.000157470145,1.86380566e-06,1
0.0001220703125,25,0.000227392986,0.000164053577,1.94227277e-06,1
0.0001220703125,26,0.000234694569,0.000170639483,2.02078013e-06,1
0.0001220703125,27,0.000241996284,0.000177226408,2.09932614e-06,1
0.0001220703125,28,0.0002493012,0.000183815253,2.17792422e-06,1
0.0001220703125,29,0.00025660859,0.000190406223,2.25652116e-06,1
0.0001220703125,30,0.000263914961,0.000196996974,2.33517926e-06,1
0.0001220703125,31,0.000271225406,0.000203592397,2.41389625e-06,1
0.0001220703125,32,0.000278539112,0.000210189057,2.49266054e-06,1
0.0001220703125,33,0.000285852235,0.00021678656,2.57149759e-06,1
0.0001220703125,34,0.000293168152,0.000223386611,2.65037033e-06,1
0.0001220703125,35,0.000300486543,0.000229988829,2.72935586e-06,1
0.0001220703125,36,0.000307805807,0.000236592576,2.80835343e-06,1
0.0001220703125,37,0.000315125828,0.000243198214,2.8873776e-06,1
0.0001220703125,38,0.000322448992,0.000249805453,2.96653093e-06,1
0.0001220703125,39,0.00032977399,0.000256415224,3.04571176e-06,1
0.0001220703125,40,0.000337100122,0.000263026566,3.12496422e-06,1
0.0001220703125,41,0.000344433967,0.000269645214,3.20426807e-06,1
0.0001220703125,42,0.000351763621,0.000276258623,3.28361602e-06,1
0.0001220703125,43,0.000359094935,0.00028287532,3.36305129e-06,1
0.0001220703125,44,0.00036642648,0.000289492426,3.44253044e-06,1
0.0001220703125,45,0.000373761519,0.000296111568,3.52203006e-06,1
0.0001220703125,46,0.000381096732,0.000302732165,3.6016047e-06,1
0.0001220703125,47,0.000388434622,0.000309355673,3.68126871e-06,1
0.0001220703125,48,0.000395774317,0.000315981102,3.76095204e-06,1
0.0001220703125,49,0.000403114711,0.000322607812,3.84074974e-06,1
0.0001220703125,50,0.000410458102,0.000329237635,3.92071706e-06,1
0.0001220703125,51,0.00041780516,0.000335870194,4.00072076e-06,1
0.0001220703125,52,0.000425153004,0.000342504063,4.08069263e-06,1
0.0001220703125,53,0.000432505942,0.000349142647,4.16077637e-06,1
0.0001220703125,54,0.000439856813,0.00035577931,4.24090285e-06,1
0.0001220703125,55,0.000447206839,0.000362415711,4.32107981e-06,1
0.0001220703125,56,0.000454558729,0.000369054062,4.4012977e-06,1
0.0001220703125,57,0.000461913995,0.000375696429,4.48154105e-06,1
0.0001220703125,58,0.000469270366,0.000382337545,4.56181806e-06,1
0.0001220703125,59,0.000476629793,0.000388982531,4.64216873e-06,1
0.0001220703125,60,0.000483991957,0.000395629555,4.72259717e-06,1
0.0001220703125,61,0.00049135572,0.000402279897,4.80307881e-06,1
0.0001220703125,62,0.000498720794,0.000408931868,4.88357273e-06,1
0.0001220703125,63,0.000506091397,0.000415587449,4.96418079e-06,1
0.0001220703125,64,0.00051346008,0.000422243495,5.04480568e-06,1
0.0001220703125,65,0.000520829111,0.000428899715,5.1255106e-06,1
0.0001220703125,66,0.000528200471,0.000435557216,5.2063051e-06,1
0.0001220703125,67,0.000535569154,0.0004422153,5.28709506e-06,1
0.0001220703125,68,0.000542945694,0.000448877341,5.36800417e-06,1
0.0001220703125,69,0.000550319965,0.000455540227,5.44893055e-06,1
0.0001220703125,70,0.000557698659,0.000462206313,5.52990286e-06,1
0.0001220703125,71,0.000565077178,0.000468872662,5.61099523e-06,1
0.0001220703125,72,0.000572464953,0.000475547684,5.69210943e-06,1
0.0001220703125,73,0.000579849817,0.000482219562,5.77325727e-06,1
0.0001220703125,74,0.000587232178,0.000488889695,5.85440648e-06,1
0.0001220703125,75,0.000594618323,0.000495564775,5.93574168e-06,1
0.0001220703125,76,0.000602003303,0.00050223904,6.01707779e-06,1
0.0001220703125,77,0.00060939393,0.000508916797,6.09853578e-06,1
0.0001220703125,78,0.000616787875,0.000515596708,6.18001741e-06,1
0.0001220703125,79,0.000624176231,0.000522275339,6.2615668e-06,1
0.0001220703125,80,0.000631585252,0.000528971083,6.34318303e-06,1
0.0001220703125,81,0.000638980884,0.000535657047,6.42475834e-06,1
0.0001220703125,82,0.000646387169,0.000542348949,6.50649508e-06,1
0.0001220703125,83,0.000653783791,0.000549034914,6.58824592e-06,1
0.0001220703125,84,0.000661182567,0.000555722625,6.67010409e-06,1
0.0001220703125,85,0.000668586057,0.000562415982,6.75194588e-06,1
0.0001220703125,86,0.000675996998,0.000569114345,6.8339059e-06,1
0.0001220703125,87,0.000683407765,0.00057581265,6.91592322e-06,1
0.0001220703125,88,0.000690815446,0.000582510256,6.99796055e-06,1
0.0001220703125,89,0.000698226388,0.000589211704,7.08014568e-06,1
0.0001220703125,90,0.000705641811,0.000595915539,7.16224167e-06,1
0.0001220703125,91,0.00071305607,0.000602618442,7.24449046e-06,1
0.0001220703125,92,0.000720475044,0.000609326991,7.32681292e-06,1
0.0001220703125,93,0.000727886509,0.000616030651,7.40913265e-06,1
0.0001220703125,94,0.00073530979,0.000622741878,7.49159562e-06,1
0.0001220703125,95,0.000742729229,0.000629451242,7.57406406e-06,1
0.0001220703125,96,0.00075015286,0.00063616503,7.65661207e-06,1
0.0001220703125,97,0.000757577014,0.000642879982,7.73924148e-06,1
0.0001220703125,98,0.000765004894,0.000649595924,7.82190182e-06,1
0.0001220703125,99,0.000772434752,0.000656317105,7.90465856e-06,1
0.0001220703125,100,0.000779876078,0.000663047482,7.98755718e-06,1
0.0001220703125,101,0.000787306635,0.000669768546,8.07061951e-06,1
0.0001220703125,102,0.00079473888,0.00067649025,8.15355997e-06,1
0.0001220703125,103,0.000802169088,0.000683211023,8.23664504e-06,1
0.0001220703125,104,0.000809603254,0.000689937035,8.31972284e-06,1
0.0001220703125,105,0.000817043707,0.000696669798,8.40283792e-06,1
0.0001220703125,106,0.000824480667,0.000703396508,8.48609034e-06,1
0.0001220703125,107,0.000831926824,0.000710133172,8.56930092e-06,1
0.0001220703125,108,0.000839372398,0.000716869661,8.65261882e-06,1
0.0001220703125,109,0.000846824259,0.000723611098,8.73593945e-06,1
0.0001220703125,110,0.000854277692,0.00073035364,8.8193965e-06,1
0.0001220703125,111,0.000861723034,0.000737090304,8.90293813e-06,1
0.0001220703125,112,0.000869173091,0.000743830227,8.98646795e-06,1
0.0001220703125,113,0.000876628794,0.00075057603,9.07006506e-06,1
0.0001220703125,114,0.000884084962,0.000757322297,9.15366309e-06,1
0.0001220703125,115,0.000891540083,0.000764066936,9.23734478e-06,1
0.0001220703125,116,0.000898997765,0.000770817045,9.32106832e-06,1
0.0001220703125,117,0.000906465633,0.000777575071,9.4049492e-06,1
0.0001220703125,118,0.000913935713,0.000784334377,9.48873185e-06,1
0.0001220703125,119,0.000921392057,0.000791084487,9.57266093e-06,1
0.0001220703125,120,0.000928859285,0.000797844667,9.65669642e-06,1
0.0001220703125,121,0.000936317781,0.000804597919,9.74067098e-06,1
0.0001220703125,122,0.00094378338,0.000811357284,9.82477468e-06,1
0.0001220703125,123,0.000951251597,0.000818118919,9.90890749e-06,1
0.0001220703125,124,0.00095872744,0.000824888819,9.99313488e-06,1
0.0001220703125,125,0.000966200954,0.000831656391,1.00774223e-05,1
0.0001220703125,126,0.000973684189,0.000838433858,1.01616897e-05,1
0.0001220703125,127,0.000981152407,0.000845197239,1.02461072e-05,1
0.0001220703125,128,0.000988626038,0.000851965742,1.03305201e-05,1
0.0001220703125,129,0.000996108167,0.000858739659,1.04151277e-05,1
0.0001220703125,130,0.00100359169,0.000865515613,1.04996043e-05,1
0.0001220703125,131,0.00101107231,0.000872290344,1.058423e-05,1
0.0001220703125,132,0.0010185584,0.00087906979,1.06689176e-05,1
0.0001220703125,133,0.00102606614,0.00088586699,1.07537899e-05,1
0.0001220703125,134,0.0010335485,0.000892643176,1.08385511e-05,1
0.0001220703125,135,0.00104103656,0.000899425824,1.09235871e-05,1
0.0001220703125,136,0.00104853045,0.000906211906,1.10084184e-05,1
0.0001220703125,137,0.00105602341,0.000912998337,1.10934243e-05,1
0.0001220703125,138,0.00106351683,0.000919787562,1.11784575e-05,1
0.0001220703125,139,0.00107101945,0.000926581793,1.12636371e-05,1
0.0001220703125,140,0.00107853045,0.000933386211,1.13488541e-05,1
0.0001220703125,141,0.00108603016,0.000940181257,1.14341037e-05,1
0.0001220703125,142,0.00109353196,0.000946976128,1.15194316e-05,1
0.0001220703125,143,0.00110102922,0.000953769661,1.16047104e-05,1
0.0001220703125,144,0.00110854069,0.000960574835,1.16900874e-05,1
0.0001220703125,145,0.00111605134,0.000967376633,1.17755962e-05,1
0.0001220703125,146,0.00112356839,0.000974189606,1.18610069e-05,1
0.0001220703125,147,0.00113108521,0.000981001649,1.19467186e-05,1
0.0001220703125,148,0.00113859214,0.000987801235,1.20323048e-05,1
0.0001220703125,149,0.00114610768,0.000994611182,1.21179783e-05,1
0.0001220703125,150,0.00115362194,0.0010014209,1.22038173e-05,1
0.0001220703125,151,0.00116114586,0.00100823981,1.22897181e-05,1
0.0001220703125,152,0.00116867165,0.00101505953,1.23756708e-05,1
0.0001220703125,153,0.0011762036,0.00102188578,1.24617291e-05,1
0.0001220703125,154,0.00118372403,0.0010286998,1.25477663e-05,1
0.0001220703125,155,0.00119124399,0.00103551685,1.26338464e-05,1
0.0001220703125,156,0.00119877735,0.00104234426,1.27200919e-05,1
0.0001220703125,157,0.0012063107,0.001049174,1.28062466e-05,1
0.0001220703125,158,0.00121383718,0.00105599617,1.28924858e-05,1
0.0001220703125,159,0.0012213774,0.00106283114,1.2978925e-05,1
0.0001220703125,160,0.00122891739,0.00106966542,1.30653016e-05,1
0.0001220703125,161,0.00123646215,0.00107650505,1.3151759e-05,1
0.0001220703125,162,0.00124400435,0.0010833441,1.32382847e-05,1
0.0001220703125,163,0.00125154678,0.00109017978,1.33248077e-05,1
0.0001220703125,164,0.00125909282,0.00109702488,1.34114016e-05,1
0.0001220703125,165,0.00126664038,0.00110386591,1.34980983e-05,1
0.0001220703125,166,0.0012741806,0.00111070368,1.35849896e-05,1
0.0001220703125,167,0.00128172489,0.00111754588,1.36717345e-05,1
0.0001220703125,168,0.00128927175,0.001124389,1.37586276e-05,1
0.0001220703125,169,0.0012968356,0.0011312475,1.3845608e-05,1
0.0001220703125,170,0.00130438199,0.00113809202,1.39326412e-05,1
0.0001220703125,171,0.00131193304,0.0011449391,1.4019729e-05,1
0.0001220703125,172,0.00131949026,0.0011517955,1.41067558e-05,1
0.0001220703125,173,0.00132704666,0.00115864596,1.41939272e-05,1
0.0001220703125,174,0.00133461237,0.00116550853,1.42813133e-05,1
0.0001220703125,175,0.00134217821,0.00117237261,1.43685475e-05,1
0.0001220703125,176,0.00134974124,0.00117923203,1.4455959e-05,1
0.0001220703125,177,0.00135730335,0.00118609215,1.45435242e-05,1
0.0001220703125,178,0.00136487873,0.0011929631,1.46309985e-05,1
0.0001220703125,179,0.00137245434,0.00119983463,1.47184564e-05,1
0.0001220703125,180,0.00138002308,0.00120670453,1.48060381e-05,1
0.0001220703125,181,0.00138758472,0.00121356267,1.48936906e-05,1
0.0001220703125,182,0.00139515719,0.00122043444,1.49815014e-05,1
0.0001220703125,183,0.00140273373,0.00122730713,1.50692376e-05,1
0.0001220703125,184,0.00141030818,0.00123418216,1.51571239e-05,1
0.0001220703125,185,0.00141789578,0.00124106556,1.52450475e-05,1
0.0001220703125,186,0.00142548315,0.00124795083,1.53330875e-05,1
0.0001220703125,187,0.00143305934,0.00125482422,1.54212594e-05,1
0.0001220703125,188,0.00144066138,0.00126172253,1.55092184e-05,1
0.0001220703125,189,0.00144822698,0.00126858894,1.55974558e-05,1
0.0001220703125,190,0.00145581702,0.00127547781,1.56857459e-05,1
0.0001220703125,191,0.00146343291,0.00128238951,1.57741306e-05,1
0.0001220703125,192,0.0014709984,0.00128925778,1.58624716e-05,1
0.0001220703125,193,0.00147861335,0.00129616796,1.59509236e-05,1
0.0001220703125,194,0.00148620084,0.00130305532,1.60394684e-05,1
0.0001220703125,195,0.00149380439,0.00130995596,1.6128075e-05,1
0.0001220703125,196,0.00150142051,0.00131686917,1.62167325e-05,1
0.0001220703125,197,0.00150899461,0.00132374733,1.6305381e-05,1
0.0001220703125,198,0.00151661981,0.00133066683,1.63943041e-05,1
0.0001220703125,199,0.00152421382,0.00133756234,1.64830381e-05,1
0.0001220703125,200,0.00153181632,0.0013444646,1.65719612e-05,1
0.0001220703125,201,0.00153943407,0.00135138188,1.66607497e-05,1
0.0001220703125,202,0.00154702552,0.00135827321,1.67497783e-05,1
0.0001220703125,203,0.00155464874,0.00136519421,1.68389597e-05,1
0.0001220703125,204,0.00156226894,0.00137211289,1.69282939e-05,1
0.0001220703125,205,0.00156987167,0.00137901679,1.70176827e-05,1
0.0001220703125,206,0.00157750677,0.00138594932,1.71071442e-05,1
0.0001220703125,207,0.00158511545,0.00139285764,1.71966822e-05,1
0.0001220703125,208,0.0015927332,0.00139977527,1.72861037e-05,1
0.0001220703125,209,0.00160038588,0.00140672666,1.73754961e-05,1
0.0001220703125,210,0.00160798209,0.00141362275,1.74650122e-05,1
0.0001220703125,211,0.00161561905,0.00142056262,1.7554732e-05,1
0.0001220703125,212,0.00162323902,0.00142748142,1.76442154e-05,1
0.0001220703125,213,0.0016308584,0.00143440161,1.77339716e-05,1
0.0001220703125,214,0.00163851201,0.00144135114,1.78238806e-05,1
0.0001220703125,215,0.00164613698,0.00144827936,1.79137387e-05,1
0.0001220703125,216,0.00165376998,0.00145521073,1.80036914e-05,1
0.0001220703125,217,0.00166143698,0.00146217528,1.8093684e-05,1
0.0001220703125,218,0.00166905415,0.00146909757,1.81837786e-05,1
0.0001220703125,219,0.00167669577,0.00147603755,1.82737367e-05,1
0.0001220703125,220,0.00168434239,0.00148298801,1.83640459e-05,1
0.0001220703125,221,0.00169196702,0.00148991589,1.84542041e-05,1
0.0001220703125,222,0.00169962435,0.00149687682,1.85445133e-05,1
0.0001220703125,223,0.00170726166,0.00150381483,1.86348443e-05,1
0.0001220703125,224,0.00171491096,0.0015107682,1.87253099e-05,1
0.0001220703125,225,0.00172258914,0.00151774404,1.88157901e-05,1
0.0001220703125,226,0.00173021096,0.00152467168,1.89062994e-05,1
0.0001220703125,227,0.00173787761,0.00153164053,1.8996845e-05,1
0.0001220703125,228,0.00174553832,0.00153860403,1.90876435e-05,1
0.0001220703125,229,0.00175317761,0.00154554786,1.9178231e-05,1
0.0001220703125,230,0.00176084694,0.00155252172,1.9269004e-05,1
0.0001220703125,231,0.00176850555,0.00155948265,1.93598862e-05,1
0.0001220703125,232,0.00177615671,0.00156644033,1.94506192e-05,1
0.0001220703125,233,0.0017838499,0.0015734334,1.95416396e-05,1
0.0001220703125,234,0.00179149117,0.0015803799,1.96326328e-05,1
0.0001220703125,235,0.00179916469,0.00158735644,1.97235877e-05,1
0.0001220703125,236,0.00180685322,0.00159434951,1.98147427e-05,1
0.0001220703125,237,0.00181448902,0.00160129252,1.99058759e-05,1
0.0001220703125,238,0.00182218011,0.00160828745,1.99972037e-05,1
0.0001220703125,239,0.00182985479,0.00161526422,2.00885097e-05,1
0.0001220703125,240,0.00183751737,0.00162223377,2.01798321e-05,1
0.0001220703125,241,0.00184521743,0.00162923685,2.02713545e-05,1
0.0001220703125,242,0.00185288,0.00163620966,2.03628861e-05,1
0.0001220703125,243,0.00186055608,0.00164318795,2.04544831e-05,1
0.0001220703125,244,0.00186826754,0.00165020511,2.05461547e-05,1
0.0001220703125,245,0.00187592802,0.00165717304,2.06378245e-05,1
0.0001220703125,246,0.00188361842,0.00166417053,2.07294961e-05,1
0.0001220703125,247,0.00189132127,0.00167117431,2.08212132e-05,1
0.0001220703125,248,0.00189899583,0.00167815387,2.0913194e-05,1
0.0001220703125,249,0.0019066981,0.00168515835,2.10049002e-05,1
0.0001220703125,250,0.0019144112,0.00169217575,2.10970647e-05,1
0.0001220703125,251,0.00192208751,0.00169915729,2.11890856e-05,1
0.0001220703125,252,0.00192979269,0.00170616759,2.12813029e-05,1
0.0001220703125,253,0.00193751918,0.00171319523,2.13733838e-05,1
0.0001220703125,254,0.00194518548,0.00172016909,2.14656884e-05,1
0.0001220703125,255,0.00195289636,0.00172718451,2.15579767e-05,1
0.0001220703125,256,0.00196061027,0.00173420203,2.1650374e-05,1
0.0001220703125,257,0.00196830975,0.00174120814,2.1742846e-05,1
0.0001220703125,258,0.00197602832,0.0017482345,2.18353362e-05,1
0.0001220703125,259,0.00198373245,0.0017552427,2.19278991e-05,1
0.0001220703125,260,0.00199144846,0.00176226022,2.20204911e-05,1
0.0001220703125,261,0.00199917518,0.00176929147,2.21132632e-05,1
0.0001220703125,262,0.00200688234,0.00177630293,2.22060171e-05,1
0.0001220703125,263,0.00201459136,0.00178332091,2.22988074e-05,1
0.0001220703125,264,0.00202233414,0.00179036567,2.23918705e-05,1
0.0001220703125,265,0.00203004177,0.00179737946,2.24846935e-05,1
0.0001220703125,266,0.00203776499,0.00180441071,2.25777676e-05,1
0.0001220703125,267,0.00204550358,0.00181145454,2.26709599e-05,1
0.0001220703125,268,0.00205322192,0.00181848102,2.27640339e-05,1
0.0001220703125,269,0.0020609526,0.00182551623,2.28572972e-05,1
0.0001220703125,270,0.00206870167,0.00183256832,2.29505022e-05,1
0.0001220703125,271,0.00207641628,0.00183959224,2.30439528e-05,1
0.0001220703125,272,0.00208415184,0.0018466342,2.31372669e-05,1
0.0001220703125,273,0.00209190976,0.00185369456,2.32307029e-05,1
0.0001220703125,274,0.00209963438,0.00186072616,2.33242899e-05,1
0.0001220703125,275,0.00210737484,0.00186777476,2.34178115e-05,1
0.0001220703125,276,0.00211512716,0.00187483593,2.3511775e-05,1
0.0001220703125,277,0.0021228597,0.00188187324,2.36053347e-05,1
0.0001220703125,278,0.00213060505,0.00188892637,2.36991891e-05,1
0.0001220703125,279,0.00213837344,0.00189600047,2.37930435e-05,1
0.0001220703125,280,0.00214609317,0.00190302962,2.38868324e-05,1
0.0001220703125,281,0.00215384667,0.00191008928,2.39808232e-05,1
0.0001220703125,282,0.00216160715,0.00191715686,2.40748595e-05,1
0.0001220703125,283,0.00216934923,0.00192421023,2.41689413e-05,1
0.0001220703125,284,0.00217710645,0.00193127349,2.4263054e-05,1
0.0001220703125,285,0.00218487787,0.00193835213,2.43574741e-05,1
0.0001220703125,286,0.00219262601,0.00194540701,2.44514958e-05,1
0.0001220703125,287,0.0022003823,0.00195247377,2.4545805e-05,1
0.0001220703125,288,0.00220817095,0.00195956696,2.46402869e-05,1
0.0001220703125,289,0.00221592002,0.00196662219,2.47347652e-05,1
0.0001220703125,290,0.00222368818,0.00197370094,2.48293509e-05,1
0.0001220703125,291,0.00223147497,0.0019807925,2.49239311e-05,1
0.0001220703125,292,0.0022392231,0.00198785402,2.5018584e-05,1
0.0001220703125,293,0.00224700244,0.00199493859,2.51133515e-05,1
0.0001220703125,294,0.00225479389,0.00200203969,2.5208059e-05,1
0.0001220703125,295,0.00226256135,0.00200911285,2.53029593e-05,1
0.0001220703125,296,0.00227032811,0.00201618904,2.5397756e-05,1
0.0001220703125,297,0.00227812049,0.00202329131,2.54927945e-05,1
0.0001220703125,298,0.00228589913,0.00203037774,2.55878567e-05,1
0.0001220703125,299,0.00229367707,0.00203747023,2.56831318e-05,1
0.0001220703125,300,0.00230147177,0.0020445711,2.57782431e-05,1
0.0001220703125,301,0.00230925297,0.00205166359,2.58737546e-05,1
0.0001220703125,302,0.00231702672,0.00205874699,2.59690332e-05,1
0.0001220703125,303,0.00232483447,0.0020658602,2.60645684e-05,1
0.0001220703125,304,0.00233264361,0.00207297993,2.61599907e-05,1
0.0001220703125,305,0.00234041968,0.00208006613,2.62554804e-05,1
0.0001220703125,306,0.00234822463,0.00208717934,2.63511502e-05,1
0.0001220703125,307,0.00235603261,0.00209429767,2.64469254e-05,1
0.0001220703125,308,0.00236380333,0.00210138317,2.6542546e-05,1
0.0001220703125,309,0.00237161433,0.00210849987,2.66383959e-05,1
0.0001220703125,310,0.00237943232,0.00211562612,2.67342893e-05,1
0.0001220703125,311,0.0023872233,0.00212272862,2.68302465e-05,1
0.0001220703125,312,0.00239503011,0.00212984858,2.69261e-05,1
0.0001220703125,313,0.00240285927,0.00213698298,2.70223591e-05,1
0.0001220703125,314,0.00241062138,0.00214406289,2.71182453e-05,1
0.0001220703125,315,0.00241844309,0.00215119496,2.72143934e-05,1
0.0001220703125,316,0.00242627459,0.00215833425,2.73106161e-05,1
0.0001220703125,317,0.00243408745,0.00216546142,2.74070335e-05,1
0.0001220703125,318,0.00244190614,0.00217258953,2.7503138e-05,1
0.0001220703125,319,0.00244974485,0.00217973581,2.75998555e-05,1
0.0001220703125,320,0.00245758914,0.00218689023,2.76963437e-05,1
0.0001220703125,321,0.00246539246,0.00219400716,2.77929685e-05,1
0.0001220703125,322,0.0024732179,0.00220114342,2.78896059e-05,1
0.0001220703125,323,0.00248106383,0.00220829784,2.7986147e-05,1
0.0001220703125,324,0.00248887576,0.00221542385,2.80829081e-05,1
0.0001220703125,325,0.0024967033,0.00222256547,2.81796365e-05,1
0.0001220703125,326,0.00250456459,0.00222973386,2.82768287e-05,1
0.0001220703125,327,0.00251238653,0.00223687012,2.83737645e-05,1
0.0001220703125,328,0.00252023456,0.00224402663,2.84708785e-05,1
0.0001220703125,329,0.00252809469,0.00225119712,2.85681454e-05,1
0.0001220703125,330,0.00253590802,0.00225832616,2.86649811e-05,1
0.0001220703125,331,0.00254373671,0.00226546824,2.87623352e-05,1
0.0001220703125,332,0.00255158008,0.00227262289,2.8859431e-05,1
0.0001220703125,333,0.00255943299,0.00227978919,2.89568234e-05,1
0.0001220703125,334,0.00256726681,0.00228693569,2.90543685e-05,1
0.0001220703125,335,0.00257511251,0.00229409477,2.91516299e-05,1
0.0001220703125,336,0.00258298079,0.00230127596,2.9249235e-05,1
0.0001220703125,337,0.002590816,0.0023084241,2.93467219e-05,1
0.0001220703125,338,0.0025986745,0.00231559365,2.94444162e-05,1
0.0001220703125,339,0.0026065344,0.00232276972,2.95423633e-05,1
0.0001220703125,340,0.00261440757,0.00232995627,2.96401777e-05,1
0.0001220703125,341,0.00262223789,0.00233709882,2.97377883e-05,1
0.0001220703125,342,0.00263009779,0.00234427443,2.98356717e-05,1
0.0001220703125,343,0.00263797189,0.00235145842,2.99337571e-05,1
0.0001220703125,344,0.00264583086,0.0023586303,3.00319061e-05,1
0.0001220703125,345,0.00265369518,0.00236581173,3.01301425e-05,1
0.0001220703125,346,0.00266157789,0.00237300433,3.02284461e-05,1
0.0001220703125,347,0.00266944501,0.00238018623,3.0326637e-05,1
0.0001220703125,348,0.00267730257,0.0023873602,3.04249534e-05,1
0.0001220703125,349,0.00268518273,0.00239455281,3.05235299e-05,1
0.0001220703125,350,0.00269308919,0.00240177196,3.06218935e-05,1
0.0001220703125,351,0.00270094117,0.00240894151,3.07203663e-05,1
0.0001220703125,352,0.00270882295,0.00241613621,3.08191084e-05,1
0.0001220703125,353,0.00271670707,0.00242333184,3.09175739e-05,1
0.0001220703125,354,0.00272460375,0.00243054423,3.10163523e-05,1
0.0001220703125,355,0.00273247994,0.00243773591,3.11153344e-05,1
0.0001220703125,356,0.00274036406,0.00244493503,3.12141274e-05,1
0.0001220703125,357,0.00274825608,0.00245214044,3.13133132e-05,1
0.0001220703125,358,0.00275612716,0.00245932955,3.14120844e-05,1
0.0001220703125,359,0.00276402617,0.00246654637,3.15111902e-05,1
0.0001220703125,360,0.00277191354,0.0024737455,3.16100923e-05,1
0.0001220703125,361,0.00277983164,0.00248097768,3.17095182e-05,1
0.0001220703125,362,0.0027877083,0.00248816959,3.18084931e-05,1
0.0001220703125,363,0.00279561291,0.00249538897,3.19079627e-05,1
0.0001220703125,364,0.00280352053,0.00250261463,3.2007425e-05,1
0.0001220703125,365,0.00281141675,0.00250982819,3.21068583e-05,1
0.0001220703125,366,0.00281933928,0.0025170641,3.22066116e-05,1
0.0001220703125,367,0.00282721454,0.0025242609,3.23060813e-05,1
0.0001220703125,368,0.0028351075,0.00253147027,3.24057983e-05,1
0.0001220703125,369,0.00284302677,0.00253870594,3.25054643e-05,1
0.0001220703125,370,0.00285093742,0.00254593091,3.26052141e-05,1
0.0001220703125,371,0.00285886554,0.0025531752,3.27051093e-05,1
0.0001220703125,372,0.00286679575,0.0025604195,3.28051319e-05,1
0.0001220703125,373,0.00287474599,0.00256768428,3.29052236e-05,1
0.0001220703125,374,0.00288264127,0.00257489691,3.30053081e-05,1
0.0001220703125,375,0.00289052445,0.00258210255,3.31053961e-05,1
0.0001220703125,376,0.00289845536,0.00258934824,3.32057098e-05,1
0.0001220703125,377,0.00290638488,0.0025965916,3.33060743e-05,1
0.0001220703125,378,0.0029143095,0.00260383496,3.34064025e-05,1
0.0001220703125,379,0.00292225834,0.00261109741,3.35067089e-05,1
0.0001220703125,380,0.00293021277,0.00261836685,3.36071171e-05,1
0.0001220703125,381,0.00293816347,0.00262563303,3.37076781e-05,1
0.0001220703125,382,0.0029460364,0.00263283169,3.380821e-05,1
0.0001220703125,383,0.00295397127,0.0026400825,3.39088874e-05,1
0.0001220703125,384,0.00296191359,0.00264734123,3.40097031e-05,1
0.0001220703125,385,0.00296984613,0.00265459204,3.41106352e-05,1
0.0001220703125,386,0.00297779636,0.00266186078,3.42114508e-05,1
0.0001220703125,387,0.00298577268,0.00266915141,3.4312372e-05,1
0.0001220703125,388,0.00299372291,0.00267641782,3.44132859e-05,1
0.0001220703125,389,0.00300164893,0.00268366188,3.45141962e-05,1
0.0001220703125,390,0.00300956843,0.00269090408,3.46152447e-05,1
0.0001220703125,391,0.00301751774,0.00269817188,3.47165915e-05,1
0.0001220703125,392,0.00302548567,0.00270545436,3.48180911e-05,1
0.0001220703125,393,0.00303343427,0.00271272473,3.49196052e-05,1
0.0001220703125,394,0.00304141268,0.00272001885,3.50208938e-05,1
0.0001220703125,395,0.00304935966,0.00272728526,3.51220733e-05,1
0.0001220703125,396,0.00305736205,0.00273460336,3.52239585e-05,1
0.0001220703125,397,0.0030652741,0.00274183741,3.53252763e-05,1
0.0001220703125,398,0.00307322806,0.00274911453,3.5426965e-05,1
0.0001220703125,399,0.00308118458,0.00275638793,3.55287048e-05,1
0.0001220703125,400,0.00308914436,0.00276366971,3.56306336e-05,1
0.0001220703125,401,0.00309714209,0.00277098408,3.57327153e-05,1
0.0001220703125,402,0.0031051056,0.00277826702,3.5834506e-05,1
0.0001220703125,403,0.00311310799,0.00278558629,3.59367768e-05,1
0.0001220703125,404,0.0031210864,0.00279288366,3.60385384e-05,1
0.0001220703125,405,0.00312902592,0.00280014751,3.61405764e-05,1
0.0001220703125,406,0.00313699106,0.00280743744,3.62428036e-05,1
0.0001220703125,407,0.00314496551,0.00281473016,3.63450308e-05,1
0.0001220703125,408,0.00315293856,0.00282202382,3.64474472e-05,1
0.0001220703125,409,0.00316094211,0.00282934261,3.65503074e-05,1
0.0001220703125,410,0.00316893007,0.00283665769,3.66525346e-05,1
0.0001220703125,411,0.00317693548,0.00284398161,3.67550092e-05,1
0.0001220703125,412,0.0031849402,0.00285130669,3.68578367e-05,1
0.0001220703125,413,0.00319289975,0.00285858708,3.69603404e-05,1
0.0001220703125,414,0.00320087955,0.00286588818,3.70630805e-05,1
0.0001220703125,415,0.00320885913,0.00287319347,3.71659444e-05,1
0.0001220703125,416,0.00321684917,0.00288050622,3.72687573e-05,1
0.0001220703125,417,0.00322487205,0.0028878497,3.73720977e-05,1
0.0001220703125,418,0.00323287817,0.00289517595,3.7474776e-05,1
0.0001220703125,419,0.00324090198,0.00290252012,3.75781456e-05,1
0.0001220703125,420,0.00324890856,0.002909848,3.76812022e-05,1
0.0001220703125,421,0.00325690582,0.00291716866,3.77843317e-05,1
0.0001220703125,422,0.00326487375,0.00292446092,3.78874392e-05,1
0.0001220703125,423,0.00327287312,0.00293178344,3.79906778e-05,1
0.0001220703125,424,0.00328088086,0.00293911714,3.80943384e-05,1
0.0001220703125,425,0.00328890933,0.00294646528,3.81978352e-05,1
0.0001220703125,426,0.00329691684,0.00295379758,3.8301976e-05,1
0.0001220703125,427,0.00330495136,0.0029611527,3.84056621e-05,1
0.0001220703125,428,0.00331297796,0.00296850223,3.85095154e-05,1
0.0001220703125,429,0.00332101062,0.00297585549,3.8613638e-05,1
0.0001220703125,430,0.00332898903,0.00298316032,3.87175169e-05,1
0.0001220703125,431,0.00333700515,0.0029905024,3.88215994e-05,1
0.0001220703125,432,0.00334502757,0.002997851,3.89253546e-05,1
0.0001220703125,433,0.00335306721,0.00300520798,3.90297282e-05,1
0.0001220703125,434,0.00336109474,0.00301256287,3.91337599e-05,1
0.0001220703125,435,0.00336913392,0.0030199266,3.92379879e-05,1
0.0001220703125,436,0.00337718055,0.0030272943,3.93426963e-05,1
0.0001220703125,437,0.00338523719,0.00303467317,3.94469207e-05,1
0.0001220703125,438,0.00339324633,0.00304200663,3.95515963e-05,1
0.0001220703125,439,0.00340125663,0.00304934732,3.96559626e-05,1
0.0001220703125,440,0.00340929627,0.00305671338,3.97605909e-05,1
0.0001220703125,441,0.00341730588,0.0030640508,3.98648117e-05,1
0.0001220703125,442,0.00342537975,0.00307144527,3.99695127e-05,1
0.0001220703125,443,0.00343341054,0.00307880598,4.00744393e-05,1
0.0001220703125,444,0.00344146509,0.00308618555,4.01793659e-05,1
0.0001220703125,445,0.00344953383,0.00309357652,4.02843943e-05,1
0.0001220703125,446,0.00345761236,0.00310097355,4.03892736e-05,1
0.0001220703125,447,0.00346564082,0.0031083324,4.04944112e-05,1
0.0001220703125,448,0.00347365951,0.00311567634,4.05995052e-05,1
0.0001220703125,449,0.00348170986,0.00312305754,4.07045554e-05,1
0.0001220703125,450,0.00348978164,0.00313045178,4.08099295e-05,1
0.0001220703125,451,0.00349782826,0.00313782599,4.09153145e-05,1
0.0001220703125,452,0.00350591168,0.00314522954,4.10208013e-05,1
0.0001220703125,453,0.00351398904,0.00315263309,4.1126259e-05,1
0.0001220703125,454,0.00352205476,0.0031600222,4.12317168e-05,1
0.0001220703125,455,0.00353013212,0.00316742761,4.133732e-05,1
0.0001220703125,456,0.003538216,0.00317483442,4.14430615e-05,1
0.0001220703125,457,0.00354623934,0.00318218442,4.15484974e-05,1
0.0001220703125,458,0.00355430413,0.00318957772,4.16542862e-05,1
0.0001220703125,459,0.00356239616,0.00319699338,4.1760326e-05,1
0.0001220703125,460,0.00357044954,0.00320437504,4.18657764e-05,1
0.0001220703125,461,0.00357855065,0.00321180094,4.19717398e-05,1
0.0001220703125,462,0.00358663849,0.00321921101,4.2078027e-05,1
0.0001220703125,463,0.00359471608,0.00322661689,4.21840232e-05,1
0.0001220703125,464,0.00360283069,0.00323405815,4.22907506e-05,1
0.0001220703125,465,0.00361093041,0.00324148452,4.23967831e-05,1
0.0001220703125,466,0.00361896469,0.00324884942,4.25029139e-05,1
0.0001220703125,467,0.00362705602,0.00325626321,4.26093939e-05,1
0.0001220703125,468,0.00363512849,0.00326366397,4.27154373e-05,1
0.0001220703125,469,0.00364322495,0.00327108754,4.28221247e-05,1
0.0001220703125,470,0.00365131302,0.00327850506,4.29288993e-05,1
0.0001220703125,471,0.00365942949,0.00328594493,4.30354303e-05,1
0.0001220703125,472,0.00366754923,0.00329339202,4.3142285e-05,1
0.0001220703125,473,0.00367565779,0.0033008277,4.32489469e-05,1
0.0001220703125,474,0.00368376891,0.00330826803,4.33560454e-05,1
0.0001220703125,475,0.00369187305,0.00331569859,4.34628637e-05,1
0.0001220703125,476,0.00369994761,0.00332310027,4.3569893e-05,1
0.0001220703125,477,0.00370803149,0.00333051151,4.36766604e-05,1
0.0001220703125,478,0.00371614099,0.00333795371,4.37837334e-05,1
0.0001220703125,479,0.00372425886,0.00334539427,4.38910138e-05,1
0.0001220703125,480,0.00373236556,0.00335283414,4.39982869e-05,1
0.0001220703125,481,0.00374048785,0.00336028123,4.41055454e-05,1
0.0001220703125,482,0.00374864531,0.00336776464,4.42134187e-05,1
0.0001220703125,483,0.00375676947,0.00337521988,4.43209574e-05,1
0.0001220703125,484,0.0037648927,0.00338267349,4.44282268e-05,1
0.0001220703125,485,0.00377300987,0.00339011475,4.4535911e-05,1
0.0001220703125,486,0.00378110679,0.00339754345,4.46434933e-05,1
0.0001220703125,487,0.00378922699,0.00340499356,4.47513594e-05,1
0.0001220703125,488,0.00379734696,0.00341244228,4.48594874e-05,1
0.0001220703125,489,0.00380548462,0.00341991335,4.49673935e-05,1
0.0001220703125,490,0.00381361833,0.00342737418,4.50748339e-05,1
0.0001220703125,491,0.00382175553,0.0034348378,4.5182991e-05,1
0.0001220703125,492,0.00382989552,0.0034423084,4.52912645e-05,1
0.0001220703125,493,0.00383804995,0.00344979158,4.5399589e-05,1
0.0001220703125,494,0.00384619413,0.0034572673,4.55077752e-05,1
0.0001220703125,495,0.00385435298,0.00346475421,4.5615725e-05,1
0.0001220703125,496,0.00386243919,0.00347217335,4.57236529e-05,1
0.0001220703125,497,0.00387057359,0.00347963697,4.58322575e-05,1
0.0001220703125,498,0.00387872825,0.00348712341,4.59410076e-05,1
0.0001220703125,499,0.0038868757,0.0034945982,4.6049583e-05,1
0.0001220703125,500,0.00389501965,0.00350207556,4.61581039e-05,1
0.0001220703125,501,0.00390318036,0.00350956572,4.62668504e-05,1
0.0001220703125,502,0.00391133595,0.00351704936,4.63755969e-05,1
0.0001220703125,503,0.00391950505,0.00352455536,4.64846344e-05,1
0.0001220703125,504,0.00392768625,0.00353205903,4.65937119e-05,1
0.0001220703125,505,0.00393585581,0.00353955897,4.67028331e-05,1
0.0001220703125,506,0.00394402165,0.00354705472,4.68116632e-05,1
0.0001220703125,507,0.0039521493,0.00355451833,4.69210136e-05,1
0.0001220703125,508,0.00396030536,0.00356200384,4.70300583e-05,1
0.0001220703125,509,0.00396846235,0.00356949447,4.71394742e-05,1
0.0001220703125,510,0.00397663005,0.00357699487,4.72486463e-05,1
0.0001220703125,511,0.00398480613,0.00358450459,4.73580658e-05,1
0.0001220703125,512,0.00399297755,0.0035920057,4.74675435e-05,1
0.0001220703125,513,0.00400116481,0.00359952357,4.75771121e-05,1
0.0001220703125,514,0.00400934741,0.00360703561,4.76866153e-05,1
0.0001220703125,515,0.00401752675,0.0036145479,4.77965441e-05,1
0.0001220703125,516,0.00402571633,0.00362207042,4.79061564e-05,1
0.0001220703125,517,0.00403391756,0.00362959667,4.80158633e-05,1
0.0001220703125,518,0.00404205732,0.00363707636,4.81259849e-05,1
0.0001220703125,519,0.00405022036,0.00364457932,4.82357027e-05,1
0.0001220703125,520,0.0040584188,0.00365210045,4.83462391e-05,1
0.0001220703125,521,0.00406661537,0.00365963252,4.84562079e-05,1
0.0001220703125,522,0.00407480123,0.00366715016,4.85662094e-05,1
0.0001220703125,523,0.00408297963,0.00367467059,4.86765712e-05,1
0.0001220703125,524,0.00409119483,0.00368221337,4.87869111e-05,1
0.0001220703125,525,0.00409940165,0.00368975149,4.88974802e-05,1
0.0001220703125,526,0.00410761964,0.00369729893,4.90081693e-05,1
0.0001220703125,527,0.00411583157,0.0037048473,4.91187056e-05,1
0.0001220703125,528,0.00412403373,0.003712381,4.92290419e-05,1
0.0001220703125,529,0.00413222611,0.00371990516,4.93398657e-05,1
0.0001220703125,530,0.0041403966,0.00372741651,4.94506057e-05,1
0.0001220703125,531,0.00414859131,0.00373494392,4.95613531e-05,1
0.0001220703125,532,0.00415681303,0.00374249602,4.96721914e-05,1
0.0001220703125,533,0.00416503102,0.00375005323,4.9783408e-05,1
0.0001220703125,534,0.00417324249,0.00375759695,4.98943009e-05,1
0.0001220703125,535,0.00418145489,0.00376514345,5.00052811e-05,1
0.0001220703125,536,0.00418968033,0.00377270207,5.01168943e-05,1
0.0001220703125,537,0.00419791974,0.00378027325,5.02279363e-05,1
0.0001220703125,538,0.00420612842,0.00378782023,5.03391893e-05,1
0.0001220703125,539,0.00421436504,0.00379538815,5.04506788e-05,1
0.0001220703125,540,0.00422260817,0.0038029654,5.05621829e-05,1
0.0001220703125,541,0.00423084013,0.00381053379,5.06738288e-05,1
0.0001220703125,542,0.00423903298,0.0038180619,5.07850928e-05,1
0.0001220703125,543,0.00424724352,0.00382560794,5.08970079e-05,1
0.0001220703125,544,0.00425547548,0.00383317494,5.10085374e-05,1
0.0001220703125,545,0.00426369999,0.00384074193,5.11206381e-05,1
0.0001220703125,546,0.00427192403,0.00384830451,5.12321494e-05,1
0.0001220703125,547,0.00428017927,0.0038558864,5.13443556e-05,1
0.0001220703125,548,0.00428843731,0.00386347994,5.14565145e-05,1
0.0001220703125,549,0.00429667346,0.00387105439,5.15684333e-05,1
0.0001220703125,550,0.00430493895,0.00387865771,5.16810287e-05,1
0.0001220703125,551,0.00431317324,0.00388622563,5.17931367e-05,1
0.0001220703125,552,0.00432142476,0.00389381126,5.19053647e-05,1
0.0001220703125,553,0.00432966184,0.0039013864,5.20174399e-05,1
0.0001220703125,554,0.0043379413,0.00390900113,5.213037e-05,1
0.0001220703125,555,0.00434614811,0.00391655043,5.22425726e-05,1
0.0001220703125,556,0.00435440568,0.00392413884,5.23553608e-05,1
0.0001220703125,557,0.0043626437,0.00393171702,5.24680472e-05,1
0.0001220703125,558,0.00437091151,0.00393932126,5.25806936e-05,1
0.0001220703125,559,0.0043791621,0.00394691061,5.26935255e-05,1
0.0001220703125,560,0.00438743224,0.00395452138,5.28066957e-05,1
0.0001220703125,561,0.00439569401,0.00396211958,5.2919615e-05,1
0.0001220703125,562,0.00440396508,0.00396972988,5.30323596e-05,1
0.0001220703125,563,0.00441223662,0.00397733506,5.314585e-05,1
0.0001220703125,564,0.00442051888,0.00398495188,5.32590966e-05,1
0.0001220703125,565,0.00442878995,0.00399256311,5.33721832e-05,1
0.0001220703125,566,0.00443706848,0.00400017854,5.34855608e-05,1
0.0001220703125,567,0.00444536423,0.00400781073,5.35991167e-05,1
0.0001220703125,568,0.00445363577,0.00401542056,5.37126907e-05,1
0.0001220703125,569,0.00446189102,0.00402301364,5.38260392e-05,1
0.0001220703125,570,0.00447016209,0.00403062347,5.39395733e-05,1
0.0001220703125,571,0.00447842851,0.00403822912,5.40528963e-05,1
0.0001220703125,572,0.00448671728,0.00404585758,5.41667505e-05,1
0.0001220703125,573,0.00449500792,0.00405348884,5.42805574e-05,1
0.0001220703125,574,0.00450330507,0.00406112242,5.43946771e-05,1
0.0001220703125,575,0.00451159198,0.00406875089,5.45082075e-05,1
0.0001220703125,576,0.0045198896,0.00407638494,5.46220836e-05,1
0.0001220703125,577,0.00452818163,0.00408401713,5.47364143e-05,1
0.0001220703125,578,0.00453646388,0.00409164373,5.48504649e-05,1
0.0001220703125,579,0.00454478431,0.00409929827,5.49648612e-05,1
0.0001220703125,580,0.00455309171,0.00410694443,5.5078639e-05,1
0.0001220703125,581,0.00456139771,0.00411459059,5.51935736e-05,1
0.0001220703125,582,0.00456971582,0.00412224466,5.53079699e-05,1
0.0001220703125,583,0.00457798317,0.0041298545,5.54221624e-05,1
0.0001220703125,584,0.00458626542,0.00413748203,5.55369625e-05,1
0.0001220703125,585,0.00459458213,0.00414513703,5.56516134e-05,1
0.0001220703125,586,0.00460288487,0.00415277807,5.57665262e-05,1
0.0001220703125,587,0.00461120624,0.00416043866,5.58814099e-05,1
0.0001220703125,588,0.00461952854,0.00416810112,5.59965702e-05,1
0.0001220703125,589,0.00462783221,0.00417575007,5.61113084e-05,1
0.0001220703125,590,0.00463614985,0.0041834102,5.62265013e-05,1
0.0001220703125,591,0.00464446517,0.0041910694,5.6341647e-05,1
0.0001220703125,592,0.00465278793,0.00419872813,5.64568509e-05,1
0.0001220703125,593,0.00466113584,0.00420641433,5.65723021e-05,1
0.0001220703125,594,0.00466945535,0.00421407307,5.66873823e-05,1
0.0001220703125,595,0.00467778742,0.00422175135,5.68026881e-05,1
0.0001220703125,596,0.0046861372,0.00422943383,5.69188996e-05,1
0.0001220703125,597,0.00469446741,0.00423710933,5.70342163e-05,1
0.0001220703125,598,0.00470281113,0.00424479321,5.71498713e-05,1
0.0001220703125,599,0.00471111573,0.00425244495,5.72657045e-05,1
0.0001220703125,600,0.00471943896,0.00426010974,5.73811303e-05,1
0.0001220703125,601,0.00472775334,0.00426777173,5.74968872e-05,1
0.0001220703125,602,0.004736098,0.00427545421,5.7612815e-05,1
0.0001220703125,603,0.00474445289,0.00428314973,5.77293795e-05,1
0.0001220703125,604,0.00475280453,0.00429084525,5.78453037e-05,1
0.0001220703125,605,0.00476113288,0.00429851469,5.79610823e-05,1
0.0001220703125,606,0.00476949289,0.004306213,5.8077836e-05,1
0.0001220703125,607,0.00477783196,0.00431390433,5.81937893e-05,1
0.0001220703125,608,0.00478619058,0.00432160217,5.83101719e-05,1
0.0001220703125,609,0.00479455199,0.00432930142,5.84265617e-05,1
0.0001220703125,610,0.00480289944,0.00433699926,5.85429043e-05,1
0.0001220703125,611,0.00481127296,0.00434471387,5.86601491e-05,1
0.0001220703125,612,0.00481964182,0.00435242057,5.87767354e-05,1
0.0001220703125,613,0.00482800091,0.00436012819,5.88932708e-05,1
0.0001220703125,614,0.00483637955,0.004367847,5.90101627e-05,1
0.0001220703125,615,0.00484475307,0.00437556021,5.91274256e-05,1
0.0001220703125,616,0.0048531075,0.00438326737,5.92444412e-05,1
0.0001220703125,617,0.0048614447,0.0043909438,5.93609329e-05,1
0.0001220703125,618,0.00486980565,0.00439865142,5.94780649e-05,1
0.0001220703125,619,0.00487818057,0.00440636929,5.95955826e-05,1
0.0001220703125,620,0.00488654431,0.00441407831,5.97125327e-05,1
0.0001220703125,621,0.00489493273,0.00442180969,5.98299557e-05,1
0.0001220703125,622,0.00490330905,0.00442953221,5.9947437e-05,1
0.0001220703125,623,0.00491167977,0.00443725195,6.00646854e-05,1
0.0001220703125,624,0.00492007006,0.00444497913,6.0182505e-05,1
0.0001220703125,625,0.00492840819,0.00445267092,6.02993277e-05,1
0.0001220703125,626,0.00493681245,0.00446041953,6.04169836e-05,1
0.0001220703125,627,0.00494520832,0.00446815975,6.05349123e-05,1
0.0001220703125,628,0.00495362747,0.00447592232,6.0653103e-05,1
0.0001220703125,629,0.00496200752,0.00448364718,6.07704133e-05,1
0.0001220703125,630,0.00497040153,0.00449138554,6.08885712e-05,1
0.0001220703125,631,0.00497883093,0.00449915975,6.10070274e-05,1
0.0001220703125,632,0.00498723844,0.00450691022,6.11253126e-05,1
0.0001220703125,633,0.0049956562,0.00451467233,6.12432486e-05,1
0.0001220703125,634,0.00500406278,0.00452242279,6.1361905e-05,1
0.0001220703125,635,0.00501248194,0.00453018583,6.14803866e-05,1
0.0001220703125,636,0.00502086803,0.00453792419,6.15990139e-05,1
0.0001220703125,637,0.0050292667,0.00454566535,6.17171318e-05,1
0.0001220703125,638,0.00503767654,0.00455342233,6.18361373e-05,1
0.0001220703125,639,0.00504607335,0.00456117,6.19542843e-05,1
0.0001220703125,640,0.00505450461,0.00456894608,6.20735809e-05,1
0.0001220703125,641,0.00506289117,0.00457667746,6.219231e-05,1
0.0001220703125,642,0.00507133268,0.00458446424,6.231101e-05,1
0.0001220703125,643,0.00507973228,0.00459221564,6.24299428e-05,1
0.0001220703125,644,0.00508814957,0.00459997635,6.25490793e-05,1
0.0001220703125,645,0.00509658456,0.00460775942,6.26682158e-05,1
0.0001220703125,646,0.00510501442,0.00461553596,6.27872651e-05,1
0.0001220703125,647,0.00511346059,0.00462333299,6.29069982e-05,1
0.0001220703125,648,0.00512187043,0.00463108718,6.30259165e-05,1
0.0001220703125,649,0.00513034035,0.00463890005,6.31451185e-05,1
0.0001220703125,650,0.00513875112,0.0046466589,6.32651936e-05,1
0.0001220703125,651,0.00514717819,0.00465443637,6.33837917e-05,1
0.0001220703125,652,0.00515559502,0.00466220267,6.35038086e-05,1
0.0001220703125,653,0.00516407099,0.00467002392,6.36239565e-05,1
0.0001220703125,654,0.00517250551,0.00467780884,6.37432458e-05,1
0.0001220703125,655,0.00518093444,0.00468558539,6.38631318e-05,1
0.0001220703125,656,0.00518940948,0.00469340943,6.39832142e-05,1
0.0001220703125,657,0.00519783888,0.00470118457,6.41031365e-05,1
0.0001220703125,658,0.00520628039,0.00470898021,6.42234663e-05,1
0.0001220703125,659,0.00521470327,0.00471675163,6.43430685e-05,1
0.0001220703125,660,0.0052231662,0.00472456403,6.44638931e-05,1
0.0001220703125,661,0.00523159746,0.00473234383,6.45836117e-05,1
0.0001220703125,662,0.00524005713,0.00474015903,6.47045963e-05,1
0.0001220703125,663,0.00524849258,0.00474793417,6.48241839e-05,1
0.0001220703125,664,0.00525694666,0.00475574471,6.49450958e-05,1
0.0001220703125,665,0.00526540168,0.00476354919,6.50650327e-05,1
0.0001220703125,666,0.0052738646,0.0047713574,6.51863083e-05,1
0.0001220703125,667,0.00528231217,0.00477915723,6.53067837e-05,1
0.0001220703125,668,0.00529079325,0.00478698127,6.54279138e-05,1
0.0001220703125,669,0.00529924035,0.00479478855,6.55486729e-05,1
0.0001220703125,670,0.00530772656,0.00480262097,6.56695483e-05,1
0.0001220703125,671,0.00531620439,0.00481044967,6.57910714e-05,1
0.0001220703125,672,0.00532468501,0.00481827743,6.59117213e-05,1
0.0001220703125,673,0.00533313118,0.00482608052,6.60328224e-05,1
0.0001220703125,674,0.0053416146,0.00483391527,6.61539088e-05,1
0.0001220703125,675,0.00535010546,0.00484175328,6.62754901e-05,1
0.0001220703125,676,0.00535858888,0.00484958664,6.63970568e-05,1
0.0001220703125,677,0.00536706299,0.00485741254,6.65183616e-05,1
0.0001220703125,678,0.00537555572,0.00486525847,6.6640423e-05,1
0.0001220703125,679,0.00538405124,0.00487310486,6.67619461e-05,1
0.0001220703125,680,0.0053925598,0.00488095731,6.68836437e-05,1
0.0001220703125,681,0.00540102692,0.00488877995,6.70052832e-05,1
0.0001220703125,682,0.00540955085,0.00489665754,6.71274611e-05,1
0.0001220703125,683,0.00541801564,0.00490447413,6.72489259e-05,1
0.0001220703125,684,0.00542653259,0.00491233449,6.73712784e-05,1
0.0001220703125,685,0.00543500762,0.00492016505,6.74933181e-05,1
0.0001220703125,686,0.00544353388,0.00492804311,6.76152267e-05,1
0.0001220703125,687,0.00545200147,0.00493586622,6.77376665e-05,1
0.0001220703125,688,0.00546050398,0.00494372332,6.78602955e-05,1
0.0001220703125,689,0.00546899391,0.00495156366,6.79819932e-05,1
0.0001220703125,690,0.00547752064,0.00495944265,6.81050151e-05,1
0.0001220703125,691,0.00548599008,0.00496726902,6.82274986e-05,1
0.0001220703125,692,0.00549451355,0.00497514009,6.83497346e-05,1
0.0001220703125,693,0.00550300535,0.00498298649,6.84722472e-05,1
0.0001220703125,694,0.00551153999,0.00499087851,6.8595662e-05,1
0.0001220703125,695,0.00552002015,0.00499870814,6.87178836e-05,1
0.0001220703125,696,0.00552857574,0.00500661647,6.88410219e-05,1
0.0001220703125,697,0.00553707872,0.0050144745,6.89642329e-05,1
0.0001220703125,698,0.00554561149,0.00502236094,6.90869056e-05,1
0.0001220703125,699,0.00555413216,0.00503023295,6.92102622e-05,1
0.0001220703125,700,0.00556265749,0.0050381138,6.93334223e-05,1
0.0001220703125,701,0.00557118654,0.0050460035,6.94566406e-05,1
0.0001220703125,702,0.00557972956,0.00505389459,6.95802155e-05,1
0.0001220703125,703,0.00558826374,0.00506178662,6.97036885e-05,1
0.0001220703125,704,0.00559677463,0.00506965024,6.98272052e-05,1
0.0001220703125,705,0.00560532883,0.00507755671,6.99508237e-05,1
0.0001220703125,706,0.00561386906,0.00508544967,7.00739038e-05,1
0.0001220703125,707,0.00562241022,0.00509334635,7.01984245e-05,1
0.0001220703125,708,0.0056309537,0.0051012449,7.03224359e-05,1
0.0001220703125,709,0.00563950697,0.00510915183,7.04459235e-05,1
0.0001220703125,710,0.00564802811,0.00511702709,7.05697312e-05,1
0.0001220703125,711,0.00565659069,0.00512494659,7.06943829e-05,1
0.0001220703125,712,0.00566512765,0.00513284327,7.08174484e-05,1
0.0001220703125,713,0.00567366928,0.00514074136,7.0941489e-05,1
0.0001220703125,714,0.00568223931,0.00514866086,7.10668901e-05,1
0.0001220703125,715,0.00569077628,0.00515655801,7.11902685e-05,1
0.0001220703125,716,0.00569935795,0.00516449194,7.13153713e-05,1
0.0001220703125,717,0.00570794567,0.00517243007,7.14401976e-05,1
0.0001220703125,718,0.00571646774,0.00518031418,7.15640199e-05,1
0.0001220703125,719,0.00572504848,0.00518824905,7.16890208e-05,1
0.0001220703125,720,0.00573362131,0.0051961774,7.18143419e-05,1
0.0001220703125,721,0.00574215036,0.00520406803,7.19384261e-05,1
0.0001220703125,722,0.00575073762,0.00521200709,7.20631797e-05,1
0.0001220703125,723,0.00575928111,0.0052199075,7.21888209e-05,1
0.0001220703125,724,0.00576788466,0.00522786472,7.2313429e-05,1
0.0001220703125,725,0.00577642489,0.0052357642,7.24387573e-05,1
0.0001220703125,726,0.00578501727,0.00524372142,7.25638311e-05,1
0.0001220703125,727,0.00579353701,0.00525159761,7.26888466e-05,1
0.0001220703125,728,0.00580218062,0.00525959209,7.28142477e-05,1
0.0001220703125,729,0.00581069244,0.00526747014,7.2939336e-05,1
0.0001220703125,730,0.00581935328,0.00527548138,7.30648317e-05,1
0.0001220703125,731,0.00582783762,0.0052833315,7.31901528e-05,1
0.0001220703125,732,0.00583652686,0.00529137347,7.33164052e-05,1
0.0001220703125,733,0.00584501401,0.00529922359,7.34414352e-05,1
0.0001220703125,734,0.00585371908,0.00530727673,7.3568066e-05,1
0.0001220703125,735,0.00586221414,0.00531513244,7.36931688e-05,1
0.0001220703125,736,0.0058709057,0.00532317907,7.38198869e-05,1
0.0001220703125,737,0.00587941706,0.00533105712,7.394555e-05,1
0.0001220703125,738,0.00588810025,0.00533909258,7.40722389e-05,1
0.0001220703125,739,0.0058965846,0.00534694735,7.41976255e-05,1
0.0001220703125,740,0.00590531155,0.00535502471,7.43247292e-05,1
0.0001220703125,741,0.00591384806,0.00536292512,7.44507997e-05,1
0.0001220703125,742,0.00592251681,0.00537094474,7.45772995e-05,1
0.0001220703125,743,0.00593105331,0.00537884515,7.4703974e-05,1
0.0001220703125,744,0.00593973231,0.00538688619,7.48304301e-05,1
0.0001220703125,745,0.00594821339,0.0053947377,7.49563624e-05,1
0.0001220703125,746,0.00595695898,0.0054028267,7.5083648e-05,1
0.0001220703125,747,0.0059654871,0.00541072246,7.52098131e-05,1
0.0001220703125,748,0.0059741959,0.0054187756,7.5337186e-05,1
0.0001220703125,749,0.00598272495,0.00542667368,7.54643843e-05,1
0.0001220703125,750,0.00599143375,0.00543474406,7.55913934e-05,1
0.0001220703125,751,0.00599996466,0.00544264354,7.57180824e-05,1
0.0001220703125,752,0.00600865483,0.00545069063,7.58452079e-05,1
0.0001220703125,753,0.00601719692,0.00545859989,7.59718969e-05,1
0.0001220703125,754,0.00602595694,0.00546671264,7.60999246e-05,1
0.0001220703125,755,0.00603446551,0.00547458604,7.62271811e-05,1
0.0001220703125,756,0.00604320923,0.00548268342,7.63548596e-05,1
0.0001220703125,757,0.00605171081,0.00549055636,7.64819997e-05,1
0.0001220703125,758,0.00606048945,0.00549868681,7.66105659e-05,1
0.0001220703125,759,0.00606899522,0.00550656579,7.67375241e-05,1
0.0001220703125,760,0.00607772777,0.005514652,7.68653408e-05,1
0.0001220703125,761,0.00608628243,0.00552257337,7.69936159e-05,1
0.0001220703125,762,0.00609503035,0.00553067494,7.71212872e-05,1
0.0001220703125,763,0.00610359153,0.00553860702,7.72492785e-05,1
0.0001220703125,764,0.00611235294,0.00554672442,7.73781212e-05,1
0.0001220703125,765,0.00612088107,0.00555462204,7.75055523e-05,1
0.0001220703125,766,0.00612967927,0.00556277018,7.76345842e-05,1
0.0001220703125,767,0.00613817014,0.00557063799,7.77624518e-05,1
0.0001220703125,768,0.00614694832,0.00557876378,7.7891018e-05,1
0.0001220703125,769,0.00615550671,0.00558670238,7.80193222e-05,1
0.0001220703125,770,0.006164263,0.00559481513,7.81481358e-05,1
0.0001220703125,771,0.0061728172,0.00560273603,7.82765856e-05,1
0.0001220703125,772,0.00618162099,0.00561088976,7.84058502e-05,1
0.0001220703125,773,0.00619016122,0.00561879762,7.85339216e-05,1
0.0001220703125,774,0.00619892776,0.00562692527,7.86631208e-05,1
0.0001220703125,775,0.00620747637,0.0056348471,7.87918689e-05,1
0.0001220703125,776,0.0062162783,0.00564300688,7.89216137e-05,1
0.0001220703125,777,0.00622482877,0.00565092778,7.90501654e-05,1
0.0001220703125,778,0.006233586,0.00565904379,7.91794009e-05,1
0.0001220703125,779,0.00624217931,0.0056670066,7.93088984e-05,1
0.0001220703125,780,0.00625097286,0.00567515939,7.94381776e-05,1
0.0001220703125,781,0.00625956617,0.00568311755,7.95675369e-05,1
0.0001220703125,782,0.00626833923,0.00569125172,7.96972963e-05,1
0.0001220703125,783,0.0062768897,0.0056991782,7.98265173e-05,1
0.0001220703125,784,0.00628569582,0.00570733985,7.99562258e-05,1
0.0001220703125,785,0.00629424118,0.00571525889,8.00853013e-05,1
0.0001220703125,786,0.00630304683,0.00572343031,8.02161812e-05,1
0.0001220703125,787,0.00631163921,0.00573138753,8.03452422e-05,1
0.0001220703125,788,0.0063204295,0.00573953521,8.04758602e-05,1
0.0001220703125,789,0.00632900558,0.00574748777,8.06058088e-05,1
0.0001220703125,790,0.00633783173,0.00575567223,8.07354954e-05,1
0.0001220703125,791,0.00634640362,0.00576361828,8.08655313e-05,1
0.0001220703125,792,0.00635523628,0.00577180739,8.09972407e-05,1
0.0001220703125,793,0.0063638296,0.00577977579,8.11262726e-05,1
0.0001220703125,794,0.00637265202,0.00578795141,8.12575599e-05,1
0.0001220703125,795,0.00638126163,0.0057959347,8.13879014e-05,1
0.0001220703125,796,0.0063900305,0.00580407726,8.15181265e-05,1
0.0001220703125,797,0.0063986457,0.00581206055,8.16487009e-05,1
0.0001220703125,798,0.00640747603,0.00582024781,8.17799882e-05,1
0.0001220703125,799,0.00641606189,0.00582821015,8.19096604e-05,1
0.0001220703125,800,0.00642489735,0.0058364002,8.20415153e-05,1
0.0001220703125,801,0.00643355399,0.00584442914,8.21727881e-05,1
0.0001220703125,802,0.0064423345,0.00585257821,8.23035443e-05,1
0.0001220703125,803,0.00645094272,0.00586055778,8.24342278e-05,1
0.0001220703125,804,0.00645977166,0.0058687469,8.25659954e-05,1
0.0001220703125,805,0.00646840641,0.00587675255,8.26967589e-05,1
0.0001220703125,806,0.00647721998,0.00588493329,8.28283373e-05,1
0.0001220703125,807,0.00648584589,0.00589293335,8.29595519e-05,1
0.0001220703125,808,0.00649467297,0.00590112433,8.30916397e-05,1
0.0001220703125,809,0.00650333799,0.00590916397,8.32226651e-05,1
0.0001220703125,810,0.00651216041,0.00591734471,8.33552622e-05,1
0.0001220703125,811,0.0065207826,0.00592534151,8.34862585e-05,1
0.0001220703125,812,0.00652961992,0.00593354926,8.36184627e-05,1
0.0001220703125,813,0.00653826073,0.00594156282,8.37499974e-05,1
0.0001220703125,814,0.00654706825,0.00594973192,8.38825217e-05,1
0.0001220703125,815,0.00655577704,0.00595780741,8.40140128e-05,1
0.0001220703125,816,0.00656459201,0.00596599001,8.41467554e-05,1
0.0001220703125,817,0.006573244,0.00597401941,8.42785812e-05,1
0.0001220703125,818,0.00658210181,0.00598224066,8.4411542e-05,1
0.0001220703125,819,0.00659078546,0.00599029195,8.45435425e-05,1
0.0001220703125,820,0.00659958459,0.00599845638,8.46763724e-05,1
0.0001220703125,821,0.00660829339,0.00600653607,8.4808431e-05,1
0.0001220703125,822,0.00661711488,0.00601472426,8.49413991e-05,1
0.0001220703125,823,0.00662577897,0.00602277229,8.50742872e-05,1
0.0001220703125,824,0.00663464563,0.00603099354,8.52068042e-05,1
0.0001220703125,825,0.00664332509,0.00603904575,8.53395031e-05,1
0.0001220703125,826,0.00665214751,0.00604724418,8.54729005e-05,1
0.0001220703125,827,0.00666089449,0.0060553588,8.56061379e-05,1
0.0001220703125,828,0.00666969083,0.00606352556,8.57390114e-05,1
0.0001220703125,829,0.00667841686,0.00607162621,8.58719577e-05,1
0.0001220703125,830,0.00668724626,0.00607981998,8.60056607e-05,1
0.0001220703125,831,0.00669595413,0.00608790945,8.61386725e-05,1
0.0001220703125,832,0.00670478214,0.0060961023,8.62723246e-05,1
0.0001220703125,833,0.00671355706,0.00610424485,8.64066969e-05,1
0.0001220703125,834,0.00672235899,0.00611242,8.65394686e-05,1
0.0001220703125,835,0.00673112459,0.0061205551,8.66731862e-05,1
0.0001220703125,836,0.00673992466,0.00612872653,8.6807413e-05,1
0.0001220703125,837,0.0067486912,0.00613687001,8.69403157e-05,1
0.0001220703125,838,0.00675747171,0.00614501815,8.70746298e-05,1
0.0001220703125,839,0.00676629972,0.00615321659,8.72089295e-05,1
0.0001220703125,840,0.00677507091,0.0061613638,8.73425597e-05,1
0.0001220703125,841,0.00678387843,0.0061695436,8.74771504e-05,1
0.0001220703125,842,0.00679265615,0.00617769174,8.76108097e-05,1
0.0001220703125,843,0.00680149812,0.00618589949,8.77458806e-05,1
0.0001220703125,844,0.00681026094,0.00619403459,8.78794235e-05,1
0.0001220703125,845,0.00681912526,0.00620227028,8.80147418e-05,1
0.0001220703125,846,0.00682787132,0.00621039607,8.81489686e-05,1
0.0001220703125,847,0.00683680084,0.00621868297,8.82837194e-05,1
0.0001220703125,848,0.0068454789,0.00622675009,8.84179608e-05,1
0.0001220703125,849,0.00685445312,0.00623508636,8.855333e-05,1
0.0001220703125,850,0.00686310139,0.00624311808,8.8687455e-05,1
0.0001220703125,851,0.00687202811,0.00625140779,8.88227078e-05,1
0.0001220703125,852,0.00688075228,0.00625951309,8.89574876e-05,1
0.0001220703125,853,0.00688966271,0.00626779208,8.9093257e-05,1
0.0001220703125,854,0.00689836591,0.00627587875,8.9227382e-05,1
0.0001220703125,855,0.00690734573,0.00628421549,8.93640972e-05,1
0.0001220703125,856,0.00691604055,0.00629229564,8.949935e-05,1
0.0001220703125,857,0.00692493469,0.0063005616,8.96336787e-05,1
0.0001220703125,858,0.00693367701,0.00630867993,8.97694626e-05,1
0.0001220703125,859,0.00694261212,0.00631698221,8.99057995e-05,1
0.0001220703125,860,0.00695131533,0.00632507168,9.00403975e-05,1
0.0001220703125,861,0.00696024951,0.00633337582,9.01764288e-05,1
0.0001220703125,862,0.00696901139,0.00634152023,9.03122127e-05,1
0.0001220703125,863,0.00697789621,0.00634977594,9.04478802e-05,1
0.0001220703125,864,0.00698666833,0.00635792315,9.05835768e-05,1
0.0001220703125,865,0.00699559506,0.00636622077,9.07204376e-05,1
0.0001220703125,866,0.00700438488,0.00637438847,9.08564471e-05,1
0.0001220703125,867,0.00701327622,0.0063826493,9.09920636e-05,1
0.0001220703125,868,0.00702205254,0.00639081327,9.11282259e-05,1
0.0001220703125,869,0.00703093642,0.00639906805,9.12647374e-05,1
0.0001220703125,870,0.0070397635,0.006407273,9.1401409e-05,1
0.0001220703125,871,0.00704868324,0.00641556643,9.15382552e-05,1
0.0001220703125,872,0.00705752149,0.00642378256,9.16750432e-05,1
0.0001220703125,873,0.00706637464,0.00643200893,9.18117439e-05,1
0.0001220703125,874,0.00707523664,0.00644025113,9.19485756e-05,1
0.0001220703125,875,0.00708410144,0.00644848868,9.20853345e-05,1
0.0001220703125,876,0.00709298905,0.00645674858,9.22228064e-05,1
0.0001220703125,877,0.0071018301,0.00646497123,9.23594343e-05,1
0.0001220703125,878,0.00711074937,0.00647326279,9.24968772e-05,1
0.0001220703125,879,0.00711955968,0.0064814603,9.26341163e-05,1
0.0001220703125,880,0.00712854136,0.00648980681,9.27715591e-05,1
0.0001220703125,881,0.0071372902,0.00649794377,9.29081289e-05,1
0.0001220703125,882,0.00714633614,0.00650635082,9.30464739e-05,1
0.0001220703125,883,0.00715503376,0.00651444588,9.31835966e-05,1
0.0001220703125,884,0.00716401916,0.00652279612,9.33211631e-05,1
0.0001220703125,885,0.00717280712,0.00653096754,9.34585405e-05,1
0.0001220703125,886,0.00718177902,0.00653931033,9.35965072e-05,1
0.0001220703125,887,0.00719054602,0.00654746406,9.37333825e-05,1
0.0001220703125,888,0.00719951,0.00655581243,9.38719313e-05,1
0.0001220703125,889,0.00720832683,0.00656400481,9.40097962e-05,1
0.0001220703125,890,0.00721730106,0.00657235458,9.41484177e-05,1
0.0001220703125,891,0.00722610625,0.00658054044,9.42862825e-05,1
0.0001220703125,892,0.00723507814,0.00658888416,9.44244675e-05,1
0.0001220703125,893,0.00724393874,0.00659713103,9.45635329e-05,1
0.0001220703125,894,0.00725288969,0.00660545519,9.4701325e-05,1
0.0001220703125,895,0.0072617149,0.00661366247,9.48394445e-05,1
0.0001220703125,896,0.00727065746,0.00662198104,9.49788664e-05,1
0.0001220703125,897,0.00727956463,0.00663026981,9.51175025e-05,1
0.0001220703125,898,0.00728848483,0.00663857255,9.52561531e-05,1
0.0001220703125,899,0.0072973636,0.00664682873,9.53945564e-05,1
0.0001220703125,900,0.00730629265,0.00665513519,9.55340802e-05,1
0.0001220703125,901,0.00731523614,0.00666345563,9.56731601e-05,1
0.0001220703125,902,0.00732411537,0.00667172205,9.58118835e-05,1
0.0001220703125,903,0.00733308448,0.00668006577,9.59517929e-05,1
0.0001220703125,904,0.00734196417,0.0066883238,9.60902835e-05,1
0.0001220703125,905,0.00735099521,0.00669673178,9.62296181e-05,1
0.0001220703125,906,0.0073597515,0.00670488738,9.63687635e-05,1
0.0001220703125,907,0.00736879651,0.0067133056,9.65090876e-05,1
0.0001220703125,908,0.00737763848,0.00672153151,9.66481457e-05,1
0.0001220703125,909,0.00738667417,0.00672993856,9.67883534e-05,1
0.0001220703125,910,0.00739545329,0.00673811138,9.69271059e-05,1
0.0001220703125,911,0.00740448106,0.0067465147,9.70672263e-05,1
0.0001220703125,912,0.00741335005,0.00675476948,9.72069538e-05,1
0.0001220703125,913,0.00742236804,0.0067631593,9.73472634e-05,1
0.0001220703125,914,0.00743118953,0.00677137077,9.74868453e-05,1
0.0001220703125,915,0.00744022382,0.00677978527,9.76274314e-05,1
0.0001220703125,916,0.0074491119,0.00678805821,9.77671734e-05,1
0.0001220703125,917,0.00745808519,0.0067964131,9.79079414e-05,1
0.0001220703125,918,0.00746699143,0.00680470001,9.80481418e-05,1
0.0001220703125,919,0.00747599732,0.00681307912,9.81886405e-05,1
0.0001220703125,920,0.0074849152,0.00682138652,9.8329052e-05,1
0.0001220703125,921,0.00749386661,0.00682971813,9.84701182e-05,1
0.0001220703125,922,0.0075028073,0.00683804415,9.86104278e-05,1
0.0001220703125,923,0.00751178712,0.00684640324,9.87508538e-05,1
0.0001220703125,924,0.00752075948,0.00685475534,9.88921092e-05,1
0.0001220703125,925,0.00752965268,0.00686304178,9.90325716e-05,1
0.0001220703125,926,0.00753874425,0.00687150517,9.91742199e-05,1
0.0001220703125,927,0.00754759088,0.00687974598,9.93148278e-05,1
0.0001220703125,928,0.00755666103,0.00688819028,9.94571456e-05,1
0.0001220703125,929,0.00756552722,0.00689644739,9.95973242e-05,1
0.0001220703125,930,0.0075745862,0.00690488797,9.97390744e-05,1
0.0001220703125,931,0.00758345705,0.00691315252,9.98803298e-05,1
0.0001220703125,932,0.00759253418,0.00692161079,0.000100022553,1
0.0001220703125,933,0.00760139804,0.00692986045,0.000100163255,1
0.0001220703125,934,0.00761044538,0.00693829451,0.000100305115,1
0.0001220703125,935,0.00761938002,0.00694661587,0.000100447287,1
0.0001220703125,936,0.00762841851,0.00695503131,0.000100589066,1
0.0001220703125,937,0.00763734058,0.00696333637,0.000100730453,1
0.0001220703125,938,0.0076463907,0.0069717709,0.000100873498,1
0.0001220703125,939,0.0076553626,0.00698012346,0.000101016092,1
0.0001220703125,940,0.00766432285,0.00698847603,0.000101157493,1
0.0001220703125,941,0.00767332735,0.00699686585,0.00010129976,1
0.0001220703125,942,0.0076822862,0.00700520724,0.000101441721,1
0.0001220703125,943,0.00769135822,0.00701366831,0.000101584992,1
0.0001220703125,944,0.00770028494,0.00702198315,0.000101726677,1
0.0001220703125,945,0.00770940259,0.00703048334,0.000101869911,1
0.0001220703125,946,0.0077182604,0.00703873113,0.000102012229,1
0.0001220703125,947,0.00772738457,0.00704723783,0.000102154925,1
0.0001220703125,948,0.00773628522,0.00705552846,0.000102297839,1
0.0001220703125,949,0.00774537912,0.00706400443,0.0001024429,1
0.0001220703125,950,0.00775428768,0.00707230158,0.000102584687,1
0.0001220703125,951,0.00776340626,0.00708080642,0.000102728067,1
0.0001220703125,952,0.00777233485,0.00708912779,0.000102870559,1
0.0001220703125,953,0.00778139103,0.00709756184,0.000103015314,1
0.0001220703125,954,0.00779035175,0.00710591814,0.0001031582,1
0.0001220703125,955,0.00779939815,0.00711435173,0.000103301674,1
0.0001220703125,956,0.00780839566,0.00712274201,0.000103444509,1
0.0001220703125,957,0.00781743508,0.00713115977,0.000103588602,1
0.0001220703125,958,0.00782649405,0.00713959895,0.000103732098,1
0.0001220703125,959,0.00783547666,0.00714798085,0.000103876191,1
0.0001220703125,960,0.00784461014,0.00715649966,0.00010402059,1
0.0001220703125,961,0.00785353221,0.00716482103,0.000104164581,1
0.0001220703125,962,0.00786269363,0.00717335381,0.000104308623,1
0.0001220703125,963,0.00787157286,0.00718163885,0.000104451748,1
0.0001220703125,964,0.00788074639,0.00719018839,0.000104596867,1
0.0001220703125,965,0.00788966101,0.00719850231,0.000104739978,1
0.0001220703125,966,0.00789877027,0.00720698247,0.000104884377,1
0.0001220703125,967,0.00790777337,0.00721538253,0.000105029074,1
0.0001220703125,968,0.00791687705,0.00722387386,0.000105174789,1
0.0001220703125,969,0.00792586431,0.00723226042,0.000105318686,1
0.0001220703125,970,0.00793494657,0.00724072475,0.000105463689,1
0.0001220703125,971,0.00794396643,0.00724913599,0.00010560824,1
0.0001220703125,972,0.00795308128,0.00725763664,0.00010575373,1
0.0001220703125,973,0.00796212815,0.00726607442,0.000105898645,1
0.0001220703125,974,0.00797114149,0.00727448054,0.000106042884,1
0.0001220703125,975,0.0079802759,0.00728299376,0.000106189029,1
0.0001220703125,976,0.00798924174,0.00729136821,0.000106333464,1
0.0001220703125,977,0.00799845532,0.00729996059,0.000106479616,1
0.0001220703125,978,0.00800741091,0.0073083071,0.000106624575,1
0.0001220703125,979,0.00801656768,0.00731685944,0.000106770574,1
0.0001220703125,980,0.00802552234,0.00732520269,0.000106915715,1
0.0001220703125,981,0.00803464651,0.00733370846,0.000107060849,1
0.0001220703125,982,0.00804367382,0.0073421346,0.000107206106,1
0.0001220703125,983,0.0080527328,0.00735059567,0.00010735204,1
0.0001220703125,984,0.00806177221,0.00735902833,0.000107497013,1
0.0001220703125,985,0.00807091407,0.00736755133,0.000107643675,1
0.0001220703125,986,0.00808000565,0.00737603754,0.000107790365,1
0.0001220703125,987,0.00808904972,0.0073844716,0.000107935957,1
0.0001220703125,988,0.00809815899,0.00739297457,0.000108082248,1
0.0001220703125,989,0.00810720585,0.0074014198,0.000108228254,1
0.0001220703125,990,0.00811639987,0.00740999822,0.000108375236,1
0.0001220703125,991,0.00812538154,0.0074183722,0.000108521177,1
0.0001220703125,992,0.00813456997,0.00742694782,0.00010866794,1
0.0001220703125,993,0.00814352836,0.0074353097,0.000108813765,1
0.0001220703125,994,0.00815268978,0.00744386483,0.000108961176,1
0.0001220703125,995,0.00816174224,0.00745230913,0.000109108056,1
0.0001220703125,996,0.00817092322,0.00746087031,0.000109254877,1
0.0001220703125,997,0.00817995518,0.00746930437,0.000109400855,1
0.0001220703125,998,0.00818910077,0.00747784507,0.000109548491,1
0.0001220703125,999,0.00819818489,0.00748632476,0.00010969588,1
0.0001220703125,1000,0.00820728391,0.00749482308,0.000109843,1
0.0001220703125,1001,0.00821644627,0.00750337541,0.000109990593,1
0.0001220703125,1002,0.008225495,0.00751181785,0.000110137655,1
0.0001220703125,1003,0.00823474303,0.00752044842,0.000110285677,1
0.0001220703125,1004,0.00824373681,0.00752884522,0.0001104326,1
0.0001220703125,1005,0.00825295318,0.00753745483,0.000110580717,1
0.0001220703125,1006,0.00826198142,0.00754587865,0.000110728295,1
0.0001220703125,1007,0.00827117451,0.00755445985,0.000110876019,1
0.0001220703125,1008,0.00828023627,0.00756291253,0.000111023684,1
0.0001220703125,1009,0.00828942377,0.00757150073,0.000111171961,1
0.0001220703125,1010,0.00829848275,0.00757996272,0.00011131935,1
0.0001220703125,1011,0.00830764137,0.0075885132,0.000111467394,1
0.0001220703125,1012,0.00831676088,0.00759702828,0.000111615605,1
0.0001220703125,1013,0.00832588412,0.00760554709,0.000111764377,1
0.0001220703125,1014,0.00833505765,0.00761411898,0.000111912981,1
0.0001220703125,1015,0.0083441725,0.00762263127,0.000112060887,1
0.0001220703125,1016,0.00835338235,0.00763123203,0.00011220976,1
0.0001220703125,1017,0.00836240873,0.00763965631,0.000112357564,1
0.0001220703125,1018,0.00837164186,0.00764827244,0.000112507376,1
0.0001220703125,1019,0.00838066638,0.00765670277,0.000112654721,1
0.0001220703125,1020,0.00838988461,0.00766531751,0.000112803406,1
0.0001220703125,1021,0.00839897431,0.00767381582,0.000112952148,1
0.0001220703125,1022,0.00840818416,0.00768241566,0.000113102011,1
0.0001220703125,1023,0.00841730274,0.00769093446,0.000113251554,1
